# timestamp tx ty tz qx qy qz qw
1.715860747289697886e+09 -3.920044183731079102e+00 -6.764612674713134766e+00 -1.153589248657226562e+00 0.000000000000000000e+00 0.000000000000000000e+00 0.000000000000000000e+00 1.000000000000000000e+00
1.715860747341729164e+09 -3.920012474060058594e+00 -6.764629364013671875e+00 -1.153593420982360840e+00 0.000000000000000000e+00 0.000000000000000000e+00 0.000000000000000000e+00 1.000000000000000000e+00
1.715860747390633821e+09 -3.919978618621826172e+00 -6.764651775360107422e+00 -1.153587341308593750e+00 0.000000000000000000e+00 0.000000000000000000e+00 0.000000000000000000e+00 1.000000000000000000e+00
1.715860747491543293e+09 -3.919956684112548828e+00 -6.764673233032226562e+00 -1.153564333915710449e+00 0.000000000000000000e+00 0.000000000000000000e+00 0.000000000000000000e+00 1.000000000000000000e+00
1.715860747591516972e+09 -3.919924497604370117e+00 -6.764693260192871094e+00 -1.153560996055603027e+00 0.000000000000000000e+00 0.000000000000000000e+00 0.000000000000000000e+00 1.000000000000000000e+00
1.715860747642539501e+09 -3.919994354248046875e+00 -6.764636516571044922e+00 -1.153602957725524902e+00 0.000000000000000000e+00 0.000000000000000000e+00 0.000000000000000000e+00 1.000000000000000000e+00
1.715860747694334269e+09 -3.919983386993408203e+00 -6.764648914337158203e+00 -1.153586626052856445e+00 0.000000000000000000e+00 0.000000000000000000e+00 0.000000000000000000e+00 1.000000000000000000e+00
1.715860747743670464e+09 -3.920038223266601562e+00 -6.764602661132812500e+00 -1.153623700141906738e+00 0.000000000000000000e+00 0.000000000000000000e+00 0.000000000000000000e+00 1.000000000000000000e+00
1.715860747792598009e+09 -3.920072078704833984e+00 -6.764584064483642578e+00 -1.153621673583984375e+00 0.000000000000000000e+00 0.000000000000000000e+00 0.000000000000000000e+00 1.000000000000000000e+00
1.715860747893776894e+09 -3.920048952102661133e+00 -6.764624595642089844e+00 -1.153552412986755371e+00 0.000000000000000000e+00 0.000000000000000000e+00 0.000000000000000000e+00 1.000000000000000000e+00
1.715860747944388390e+09 -3.920014142990111861e+00 -6.764631271362304688e+00 -1.153586268424987793e+00 0.000000000000000000e+00 0.000000000000000000e+00 0.000000000000000000e+00 1.000000000000000000e+00
1.715860747993977785e+09 -3.919984340667724609e+00 -6.764662742614746094e+00 -1.153549551963806152e+00 0.000000000000000000e+00 0.000000000000000000e+00 0.000000000000000000e+00 1.000000000000000000e+00
1.715860748095244646e+09 -3.920120239257812944e+00 -6.764590740203857422e+00 -1.153532981872558594e+00 0.000000000000000000e+00 0.000000000000000000e+00 0.000000000000000000e+00 1.000000000000000000e+00
1.715860748145994663e+09 -3.920042753219604936e+00 -6.764612197875976562e+00 -1.153592586517333984e+00 0.000000000000000000e+00 0.000000000000000000e+00 0.000000000000000000e+00 1.000000000000000000e+00
1.715860748195542812e+09 -3.920016050338745117e+00 -6.764627933502197266e+00 -1.153591871261596902e+00 0.000000000000000000e+00 0.000000000000000000e+00 0.000000000000000000e+00 1.000000000000000000e+00
1.715860748296364784e+09 -3.920099020004272905e+00 -6.764569759368896484e+00 -1.153618097305298074e+00 0.000000000000000000e+00 0.000000000000000000e+00 0.000000000000000000e+00 1.000000000000000000e+00
1.715860748348270893e+09 -3.920073747634888139e+00 -6.764583110809326172e+00 -1.153620839118957520e+00 0.000000000000000000e+00 0.000000000000000000e+00 0.000000000000000000e+00 1.000000000000000000e+00
1.715860748397240877e+09 -3.920105218887329102e+00 -6.764559745788574219e+00 -1.153634667396545410e+00 0.000000000000000000e+00 0.000000000000000000e+00 0.000000000000000000e+00 1.000000000000000000e+00
1.715860748497744322e+09 -3.920082569122314453e+00 -6.764601230621337891e+00 -1.153562188148498313e+00 0.000000000000000000e+00 0.000000000000000000e+00 0.000000000000000000e+00 1.000000000000000000e+00
1.715860748549904346e+09 -3.920114040374755859e+00 -6.764577388763427734e+00 -1.153576135635375977e+00 0.000000000000000000e+00 0.000000000000000000e+00 0.000000000000000000e+00 1.000000000000000000e+00
1.715860748597868681e+09 -3.920018911361694336e+00 -6.764660835266113281e+00 -1.153503894805908203e+00 0.000000000000000000e+00 0.000000000000000000e+00 0.000000000000000000e+00 1.000000000000000000e+00
1.715860748649372339e+09 -3.920057058334351030e+00 -6.764616966247558594e+00 -1.153558969497680886e+00 0.000000000000000000e+00 0.000000000000000000e+00 0.000000000000000000e+00 1.000000000000000000e+00
1.715860748752429485e+09 -3.920073509216308594e+00 -6.764586925506591797e+00 -1.153612017631530762e+00 0.000000000000000000e+00 0.000000000000000000e+00 0.000000000000000000e+00 1.000000000000000000e+00
1.715860748799331903e+09 -3.920064926147460938e+00 -6.764648437500000000e+00 -1.153466582298278809e+00 0.000000000000000000e+00 0.000000000000000000e+00 0.000000000000000000e+00 1.000000000000000000e+00
1.715860748851169348e+09 -3.920067548751831055e+00 -6.764655113220214844e+00 -1.153445959091186301e+00 0.000000000000000000e+00 0.000000000000000000e+00 0.000000000000000000e+00 1.000000000000000000e+00
1.715860748900820971e+09 -3.920095443725585938e+00 -6.764587402343750000e+00 -1.153578162193298340e+00 0.000000000000000000e+00 0.000000000000000000e+00 0.000000000000000000e+00 1.000000000000000000e+00
1.715860749001362801e+09 -3.920104026794433594e+00 -6.764615058898925781e+00 -1.153494119644165039e+00 0.000000000000000000e+00 0.000000000000000000e+00 0.000000000000000000e+00 1.000000000000000000e+00
1.715860749058631897e+09 -3.920138835906982422e+00 -6.764610767364501953e+00 -1.153453588485717773e+00 0.000000000000000000e+00 0.000000000000000000e+00 0.000000000000000000e+00 1.000000000000000000e+00
1.715860749103118181e+09 -3.920159578323363814e+00 -6.764577388763427734e+00 -1.153508901596069114e+00 0.000000000000000000e+00 0.000000000000000000e+00 0.000000000000000000e+00 1.000000000000000000e+00
1.715860749203262091e+09 -3.920065164566040039e+00 -6.764630317687988281e+00 -1.153512835502624290e+00 0.000000000000000000e+00 0.000000000000000000e+00 0.000000000000000000e+00 1.000000000000000000e+00
1.715860749302399158e+09 -3.920109748840332031e+00 -6.764605045318604404e+00 -1.153511762619018555e+00 0.000000000000000000e+00 0.000000000000000000e+00 0.000000000000000000e+00 1.000000000000000000e+00
1.715860749354846478e+09 -3.920124530792235884e+00 -6.764606475830078125e+00 -1.153486132621765137e+00 0.000000000000000000e+00 0.000000000000000000e+00 0.000000000000000000e+00 1.000000000000000000e+00
1.715860749454091787e+09 -3.919994115829468218e+00 -6.764645099639892578e+00 -1.153581023216247559e+00 0.000000000000000000e+00 0.000000000000000000e+00 0.000000000000000000e+00 1.000000000000000000e+00
1.715860749504266024e+09 -3.919908285140991211e+00 -6.764688014984130859e+00 -1.153598904609680176e+00 0.000000000000000000e+00 0.000000000000000000e+00 0.000000000000000000e+00 1.000000000000000000e+00
1.715860749554954767e+09 -3.919962167739868164e+00 -6.764656066894531250e+00 -1.153599858283996582e+00 0.000000000000000000e+00 0.000000000000000000e+00 0.000000000000000000e+00 1.000000000000000000e+00
1.715860749655001402e+09 -3.920070648193359819e+00 -6.764637470245361328e+00 -1.153486847877502441e+00 0.000000000000000000e+00 0.000000000000000000e+00 0.000000000000000000e+00 1.000000000000000000e+00
1.715860749706619740e+09 -3.920126199722290039e+00 -6.764602661132812500e+00 -1.153492927551269531e+00 0.000000000000000000e+00 0.000000000000000000e+00 0.000000000000000000e+00 1.000000000000000000e+00
1.715860749756454229e+09 -3.920032978057860884e+00 -6.764639377593994141e+00 -1.153537273406982422e+00 0.000000000000000000e+00 0.000000000000000000e+00 0.000000000000000000e+00 1.000000000000000000e+00
1.715860749807010889e+09 -3.920139789581298828e+00 -6.764565467834472656e+00 -1.153568625450134499e+00 0.000000000000000000e+00 0.000000000000000000e+00 0.000000000000000000e+00 1.000000000000000000e+00
1.715860749856857777e+09 -3.920066118240356889e+00 -6.764639854431152344e+00 -1.153487563133239524e+00 0.000000000000000000e+00 0.000000000000000000e+00 0.000000000000000000e+00 1.000000000000000000e+00
1.715860749958077908e+09 -3.920046091079711914e+00 -6.764632225036621094e+00 -1.153536915779113770e+00 0.000000000000000000e+00 0.000000000000000000e+00 0.000000000000000000e+00 1.000000000000000000e+00
1.715860750007427692e+09 -3.920122623443603960e+00 -6.764594078063964844e+00 -1.153520345687866211e+00 0.000000000000000000e+00 0.000000000000000000e+00 0.000000000000000000e+00 1.000000000000000000e+00
1.715860750058678627e+09 -3.920104503631591797e+00 -6.764617919921875000e+00 -1.153486490249633789e+00 0.000000000000000000e+00 0.000000000000000000e+00 0.000000000000000000e+00 1.000000000000000000e+00
1.715860750159207821e+09 -3.920155286788940874e+00 -6.764590263366699219e+00 -1.153482079505920410e+00 0.000000000000000000e+00 0.000000000000000000e+00 0.000000000000000000e+00 1.000000000000000000e+00
1.715860750209527254e+09 -3.920057058334351030e+00 -6.764633655548095703e+00 -1.153517007827758789e+00 0.000000000000000000e+00 0.000000000000000000e+00 0.000000000000000000e+00 1.000000000000000000e+00
1.715860750259265900e+09 -3.920063734054564986e+00 -6.764600276947021484e+00 -1.153592348098754883e+00 0.000000000000000000e+00 0.000000000000000000e+00 0.000000000000000000e+00 1.000000000000000000e+00
1.715860750361462593e+09 -3.920055389404296875e+00 -6.764631271362304688e+00 -1.153525590896606445e+00 0.000000000000000000e+00 0.000000000000000000e+00 0.000000000000000000e+00 1.000000000000000000e+00
1.715860750410802841e+09 -3.920140027999877930e+00 -6.764565944671630859e+00 -1.153567433357238770e+00 0.000000000000000000e+00 0.000000000000000000e+00 0.000000000000000000e+00 1.000000000000000000e+00
1.715860750461537361e+09 -3.920122385025023970e+00 -6.764578342437744141e+00 -1.153561592102050781e+00 0.000000000000000000e+00 0.000000000000000000e+00 0.000000000000000000e+00 1.000000000000000000e+00
1.715860750511760473e+09 -3.920096635818481445e+00 -6.764601230621337891e+00 -1.153540372848510742e+00 0.000000000000000000e+00 0.000000000000000000e+00 0.000000000000000000e+00 1.000000000000000000e+00
1.715860750562283993e+09 -3.920051813125609463e+00 -6.764621734619140625e+00 -1.153554677963256836e+00 0.000000000000000000e+00 0.000000000000000000e+00 0.000000000000000000e+00 1.000000000000000000e+00
1.715860750615094900e+09 -3.920025587081909180e+00 -6.764637947082520419e+00 -1.153552412986755371e+00 0.000000000000000000e+00 0.000000000000000000e+00 0.000000000000000000e+00 1.000000000000000000e+00
1.715860750662564278e+09 -3.920006036758422852e+00 -6.764619350433349609e+00 -1.153628706932068093e+00 0.000000000000000000e+00 0.000000000000000000e+00 0.000000000000000000e+00 1.000000000000000000e+00
1.715860750713113785e+09 -3.919999122619628906e+00 -6.764626502990722656e+00 -1.153621792793273926e+00 0.000000000000000000e+00 0.000000000000000000e+00 0.000000000000000000e+00 1.000000000000000000e+00
1.715860750762968540e+09 -3.920022726058959961e+00 -6.764625072479248047e+00 -1.153589248657226562e+00 0.000000000000000000e+00 0.000000000000000000e+00 0.000000000000000000e+00 1.000000000000000000e+00
1.715860750813975334e+09 -3.920099020004272905e+00 -6.764575481414794922e+00 -1.153603553771972878e+00 0.000000000000000000e+00 0.000000000000000000e+00 0.000000000000000000e+00 1.000000000000000000e+00
1.715860750915618896e+09 -3.920029163360596147e+00 -6.764653205871582031e+00 -1.153507351875305176e+00 0.000000000000000000e+00 0.000000000000000000e+00 0.000000000000000000e+00 1.000000000000000000e+00
1.715860750964830399e+09 -3.920053005218505859e+00 -6.764648437500000000e+00 -1.153484821319580078e+00 0.000000000000000000e+00 0.000000000000000000e+00 0.000000000000000000e+00 1.000000000000000000e+00
1.715860751016377687e+09 -3.920059442520141602e+00 -6.764636993408203125e+00 -1.153504967689514160e+00 0.000000000000000000e+00 0.000000000000000000e+00 0.000000000000000000e+00 1.000000000000000000e+00
1.715860751115335464e+09 -3.920037031173706055e+00 -6.764642715454101562e+00 -1.153523087501526101e+00 0.000000000000000000e+00 0.000000000000000000e+00 0.000000000000000000e+00 1.000000000000000000e+00
1.715860751165650606e+09 -3.920094490051269531e+00 -6.764614105224609375e+00 -1.153510689735412598e+00 0.000000000000000000e+00 0.000000000000000000e+00 0.000000000000000000e+00 1.000000000000000000e+00
1.715860751218883753e+09 -3.920062541961669922e+00 -6.764635086059570312e+00 -1.153504490852355957e+00 0.000000000000000000e+00 0.000000000000000000e+00 0.000000000000000000e+00 1.000000000000000000e+00
1.715860751317613602e+09 -3.919988632202148882e+00 -6.764661312103272373e+00 -1.153547883033752441e+00 0.000000000000000000e+00 0.000000000000000000e+00 0.000000000000000000e+00 1.000000000000000000e+00
1.715860751368556023e+09 -3.920014858245849609e+00 -6.764635562896728516e+00 -1.153574705123901367e+00 0.000000000000000000e+00 0.000000000000000000e+00 0.000000000000000000e+00 1.000000000000000000e+00
1.715860751417256117e+09 -3.919989824295043945e+00 -6.764641284942626953e+00 -1.153597235679626465e+00 0.000000000000000000e+00 0.000000000000000000e+00 0.000000000000000000e+00 1.000000000000000000e+00
1.715860751467984438e+09 -3.920027256011962891e+00 -6.764659881591796875e+00 -1.153493642807006836e+00 0.000000000000000000e+00 0.000000000000000000e+00 0.000000000000000000e+00 1.000000000000000000e+00
1.715860751517405510e+09 -3.920003652572631836e+00 -6.764650344848632812e+00 -1.153552889823913574e+00 0.000000000000000000e+00 0.000000000000000000e+00 0.000000000000000000e+00 1.000000000000000000e+00
1.715860751568065882e+09 -3.920086145401000977e+00 -6.764617443084716797e+00 -1.153514623641967773e+00 0.000000000000000000e+00 0.000000000000000000e+00 0.000000000000000000e+00 1.000000000000000000e+00
1.715860751670186281e+09 -3.920034646987915039e+00 -6.764650821685791016e+00 -1.153505206108093262e+00 0.000000000000000000e+00 0.000000000000000000e+00 0.000000000000000000e+00 1.000000000000000000e+00
1.715860751718940973e+09 -3.920030832290649414e+00 -6.764655590057373047e+00 -1.153499364852905273e+00 0.000000000000000000e+00 0.000000000000000000e+00 0.000000000000000000e+00 1.000000000000000000e+00
1.715860751768799067e+09 -3.920006513595581055e+00 -6.764671802520751953e+00 -1.153493165969848633e+00 0.000000000000000000e+00 0.000000000000000000e+00 0.000000000000000000e+00 1.000000000000000000e+00
1.715860751869734287e+09 -3.920021533966064897e+00 -6.764659881591796875e+00 -1.153501749038696289e+00 0.000000000000000000e+00 0.000000000000000000e+00 0.000000000000000000e+00 1.000000000000000000e+00
1.715860751922660112e+09 -3.920053243637084961e+00 -6.764624595642089844e+00 -1.153545498847961426e+00 0.000000000000000000e+00 0.000000000000000000e+00 0.000000000000000000e+00 1.000000000000000000e+00
1.715860751972348452e+09 -3.920086145401000977e+00 -6.764630794525146484e+00 -1.153480529785156250e+00 0.000000000000000000e+00 0.000000000000000000e+00 0.000000000000000000e+00 1.000000000000000000e+00
1.715860752072196007e+09 -3.920062541961669922e+00 -6.764643669128417969e+00 -1.153482437133789062e+00 0.000000000000000000e+00 0.000000000000000000e+00 0.000000000000000000e+00 1.000000000000000000e+00
1.715860752121347666e+09 -3.920011758804320845e+00 -6.764657974243164062e+00 -1.153521895408630371e+00 0.000000000000000000e+00 0.000000000000000000e+00 0.000000000000000000e+00 1.000000000000000000e+00
1.715860752176422358e+09 -3.920018434524536133e+00 -6.764664173126220703e+00 -1.153495192527770996e+00 0.000000000000000000e+00 0.000000000000000000e+00 0.000000000000000000e+00 1.000000000000000000e+00
1.715860752222756386e+09 -3.920006513595581055e+00 -6.764663696289063388e+00 -1.153514266014099121e+00 0.000000000000000000e+00 0.000000000000000000e+00 0.000000000000000000e+00 1.000000000000000000e+00
1.715860752273973227e+09 -3.920027971267700195e+00 -6.764665126800537109e+00 -1.153479337692260742e+00 0.000000000000000000e+00 0.000000000000000000e+00 0.000000000000000000e+00 1.000000000000000000e+00
1.715860752324295282e+09 -3.920042514801025391e+00 -6.764636039733886719e+00 -1.153532505035400391e+00 0.000000000000000000e+00 0.000000000000000000e+00 0.000000000000000000e+00 1.000000000000000000e+00
1.715860752373857260e+09 -3.920058727264403853e+00 -6.764634609222412109e+00 -1.153512120246887207e+00 0.000000000000000000e+00 0.000000000000000000e+00 0.000000000000000000e+00 1.000000000000000000e+00
1.715860752423088789e+09 -3.919993162155151811e+00 -6.764660358428955078e+00 -1.153542757034301758e+00 0.000000000000000000e+00 0.000000000000000000e+00 0.000000000000000000e+00 1.000000000000000000e+00
1.715860752475583792e+09 -3.920003414154052734e+00 -6.764643192291259766e+00 -1.153571724891662598e+00 0.000000000000000000e+00 0.000000000000000000e+00 0.000000000000000000e+00 1.000000000000000000e+00
1.715860752525323868e+09 -3.920011758804320845e+00 -6.764634132385253906e+00 -1.153582692146301270e+00 0.000000000000000000e+00 0.000000000000000000e+00 0.000000000000000000e+00 1.000000000000000000e+00
1.715860752625165462e+09 -3.920039176940917969e+00 -6.764637470245361328e+00 -1.153532743453979492e+00 0.000000000000000000e+00 0.000000000000000000e+00 0.000000000000000000e+00 1.000000000000000000e+00
1.715860752678326607e+09 -3.920000791549682617e+00 -6.764662742614746094e+00 -1.153524994850158691e+00 0.000000000000000000e+00 0.000000000000000000e+00 0.000000000000000000e+00 1.000000000000000000e+00
1.715860752724734545e+09 -3.920061111450195312e+00 -6.764604568481445312e+00 -1.153584957122802734e+00 0.000000000000000000e+00 0.000000000000000000e+00 0.000000000000000000e+00 1.000000000000000000e+00
1.715860752775049686e+09 -3.920019626617432085e+00 -6.764670372009277344e+00 -1.153477668762207031e+00 0.000000000000000000e+00 0.000000000000000000e+00 0.000000000000000000e+00 1.000000000000000000e+00
1.715860752877113104e+09 -3.920009851455688921e+00 -6.764664649963378906e+00 -1.153506994247436301e+00 0.000000000000000000e+00 0.000000000000000000e+00 0.000000000000000000e+00 1.000000000000000000e+00
1.715860752926672459e+09 -3.919995784759521484e+00 -6.764665126800537109e+00 -1.153526544570922852e+00 0.000000000000000000e+00 0.000000000000000000e+00 0.000000000000000000e+00 1.000000000000000000e+00
1.715860753026692867e+09 -3.920092821121215820e+00 -6.764618873596191406e+00 -1.153501272201538086e+00 0.000000000000000000e+00 0.000000000000000000e+00 0.000000000000000000e+00 1.000000000000000000e+00
1.715860753077493906e+09 -3.920098781585692915e+00 -6.764603614807128906e+00 -1.153531670570373535e+00 0.000000000000000000e+00 0.000000000000000000e+00 0.000000000000000000e+00 1.000000000000000000e+00
1.715860753179350376e+09 -3.920126914978027344e+00 -6.764581680297851562e+00 -1.153545618057250977e+00 0.000000000000000000e+00 0.000000000000000000e+00 0.000000000000000000e+00 1.000000000000000000e+00
1.715860753229903221e+09 -3.920049428939819336e+00 -6.764623165130615234e+00 -1.153554201126098633e+00 0.000000000000000000e+00 0.000000000000000000e+00 0.000000000000000000e+00 1.000000000000000000e+00
1.715860753279164076e+09 -3.920033216476439986e+00 -6.764599323272705078e+00 -1.153640389442443848e+00 0.000000000000000000e+00 0.000000000000000000e+00 0.000000000000000000e+00 1.000000000000000000e+00
1.715860753329523802e+09 -3.920074224472045898e+00 -6.764589309692382812e+00 -1.153604149818420410e+00 0.000000000000000000e+00 0.000000000000000000e+00 0.000000000000000000e+00 1.000000000000000000e+00
1.715860753379789591e+09 -3.920077085494995117e+00 -6.764595508575440341e+00 -1.153584957122802734e+00 0.000000000000000000e+00 0.000000000000000000e+00 0.000000000000000000e+00 1.000000000000000000e+00
1.715860753429848671e+09 -3.920103549957275391e+00 -6.764593601226806641e+00 -1.153549432754516602e+00 0.000000000000000000e+00 0.000000000000000000e+00 0.000000000000000000e+00 1.000000000000000000e+00
1.715860753479821920e+09 -3.920025825500487837e+00 -6.764645099639892578e+00 -1.153532981872558594e+00 0.000000000000000000e+00 0.000000000000000000e+00 0.000000000000000000e+00 1.000000000000000000e+00
1.715860753531028748e+09 -3.920021057128905806e+00 -6.764630794525146484e+00 -1.153578162193298340e+00 0.000000000000000000e+00 0.000000000000000000e+00 0.000000000000000000e+00 1.000000000000000000e+00
1.715860753581724644e+09 -3.920072555541992188e+00 -6.764600753784179688e+00 -1.153578281402587891e+00 0.000000000000000000e+00 0.000000000000000000e+00 0.000000000000000000e+00 1.000000000000000000e+00
1.715860753631545544e+09 -3.920049905776977539e+00 -6.764626502990722656e+00 -1.153545260429382324e+00 0.000000000000000000e+00 0.000000000000000000e+00 0.000000000000000000e+00 1.000000000000000000e+00
1.715860753682703257e+09 -3.920035123825072798e+00 -6.764596939086914062e+00 -1.153643488883972168e+00 0.000000000000000000e+00 0.000000000000000000e+00 0.000000000000000000e+00 1.000000000000000000e+00
1.715860753781649828e+09 -3.919997692108153409e+00 -6.764633178710937500e+00 -1.153606534004211426e+00 0.000000000000000000e+00 0.000000000000000000e+00 0.000000000000000000e+00 1.000000000000000000e+00
1.715860753833289385e+09 -3.920082569122314453e+00 -6.764622688293457031e+00 -1.153506994247436301e+00 0.000000000000000000e+00 0.000000000000000000e+00 0.000000000000000000e+00 1.000000000000000000e+00
1.715860753933112383e+09 -3.919978141784667969e+00 -6.764684200286865234e+00 -1.153504371643066406e+00 0.000000000000000000e+00 0.000000000000000000e+00 0.000000000000000000e+00 1.000000000000000000e+00
1.715860753983428001e+09 -3.919978141784667969e+00 -6.764660358428955078e+00 -1.153565526008605957e+00 0.000000000000000000e+00 0.000000000000000000e+00 0.000000000000000000e+00 1.000000000000000000e+00
1.715860754033477783e+09 -3.919996976852416992e+00 -6.764648437500000000e+00 -1.153567910194396973e+00 0.000000000000000000e+00 0.000000000000000000e+00 0.000000000000000000e+00 1.000000000000000000e+00
1.715860754133838654e+09 -3.920015096664428711e+00 -6.764647006988525391e+00 -1.153544783592223899e+00 0.000000000000000000e+00 0.000000000000000000e+00 0.000000000000000000e+00 1.000000000000000000e+00
1.715860754185143709e+09 -3.919997453689575195e+00 -6.764650821685791016e+00 -1.153560876846313699e+00 0.000000000000000000e+00 0.000000000000000000e+00 0.000000000000000000e+00 1.000000000000000000e+00
1.715860754284338474e+09 -3.919980525970458984e+00 -6.764652729034423828e+00 -1.153581619262695090e+00 0.000000000000000000e+00 0.000000000000000000e+00 0.000000000000000000e+00 1.000000000000000000e+00
1.715860754334990025e+09 -3.920035839080810547e+00 -6.764621257781982422e+00 -1.153580307960510476e+00 0.000000000000000000e+00 0.000000000000000000e+00 0.000000000000000000e+00 1.000000000000000000e+00
1.715860754385072470e+09 -3.919961690902709961e+00 -6.764682292938232422e+00 -1.153532981872558594e+00 0.000000000000000000e+00 0.000000000000000000e+00 0.000000000000000000e+00 1.000000000000000000e+00
1.715860754485850096e+09 -3.919984817504882812e+00 -6.764678478240966797e+00 -1.153508901596069114e+00 0.000000000000000000e+00 0.000000000000000000e+00 0.000000000000000000e+00 1.000000000000000000e+00
1.715860754586383343e+09 -3.919955253601074219e+00 -6.764675140380859375e+00 -1.153560757637023926e+00 0.000000000000000000e+00 0.000000000000000000e+00 0.000000000000000000e+00 1.000000000000000000e+00
1.715860754635817528e+09 -3.919975042343140093e+00 -6.764660835266113281e+00 -1.153568267822265625e+00 0.000000000000000000e+00 0.000000000000000000e+00 0.000000000000000000e+00 1.000000000000000000e+00
1.715860754887252569e+09 -3.919978857040404829e+00 -6.764673233032226562e+00 -1.153531193733215110e+00 0.000000000000000000e+00 0.000000000000000000e+00 0.000000000000000000e+00 1.000000000000000000e+00
1.715860754938400984e+09 -3.920028686523437500e+00 -6.764634609222412109e+00 -1.153556466102600098e+00 0.000000000000000000e+00 0.000000000000000000e+00 0.000000000000000000e+00 1.000000000000000000e+00
1.715860755039428949e+09 -3.920058488845825195e+00 -6.764650821685791016e+00 -1.153470754623413086e+00 0.000000000000000000e+00 0.000000000000000000e+00 0.000000000000000000e+00 1.000000000000000000e+00
1.715860755089017868e+09 -3.919975042343140093e+00 -6.764688014984130859e+00 -1.153498649597167969e+00 0.000000000000000000e+00 0.000000000000000000e+00 0.000000000000000000e+00 1.000000000000000000e+00
1.715860755140864611e+09 -3.919937849044799805e+00 -6.764704704284667969e+00 -1.153511643409729004e+00 0.000000000000000000e+00 0.000000000000000000e+00 0.000000000000000000e+00 1.000000000000000000e+00
1.715860755189875603e+09 -3.920003652572631836e+00 -6.764655590057373047e+00 -1.153540134429931641e+00 0.000000000000000000e+00 0.000000000000000000e+00 0.000000000000000000e+00 1.000000000000000000e+00
1.715860755240921974e+09 -3.920014142990111861e+00 -6.764654636383056641e+00 -1.153526425361633301e+00 0.000000000000000000e+00 0.000000000000000000e+00 0.000000000000000000e+00 1.000000000000000000e+00
1.715860755341277122e+09 -3.920041799545288086e+00 -6.764657020568847656e+00 -1.153479814529418945e+00 0.000000000000000000e+00 0.000000000000000000e+00 0.000000000000000000e+00 1.000000000000000000e+00
1.715860755443622828e+09 -3.920009136199951172e+00 -6.764646053314208984e+00 -1.153556585311889648e+00 0.000000000000000000e+00 0.000000000000000000e+00 0.000000000000000000e+00 1.000000000000000000e+00
1.715860755491120577e+09 -3.919988393783568892e+00 -6.764650821685791016e+00 -1.153574466705322488e+00 0.000000000000000000e+00 0.000000000000000000e+00 0.000000000000000000e+00 1.000000000000000000e+00
1.715860755591188669e+09 -3.920042753219604936e+00 -6.764625549316406250e+00 -1.153558015823364480e+00 0.000000000000000000e+00 0.000000000000000000e+00 0.000000000000000000e+00 1.000000000000000000e+00
1.715860755643026829e+09 -3.920022964477539062e+00 -6.764643669128417969e+00 -1.153541564941406250e+00 0.000000000000000000e+00 0.000000000000000000e+00 0.000000000000000000e+00 1.000000000000000000e+00
1.715860755691938162e+09 -3.920049428939819336e+00 -6.764610767364501953e+00 -1.153586268424987793e+00 0.000000000000000000e+00 0.000000000000000000e+00 0.000000000000000000e+00 1.000000000000000000e+00
1.715860755743243694e+09 -3.920025110244750977e+00 -6.764654159545898438e+00 -1.153512120246887207e+00 0.000000000000000000e+00 0.000000000000000000e+00 0.000000000000000000e+00 1.000000000000000000e+00
1.715860755793233633e+09 -3.920077085494995117e+00 -6.764633655548095703e+00 -1.153486371040344238e+00 0.000000000000000000e+00 0.000000000000000000e+00 0.000000000000000000e+00 1.000000000000000000e+00
1.715860755844255686e+09 -3.919998645782471147e+00 -6.764678001403808594e+00 -1.153489470481872559e+00 0.000000000000000000e+00 0.000000000000000000e+00 0.000000000000000000e+00 1.000000000000000000e+00
1.715860755943748713e+09 -3.919990539550780806e+00 -6.764668941497802734e+00 -1.153524637222290039e+00 0.000000000000000000e+00 0.000000000000000000e+00 0.000000000000000000e+00 1.000000000000000000e+00
1.715860755994459391e+09 -3.920011281967163086e+00 -6.764639377593994141e+00 -1.153570175170898438e+00 0.000000000000000000e+00 0.000000000000000000e+00 0.000000000000000000e+00 1.000000000000000000e+00
1.715860756045230865e+09 -3.920073747634888139e+00 -6.764614582061767578e+00 -1.153540968894958496e+00 0.000000000000000000e+00 0.000000000000000000e+00 0.000000000000000000e+00 1.000000000000000000e+00
1.715860756145164490e+09 -3.920062303543090820e+00 -6.764639377593994141e+00 -1.153494000434875710e+00 0.000000000000000000e+00 0.000000000000000000e+00 0.000000000000000000e+00 1.000000000000000000e+00
1.715860756196146727e+09 -3.920035362243651900e+00 -6.764632701873779297e+00 -1.153551816940307617e+00 0.000000000000000000e+00 0.000000000000000000e+00 0.000000000000000000e+00 1.000000000000000000e+00
1.715860756246251345e+09 -3.920027494430541992e+00 -6.764645576477050781e+00 -1.153530478477478027e+00 0.000000000000000000e+00 0.000000000000000000e+00 0.000000000000000000e+00 1.000000000000000000e+00
1.715860756346251249e+09 -3.920028448104857510e+00 -6.764621734619140625e+00 -1.153589606285095215e+00 0.000000000000000000e+00 0.000000000000000000e+00 0.000000000000000000e+00 1.000000000000000000e+00
1.715860756396686077e+09 -3.920076608657836914e+00 -6.764592647552490234e+00 -1.153592705726623535e+00 0.000000000000000000e+00 0.000000000000000000e+00 0.000000000000000000e+00 1.000000000000000000e+00
1.715860756448724747e+09 -3.920078754425048828e+00 -6.764594078063964844e+00 -1.153585314750671387e+00 0.000000000000000000e+00 0.000000000000000000e+00 0.000000000000000000e+00 1.000000000000000000e+00
1.715860756499145031e+09 -3.920046567916870117e+00 -6.764617443084716797e+00 -1.153573393821716309e+00 0.000000000000000000e+00 0.000000000000000000e+00 0.000000000000000000e+00 1.000000000000000000e+00
1.715860756548705816e+09 -3.920051097869873047e+00 -6.764622688293457031e+00 -1.153553962707519531e+00 0.000000000000000000e+00 0.000000000000000000e+00 0.000000000000000000e+00 1.000000000000000000e+00
1.715860756651851892e+09 -3.920046091079711914e+00 -6.764628410339356357e+00 -1.153545737266540305e+00 0.000000000000000000e+00 0.000000000000000000e+00 0.000000000000000000e+00 1.000000000000000000e+00
1.715860756699510336e+09 -3.920030832290649414e+00 -6.764605522155761719e+00 -1.153627991676330566e+00 0.000000000000000000e+00 0.000000000000000000e+00 0.000000000000000000e+00 1.000000000000000000e+00
1.715860756799913645e+09 -3.920008897781372070e+00 -6.764601230621337891e+00 -1.153671145439147949e+00 0.000000000000000000e+00 0.000000000000000000e+00 0.000000000000000000e+00 1.000000000000000000e+00
1.715860756851706982e+09 -3.920042514801025391e+00 -6.764625072479248047e+00 -1.153559923171997070e+00 0.000000000000000000e+00 0.000000000000000000e+00 0.000000000000000000e+00 1.000000000000000000e+00
1.715860756899921179e+09 -3.920073509216308594e+00 -6.764635562896728516e+00 -1.153487443923950195e+00 0.000000000000000000e+00 0.000000000000000000e+00 0.000000000000000000e+00 1.000000000000000000e+00
1.715860756951949596e+09 -3.920101881027221680e+00 -6.764640808105468750e+00 -1.153431534767150879e+00 0.000000000000000000e+00 0.000000000000000000e+00 0.000000000000000000e+00 1.000000000000000000e+00
1.715860757053108454e+09 -3.920091152191162109e+00 -6.764624118804931641e+00 -1.153489947319030762e+00 0.000000000000000000e+00 0.000000000000000000e+00 0.000000000000000000e+00 1.000000000000000000e+00
1.715860757102043867e+09 -3.920079469680786133e+00 -6.764597892761231357e+00 -1.153574943542480469e+00 0.000000000000000000e+00 0.000000000000000000e+00 0.000000000000000000e+00 1.000000000000000000e+00
1.715860757153337955e+09 -3.920075893402100053e+00 -6.764650821685791016e+00 -1.153444290161132812e+00 0.000000000000000000e+00 0.000000000000000000e+00 0.000000000000000000e+00 1.000000000000000000e+00
1.715860757253546476e+09 -3.920062780380249023e+00 -6.764650344848632812e+00 -1.153464674949645996e+00 0.000000000000000000e+00 0.000000000000000000e+00 0.000000000000000000e+00 1.000000000000000000e+00
1.715860757304186583e+09 -3.920031785964965820e+00 -6.764649391174316406e+00 -1.153513312339782715e+00 0.000000000000000000e+00 0.000000000000000000e+00 0.000000000000000000e+00 1.000000000000000000e+00
1.715860757453549623e+09 -3.920046329498291016e+00 -6.764649868011474609e+00 -1.153491020202636719e+00 0.000000000000000000e+00 0.000000000000000000e+00 0.000000000000000000e+00 1.000000000000000000e+00
1.715860757505968571e+09 -3.920031785964965820e+00 -6.764678478240966797e+00 -1.153439283370971680e+00 0.000000000000000000e+00 0.000000000000000000e+00 0.000000000000000000e+00 1.000000000000000000e+00
1.715860757555253744e+09 -3.919975996017456055e+00 -6.764698028564453125e+00 -1.153471589088439941e+00 0.000000000000000000e+00 0.000000000000000000e+00 0.000000000000000000e+00 1.000000000000000000e+00
1.715860757655923128e+09 -3.919966697692871094e+00 -6.764717578887940341e+00 -1.153434872627258301e+00 0.000000000000000000e+00 0.000000000000000000e+00 0.000000000000000000e+00 1.000000000000000000e+00
1.715860757755630016e+09 -3.919957160949707031e+00 -6.764709949493408203e+00 -1.153469800949096902e+00 0.000000000000000000e+00 0.000000000000000000e+00 0.000000000000000000e+00 1.000000000000000000e+00
1.715860757806602478e+09 -3.919952869415283203e+00 -6.764698028564453125e+00 -1.153505802154541016e+00 0.000000000000000000e+00 0.000000000000000000e+00 0.000000000000000000e+00 1.000000000000000000e+00
1.715860757856523037e+09 -3.919962167739868164e+00 -6.764707088470458984e+00 -1.153468847274780495e+00 0.000000000000000000e+00 0.000000000000000000e+00 0.000000000000000000e+00 1.000000000000000000e+00
1.715860757907627106e+09 -3.920020103454589844e+00 -6.764675617218017578e+00 -1.153463482856750488e+00 0.000000000000000000e+00 0.000000000000000000e+00 0.000000000000000000e+00 1.000000000000000000e+00
1.715860757957389355e+09 -3.919993638992309570e+00 -6.764684200286865234e+00 -1.153481602668762207e+00 0.000000000000000000e+00 0.000000000000000000e+00 0.000000000000000000e+00 1.000000000000000000e+00
1.715860758007599592e+09 -3.920014619827271396e+00 -6.764643669128417969e+00 -1.153553485870361106e+00 0.000000000000000000e+00 0.000000000000000000e+00 0.000000000000000000e+00 1.000000000000000000e+00
1.715860758078445673e+09 -3.920057058334351030e+00 -6.764625072479248047e+00 -1.153538465499877930e+00 0.000000000000000000e+00 0.000000000000000000e+00 0.000000000000000000e+00 1.000000000000000000e+00
1.715860758122693062e+09 -3.919990539550780806e+00 -6.764701843261718750e+00 -1.153439998626708984e+00 0.000000000000000000e+00 0.000000000000000000e+00 0.000000000000000000e+00 1.000000000000000000e+00
1.715860758208717346e+09 -3.919744729995727983e+00 -6.764860630035400391e+00 -1.153398990631103516e+00 0.000000000000000000e+00 0.000000000000000000e+00 0.000000000000000000e+00 1.000000000000000000e+00
1.715860758259045124e+09 -3.919728994369506836e+00 -6.764863491058349609e+00 -1.153414130210876465e+00 0.000000000000000000e+00 0.000000000000000000e+00 0.000000000000000000e+00 1.000000000000000000e+00
1.715860758309455395e+09 -3.919852495193481445e+00 -6.764808654785156250e+00 -1.153370976448059082e+00 0.000000000000000000e+00 0.000000000000000000e+00 0.000000000000000000e+00 1.000000000000000000e+00
1.715860758361092091e+09 -3.919898033142089844e+00 -6.764792442321777344e+00 -1.153344631195068359e+00 0.000000000000000000e+00 0.000000000000000000e+00 0.000000000000000000e+00 1.000000000000000000e+00
1.715860758612496614e+09 -3.919685840606689453e+00 -6.764898777008056641e+00 -1.153388381004333496e+00 0.000000000000000000e+00 0.000000000000000000e+00 0.000000000000000000e+00 1.000000000000000000e+00
1.715860758662893534e+09 -3.919496059417724609e+00 -6.764987945556640625e+00 -1.153440952301025391e+00 0.000000000000000000e+00 0.000000000000000000e+00 0.000000000000000000e+00 1.000000000000000000e+00
1.715860759518626213e+09 -3.919166326522827148e+00 -6.766405582427978516e+00 -1.153422832489013672e+00 0.000000000000000000e+00 0.000000000000000000e+00 0.000000000000000000e+00 1.000000000000000000e+00
1.715860759568130255e+09 -3.919195890426636186e+00 -6.766419410705566406e+00 -1.153343081474304199e+00 0.000000000000000000e+00 0.000000000000000000e+00 0.000000000000000000e+00 1.000000000000000000e+00
1.715860759618589878e+09 -3.919203519821166992e+00 -6.766444683074951172e+00 -1.153266787528991699e+00 0.000000000000000000e+00 0.000000000000000000e+00 0.000000000000000000e+00 1.000000000000000000e+00
1.715860759669370413e+09 -3.919010400772095171e+00 -6.766518592834472656e+00 -1.153364658355712891e+00 0.000000000000000000e+00 0.000000000000000000e+00 0.000000000000000000e+00 1.000000000000000000e+00
1.715860759719911575e+09 -3.919136047363280806e+00 -6.766433238983154297e+00 -1.153397440910339355e+00 0.000000000000000000e+00 0.000000000000000000e+00 0.000000000000000000e+00 1.000000000000000000e+00
1.715860759769622326e+09 -3.919244050979614258e+00 -6.766391754150390625e+00 -1.153342604637145996e+00 0.000000000000000000e+00 0.000000000000000000e+00 0.000000000000000000e+00 1.000000000000000000e+00
1.715860759820844173e+09 -3.919300317764281782e+00 -6.766350746154785156e+00 -1.153364419937133789e+00 0.000000000000000000e+00 0.000000000000000000e+00 0.000000000000000000e+00 1.000000000000000000e+00
1.715860759870261908e+09 -3.919213771820068803e+00 -6.766404151916503906e+00 -1.153356313705444336e+00 0.000000000000000000e+00 0.000000000000000000e+00 0.000000000000000000e+00 1.000000000000000000e+00
1.715860759921126604e+09 -3.919155359268188921e+00 -6.766436576843261719e+00 -1.153359293937683105e+00 0.000000000000000000e+00 0.000000000000000000e+00 0.000000000000000000e+00 1.000000000000000000e+00
1.715860759972754002e+09 -3.919146299362183061e+00 -6.766442775726318359e+00 -1.153357386589050293e+00 0.000000000000000000e+00 0.000000000000000000e+00 0.000000000000000000e+00 1.000000000000000000e+00
1.715860760021189928e+09 -3.919159889221191850e+00 -6.766466140747070312e+00 -1.153277277946472168e+00 0.000000000000000000e+00 0.000000000000000000e+00 0.000000000000000000e+00 1.000000000000000000e+00
1.715860760071135998e+09 -3.919131517410278320e+00 -6.766496658325195312e+00 -1.153240680694580078e+00 0.000000000000000000e+00 0.000000000000000000e+00 0.000000000000000000e+00 1.000000000000000000e+00
1.715860760122422934e+09 -3.919152259826660156e+00 -6.766438961029052734e+00 -1.153358101844787598e+00 0.000000000000000000e+00 0.000000000000000000e+00 0.000000000000000000e+00 1.000000000000000000e+00
1.715860760172617674e+09 -3.919237852096557617e+00 -6.766376495361328125e+00 -1.153391003608703613e+00 0.000000000000000000e+00 0.000000000000000000e+00 0.000000000000000000e+00 1.000000000000000000e+00
1.715860760226884365e+09 -3.919167995452880859e+00 -6.766414165496826172e+00 -1.153398156166076882e+00 0.000000000000000000e+00 0.000000000000000000e+00 0.000000000000000000e+00 1.000000000000000000e+00
1.715860760274235725e+09 -3.919137239456176758e+00 -6.766437053680419922e+00 -1.153384923934936301e+00 0.000000000000000000e+00 0.000000000000000000e+00 0.000000000000000000e+00 1.000000000000000000e+00
1.715860760325724125e+09 -3.919115543365479404e+00 -6.766462802886962891e+00 -1.153352141380310059e+00 0.000000000000000000e+00 0.000000000000000000e+00 0.000000000000000000e+00 1.000000000000000000e+00
1.715860760425734282e+09 -3.919155120849609819e+00 -6.766463279724121094e+00 -1.153291702270507812e+00 0.000000000000000000e+00 0.000000000000000000e+00 0.000000000000000000e+00 1.000000000000000000e+00
1.715860760479570389e+09 -3.919110059738159180e+00 -6.766451358795166016e+00 -1.153389334678649902e+00 0.000000000000000000e+00 0.000000000000000000e+00 0.000000000000000000e+00 1.000000000000000000e+00
1.715860760576462269e+09 -3.919111490249633789e+00 -6.766462326049804688e+00 -1.153358340263366699e+00 0.000000000000000000e+00 0.000000000000000000e+00 0.000000000000000000e+00 1.000000000000000000e+00
1.715860760625972033e+09 -3.919076919555664062e+00 -6.766476631164550781e+00 -1.153373837471008301e+00 0.000000000000000000e+00 0.000000000000000000e+00 0.000000000000000000e+00 1.000000000000000000e+00
1.715860760682320118e+09 -3.919075012207031250e+00 -6.766509532928466797e+00 -1.153292298316955566e+00 0.000000000000000000e+00 0.000000000000000000e+00 0.000000000000000000e+00 1.000000000000000000e+00
1.715860760780648947e+09 -3.919092416763305664e+00 -6.766486167907714844e+00 -1.153326153755187988e+00 0.000000000000000000e+00 0.000000000000000000e+00 0.000000000000000000e+00 1.000000000000000000e+00
1.715860760838758469e+09 -3.919106006622314453e+00 -6.766528129577636719e+00 -1.153198122978210449e+00 0.000000000000000000e+00 0.000000000000000000e+00 0.000000000000000000e+00 1.000000000000000000e+00
1.715860760879421711e+09 -3.919083595275878906e+00 -6.766489505767822266e+00 -1.153330922126770020e+00 0.000000000000000000e+00 0.000000000000000000e+00 0.000000000000000000e+00 1.000000000000000000e+00
1.715860760938212872e+09 -3.919134378433227983e+00 -6.766458511352539062e+00 -1.153334259986877441e+00 0.000000000000000000e+00 0.000000000000000000e+00 0.000000000000000000e+00 1.000000000000000000e+00
1.715860760980126143e+09 -3.919154405593872070e+00 -6.766438484191895419e+00 -1.153355836868285911e+00 0.000000000000000000e+00 0.000000000000000000e+00 0.000000000000000000e+00 1.000000000000000000e+00
1.715860761037255287e+09 -3.919170379638671875e+00 -6.766409397125244141e+00 -1.153406620025634766e+00 0.000000000000000000e+00 0.000000000000000000e+00 0.000000000000000000e+00 1.000000000000000000e+00
1.715860761077851057e+09 -3.919088125228881836e+00 -6.766502857208251953e+00 -1.153289675712585449e+00 0.000000000000000000e+00 0.000000000000000000e+00 0.000000000000000000e+00 1.000000000000000000e+00
1.715860761127742529e+09 -3.919032335281372070e+00 -6.766549110412597656e+00 -1.153253912925720215e+00 0.000000000000000000e+00 0.000000000000000000e+00 0.000000000000000000e+00 1.000000000000000000e+00
1.715860761178984165e+09 -3.919277429580688921e+00 -6.767538547515869141e+00 -1.153479695320129395e+00 0.000000000000000000e+00 0.000000000000000000e+00 0.000000000000000000e+00 1.000000000000000000e+00
1.715860761228938818e+09 -3.918976306915283203e+00 -6.767767429351806641e+00 -1.153339624404907227e+00 0.000000000000000000e+00 0.000000000000000000e+00 0.000000000000000000e+00 1.000000000000000000e+00
1.715860761280701637e+09 -3.918555736541748047e+00 -6.768061637878417969e+00 -1.153209328651428223e+00 0.000000000000000000e+00 0.000000000000000000e+00 0.000000000000000000e+00 1.000000000000000000e+00
1.715860761331248999e+09 -3.918501615524291992e+00 -6.768102645874023438e+00 -1.153184890747070312e+00 0.000000000000000000e+00 0.000000000000000000e+00 0.000000000000000000e+00 1.000000000000000000e+00
1.715860761380723953e+09 -3.918315172195434570e+00 -6.768212795257568359e+00 -1.153178572654723899e+00 0.000000000000000000e+00 0.000000000000000000e+00 0.000000000000000000e+00 1.000000000000000000e+00
1.715860761430737257e+09 -3.918380022048950195e+00 -6.768149852752685547e+00 -1.153243660926818848e+00 0.000000000000000000e+00 0.000000000000000000e+00 0.000000000000000000e+00 1.000000000000000000e+00
1.715860761482320786e+09 -3.918344020843505859e+00 -6.768177509307861328e+00 -1.153226375579833984e+00 0.000000000000000000e+00 0.000000000000000000e+00 0.000000000000000000e+00 1.000000000000000000e+00
1.715860761531666756e+09 -3.918362617492675781e+00 -6.768161296844482422e+00 -1.153240561485290305e+00 0.000000000000000000e+00 0.000000000000000000e+00 0.000000000000000000e+00 1.000000000000000000e+00
1.715860761632453442e+09 -3.918320655822753906e+00 -6.768196105957031250e+00 -1.153213977813720703e+00 0.000000000000000000e+00 0.000000000000000000e+00 0.000000000000000000e+00 1.000000000000000000e+00
1.715860761683522224e+09 -3.918248891830443892e+00 -6.768255710601806641e+00 -1.153167843818664551e+00 0.000000000000000000e+00 0.000000000000000000e+00 0.000000000000000000e+00 1.000000000000000000e+00
1.715860761782726049e+09 -3.918346405029296875e+00 -6.768179893493652344e+00 -1.153216242790222168e+00 0.000000000000000000e+00 0.000000000000000000e+00 0.000000000000000000e+00 1.000000000000000000e+00
1.715860761833821774e+09 -3.918423891067504883e+00 -6.768126487731933594e+00 -1.153238534927368164e+00 0.000000000000000000e+00 0.000000000000000000e+00 0.000000000000000000e+00 1.000000000000000000e+00
1.715860761886578321e+09 -3.918576717376708984e+00 -6.768025875091552734e+00 -1.153269767761230469e+00 0.000000000000000000e+00 0.000000000000000000e+00 0.000000000000000000e+00 1.000000000000000000e+00
1.715860761984384775e+09 -3.918437480926513672e+00 -6.768149375915527344e+00 -1.153160333633422852e+00 0.000000000000000000e+00 0.000000000000000000e+00 0.000000000000000000e+00 1.000000000000000000e+00
1.715860762135950565e+09 -3.918628454208374023e+00 -6.768019199371337891e+00 -1.153210282325744629e+00 0.000000000000000000e+00 0.000000000000000000e+00 0.000000000000000000e+00 1.000000000000000000e+00
1.715860762236139297e+09 -3.918787002563477007e+00 -6.767893791198730469e+00 -1.153297066688537598e+00 0.000000000000000000e+00 0.000000000000000000e+00 0.000000000000000000e+00 1.000000000000000000e+00
1.715860762336639404e+09 -3.918726444244384766e+00 -6.767953395843505859e+00 -1.153233408927917703e+00 0.000000000000000000e+00 0.000000000000000000e+00 0.000000000000000000e+00 1.000000000000000000e+00
1.715860762385713816e+09 -3.918356895446776900e+00 -6.768207073211669922e+00 -1.153131484985351562e+00 0.000000000000000000e+00 0.000000000000000000e+00 0.000000000000000000e+00 1.000000000000000000e+00
1.715860762537458658e+09 -3.917909145355224609e+00 -6.768482208251953125e+00 -1.153090476989746094e+00 0.000000000000000000e+00 0.000000000000000000e+00 0.000000000000000000e+00 1.000000000000000000e+00
1.715860762638221502e+09 -3.918065786361694336e+00 -6.768407821655273438e+00 -1.153049230575561523e+00 0.000000000000000000e+00 0.000000000000000000e+00 0.000000000000000000e+00 1.000000000000000000e+00
1.715860762690031290e+09 -3.918294429779052734e+00 -6.768226623535156250e+00 -1.153173804283142090e+00 0.000000000000000000e+00 0.000000000000000000e+00 0.000000000000000000e+00 1.000000000000000000e+00
1.715860762745785236e+09 -3.918556928634643999e+00 -6.768052101135253906e+00 -1.153231739997863770e+00 0.000000000000000000e+00 0.000000000000000000e+00 0.000000000000000000e+00 1.000000000000000000e+00
1.715860762792896748e+09 -3.918673753738403320e+00 -6.767981052398681641e+00 -1.153241276741027832e+00 0.000000000000000000e+00 0.000000000000000000e+00 0.000000000000000000e+00 1.000000000000000000e+00
1.715860762840675831e+09 -3.918666839599609819e+00 -6.767985343933105469e+00 -1.153240561485290305e+00 0.000000000000000000e+00 0.000000000000000000e+00 0.000000000000000000e+00 1.000000000000000000e+00
1.715860762941326618e+09 -3.918671607971191850e+00 -6.767996788024902344e+00 -1.153203129768371582e+00 0.000000000000000000e+00 0.000000000000000000e+00 0.000000000000000000e+00 1.000000000000000000e+00
1.715860762990554571e+09 -3.918539524078369141e+00 -6.768105030059815341e+00 -1.153121829032897949e+00 0.000000000000000000e+00 0.000000000000000000e+00 0.000000000000000000e+00 1.000000000000000000e+00
1.715860763040812492e+09 -3.918520927429199219e+00 -6.768101215362548828e+00 -1.153159618377685547e+00 0.000000000000000000e+00 0.000000000000000000e+00 0.000000000000000000e+00 1.000000000000000000e+00
1.715860763142511368e+09 -3.918830633163452148e+00 -6.767892837524414062e+00 -1.153234004974365234e+00 0.000000000000000000e+00 0.000000000000000000e+00 0.000000000000000000e+00 1.000000000000000000e+00
1.715860763192296743e+09 -3.918616533279418945e+00 -6.766904830932617188e+00 -1.152958154678344727e+00 0.000000000000000000e+00 0.000000000000000000e+00 0.000000000000000000e+00 1.000000000000000000e+00
1.715860763242107391e+09 -3.918872833251953125e+00 -6.766732215881347656e+00 -1.153019905090332031e+00 0.000000000000000000e+00 0.000000000000000000e+00 0.000000000000000000e+00 1.000000000000000000e+00
1.715860763344307899e+09 -3.919201612472534180e+00 -6.766475200653076172e+00 -1.153191208839416504e+00 0.000000000000000000e+00 0.000000000000000000e+00 0.000000000000000000e+00 1.000000000000000000e+00
1.715860763392929554e+09 -3.919446468353271928e+00 -6.765074253082275391e+00 -1.153293013572692871e+00 0.000000000000000000e+00 0.000000000000000000e+00 0.000000000000000000e+00 1.000000000000000000e+00
1.715860763444934130e+09 -3.919747114181518999e+00 -6.764880657196044922e+00 -1.153343915939331055e+00 0.000000000000000000e+00 0.000000000000000000e+00 0.000000000000000000e+00 1.000000000000000000e+00
1.715860763544190884e+09 -3.919929265975952148e+00 -6.764726161956787109e+00 -1.153468608856201172e+00 0.000000000000000000e+00 0.000000000000000000e+00 0.000000000000000000e+00 1.000000000000000000e+00
1.715860763593778610e+09 -3.919889688491820845e+00 -6.763611316680908203e+00 -1.153258681297302246e+00 0.000000000000000000e+00 0.000000000000000000e+00 0.000000000000000000e+00 1.000000000000000000e+00
1.715860764249105692e+09 -3.930337667465209961e+00 -6.737691402435302734e+00 -1.154060721397399902e+00 0.000000000000000000e+00 0.000000000000000000e+00 0.000000000000000000e+00 1.000000000000000000e+00
1.715860764298485994e+09 -3.929678916931151900e+00 -6.740509986877441406e+00 -1.154084205627441406e+00 0.000000000000000000e+00 0.000000000000000000e+00 0.000000000000000000e+00 1.000000000000000000e+00
1.715860764398462296e+09 -3.929209709167480913e+00 -6.743176460266113281e+00 -1.154211997985839844e+00 0.000000000000000000e+00 0.000000000000000000e+00 0.000000000000000000e+00 1.000000000000000000e+00
1.715860764448208809e+09 -3.927762985229492188e+00 -6.744187831878662109e+00 -1.153781175613403098e+00 0.000000000000000000e+00 0.000000000000000000e+00 0.000000000000000000e+00 1.000000000000000000e+00
1.715860764498335600e+09 -3.927742242813110352e+00 -6.745371341705322266e+00 -1.153908967971801758e+00 0.000000000000000000e+00 0.000000000000000000e+00 0.000000000000000000e+00 1.000000000000000000e+00
1.715860764550041914e+09 -3.928212404251098189e+00 -6.743870735168457031e+00 -1.153922557830810325e+00 0.000000000000000000e+00 0.000000000000000000e+00 0.000000000000000000e+00 1.000000000000000000e+00
1.715860764649990797e+09 -3.928573131561279297e+00 -6.742403030395507812e+00 -1.154014706611633301e+00 0.000000000000000000e+00 0.000000000000000000e+00 0.000000000000000000e+00 1.000000000000000000e+00
1.715860764700443745e+09 -3.929075717926025391e+00 -6.740866184234619141e+00 -1.154072523117065430e+00 0.000000000000000000e+00 0.000000000000000000e+00 0.000000000000000000e+00 1.000000000000000000e+00
1.715860764749934435e+09 -3.928792476654052734e+00 -6.741082668304443359e+00 -1.153940677642822488e+00 0.000000000000000000e+00 0.000000000000000000e+00 0.000000000000000000e+00 1.000000000000000000e+00
1.715860764851436853e+09 -3.928645610809326172e+00 -6.742402553558349609e+00 -1.153908610343933105e+00 0.000000000000000000e+00 0.000000000000000000e+00 0.000000000000000000e+00 1.000000000000000000e+00
1.715860764901485205e+09 -3.928492307662963867e+00 -6.743701934814453125e+00 -1.153937101364135520e+00 0.000000000000000000e+00 0.000000000000000000e+00 0.000000000000000000e+00 1.000000000000000000e+00
1.715860764951796770e+09 -3.928502082824707031e+00 -6.743676662445068359e+00 -1.153988242149353027e+00 0.000000000000000000e+00 0.000000000000000000e+00 0.000000000000000000e+00 1.000000000000000000e+00
1.715860765002918482e+09 -3.928132534027100053e+00 -6.742756366729736328e+00 -1.153767228126526101e+00 0.000000000000000000e+00 0.000000000000000000e+00 0.000000000000000000e+00 1.000000000000000000e+00
1.715860765102325439e+09 -3.928321361541748047e+00 -6.742670059204101562e+00 -1.153707027435302734e+00 0.000000000000000000e+00 0.000000000000000000e+00 0.000000000000000000e+00 1.000000000000000000e+00
1.715860765153172255e+09 -3.928131103515625000e+00 -6.742820739746093750e+00 -1.153605699539184570e+00 0.000000000000000000e+00 0.000000000000000000e+00 0.000000000000000000e+00 1.000000000000000000e+00
1.715860765203676701e+09 -3.928136587142943892e+00 -6.743985176086425781e+00 -1.153743028640747070e+00 0.000000000000000000e+00 0.000000000000000000e+00 0.000000000000000000e+00 1.000000000000000000e+00
1.715860765354024887e+09 -3.927418947219848633e+00 -6.744512557983398438e+00 -1.153462648391723633e+00 0.000000000000000000e+00 0.000000000000000000e+00 0.000000000000000000e+00 1.000000000000000000e+00
1.715860765404942036e+09 -3.927578687667847124e+00 -6.744407176971436435e+00 -1.153494238853454590e+00 0.000000000000000000e+00 0.000000000000000000e+00 0.000000000000000000e+00 1.000000000000000000e+00
1.715860765505842209e+09 -3.927816152572631836e+00 -6.744233131408691406e+00 -1.153586030006408691e+00 0.000000000000000000e+00 0.000000000000000000e+00 0.000000000000000000e+00 1.000000000000000000e+00
1.715860765557130098e+09 -3.927844285964965820e+00 -6.744233608245849609e+00 -1.153542876243591309e+00 0.000000000000000000e+00 0.000000000000000000e+00 0.000000000000000000e+00 1.000000000000000000e+00
1.715860765606454372e+09 -3.927458286285399947e+00 -6.744526386260986328e+00 -1.153368353843688965e+00 0.000000000000000000e+00 0.000000000000000000e+00 0.000000000000000000e+00 1.000000000000000000e+00
1.715860765706661701e+09 -3.927042245864868164e+00 -6.747169971466064453e+00 -1.153473138809204102e+00 0.000000000000000000e+00 0.000000000000000000e+00 0.000000000000000000e+00 1.000000000000000000e+00
1.715860765757080555e+09 -3.926339626312255859e+00 -6.747729778289794922e+00 -1.153087258338928223e+00 0.000000000000000000e+00 0.000000000000000000e+00 0.000000000000000000e+00 1.000000000000000000e+00
1.715860765806795359e+09 -3.926245927810668945e+00 -6.748967170715332031e+00 -1.153184652328491211e+00 0.000000000000000000e+00 0.000000000000000000e+00 0.000000000000000000e+00 1.000000000000000000e+00
1.715860765857944012e+09 -3.925605535507202148e+00 -6.749408245086669922e+00 -1.153008699417114480e+00 0.000000000000000000e+00 0.000000000000000000e+00 0.000000000000000000e+00 1.000000000000000000e+00
1.715860765908365250e+09 -3.925685644149779829e+00 -6.750506877899169922e+00 -1.153201937675476074e+00 0.000000000000000000e+00 0.000000000000000000e+00 0.000000000000000000e+00 1.000000000000000000e+00
1.715860765958180189e+09 -3.925458431243896928e+00 -6.750662326812744141e+00 -1.153143286705017090e+00 0.000000000000000000e+00 0.000000000000000000e+00 0.000000000000000000e+00 1.000000000000000000e+00
1.715860766008362055e+09 -3.925378799438477007e+00 -6.750733375549316406e+00 -1.153079271316528320e+00 0.000000000000000000e+00 0.000000000000000000e+00 0.000000000000000000e+00 1.000000000000000000e+00
1.715860766059166670e+09 -3.925290346145629883e+00 -6.750779151916503906e+00 -1.153093576431274414e+00 0.000000000000000000e+00 0.000000000000000000e+00 0.000000000000000000e+00 1.000000000000000000e+00
1.715860766109289408e+09 -3.925118684768676758e+00 -6.750874996185302734e+00 -1.153104305267333984e+00 0.000000000000000000e+00 0.000000000000000000e+00 0.000000000000000000e+00 1.000000000000000000e+00
1.715860766158644438e+09 -3.925075054168701172e+00 -6.750910282135009766e+00 -1.153078675270080566e+00 0.000000000000000000e+00 0.000000000000000000e+00 0.000000000000000000e+00 1.000000000000000000e+00
1.715860766209635735e+09 -3.925022602081298828e+00 -6.750973701477050781e+00 -1.152994155883789062e+00 0.000000000000000000e+00 0.000000000000000000e+00 0.000000000000000000e+00 1.000000000000000000e+00
1.715860766260297537e+09 -3.925005197525023970e+00 -6.750995635986328125e+00 -1.152963161468506081e+00 0.000000000000000000e+00 0.000000000000000000e+00 0.000000000000000000e+00 1.000000000000000000e+00
1.715860766309998274e+09 -3.924807548522949219e+00 -6.751076221466064453e+00 -1.153052091598510742e+00 0.000000000000000000e+00 0.000000000000000000e+00 0.000000000000000000e+00 1.000000000000000000e+00
1.715860766411457300e+09 -3.924718856811522993e+00 -6.751186847686767578e+00 -1.152901053428649902e+00 0.000000000000000000e+00 0.000000000000000000e+00 0.000000000000000000e+00 1.000000000000000000e+00
1.715860766461523056e+09 -3.925000905990600586e+00 -6.752148151397705078e+00 -1.153144955635070801e+00 0.000000000000000000e+00 0.000000000000000000e+00 0.000000000000000000e+00 1.000000000000000000e+00
1.715860766511720657e+09 -3.924780607223511186e+00 -6.752324104309082031e+00 -1.153021693229675293e+00 0.000000000000000000e+00 0.000000000000000000e+00 0.000000000000000000e+00 1.000000000000000000e+00
1.715860766613117933e+09 -3.924398183822631836e+00 -6.752595901489257812e+00 -1.152895331382751687e+00 0.000000000000000000e+00 0.000000000000000000e+00 0.000000000000000000e+00 1.000000000000000000e+00
1.715860766663244009e+09 -3.924240827560424805e+00 -6.752728462219238281e+00 -1.152789235115051270e+00 0.000000000000000000e+00 0.000000000000000000e+00 0.000000000000000000e+00 1.000000000000000000e+00
1.715860766713014841e+09 -3.924034118652344194e+00 -6.752882480621337891e+00 -1.152702689170837402e+00 0.000000000000000000e+00 0.000000000000000000e+00 0.000000000000000000e+00 1.000000000000000000e+00
1.715860766813768864e+09 -3.923980474472045898e+00 -6.754158020019531250e+00 -1.152640938758850098e+00 0.000000000000000000e+00 0.000000000000000000e+00 0.000000000000000000e+00 1.000000000000000000e+00
1.715860766863952875e+09 -3.923798799514770508e+00 -6.754333972930908203e+00 -1.152461051940917969e+00 0.000000000000000000e+00 0.000000000000000000e+00 0.000000000000000000e+00 1.000000000000000000e+00
1.715860766914423704e+09 -3.924115180969238281e+00 -6.755307674407958984e+00 -1.152622461318969505e+00 0.000000000000000000e+00 0.000000000000000000e+00 0.000000000000000000e+00 1.000000000000000000e+00
1.715860767014629602e+09 -3.923943281173706055e+00 -6.755443096160888672e+00 -1.152531385421752930e+00 0.000000000000000000e+00 0.000000000000000000e+00 0.000000000000000000e+00 1.000000000000000000e+00
1.715860767064260244e+09 -3.923764705657958984e+00 -6.755579471588134766e+00 -1.152447223663330078e+00 0.000000000000000000e+00 0.000000000000000000e+00 0.000000000000000000e+00 1.000000000000000000e+00
1.715860767115242481e+09 -3.923838615417480913e+00 -6.755522727966308594e+00 -1.152482628822326882e+00 0.000000000000000000e+00 0.000000000000000000e+00 0.000000000000000000e+00 1.000000000000000000e+00
1.715860767165787458e+09 -3.923795938491820845e+00 -6.755583763122558594e+00 -1.152389883995056152e+00 0.000000000000000000e+00 0.000000000000000000e+00 0.000000000000000000e+00 1.000000000000000000e+00
1.715860767266053200e+09 -3.924126625061035156e+00 -6.756522178649902344e+00 -1.152620315551757812e+00 0.000000000000000000e+00 0.000000000000000000e+00 0.000000000000000000e+00 1.000000000000000000e+00
1.715860767316369057e+09 -3.923629283905028853e+00 -6.757023334503173828e+00 -1.152075409889221191e+00 0.000000000000000000e+00 0.000000000000000000e+00 0.000000000000000000e+00 1.000000000000000000e+00
1.715860767366596460e+09 -3.924000263214111328e+00 -6.758016586303710938e+00 -1.152104854583740234e+00 0.000000000000000000e+00 0.000000000000000000e+00 0.000000000000000000e+00 1.000000000000000000e+00
1.715860767466908932e+09 -3.924052238464355913e+00 -6.759195327758789062e+00 -1.152133464813232422e+00 0.000000000000000000e+00 0.000000000000000000e+00 0.000000000000000000e+00 1.000000000000000000e+00
1.715860767518194914e+09 -3.923730611801147905e+00 -6.759426116943359375e+00 -1.152020096778869629e+00 0.000000000000000000e+00 0.000000000000000000e+00 0.000000000000000000e+00 1.000000000000000000e+00
1.715860767568341255e+09 -3.923518896102904829e+00 -6.760738372802734375e+00 -1.152098894119262695e+00 0.000000000000000000e+00 0.000000000000000000e+00 0.000000000000000000e+00 1.000000000000000000e+00
1.715860767719443560e+09 -3.923504114151000977e+00 -6.762018203735351562e+00 -1.151967644691467285e+00 0.000000000000000000e+00 0.000000000000000000e+00 0.000000000000000000e+00 1.000000000000000000e+00
1.715860767820132256e+09 -3.923249483108520952e+00 -6.762232780456542969e+00 -1.151795506477355957e+00 0.000000000000000000e+00 0.000000000000000000e+00 0.000000000000000000e+00 1.000000000000000000e+00
1.715860767870417595e+09 -3.923188209533691406e+00 -6.762307167053222656e+00 -1.151695966720581055e+00 0.000000000000000000e+00 0.000000000000000000e+00 0.000000000000000000e+00 1.000000000000000000e+00
1.715860767922066689e+09 -3.923229694366455078e+00 -6.762281894683837891e+00 -1.151698708534240723e+00 0.000000000000000000e+00 0.000000000000000000e+00 0.000000000000000000e+00 1.000000000000000000e+00
1.715860768125299692e+09 -3.923559188842772993e+00 -6.762097358703613281e+00 -1.151681542396545410e+00 0.000000000000000000e+00 0.000000000000000000e+00 0.000000000000000000e+00 1.000000000000000000e+00
1.715860768249505043e+09 -3.923330068588256836e+00 -6.762336254119873047e+00 -1.151409387588500977e+00 0.000000000000000000e+00 0.000000000000000000e+00 0.000000000000000000e+00 1.000000000000000000e+00
1.715860768323209763e+09 -3.923466920852661133e+00 -6.763453006744384766e+00 -1.151470303535461426e+00 0.000000000000000000e+00 0.000000000000000000e+00 0.000000000000000000e+00 1.000000000000000000e+00
1.715860768374653578e+09 -3.923311471939086914e+00 -6.764842987060546875e+00 -1.151263833045959695e+00 0.000000000000000000e+00 0.000000000000000000e+00 0.000000000000000000e+00 1.000000000000000000e+00
1.715860768423967123e+09 -3.922925710678100586e+00 -6.765203952789306641e+00 -1.150912165641784890e+00 0.000000000000000000e+00 0.000000000000000000e+00 0.000000000000000000e+00 1.000000000000000000e+00
1.715860768524520874e+09 -3.923036336898804155e+00 -6.767590999603272373e+00 -1.150880455970764160e+00 0.000000000000000000e+00 0.000000000000000000e+00 0.000000000000000000e+00 1.000000000000000000e+00
1.715860768574630737e+09 -3.922703504562377930e+00 -6.767873287200927734e+00 -1.150650620460510476e+00 0.000000000000000000e+00 0.000000000000000000e+00 0.000000000000000000e+00 1.000000000000000000e+00
1.715860768624024868e+09 -3.922866106033325195e+00 -6.769094944000244141e+00 -1.150402665138244629e+00 0.000000000000000000e+00 0.000000000000000000e+00 0.000000000000000000e+00 1.000000000000000000e+00
1.715860768675429583e+09 -3.923056840896606445e+00 -6.770222187042236328e+00 -1.150354862213134766e+00 0.000000000000000000e+00 0.000000000000000000e+00 0.000000000000000000e+00 1.000000000000000000e+00
1.715860768775399685e+09 -3.922847509384155273e+00 -6.770464897155761719e+00 -1.150042653083801270e+00 0.000000000000000000e+00 0.000000000000000000e+00 0.000000000000000000e+00 1.000000000000000000e+00
1.715860768825771332e+09 -3.922985076904296875e+00 -6.770449638366699219e+00 -1.149877071380615234e+00 0.000000000000000000e+00 0.000000000000000000e+00 0.000000000000000000e+00 1.000000000000000000e+00
1.715860768876374960e+09 -3.923935174942016602e+00 -6.769651412963867188e+00 -1.150513887405395508e+00 0.000000000000000000e+00 0.000000000000000000e+00 0.000000000000000000e+00 1.000000000000000000e+00
1.715860768927030325e+09 -3.923694849014281782e+00 -6.767283439636231357e+00 -1.150689601898193359e+00 0.000000000000000000e+00 0.000000000000000000e+00 0.000000000000000000e+00 1.000000000000000000e+00
1.715860769027364969e+09 -3.923540830612183061e+00 -6.763700962066650391e+00 -1.150722146034240723e+00 0.000000000000000000e+00 0.000000000000000000e+00 0.000000000000000000e+00 1.000000000000000000e+00
1.715860769077996254e+09 -3.924490451812744141e+00 -6.756700038909912109e+00 -1.151621460914611816e+00 0.000000000000000000e+00 0.000000000000000000e+00 0.000000000000000000e+00 1.000000000000000000e+00
1.715860769127951145e+09 -3.925443410873413086e+00 -6.753444194793701172e+00 -1.152292013168334961e+00 0.000000000000000000e+00 0.000000000000000000e+00 0.000000000000000000e+00 1.000000000000000000e+00
1.715860769228612185e+09 -3.924998998641968218e+00 -6.749039649963378906e+00 -1.151728153228759766e+00 0.000000000000000000e+00 0.000000000000000000e+00 0.000000000000000000e+00 1.000000000000000000e+00
1.715860769283584356e+09 -3.926625251770019975e+00 -6.747129917144775391e+00 -1.151068806648254395e+00 0.000000000000000000e+00 0.000000000000000000e+00 0.000000000000000000e+00 1.000000000000000000e+00
1.715860769329375029e+09 -3.927297592163085938e+00 -6.749110221862792969e+00 -1.151248812675476074e+00 0.000000000000000000e+00 0.000000000000000000e+00 0.000000000000000000e+00 1.000000000000000000e+00
1.715860769429203987e+09 -3.927315473556518999e+00 -6.751574039459228516e+00 -1.151165127754211426e+00 0.000000000000000000e+00 0.000000000000000000e+00 0.000000000000000000e+00 1.000000000000000000e+00
1.715860769480440378e+09 -3.926342010498046875e+00 -6.753597259521484375e+00 -1.150558710098266602e+00 0.000000000000000000e+00 0.000000000000000000e+00 0.000000000000000000e+00 1.000000000000000000e+00
1.715860769529934883e+09 -3.925235748291016069e+00 -6.755602359771728516e+00 -1.150194883346557617e+00 0.000000000000000000e+00 0.000000000000000000e+00 0.000000000000000000e+00 1.000000000000000000e+00
1.715860769580834389e+09 -3.924411535263061523e+00 -6.758898735046386719e+00 -1.149224400520324707e+00 0.000000000000000000e+00 0.000000000000000000e+00 0.000000000000000000e+00 1.000000000000000000e+00
1.715860769681838989e+09 -3.925005912780761719e+00 -6.760940074920654297e+00 -1.149362564086914062e+00 0.000000000000000000e+00 0.000000000000000000e+00 0.000000000000000000e+00 1.000000000000000000e+00
1.715860769731985807e+09 -3.925408124923706055e+00 -6.762022972106933594e+00 -1.149114727973937988e+00 0.000000000000000000e+00 0.000000000000000000e+00 0.000000000000000000e+00 1.000000000000000000e+00
1.715860769782413483e+09 -3.926861763000487837e+00 -6.762457370758056641e+00 -1.148964166641235352e+00 0.000000000000000000e+00 0.000000000000000000e+00 0.000000000000000000e+00 1.000000000000000000e+00
1.715860769832687855e+09 -3.926696538925170898e+00 -6.760151386260986328e+00 -1.148865461349487305e+00 0.000000000000000000e+00 0.000000000000000000e+00 0.000000000000000000e+00 1.000000000000000000e+00
1.715860769882708788e+09 -3.927166223526000977e+00 -6.758579254150390625e+00 -1.149069666862487793e+00 0.000000000000000000e+00 0.000000000000000000e+00 0.000000000000000000e+00 1.000000000000000000e+00
1.715860769933263063e+09 -3.928655862808227983e+00 -6.757534980773925781e+00 -1.149528145790100098e+00 0.000000000000000000e+00 0.000000000000000000e+00 0.000000000000000000e+00 1.000000000000000000e+00
1.715860769983434916e+09 -3.929809808731079102e+00 -6.755614757537841797e+00 -1.149601101875305176e+00 0.000000000000000000e+00 0.000000000000000000e+00 0.000000000000000000e+00 1.000000000000000000e+00
1.715860770033859015e+09 -3.930124044418334961e+00 -6.751999378204345703e+00 -1.149012446403503418e+00 0.000000000000000000e+00 0.000000000000000000e+00 0.000000000000000000e+00 1.000000000000000000e+00
1.715860770085198879e+09 -3.931505203247070312e+00 -6.750019073486328125e+00 -1.148897409439086914e+00 0.000000000000000000e+00 0.000000000000000000e+00 0.000000000000000000e+00 1.000000000000000000e+00
1.715860770134459972e+09 -3.932649374008178267e+00 -6.748353481292724609e+00 -1.148326873779296875e+00 0.000000000000000000e+00 0.000000000000000000e+00 0.000000000000000000e+00 1.000000000000000000e+00
1.715860770183767796e+09 -3.933483600616455078e+00 -6.747019290924072266e+00 -1.147368431091308594e+00 0.000000000000000000e+00 0.000000000000000000e+00 0.000000000000000000e+00 1.000000000000000000e+00
1.715860770234127045e+09 -3.934258699417113814e+00 -6.745766639709472656e+00 -1.146287798881530762e+00 0.000000000000000000e+00 0.000000000000000000e+00 0.000000000000000000e+00 1.000000000000000000e+00
1.715860770285487652e+09 -3.935661077499389648e+00 -6.745353221893311435e+00 -1.145248293876647949e+00 0.000000000000000000e+00 0.000000000000000000e+00 0.000000000000000000e+00 1.000000000000000000e+00
1.715860770388940096e+09 -3.938910007476807085e+00 -6.745276927947998047e+00 -1.143709897994995117e+00 0.000000000000000000e+00 0.000000000000000000e+00 0.000000000000000000e+00 1.000000000000000000e+00
1.715860770436347723e+09 -3.940224409103393555e+00 -6.744262218475341797e+00 -1.141203045845031516e+00 0.000000000000000000e+00 0.000000000000000000e+00 0.000000000000000000e+00 1.000000000000000000e+00
1.715860770485772848e+09 -3.942095994949340820e+00 -6.743898868560791016e+00 -1.139323353767395020e+00 0.000000000000000000e+00 0.000000000000000000e+00 0.000000000000000000e+00 1.000000000000000000e+00
1.715860770539082527e+09 -3.943432331085205078e+00 -6.742802143096923828e+00 -1.136988520622253418e+00 0.000000000000000000e+00 0.000000000000000000e+00 0.000000000000000000e+00 1.000000000000000000e+00
1.715860770587043285e+09 -3.945392370223999023e+00 -6.742532730102539062e+00 -1.134727120399475098e+00 0.000000000000000000e+00 0.000000000000000000e+00 0.000000000000000000e+00 1.000000000000000000e+00
1.715860770637247801e+09 -3.947132110595703125e+00 -6.741441249847412109e+00 -1.131764650344848633e+00 0.000000000000000000e+00 0.000000000000000000e+00 0.000000000000000000e+00 1.000000000000000000e+00
1.715860770687524319e+09 -3.949149847030640093e+00 -6.740171909332275391e+00 -1.128834605216979980e+00 0.000000000000000000e+00 0.000000000000000000e+00 0.000000000000000000e+00 1.000000000000000000e+00
1.715860770738157034e+09 -3.951451301574707031e+00 -6.737786769866943359e+00 -1.125194907188415527e+00 0.000000000000000000e+00 0.000000000000000000e+00 0.000000000000000000e+00 1.000000000000000000e+00
1.715860770788412571e+09 -3.958159208297729492e+00 -6.734831333160400391e+00 -1.116319060325622559e+00 0.000000000000000000e+00 0.000000000000000000e+00 0.000000000000000000e+00 1.000000000000000000e+00
1.715860770888541460e+09 -3.960929632186889648e+00 -6.730964660644531250e+00 -1.109432816505431907e+00 0.000000000000000000e+00 0.000000000000000000e+00 0.000000000000000000e+00 1.000000000000000000e+00
1.715860770938984394e+09 -3.965039014816284180e+00 -6.728788852691650391e+00 -1.102433800697326882e+00 0.000000000000000000e+00 0.000000000000000000e+00 0.000000000000000000e+00 1.000000000000000000e+00
1.715860770989592791e+09 -3.969516277313231978e+00 -6.725706577301025391e+00 -1.094017148017883301e+00 0.000000000000000000e+00 0.000000000000000000e+00 0.000000000000000000e+00 1.000000000000000000e+00
1.715860771039392948e+09 -3.981851577758789062e+00 -6.720398902893066406e+00 -1.072771430015563965e+00 0.000000000000000000e+00 0.000000000000000000e+00 0.000000000000000000e+00 1.000000000000000000e+00
1.715860771090557337e+09 -3.988026380538940874e+00 -6.716797351837158203e+00 -1.059704661369323508e+00 0.000000000000000000e+00 0.000000000000000000e+00 0.000000000000000000e+00 1.000000000000000000e+00
1.715860771191165686e+09 -3.992915868759155273e+00 -6.709959030151367188e+00 -1.044189572334289551e+00 0.000000000000000000e+00 0.000000000000000000e+00 0.000000000000000000e+00 1.000000000000000000e+00
1.715860771242737770e+09 -4.008752346038818359e+00 -6.701901912689208984e+00 -1.011033177375793679e+00 0.000000000000000000e+00 0.000000000000000000e+00 0.000000000000000000e+00 1.000000000000000000e+00
1.715860771346028805e+09 -4.017630577087402344e+00 -6.697174072265625000e+00 -9.929316043853759766e-01 0.000000000000000000e+00 0.000000000000000000e+00 0.000000000000000000e+00 1.000000000000000000e+00
1.715860771393151045e+09 -4.024448394775390625e+00 -6.687327384948730469e+00 -9.719896316528320312e-01 0.000000000000000000e+00 0.000000000000000000e+00 0.000000000000000000e+00 1.000000000000000000e+00
1.715860771448369980e+09 -4.034394741058349609e+00 -6.681474685668945312e+00 -9.515030384063719593e-01 0.000000000000000000e+00 0.000000000000000000e+00 0.000000000000000000e+00 1.000000000000000000e+00
1.715860771498387575e+09 -4.055595397949218750e+00 -6.668395996093750000e+00 -9.080759882926939808e-01 0.000000000000000000e+00 0.000000000000000000e+00 0.000000000000000000e+00 1.000000000000000000e+00
1.715860771544652700e+09 -4.067361831665039062e+00 -6.661087036132812500e+00 -8.844313621520996094e-01 0.000000000000000000e+00 0.000000000000000000e+00 0.000000000000000000e+00 1.000000000000000000e+00
1.715860771694636822e+09 -4.075695991516113281e+00 -6.648075580596923828e+00 -8.583113551139831543e-01 0.000000000000000000e+00 0.000000000000000000e+00 0.000000000000000000e+00 1.000000000000000000e+00
1.715860771745000601e+09 -4.112576961517333984e+00 -6.629438877105712891e+00 -7.792373895645141602e-01 0.000000000000000000e+00 0.000000000000000000e+00 0.000000000000000000e+00 1.000000000000000000e+00
1.715860771895969629e+09 -4.143896579742431641e+00 -6.605990886688232422e+00 -6.958315372467041016e-01 0.000000000000000000e+00 0.000000000000000000e+00 0.000000000000000000e+00 1.000000000000000000e+00
1.715860771946137667e+09 -4.155251502990722656e+00 -6.599778175354003906e+00 -6.668015718460083008e-01 0.000000000000000000e+00 0.000000000000000000e+00 0.000000000000000000e+00 1.000000000000000000e+00
1.715860772047045469e+09 -4.163948535919189453e+00 -6.587982654571533203e+00 -6.370294690132141113e-01 0.000000000000000000e+00 0.000000000000000000e+00 0.000000000000000000e+00 1.000000000000000000e+00
1.715860772147895336e+09 -4.199384689331054688e+00 -6.574778079986572266e+00 -5.530582070350646973e-01 0.000000000000000000e+00 0.000000000000000000e+00 0.000000000000000000e+00 1.000000000000000000e+00
1.715860772197570086e+09 -4.210799694061279297e+00 -6.570810317993164062e+00 -5.262399315834045410e-01 0.000000000000000000e+00 0.000000000000000000e+00 0.000000000000000000e+00 1.000000000000000000e+00
1.715860772297660828e+09 -4.231897830963134766e+00 -6.562248706817626953e+00 -4.730363190174102783e-01 0.000000000000000000e+00 0.000000000000000000e+00 0.000000000000000000e+00 1.000000000000000000e+00
1.715860772399424314e+09 -4.253835201263427734e+00 -6.560167312622070312e+00 -4.235019981861113947e-01 0.000000000000000000e+00 0.000000000000000000e+00 0.000000000000000000e+00 1.000000000000000000e+00
1.715860772499524593e+09 -4.265213966369628906e+00 -6.560972213745117188e+00 -3.993401825428009033e-01 0.000000000000000000e+00 0.000000000000000000e+00 0.000000000000000000e+00 1.000000000000000000e+00
1.715860772549347878e+09 -4.286942958831787109e+00 -6.562119483947753906e+00 -3.539099395275115967e-01 0.000000000000000000e+00 0.000000000000000000e+00 0.000000000000000000e+00 1.000000000000000000e+00
1.715860772651997089e+09 -4.310926914215087891e+00 -6.566887378692626953e+00 -3.108561635017395020e-01 0.000000000000000000e+00 0.000000000000000000e+00 0.000000000000000000e+00 1.000000000000000000e+00
1.715860772700417042e+09 -4.322091102600097656e+00 -6.568672657012940341e+00 -2.907868921756743830e-01 0.000000000000000000e+00 0.000000000000000000e+00 0.000000000000000000e+00 1.000000000000000000e+00
1.715860772750902176e+09 -4.332990169525146484e+00 -6.571267127990722656e+00 -2.726429402828215998e-01 0.000000000000000000e+00 0.000000000000000000e+00 0.000000000000000000e+00 1.000000000000000000e+00
1.715860772850784302e+09 -4.359364032745361328e+00 -6.582874298095703125e+00 -2.370119392871856134e-01 0.000000000000000000e+00 0.000000000000000000e+00 0.000000000000000000e+00 1.000000000000000000e+00
1.715860772901180744e+09 -4.371205806732177734e+00 -6.587909698486328125e+00 -2.204675674438476007e-01 0.000000000000000000e+00 0.000000000000000000e+00 0.000000000000000000e+00 1.000000000000000000e+00
1.715860772953891754e+09 -4.382241725921630859e+00 -6.592243671417236328e+00 -2.037294059991835993e-01 0.000000000000000000e+00 0.000000000000000000e+00 0.000000000000000000e+00 1.000000000000000000e+00
1.715860773052378893e+09 -4.404457569122314453e+00 -6.602605819702148438e+00 -1.722147911787033081e-01 0.000000000000000000e+00 0.000000000000000000e+00 0.000000000000000000e+00 1.000000000000000000e+00
1.715860773102092266e+09 -4.419789791107177734e+00 -6.615055561065673828e+00 -1.600136905908584040e-01 0.000000000000000000e+00 0.000000000000000000e+00 0.000000000000000000e+00 1.000000000000000000e+00
1.715860773152412653e+09 -4.430604457855224609e+00 -6.621008396148681641e+00 -1.463970839977264127e-01 0.000000000000000000e+00 0.000000000000000000e+00 0.000000000000000000e+00 1.000000000000000000e+00
1.715860773203067303e+09 -4.441031455993652344e+00 -6.626942157745361328e+00 -1.337588578462599875e-01 0.000000000000000000e+00 0.000000000000000000e+00 0.000000000000000000e+00 1.000000000000000000e+00
1.715860773253071785e+09 -4.451332092285156250e+00 -6.633818626403808594e+00 -1.225005835294722956e-01 0.000000000000000000e+00 0.000000000000000000e+00 0.000000000000000000e+00 1.000000000000000000e+00
1.715860773355962038e+09 -4.474983215332031250e+00 -6.653242111206054688e+00 -1.033000946044921042e-01 0.000000000000000000e+00 0.000000000000000000e+00 0.000000000000000000e+00 1.000000000000000000e+00
1.715860773405121565e+09 -4.483666419982910156e+00 -6.659406661987304688e+00 -9.410730004310599583e-02 0.000000000000000000e+00 0.000000000000000000e+00 0.000000000000000000e+00 1.000000000000000000e+00
1.715860773504701614e+09 -4.506428718566895419e+00 -6.679689884185791016e+00 -7.843122631311409687e-02 0.000000000000000000e+00 0.000000000000000000e+00 0.000000000000000000e+00 1.000000000000000000e+00
1.715860773555120230e+09 -4.515517711639404297e+00 -6.686494350433349609e+00 -7.034395635128019852e-02 0.000000000000000000e+00 0.000000000000000000e+00 0.000000000000000000e+00 1.000000000000000000e+00
1.715860773606003523e+09 -4.523594856262207031e+00 -6.692679882049560547e+00 -6.250406056642529573e-02 0.000000000000000000e+00 0.000000000000000000e+00 0.000000000000000000e+00 1.000000000000000000e+00
1.715860773655781984e+09 -4.531161785125732422e+00 -6.699234485626220703e+00 -5.449402704834929723e-02 0.000000000000000000e+00 0.000000000000000000e+00 0.000000000000000000e+00 1.000000000000000000e+00
1.715860773705791712e+09 -4.542424201965332031e+00 -6.712606430053710938e+00 -4.866468906402580258e-02 0.000000000000000000e+00 0.000000000000000000e+00 0.000000000000000000e+00 1.000000000000000000e+00
1.715860773758256197e+09 -4.549149036407470703e+00 -6.719683647155761719e+00 -4.073902219533920288e-02 0.000000000000000000e+00 0.000000000000000000e+00 0.000000000000000000e+00 1.000000000000000000e+00
1.715860773807600498e+09 -4.555140018463134766e+00 -6.726109981536865234e+00 -3.239170461893080277e-02 0.000000000000000000e+00 0.000000000000000000e+00 0.000000000000000000e+00 1.000000000000000000e+00
1.715860773857494593e+09 -4.561584949493408203e+00 -6.733469486236572266e+00 -2.392366528511040077e-02 0.000000000000000000e+00 0.000000000000000000e+00 0.000000000000000000e+00 1.000000000000000000e+00
1.715860773957867861e+09 -4.572104930877685547e+00 -6.746102333068847656e+00 -6.817544344812600382e-03 0.000000000000000000e+00 0.000000000000000000e+00 0.000000000000000000e+00 1.000000000000000000e+00
1.715860774058704376e+09 -4.580773353576660156e+00 -6.757922172546386719e+00 1.072960789315399906e-03 0.000000000000000000e+00 0.000000000000000000e+00 0.000000000000000000e+00 1.000000000000000000e+00
1.715860774109549046e+09 -4.585451602935791016e+00 -6.764203071594238281e+00 1.064118649810549995e-02 0.000000000000000000e+00 0.000000000000000000e+00 0.000000000000000000e+00 1.000000000000000000e+00
1.715860774159171820e+09 -4.593226432800292969e+00 -6.775451660156250000e+00 3.034017421305169881e-02 0.000000000000000000e+00 0.000000000000000000e+00 0.000000000000000000e+00 1.000000000000000000e+00
1.715860774260369778e+09 -4.600399971008300781e+00 -6.786132335662841797e+00 3.995895013213150021e-02 0.000000000000000000e+00 0.000000000000000000e+00 0.000000000000000000e+00 1.000000000000000000e+00
1.715860774309960365e+09 -4.607450962066650391e+00 -6.797018527984619141e+00 6.195962429046630165e-02 0.000000000000000000e+00 0.000000000000000000e+00 0.000000000000000000e+00 1.000000000000000000e+00
1.715860774360229969e+09 -4.610658168792724609e+00 -6.802195072174072266e+00 7.374544441699980302e-02 0.000000000000000000e+00 0.000000000000000000e+00 0.000000000000000000e+00 1.000000000000000000e+00
1.715860774461056709e+09 -4.615544795989990234e+00 -6.809794425964356357e+00 8.508065342903130268e-02 0.000000000000000000e+00 0.000000000000000000e+00 0.000000000000000000e+00 1.000000000000000000e+00
1.715860774511564493e+09 -4.621872901916503906e+00 -6.818025112152099609e+00 1.105706170201301020e-01 0.000000000000000000e+00 0.000000000000000000e+00 0.000000000000000000e+00 1.000000000000000000e+00
1.715860774561450005e+09 -4.625806331634521484e+00 -6.821537017822265625e+00 1.231017336249350946e-01 0.000000000000000000e+00 0.000000000000000000e+00 0.000000000000000000e+00 1.000000000000000000e+00
1.715860774611993551e+09 -4.629836082458496094e+00 -6.823914527893066406e+00 1.365550905466078879e-01 0.000000000000000000e+00 0.000000000000000000e+00 0.000000000000000000e+00 1.000000000000000000e+00
1.715860774662531376e+09 -4.635453701019287109e+00 -6.827626228332520419e+00 1.499676108360289972e-01 0.000000000000000000e+00 0.000000000000000000e+00 0.000000000000000000e+00 1.000000000000000000e+00
1.715860774712198257e+09 -4.640268325805664062e+00 -6.829568862915039062e+00 1.642372161149978083e-01 0.000000000000000000e+00 0.000000000000000000e+00 0.000000000000000000e+00 1.000000000000000000e+00
1.715860774763151169e+09 -4.644985198974609375e+00 -6.830493450164794922e+00 1.794123798608779907e-01 0.000000000000000000e+00 0.000000000000000000e+00 0.000000000000000000e+00 1.000000000000000000e+00
1.715860774813180923e+09 -4.650661945343017578e+00 -6.831962108612060547e+00 1.946417093276976984e-01 0.000000000000000000e+00 0.000000000000000000e+00 0.000000000000000000e+00 1.000000000000000000e+00
1.715860774863440037e+09 -4.659227848052978516e+00 -6.836458683013916016e+00 2.106138169765472135e-01 0.000000000000000000e+00 0.000000000000000000e+00 0.000000000000000000e+00 1.000000000000000000e+00
1.715860774914478779e+09 -4.667304992675781250e+00 -6.838991165161132812e+00 2.276601791381835938e-01 0.000000000000000000e+00 0.000000000000000000e+00 0.000000000000000000e+00 1.000000000000000000e+00
1.715860774964243412e+09 -4.675779342651367188e+00 -6.841339588165283203e+00 2.454731762409209928e-01 0.000000000000000000e+00 0.000000000000000000e+00 0.000000000000000000e+00 1.000000000000000000e+00
1.715860775014653206e+09 -4.684280395507812500e+00 -6.843709468841552734e+00 2.638210058212280273e-01 0.000000000000000000e+00 0.000000000000000000e+00 0.000000000000000000e+00 1.000000000000000000e+00
1.715860775064904213e+09 -4.693460464477539062e+00 -6.846949577331542969e+00 2.831321656703948975e-01 0.000000000000000000e+00 0.000000000000000000e+00 0.000000000000000000e+00 1.000000000000000000e+00
1.715860775115137339e+09 -4.704693317413330078e+00 -6.853488445281982422e+00 3.017024099826812744e-01 0.000000000000000000e+00 0.000000000000000000e+00 0.000000000000000000e+00 1.000000000000000000e+00
1.715860775215337038e+09 -4.725541114807128906e+00 -6.860753536224365234e+00 3.425470888614653986e-01 0.000000000000000000e+00 0.000000000000000000e+00 0.000000000000000000e+00 1.000000000000000000e+00
1.715860775265769482e+09 -4.736868381500244141e+00 -6.864899635314941406e+00 3.630987703800200861e-01 0.000000000000000000e+00 0.000000000000000000e+00 0.000000000000000000e+00 1.000000000000000000e+00
1.715860775366632700e+09 -4.764482975006104404e+00 -6.881484508514404297e+00 4.022208154201507013e-01 0.000000000000000000e+00 0.000000000000000000e+00 0.000000000000000000e+00 1.000000000000000000e+00
1.715860775468142033e+09 -4.794295787811279297e+00 -6.904362201690673828e+00 4.381648898124694824e-01 0.000000000000000000e+00 0.000000000000000000e+00 0.000000000000000000e+00 1.000000000000000000e+00
1.715860775518204927e+09 -4.807054996490479404e+00 -6.912738800048828125e+00 4.550115764141082764e-01 0.000000000000000000e+00 0.000000000000000000e+00 0.000000000000000000e+00 1.000000000000000000e+00
1.715860775618518353e+09 -4.833091259002685547e+00 -6.931237220764160156e+00 4.874020516872406006e-01 0.000000000000000000e+00 0.000000000000000000e+00 0.000000000000000000e+00 1.000000000000000000e+00
1.715860775669260502e+09 -4.845447540283203125e+00 -6.940708637237548828e+00 5.024238824844360352e-01 0.000000000000000000e+00 0.000000000000000000e+00 0.000000000000000000e+00 1.000000000000000000e+00
1.715860775770326853e+09 -4.866913318634033203e+00 -6.965430736541748047e+00 5.142652392387390137e-01 0.000000000000000000e+00 0.000000000000000000e+00 0.000000000000000000e+00 1.000000000000000000e+00
1.715860775820945740e+09 -4.890008926391601562e+00 -6.990897655487060547e+00 5.402868986129760742e-01 0.000000000000000000e+00 0.000000000000000000e+00 0.000000000000000000e+00 1.000000000000000000e+00
1.715860775870622396e+09 -4.901688098907470703e+00 -7.005101203918457031e+00 5.515484213829040527e-01 0.000000000000000000e+00 0.000000000000000000e+00 0.000000000000000000e+00 1.000000000000000000e+00
1.715860775921552420e+09 -4.912582397460937500e+00 -7.018445014953613281e+00 5.616176724433898926e-01 0.000000000000000000e+00 0.000000000000000000e+00 0.000000000000000000e+00 1.000000000000000000e+00
1.715860776023828030e+09 -4.945004463195800781e+00 -7.062819957733154297e+00 5.771838426589965820e-01 0.000000000000000000e+00 0.000000000000000000e+00 0.000000000000000000e+00 1.000000000000000000e+00
1.715860776071934462e+09 -4.955948829650878906e+00 -7.079358577728272373e+00 5.841163992881774902e-01 0.000000000000000000e+00 0.000000000000000000e+00 0.000000000000000000e+00 1.000000000000000000e+00
1.715860776121718168e+09 -4.966192722320556641e+00 -7.096275329589843750e+00 5.902422666549682617e-01 0.000000000000000000e+00 0.000000000000000000e+00 0.000000000000000000e+00 1.000000000000000000e+00
1.715860776222879887e+09 -4.996124744415283203e+00 -7.148580074310302734e+00 5.972149968147277832e-01 0.000000000000000000e+00 0.000000000000000000e+00 0.000000000000000000e+00 1.000000000000000000e+00
1.715860776272681236e+09 -5.005042076110839844e+00 -7.167246818542480469e+00 6.002634167671203613e-01 0.000000000000000000e+00 0.000000000000000000e+00 0.000000000000000000e+00 1.000000000000000000e+00
1.715860776323701620e+09 -5.013670921325683594e+00 -7.185912609100341797e+00 6.017019152641296387e-01 0.000000000000000000e+00 0.000000000000000000e+00 0.000000000000000000e+00 1.000000000000000000e+00
1.715860776423756599e+09 -5.041439533233642578e+00 -7.244687557220458984e+00 5.994877219200134277e-01 0.000000000000000000e+00 0.000000000000000000e+00 0.000000000000000000e+00 1.000000000000000000e+00
1.715860776474508286e+09 -5.047757148742675781e+00 -7.267075538635253906e+00 5.982759594917297363e-01 0.000000000000000000e+00 0.000000000000000000e+00 0.000000000000000000e+00 1.000000000000000000e+00
1.715860776525704861e+09 -5.053067207336425781e+00 -7.288831710815429688e+00 5.962431430816650391e-01 0.000000000000000000e+00 0.000000000000000000e+00 0.000000000000000000e+00 1.000000000000000000e+00
1.715860776626487017e+09 -5.075633525848388672e+00 -7.355342388153076172e+00 5.882272720336914062e-01 0.000000000000000000e+00 0.000000000000000000e+00 0.000000000000000000e+00 1.000000000000000000e+00
1.715860776675770521e+09 -5.079959869384765625e+00 -7.381171703338623047e+00 5.842633843421936035e-01 0.000000000000000000e+00 0.000000000000000000e+00 0.000000000000000000e+00 1.000000000000000000e+00
1.715860776725944757e+09 -5.084983825683593750e+00 -7.410120010375976562e+00 5.799472332000732422e-01 0.000000000000000000e+00 0.000000000000000000e+00 0.000000000000000000e+00 1.000000000000000000e+00
1.715860776776564837e+09 -5.101102828979492188e+00 -7.457812786102294922e+00 5.720631480216979980e-01 0.000000000000000000e+00 0.000000000000000000e+00 0.000000000000000000e+00 1.000000000000000000e+00
1.715860776826705456e+09 -5.101954460144042969e+00 -7.485832691192626953e+00 5.670876502990722656e-01 0.000000000000000000e+00 0.000000000000000000e+00 0.000000000000000000e+00 1.000000000000000000e+00
1.715860776876866102e+09 -5.100890159606933594e+00 -7.512682914733886719e+00 5.620381236076354980e-01 0.000000000000000000e+00 0.000000000000000000e+00 0.000000000000000000e+00 1.000000000000000000e+00
1.715860776926921129e+09 -5.099681854248046875e+00 -7.541964054107666016e+00 5.565067529678344727e-01 0.000000000000000000e+00 0.000000000000000000e+00 0.000000000000000000e+00 1.000000000000000000e+00
1.715860776979579926e+09 -5.098074436187744141e+00 -7.572670936584472656e+00 5.508712530136108398e-01 0.000000000000000000e+00 0.000000000000000000e+00 0.000000000000000000e+00 1.000000000000000000e+00
1.715860777027914762e+09 -5.108856201171875000e+00 -7.623788833618164062e+00 5.429469347000122070e-01 0.000000000000000000e+00 0.000000000000000000e+00 0.000000000000000000e+00 1.000000000000000000e+00
1.715860777078457355e+09 -5.104099273681640625e+00 -7.652964115142822266e+00 5.380175709724426270e-01 0.000000000000000000e+00 0.000000000000000000e+00 0.000000000000000000e+00 1.000000000000000000e+00
1.715860777129537106e+09 -5.101724147796630859e+00 -7.685349941253662109e+00 5.332424640655517578e-01 0.000000000000000000e+00 0.000000000000000000e+00 0.000000000000000000e+00 1.000000000000000000e+00
1.715860777178746700e+09 -5.099522113800048828e+00 -7.716434001922607422e+00 5.290338397026062012e-01 0.000000000000000000e+00 0.000000000000000000e+00 0.000000000000000000e+00 1.000000000000000000e+00
1.715860777228557110e+09 -5.108369827270507812e+00 -7.768811702728270596e+00 5.226362943649291992e-01 0.000000000000000000e+00 0.000000000000000000e+00 0.000000000000000000e+00 1.000000000000000000e+00
1.715860777278909922e+09 -5.103541374206542969e+00 -7.801601886749267578e+00 5.191323161125183105e-01 0.000000000000000000e+00 0.000000000000000000e+00 0.000000000000000000e+00 1.000000000000000000e+00
1.715860777329244614e+09 -5.097858905792236328e+00 -7.833768844604492188e+00 5.162934660911560059e-01 0.000000000000000000e+00 0.000000000000000000e+00 0.000000000000000000e+00 1.000000000000000000e+00
1.715860777531066656e+09 -5.088789939880371094e+00 -7.987735271453857422e+00 5.054442286491394043e-01 0.000000000000000000e+00 0.000000000000000000e+00 0.000000000000000000e+00 1.000000000000000000e+00
1.715860777752756834e+09 -5.072341442108154297e+00 -8.088150978088378906e+00 5.024553537368774414e-01 0.000000000000000000e+00 0.000000000000000000e+00 0.000000000000000000e+00 1.000000000000000000e+00
1.715860778012556553e+09 -5.066133499145507812e+00 -8.324378013610839844e+00 4.796750843524932861e-01 0.000000000000000000e+00 0.000000000000000000e+00 0.000000000000000000e+00 1.000000000000000000e+00
1.715860778537595510e+09 -5.025561809539794922e+00 -8.739012718200683594e+00 4.064795672893524170e-01 0.000000000000000000e+00 0.000000000000000000e+00 0.000000000000000000e+00 1.000000000000000000e+00
1.715860778746953726e+09 -4.985895156860351562e+00 -8.898742675781250000e+00 3.750816881656646729e-01 0.000000000000000000e+00 0.000000000000000000e+00 0.000000000000000000e+00 1.000000000000000000e+00
1.715860778788549662e+09 -4.951149463653564453e+00 -8.972504615783691406e+00 3.593840003013610840e-01 0.000000000000000000e+00 0.000000000000000000e+00 0.000000000000000000e+00 1.000000000000000000e+00
1.715860778989964485e+09 -4.872182369232177734e+00 -9.145256042480468750e+00 3.187577128410338800e-01 0.000000000000000000e+00 0.000000000000000000e+00 0.000000000000000000e+00 1.000000000000000000e+00
1.715860779342884302e+09 -4.679760456085205078e+00 -9.481609344482421875e+00 2.319808304309844971e-01 0.000000000000000000e+00 0.000000000000000000e+00 0.000000000000000000e+00 1.000000000000000000e+00
1.715860779393221378e+09 -4.645789146423339844e+00 -9.527978897094728339e+00 2.190843522548674982e-01 0.000000000000000000e+00 0.000000000000000000e+00 0.000000000000000000e+00 1.000000000000000000e+00
1.715860779594396114e+09 -4.524354457855224609e+00 -9.743605613708496094e+00 1.648122519254683893e-01 0.000000000000000000e+00 0.000000000000000000e+00 0.000000000000000000e+00 1.000000000000000000e+00
1.715860779795895576e+09 -4.402738094329833984e+00 -9.972727775573730469e+00 1.188184171915054044e-01 0.000000000000000000e+00 0.000000000000000000e+00 0.000000000000000000e+00 1.000000000000000000e+00
1.715860779998219013e+09 -4.290680408477783203e+00 -1.020872020721435547e+01 7.915747165679930253e-02 0.000000000000000000e+00 0.000000000000000000e+00 0.000000000000000000e+00 1.000000000000000000e+00
1.715860780198197603e+09 -4.221524238586425781e+00 -1.040745449066161932e+01 4.774837195873259804e-02 0.000000000000000000e+00 0.000000000000000000e+00 0.000000000000000000e+00 1.000000000000000000e+00
1.715860780399200678e+09 -4.135794162750244141e+00 -1.066535282135009766e+01 1.181073393672700013e-02 0.000000000000000000e+00 0.000000000000000000e+00 0.000000000000000000e+00 1.000000000000000000e+00
1.715860781212251425e+09 -3.865972757339477539e+00 -1.181729221343993963e+01 -3.874243050813670070e-02 0.000000000000000000e+00 0.000000000000000000e+00 0.000000000000000000e+00 1.000000000000000000e+00
1.715860781455909014e+09 -3.832207679748535156e+00 -1.219065761566161932e+01 -3.245511651039120066e-02 0.000000000000000000e+00 0.000000000000000000e+00 0.000000000000000000e+00 1.000000000000000000e+00
1.715860781506829262e+09 -3.839371204376220703e+00 -1.231050968170166016e+01 -3.488803654909129748e-02 0.000000000000000000e+00 0.000000000000000000e+00 0.000000000000000000e+00 1.000000000000000000e+00
1.715860781556417704e+09 -3.828974962234497070e+00 -1.237543869018554865e+01 -3.039148636162279996e-02 0.000000000000000000e+00 0.000000000000000000e+00 0.000000000000000000e+00 1.000000000000000000e+00
1.715860781607054234e+09 -3.818455934524536133e+00 -1.244250869750976562e+01 -2.526324801146979937e-02 0.000000000000000000e+00 0.000000000000000000e+00 0.000000000000000000e+00 1.000000000000000000e+00
1.715860781657201052e+09 -3.808458328247070312e+00 -1.250932598114013672e+01 -2.022698149085040004e-02 0.000000000000000000e+00 0.000000000000000000e+00 0.000000000000000000e+00 1.000000000000000000e+00
1.715860781707680702e+09 -3.817998409271239790e+00 -1.263761234283447266e+01 -2.268170751631259918e-02 0.000000000000000000e+00 0.000000000000000000e+00 0.000000000000000000e+00 1.000000000000000000e+00
1.715860781758096218e+09 -3.808506488800048828e+00 -1.270523738861083984e+01 -1.712083630263799838e-02 0.000000000000000000e+00 0.000000000000000000e+00 0.000000000000000000e+00 1.000000000000000000e+00
1.715860781808174849e+09 -3.798629999160767046e+00 -1.277608776092529119e+01 -1.123037841171019985e-02 0.000000000000000000e+00 0.000000000000000000e+00 0.000000000000000000e+00 1.000000000000000000e+00
1.715860781858528137e+09 -3.789214134216308594e+00 -1.284668827056884766e+01 -5.619327072054100015e-03 0.000000000000000000e+00 0.000000000000000000e+00 0.000000000000000000e+00 1.000000000000000000e+00
1.715860781908726215e+09 -3.777893781661987305e+00 -1.291576957702636719e+01 8.460019016638000268e-04 0.000000000000000000e+00 0.000000000000000000e+00 0.000000000000000000e+00 1.000000000000000000e+00
1.715860781959268808e+09 -3.782706975936889648e+00 -1.304015827178955078e+01 1.352675259113300058e-03 0.000000000000000000e+00 0.000000000000000000e+00 0.000000000000000000e+00 1.000000000000000000e+00
1.715860782009184361e+09 -3.770503044128417969e+00 -1.310838794708251953e+01 8.785295300185600592e-03 0.000000000000000000e+00 0.000000000000000000e+00 0.000000000000000000e+00 1.000000000000000000e+00
1.715860782059806824e+09 -3.755968570709228960e+00 -1.317411994934082031e+01 1.676956564188000071e-02 0.000000000000000000e+00 0.000000000000000000e+00 0.000000000000000000e+00 1.000000000000000000e+00
1.715860782109966755e+09 -3.745452880859375000e+00 -1.324677848815917969e+01 2.290159650146960171e-02 0.000000000000000000e+00 0.000000000000000000e+00 0.000000000000000000e+00 1.000000000000000000e+00
1.715860782160105705e+09 -3.729558706283568892e+00 -1.331377410888672053e+01 3.104934282600869955e-02 0.000000000000000000e+00 0.000000000000000000e+00 0.000000000000000000e+00 1.000000000000000000e+00
1.715860782260745287e+09 -3.729337930679320845e+00 -1.344032859802245916e+01 3.286999091506000170e-02 0.000000000000000000e+00 0.000000000000000000e+00 0.000000000000000000e+00 1.000000000000000000e+00
1.715860782310924053e+09 -3.711127996444702148e+00 -1.350884151458740234e+01 4.136518016457550045e-02 0.000000000000000000e+00 0.000000000000000000e+00 0.000000000000000000e+00 1.000000000000000000e+00
1.715860782361445189e+09 -3.674575328826903853e+00 -1.364763641357422053e+01 5.817290022969239666e-02 0.000000000000000000e+00 0.000000000000000000e+00 0.000000000000000000e+00 1.000000000000000000e+00
1.715860782462997437e+09 -3.669928789138793945e+00 -1.377511787414550781e+01 6.152195855975149674e-02 0.000000000000000000e+00 0.000000000000000000e+00 0.000000000000000000e+00 1.000000000000000000e+00
1.715860782512252569e+09 -3.648179054260253906e+00 -1.384634780883789062e+01 7.144129276275630602e-02 0.000000000000000000e+00 0.000000000000000000e+00 0.000000000000000000e+00 1.000000000000000000e+00
1.715860782563045025e+09 -3.602090597152709961e+00 -1.398598766326904475e+01 9.139369428157799458e-02 0.000000000000000000e+00 0.000000000000000000e+00 0.000000000000000000e+00 1.000000000000000000e+00
1.715860782663205147e+09 -3.566284418106079102e+00 -1.418633651733398438e+01 1.072694584727287015e-01 0.000000000000000000e+00 0.000000000000000000e+00 0.000000000000000000e+00 1.000000000000000000e+00
1.715860782764802933e+09 -3.517280340194702148e+00 -1.433091735839843750e+01 1.284397393465042114e-01 0.000000000000000000e+00 0.000000000000000000e+00 0.000000000000000000e+00 1.000000000000000000e+00
1.715860782867301464e+09 -3.475642442703247070e+00 -1.453903293609619141e+01 1.471267342567443015e-01 0.000000000000000000e+00 0.000000000000000000e+00 0.000000000000000000e+00 1.000000000000000000e+00
1.715860782917029858e+09 -3.447235822677612305e+00 -1.461500358581542969e+01 1.594827175140380027e-01 0.000000000000000000e+00 0.000000000000000000e+00 0.000000000000000000e+00 1.000000000000000000e+00
1.715860783020240545e+09 -3.385559558868408203e+00 -1.476160144805908203e+01 1.864995211362837912e-01 0.000000000000000000e+00 0.000000000000000000e+00 0.000000000000000000e+00 1.000000000000000000e+00
1.715860783067078114e+09 -3.367461204528808594e+00 -1.489830875396728338e+01 1.961621195077896118e-01 0.000000000000000000e+00 0.000000000000000000e+00 0.000000000000000000e+00 1.000000000000000000e+00
1.715860783116552591e+09 -3.336088657379150391e+00 -1.497041225433349609e+01 2.113672345876692893e-01 0.000000000000000000e+00 0.000000000000000000e+00 0.000000000000000000e+00 1.000000000000000000e+00
1.715860783216671228e+09 -3.272032022476196289e+00 -1.511754131317138850e+01 2.426333725452423096e-01 0.000000000000000000e+00 0.000000000000000000e+00 0.000000000000000000e+00 1.000000000000000000e+00
1.715860783266752243e+09 -3.238256216049194336e+00 -1.518984794616699219e+01 2.603682279586791992e-01 0.000000000000000000e+00 0.000000000000000000e+00 0.000000000000000000e+00 1.000000000000000000e+00
1.715860783368032694e+09 -3.185913085937500000e+00 -1.540310478210449219e+01 2.911222875118255060e-01 0.000000000000000000e+00 0.000000000000000000e+00 0.000000000000000000e+00 1.000000000000000000e+00
1.715860783468249083e+09 -3.131714344024658203e+00 -1.560430812835693359e+01 3.294283151626586914e-01 0.000000000000000000e+00 0.000000000000000000e+00 0.000000000000000000e+00 1.000000000000000000e+00
1.715860783518684864e+09 -3.095327615737915039e+00 -1.567848300933838068e+01 3.501352965831756037e-01 0.000000000000000000e+00 0.000000000000000000e+00 0.000000000000000000e+00 1.000000000000000000e+00
1.715860783568634510e+09 -3.059127569198608398e+00 -1.575252342224121271e+01 3.722878694534301758e-01 0.000000000000000000e+00 0.000000000000000000e+00 0.000000000000000000e+00 1.000000000000000000e+00
1.715860783670212030e+09 -3.004825830459594727e+00 -1.596556282043457031e+01 4.109729826450347900e-01 0.000000000000000000e+00 0.000000000000000000e+00 0.000000000000000000e+00 1.000000000000000000e+00
1.715860783720274210e+09 -2.971860408782958984e+00 -1.604354667663574219e+01 4.334746301174163818e-01 0.000000000000000000e+00 0.000000000000000000e+00 0.000000000000000000e+00 1.000000000000000000e+00
1.715860783769715548e+09 -2.939663171768188477e+00 -1.611804962158203125e+01 4.543629884719848078e-01 0.000000000000000000e+00 0.000000000000000000e+00 0.000000000000000000e+00 1.000000000000000000e+00
1.715860783870914698e+09 -2.873179674148560014e+00 -1.627019691467285156e+01 4.996023178100585938e-01 0.000000000000000000e+00 0.000000000000000000e+00 0.000000000000000000e+00 1.000000000000000000e+00
1.715860783920615196e+09 -2.852244138717651811e+00 -1.641428375244140625e+01 5.180180668830871582e-01 0.000000000000000000e+00 0.000000000000000000e+00 0.000000000000000000e+00 1.000000000000000000e+00
1.715860783971188307e+09 -2.818894624710083008e+00 -1.648947525024414062e+01 5.413176417350769043e-01 0.000000000000000000e+00 0.000000000000000000e+00 0.000000000000000000e+00 1.000000000000000000e+00
1.715860784070748329e+09 -2.753228902816772461e+00 -1.664625358581542969e+01 5.873638987541198730e-01 0.000000000000000000e+00 0.000000000000000000e+00 0.000000000000000000e+00 1.000000000000000000e+00
1.715860784121129751e+09 -2.720885038375854492e+00 -1.672278022766113281e+01 6.101208925247192383e-01 0.000000000000000000e+00 0.000000000000000000e+00 0.000000000000000000e+00 1.000000000000000000e+00
1.715860784172322273e+09 -2.699765443801879883e+00 -1.686920928955078125e+01 6.302319765090942383e-01 0.000000000000000000e+00 0.000000000000000000e+00 0.000000000000000000e+00 1.000000000000000000e+00
1.715860784274244785e+09 -2.638413906097412109e+00 -1.702605056762695312e+01 6.763267517089843750e-01 0.000000000000000000e+00 0.000000000000000000e+00 0.000000000000000000e+00 1.000000000000000000e+00
1.715860784323629618e+09 -2.606807470321655718e+00 -1.710293388366699219e+01 7.006484866142272949e-01 0.000000000000000000e+00 0.000000000000000000e+00 0.000000000000000000e+00 1.000000000000000000e+00
1.715860784423191786e+09 -2.590129613876342773e+00 -1.725308418273925781e+01 7.192501425743103027e-01 0.000000000000000000e+00 0.000000000000000000e+00 0.000000000000000000e+00 1.000000000000000000e+00
1.715860784474889755e+09 -2.531779766082764116e+00 -1.740742111206054688e+01 7.673560976982116699e-01 0.000000000000000000e+00 0.000000000000000000e+00 0.000000000000000000e+00 1.000000000000000000e+00
1.715860784524017334e+09 -2.504230022430419922e+00 -1.748415756225585938e+01 7.914678454399108887e-01 0.000000000000000000e+00 0.000000000000000000e+00 0.000000000000000000e+00 1.000000000000000000e+00
1.715860784575228453e+09 -2.479196310043334961e+00 -1.756141281127929688e+01 8.152301907539367676e-01 0.000000000000000000e+00 0.000000000000000000e+00 0.000000000000000000e+00 1.000000000000000000e+00
1.715860784630290985e+09 -2.466429471969604492e+00 -1.771354484558105469e+01 8.366358876228332520e-01 0.000000000000000000e+00 0.000000000000000000e+00 0.000000000000000000e+00 1.000000000000000000e+00
1.715860784675508022e+09 -2.444440603256225586e+00 -1.778816413879394531e+01 8.610275983810424805e-01 0.000000000000000000e+00 0.000000000000000000e+00 0.000000000000000000e+00 1.000000000000000000e+00
1.715860784775820255e+09 -2.402452230453491211e+00 -1.794288253784179688e+01 9.092361927032471813e-01 0.000000000000000000e+00 0.000000000000000000e+00 0.000000000000000000e+00 1.000000000000000000e+00
1.715860784876820564e+09 -2.375022411346435547e+00 -1.816988945007323863e+01 9.540318846702575684e-01 0.000000000000000000e+00 0.000000000000000000e+00 0.000000000000000000e+00 1.000000000000000000e+00
1.715860784977339029e+09 -2.357648849487304688e+00 -1.839124488830566406e+01 9.983956813812255859e-01 0.000000000000000000e+00 0.000000000000000000e+00 0.000000000000000000e+00 1.000000000000000000e+00
1.715860785026867628e+09 -2.346501827239990234e+00 -1.846583747863769176e+01 1.020457506179809570e+00 0.000000000000000000e+00 0.000000000000000000e+00 0.000000000000000000e+00 1.000000000000000000e+00
1.715860785078179359e+09 -2.339140176773071733e+00 -1.853989410400390270e+01 1.042232394218444824e+00 0.000000000000000000e+00 0.000000000000000000e+00 0.000000000000000000e+00 1.000000000000000000e+00
1.715860785178414106e+09 -2.320052862167358398e+00 -1.876131057739257457e+01 1.101777553558349609e+00 0.000000000000000000e+00 0.000000000000000000e+00 0.000000000000000000e+00 1.000000000000000000e+00
1.715860785281095505e+09 -2.326615571975708008e+00 -1.890495300292968750e+01 1.119132518768310325e+00 0.000000000000000000e+00 0.000000000000000000e+00 0.000000000000000000e+00 1.000000000000000000e+00
1.715860785329441547e+09 -2.327511548995972124e+00 -1.904650306701660156e+01 1.151552081108093262e+00 0.000000000000000000e+00 0.000000000000000000e+00 0.000000000000000000e+00 1.000000000000000000e+00
1.715860785430176973e+09 -2.340494394302368164e+00 -1.918519020080566406e+01 1.164638638496398926e+00 0.000000000000000000e+00 0.000000000000000000e+00 0.000000000000000000e+00 1.000000000000000000e+00
1.715860785480805159e+09 -2.347162008285522461e+00 -1.925612831115722656e+01 1.178106188774108887e+00 0.000000000000000000e+00 0.000000000000000000e+00 0.000000000000000000e+00 1.000000000000000000e+00
1.715860785582144260e+09 -2.366349697113037109e+00 -1.939618682861328125e+01 1.200478792190551758e+00 0.000000000000000000e+00 0.000000000000000000e+00 0.000000000000000000e+00 1.000000000000000000e+00
1.715860785832340717e+09 -2.471657276153564453e+00 -1.979784584045410156e+01 1.238236665725708008e+00 0.000000000000000000e+00 0.000000000000000000e+00 0.000000000000000000e+00 1.000000000000000000e+00
1.715860785882226229e+09 -2.494453907012939453e+00 -1.985855102539062500e+01 1.243485927581787109e+00 0.000000000000000000e+00 0.000000000000000000e+00 0.000000000000000000e+00 1.000000000000000000e+00
1.715860785933165550e+09 -2.530481100082397017e+00 -1.998709106445312500e+01 1.245931625366210938e+00 0.000000000000000000e+00 0.000000000000000000e+00 0.000000000000000000e+00 1.000000000000000000e+00
1.715860785983199596e+09 -2.561734676361083984e+00 -2.004464149475097656e+01 1.248534440994262695e+00 0.000000000000000000e+00 0.000000000000000000e+00 0.000000000000000000e+00 1.000000000000000000e+00
1.715860786034703732e+09 -2.594777345657348633e+00 -2.010797882080078125e+01 1.250927686691284180e+00 0.000000000000000000e+00 0.000000000000000000e+00 0.000000000000000000e+00 1.000000000000000000e+00
1.715860786083986759e+09 -2.629304885864257812e+00 -2.016805076599121094e+01 1.251725435256958008e+00 0.000000000000000000e+00 0.000000000000000000e+00 0.000000000000000000e+00 1.000000000000000000e+00
1.715860786184619188e+09 -2.674961805343627930e+00 -2.029116058349609375e+01 1.251119971275329590e+00 0.000000000000000000e+00 0.000000000000000000e+00 0.000000000000000000e+00 1.000000000000000000e+00
1.715860786235509396e+09 -2.713904857635498047e+00 -2.034753036499023438e+01 1.250751137733459695e+00 0.000000000000000000e+00 0.000000000000000000e+00 0.000000000000000000e+00 1.000000000000000000e+00
1.715860786285139561e+09 -2.841987609863280806e+00 -2.051173400878906250e+01 1.246343493461608887e+00 0.000000000000000000e+00 0.000000000000000000e+00 0.000000000000000000e+00 1.000000000000000000e+00
1.715860786386994600e+09 -2.896339893341064453e+00 -2.062528038024902344e+01 1.242738723754882812e+00 0.000000000000000000e+00 0.000000000000000000e+00 0.000000000000000000e+00 1.000000000000000000e+00
1.715860786486717224e+09 -2.995215892791748047e+00 -2.073434829711914062e+01 1.235305070877075195e+00 0.000000000000000000e+00 0.000000000000000000e+00 0.000000000000000000e+00 1.000000000000000000e+00
1.715860786536469460e+09 -3.047504186630249023e+00 -2.078124237060546875e+01 1.229557752609252930e+00 0.000000000000000000e+00 0.000000000000000000e+00 0.000000000000000000e+00 1.000000000000000000e+00
1.715860786639553547e+09 -3.217376708984375000e+00 -2.098198699951171875e+01 1.205810308456420898e+00 0.000000000000000000e+00 0.000000000000000000e+00 0.000000000000000000e+00 1.000000000000000000e+00
1.715860786687587261e+09 -3.274400472640991211e+00 -2.102668190002441051e+01 1.196230053901672363e+00 0.000000000000000000e+00 0.000000000000000000e+00 0.000000000000000000e+00 1.000000000000000000e+00
1.715860786788506031e+09 -3.341222524642944336e+00 -2.112133789062500000e+01 1.186186313629150391e+00 0.000000000000000000e+00 0.000000000000000000e+00 0.000000000000000000e+00 1.000000000000000000e+00
1.715860786888579607e+09 -3.460062980651855469e+00 -2.120324707031250000e+01 1.166220307350158691e+00 0.000000000000000000e+00 0.000000000000000000e+00 0.000000000000000000e+00 1.000000000000000000e+00
1.715860786939368486e+09 -3.583122730255126953e+00 -2.128490066528320312e+01 1.144115447998046875e+00 0.000000000000000000e+00 0.000000000000000000e+00 0.000000000000000000e+00 1.000000000000000000e+00
1.715860787039695978e+09 -3.657054185867309570e+00 -2.137563133239746094e+01 1.132040023803710938e+00 0.000000000000000000e+00 0.000000000000000000e+00 0.000000000000000000e+00 1.000000000000000000e+00
1.715860787140043736e+09 -3.851355075836181641e+00 -2.148219490051269176e+01 1.100600242614746094e+00 0.000000000000000000e+00 0.000000000000000000e+00 0.000000000000000000e+00 1.000000000000000000e+00
1.715860787240411997e+09 -3.923344612121582031e+00 -2.156148529052734375e+01 1.089697003364562988e+00 0.000000000000000000e+00 0.000000000000000000e+00 0.000000000000000000e+00 1.000000000000000000e+00
1.715860787342124224e+09 -3.989673614501953125e+00 -2.159284782409667969e+01 1.078830718994140625e+00 0.000000000000000000e+00 0.000000000000000000e+00 0.000000000000000000e+00 1.000000000000000000e+00
1.715860787392003298e+09 -4.128558158874511719e+00 -2.169562911987304688e+01 1.057319641113281250e+00 0.000000000000000000e+00 0.000000000000000000e+00 0.000000000000000000e+00 1.000000000000000000e+00
1.715860787444197655e+09 -4.196056842803955078e+00 -2.172323417663574574e+01 1.047725319862365501e+00 0.000000000000000000e+00 0.000000000000000000e+00 0.000000000000000000e+00 1.000000000000000000e+00
1.715860787492894888e+09 -4.330168724060058594e+00 -2.178008460998535156e+01 1.026004910469055176e+00 0.000000000000000000e+00 0.000000000000000000e+00 0.000000000000000000e+00 1.000000000000000000e+00
1.715860787593500376e+09 -4.397414684295654297e+00 -2.180822181701660156e+01 1.015472769737243652e+00 0.000000000000000000e+00 0.000000000000000000e+00 0.000000000000000000e+00 1.000000000000000000e+00
1.715860787643865347e+09 -4.464682102203369141e+00 -2.183312797546386719e+01 1.005376815795898438e+00 0.000000000000000000e+00 0.000000000000000000e+00 0.000000000000000000e+00 1.000000000000000000e+00
1.715860787743127823e+09 -4.604581832885742188e+00 -2.191499137878417969e+01 9.837617874145507812e-01 0.000000000000000000e+00 0.000000000000000000e+00 0.000000000000000000e+00 1.000000000000000000e+00
1.715860787794029236e+09 -4.666330814361572266e+00 -2.193749809265136719e+01 9.741021990776062012e-01 0.000000000000000000e+00 0.000000000000000000e+00 0.000000000000000000e+00 1.000000000000000000e+00
1.715860787843972683e+09 -4.736702442169189453e+00 -2.199277305603027699e+01 9.636759757995604359e-01 0.000000000000000000e+00 0.000000000000000000e+00 0.000000000000000000e+00 1.000000000000000000e+00
1.715860787894197464e+09 -4.798928737640380859e+00 -2.201283645629882812e+01 9.540460109710692249e-01 0.000000000000000000e+00 0.000000000000000000e+00 0.000000000000000000e+00 1.000000000000000000e+00
1.715860787945073366e+09 -4.920351982116699219e+00 -2.204808616638183949e+01 9.355064630508423962e-01 0.000000000000000000e+00 0.000000000000000000e+00 0.000000000000000000e+00 1.000000000000000000e+00
1.715860788045986891e+09 -4.985996723175048828e+00 -2.209050750732421875e+01 9.252524375915528454e-01 0.000000000000000000e+00 0.000000000000000000e+00 0.000000000000000000e+00 1.000000000000000000e+00
1.715860788095904827e+09 -5.044877052307128906e+00 -2.210562896728515980e+01 9.158809185028076172e-01 0.000000000000000000e+00 0.000000000000000000e+00 0.000000000000000000e+00 1.000000000000000000e+00
1.715860788149698257e+09 -5.102561950683593750e+00 -2.211780738830566406e+01 9.064409136772155762e-01 0.000000000000000000e+00 0.000000000000000000e+00 0.000000000000000000e+00 1.000000000000000000e+00
1.715860788246162891e+09 -5.268961906433105469e+00 -2.215208816528320312e+01 8.797127604484558105e-01 0.000000000000000000e+00 0.000000000000000000e+00 0.000000000000000000e+00 1.000000000000000000e+00
1.715860788397543192e+09 -5.428928375244140625e+00 -2.220126152038574574e+01 8.529142141342163086e-01 0.000000000000000000e+00 0.000000000000000000e+00 0.000000000000000000e+00 1.000000000000000000e+00
1.715860788448375463e+09 -5.477778434753417969e+00 -2.220961570739746094e+01 8.440298438072204590e-01 0.000000000000000000e+00 0.000000000000000000e+00 0.000000000000000000e+00 1.000000000000000000e+00
1.715860788498919010e+09 -5.524849414825440341e+00 -2.221623611450195668e+01 8.346250057220458984e-01 0.000000000000000000e+00 0.000000000000000000e+00 0.000000000000000000e+00 1.000000000000000000e+00
1.715860788649273396e+09 -5.663568973541259766e+00 -2.224656105041503906e+01 8.079208731651306152e-01 0.000000000000000000e+00 0.000000000000000000e+00 0.000000000000000000e+00 1.000000000000000000e+00
1.715860788749667645e+09 -5.750823974609375000e+00 -2.226913070678710938e+01 7.915132641792297363e-01 0.000000000000000000e+00 0.000000000000000000e+00 0.000000000000000000e+00 1.000000000000000000e+00
1.715860788800381184e+09 -5.791491508483886719e+00 -2.227285575866699219e+01 7.848961949348449707e-01 0.000000000000000000e+00 0.000000000000000000e+00 0.000000000000000000e+00 1.000000000000000000e+00
1.715860788900643110e+09 -5.871928691864013672e+00 -2.227807807922363637e+01 7.656739354133605957e-01 0.000000000000000000e+00 0.000000000000000000e+00 0.000000000000000000e+00 1.000000000000000000e+00
1.715860789001187086e+09 -5.911160945892333984e+00 -2.229431915283203125e+01 7.565832734107971191e-01 0.000000000000000000e+00 0.000000000000000000e+00 0.000000000000000000e+00 1.000000000000000000e+00
1.715860789057983398e+09 -5.986423969268798828e+00 -2.229845046997070312e+01 7.371073961257934570e-01 0.000000000000000000e+00 0.000000000000000000e+00 0.000000000000000000e+00 1.000000000000000000e+00
1.715860789101882935e+09 -6.021665096282958984e+00 -2.229905509948730469e+01 7.291258573532104492e-01 0.000000000000000000e+00 0.000000000000000000e+00 0.000000000000000000e+00 1.000000000000000000e+00
1.715860789152632236e+09 -6.054076194763183594e+00 -2.229932785034180043e+01 7.208048701286315918e-01 0.000000000000000000e+00 0.000000000000000000e+00 0.000000000000000000e+00 1.000000000000000000e+00
1.715860789264013767e+09 -6.119654655456542969e+00 -2.230983352661132812e+01 7.022802829742431641e-01 0.000000000000000000e+00 0.000000000000000000e+00 0.000000000000000000e+00 1.000000000000000000e+00
1.715860789353572369e+09 -6.182752609252929688e+00 -2.231142425537109375e+01 6.815643310546875000e-01 0.000000000000000000e+00 0.000000000000000000e+00 0.000000000000000000e+00 1.000000000000000000e+00
1.715860789457311153e+09 -6.214920043945312500e+00 -2.231870841979980469e+01 6.705626845359802246e-01 0.000000000000000000e+00 0.000000000000000000e+00 0.000000000000000000e+00 1.000000000000000000e+00
1.715860789504475832e+09 -6.243690967559815341e+00 -2.231755065917968750e+01 6.595995426177978516e-01 0.000000000000000000e+00 0.000000000000000000e+00 0.000000000000000000e+00 1.000000000000000000e+00
1.715860789554662228e+09 -6.296236038208007812e+00 -2.231341743469238281e+01 6.380259394645690918e-01 0.000000000000000000e+00 0.000000000000000000e+00 0.000000000000000000e+00 1.000000000000000000e+00
1.715860789659193277e+09 -6.344014167785644531e+00 -2.231155776977539062e+01 6.169530749320983887e-01 0.000000000000000000e+00 0.000000000000000000e+00 0.000000000000000000e+00 1.000000000000000000e+00
1.715860789708788633e+09 -6.367001056671142578e+00 -2.230768203735351918e+01 6.054266095161437988e-01 0.000000000000000000e+00 0.000000000000000000e+00 0.000000000000000000e+00 1.000000000000000000e+00
1.715860789757195950e+09 -6.387887954711914062e+00 -2.230440711975097656e+01 5.946116447448730469e-01 0.000000000000000000e+00 0.000000000000000000e+00 0.000000000000000000e+00 1.000000000000000000e+00
1.715860789805975437e+09 -6.408125877380371094e+00 -2.230128288269042969e+01 5.835482478141784668e-01 0.000000000000000000e+00 0.000000000000000000e+00 0.000000000000000000e+00 1.000000000000000000e+00
1.715860789857254028e+09 -6.428297042846679688e+00 -2.230226898193359730e+01 5.712329149246215820e-01 0.000000000000000000e+00 0.000000000000000000e+00 0.000000000000000000e+00 1.000000000000000000e+00
1.715860789908074141e+09 -6.446983814239501953e+00 -2.229947280883789062e+01 5.584077239036560059e-01 0.000000000000000000e+00 0.000000000000000000e+00 0.000000000000000000e+00 1.000000000000000000e+00
1.715860789958316088e+09 -6.463191986083984375e+00 -2.229743003845214844e+01 5.469393730163574219e-01 0.000000000000000000e+00 0.000000000000000000e+00 0.000000000000000000e+00 1.000000000000000000e+00
1.715860790007722855e+09 -6.477876663208007812e+00 -2.229582214355468750e+01 5.357205271720886230e-01 0.000000000000000000e+00 0.000000000000000000e+00 0.000000000000000000e+00 1.000000000000000000e+00
1.715860790058252096e+09 -6.492315769195556641e+00 -2.229738235473632812e+01 5.241187810897827148e-01 0.000000000000000000e+00 0.000000000000000000e+00 0.000000000000000000e+00 1.000000000000000000e+00
1.715860790108438253e+09 -6.505056858062744141e+00 -2.229625701904296875e+01 5.116239190101623535e-01 0.000000000000000000e+00 0.000000000000000000e+00 0.000000000000000000e+00 1.000000000000000000e+00
1.715860790158874273e+09 -6.517862319946289062e+00 -2.229615402221680043e+01 4.994225502014160156e-01 0.000000000000000000e+00 0.000000000000000000e+00 0.000000000000000000e+00 1.000000000000000000e+00
1.715860790210167885e+09 -6.529770374298095703e+00 -2.229627227783203125e+01 4.865686893463134766e-01 0.000000000000000000e+00 0.000000000000000000e+00 0.000000000000000000e+00 1.000000000000000000e+00
1.715860790259002447e+09 -6.539459705352783203e+00 -2.229813003540039062e+01 4.750013053417205811e-01 0.000000000000000000e+00 0.000000000000000000e+00 0.000000000000000000e+00 1.000000000000000000e+00
1.715860790361262083e+09 -6.560022354125976562e+00 -2.231173706054687500e+01 4.482799768447875977e-01 0.000000000000000000e+00 0.000000000000000000e+00 0.000000000000000000e+00 1.000000000000000000e+00
1.715860790410396338e+09 -6.569972991943359375e+00 -2.231551361083984375e+01 4.353834688663482111e-01 0.000000000000000000e+00 0.000000000000000000e+00 0.000000000000000000e+00 1.000000000000000000e+00
1.715860790459999561e+09 -6.578626155853272373e+00 -2.232072448730468750e+01 4.228922426700592041e-01 0.000000000000000000e+00 0.000000000000000000e+00 0.000000000000000000e+00 1.000000000000000000e+00
1.715860790513792515e+09 -6.587684154510498047e+00 -2.232579803466796875e+01 4.102171659469603937e-01 0.000000000000000000e+00 0.000000000000000000e+00 0.000000000000000000e+00 1.000000000000000000e+00
1.715860790560553312e+09 -6.595218658447265625e+00 -2.234375762939453125e+01 3.958652913570404053e-01 0.000000000000000000e+00 0.000000000000000000e+00 0.000000000000000000e+00 1.000000000000000000e+00
1.715860790611480236e+09 -6.599761486053466797e+00 -2.235220336914062500e+01 3.825032711029052734e-01 0.000000000000000000e+00 0.000000000000000000e+00 0.000000000000000000e+00 1.000000000000000000e+00
1.715860790661957979e+09 -6.603449344635009766e+00 -2.236297416687012074e+01 3.690245747566223145e-01 0.000000000000000000e+00 0.000000000000000000e+00 0.000000000000000000e+00 1.000000000000000000e+00
1.715860790717879295e+09 -6.606450557708740234e+00 -2.237398147583008168e+01 3.563603460788726807e-01 0.000000000000000000e+00 0.000000000000000000e+00 0.000000000000000000e+00 1.000000000000000000e+00
1.715860790772041798e+09 -6.612542629241943359e+00 -2.239655494689941051e+01 3.428609073162078857e-01 0.000000000000000000e+00 0.000000000000000000e+00 0.000000000000000000e+00 1.000000000000000000e+00
1.715860790812554836e+09 -6.614871025085449219e+00 -2.240880584716796875e+01 3.304488062858580988e-01 0.000000000000000000e+00 0.000000000000000000e+00 0.000000000000000000e+00 1.000000000000000000e+00
1.715860790862888336e+09 -6.616856575012207031e+00 -2.242116737365722656e+01 3.183771073818206787e-01 0.000000000000000000e+00 0.000000000000000000e+00 0.000000000000000000e+00 1.000000000000000000e+00
1.715860790913632870e+09 -6.617362499237060547e+00 -2.243501472473144531e+01 3.064767420291900080e-01 0.000000000000000000e+00 0.000000000000000000e+00 0.000000000000000000e+00 1.000000000000000000e+00
1.715860790963434696e+09 -6.621275424957275391e+00 -2.246345901489257457e+01 2.936554551124572754e-01 0.000000000000000000e+00 0.000000000000000000e+00 0.000000000000000000e+00 1.000000000000000000e+00
1.715860791013598442e+09 -6.619939804077148438e+00 -2.247784614562988281e+01 2.819656431674957275e-01 0.000000000000000000e+00 0.000000000000000000e+00 0.000000000000000000e+00 1.000000000000000000e+00
1.715860791064639568e+09 -6.618119239807128906e+00 -2.249342346191406250e+01 2.704739570617675781e-01 0.000000000000000000e+00 0.000000000000000000e+00 0.000000000000000000e+00 1.000000000000000000e+00
1.715860791114765167e+09 -6.615442276000976562e+00 -2.250927734375000000e+01 2.595336735248565119e-01 0.000000000000000000e+00 0.000000000000000000e+00 0.000000000000000000e+00 1.000000000000000000e+00
1.715860791165078640e+09 -6.612065315246582031e+00 -2.252634429931640625e+01 2.481056004762648981e-01 0.000000000000000000e+00 0.000000000000000000e+00 0.000000000000000000e+00 1.000000000000000000e+00
1.715860791266321182e+09 -6.613818168640136719e+00 -2.256070137023925426e+01 2.369578033685683927e-01 0.000000000000000000e+00 0.000000000000000000e+00 0.000000000000000000e+00 1.000000000000000000e+00
1.715860791315957785e+09 -6.610196113586425781e+00 -2.257791519165039062e+01 2.271535396575926902e-01 0.000000000000000000e+00 0.000000000000000000e+00 0.000000000000000000e+00 1.000000000000000000e+00
1.715860791368592739e+09 -6.601532459259033203e+00 -2.261285781860351918e+01 2.096214890480040949e-01 0.000000000000000000e+00 0.000000000000000000e+00 0.000000000000000000e+00 1.000000000000000000e+00
1.715860791466534138e+09 -6.601741313934326172e+00 -2.264883613586425426e+01 2.012304365634917935e-01 0.000000000000000000e+00 0.000000000000000000e+00 0.000000000000000000e+00 1.000000000000000000e+00
1.715860791523188114e+09 -6.597486019134521484e+00 -2.266847419738769176e+01 1.945804506540297907e-01 0.000000000000000000e+00 0.000000000000000000e+00 0.000000000000000000e+00 1.000000000000000000e+00
1.715860791568091869e+09 -6.591478824615479404e+00 -2.268863296508789062e+01 1.882199198007583063e-01 0.000000000000000000e+00 0.000000000000000000e+00 0.000000000000000000e+00 1.000000000000000000e+00
1.715860791617814541e+09 -6.585823059082031250e+00 -2.270873641967773082e+01 1.828048527240752896e-01 0.000000000000000000e+00 0.000000000000000000e+00 0.000000000000000000e+00 1.000000000000000000e+00
1.715860791668035984e+09 -6.583699703216552734e+00 -2.274343872070312500e+01 1.771533638238906028e-01 0.000000000000000000e+00 0.000000000000000000e+00 0.000000000000000000e+00 1.000000000000000000e+00
1.715860791719873905e+09 -6.578049659729003906e+00 -2.276670455932616832e+01 1.726028472185134888e-01 0.000000000000000000e+00 0.000000000000000000e+00 0.000000000000000000e+00 1.000000000000000000e+00
1.715860791769049883e+09 -6.571420669555664062e+00 -2.278716278076171875e+01 1.688072979450224997e-01 0.000000000000000000e+00 0.000000000000000000e+00 0.000000000000000000e+00 1.000000000000000000e+00
1.715860791822582245e+09 -6.565524101257324219e+00 -2.280951118469238281e+01 1.653947532176970880e-01 0.000000000000000000e+00 0.000000000000000000e+00 0.000000000000000000e+00 1.000000000000000000e+00
1.715860791870983362e+09 -6.552966594696044922e+00 -2.285244560241699219e+01 1.606763005256651999e-01 0.000000000000000000e+00 0.000000000000000000e+00 0.000000000000000000e+00 1.000000000000000000e+00
1.715860791971174479e+09 -6.552622795104980469e+00 -2.289303016662597656e+01 1.581839174032211026e-01 0.000000000000000000e+00 0.000000000000000000e+00 0.000000000000000000e+00 1.000000000000000000e+00
1.715860792021025896e+09 -6.541289329528808594e+00 -2.293679809570312500e+01 1.565671116113661887e-01 0.000000000000000000e+00 0.000000000000000000e+00 0.000000000000000000e+00 1.000000000000000000e+00
1.715860792071487665e+09 -6.535231590270996094e+00 -2.295936393737792969e+01 1.567643433809280118e-01 0.000000000000000000e+00 0.000000000000000000e+00 0.000000000000000000e+00 1.000000000000000000e+00
1.715860792122073650e+09 -6.535373210906982422e+00 -2.300305366516113281e+01 1.567242890596388938e-01 0.000000000000000000e+00 0.000000000000000000e+00 0.000000000000000000e+00 1.000000000000000000e+00
1.715860792223764181e+09 -6.524329662322998047e+00 -2.305114746093750000e+01 1.601936370134353083e-01 0.000000000000000000e+00 0.000000000000000000e+00 0.000000000000000000e+00 1.000000000000000000e+00
1.715860792273159266e+09 -6.518588542938232422e+00 -2.307369995117187500e+01 1.621795147657394132e-01 0.000000000000000000e+00 0.000000000000000000e+00 0.000000000000000000e+00 1.000000000000000000e+00
1.715860792373472214e+09 -6.520244598388671875e+00 -2.311814880371093750e+01 1.651426702737807950e-01 0.000000000000000000e+00 0.000000000000000000e+00 0.000000000000000000e+00 1.000000000000000000e+00
1.715860792423429728e+09 -6.508805274963378906e+00 -2.316350936889648438e+01 1.743800193071365079e-01 0.000000000000000000e+00 0.000000000000000000e+00 0.000000000000000000e+00 1.000000000000000000e+00
1.715860792474157810e+09 -6.503293514251708984e+00 -2.318619155883789062e+01 1.802659332752226951e-01 0.000000000000000000e+00 0.000000000000000000e+00 0.000000000000000000e+00 1.000000000000000000e+00
1.715860792524486303e+09 -6.497972011566162109e+00 -2.320887184143066406e+01 1.872355788946150901e-01 0.000000000000000000e+00 0.000000000000000000e+00 0.000000000000000000e+00 1.000000000000000000e+00
1.715860792574425697e+09 -6.498029708862304688e+00 -2.325081062316894531e+01 1.937264651060104093e-01 0.000000000000000000e+00 0.000000000000000000e+00 0.000000000000000000e+00 1.000000000000000000e+00
1.715860792625579596e+09 -6.492885589599609375e+00 -2.327246093750000000e+01 2.020458728075026911e-01 0.000000000000000000e+00 0.000000000000000000e+00 0.000000000000000000e+00 1.000000000000000000e+00
1.715860792675527096e+09 -6.488115787506104404e+00 -2.329507637023925426e+01 2.110881358385086060e-01 0.000000000000000000e+00 0.000000000000000000e+00 0.000000000000000000e+00 1.000000000000000000e+00
1.715860792725849390e+09 -6.488513946533203125e+00 -2.333600044250488281e+01 2.202599942684173029e-01 0.000000000000000000e+00 0.000000000000000000e+00 0.000000000000000000e+00 1.000000000000000000e+00
1.715860792776634455e+09 -6.483661651611328125e+00 -2.335767745971680043e+01 2.311173379421234131e-01 0.000000000000000000e+00 0.000000000000000000e+00 0.000000000000000000e+00 1.000000000000000000e+00
1.715860792826788664e+09 -6.479012012481689453e+00 -2.337932968139648438e+01 2.427573204040527066e-01 0.000000000000000000e+00 0.000000000000000000e+00 0.000000000000000000e+00 1.000000000000000000e+00
1.715860792876384258e+09 -6.474581241607666016e+00 -2.340094947814941051e+01 2.551698088645935059e-01 0.000000000000000000e+00 0.000000000000000000e+00 0.000000000000000000e+00 1.000000000000000000e+00
1.715860792926466465e+09 -6.474840164184570312e+00 -2.343996620178222656e+01 2.677206695079802912e-01 0.000000000000000000e+00 0.000000000000000000e+00 0.000000000000000000e+00 1.000000000000000000e+00
1.715860792977901459e+09 -6.470615863800048828e+00 -2.346055412292480469e+01 2.818318903446196955e-01 0.000000000000000000e+00 0.000000000000000000e+00 0.000000000000000000e+00 1.000000000000000000e+00
1.715860793027706623e+09 -6.465254783630371094e+00 -2.348046493530273082e+01 2.971914410591124933e-01 0.000000000000000000e+00 0.000000000000000000e+00 0.000000000000000000e+00 1.000000000000000000e+00
1.715860793077811241e+09 -6.461245536804199219e+00 -2.350100326538085938e+01 3.120565116405487061e-01 0.000000000000000000e+00 0.000000000000000000e+00 0.000000000000000000e+00 1.000000000000000000e+00
1.715860793128849745e+09 -6.456957340240479404e+00 -2.352168083190917969e+01 3.285020589828491211e-01 0.000000000000000000e+00 0.000000000000000000e+00 0.000000000000000000e+00 1.000000000000000000e+00
1.715860793228158236e+09 -6.456954002380371094e+00 -2.355669403076171875e+01 3.440805673599243164e-01 0.000000000000000000e+00 0.000000000000000000e+00 0.000000000000000000e+00 1.000000000000000000e+00
1.715860793279350996e+09 -6.448610782623291016e+00 -2.359596061706542969e+01 3.798561990261077881e-01 0.000000000000000000e+00 0.000000000000000000e+00 0.000000000000000000e+00 1.000000000000000000e+00
1.715860793330040932e+09 -6.443955421447753906e+00 -2.361470794677734375e+01 3.987371921539306086e-01 0.000000000000000000e+00 0.000000000000000000e+00 0.000000000000000000e+00 1.000000000000000000e+00
1.715860793379696608e+09 -6.440444946289063388e+00 -2.363622093200683949e+01 4.173442125320434015e-01 0.000000000000000000e+00 0.000000000000000000e+00 0.000000000000000000e+00 1.000000000000000000e+00
1.715860793429947376e+09 -6.435772895812988281e+00 -2.365602684020996094e+01 4.375028610229492188e-01 0.000000000000000000e+00 0.000000000000000000e+00 0.000000000000000000e+00 1.000000000000000000e+00
1.715860793531294346e+09 -6.436130523681640625e+00 -2.369308662414550781e+01 4.571055769920349121e-01 0.000000000000000000e+00 0.000000000000000000e+00 0.000000000000000000e+00 1.000000000000000000e+00
1.715860793581173182e+09 -6.432897567749023438e+00 -2.371247100830078125e+01 4.776362180709838867e-01 0.000000000000000000e+00 0.000000000000000000e+00 0.000000000000000000e+00 1.000000000000000000e+00
1.715860793631141663e+09 -6.428347110748291016e+00 -2.375069046020508168e+01 5.195279717445373535e-01 0.000000000000000000e+00 0.000000000000000000e+00 0.000000000000000000e+00 1.000000000000000000e+00
1.715860793731634617e+09 -6.430319786071777344e+00 -2.378625869750976918e+01 5.408802628517150879e-01 0.000000000000000000e+00 0.000000000000000000e+00 0.000000000000000000e+00 1.000000000000000000e+00
1.715860793781803370e+09 -6.428376197814941406e+00 -2.380631256103515980e+01 5.631828308105468750e-01 0.000000000000000000e+00 0.000000000000000000e+00 0.000000000000000000e+00 1.000000000000000000e+00
1.715860793832256794e+09 -6.424735546112060547e+00 -2.384520339965820312e+01 6.067137718200683594e-01 0.000000000000000000e+00 0.000000000000000000e+00 0.000000000000000000e+00 1.000000000000000000e+00
1.715860793932541370e+09 -6.428695201873779297e+00 -2.388225173950195668e+01 6.291162371635437012e-01 0.000000000000000000e+00 0.000000000000000000e+00 0.000000000000000000e+00 1.000000000000000000e+00
1.715860793982514381e+09 -6.428374290466308594e+00 -2.390389251708984375e+01 6.527560949325561523e-01 0.000000000000000000e+00 0.000000000000000000e+00 0.000000000000000000e+00 1.000000000000000000e+00
1.715860794034416676e+09 -6.429265975952148438e+00 -2.394458770751953125e+01 6.994001865386962891e-01 0.000000000000000000e+00 0.000000000000000000e+00 0.000000000000000000e+00 1.000000000000000000e+00
1.715860794083487272e+09 -6.431879043579101562e+00 -2.396637153625488281e+01 7.221792340278625488e-01 0.000000000000000000e+00 0.000000000000000000e+00 0.000000000000000000e+00 1.000000000000000000e+00
1.715860794184111834e+09 -6.441325664520263672e+00 -2.400803375244140625e+01 7.443969249725341797e-01 0.000000000000000000e+00 0.000000000000000000e+00 0.000000000000000000e+00 1.000000000000000000e+00
1.715860794234642982e+09 -6.453302860260009766e+00 -2.405070686340332031e+01 7.898187637329101562e-01 0.000000000000000000e+00 0.000000000000000000e+00 0.000000000000000000e+00 1.000000000000000000e+00
1.715860794283535957e+09 -6.461527824401856357e+00 -2.407293701171875000e+01 8.115532994270324707e-01 0.000000000000000000e+00 0.000000000000000000e+00 0.000000000000000000e+00 1.000000000000000000e+00
1.715860794387506962e+09 -6.476189136505126953e+00 -2.411720275878906250e+01 8.319604396820068359e-01 0.000000000000000000e+00 0.000000000000000000e+00 0.000000000000000000e+00 1.000000000000000000e+00
1.715860794434789419e+09 -6.496276378631591797e+00 -2.416159057617187500e+01 8.744277358055114746e-01 0.000000000000000000e+00 0.000000000000000000e+00 0.000000000000000000e+00 1.000000000000000000e+00
1.715860794484904528e+09 -6.507901191711425781e+00 -2.418380355834960938e+01 8.938952088356018066e-01 0.000000000000000000e+00 0.000000000000000000e+00 0.000000000000000000e+00 1.000000000000000000e+00
1.715860794585411549e+09 -6.527369022369384766e+00 -2.423290443420410156e+01 9.138666391372679554e-01 0.000000000000000000e+00 0.000000000000000000e+00 0.000000000000000000e+00 1.000000000000000000e+00
1.715860794637192965e+09 -6.557941913604736328e+00 -2.428044128417968750e+01 9.528120160102844238e-01 0.000000000000000000e+00 0.000000000000000000e+00 0.000000000000000000e+00 1.000000000000000000e+00
1.715860794686564207e+09 -6.575986862182617188e+00 -2.430601119995116832e+01 9.716023206710816540e-01 0.000000000000000000e+00 0.000000000000000000e+00 0.000000000000000000e+00 1.000000000000000000e+00
1.715860794736813545e+09 -6.595281124114990234e+00 -2.433017921447753906e+01 9.900354146957396351e-01 0.000000000000000000e+00 0.000000000000000000e+00 0.000000000000000000e+00 1.000000000000000000e+00
1.715860794839045286e+09 -6.623653411865234375e+00 -2.438293266296386719e+01 1.007458209991455078e+00 0.000000000000000000e+00 0.000000000000000000e+00 0.000000000000000000e+00 1.000000000000000000e+00
1.715860794887919426e+09 -6.667766094207763672e+00 -2.443167114257812500e+01 1.041067481040954590e+00 0.000000000000000000e+00 0.000000000000000000e+00 0.000000000000000000e+00 1.000000000000000000e+00
1.715860794938703060e+09 -6.698991775512695312e+00 -2.448563575744628906e+01 1.057458877563476562e+00 0.000000000000000000e+00 0.000000000000000000e+00 0.000000000000000000e+00 1.000000000000000000e+00
1.715860794988956928e+09 -6.722455501556396484e+00 -2.451056861877441051e+01 1.072333812713623047e+00 0.000000000000000000e+00 0.000000000000000000e+00 0.000000000000000000e+00 1.000000000000000000e+00
1.715860795038422108e+09 -6.747766017913818359e+00 -2.453498649597167969e+01 1.087858676910400391e+00 0.000000000000000000e+00 0.000000000000000000e+00 0.000000000000000000e+00 1.000000000000000000e+00
1.715860795089277267e+09 -6.774546623229980469e+00 -2.456104660034180043e+01 1.103311777114868164e+00 0.000000000000000000e+00 0.000000000000000000e+00 0.000000000000000000e+00 1.000000000000000000e+00
1.715860795189752579e+09 -6.836697578430175781e+00 -2.463975715637207031e+01 1.133102297782897949e+00 0.000000000000000000e+00 0.000000000000000000e+00 0.000000000000000000e+00 1.000000000000000000e+00
1.715860795239892006e+09 -6.862864494323730469e+00 -2.466279411315917969e+01 1.148121833801269531e+00 0.000000000000000000e+00 0.000000000000000000e+00 0.000000000000000000e+00 1.000000000000000000e+00
1.715860795290229321e+09 -6.888747692108154297e+00 -2.468485450744628906e+01 1.163693189620971680e+00 0.000000000000000000e+00 0.000000000000000000e+00 0.000000000000000000e+00 1.000000000000000000e+00
1.715860795341133595e+09 -6.942840576171875000e+00 -2.473133087158203125e+01 1.191894769668579102e+00 0.000000000000000000e+00 0.000000000000000000e+00 0.000000000000000000e+00 1.000000000000000000e+00
1.715860795441775084e+09 -6.978474140167236328e+00 -2.478068161010742543e+01 1.205678105354309082e+00 0.000000000000000000e+00 0.000000000000000000e+00 0.000000000000000000e+00 1.000000000000000000e+00
1.715860795491603136e+09 -7.034803390502929688e+00 -2.482531929016113281e+01 1.232057332992553711e+00 0.000000000000000000e+00 0.000000000000000000e+00 0.000000000000000000e+00 1.000000000000000000e+00
1.715860795542395353e+09 -7.061505317687988281e+00 -2.484696578979491832e+01 1.243932127952575684e+00 0.000000000000000000e+00 0.000000000000000000e+00 0.000000000000000000e+00 1.000000000000000000e+00
1.715860795643002033e+09 -7.095507144927978516e+00 -2.489146995544433594e+01 1.256500959396362305e+00 0.000000000000000000e+00 0.000000000000000000e+00 0.000000000000000000e+00 1.000000000000000000e+00
1.715860795692938089e+09 -7.146636009216308594e+00 -2.492907142639160156e+01 1.281514525413513184e+00 0.000000000000000000e+00 0.000000000000000000e+00 0.000000000000000000e+00 1.000000000000000000e+00
1.715860795793534517e+09 -7.191734313964843750e+00 -2.496518898010253906e+01 1.304921388626098633e+00 0.000000000000000000e+00 0.000000000000000000e+00 0.000000000000000000e+00 1.000000000000000000e+00
1.715860795894063473e+09 -7.212684154510498047e+00 -2.498212242126464844e+01 1.316289544105529785e+00 0.000000000000000000e+00 0.000000000000000000e+00 0.000000000000000000e+00 1.000000000000000000e+00
1.715860795944132566e+09 -7.260378837585449219e+00 -2.503508186340332031e+01 1.338448762893676758e+00 0.000000000000000000e+00 0.000000000000000000e+00 0.000000000000000000e+00 1.000000000000000000e+00
1.715860795995200396e+09 -7.281756877899169922e+00 -2.505080223083496094e+01 1.349183201789855957e+00 0.000000000000000000e+00 0.000000000000000000e+00 0.000000000000000000e+00 1.000000000000000000e+00
1.715860796095549583e+09 -7.302985191345214844e+00 -2.506654739379882812e+01 1.359689831733703613e+00 0.000000000000000000e+00 0.000000000000000000e+00 0.000000000000000000e+00 1.000000000000000000e+00
1.715860796144789457e+09 -7.347646713256835938e+00 -2.511401939392089844e+01 1.380109310150146484e+00 0.000000000000000000e+00 0.000000000000000000e+00 0.000000000000000000e+00 1.000000000000000000e+00
1.715860796197288513e+09 -7.366669654846191406e+00 -2.512828445434570312e+01 1.389974713325500488e+00 0.000000000000000000e+00 0.000000000000000000e+00 0.000000000000000000e+00 1.000000000000000000e+00
1.715860796245877981e+09 -7.386447906494140625e+00 -2.514231109619140625e+01 1.398820877075195090e+00 0.000000000000000000e+00 0.000000000000000000e+00 0.000000000000000000e+00 1.000000000000000000e+00
1.715860796296481609e+09 -7.406595706939697266e+00 -2.515621757507323863e+01 1.407577395439147949e+00 0.000000000000000000e+00 0.000000000000000000e+00 0.000000000000000000e+00 1.000000000000000000e+00
1.715860796396364212e+09 -7.452408790588378906e+00 -2.520322036743164062e+01 1.426549077033996582e+00 0.000000000000000000e+00 0.000000000000000000e+00 0.000000000000000000e+00 1.000000000000000000e+00
1.715860796446800470e+09 -7.471171855926513672e+00 -2.521541213989257457e+01 1.435688138008117676e+00 0.000000000000000000e+00 0.000000000000000000e+00 0.000000000000000000e+00 1.000000000000000000e+00
1.715860796497690201e+09 -7.490013599395751953e+00 -2.522861480712890270e+01 1.445205330848693848e+00 0.000000000000000000e+00 0.000000000000000000e+00 0.000000000000000000e+00 1.000000000000000000e+00
1.715860796598219156e+09 -7.513673305511474609e+00 -2.525706481933593750e+01 1.455412864685058594e+00 0.000000000000000000e+00 0.000000000000000000e+00 0.000000000000000000e+00 1.000000000000000000e+00
1.715860796648290634e+09 -7.550213813781738281e+00 -2.528270530700683949e+01 1.471425294876098633e+00 0.000000000000000000e+00 0.000000000000000000e+00 0.000000000000000000e+00 1.000000000000000000e+00
1.715860796698581457e+09 -7.570731163024902344e+00 -2.529640388488769176e+01 1.480716586112976074e+00 0.000000000000000000e+00 0.000000000000000000e+00 0.000000000000000000e+00 1.000000000000000000e+00
1.715860796798675060e+09 -7.618769645690917969e+00 -2.533836555480957031e+01 1.497148513793945090e+00 0.000000000000000000e+00 0.000000000000000000e+00 0.000000000000000000e+00 1.000000000000000000e+00
1.715860796899995327e+09 -7.640460968017578125e+00 -2.535062599182128906e+01 1.505746603012084961e+00 0.000000000000000000e+00 0.000000000000000000e+00 0.000000000000000000e+00 1.000000000000000000e+00
1.715860796950348616e+09 -7.684844017028808594e+00 -2.537584495544433594e+01 1.523107171058654785e+00 0.000000000000000000e+00 0.000000000000000000e+00 0.000000000000000000e+00 1.000000000000000000e+00
1.715860797000470638e+09 -7.712317466735839844e+00 -2.540616226196289062e+01 1.531494617462158203e+00 0.000000000000000000e+00 0.000000000000000000e+00 0.000000000000000000e+00 1.000000000000000000e+00
1.715860797050686359e+09 -7.733850479125976562e+00 -2.541736793518066406e+01 1.540166020393371582e+00 0.000000000000000000e+00 0.000000000000000000e+00 0.000000000000000000e+00 1.000000000000000000e+00
1.715860797151694059e+09 -7.777481555938720703e+00 -2.544479179382323863e+01 1.555824756622314453e+00 0.000000000000000000e+00 0.000000000000000000e+00 0.000000000000000000e+00 1.000000000000000000e+00
1.715860797251241207e+09 -7.826748847961425781e+00 -2.548821640014648438e+01 1.571786999702453613e+00 0.000000000000000000e+00 0.000000000000000000e+00 0.000000000000000000e+00 1.000000000000000000e+00
1.715860797352545261e+09 -7.848452091217041016e+00 -2.550139999389648438e+01 1.577736377716064453e+00 0.000000000000000000e+00 0.000000000000000000e+00 0.000000000000000000e+00 1.000000000000000000e+00
1.715860797453068972e+09 -7.896159172058105469e+00 -2.554734802246093750e+01 1.586361169815063699e+00 0.000000000000000000e+00 0.000000000000000000e+00 0.000000000000000000e+00 1.000000000000000000e+00
1.715860797503461123e+09 -7.918536186218261719e+00 -2.556134414672851918e+01 1.589751362800597922e+00 0.000000000000000000e+00 0.000000000000000000e+00 0.000000000000000000e+00 1.000000000000000000e+00
1.715860797554506779e+09 -7.940137386322020596e+00 -2.557557678222655895e+01 1.591865897178649902e+00 0.000000000000000000e+00 0.000000000000000000e+00 0.000000000000000000e+00 1.000000000000000000e+00
1.715860797604903698e+09 -7.980124473571777344e+00 -2.560293579101562500e+01 1.591483235359191895e+00 0.000000000000000000e+00 0.000000000000000000e+00 0.000000000000000000e+00 1.000000000000000000e+00
1.715860797705804586e+09 -8.006020545959472656e+00 -2.563467025756835938e+01 1.589720010757446289e+00 0.000000000000000000e+00 0.000000000000000000e+00 0.000000000000000000e+00 1.000000000000000000e+00
1.715860797806058168e+09 -8.068140029907226562e+00 -2.567917823791503906e+01 1.578798532485961914e+00 0.000000000000000000e+00 0.000000000000000000e+00 0.000000000000000000e+00 1.000000000000000000e+00
1.715860797857120514e+09 -8.088463783264160156e+00 -2.569167518615722656e+01 1.573717117309570312e+00 0.000000000000000000e+00 0.000000000000000000e+00 0.000000000000000000e+00 1.000000000000000000e+00
1.715860797957468748e+09 -8.134435653686523438e+00 -2.573594856262207031e+01 1.556984186172485352e+00 0.000000000000000000e+00 0.000000000000000000e+00 0.000000000000000000e+00 1.000000000000000000e+00
1.715860798006800413e+09 -8.154438972473144531e+00 -2.574852752685546875e+01 1.547285437583923118e+00 0.000000000000000000e+00 0.000000000000000000e+00 0.000000000000000000e+00 1.000000000000000000e+00
1.715860798057829380e+09 -8.174275398254394531e+00 -2.576114845275878906e+01 1.536454677581787109e+00 0.000000000000000000e+00 0.000000000000000000e+00 0.000000000000000000e+00 1.000000000000000000e+00
1.715860798159467936e+09 -8.216652870178222656e+00 -2.580333328247070312e+01 1.511861443519592507e+00 0.000000000000000000e+00 0.000000000000000000e+00 0.000000000000000000e+00 1.000000000000000000e+00
1.715860798209208012e+09 -8.235615730285644531e+00 -2.581514549255371094e+01 1.497826099395751953e+00 0.000000000000000000e+00 0.000000000000000000e+00 0.000000000000000000e+00 1.000000000000000000e+00
1.715860798258836269e+09 -8.254213333129882812e+00 -2.582705879211425426e+01 1.482810974121093750e+00 0.000000000000000000e+00 0.000000000000000000e+00 0.000000000000000000e+00 1.000000000000000000e+00
1.715860798308979750e+09 -8.271975517272949219e+00 -2.583712196350097656e+01 1.467509627342223899e+00 0.000000000000000000e+00 0.000000000000000000e+00 0.000000000000000000e+00 1.000000000000000000e+00
1.715860798359055519e+09 -8.294236183166503906e+00 -2.586462974548339844e+01 1.451854705810546875e+00 0.000000000000000000e+00 0.000000000000000000e+00 0.000000000000000000e+00 1.000000000000000000e+00
1.715860798409196138e+09 -8.311506271362304688e+00 -2.587586784362792969e+01 1.435497522354125977e+00 0.000000000000000000e+00 0.000000000000000000e+00 0.000000000000000000e+00 1.000000000000000000e+00
1.715860798460093975e+09 -8.328529357910156250e+00 -2.588716697692871094e+01 1.418417096138000488e+00 0.000000000000000000e+00 0.000000000000000000e+00 0.000000000000000000e+00 1.000000000000000000e+00
1.715860798509889841e+09 -8.345204353332519531e+00 -2.589750862121582031e+01 1.400845170021057129e+00 0.000000000000000000e+00 0.000000000000000000e+00 0.000000000000000000e+00 1.000000000000000000e+00
1.715860798565473557e+09 -8.365980148315429688e+00 -2.592016983032226562e+01 1.383277177810668945e+00 0.000000000000000000e+00 0.000000000000000000e+00 0.000000000000000000e+00 1.000000000000000000e+00
1.715860798610352993e+09 -8.380246162414550781e+00 -2.593126106262207031e+01 1.367447733879089355e+00 0.000000000000000000e+00 0.000000000000000000e+00 0.000000000000000000e+00 1.000000000000000000e+00
1.715860798660442591e+09 -8.393639564514160156e+00 -2.594050788879394531e+01 1.349413394927978294e+00 0.000000000000000000e+00 0.000000000000000000e+00 0.000000000000000000e+00 1.000000000000000000e+00
1.715860798710797071e+09 -8.405641555786132812e+00 -2.595019531250000000e+01 1.332264661788940430e+00 0.000000000000000000e+00 0.000000000000000000e+00 0.000000000000000000e+00 1.000000000000000000e+00
1.715860798761501551e+09 -8.421251296997070312e+00 -2.597131538391113281e+01 1.315318942070007102e+00 0.000000000000000000e+00 0.000000000000000000e+00 0.000000000000000000e+00 1.000000000000000000e+00
1.715860798811784267e+09 -8.432993888854980469e+00 -2.598106002807616832e+01 1.298194885253906250e+00 0.000000000000000000e+00 0.000000000000000000e+00 0.000000000000000000e+00 1.000000000000000000e+00
1.715860798861707211e+09 -8.444721221923828125e+00 -2.599183845520019531e+01 1.280159354209899902e+00 0.000000000000000000e+00 0.000000000000000000e+00 0.000000000000000000e+00 1.000000000000000000e+00
1.715860798912852764e+09 -8.455532073974609375e+00 -2.600079917907714844e+01 1.262261629104614480e+00 0.000000000000000000e+00 0.000000000000000000e+00 0.000000000000000000e+00 1.000000000000000000e+00
1.715860798963223696e+09 -8.469415664672851562e+00 -2.602032279968261719e+01 1.245359659194946289e+00 0.000000000000000000e+00 0.000000000000000000e+00 0.000000000000000000e+00 1.000000000000000000e+00
1.715860799013347387e+09 -8.479317665100097656e+00 -2.602850914001464844e+01 1.228387951850891113e+00 0.000000000000000000e+00 0.000000000000000000e+00 0.000000000000000000e+00 1.000000000000000000e+00
1.715860799064723492e+09 -8.488369941711425781e+00 -2.603696060180664062e+01 1.211502552032470703e+00 0.000000000000000000e+00 0.000000000000000000e+00 0.000000000000000000e+00 1.000000000000000000e+00
1.715860799113825083e+09 -8.496145248413085938e+00 -2.604582405090332031e+01 1.195327520370483398e+00 0.000000000000000000e+00 0.000000000000000000e+00 0.000000000000000000e+00 1.000000000000000000e+00
1.715860799164294481e+09 -8.505998611450195312e+00 -2.606348037719726562e+01 1.180424571037292480e+00 0.000000000000000000e+00 0.000000000000000000e+00 0.000000000000000000e+00 1.000000000000000000e+00
1.715860799214592457e+09 -8.512165069580078125e+00 -2.607285118103027699e+01 1.164449810981750488e+00 0.000000000000000000e+00 0.000000000000000000e+00 0.000000000000000000e+00 1.000000000000000000e+00
1.715860799264940262e+09 -8.516921043395996094e+00 -2.608057403564453125e+01 1.148977637290954590e+00 0.000000000000000000e+00 0.000000000000000000e+00 0.000000000000000000e+00 1.000000000000000000e+00
1.715860799365568161e+09 -8.525511741638183594e+00 -2.609839057922363637e+01 1.117458701133728027e+00 0.000000000000000000e+00 0.000000000000000000e+00 0.000000000000000000e+00 1.000000000000000000e+00
1.715860799416191578e+09 -8.531680107116699219e+00 -2.611508369445800781e+01 1.101179003715515137e+00 0.000000000000000000e+00 0.000000000000000000e+00 0.000000000000000000e+00 1.000000000000000000e+00
1.715860799467585564e+09 -8.534020423889160156e+00 -2.612354469299316406e+01 1.084867238998413086e+00 0.000000000000000000e+00 0.000000000000000000e+00 0.000000000000000000e+00 1.000000000000000000e+00
1.715860799567958593e+09 -8.537044525146484375e+00 -2.613993835449218750e+01 1.052755475044250488e+00 0.000000000000000000e+00 0.000000000000000000e+00 0.000000000000000000e+00 1.000000000000000000e+00
1.715860799618217468e+09 -8.536977767944335938e+00 -2.614810180664062500e+01 1.036224365234375000e+00 0.000000000000000000e+00 0.000000000000000000e+00 0.000000000000000000e+00 1.000000000000000000e+00
1.715860799668009520e+09 -8.539649963378906250e+00 -2.616378593444823863e+01 1.020169138908386230e+00 0.000000000000000000e+00 0.000000000000000000e+00 0.000000000000000000e+00 1.000000000000000000e+00
1.715860799767645359e+09 -8.537601470947265625e+00 -2.618065834045410156e+01 9.857388734817503773e-01 0.000000000000000000e+00 0.000000000000000000e+00 0.000000000000000000e+00 1.000000000000000000e+00
1.715860799818584681e+09 -8.536045074462890625e+00 -2.618819236755371094e+01 9.682012200355529785e-01 0.000000000000000000e+00 0.000000000000000000e+00 0.000000000000000000e+00 1.000000000000000000e+00
1.715860799918705702e+09 -8.532752037048339844e+00 -2.621063232421875000e+01 9.323697686195373535e-01 0.000000000000000000e+00 0.000000000000000000e+00 0.000000000000000000e+00 1.000000000000000000e+00
1.715860799971241951e+09 -8.528903007507324219e+00 -2.621886444091796875e+01 9.143115282058715820e-01 0.000000000000000000e+00 0.000000000000000000e+00 0.000000000000000000e+00 1.000000000000000000e+00
1.715860800019301414e+09 -8.524114608764648438e+00 -2.622634887695312500e+01 8.968977928161621094e-01 0.000000000000000000e+00 0.000000000000000000e+00 0.000000000000000000e+00 1.000000000000000000e+00
1.715860800070674658e+09 -8.520729064941406250e+00 -2.624073600769042969e+01 8.798219561576843262e-01 0.000000000000000000e+00 0.000000000000000000e+00 0.000000000000000000e+00 1.000000000000000000e+00
1.715860800121180534e+09 -8.514319419860839844e+00 -2.624874687194823863e+01 8.634911775588989258e-01 0.000000000000000000e+00 0.000000000000000000e+00 0.000000000000000000e+00 1.000000000000000000e+00
1.715860800170445204e+09 -8.506705284118652344e+00 -2.625608634948730469e+01 8.472343087196350098e-01 0.000000000000000000e+00 0.000000000000000000e+00 0.000000000000000000e+00 1.000000000000000000e+00
1.715860800220914841e+09 -8.499516487121582031e+00 -2.626542282104491832e+01 8.328156471252441406e-01 0.000000000000000000e+00 0.000000000000000000e+00 0.000000000000000000e+00 1.000000000000000000e+00
1.715860800321095943e+09 -8.485034942626953125e+00 -2.628726959228515980e+01 8.047993183135986328e-01 0.000000000000000000e+00 0.000000000000000000e+00 0.000000000000000000e+00 1.000000000000000000e+00
1.715860800372490644e+09 -8.477064132690429688e+00 -2.629579353332519531e+01 7.911815643310546875e-01 0.000000000000000000e+00 0.000000000000000000e+00 0.000000000000000000e+00 1.000000000000000000e+00
1.715860800422041178e+09 -8.467825889587402344e+00 -2.630472946166991832e+01 7.781004905700683594e-01 0.000000000000000000e+00 0.000000000000000000e+00 0.000000000000000000e+00 1.000000000000000000e+00
1.715860800522660971e+09 -8.447366714477539062e+00 -2.632325935363769176e+01 7.539897561073303223e-01 0.000000000000000000e+00 0.000000000000000000e+00 0.000000000000000000e+00 1.000000000000000000e+00
1.715860800623934269e+09 -8.424285888671875000e+00 -2.635203933715820312e+01 7.300089001655578613e-01 0.000000000000000000e+00 0.000000000000000000e+00 0.000000000000000000e+00 1.000000000000000000e+00
1.715860800724662304e+09 -8.399904251098632812e+00 -2.638333702087402344e+01 7.080775499343872070e-01 0.000000000000000000e+00 0.000000000000000000e+00 0.000000000000000000e+00 1.000000000000000000e+00
1.715860800775347471e+09 -8.387878417968750000e+00 -2.639630317687988281e+01 6.976636052131652832e-01 0.000000000000000000e+00 0.000000000000000000e+00 0.000000000000000000e+00 1.000000000000000000e+00
1.715860800825030327e+09 -8.375226974487304688e+00 -2.640945053100585938e+01 6.871178746223449707e-01 0.000000000000000000e+00 0.000000000000000000e+00 0.000000000000000000e+00 1.000000000000000000e+00
1.715860800876484632e+09 -8.361937522888183594e+00 -2.642279434204101562e+01 6.768386363983154297e-01 0.000000000000000000e+00 0.000000000000000000e+00 0.000000000000000000e+00 1.000000000000000000e+00
1.715860800927874804e+09 -8.336417198181152344e+00 -2.645122337341308949e+01 6.568762063980102539e-01 0.000000000000000000e+00 0.000000000000000000e+00 0.000000000000000000e+00 1.000000000000000000e+00
1.715860801026696920e+09 -8.326302528381347656e+00 -2.647821617126464844e+01 6.467903852462768555e-01 0.000000000000000000e+00 0.000000000000000000e+00 0.000000000000000000e+00 1.000000000000000000e+00
1.715860801077238560e+09 -8.312347412109375000e+00 -2.649486923217773082e+01 6.368805766105651855e-01 0.000000000000000000e+00 0.000000000000000000e+00 0.000000000000000000e+00 1.000000000000000000e+00
1.715860801127867699e+09 -8.299578666687011719e+00 -2.651221275329589844e+01 6.278652548789978027e-01 0.000000000000000000e+00 0.000000000000000000e+00 0.000000000000000000e+00 1.000000000000000000e+00
1.715860801178010941e+09 -8.290823936462402344e+00 -2.654399108886718750e+01 6.182575225830078125e-01 0.000000000000000000e+00 0.000000000000000000e+00 0.000000000000000000e+00 1.000000000000000000e+00
1.715860801228340149e+09 -8.277144432067871094e+00 -2.656262207031250000e+01 6.088071465492248535e-01 0.000000000000000000e+00 0.000000000000000000e+00 0.000000000000000000e+00 1.000000000000000000e+00
1.715860801278288603e+09 -8.263519287109375000e+00 -2.658227157592773082e+01 5.994479060173034668e-01 0.000000000000000000e+00 0.000000000000000000e+00 0.000000000000000000e+00 1.000000000000000000e+00
1.715860801328351498e+09 -8.250163078308105469e+00 -2.660180664062500000e+01 5.896427631378173828e-01 0.000000000000000000e+00 0.000000000000000000e+00 0.000000000000000000e+00 1.000000000000000000e+00
1.715860801429557562e+09 -8.230145454406738281e+00 -2.666073036193848012e+01 5.694392323493957520e-01 0.000000000000000000e+00 0.000000000000000000e+00 0.000000000000000000e+00 1.000000000000000000e+00
1.715860801480032206e+09 -8.218163490295410156e+00 -2.668192672729491832e+01 5.607270002365112305e-01 0.000000000000000000e+00 0.000000000000000000e+00 0.000000000000000000e+00 1.000000000000000000e+00
1.715860801580155134e+09 -8.194120407104492188e+00 -2.672424507141113281e+01 5.417706370353698730e-01 0.000000000000000000e+00 0.000000000000000000e+00 0.000000000000000000e+00 1.000000000000000000e+00
1.715860801630439758e+09 -8.182614326477050781e+00 -2.674628448486328125e+01 5.326920747756958008e-01 0.000000000000000000e+00 0.000000000000000000e+00 0.000000000000000000e+00 1.000000000000000000e+00
1.715860801680875301e+09 -8.177270889282226562e+00 -2.678732299804687500e+01 5.227780342102050781e-01 0.000000000000000000e+00 0.000000000000000000e+00 0.000000000000000000e+00 1.000000000000000000e+00
1.715860801731767178e+09 -8.165989875793457031e+00 -2.681133270263671875e+01 5.129972100257873535e-01 0.000000000000000000e+00 0.000000000000000000e+00 0.000000000000000000e+00 1.000000000000000000e+00
1.715860801781440258e+09 -8.155339241027832031e+00 -2.683515739440917969e+01 5.038005113601684570e-01 0.000000000000000000e+00 0.000000000000000000e+00 0.000000000000000000e+00 1.000000000000000000e+00
1.715860801831476212e+09 -8.144053459167480469e+00 -2.685810661315917969e+01 4.943388700485228937e-01 0.000000000000000000e+00 0.000000000000000000e+00 0.000000000000000000e+00 1.000000000000000000e+00
1.715860801882287264e+09 -8.139010429382324219e+00 -2.690208625793457031e+01 4.831324517726898193e-01 0.000000000000000000e+00 0.000000000000000000e+00 0.000000000000000000e+00 1.000000000000000000e+00
1.715860801932854176e+09 -8.127316474914550781e+00 -2.692509841918945312e+01 4.728251695632934015e-01 0.000000000000000000e+00 0.000000000000000000e+00 0.000000000000000000e+00 1.000000000000000000e+00
1.715860801982560396e+09 -8.115948677062988281e+00 -2.694694328308105113e+01 4.623275697231292725e-01 0.000000000000000000e+00 0.000000000000000000e+00 0.000000000000000000e+00 1.000000000000000000e+00
1.715860802033883333e+09 -8.106399536132812500e+00 -2.697029876708984375e+01 4.513498246669768732e-01 0.000000000000000000e+00 0.000000000000000000e+00 0.000000000000000000e+00 1.000000000000000000e+00
1.715860802083590508e+09 -8.096914291381835938e+00 -2.699360847473144531e+01 4.399748742580413818e-01 0.000000000000000000e+00 0.000000000000000000e+00 0.000000000000000000e+00 1.000000000000000000e+00
1.715860802134073257e+09 -8.092248916625976562e+00 -2.703524398803710938e+01 4.270169436931610107e-01 0.000000000000000000e+00 0.000000000000000000e+00 0.000000000000000000e+00 1.000000000000000000e+00
1.715860802184351444e+09 -8.083905220031738281e+00 -2.705611991882323863e+01 4.162471890449523926e-01 0.000000000000000000e+00 0.000000000000000000e+00 0.000000000000000000e+00 1.000000000000000000e+00
1.715860802234879017e+09 -8.074965476989746094e+00 -2.707816314697265625e+01 4.044032692909240723e-01 0.000000000000000000e+00 0.000000000000000000e+00 0.000000000000000000e+00 1.000000000000000000e+00
1.715860802284733772e+09 -8.057743072509765625e+00 -2.712095069885253906e+01 3.802143037319182794e-01 0.000000000000000000e+00 0.000000000000000000e+00 0.000000000000000000e+00 1.000000000000000000e+00
1.715860802436758757e+09 -8.054923057556152344e+00 -2.715781784057616832e+01 3.677672743797302246e-01 0.000000000000000000e+00 0.000000000000000000e+00 0.000000000000000000e+00 1.000000000000000000e+00
1.715860802487190723e+09 -8.039996147155761719e+00 -2.719568252563476918e+01 3.436120748519896906e-01 0.000000000000000000e+00 0.000000000000000000e+00 0.000000000000000000e+00 1.000000000000000000e+00
1.715860802536410332e+09 -8.033252716064453125e+00 -2.721496200561523438e+01 3.328220844268798828e-01 0.000000000000000000e+00 0.000000000000000000e+00 0.000000000000000000e+00 1.000000000000000000e+00
1.715860802637142897e+09 -8.021675109863281250e+00 -2.726442146301269176e+01 3.115190267562866211e-01 0.000000000000000000e+00 0.000000000000000000e+00 0.000000000000000000e+00 1.000000000000000000e+00
1.715860802687535763e+09 -8.012681961059570312e+00 -2.728123664855957031e+01 3.014737665653228760e-01 0.000000000000000000e+00 0.000000000000000000e+00 0.000000000000000000e+00 1.000000000000000000e+00
1.715860802737233400e+09 -8.004218101501464844e+00 -2.729792594909667969e+01 2.923052608966826837e-01 0.000000000000000000e+00 0.000000000000000000e+00 0.000000000000000000e+00 1.000000000000000000e+00
1.715860802787239790e+09 -8.000189781188964844e+00 -2.732479667663574574e+01 2.834950685501098078e-01 0.000000000000000000e+00 0.000000000000000000e+00 0.000000000000000000e+00 1.000000000000000000e+00
1.715860802837598562e+09 -7.992758274078369141e+00 -2.734014511108398438e+01 2.747768163681030273e-01 0.000000000000000000e+00 0.000000000000000000e+00 0.000000000000000000e+00 1.000000000000000000e+00
1.715860802888418913e+09 -7.984244823455809659e+00 -2.735478782653808949e+01 2.666969299316406250e-01 0.000000000000000000e+00 0.000000000000000000e+00 0.000000000000000000e+00 1.000000000000000000e+00
1.715860802938822031e+09 -7.975108623504638672e+00 -2.736959648132323863e+01 2.584515213966369074e-01 0.000000000000000000e+00 0.000000000000000000e+00 0.000000000000000000e+00 1.000000000000000000e+00
1.715860802988606691e+09 -7.969187259674072266e+00 -2.739493370056152344e+01 2.503570318222045898e-01 0.000000000000000000e+00 0.000000000000000000e+00 0.000000000000000000e+00 1.000000000000000000e+00
1.715860803039804935e+09 -7.946415901184082031e+00 -2.742177009582519531e+01 2.365692853927612027e-01 0.000000000000000000e+00 0.000000000000000000e+00 0.000000000000000000e+00 1.000000000000000000e+00
1.715860803140518427e+09 -7.932749271392822266e+00 -2.743582534790039062e+01 2.295300364494322898e-01 0.000000000000000000e+00 0.000000000000000000e+00 0.000000000000000000e+00 1.000000000000000000e+00
1.715860803190088987e+09 -7.917619705200195312e+00 -2.744923973083496094e+01 2.222557365894317072e-01 0.000000000000000000e+00 0.000000000000000000e+00 0.000000000000000000e+00 1.000000000000000000e+00
1.715860803240729570e+09 -7.904471397399902344e+00 -2.747041511535644531e+01 2.152642607688902976e-01 0.000000000000000000e+00 0.000000000000000000e+00 0.000000000000000000e+00 1.000000000000000000e+00
1.715860803291912079e+09 -7.887318611145019531e+00 -2.748334121704101562e+01 2.079935073852539062e-01 0.000000000000000000e+00 0.000000000000000000e+00 0.000000000000000000e+00 1.000000000000000000e+00
1.715860803340907097e+09 -7.869221687316894531e+00 -2.749754142761230469e+01 2.003087550401687067e-01 0.000000000000000000e+00 0.000000000000000000e+00 0.000000000000000000e+00 1.000000000000000000e+00
1.715860803391584873e+09 -7.830636024475097656e+00 -2.752350425720214844e+01 1.861339807510375977e-01 0.000000000000000000e+00 0.000000000000000000e+00 0.000000000000000000e+00 1.000000000000000000e+00
1.715860803492258310e+09 -7.785883426666259766e+00 -2.755626296997070312e+01 1.704910844564437866e-01 0.000000000000000000e+00 0.000000000000000000e+00 0.000000000000000000e+00 1.000000000000000000e+00
1.715860803542770386e+09 -7.761224746704101562e+00 -2.757011795043945312e+01 1.625398099422454001e-01 0.000000000000000000e+00 0.000000000000000000e+00 0.000000000000000000e+00 1.000000000000000000e+00
1.715860803643490553e+09 -7.734350681304931641e+00 -2.758353424072265625e+01 1.547334045171737116e-01 0.000000000000000000e+00 0.000000000000000000e+00 0.000000000000000000e+00 1.000000000000000000e+00
1.715860803743860483e+09 -7.645144462585449219e+00 -2.763113403320312500e+01 1.310272812843321921e-01 0.000000000000000000e+00 0.000000000000000000e+00 0.000000000000000000e+00 1.000000000000000000e+00
1.715860803793574333e+09 -7.611246109008789062e+00 -2.764632987976074574e+01 1.230174601078033031e-01 0.000000000000000000e+00 0.000000000000000000e+00 0.000000000000000000e+00 1.000000000000000000e+00
1.715860803893900871e+09 -7.580351829528808594e+00 -2.766482162475585938e+01 1.153890937566757063e-01 0.000000000000000000e+00 0.000000000000000000e+00 0.000000000000000000e+00 1.000000000000000000e+00
1.715860803944092274e+09 -7.511467456817626953e+00 -2.769526672363280895e+01 9.955171495676040649e-02 0.000000000000000000e+00 0.000000000000000000e+00 0.000000000000000000e+00 1.000000000000000000e+00
1.715860804051752090e+09 -7.436557769775390625e+00 -2.772609901428222656e+01 8.398558944463729858e-02 0.000000000000000000e+00 0.000000000000000000e+00 0.000000000000000000e+00 1.000000000000000000e+00
1.715860804149482965e+09 -7.398657798767089844e+00 -2.774622154235839844e+01 7.652015984058380127e-02 0.000000000000000000e+00 0.000000000000000000e+00 0.000000000000000000e+00 1.000000000000000000e+00
1.715860804195488214e+09 -7.318147659301757812e+00 -2.777825164794921875e+01 6.270021200180049548e-02 0.000000000000000000e+00 0.000000000000000000e+00 0.000000000000000000e+00 1.000000000000000000e+00
1.715860804251609564e+09 -7.277477741241455078e+00 -2.779377174377441051e+01 5.607936158776279795e-02 0.000000000000000000e+00 0.000000000000000000e+00 0.000000000000000000e+00 1.000000000000000000e+00
1.715860804346695423e+09 -7.237545967102050781e+00 -2.781524085998535156e+01 4.954685643315309695e-02 0.000000000000000000e+00 0.000000000000000000e+00 0.000000000000000000e+00 1.000000000000000000e+00
1.715860804396613359e+09 -7.194670200347900391e+00 -2.783121299743652344e+01 4.333893954753870181e-02 0.000000000000000000e+00 0.000000000000000000e+00 0.000000000000000000e+00 1.000000000000000000e+00
1.715860804447124958e+09 -7.111257553100585938e+00 -2.786235046386718750e+01 3.123290464282029930e-02 0.000000000000000000e+00 0.000000000000000000e+00 0.000000000000000000e+00 1.000000000000000000e+00
1.715860804497539043e+09 -7.068129062652587891e+00 -2.787919807434082031e+01 2.503892034292220029e-02 0.000000000000000000e+00 0.000000000000000000e+00 0.000000000000000000e+00 1.000000000000000000e+00
1.715860804648616791e+09 -6.982078552246093750e+00 -2.791577339172363637e+01 1.394623704254619942e-02 0.000000000000000000e+00 0.000000000000000000e+00 0.000000000000000000e+00 1.000000000000000000e+00
1.715860804698194742e+09 -6.897752285003662109e+00 -2.794544982910155895e+01 3.260111436247800035e-03 0.000000000000000000e+00 0.000000000000000000e+00 0.000000000000000000e+00 1.000000000000000000e+00
1.715860804749970198e+09 -6.856152534484863281e+00 -2.795955276489257457e+01 -1.576908864080900060e-03 0.000000000000000000e+00 0.000000000000000000e+00 0.000000000000000000e+00 1.000000000000000000e+00
1.715860804901225328e+09 -6.731120109558105469e+00 -2.800879478454589844e+01 -1.454809587448829995e-02 0.000000000000000000e+00 0.000000000000000000e+00 0.000000000000000000e+00 1.000000000000000000e+00
1.715860804951201200e+09 -6.688799858093261719e+00 -2.802388572692871094e+01 -1.814463175833220046e-02 0.000000000000000000e+00 0.000000000000000000e+00 0.000000000000000000e+00 1.000000000000000000e+00
1.715860805050787210e+09 -6.649164676666259766e+00 -2.804343605041503906e+01 -2.135185152292249852e-02 0.000000000000000000e+00 0.000000000000000000e+00 0.000000000000000000e+00 1.000000000000000000e+00
1.715860805152730227e+09 -6.535997867584228516e+00 -2.808705520629882812e+01 -2.974821627140039962e-02 0.000000000000000000e+00 0.000000000000000000e+00 0.000000000000000000e+00 1.000000000000000000e+00
1.715860805201238871e+09 -6.499277591705322266e+00 -2.810061645507812500e+01 -3.156958147883409671e-02 0.000000000000000000e+00 0.000000000000000000e+00 0.000000000000000000e+00 1.000000000000000000e+00
1.715860805352924585e+09 -6.430015563964843750e+00 -2.813487625122070312e+01 -3.452530875802040100e-02 0.000000000000000000e+00 0.000000000000000000e+00 0.000000000000000000e+00 1.000000000000000000e+00
1.715860805402909994e+09 -6.398521900177001953e+00 -2.815434265136718750e+01 -3.520521521568290013e-02 0.000000000000000000e+00 0.000000000000000000e+00 0.000000000000000000e+00 1.000000000000000000e+00
1.715860805453561544e+09 -6.334333896636962891e+00 -2.818324279785155895e+01 -3.481668978929519653e-02 0.000000000000000000e+00 0.000000000000000000e+00 0.000000000000000000e+00 1.000000000000000000e+00
1.715860805503796339e+09 -6.303108215332031250e+00 -2.819849395751953125e+01 -3.404084220528599825e-02 0.000000000000000000e+00 0.000000000000000000e+00 0.000000000000000000e+00 1.000000000000000000e+00
1.715860805553626776e+09 -6.273982524871826172e+00 -2.821321868896484375e+01 -3.361387550830839677e-02 0.000000000000000000e+00 0.000000000000000000e+00 0.000000000000000000e+00 1.000000000000000000e+00
1.715860805656738758e+09 -6.221160411834716797e+00 -2.825679969787597656e+01 -3.172961249947540280e-02 0.000000000000000000e+00 0.000000000000000000e+00 0.000000000000000000e+00 1.000000000000000000e+00
1.715860805704717875e+09 -6.195019245147705078e+00 -2.827393341064453125e+01 -2.961169555783270055e-02 0.000000000000000000e+00 0.000000000000000000e+00 0.000000000000000000e+00 1.000000000000000000e+00
1.715860805754671574e+09 -6.170899391174316406e+00 -2.829159545898437145e+01 -2.793551050126550153e-02 0.000000000000000000e+00 0.000000000000000000e+00 0.000000000000000000e+00 1.000000000000000000e+00
1.715860805805143356e+09 -6.147066116333007812e+00 -2.831024551391601562e+01 -2.527985908091059941e-02 0.000000000000000000e+00 0.000000000000000000e+00 0.000000000000000000e+00 1.000000000000000000e+00
1.715860805857260466e+09 -6.125301837921142578e+00 -2.834166145324707031e+01 -2.409907802939410121e-02 0.000000000000000000e+00 0.000000000000000000e+00 0.000000000000000000e+00 1.000000000000000000e+00
1.715860805908900023e+09 -6.103419303894042969e+00 -2.836090469360351918e+01 -2.065360173583030007e-02 0.000000000000000000e+00 0.000000000000000000e+00 0.000000000000000000e+00 1.000000000000000000e+00
1.715860807164040804e+09 -5.694753170013427734e+00 -2.930320549011230469e+01 8.515256643295279759e-02 0.000000000000000000e+00 0.000000000000000000e+00 0.000000000000000000e+00 1.000000000000000000e+00
1.715860807215081215e+09 -5.674092292785644531e+00 -2.934301948547363637e+01 8.764319866895670108e-02 0.000000000000000000e+00 0.000000000000000000e+00 0.000000000000000000e+00 1.000000000000000000e+00
1.715860807264770508e+09 -5.652173042297363281e+00 -2.938000297546386719e+01 9.042353183031079378e-02 0.000000000000000000e+00 0.000000000000000000e+00 0.000000000000000000e+00 1.000000000000000000e+00
1.715860807315508127e+09 -5.629127979278564453e+00 -2.941612815856933594e+01 9.259835630655280370e-02 0.000000000000000000e+00 0.000000000000000000e+00 0.000000000000000000e+00 1.000000000000000000e+00
1.715860807415763378e+09 -5.583463191986083984e+00 -2.948615837097167969e+01 9.673957526683800434e-02 0.000000000000000000e+00 0.000000000000000000e+00 0.000000000000000000e+00 1.000000000000000000e+00
1.715860807466068983e+09 -5.564247131347656250e+00 -2.954989433288574574e+01 9.678829461336130313e-02 0.000000000000000000e+00 0.000000000000000000e+00 0.000000000000000000e+00 1.000000000000000000e+00
1.715860807516367197e+09 -5.537156105041503906e+00 -2.958358001708984375e+01 9.851614385843270039e-02 0.000000000000000000e+00 0.000000000000000000e+00 0.000000000000000000e+00 1.000000000000000000e+00
1.715860807566777229e+09 -5.510966300964356357e+00 -2.961604881286621094e+01 1.003540903329848966e-01 0.000000000000000000e+00 0.000000000000000000e+00 0.000000000000000000e+00 1.000000000000000000e+00
1.715860807617066145e+09 -5.484927177429199219e+00 -2.964741516113280895e+01 1.017078310251235962e-01 0.000000000000000000e+00 0.000000000000000000e+00 0.000000000000000000e+00 1.000000000000000000e+00
1.715860807667417526e+09 -5.461978912353515625e+00 -2.970053291320800781e+01 1.022480204701422951e-01 0.000000000000000000e+00 0.000000000000000000e+00 0.000000000000000000e+00 1.000000000000000000e+00
1.715860807717449188e+09 -5.435777187347412109e+00 -2.973190879821777344e+01 1.046148464083671015e-01 0.000000000000000000e+00 0.000000000000000000e+00 0.000000000000000000e+00 1.000000000000000000e+00
1.715860807768932819e+09 -5.410638809204101562e+00 -2.976000213623046875e+01 1.069418713450430991e-01 0.000000000000000000e+00 0.000000000000000000e+00 0.000000000000000000e+00 1.000000000000000000e+00
1.715860807872120142e+09 -5.361351013183593750e+00 -2.983925056457519531e+01 1.101972162723540982e-01 0.000000000000000000e+00 0.000000000000000000e+00 0.000000000000000000e+00 1.000000000000000000e+00
1.715860807919269323e+09 -5.334784984588623047e+00 -2.986647033691406250e+01 1.121104657649993064e-01 0.000000000000000000e+00 0.000000000000000000e+00 0.000000000000000000e+00 1.000000000000000000e+00
1.715860807969854832e+09 -5.309480667114257812e+00 -2.989343643188476918e+01 1.140838190913199962e-01 0.000000000000000000e+00 0.000000000000000000e+00 0.000000000000000000e+00 1.000000000000000000e+00
1.715860808071367741e+09 -5.259016513824462891e+00 -2.994416999816894531e+01 1.172529011964797974e-01 0.000000000000000000e+00 0.000000000000000000e+00 0.000000000000000000e+00 1.000000000000000000e+00
1.715860808120849609e+09 -5.237836360931396484e+00 -2.998854446411132812e+01 1.175751239061355036e-01 0.000000000000000000e+00 0.000000000000000000e+00 0.000000000000000000e+00 1.000000000000000000e+00
1.715860808270835400e+09 -5.162045001983642578e+00 -3.005778121948242543e+01 1.227944046258925975e-01 0.000000000000000000e+00 0.000000000000000000e+00 0.000000000000000000e+00 1.000000000000000000e+00
1.715860808373153448e+09 -5.119022369384765625e+00 -3.011907196044921875e+01 1.254408061504364014e-01 0.000000000000000000e+00 0.000000000000000000e+00 0.000000000000000000e+00 1.000000000000000000e+00
1.715860808423757315e+09 -5.095612525939941406e+00 -3.013936424255371094e+01 1.271816343069075983e-01 0.000000000000000000e+00 0.000000000000000000e+00 0.000000000000000000e+00 1.000000000000000000e+00
1.715860808472883940e+09 -5.072280883789063388e+00 -3.016064071655273082e+01 1.290951669216156006e-01 0.000000000000000000e+00 0.000000000000000000e+00 0.000000000000000000e+00 1.000000000000000000e+00
1.715860808522718668e+09 -5.051753520965576172e+00 -3.019458961486816406e+01 1.303910017013548972e-01 0.000000000000000000e+00 0.000000000000000000e+00 0.000000000000000000e+00 1.000000000000000000e+00
1.715860808574117422e+09 -5.029015064239501953e+00 -3.021370124816894531e+01 1.324952244758605957e-01 0.000000000000000000e+00 0.000000000000000000e+00 0.000000000000000000e+00 1.000000000000000000e+00
1.715860808623617887e+09 -5.006963253021240234e+00 -3.023267173767089844e+01 1.345006972551344993e-01 0.000000000000000000e+00 0.000000000000000000e+00 0.000000000000000000e+00 1.000000000000000000e+00
1.715860808675580263e+09 -4.984619140625000000e+00 -3.025167846679687500e+01 1.367109268903732022e-01 0.000000000000000000e+00 0.000000000000000000e+00 0.000000000000000000e+00 1.000000000000000000e+00
1.715860808724494219e+09 -4.964547634124755859e+00 -3.028344917297363637e+01 1.382530331611633023e-01 0.000000000000000000e+00 0.000000000000000000e+00 0.000000000000000000e+00 1.000000000000000000e+00
1.715860808777258396e+09 -4.942615032196044922e+00 -3.030133628845214844e+01 1.405623257160185935e-01 0.000000000000000000e+00 0.000000000000000000e+00 0.000000000000000000e+00 1.000000000000000000e+00
1.715860808824976444e+09 -4.919977188110351562e+00 -3.031831359863280895e+01 1.430650353431701105e-01 0.000000000000000000e+00 0.000000000000000000e+00 0.000000000000000000e+00 1.000000000000000000e+00
1.715860808875325441e+09 -4.897329330444335938e+00 -3.033626747131348012e+01 1.451418995857237937e-01 0.000000000000000000e+00 0.000000000000000000e+00 0.000000000000000000e+00 1.000000000000000000e+00
1.715860808924928427e+09 -4.877262115478515625e+00 -3.036592864990234375e+01 1.467432230710982999e-01 0.000000000000000000e+00 0.000000000000000000e+00 0.000000000000000000e+00 1.000000000000000000e+00
1.715860808981720686e+09 -4.857118606567382812e+00 -3.038341140747070312e+01 1.482015848159790039e-01 0.000000000000000000e+00 0.000000000000000000e+00 0.000000000000000000e+00 1.000000000000000000e+00
1.715860809035526037e+09 -4.835034847259521484e+00 -3.040020370483398438e+01 1.503361910581587912e-01 0.000000000000000000e+00 0.000000000000000000e+00 0.000000000000000000e+00 1.000000000000000000e+00
1.715860809079159498e+09 -4.813018798828125000e+00 -3.041697692871093750e+01 1.527843028306961060e-01 0.000000000000000000e+00 0.000000000000000000e+00 0.000000000000000000e+00 1.000000000000000000e+00
1.715860809176742077e+09 -4.770745277404785156e+00 -3.046529006958008168e+01 1.554189026355743131e-01 0.000000000000000000e+00 0.000000000000000000e+00 0.000000000000000000e+00 1.000000000000000000e+00
1.715860809226388931e+09 -4.748381614685058594e+00 -3.048202133178710938e+01 1.570184081792830866e-01 0.000000000000000000e+00 0.000000000000000000e+00 0.000000000000000000e+00 1.000000000000000000e+00
1.715860809277439117e+09 -4.726038455963134766e+00 -3.049777412414550781e+01 1.598974764347076138e-01 0.000000000000000000e+00 0.000000000000000000e+00 0.000000000000000000e+00 1.000000000000000000e+00
1.715860809328984499e+09 -4.682450771331787109e+00 -3.053001403808593750e+01 1.645777672529220026e-01 0.000000000000000000e+00 0.000000000000000000e+00 0.000000000000000000e+00 1.000000000000000000e+00
1.715860809427501678e+09 -4.661937713623046875e+00 -3.055855369567871094e+01 1.666197478771208884e-01 0.000000000000000000e+00 0.000000000000000000e+00 0.000000000000000000e+00 1.000000000000000000e+00
1.715860809529560566e+09 -4.620784282684326172e+00 -3.058827400207519531e+01 1.710127592086791992e-01 0.000000000000000000e+00 0.000000000000000000e+00 0.000000000000000000e+00 1.000000000000000000e+00
1.715860809579189539e+09 -4.600331783294677734e+00 -3.060362052917480469e+01 1.737768501043318869e-01 0.000000000000000000e+00 0.000000000000000000e+00 0.000000000000000000e+00 1.000000000000000000e+00
1.715860809629888296e+09 -4.579819202423095703e+00 -3.061894989013671875e+01 1.763379871845245084e-01 0.000000000000000000e+00 0.000000000000000000e+00 0.000000000000000000e+00 1.000000000000000000e+00
1.715860809731416941e+09 -4.540085792541503906e+00 -3.065842056274414062e+01 1.802177429199217917e-01 0.000000000000000000e+00 0.000000000000000000e+00 0.000000000000000000e+00 1.000000000000000000e+00
1.715860809781331778e+09 -4.520630836486816406e+00 -3.067251586914062500e+01 1.823626756668089988e-01 0.000000000000000000e+00 0.000000000000000000e+00 0.000000000000000000e+00 1.000000000000000000e+00
1.715860809834108829e+09 -4.501701354980468750e+00 -3.068652153015136719e+01 1.845886260271072110e-01 0.000000000000000000e+00 0.000000000000000000e+00 0.000000000000000000e+00 1.000000000000000000e+00
1.715860809934073687e+09 -4.465675830841064453e+00 -3.072226905822753906e+01 1.879757195711135864e-01 0.000000000000000000e+00 0.000000000000000000e+00 0.000000000000000000e+00 1.000000000000000000e+00
1.715860809988392353e+09 -4.447418212890625000e+00 -3.073409461975097656e+01 1.897635906934737882e-01 0.000000000000000000e+00 0.000000000000000000e+00 0.000000000000000000e+00 1.000000000000000000e+00
1.715860810037952185e+09 -4.428841114044189453e+00 -3.074493980407714844e+01 1.915092021226882935e-01 0.000000000000000000e+00 0.000000000000000000e+00 0.000000000000000000e+00 1.000000000000000000e+00
1.715860810132790565e+09 -4.395360469818115234e+00 -3.077412033081054688e+01 1.942005604505538940e-01 0.000000000000000000e+00 0.000000000000000000e+00 0.000000000000000000e+00 1.000000000000000000e+00
1.715860810183027029e+09 -4.379085540771484375e+00 -3.078359413146972656e+01 1.960541903972624900e-01 0.000000000000000000e+00 0.000000000000000000e+00 0.000000000000000000e+00 1.000000000000000000e+00
1.715860810232719660e+09 -4.362807273864746094e+00 -3.079203605651855469e+01 1.976005136966705045e-01 0.000000000000000000e+00 0.000000000000000000e+00 0.000000000000000000e+00 1.000000000000000000e+00
1.715860810284809113e+09 -4.347831726074218750e+00 -3.080633544921875000e+01 1.988903731107710959e-01 0.000000000000000000e+00 0.000000000000000000e+00 0.000000000000000000e+00 1.000000000000000000e+00
1.715860810334968805e+09 -4.331948757171630859e+00 -3.081368064880371094e+01 2.001906335353851041e-01 0.000000000000000000e+00 0.000000000000000000e+00 0.000000000000000000e+00 1.000000000000000000e+00
1.715860810385454893e+09 -4.316817283630371094e+00 -3.081988906860351918e+01 2.011931985616683960e-01 0.000000000000000000e+00 0.000000000000000000e+00 0.000000000000000000e+00 1.000000000000000000e+00
1.715860810437565327e+09 -4.301460742950440341e+00 -3.082713317871093750e+01 2.022492438554762961e-01 0.000000000000000000e+00 0.000000000000000000e+00 0.000000000000000000e+00 1.000000000000000000e+00
1.715860810486219406e+09 -4.286639213562011719e+00 -3.083226203918457031e+01 2.030443251132965088e-01 0.000000000000000000e+00 0.000000000000000000e+00 0.000000000000000000e+00 1.000000000000000000e+00
1.715860810586429358e+09 -4.271695613861083984e+00 -3.084043121337890270e+01 2.038395255804061890e-01 0.000000000000000000e+00 0.000000000000000000e+00 0.000000000000000000e+00 1.000000000000000000e+00
1.715860810637815475e+09 -4.243013858795166016e+00 -3.084951591491699219e+01 2.056501060724257868e-01 0.000000000000000000e+00 0.000000000000000000e+00 0.000000000000000000e+00 1.000000000000000000e+00
1.715860810687332392e+09 -4.229804039001464844e+00 -3.085239791870116832e+01 2.070444375276564997e-01 0.000000000000000000e+00 0.000000000000000000e+00 0.000000000000000000e+00 1.000000000000000000e+00
1.715860810790627241e+09 -4.216141700744628906e+00 -3.085637474060058238e+01 2.091615796089172086e-01 0.000000000000000000e+00 0.000000000000000000e+00 0.000000000000000000e+00 1.000000000000000000e+00
1.715860810838354349e+09 -4.203841686248779297e+00 -3.085813903808593750e+01 2.112518399953841886e-01 0.000000000000000000e+00 0.000000000000000000e+00 0.000000000000000000e+00 1.000000000000000000e+00
1.715860810887874842e+09 -4.192374229431152344e+00 -3.085979270935058238e+01 2.135355025529860895e-01 0.000000000000000000e+00 0.000000000000000000e+00 0.000000000000000000e+00 1.000000000000000000e+00
1.715860810938353300e+09 -4.170795917510986328e+00 -3.086299324035644531e+01 2.202858328819274902e-01 0.000000000000000000e+00 0.000000000000000000e+00 0.000000000000000000e+00 1.000000000000000000e+00
1.715860810987429380e+09 -4.160434722900390625e+00 -3.086255073547363637e+01 2.246815413236618042e-01 0.000000000000000000e+00 0.000000000000000000e+00 0.000000000000000000e+00 1.000000000000000000e+00
1.715860811090667963e+09 -4.141004562377929688e+00 -3.086053466796875000e+01 2.350280284881590964e-01 0.000000000000000000e+00 0.000000000000000000e+00 0.000000000000000000e+00 1.000000000000000000e+00
1.715860811139390230e+09 -4.132272243499755859e+00 -3.085891532897948863e+01 2.409880459308623990e-01 0.000000000000000000e+00 0.000000000000000000e+00 0.000000000000000000e+00 1.000000000000000000e+00
1.715860811190555334e+09 -4.124454021453857422e+00 -3.085721206665039062e+01 2.479661256074905118e-01 0.000000000000000000e+00 0.000000000000000000e+00 0.000000000000000000e+00 1.000000000000000000e+00
1.715860811289583206e+09 -4.110173225402832031e+00 -3.084860801696777344e+01 2.630057632923126221e-01 0.000000000000000000e+00 0.000000000000000000e+00 0.000000000000000000e+00 1.000000000000000000e+00
1.715860811341214180e+09 -4.103421211242675781e+00 -3.084474372863769176e+01 2.702383100986480158e-01 0.000000000000000000e+00 0.000000000000000000e+00 0.000000000000000000e+00 1.000000000000000000e+00
1.715860811390609980e+09 -4.096756458282470703e+00 -3.083581924438476918e+01 2.775283157825469971e-01 0.000000000000000000e+00 0.000000000000000000e+00 0.000000000000000000e+00 1.000000000000000000e+00
1.715860811442265034e+09 -4.091924190521240234e+00 -3.083170127868652344e+01 2.849668264389038086e-01 0.000000000000000000e+00 0.000000000000000000e+00 0.000000000000000000e+00 1.000000000000000000e+00
1.715860811490577936e+09 -4.085099220275878906e+00 -3.082201576232910156e+01 2.982605993747711182e-01 0.000000000000000000e+00 0.000000000000000000e+00 0.000000000000000000e+00 1.000000000000000000e+00
1.715860811542162657e+09 -4.082395076751708984e+00 -3.081758308410644531e+01 3.049933016300200861e-01 0.000000000000000000e+00 0.000000000000000000e+00 0.000000000000000000e+00 1.000000000000000000e+00
1.715860811960000277e+09 -4.065011501312255859e+00 -3.074744033813476918e+01 3.655475080013275146e-01 0.000000000000000000e+00 0.000000000000000000e+00 0.000000000000000000e+00 1.000000000000000000e+00
1.715860812216970682e+09 -4.055103302001953125e+00 -3.069912528991699219e+01 4.177805781364440918e-01 0.000000000000000000e+00 0.000000000000000000e+00 0.000000000000000000e+00 1.000000000000000000e+00
1.715860812398131132e+09 -4.050511360168457031e+00 -3.067133522033691762e+01 4.432970881462097168e-01 0.000000000000000000e+00 0.000000000000000000e+00 0.000000000000000000e+00 1.000000000000000000e+00
1.715860812452349424e+09 -4.048823356628417969e+00 -3.065991401672363637e+01 4.571841061115264893e-01 0.000000000000000000e+00 0.000000000000000000e+00 0.000000000000000000e+00 1.000000000000000000e+00
1.715860813605664492e+09 -4.177255153656005859e+00 -3.005694389343261719e+01 8.202127218246459961e-01 0.000000000000000000e+00 0.000000000000000000e+00 0.000000000000000000e+00 1.000000000000000000e+00
1.715860814008113384e+09 -4.267580986022949219e+00 -2.973177909851074574e+01 8.547057509422302246e-01 0.000000000000000000e+00 0.000000000000000000e+00 0.000000000000000000e+00 1.000000000000000000e+00
1.715860814208669424e+09 -4.317776679992675781e+00 -2.957400512695312500e+01 8.584584593772888184e-01 0.000000000000000000e+00 0.000000000000000000e+00 0.000000000000000000e+00 1.000000000000000000e+00
1.715860814409283161e+09 -4.360185623168945312e+00 -2.935541152954101562e+01 8.566663861274719238e-01 0.000000000000000000e+00 0.000000000000000000e+00 0.000000000000000000e+00 1.000000000000000000e+00
1.715860814610571146e+09 -4.391154289245605469e+00 -2.909676742553710938e+01 8.495100736618041992e-01 0.000000000000000000e+00 0.000000000000000000e+00 0.000000000000000000e+00 1.000000000000000000e+00
1.715860815028295755e+09 -4.429577350616455078e+00 -2.849934577941894531e+01 8.234428763389587402e-01 0.000000000000000000e+00 0.000000000000000000e+00 0.000000000000000000e+00 1.000000000000000000e+00
1.715860815113399982e+09 -4.440179824829101562e+00 -2.836583328247070312e+01 8.126648068428039551e-01 0.000000000000000000e+00 0.000000000000000000e+00 0.000000000000000000e+00 1.000000000000000000e+00
1.715860815163642883e+09 -4.434091091156005859e+00 -2.822899627685546875e+01 8.087430000305175781e-01 0.000000000000000000e+00 0.000000000000000000e+00 0.000000000000000000e+00 1.000000000000000000e+00
1.715860815214023113e+09 -4.438494205474853516e+00 -2.816031646728515980e+01 8.027202486991882324e-01 0.000000000000000000e+00 0.000000000000000000e+00 0.000000000000000000e+00 1.000000000000000000e+00
1.715860815263598919e+09 -4.442420482635498047e+00 -2.809068870544433594e+01 7.966629266738891602e-01 0.000000000000000000e+00 0.000000000000000000e+00 0.000000000000000000e+00 1.000000000000000000e+00
1.715860815315055847e+09 -4.445929050445556641e+00 -2.801908111572265625e+01 7.902501821517944336e-01 0.000000000000000000e+00 0.000000000000000000e+00 0.000000000000000000e+00 1.000000000000000000e+00
1.715860815365945816e+09 -4.449673175811767578e+00 -2.794944190979003906e+01 7.833971977233886719e-01 0.000000000000000000e+00 0.000000000000000000e+00 0.000000000000000000e+00 1.000000000000000000e+00
1.715860815465648413e+09 -4.441333293914794922e+00 -2.780274963378906250e+01 7.781040072441101074e-01 0.000000000000000000e+00 0.000000000000000000e+00 0.000000000000000000e+00 1.000000000000000000e+00
1.715860815516408682e+09 -4.443618774414063388e+00 -2.772318649291991832e+01 7.710255980491638184e-01 0.000000000000000000e+00 0.000000000000000000e+00 0.000000000000000000e+00 1.000000000000000000e+00
1.715860815565503836e+09 -4.447598457336425781e+00 -2.756715583801269176e+01 7.565839290618896484e-01 0.000000000000000000e+00 0.000000000000000000e+00 0.000000000000000000e+00 1.000000000000000000e+00
1.715860815616476297e+09 -4.449721336364746094e+00 -2.749058914184570312e+01 7.480264306068420410e-01 0.000000000000000000e+00 0.000000000000000000e+00 0.000000000000000000e+00 1.000000000000000000e+00
1.715860815718082666e+09 -4.442284107208251953e+00 -2.725725364685058238e+01 7.320130467414855957e-01 0.000000000000000000e+00 0.000000000000000000e+00 0.000000000000000000e+00 1.000000000000000000e+00
1.715860815768893480e+09 -4.443865299224853516e+00 -2.717563819885253906e+01 7.223343253135681152e-01 0.000000000000000000e+00 0.000000000000000000e+00 0.000000000000000000e+00 1.000000000000000000e+00
1.715860815818721056e+09 -4.446274757385253906e+00 -2.709182357788085938e+01 7.118706703186035156e-01 0.000000000000000000e+00 0.000000000000000000e+00 0.000000000000000000e+00 1.000000000000000000e+00
1.715860815918247223e+09 -4.440508365631104404e+00 -2.684886169433593750e+01 6.918411850929260254e-01 0.000000000000000000e+00 0.000000000000000000e+00 0.000000000000000000e+00 1.000000000000000000e+00
1.715860815968204260e+09 -4.445210933685302734e+00 -2.676557922363280895e+01 6.795756816864013672e-01 0.000000000000000000e+00 0.000000000000000000e+00 0.000000000000000000e+00 1.000000000000000000e+00
1.715860816019207001e+09 -4.450017452239990234e+00 -2.668124389648437145e+01 6.672884225845336914e-01 0.000000000000000000e+00 0.000000000000000000e+00 0.000000000000000000e+00 1.000000000000000000e+00
1.715860816072023630e+09 -4.441215515136718750e+00 -2.650996017456054688e+01 6.569668054580688477e-01 0.000000000000000000e+00 0.000000000000000000e+00 0.000000000000000000e+00 1.000000000000000000e+00
1.715860816119089603e+09 -4.447219371795654297e+00 -2.642435646057128906e+01 6.444303989410400391e-01 0.000000000000000000e+00 0.000000000000000000e+00 0.000000000000000000e+00 1.000000000000000000e+00
1.715860816168914795e+09 -4.453960895538330078e+00 -2.633858680725097656e+01 6.313182115554809570e-01 0.000000000000000000e+00 0.000000000000000000e+00 0.000000000000000000e+00 1.000000000000000000e+00
1.715860816220488548e+09 -4.460795879364013672e+00 -2.624871063232421875e+01 6.180562376976013184e-01 0.000000000000000000e+00 0.000000000000000000e+00 0.000000000000000000e+00 1.000000000000000000e+00
1.715860816321305037e+09 -4.453542709350585938e+00 -2.607604408264160156e+01 6.076527237892150879e-01 0.000000000000000000e+00 0.000000000000000000e+00 0.000000000000000000e+00 1.000000000000000000e+00
1.715860816372651577e+09 -4.462203502655029297e+00 -2.598677825927734375e+01 5.933415293693542480e-01 0.000000000000000000e+00 0.000000000000000000e+00 0.000000000000000000e+00 1.000000000000000000e+00
1.715860816421624899e+09 -4.481924533843994141e+00 -2.580469894409180043e+01 5.652165412902832031e-01 0.000000000000000000e+00 0.000000000000000000e+00 0.000000000000000000e+00 1.000000000000000000e+00
1.715860816473144054e+09 -4.491958141326904297e+00 -2.570798492431640625e+01 5.510865449905395508e-01 0.000000000000000000e+00 0.000000000000000000e+00 0.000000000000000000e+00 1.000000000000000000e+00
1.715860816572151899e+09 -4.488366603851318359e+00 -2.552939796447753906e+01 5.396117568016052246e-01 0.000000000000000000e+00 0.000000000000000000e+00 0.000000000000000000e+00 1.000000000000000000e+00
1.715860816621905327e+09 -4.512412548065185547e+00 -2.533805274963378906e+01 5.097874999046325684e-01 0.000000000000000000e+00 0.000000000000000000e+00 0.000000000000000000e+00 1.000000000000000000e+00
1.715860816673147917e+09 -4.525012493133544922e+00 -2.524478530883789062e+01 4.957566559314727783e-01 0.000000000000000000e+00 0.000000000000000000e+00 0.000000000000000000e+00 1.000000000000000000e+00
1.715860816773142338e+09 -4.523328781127929688e+00 -2.505854415893554688e+01 4.838625490665435791e-01 0.000000000000000000e+00 0.000000000000000000e+00 0.000000000000000000e+00 1.000000000000000000e+00
1.715860816824967861e+09 -4.551686286926269531e+00 -2.486505126953125000e+01 4.548557400703430176e-01 0.000000000000000000e+00 0.000000000000000000e+00 0.000000000000000000e+00 1.000000000000000000e+00
1.715860816874096870e+09 -4.563464164733886719e+00 -2.476467704772948863e+01 4.422649443149566095e-01 0.000000000000000000e+00 0.000000000000000000e+00 0.000000000000000000e+00 1.000000000000000000e+00
1.715860816974043131e+09 -4.560742855072021484e+00 -2.457548713684082031e+01 4.333569109439849854e-01 0.000000000000000000e+00 0.000000000000000000e+00 0.000000000000000000e+00 1.000000000000000000e+00
1.715860817024268627e+09 -4.575737476348876953e+00 -2.447951126098632812e+01 4.208792150020598810e-01 0.000000000000000000e+00 0.000000000000000000e+00 0.000000000000000000e+00 1.000000000000000000e+00
1.715860817076238632e+09 -4.604071140289306641e+00 -2.428069305419921875e+01 3.984353542327880859e-01 0.000000000000000000e+00 0.000000000000000000e+00 0.000000000000000000e+00 1.000000000000000000e+00
1.715860817175379992e+09 -4.600123405456542969e+00 -2.408756065368652344e+01 3.920863866806030273e-01 0.000000000000000000e+00 0.000000000000000000e+00 0.000000000000000000e+00 1.000000000000000000e+00
1.715860817227418900e+09 -4.612065792083740234e+00 -2.398496437072753906e+01 3.827318251132965088e-01 0.000000000000000000e+00 0.000000000000000000e+00 0.000000000000000000e+00 1.000000000000000000e+00
1.715860817426597118e+09 -4.643831253051757812e+00 -2.347782516479491832e+01 3.573681712150573730e-01 0.000000000000000000e+00 0.000000000000000000e+00 0.000000000000000000e+00 1.000000000000000000e+00
1.715860817476855755e+09 -4.662954807281494141e+00 -2.327761459350585938e+01 3.486666083335875910e-01 0.000000000000000000e+00 0.000000000000000000e+00 0.000000000000000000e+00 1.000000000000000000e+00
1.715860817527327776e+09 -4.672602653503417969e+00 -2.317543220520019531e+01 3.451729416847229004e-01 0.000000000000000000e+00 0.000000000000000000e+00 0.000000000000000000e+00 1.000000000000000000e+00
1.715860817628458738e+09 -4.669796943664550781e+00 -2.287573051452636719e+01 3.465710878372191828e-01 0.000000000000000000e+00 0.000000000000000000e+00 0.000000000000000000e+00 1.000000000000000000e+00
1.715860817677858114e+09 -4.677295207977294922e+00 -2.277200126647948863e+01 3.466199934482573908e-01 0.000000000000000000e+00 0.000000000000000000e+00 0.000000000000000000e+00 1.000000000000000000e+00
1.715860817728543043e+09 -4.684492111206054688e+00 -2.267140007019042969e+01 3.473219275474547785e-01 0.000000000000000000e+00 0.000000000000000000e+00 0.000000000000000000e+00 1.000000000000000000e+00
1.715860817778819084e+09 -4.689507961273193359e+00 -2.256514739990234375e+01 3.493378758430480957e-01 0.000000000000000000e+00 0.000000000000000000e+00 0.000000000000000000e+00 1.000000000000000000e+00
1.715860817828758240e+09 -4.675577163696289062e+00 -2.236998939514160156e+01 3.562466204166411798e-01 0.000000000000000000e+00 0.000000000000000000e+00 0.000000000000000000e+00 1.000000000000000000e+00
1.715860817879135370e+09 -4.680583000183105469e+00 -2.226681327819823863e+01 3.596483767032622736e-01 0.000000000000000000e+00 0.000000000000000000e+00 0.000000000000000000e+00 1.000000000000000000e+00
1.715860817929863214e+09 -4.685137271881104404e+00 -2.216377449035644531e+01 3.644380867481231134e-01 0.000000000000000000e+00 0.000000000000000000e+00 0.000000000000000000e+00 1.000000000000000000e+00
1.715860817980178833e+09 -4.689049243927001953e+00 -2.206291580200195668e+01 3.698100745677947998e-01 0.000000000000000000e+00 0.000000000000000000e+00 0.000000000000000000e+00 1.000000000000000000e+00
1.715860818080308914e+09 -4.673570156097412109e+00 -2.176508331298828125e+01 3.873429000377655029e-01 0.000000000000000000e+00 0.000000000000000000e+00 0.000000000000000000e+00 1.000000000000000000e+00
1.715860818131504536e+09 -4.675198554992675781e+00 -2.166476058959960938e+01 3.951785266399382990e-01 0.000000000000000000e+00 0.000000000000000000e+00 0.000000000000000000e+00 1.000000000000000000e+00
1.715860818181132793e+09 -4.674827575683593750e+00 -2.156588935852050781e+01 4.033859074115753174e-01 0.000000000000000000e+00 0.000000000000000000e+00 0.000000000000000000e+00 1.000000000000000000e+00
1.715860818231669903e+09 -4.675334453582763672e+00 -2.146676445007323863e+01 4.107208847999572754e-01 0.000000000000000000e+00 0.000000000000000000e+00 0.000000000000000000e+00 1.000000000000000000e+00
1.715860818332915783e+09 -4.653044700622558594e+00 -2.116236114501953125e+01 4.359851479530333918e-01 0.000000000000000000e+00 0.000000000000000000e+00 0.000000000000000000e+00 1.000000000000000000e+00
1.715860818383488178e+09 -4.652490615844726562e+00 -2.106248855590820312e+01 4.455746412277221125e-01 0.000000000000000000e+00 0.000000000000000000e+00 0.000000000000000000e+00 1.000000000000000000e+00
1.715860818433127642e+09 -4.631002902984619141e+00 -2.086900901794433594e+01 4.596246480941771906e-01 0.000000000000000000e+00 0.000000000000000000e+00 0.000000000000000000e+00 1.000000000000000000e+00
1.715860818483277798e+09 -4.629448413848876953e+00 -2.076523017883300781e+01 4.696236252784729004e-01 0.000000000000000000e+00 0.000000000000000000e+00 0.000000000000000000e+00 1.000000000000000000e+00
1.715860818533386707e+09 -4.628827095031738281e+00 -2.066737556457519531e+01 4.796025753021240234e-01 0.000000000000000000e+00 0.000000000000000000e+00 0.000000000000000000e+00 1.000000000000000000e+00
1.715860818585768461e+09 -4.628630161285400391e+00 -2.057349967956542969e+01 4.894015491008757990e-01 0.000000000000000000e+00 0.000000000000000000e+00 0.000000000000000000e+00 1.000000000000000000e+00
1.715860818634639263e+09 -4.604758739471436435e+00 -2.037539672851562500e+01 5.046818852424621582e-01 0.000000000000000000e+00 0.000000000000000000e+00 0.000000000000000000e+00 1.000000000000000000e+00
1.715860818684669733e+09 -4.602245330810546875e+00 -2.027895927429199219e+01 5.152595043182373047e-01 0.000000000000000000e+00 0.000000000000000000e+00 0.000000000000000000e+00 1.000000000000000000e+00
1.715860818734958887e+09 -4.598833084106445312e+00 -2.017963981628417969e+01 5.261127948760986328e-01 0.000000000000000000e+00 0.000000000000000000e+00 0.000000000000000000e+00 1.000000000000000000e+00
1.715860818835330486e+09 -4.594267368316650391e+00 -1.999162864685058238e+01 5.458068847656250000e-01 0.000000000000000000e+00 0.000000000000000000e+00 0.000000000000000000e+00 1.000000000000000000e+00
1.715860818886165619e+09 -4.569746017456054688e+00 -1.980068016052246094e+01 5.594113469123840332e-01 0.000000000000000000e+00 0.000000000000000000e+00 0.000000000000000000e+00 1.000000000000000000e+00
1.715860818986725569e+09 -4.563196182250976562e+00 -1.960777282714844105e+01 5.768780708312988281e-01 0.000000000000000000e+00 0.000000000000000000e+00 0.000000000000000000e+00 1.000000000000000000e+00
1.715860819036430597e+09 -4.559510231018066406e+00 -1.951136207580566406e+01 5.850569605827331543e-01 0.000000000000000000e+00 0.000000000000000000e+00 0.000000000000000000e+00 1.000000000000000000e+00
1.715860819137983084e+09 -4.524591922760009766e+00 -1.921308135986328125e+01 6.058093309402465820e-01 0.000000000000000000e+00 0.000000000000000000e+00 0.000000000000000000e+00 1.000000000000000000e+00
1.715860819189667225e+09 -4.522833347320556641e+00 -1.912428665161132812e+01 6.117200851440429688e-01 0.000000000000000000e+00 0.000000000000000000e+00 0.000000000000000000e+00 1.000000000000000000e+00
1.715860819238190651e+09 -4.516732215881347656e+00 -1.902633666992187500e+01 6.202381253242492676e-01 0.000000000000000000e+00 0.000000000000000000e+00 0.000000000000000000e+00 1.000000000000000000e+00
1.715860819288186312e+09 -4.489613056182861328e+00 -1.883781051635742543e+01 6.316218376159667969e-01 0.000000000000000000e+00 0.000000000000000000e+00 0.000000000000000000e+00 1.000000000000000000e+00
1.715860819388545752e+09 -4.470005035400390625e+00 -1.855021095275878906e+01 6.550418138504028320e-01 0.000000000000000000e+00 0.000000000000000000e+00 0.000000000000000000e+00 1.000000000000000000e+00
1.715860819438975334e+09 -4.462263584136962891e+00 -1.845256805419921875e+01 6.633243560791015625e-01 0.000000000000000000e+00 0.000000000000000000e+00 0.000000000000000000e+00 1.000000000000000000e+00
1.715860819540719986e+09 -4.425751686096191406e+00 -1.817082595825195668e+01 6.832405924797058105e-01 0.000000000000000000e+00 0.000000000000000000e+00 0.000000000000000000e+00 1.000000000000000000e+00
1.715860819589911222e+09 -4.419892311096191406e+00 -1.807987976074218750e+01 6.912034749984741211e-01 0.000000000000000000e+00 0.000000000000000000e+00 0.000000000000000000e+00 1.000000000000000000e+00
1.715860819690945625e+09 -4.387313842773437500e+00 -1.788233757019042969e+01 7.043916583061218262e-01 0.000000000000000000e+00 0.000000000000000000e+00 0.000000000000000000e+00 1.000000000000000000e+00
1.715860819741006136e+09 -4.370277404785156250e+00 -1.768836402893066406e+01 7.222373485565185547e-01 0.000000000000000000e+00 0.000000000000000000e+00 0.000000000000000000e+00 1.000000000000000000e+00
1.715860819841880322e+09 -4.361820220947265625e+00 -1.759289741516113281e+01 7.314051389694213867e-01 0.000000000000000000e+00 0.000000000000000000e+00 0.000000000000000000e+00 1.000000000000000000e+00
1.715860819892315149e+09 -4.352206707000732422e+00 -1.749667167663574219e+01 7.405300140380859375e-01 0.000000000000000000e+00 0.000000000000000000e+00 0.000000000000000000e+00 1.000000000000000000e+00
1.715860819942766428e+09 -4.344215393066406250e+00 -1.740212440490722656e+01 7.504290938377380371e-01 0.000000000000000000e+00 0.000000000000000000e+00 0.000000000000000000e+00 1.000000000000000000e+00
1.715860819993235826e+09 -4.304057121276856357e+00 -1.711912155151367188e+01 7.740702033042907715e-01 0.000000000000000000e+00 0.000000000000000000e+00 0.000000000000000000e+00 1.000000000000000000e+00
1.715860820042971134e+09 -4.295838832855224609e+00 -1.702459716796875000e+01 7.842596173286437988e-01 0.000000000000000000e+00 0.000000000000000000e+00 0.000000000000000000e+00 1.000000000000000000e+00
1.715860820143798828e+09 -4.288345813751220703e+00 -1.693092155456542969e+01 7.948334217071533203e-01 0.000000000000000000e+00 0.000000000000000000e+00 0.000000000000000000e+00 1.000000000000000000e+00
1.715860820194336414e+09 -4.249709606170654297e+00 -1.665361595153808594e+01 8.188842535018920898e-01 0.000000000000000000e+00 0.000000000000000000e+00 0.000000000000000000e+00 1.000000000000000000e+00
1.715860820244750738e+09 -4.243277072906494141e+00 -1.656164360046386719e+01 8.284962177276611328e-01 0.000000000000000000e+00 0.000000000000000000e+00 0.000000000000000000e+00 1.000000000000000000e+00
1.715860820294039249e+09 -4.237252235412597656e+00 -1.647156715393066406e+01 8.368759751319885254e-01 0.000000000000000000e+00 0.000000000000000000e+00 0.000000000000000000e+00 1.000000000000000000e+00
1.715860820394199133e+09 -4.208106040954589844e+00 -1.629144477844238281e+01 8.483974933624267578e-01 0.000000000000000000e+00 0.000000000000000000e+00 0.000000000000000000e+00 1.000000000000000000e+00
1.715860820445086479e+09 -4.202437877655029297e+00 -1.620121002197265625e+01 8.560078144073486328e-01 0.000000000000000000e+00 0.000000000000000000e+00 0.000000000000000000e+00 1.000000000000000000e+00
1.715860820494787931e+09 -4.193466186523437500e+00 -1.602518272399902344e+01 8.699476122856140137e-01 0.000000000000000000e+00 0.000000000000000000e+00 0.000000000000000000e+00 1.000000000000000000e+00
1.715860820646610498e+09 -4.162693023681640625e+00 -1.577003097534179688e+01 8.857051730155944824e-01 0.000000000000000000e+00 0.000000000000000000e+00 0.000000000000000000e+00 1.000000000000000000e+00
1.715860820695589781e+09 -4.155272483825683594e+00 -1.560056972503661932e+01 8.969243168830871582e-01 0.000000000000000000e+00 0.000000000000000000e+00 0.000000000000000000e+00 1.000000000000000000e+00
1.715860820796290398e+09 -4.127034187316895419e+00 -1.535582351684570312e+01 9.088424444198608398e-01 0.000000000000000000e+00 0.000000000000000000e+00 0.000000000000000000e+00 1.000000000000000000e+00
1.715860820896757603e+09 -4.123895168304443359e+00 -1.527286815643310369e+01 9.126314520835876465e-01 0.000000000000000000e+00 0.000000000000000000e+00 0.000000000000000000e+00 1.000000000000000000e+00
1.715860820947762728e+09 -4.120844364166259766e+00 -1.518985462188720881e+01 9.161030054092408337e-01 0.000000000000000000e+00 0.000000000000000000e+00 0.000000000000000000e+00 1.000000000000000000e+00
1.715860821000243664e+09 -4.095054149627685547e+00 -1.495553684234619141e+01 9.243796467781068005e-01 0.000000000000000000e+00 0.000000000000000000e+00 0.000000000000000000e+00 1.000000000000000000e+00
1.715860821048614979e+09 -4.093600273132324219e+00 -1.487923431396484375e+01 9.266387820243835449e-01 0.000000000000000000e+00 0.000000000000000000e+00 0.000000000000000000e+00 1.000000000000000000e+00
1.715860821148497343e+09 -4.092043399810791016e+00 -1.480397033691406250e+01 9.287883639335632324e-01 0.000000000000000000e+00 0.000000000000000000e+00 0.000000000000000000e+00 1.000000000000000000e+00
1.715860821200212955e+09 -4.070447921752929688e+00 -1.465645313262939631e+01 9.334653615951538086e-01 0.000000000000000000e+00 0.000000000000000000e+00 0.000000000000000000e+00 1.000000000000000000e+00
1.715860821250563383e+09 -4.067515373229980469e+00 -1.457736682891845525e+01 9.355252981185911976e-01 0.000000000000000000e+00 0.000000000000000000e+00 0.000000000000000000e+00 1.000000000000000000e+00
1.715860821300948620e+09 -4.065621376037597656e+00 -1.450315475463867188e+01 9.373841285705566406e-01 0.000000000000000000e+00 0.000000000000000000e+00 0.000000000000000000e+00 1.000000000000000000e+00
1.715860821353479862e+09 -4.063964843750000000e+00 -1.442780971527099609e+01 9.391385316848755993e-01 0.000000000000000000e+00 0.000000000000000000e+00 0.000000000000000000e+00 1.000000000000000000e+00
1.715860821401243210e+09 -4.062477111816406250e+00 -1.428479099273681641e+01 9.411549568176269531e-01 0.000000000000000000e+00 0.000000000000000000e+00 0.000000000000000000e+00 1.000000000000000000e+00
1.715860821502258539e+09 -4.042836189270020419e+00 -1.414898967742919922e+01 9.440895915031431995e-01 0.000000000000000000e+00 0.000000000000000000e+00 0.000000000000000000e+00 1.000000000000000000e+00
1.715860821553090811e+09 -4.042530059814453125e+00 -1.408143138885498047e+01 9.444049596786500134e-01 0.000000000000000000e+00 0.000000000000000000e+00 0.000000000000000000e+00 1.000000000000000000e+00
1.715860821652412415e+09 -4.024629116058349609e+00 -1.387836074829101562e+01 9.460725188255310059e-01 0.000000000000000000e+00 0.000000000000000000e+00 0.000000000000000000e+00 1.000000000000000000e+00
1.715860821702881098e+09 -4.028666019439697266e+00 -1.374984169006347656e+01 9.415115118026732288e-01 0.000000000000000000e+00 0.000000000000000000e+00 0.000000000000000000e+00 1.000000000000000000e+00
1.715860821753190517e+09 -4.029622077941895419e+00 -1.368158245086669922e+01 9.368655681610108532e-01 0.000000000000000000e+00 0.000000000000000000e+00 0.000000000000000000e+00 1.000000000000000000e+00
1.715860821803748608e+09 -4.032118797302246094e+00 -1.361798191070556641e+01 9.304792881011964001e-01 0.000000000000000000e+00 0.000000000000000000e+00 0.000000000000000000e+00 1.000000000000000000e+00
1.715860821903985977e+09 -4.018410205841064453e+00 -1.342621326446533203e+01 9.162051677703856312e-01 0.000000000000000000e+00 0.000000000000000000e+00 0.000000000000000000e+00 1.000000000000000000e+00
1.715860821954387665e+09 -4.021892070770263672e+00 -1.336515903472900391e+01 9.056478738784790039e-01 0.000000000000000000e+00 0.000000000000000000e+00 0.000000000000000000e+00 1.000000000000000000e+00
1.715860822005074501e+09 -4.025178909301757812e+00 -1.330406570434570312e+01 8.938738107681274414e-01 0.000000000000000000e+00 0.000000000000000000e+00 0.000000000000000000e+00 1.000000000000000000e+00
1.715860822055210352e+09 -4.029109001159667969e+00 -1.324055099487304865e+01 8.802462220191955566e-01 0.000000000000000000e+00 0.000000000000000000e+00 0.000000000000000000e+00 1.000000000000000000e+00
1.715860822156816483e+09 -4.022199630737304688e+00 -1.306454849243164062e+01 8.544209003448486328e-01 0.000000000000000000e+00 0.000000000000000000e+00 0.000000000000000000e+00 1.000000000000000000e+00
1.715860822257214785e+09 -4.032131195068359375e+00 -1.294590759277343750e+01 8.272855877876281738e-01 0.000000000000000000e+00 0.000000000000000000e+00 0.000000000000000000e+00 1.000000000000000000e+00
1.715860822356953621e+09 -4.024342536926269531e+00 -1.283757781982422053e+01 8.150321841239929199e-01 0.000000000000000000e+00 0.000000000000000000e+00 0.000000000000000000e+00 1.000000000000000000e+00
1.715860822409366369e+09 -4.037922382354736328e+00 -1.272688388824462713e+01 7.882378101348876953e-01 0.000000000000000000e+00 0.000000000000000000e+00 0.000000000000000000e+00 1.000000000000000000e+00
1.715860822460081577e+09 -4.045339107513427734e+00 -1.267123508453369141e+01 7.746890187263488770e-01 0.000000000000000000e+00 0.000000000000000000e+00 0.000000000000000000e+00 1.000000000000000000e+00
1.715860822509701729e+09 -4.054512023925781250e+00 -1.262018394470214844e+01 7.606098055839538574e-01 0.000000000000000000e+00 0.000000000000000000e+00 0.000000000000000000e+00 1.000000000000000000e+00
1.715860822612858772e+09 -4.058470726013183594e+00 -1.247109794616699219e+01 7.349781394004821777e-01 0.000000000000000000e+00 0.000000000000000000e+00 0.000000000000000000e+00 1.000000000000000000e+00
1.715860822660866737e+09 -4.067845821380615234e+00 -1.241762924194335938e+01 7.203530073165893555e-01 0.000000000000000000e+00 0.000000000000000000e+00 0.000000000000000000e+00 1.000000000000000000e+00
1.715860822710910797e+09 -4.079858779907226562e+00 -1.236735820770263672e+01 7.045417428016662598e-01 0.000000000000000000e+00 0.000000000000000000e+00 0.000000000000000000e+00 1.000000000000000000e+00
1.715860822811240435e+09 -4.077003002166748047e+00 -1.227250862121582031e+01 6.916266083717346191e-01 0.000000000000000000e+00 0.000000000000000000e+00 0.000000000000000000e+00 1.000000000000000000e+00
1.715860822861118555e+09 -4.100274085998535156e+00 -1.217397212982177557e+01 6.611180901527404785e-01 0.000000000000000000e+00 0.000000000000000000e+00 0.000000000000000000e+00 1.000000000000000000e+00
1.715860822911729574e+09 -4.113063335418701172e+00 -1.212623214721679688e+01 6.448647379875183105e-01 0.000000000000000000e+00 0.000000000000000000e+00 0.000000000000000000e+00 1.000000000000000000e+00
1.715860823012348175e+09 -4.110137939453125000e+00 -1.203957080841064453e+01 6.326387524604797363e-01 0.000000000000000000e+00 0.000000000000000000e+00 0.000000000000000000e+00 1.000000000000000000e+00
1.715860823063049793e+09 -4.136276721954345703e+00 -1.194770240783691406e+01 6.002682447433471680e-01 0.000000000000000000e+00 0.000000000000000000e+00 0.000000000000000000e+00 1.000000000000000000e+00
1.715860823112732649e+09 -4.149909496307373047e+00 -1.190141582489013672e+01 5.838542580604553223e-01 0.000000000000000000e+00 0.000000000000000000e+00 0.000000000000000000e+00 1.000000000000000000e+00
1.715860823213571310e+09 -4.152911663055419922e+00 -1.182385921478271662e+01 5.695474147796630859e-01 0.000000000000000000e+00 0.000000000000000000e+00 0.000000000000000000e+00 1.000000000000000000e+00
1.715860823264196873e+09 -4.181824684143066406e+00 -1.173432350158691406e+01 5.349804759025573730e-01 0.000000000000000000e+00 0.000000000000000000e+00 0.000000000000000000e+00 1.000000000000000000e+00
1.715860823314335585e+09 -4.196372985839843750e+00 -1.169040870666504084e+01 5.174047946929931641e-01 0.000000000000000000e+00 0.000000000000000000e+00 0.000000000000000000e+00 1.000000000000000000e+00
1.715860823366325140e+09 -4.210685729980468750e+00 -1.164646530151367188e+01 4.997301101684569757e-01 0.000000000000000000e+00 0.000000000000000000e+00 0.000000000000000000e+00 1.000000000000000000e+00
1.715860823466654539e+09 -4.214010715484619141e+00 -1.157351970672607422e+01 4.843992888927459162e-01 0.000000000000000000e+00 0.000000000000000000e+00 0.000000000000000000e+00 1.000000000000000000e+00
1.715860823515972853e+09 -4.227998256683349609e+00 -1.153054141998291016e+01 4.665952324867247980e-01 0.000000000000000000e+00 0.000000000000000000e+00 0.000000000000000000e+00 1.000000000000000000e+00
1.715860823566340685e+09 -4.258067607879638672e+00 -1.144765853881835938e+01 4.297233223915100098e-01 0.000000000000000000e+00 0.000000000000000000e+00 0.000000000000000000e+00 1.000000000000000000e+00
1.715860823615926981e+09 -4.259514808654785156e+00 -1.137511062622070312e+01 4.157288372516632080e-01 0.000000000000000000e+00 0.000000000000000000e+00 0.000000000000000000e+00 1.000000000000000000e+00
1.715860823666691542e+09 -4.274269580841064453e+00 -1.133571624755859375e+01 3.979866504669188898e-01 0.000000000000000000e+00 0.000000000000000000e+00 0.000000000000000000e+00 1.000000000000000000e+00
1.715860823767415762e+09 -4.293923377990722656e+00 -1.123272609710693359e+01 3.655309677124022882e-01 0.000000000000000000e+00 0.000000000000000000e+00 0.000000000000000000e+00 1.000000000000000000e+00
1.715860823818289042e+09 -4.306495189666748047e+00 -1.119068145751953125e+01 3.483115136623382013e-01 0.000000000000000000e+00 0.000000000000000000e+00 0.000000000000000000e+00 1.000000000000000000e+00
1.715860823868506908e+09 -4.319885730743408203e+00 -1.115143203735351562e+01 3.309276998043059748e-01 0.000000000000000000e+00 0.000000000000000000e+00 0.000000000000000000e+00 1.000000000000000000e+00
1.715860823968400478e+09 -4.346632957458496094e+00 -1.107487010955810369e+01 2.967815399169921875e-01 0.000000000000000000e+00 0.000000000000000000e+00 0.000000000000000000e+00 1.000000000000000000e+00
1.715860824018686056e+09 -4.349038600921630859e+00 -1.100985527038574219e+01 2.836005687713623047e-01 0.000000000000000000e+00 0.000000000000000000e+00 0.000000000000000000e+00 1.000000000000000000e+00
1.715860824069617987e+09 -4.361506462097167969e+00 -1.097188472747802734e+01 2.683131396770476740e-01 0.000000000000000000e+00 0.000000000000000000e+00 0.000000000000000000e+00 1.000000000000000000e+00
1.715860824170071363e+09 -4.384552001953125000e+00 -1.089446640014648438e+01 2.395088374614715021e-01 0.000000000000000000e+00 0.000000000000000000e+00 0.000000000000000000e+00 1.000000000000000000e+00
1.715860824219230413e+09 -4.384144783020020419e+00 -1.082732677459716797e+01 2.294779717922210138e-01 0.000000000000000000e+00 0.000000000000000000e+00 0.000000000000000000e+00 1.000000000000000000e+00
1.715860824320405483e+09 -4.406022548675537109e+00 -1.075026893615722834e+01 2.040480822324751975e-01 0.000000000000000000e+00 0.000000000000000000e+00 0.000000000000000000e+00 1.000000000000000000e+00
1.715860824370905399e+09 -4.414827346801757812e+00 -1.071046829223632812e+01 1.925441622734068992e-01 0.000000000000000000e+00 0.000000000000000000e+00 0.000000000000000000e+00 1.000000000000000000e+00
1.715860824426175594e+09 -4.424173355102539062e+00 -1.067031955718993963e+01 1.806213706731795987e-01 0.000000000000000000e+00 0.000000000000000000e+00 0.000000000000000000e+00 1.000000000000000000e+00
1.715860824521533489e+09 -4.427345275878906250e+00 -1.055533885955810369e+01 1.609282046556471946e-01 0.000000000000000000e+00 0.000000000000000000e+00 0.000000000000000000e+00 1.000000000000000000e+00
1.715860824571691751e+09 -4.433745861053466797e+00 -1.051405525207519531e+01 1.493203788995741965e-01 0.000000000000000000e+00 0.000000000000000000e+00 0.000000000000000000e+00 1.000000000000000000e+00
1.715860824621357679e+09 -4.440287113189697266e+00 -1.047254180908203125e+01 1.369185298681258878e-01 0.000000000000000000e+00 0.000000000000000000e+00 0.000000000000000000e+00 1.000000000000000000e+00
1.715860824671840668e+09 -4.431238651275634766e+00 -1.039768123626708984e+01 1.290480345487594049e-01 0.000000000000000000e+00 0.000000000000000000e+00 0.000000000000000000e+00 1.000000000000000000e+00
1.715860824724344492e+09 -4.434953689575195312e+00 -1.035400772094726562e+01 1.171188130974769037e-01 0.000000000000000000e+00 0.000000000000000000e+00 0.000000000000000000e+00 1.000000000000000000e+00
1.715860824775686502e+09 -4.437460422515869141e+00 -1.031085300445556641e+01 1.056770458817481995e-01 0.000000000000000000e+00 0.000000000000000000e+00 0.000000000000000000e+00 1.000000000000000000e+00
1.715860824826093674e+09 -4.440895080566406250e+00 -1.026822280883789062e+01 9.342084825038909912e-02 0.000000000000000000e+00 0.000000000000000000e+00 0.000000000000000000e+00 1.000000000000000000e+00
1.715860824876117706e+09 -4.428608894348144531e+00 -1.018791198730468750e+01 8.561648428440089831e-02 0.000000000000000000e+00 0.000000000000000000e+00 0.000000000000000000e+00 1.000000000000000000e+00
1.715860824925496578e+09 -4.431135177612304688e+00 -1.014333438873291016e+01 7.330255955457680439e-02 0.000000000000000000e+00 0.000000000000000000e+00 0.000000000000000000e+00 1.000000000000000000e+00
1.715860824974309206e+09 -4.434028148651123047e+00 -1.009847164154052734e+01 6.059975177049629902e-02 0.000000000000000000e+00 0.000000000000000000e+00 0.000000000000000000e+00 1.000000000000000000e+00
1.715860825024767637e+09 -4.419069290161132812e+00 -1.001714134216308594e+01 5.437031760811800174e-02 0.000000000000000000e+00 0.000000000000000000e+00 0.000000000000000000e+00 1.000000000000000000e+00
1.715860825075044155e+09 -4.419581413269042969e+00 -9.968887329101562500e+00 4.242550209164609731e-02 0.000000000000000000e+00 0.000000000000000000e+00 0.000000000000000000e+00 1.000000000000000000e+00
1.715860825125577688e+09 -4.420234680175781250e+00 -9.921626091003417969e+00 3.063577599823470027e-02 0.000000000000000000e+00 0.000000000000000000e+00 0.000000000000000000e+00 1.000000000000000000e+00
1.715860825175151348e+09 -4.420419216156005859e+00 -9.873426437377929688e+00 1.903389394283290167e-02 0.000000000000000000e+00 0.000000000000000000e+00 0.000000000000000000e+00 1.000000000000000000e+00
1.715860825225850582e+09 -4.419925212860107422e+00 -9.824401855468750000e+00 7.744574919342900148e-03 0.000000000000000000e+00 0.000000000000000000e+00 0.000000000000000000e+00 1.000000000000000000e+00
1.715860825275821924e+09 -4.419541835784912109e+00 -9.775283813476562500e+00 -3.371952101588200201e-03 0.000000000000000000e+00 0.000000000000000000e+00 0.000000000000000000e+00 1.000000000000000000e+00
1.715860825376955748e+09 -4.401902675628662109e+00 -9.640026092529296875e+00 -1.912532560527320166e-02 0.000000000000000000e+00 0.000000000000000000e+00 0.000000000000000000e+00 1.000000000000000000e+00
1.715860825428938389e+09 -4.401486873626708984e+00 -9.589627265930175781e+00 -3.005701489746569893e-02 0.000000000000000000e+00 0.000000000000000000e+00 0.000000000000000000e+00 1.000000000000000000e+00
1.715860825477405071e+09 -4.381922721862792969e+00 -9.498973846435548651e+00 -3.432090580463399709e-02 0.000000000000000000e+00 0.000000000000000000e+00 0.000000000000000000e+00 1.000000000000000000e+00
1.715860825529009342e+09 -4.380675315856933594e+00 -9.447728157043455255e+00 -4.504358768463129908e-02 0.000000000000000000e+00 0.000000000000000000e+00 0.000000000000000000e+00 1.000000000000000000e+00
1.715860825587559700e+09 -4.379449367523193359e+00 -9.395193099975585938e+00 -5.630725994706149706e-02 0.000000000000000000e+00 0.000000000000000000e+00 0.000000000000000000e+00 1.000000000000000000e+00
1.715860825627781153e+09 -4.378227710723876953e+00 -9.343754768371582031e+00 -6.717543303966519441e-02 0.000000000000000000e+00 0.000000000000000000e+00 0.000000000000000000e+00 1.000000000000000000e+00
1.715860825678999186e+09 -4.377582073211669922e+00 -9.291845321655271661e+00 -7.876068353652949938e-02 0.000000000000000000e+00 0.000000000000000000e+00 0.000000000000000000e+00 1.000000000000000000e+00
1.715860825728022099e+09 -4.360015392303466797e+00 -9.202920913696287286e+00 -8.472179621458049426e-02 0.000000000000000000e+00 0.000000000000000000e+00 0.000000000000000000e+00 1.000000000000000000e+00
1.715860825781776428e+09 -4.360297203063964844e+00 -9.152503013610839844e+00 -9.705872088670730591e-02 0.000000000000000000e+00 0.000000000000000000e+00 0.000000000000000000e+00 1.000000000000000000e+00
1.715860825829478741e+09 -4.359705448150634766e+00 -9.101422309875488281e+00 -1.086352169513701976e-01 0.000000000000000000e+00 0.000000000000000000e+00 0.000000000000000000e+00 1.000000000000000000e+00
1.715860825879387856e+09 -4.359963893890380859e+00 -9.053215980529783380e+00 -1.202033981680870056e-01 0.000000000000000000e+00 0.000000000000000000e+00 0.000000000000000000e+00 1.000000000000000000e+00
1.715860825929856539e+09 -4.343141078948974609e+00 -8.968146324157714844e+00 -1.256646215915679932e-01 0.000000000000000000e+00 0.000000000000000000e+00 0.000000000000000000e+00 1.000000000000000000e+00
1.715860825987622738e+09 -4.344811916351318359e+00 -8.920047760009765625e+00 -1.380837708711623868e-01 0.000000000000000000e+00 0.000000000000000000e+00 0.000000000000000000e+00 1.000000000000000000e+00
1.715860826031210184e+09 -4.345690727233886719e+00 -8.872273445129394531e+00 -1.503158509731291892e-01 0.000000000000000000e+00 0.000000000000000000e+00 0.000000000000000000e+00 1.000000000000000000e+00
1.715860826081935406e+09 -4.345793247222900391e+00 -8.824825286865234375e+00 -1.623407602310180109e-01 0.000000000000000000e+00 0.000000000000000000e+00 0.000000000000000000e+00 1.000000000000000000e+00
1.715860826131953478e+09 -4.330043792724609375e+00 -8.744232177734375000e+00 -1.692332774400711060e-01 0.000000000000000000e+00 0.000000000000000000e+00 0.000000000000000000e+00 1.000000000000000000e+00
1.715860826183236361e+09 -4.330171108245849609e+00 -8.697495460510253906e+00 -1.824272423982619962e-01 0.000000000000000000e+00 0.000000000000000000e+00 0.000000000000000000e+00 1.000000000000000000e+00
1.715860826235239983e+09 -4.331173419952392578e+00 -8.653491973876953125e+00 -1.963275820016860962e-01 0.000000000000000000e+00 0.000000000000000000e+00 0.000000000000000000e+00 1.000000000000000000e+00
1.715860826281736851e+09 -4.330459117889404297e+00 -8.609307289123535156e+00 -2.092705667018890103e-01 0.000000000000000000e+00 0.000000000000000000e+00 0.000000000000000000e+00 1.000000000000000000e+00
1.715860826332050323e+09 -4.330053329467773438e+00 -8.518260002136230469e+00 -2.388925552368164062e-01 0.000000000000000000e+00 0.000000000000000000e+00 0.000000000000000000e+00 1.000000000000000000e+00
1.715860826432895184e+09 -4.315932750701904297e+00 -8.445878982543945312e+00 -2.488042712211608887e-01 0.000000000000000000e+00 0.000000000000000000e+00 0.000000000000000000e+00 1.000000000000000000e+00
1.715860826486125708e+09 -4.316938400268554688e+00 -8.360774040222167969e+00 -2.817770838737487793e-01 0.000000000000000000e+00 0.000000000000000000e+00 0.000000000000000000e+00 1.000000000000000000e+00
1.715860826583734989e+09 -4.303274631500244141e+00 -8.292062759399414062e+00 -2.933125495910643976e-01 0.000000000000000000e+00 0.000000000000000000e+00 0.000000000000000000e+00 1.000000000000000000e+00
1.715860826634688139e+09 -4.304030895233154297e+00 -8.252222061157226562e+00 -3.112732768058776855e-01 0.000000000000000000e+00 0.000000000000000000e+00 0.000000000000000000e+00 1.000000000000000000e+00
1.715860826735032797e+09 -4.304200172424316406e+00 -8.171292304992675781e+00 -3.492316901683806818e-01 0.000000000000000000e+00 0.000000000000000000e+00 0.000000000000000000e+00 1.000000000000000000e+00
1.715860826784815073e+09 -4.303819656372070312e+00 -8.132668495178222656e+00 -3.679952025413513184e-01 0.000000000000000000e+00 0.000000000000000000e+00 0.000000000000000000e+00 1.000000000000000000e+00
1.715860826885670424e+09 -4.289208889007568359e+00 -8.068169593811035156e+00 -3.809083402156829834e-01 0.000000000000000000e+00 0.000000000000000000e+00 0.000000000000000000e+00 1.000000000000000000e+00
1.715860826935706615e+09 -4.287409305572509766e+00 -7.991586685180664062e+00 -4.203793108463286798e-01 0.000000000000000000e+00 0.000000000000000000e+00 0.000000000000000000e+00 1.000000000000000000e+00
1.715860826986671686e+09 -4.285199165344238281e+00 -7.952061176300048828e+00 -4.401668310165405273e-01 0.000000000000000000e+00 0.000000000000000000e+00 0.000000000000000000e+00 1.000000000000000000e+00
1.715860827086774349e+09 -4.268998146057128906e+00 -7.887758255004882812e+00 -4.537971317768096924e-01 0.000000000000000000e+00 0.000000000000000000e+00 0.000000000000000000e+00 1.000000000000000000e+00
1.715860827137217283e+09 -4.262262344360351562e+00 -7.812256813049316406e+00 -4.910434186458587091e-01 0.000000000000000000e+00 0.000000000000000000e+00 0.000000000000000000e+00 1.000000000000000000e+00
1.715860827187737942e+09 -4.242736339569091797e+00 -7.746569633483886719e+00 -5.020638108253479004e-01 0.000000000000000000e+00 0.000000000000000000e+00 0.000000000000000000e+00 1.000000000000000000e+00
1.715860827289108276e+09 -4.237382411956787109e+00 -7.708969116210937500e+00 -5.187121033668518066e-01 0.000000000000000000e+00 0.000000000000000000e+00 0.000000000000000000e+00 1.000000000000000000e+00
1.715860827339321613e+09 -4.231219768524169922e+00 -7.669414043426513672e+00 -5.352005362510681152e-01 0.000000000000000000e+00 0.000000000000000000e+00 0.000000000000000000e+00 1.000000000000000000e+00
1.715860827407011986e+09 -4.212386608123779297e+00 -7.553602218627929688e+00 -5.812609195709228516e-01 0.000000000000000000e+00 0.000000000000000000e+00 0.000000000000000000e+00 1.000000000000000000e+00
1.715860827540689468e+09 -4.173188686370849609e+00 -7.416624546051025391e+00 -6.100636124610900879e-01 0.000000000000000000e+00 0.000000000000000000e+00 0.000000000000000000e+00 1.000000000000000000e+00
1.715860827641101599e+09 -4.164469242095947266e+00 -7.380824565887451172e+00 -6.202394366264343262e-01 0.000000000000000000e+00 0.000000000000000000e+00 0.000000000000000000e+00 1.000000000000000000e+00
1.715860827693363428e+09 -4.139673233032226562e+00 -7.317536830902099609e+00 -6.215085387229919434e-01 0.000000000000000000e+00 0.000000000000000000e+00 0.000000000000000000e+00 1.000000000000000000e+00
1.715860827740816116e+09 -4.129892826080322266e+00 -7.281723499298095703e+00 -6.293139457702636719e-01 0.000000000000000000e+00 0.000000000000000000e+00 0.000000000000000000e+00 1.000000000000000000e+00
1.715860827791967630e+09 -4.119821071624755859e+00 -7.246248722076416016e+00 -6.363599896430969238e-01 0.000000000000000000e+00 0.000000000000000000e+00 0.000000000000000000e+00 1.000000000000000000e+00
1.715860827841974020e+09 -4.109226226806640625e+00 -7.211168289184570312e+00 -6.429287195205688477e-01 0.000000000000000000e+00 0.000000000000000000e+00 0.000000000000000000e+00 1.000000000000000000e+00
1.715860827892159462e+09 -4.082301616668701172e+00 -7.148821353912353516e+00 -6.404218077659606934e-01 0.000000000000000000e+00 0.000000000000000000e+00 0.000000000000000000e+00 1.000000000000000000e+00
1.715860827942837000e+09 -4.070484161376953125e+00 -7.113726615905761719e+00 -6.451260447502136230e-01 0.000000000000000000e+00 0.000000000000000000e+00 0.000000000000000000e+00 1.000000000000000000e+00
1.715860827993322134e+09 -4.047101020812988281e+00 -7.045816898345947266e+00 -6.540721654891967773e-01 0.000000000000000000e+00 0.000000000000000000e+00 0.000000000000000000e+00 1.000000000000000000e+00
1.715860828093384027e+09 -4.018025875091552734e+00 -6.982818126678466797e+00 -6.494674682617187500e-01 0.000000000000000000e+00 0.000000000000000000e+00 0.000000000000000000e+00 1.000000000000000000e+00
1.715860828144483089e+09 -4.005422115325927734e+00 -6.949371814727783203e+00 -6.537403464317321777e-01 0.000000000000000000e+00 0.000000000000000000e+00 0.000000000000000000e+00 1.000000000000000000e+00
1.715860828193490267e+09 -3.992266893386840820e+00 -6.916607379913330078e+00 -6.567400693893432617e-01 0.000000000000000000e+00 0.000000000000000000e+00 0.000000000000000000e+00 1.000000000000000000e+00
1.715860828245276451e+09 -3.979156017303466797e+00 -6.883390903472900391e+00 -6.610338091850280762e-01 0.000000000000000000e+00 0.000000000000000000e+00 0.000000000000000000e+00 1.000000000000000000e+00
1.715860828294278622e+09 -3.950280427932739258e+00 -6.823979854583740234e+00 -6.556888818740844727e-01 0.000000000000000000e+00 0.000000000000000000e+00 0.000000000000000000e+00 1.000000000000000000e+00
1.715860828396506071e+09 -3.908487796783447266e+00 -6.730089187622070312e+00 -6.616878509521484375e-01 0.000000000000000000e+00 0.000000000000000000e+00 0.000000000000000000e+00 1.000000000000000000e+00
1.715860828446189404e+09 -3.894170045852661133e+00 -6.699704170227050781e+00 -6.626671552658081055e-01 0.000000000000000000e+00 0.000000000000000000e+00 0.000000000000000000e+00 1.000000000000000000e+00
1.715860828547086239e+09 -3.864569425582885742e+00 -6.643781185150146484e+00 -6.549063324928283691e-01 0.000000000000000000e+00 0.000000000000000000e+00 0.000000000000000000e+00 1.000000000000000000e+00
1.715860828597775698e+09 -3.849646568298339844e+00 -6.614140510559082031e+00 -6.545752286911010742e-01 0.000000000000000000e+00 0.000000000000000000e+00 0.000000000000000000e+00 1.000000000000000000e+00
1.715860828646865606e+09 -3.834238767623900923e+00 -6.583898544311523438e+00 -6.532275080680847168e-01 0.000000000000000000e+00 0.000000000000000000e+00 0.000000000000000000e+00 1.000000000000000000e+00
1.715860828697120905e+09 -3.818123579025268999e+00 -6.553231239318847656e+00 -6.507269740104675293e-01 0.000000000000000000e+00 0.000000000000000000e+00 0.000000000000000000e+00 1.000000000000000000e+00
1.715860828751670837e+09 -3.787021636962890181e+00 -6.498007774353027344e+00 -6.396645903587341309e-01 0.000000000000000000e+00 0.000000000000000000e+00 0.000000000000000000e+00 1.000000000000000000e+00
1.715860828801923275e+09 -3.757079839706420898e+00 -6.446111202239990234e+00 -6.347200870513916016e-01 0.000000000000000000e+00 0.000000000000000000e+00 0.000000000000000000e+00 1.000000000000000000e+00
1.715860829200728416e+09 -3.626945257186889648e+00 -6.257509708404541016e+00 -5.935077667236328125e-01 0.000000000000000000e+00 0.000000000000000000e+00 0.000000000000000000e+00 1.000000000000000000e+00
1.715860829254759312e+09 -3.594938278198242188e+00 -6.228666782379150391e+00 -5.840902924537658691e-01 0.000000000000000000e+00 0.000000000000000000e+00 0.000000000000000000e+00 1.000000000000000000e+00
1.715860829354559422e+09 -3.577923774719238281e+00 -6.215855121612548828e+00 -5.798705220222473145e-01 0.000000000000000000e+00 0.000000000000000000e+00 0.000000000000000000e+00 1.000000000000000000e+00
1.715860829401358366e+09 -3.552038669586181641e+00 -6.190418720245361328e+00 -5.711527466773986816e-01 0.000000000000000000e+00 0.000000000000000000e+00 0.000000000000000000e+00 1.000000000000000000e+00
1.715860829451797247e+09 -3.518387317657470703e+00 -6.169442176818847656e+00 -5.659307837486267090e-01 0.000000000000000000e+00 0.000000000000000000e+00 0.000000000000000000e+00 1.000000000000000000e+00
1.715860829502600670e+09 -3.501235723495483398e+00 -6.159193515777587891e+00 -5.648898482322692871e-01 0.000000000000000000e+00 0.000000000000000000e+00 0.000000000000000000e+00 1.000000000000000000e+00
1.715860829553318977e+09 -3.484299659729003906e+00 -6.150764942169189453e+00 -5.651505589485168457e-01 0.000000000000000000e+00 0.000000000000000000e+00 0.000000000000000000e+00 1.000000000000000000e+00
1.715860829653366804e+09 -3.459192991256713867e+00 -6.130206108093261719e+00 -5.617664456367492676e-01 0.000000000000000000e+00 0.000000000000000000e+00 0.000000000000000000e+00 1.000000000000000000e+00
1.715860829704093933e+09 -3.440547227859497070e+00 -6.124399185180664062e+00 -5.640744566917419434e-01 0.000000000000000000e+00 0.000000000000000000e+00 0.000000000000000000e+00 1.000000000000000000e+00
1.715860829754491091e+09 -3.421321392059326172e+00 -6.119888305664063388e+00 -5.669393539428710938e-01 0.000000000000000000e+00 0.000000000000000000e+00 0.000000000000000000e+00 1.000000000000000000e+00
1.715860829804729700e+09 -3.401257276535034180e+00 -6.115710735321044922e+00 -5.700755715370178223e-01 0.000000000000000000e+00 0.000000000000000000e+00 0.000000000000000000e+00 1.000000000000000000e+00
1.715860829855153084e+09 -3.360977411270141602e+00 -6.111123561859130859e+00 -5.791258811950683594e-01 0.000000000000000000e+00 0.000000000000000000e+00 0.000000000000000000e+00 1.000000000000000000e+00
1.715860829955344200e+09 -3.336495637893676758e+00 -6.103218555450440341e+00 -5.824163556098937988e-01 0.000000000000000000e+00 0.000000000000000000e+00 0.000000000000000000e+00 1.000000000000000000e+00
1.715860830006777287e+09 -3.316002845764160156e+00 -6.103859901428222656e+00 -5.889466404914855957e-01 0.000000000000000000e+00 0.000000000000000000e+00 0.000000000000000000e+00 1.000000000000000000e+00
1.715860830056213140e+09 -3.275264978408813032e+00 -6.105388641357421875e+00 -6.037723422050476074e-01 0.000000000000000000e+00 0.000000000000000000e+00 0.000000000000000000e+00 1.000000000000000000e+00
1.715860830160491943e+09 -3.252034664154052734e+00 -6.102339267730712891e+00 -6.109130978584289551e-01 0.000000000000000000e+00 0.000000000000000000e+00 0.000000000000000000e+00 1.000000000000000000e+00
1.715860830206902266e+09 -3.211365938186645064e+00 -6.110209465026856357e+00 -6.299778819084167480e-01 0.000000000000000000e+00 0.000000000000000000e+00 0.000000000000000000e+00 1.000000000000000000e+00
1.715860830257951498e+09 -3.191889762878417969e+00 -6.114748477935791016e+00 -6.395198702812194824e-01 0.000000000000000000e+00 0.000000000000000000e+00 0.000000000000000000e+00 1.000000000000000000e+00
1.715860830358229876e+09 -3.172395229339600053e+00 -6.118188381195068359e+00 -6.486298441886901855e-01 0.000000000000000000e+00 0.000000000000000000e+00 0.000000000000000000e+00 1.000000000000000000e+00
1.715860830409668207e+09 -3.133647203445434570e+00 -6.128858566284179688e+00 -6.684608459472656250e-01 0.000000000000000000e+00 0.000000000000000000e+00 0.000000000000000000e+00 1.000000000000000000e+00
1.715860830509461641e+09 -3.115255832672119141e+00 -6.135836124420166016e+00 -6.786243915557861328e-01 0.000000000000000000e+00 0.000000000000000000e+00 0.000000000000000000e+00 1.000000000000000000e+00
1.715860830559367418e+09 -3.097480058670043945e+00 -6.143624782562255859e+00 -6.887102127075195312e-01 0.000000000000000000e+00 0.000000000000000000e+00 0.000000000000000000e+00 1.000000000000000000e+00
1.715860830609153271e+09 -3.079386472702026367e+00 -6.151547908782958984e+00 -6.986480355262756348e-01 0.000000000000000000e+00 0.000000000000000000e+00 0.000000000000000000e+00 1.000000000000000000e+00
1.715860830912468672e+09 -2.968648433685302734e+00 -6.206697463989257812e+00 -7.710373997688293457e-01 0.000000000000000000e+00 0.000000000000000000e+00 0.000000000000000000e+00 1.000000000000000000e+00
1.715860831020285368e+09 -2.943101882934570312e+00 -6.220279693603515625e+00 -7.927293777465820312e-01 0.000000000000000000e+00 0.000000000000000000e+00 0.000000000000000000e+00 1.000000000000000000e+00
1.715860831063367367e+09 -2.930694818496704102e+00 -6.225863933563232422e+00 -8.030164241790771484e-01 0.000000000000000000e+00 0.000000000000000000e+00 0.000000000000000000e+00 1.000000000000000000e+00
1.715860831214761257e+09 -2.896537303924560547e+00 -6.238233566284179688e+00 -8.317243456840515137e-01 0.000000000000000000e+00 0.000000000000000000e+00 0.000000000000000000e+00 1.000000000000000000e+00
1.715860831266458035e+09 -2.886078834533691406e+00 -6.240891933441162109e+00 -8.407500982284545898e-01 0.000000000000000000e+00 0.000000000000000000e+00 0.000000000000000000e+00 1.000000000000000000e+00
1.715860831313190222e+09 -2.875809192657470703e+00 -6.243607997894287109e+00 -8.493046164512634277e-01 0.000000000000000000e+00 0.000000000000000000e+00 0.000000000000000000e+00 1.000000000000000000e+00
1.715860831414761066e+09 -2.866349697113037109e+00 -6.247138500213623047e+00 -8.577166199684143066e-01 0.000000000000000000e+00 0.000000000000000000e+00 0.000000000000000000e+00 1.000000000000000000e+00
1.715860831466167927e+09 -2.857563495635986328e+00 -6.250394821166992188e+00 -8.659665584564208984e-01 0.000000000000000000e+00 0.000000000000000000e+00 0.000000000000000000e+00 1.000000000000000000e+00
1.715860831514916897e+09 -2.849018096923828125e+00 -6.252354621887207031e+00 -8.742182850837707520e-01 0.000000000000000000e+00 0.000000000000000000e+00 0.000000000000000000e+00 1.000000000000000000e+00
1.715860831566251278e+09 -2.833820343017578125e+00 -6.256540298461914062e+00 -8.906413316726684570e-01 0.000000000000000000e+00 0.000000000000000000e+00 0.000000000000000000e+00 1.000000000000000000e+00
1.715860831615411758e+09 -2.827517509460449219e+00 -6.260621070861816406e+00 -8.996400237083435059e-01 0.000000000000000000e+00 0.000000000000000000e+00 0.000000000000000000e+00 1.000000000000000000e+00
1.715860831716613531e+09 -2.813536643981933594e+00 -6.266242027282714844e+00 -9.166361093521118164e-01 0.000000000000000000e+00 0.000000000000000000e+00 0.000000000000000000e+00 1.000000000000000000e+00
1.715860831766515493e+09 -2.806139707565308061e+00 -6.269679069519042969e+00 -9.254119992256164551e-01 0.000000000000000000e+00 0.000000000000000000e+00 0.000000000000000000e+00 1.000000000000000000e+00
1.715860831867177963e+09 -2.800249576568603516e+00 -6.275628566741943359e+00 -9.349043965339659534e-01 0.000000000000000000e+00 0.000000000000000000e+00 0.000000000000000000e+00 1.000000000000000000e+00
1.715860831917477846e+09 -2.786815166473388672e+00 -6.279867649078369141e+00 -9.514371752738951526e-01 0.000000000000000000e+00 0.000000000000000000e+00 0.000000000000000000e+00 1.000000000000000000e+00
1.715860831967878819e+09 -2.780155420303344727e+00 -6.281767368316650391e+00 -9.601331949234007679e-01 0.000000000000000000e+00 0.000000000000000000e+00 0.000000000000000000e+00 1.000000000000000000e+00
1.715860832018208981e+09 -2.773068666458129883e+00 -6.283754348754882812e+00 -9.690415263175964355e-01 0.000000000000000000e+00 0.000000000000000000e+00 0.000000000000000000e+00 1.000000000000000000e+00
1.715860832120731592e+09 -2.759243011474609375e+00 -6.291033267974853516e+00 -9.867588877677916370e-01 0.000000000000000000e+00 0.000000000000000000e+00 0.000000000000000000e+00 1.000000000000000000e+00
1.715860832220327377e+09 -2.741674900054932085e+00 -6.296797752380371094e+00 -1.003421902656555176e+00 0.000000000000000000e+00 0.000000000000000000e+00 0.000000000000000000e+00 1.000000000000000000e+00
1.715860832320769072e+09 -2.734755754470825195e+00 -6.302294254302978516e+00 -1.011802077293395996e+00 0.000000000000000000e+00 0.000000000000000000e+00 0.000000000000000000e+00 1.000000000000000000e+00
1.715860832371830940e+09 -2.717629432678222656e+00 -6.306935310363769531e+00 -1.027548432350158691e+00 0.000000000000000000e+00 0.000000000000000000e+00 0.000000000000000000e+00 1.000000000000000000e+00
1.715860832427086115e+09 -2.708825826644897017e+00 -6.308622837066650391e+00 -1.035731673240661621e+00 0.000000000000000000e+00 0.000000000000000000e+00 0.000000000000000000e+00 1.000000000000000000e+00
1.715860832522292852e+09 -2.691273212432861328e+00 -6.309763431549072266e+00 -1.051658987998962402e+00 0.000000000000000000e+00 0.000000000000000000e+00 0.000000000000000000e+00 1.000000000000000000e+00
1.715860832575410366e+09 -2.682611942291260210e+00 -6.310181140899658203e+00 -1.059797167778015137e+00 0.000000000000000000e+00 0.000000000000000000e+00 0.000000000000000000e+00 1.000000000000000000e+00
1.715860832622867346e+09 -2.673737049102783203e+00 -6.309702396392822266e+00 -1.067454934120178223e+00 0.000000000000000000e+00 0.000000000000000000e+00 0.000000000000000000e+00 1.000000000000000000e+00
1.715860832674225569e+09 -2.665356874465942383e+00 -6.309880256652832031e+00 -1.075782775878906250e+00 0.000000000000000000e+00 0.000000000000000000e+00 0.000000000000000000e+00 1.000000000000000000e+00
1.715860832723316908e+09 -2.656972169876098189e+00 -6.308825016021728516e+00 -1.084243893623352051e+00 0.000000000000000000e+00 0.000000000000000000e+00 0.000000000000000000e+00 1.000000000000000000e+00
1.715860832873918533e+09 -2.632360458374023438e+00 -6.305224895477294922e+00 -1.115441203117370605e+00 0.000000000000000000e+00 0.000000000000000000e+00 0.000000000000000000e+00 1.000000000000000000e+00
1.715860832924642801e+09 -2.623773574829101562e+00 -6.302399158477783203e+00 -1.128152251243591309e+00 0.000000000000000000e+00 0.000000000000000000e+00 0.000000000000000000e+00 1.000000000000000000e+00
1.715860832977216482e+09 -2.615632772445678711e+00 -6.300316810607910156e+00 -1.141327500343322754e+00 0.000000000000000000e+00 0.000000000000000000e+00 0.000000000000000000e+00 1.000000000000000000e+00
1.715860833025020361e+09 -2.606431722640991211e+00 -6.299309253692626953e+00 -1.144549727439880371e+00 0.000000000000000000e+00 0.000000000000000000e+00 0.000000000000000000e+00 1.000000000000000000e+00
1.715860833125438690e+09 -2.598054170608520508e+00 -6.296805381774902344e+00 -1.133808135986327903e+00 0.000000000000000000e+00 0.000000000000000000e+00 0.000000000000000000e+00 1.000000000000000000e+00
1.715860833176856995e+09 -2.589337825775146484e+00 -6.299314975738525391e+00 -1.125233530998229980e+00 0.000000000000000000e+00 0.000000000000000000e+00 0.000000000000000000e+00 1.000000000000000000e+00
1.715860833226917982e+09 -2.583452224731445312e+00 -6.298087120056152344e+00 -1.131239771842956321e+00 0.000000000000000000e+00 0.000000000000000000e+00 0.000000000000000000e+00 1.000000000000000000e+00
1.715860833327007055e+09 -2.568552494049072266e+00 -6.296129226684570312e+00 -1.142261743545532227e+00 0.000000000000000000e+00 0.000000000000000000e+00 0.000000000000000000e+00 1.000000000000000000e+00
1.715860833377164364e+09 -2.564815044403076172e+00 -6.299517631530761719e+00 -1.140561103820800781e+00 0.000000000000000000e+00 0.000000000000000000e+00 0.000000000000000000e+00 1.000000000000000000e+00
1.715860833427840471e+09 -2.563941717147827148e+00 -6.300500869750976562e+00 -1.144612550735473633e+00 0.000000000000000000e+00 0.000000000000000000e+00 0.000000000000000000e+00 1.000000000000000000e+00
1.715860833477514029e+09 -2.564433097839355469e+00 -6.301883220672607422e+00 -1.143591165542602317e+00 0.000000000000000000e+00 0.000000000000000000e+00 0.000000000000000000e+00 1.000000000000000000e+00
1.715860833528186083e+09 -2.569639205932617188e+00 -6.301617145538330078e+00 -1.144696116447448730e+00 0.000000000000000000e+00 0.000000000000000000e+00 0.000000000000000000e+00 1.000000000000000000e+00
1.715860833578893900e+09 -2.569916248321533203e+00 -6.299161434173583984e+00 -1.144762754440307617e+00 0.000000000000000000e+00 0.000000000000000000e+00 0.000000000000000000e+00 1.000000000000000000e+00
1.715860833678446531e+09 -2.570031642913818359e+00 -6.297043323516845703e+00 -1.144176840782165527e+00 0.000000000000000000e+00 0.000000000000000000e+00 0.000000000000000000e+00 1.000000000000000000e+00
1.715860833728999853e+09 -2.569598436355590820e+00 -6.295773506164550781e+00 -1.144868850708007812e+00 0.000000000000000000e+00 0.000000000000000000e+00 0.000000000000000000e+00 1.000000000000000000e+00
1.715860833779597044e+09 -2.569851398468017578e+00 -6.295709133148193359e+00 -1.144776582717895508e+00 0.000000000000000000e+00 0.000000000000000000e+00 0.000000000000000000e+00 1.000000000000000000e+00
1.715860833830177307e+09 -2.569641351699829102e+00 -6.295911312103272373e+00 -1.144496679306030495e+00 0.000000000000000000e+00 0.000000000000000000e+00 0.000000000000000000e+00 1.000000000000000000e+00
1.715860833881801128e+09 -2.569251537322998047e+00 -6.297315597534179688e+00 -1.144287467002868874e+00 0.000000000000000000e+00 0.000000000000000000e+00 0.000000000000000000e+00 1.000000000000000000e+00
1.715860833930210352e+09 -2.568796873092651811e+00 -6.298686981201171875e+00 -1.144218802452087402e+00 0.000000000000000000e+00 0.000000000000000000e+00 0.000000000000000000e+00 1.000000000000000000e+00
1.715860833980308056e+09 -2.567914485931396484e+00 -6.299137115478515625e+00 -1.144002079963684082e+00 0.000000000000000000e+00 0.000000000000000000e+00 0.000000000000000000e+00 1.000000000000000000e+00
1.715860834030746460e+09 -2.568091630935668945e+00 -6.299077033996582031e+00 -1.143972754478454590e+00 0.000000000000000000e+00 0.000000000000000000e+00 0.000000000000000000e+00 1.000000000000000000e+00
1.715860834081318140e+09 -2.568400382995605025e+00 -6.298895359039306641e+00 -1.144106388092041016e+00 0.000000000000000000e+00 0.000000000000000000e+00 0.000000000000000000e+00 1.000000000000000000e+00
1.715860834131139278e+09 -2.568235158920288086e+00 -6.297866344451904297e+00 -1.143959760665893555e+00 0.000000000000000000e+00 0.000000000000000000e+00 0.000000000000000000e+00 1.000000000000000000e+00
1.715860834181675434e+09 -2.568326473236083984e+00 -6.297718048095703125e+00 -1.144226312637329102e+00 0.000000000000000000e+00 0.000000000000000000e+00 0.000000000000000000e+00 1.000000000000000000e+00
1.715860834232657194e+09 -2.568122863769531250e+00 -6.296726226806640625e+00 -1.144028544425964355e+00 0.000000000000000000e+00 0.000000000000000000e+00 0.000000000000000000e+00 1.000000000000000000e+00
1.715860834280849695e+09 -2.568173170089721680e+00 -6.296734333038330078e+00 -1.143959522247314453e+00 0.000000000000000000e+00 0.000000000000000000e+00 0.000000000000000000e+00 1.000000000000000000e+00
1.715860834331649542e+09 -2.568357706069946289e+00 -6.297760009765625000e+00 -1.144095182418823242e+00 0.000000000000000000e+00 0.000000000000000000e+00 0.000000000000000000e+00 1.000000000000000000e+00
1.715860834432157755e+09 -2.567858457565308061e+00 -6.298079013824462891e+00 -1.143818140029907227e+00 0.000000000000000000e+00 0.000000000000000000e+00 0.000000000000000000e+00 1.000000000000000000e+00
1.715860834533852100e+09 -2.568034172058105025e+00 -6.297986030578613281e+00 -1.143870115280151367e+00 0.000000000000000000e+00 0.000000000000000000e+00 0.000000000000000000e+00 1.000000000000000000e+00
1.715860834582890987e+09 -2.568283796310424805e+00 -6.297838211059570312e+00 -1.143979907035827637e+00 0.000000000000000000e+00 0.000000000000000000e+00 0.000000000000000000e+00 1.000000000000000000e+00
