# timestamp tx ty tz qx qy qz qw
1.716201450222187042e+09 -3.390421390533447710e+00 -8.649269104003906250e+00 -1.551042199134826882e+00 0.000000000000000000e+00 0.000000000000000000e+00 0.000000000000000000e+00 1.000000000000000000e+00
1.716201450272340775e+09 -3.390334606170654297e+00 -8.649288177490234375e+00 -1.551083803176880105e+00 0.000000000000000000e+00 0.000000000000000000e+00 0.000000000000000000e+00 1.000000000000000000e+00
1.716201450322570086e+09 -3.390361547470092773e+00 -8.649316787719726562e+00 -1.550971508026123047e+00 0.000000000000000000e+00 0.000000000000000000e+00 0.000000000000000000e+00 1.000000000000000000e+00
1.716201450372729540e+09 -3.390340089797973633e+00 -8.649293899536132812e+00 -1.551060438156127930e+00 0.000000000000000000e+00 0.000000000000000000e+00 0.000000000000000000e+00 1.000000000000000000e+00
1.716201450422965527e+09 -3.390482902526855469e+00 -8.649240493774414062e+00 -1.551055192947387695e+00 0.000000000000000000e+00 0.000000000000000000e+00 0.000000000000000000e+00 1.000000000000000000e+00
1.716201450472976923e+09 -3.390457868576049805e+00 -8.649241447448730469e+00 -1.551080584526062012e+00 0.000000000000000000e+00 0.000000000000000000e+00 0.000000000000000000e+00 1.000000000000000000e+00
1.716201450523201466e+09 -3.390382528305053711e+00 -8.649300575256347656e+00 -1.550995945930480957e+00 0.000000000000000000e+00 0.000000000000000000e+00 0.000000000000000000e+00 1.000000000000000000e+00
1.716201450623989582e+09 -3.390410900115966797e+00 -8.649277687072753906e+00 -1.551028609275818093e+00 0.000000000000000000e+00 0.000000000000000000e+00 0.000000000000000000e+00 1.000000000000000000e+00
1.716201450673872471e+09 -3.390422821044921875e+00 -8.649268150329589844e+00 -1.551043510437011497e+00 0.000000000000000000e+00 0.000000000000000000e+00 0.000000000000000000e+00 1.000000000000000000e+00
1.716201450724402905e+09 -3.390418767929077148e+00 -8.649233818054199219e+00 -1.551144003868103027e+00 0.000000000000000000e+00 0.000000000000000000e+00 0.000000000000000000e+00 1.000000000000000000e+00
1.716201450774367332e+09 -3.390374183654785156e+00 -8.649273872375488281e+00 -1.551081895828247070e+00 0.000000000000000000e+00 0.000000000000000000e+00 0.000000000000000000e+00 1.000000000000000000e+00
1.716201450824716806e+09 -3.390298366546630859e+00 -8.649321556091308594e+00 -1.551029086112976074e+00 0.000000000000000000e+00 0.000000000000000000e+00 0.000000000000000000e+00 1.000000000000000000e+00
1.716201450874974251e+09 -3.390419483184814453e+00 -8.649261474609375000e+00 -1.551064133644104004e+00 0.000000000000000000e+00 0.000000000000000000e+00 0.000000000000000000e+00 1.000000000000000000e+00
1.716201450925111771e+09 -3.390368938446044922e+00 -8.649297714233398438e+00 -1.551019191741943359e+00 0.000000000000000000e+00 0.000000000000000000e+00 0.000000000000000000e+00 1.000000000000000000e+00
1.716201450975238800e+09 -3.390340328216552734e+00 -8.649315834045410156e+00 -1.550998091697692871e+00 0.000000000000000000e+00 0.000000000000000000e+00 0.000000000000000000e+00 1.000000000000000000e+00
1.716201451025352001e+09 -3.390319347381591797e+00 -8.649296760559082031e+00 -1.551075935363769531e+00 0.000000000000000000e+00 0.000000000000000000e+00 0.000000000000000000e+00 1.000000000000000000e+00
1.716201451075386286e+09 -3.390400171279907227e+00 -8.649256706237792969e+00 -1.551101326942443848e+00 0.000000000000000000e+00 0.000000000000000000e+00 0.000000000000000000e+00 1.000000000000000000e+00
1.716201451125512600e+09 -3.390463829040527788e+00 -8.649250984191894531e+00 -1.551046729087829590e+00 0.000000000000000000e+00 0.000000000000000000e+00 0.000000000000000000e+00 1.000000000000000000e+00
1.716201451276038170e+09 -3.390427827835083008e+00 -8.649276733398437500e+00 -1.551012039184570312e+00 0.000000000000000000e+00 0.000000000000000000e+00 0.000000000000000000e+00 1.000000000000000000e+00
1.716201451326411724e+09 -3.390359640121459961e+00 -8.649289131164550781e+00 -1.551052927970886230e+00 0.000000000000000000e+00 0.000000000000000000e+00 0.000000000000000000e+00 1.000000000000000000e+00
1.716201451477060318e+09 -3.390460729598999023e+00 -8.649242401123046875e+00 -1.551074147224426492e+00 0.000000000000000000e+00 0.000000000000000000e+00 0.000000000000000000e+00 1.000000000000000000e+00
1.716201451527117968e+09 -3.390446662902832031e+00 -8.649235725402832031e+00 -1.551108002662658691e+00 0.000000000000000000e+00 0.000000000000000000e+00 0.000000000000000000e+00 1.000000000000000000e+00
1.716201451577441692e+09 -3.390544176101685014e+00 -8.649226188659667969e+00 -1.551027059555053711e+00 0.000000000000000000e+00 0.000000000000000000e+00 0.000000000000000000e+00 1.000000000000000000e+00
1.716201451628524065e+09 -3.390446424484252930e+00 -8.649275779724121094e+00 -1.550994396209716797e+00 0.000000000000000000e+00 0.000000000000000000e+00 0.000000000000000000e+00 1.000000000000000000e+00
1.716201451730055571e+09 -3.390450954437255859e+00 -8.649259567260742188e+00 -1.551035881042480469e+00 0.000000000000000000e+00 0.000000000000000000e+00 0.000000000000000000e+00 1.000000000000000000e+00
1.716201451828606129e+09 -3.390360116958618164e+00 -8.649309158325195312e+00 -1.550994992256164551e+00 0.000000000000000000e+00 0.000000000000000000e+00 0.000000000000000000e+00 1.000000000000000000e+00
1.716201451878610373e+09 -3.390420675277709961e+00 -8.649245262145996094e+00 -1.551109790802001953e+00 0.000000000000000000e+00 0.000000000000000000e+00 0.000000000000000000e+00 1.000000000000000000e+00
1.716201451978800058e+09 -3.390525102615356445e+00 -8.649206161499023438e+00 -1.551104187965393066e+00 0.000000000000000000e+00 0.000000000000000000e+00 0.000000000000000000e+00 1.000000000000000000e+00
1.716201452129443884e+09 -3.390456438064575195e+00 -8.649227142333984375e+00 -1.551121950149535911e+00 0.000000000000000000e+00 0.000000000000000000e+00 0.000000000000000000e+00 1.000000000000000000e+00
1.716201452230715036e+09 -3.390410423278808594e+00 -8.649272918701171875e+00 -1.551041841506958008e+00 0.000000000000000000e+00 0.000000000000000000e+00 0.000000000000000000e+00 1.000000000000000000e+00
1.716201452280308962e+09 -3.390233039855957031e+00 -8.649318695068359375e+00 -1.551110029220581055e+00 0.000000000000000000e+00 0.000000000000000000e+00 0.000000000000000000e+00 1.000000000000000000e+00
1.716201452380460978e+09 -3.390342712402344194e+00 -8.649285316467285156e+00 -1.551083922386169434e+00 0.000000000000000000e+00 0.000000000000000000e+00 0.000000000000000000e+00 1.000000000000000000e+00
1.716201452430969238e+09 -3.390422105789185014e+00 -8.649268150329589844e+00 -1.551042675971984863e+00 0.000000000000000000e+00 0.000000000000000000e+00 0.000000000000000000e+00 1.000000000000000000e+00
1.716201452480971336e+09 -3.390424728393554688e+00 -8.649269104003906250e+00 -1.551038503646850586e+00 0.000000000000000000e+00 0.000000000000000000e+00 0.000000000000000000e+00 1.000000000000000000e+00
1.716201452531632900e+09 -3.390397787094116211e+00 -8.649271965026855469e+00 -1.551058530807495117e+00 0.000000000000000000e+00 0.000000000000000000e+00 0.000000000000000000e+00 1.000000000000000000e+00
1.716201452581142902e+09 -3.390439510345458984e+00 -8.649278640747070312e+00 -1.550994634628295898e+00 0.000000000000000000e+00 0.000000000000000000e+00 0.000000000000000000e+00 1.000000000000000000e+00
1.716201452732429266e+09 -3.390466928482056108e+00 -8.649253845214843750e+00 -1.551034092903137207e+00 0.000000000000000000e+00 0.000000000000000000e+00 0.000000000000000000e+00 1.000000000000000000e+00
1.716201452783066511e+09 -3.390456438064575195e+00 -8.649243354797363281e+00 -1.551074147224426492e+00 0.000000000000000000e+00 0.000000000000000000e+00 0.000000000000000000e+00 1.000000000000000000e+00
1.716201452832942963e+09 -3.390398502349853072e+00 -8.649283409118652344e+00 -1.551027297973632812e+00 0.000000000000000000e+00 0.000000000000000000e+00 0.000000000000000000e+00 1.000000000000000000e+00
1.716201452933116913e+09 -3.390421390533447710e+00 -8.649266242980957031e+00 -1.551049351692199707e+00 0.000000000000000000e+00 0.000000000000000000e+00 0.000000000000000000e+00 1.000000000000000000e+00
1.716201452983116627e+09 -3.390444993972778320e+00 -8.649282455444335938e+00 -1.550977110862731934e+00 0.000000000000000000e+00 0.000000000000000000e+00 0.000000000000000000e+00 1.000000000000000000e+00
1.716201453033262014e+09 -3.390433788299560547e+00 -8.649297714233398438e+00 -1.550947070121765137e+00 0.000000000000000000e+00 0.000000000000000000e+00 0.000000000000000000e+00 1.000000000000000000e+00
1.716201453134102821e+09 -3.390393495559692383e+00 -8.649269104003906250e+00 -1.551072955131530762e+00 0.000000000000000000e+00 0.000000000000000000e+00 0.000000000000000000e+00 1.000000000000000000e+00
1.716201453234261990e+09 -3.390421390533447710e+00 -8.649261474609375000e+00 -1.551063776016235352e+00 0.000000000000000000e+00 0.000000000000000000e+00 0.000000000000000000e+00 1.000000000000000000e+00
1.716201453284238815e+09 -3.390429258346557617e+00 -8.649283409118652344e+00 -1.550991415977478027e+00 0.000000000000000000e+00 0.000000000000000000e+00 0.000000000000000000e+00 1.000000000000000000e+00
1.716201453334717035e+09 -3.390422105789185014e+00 -8.649271011352539062e+00 -1.551034212112426758e+00 0.000000000000000000e+00 0.000000000000000000e+00 0.000000000000000000e+00 1.000000000000000000e+00
1.716201453384609222e+09 -3.390421390533447710e+00 -8.649243354797363281e+00 -1.551113486289978027e+00 0.000000000000000000e+00 0.000000000000000000e+00 0.000000000000000000e+00 1.000000000000000000e+00
1.716201453485043764e+09 -3.390393972396850586e+00 -8.649253845214843750e+00 -1.551116347312927246e+00 0.000000000000000000e+00 0.000000000000000000e+00 0.000000000000000000e+00 1.000000000000000000e+00
1.716201453535377502e+09 -3.390326499938964844e+00 -8.649278640747070312e+00 -1.551119327545166016e+00 0.000000000000000000e+00 0.000000000000000000e+00 0.000000000000000000e+00 1.000000000000000000e+00
1.716201453585382700e+09 -3.390465259552001953e+00 -8.649254798889160156e+00 -1.551034212112426758e+00 0.000000000000000000e+00 0.000000000000000000e+00 0.000000000000000000e+00 1.000000000000000000e+00
1.716201453636659384e+09 -3.390384435653686523e+00 -8.649271011352539062e+00 -1.551077485084533691e+00 0.000000000000000000e+00 0.000000000000000000e+00 0.000000000000000000e+00 1.000000000000000000e+00
1.716201453685867071e+09 -3.390499114990234375e+00 -8.649250984191894531e+00 -1.551006913185119629e+00 0.000000000000000000e+00 0.000000000000000000e+00 0.000000000000000000e+00 1.000000000000000000e+00
1.716201453786757946e+09 -3.390497446060180664e+00 -8.649242401123046875e+00 -1.551032900810241699e+00 0.000000000000000000e+00 0.000000000000000000e+00 0.000000000000000000e+00 1.000000000000000000e+00
1.716201453837007761e+09 -3.390432357788085938e+00 -8.649291038513183594e+00 -1.550966858863830566e+00 0.000000000000000000e+00 0.000000000000000000e+00 0.000000000000000000e+00 1.000000000000000000e+00
1.716201453887342453e+09 -3.390358924865722656e+00 -8.649307250976562500e+00 -1.551002979278564453e+00 0.000000000000000000e+00 0.000000000000000000e+00 0.000000000000000000e+00 1.000000000000000000e+00
1.716201453987738609e+09 -3.390468120574951172e+00 -8.649238586425781250e+00 -1.551076650619506836e+00 0.000000000000000000e+00 0.000000000000000000e+00 0.000000000000000000e+00 1.000000000000000000e+00
1.716201454038424730e+09 -3.390423536300659180e+00 -8.649281501770019531e+00 -1.551004171371459961e+00 0.000000000000000000e+00 0.000000000000000000e+00 0.000000000000000000e+00 1.000000000000000000e+00
1.716201454088208914e+09 -3.390337944030761719e+00 -8.649285316467285156e+00 -1.551088571548461914e+00 0.000000000000000000e+00 0.000000000000000000e+00 0.000000000000000000e+00 1.000000000000000000e+00
1.716201454239051819e+09 -3.390371322631835938e+00 -8.649279594421386719e+00 -1.551068305969238503e+00 0.000000000000000000e+00 0.000000000000000000e+00 0.000000000000000000e+00 1.000000000000000000e+00
1.716201454288871050e+09 -3.390422582626342773e+00 -8.649275779724121094e+00 -1.551022291183471680e+00 0.000000000000000000e+00 0.000000000000000000e+00 0.000000000000000000e+00 1.000000000000000000e+00
1.716201454389614105e+09 -3.390400886535644531e+00 -8.649300575256347656e+00 -1.550974011421203613e+00 0.000000000000000000e+00 0.000000000000000000e+00 0.000000000000000000e+00 1.000000000000000000e+00
1.716201454439717054e+09 -3.390371799468994141e+00 -8.649327278137207031e+00 -1.550930142402648926e+00 0.000000000000000000e+00 0.000000000000000000e+00 0.000000000000000000e+00 1.000000000000000000e+00
1.716201454489733458e+09 -3.390443563461304155e+00 -8.649310111999511719e+00 -1.550899624824523926e+00 0.000000000000000000e+00 0.000000000000000000e+00 0.000000000000000000e+00 1.000000000000000000e+00
1.716201454540101051e+09 -3.390415906906127930e+00 -8.649277687072753906e+00 -1.551022887229919434e+00 0.000000000000000000e+00 0.000000000000000000e+00 0.000000000000000000e+00 1.000000000000000000e+00
1.716201454590315819e+09 -3.390550374984741211e+00 -8.649220466613769531e+00 -1.551037311553955078e+00 0.000000000000000000e+00 0.000000000000000000e+00 0.000000000000000000e+00 1.000000000000000000e+00
1.716201454640307426e+09 -3.390594720840454102e+00 -8.649194717407226562e+00 -1.551060318946838379e+00 0.000000000000000000e+00 0.000000000000000000e+00 0.000000000000000000e+00 1.000000000000000000e+00
1.716201454690804243e+09 -3.390485763549804688e+00 -8.649273872375488281e+00 -1.550955295562743919e+00 0.000000000000000000e+00 0.000000000000000000e+00 0.000000000000000000e+00 1.000000000000000000e+00
1.716201454741264582e+09 -3.390587806701660156e+00 -8.649256706237792969e+00 -1.550890088081360085e+00 0.000000000000000000e+00 0.000000000000000000e+00 0.000000000000000000e+00 1.000000000000000000e+00
1.716201454841445208e+09 -3.390435695648193359e+00 -8.649312019348144531e+00 -1.550902366638183594e+00 0.000000000000000000e+00 0.000000000000000000e+00 0.000000000000000000e+00 1.000000000000000000e+00
1.716201454892065763e+09 -3.390421867370605025e+00 -8.649306297302246094e+00 -1.550934553146362305e+00 0.000000000000000000e+00 0.000000000000000000e+00 0.000000000000000000e+00 1.000000000000000000e+00
1.716201454941758156e+09 -3.390494346618652344e+00 -8.649241447448730469e+00 -1.551037549972534180e+00 0.000000000000000000e+00 0.000000000000000000e+00 0.000000000000000000e+00 1.000000000000000000e+00
1.716201454991990328e+09 -3.390466213226318359e+00 -8.649237632751464844e+00 -1.551081538200378418e+00 0.000000000000000000e+00 0.000000000000000000e+00 0.000000000000000000e+00 1.000000000000000000e+00
1.716201455042150497e+09 -3.390370130538940430e+00 -8.649291992187500000e+00 -1.551032543182373047e+00 0.000000000000000000e+00 0.000000000000000000e+00 0.000000000000000000e+00 1.000000000000000000e+00
1.716201455092532158e+09 -3.390327215194702148e+00 -8.649304389953613281e+00 -1.551047086715698242e+00 0.000000000000000000e+00 0.000000000000000000e+00 0.000000000000000000e+00 1.000000000000000000e+00
1.716201455142481089e+09 -3.389913320541381836e+00 -8.648460388183593750e+00 -1.550694584846496582e+00 0.000000000000000000e+00 0.000000000000000000e+00 0.000000000000000000e+00 1.000000000000000000e+00
1.716201455192628145e+09 -3.390486478805541992e+00 -8.649245262145996094e+00 -1.551037669181823508e+00 0.000000000000000000e+00 0.000000000000000000e+00 0.000000000000000000e+00 1.000000000000000000e+00
1.716201455242744684e+09 -3.390427827835083008e+00 -8.649287223815917969e+00 -1.550982356071472168e+00 0.000000000000000000e+00 0.000000000000000000e+00 0.000000000000000000e+00 1.000000000000000000e+00
1.716201455292958736e+09 -3.390419721603393555e+00 -8.649265289306640625e+00 -1.551053404808044434e+00 0.000000000000000000e+00 0.000000000000000000e+00 0.000000000000000000e+00 1.000000000000000000e+00
1.716201455343167543e+09 -3.390448331832885742e+00 -8.649257659912109375e+00 -1.551042914390563965e+00 0.000000000000000000e+00 0.000000000000000000e+00 0.000000000000000000e+00 1.000000000000000000e+00
1.716201455393425226e+09 -3.390391826629638672e+00 -8.649324417114257812e+00 -1.550915837287902832e+00 0.000000000000000000e+00 0.000000000000000000e+00 0.000000000000000000e+00 1.000000000000000000e+00
1.716201455443581104e+09 -3.390344142913818359e+00 -8.649294853210449219e+00 -1.551053881645202637e+00 0.000000000000000000e+00 0.000000000000000000e+00 0.000000000000000000e+00 1.000000000000000000e+00
1.716201455544242859e+09 -3.390185117721557617e+00 -8.648239135742187500e+00 -1.551020622253417969e+00 0.000000000000000000e+00 0.000000000000000000e+00 0.000000000000000000e+00 1.000000000000000000e+00
1.716201455594231606e+09 -3.390459060668945312e+00 -8.648117065429687500e+00 -1.551063895225524902e+00 0.000000000000000000e+00 0.000000000000000000e+00 0.000000000000000000e+00 1.000000000000000000e+00
1.716201455645159245e+09 -3.390564680099487749e+00 -8.649210929870605469e+00 -1.551046252250671387e+00 0.000000000000000000e+00 0.000000000000000000e+00 0.000000000000000000e+00 1.000000000000000000e+00
1.716201455694576979e+09 -3.390310525894165039e+00 -8.649343490600585938e+00 -1.550953984260559082e+00 0.000000000000000000e+00 0.000000000000000000e+00 0.000000000000000000e+00 1.000000000000000000e+00
1.716201455744910002e+09 -3.390187263488769087e+00 -8.649418830871582031e+00 -1.550877094268798828e+00 0.000000000000000000e+00 0.000000000000000000e+00 0.000000000000000000e+00 1.000000000000000000e+00
1.716201455795596361e+09 -3.390437364578247070e+00 -8.649270057678222656e+00 -1.551020503044128418e+00 0.000000000000000000e+00 0.000000000000000000e+00 0.000000000000000000e+00 1.000000000000000000e+00
1.716201455845703840e+09 -3.390264987945556641e+00 -8.648361206054687500e+00 -1.550584197044372559e+00 0.000000000000000000e+00 0.000000000000000000e+00 0.000000000000000000e+00 1.000000000000000000e+00
1.716201455895960808e+09 -3.390256166458129883e+00 -8.648346900939941406e+00 -1.550633907318115234e+00 0.000000000000000000e+00 0.000000000000000000e+00 0.000000000000000000e+00 1.000000000000000000e+00
1.716201455996310711e+09 -3.390413045883178711e+00 -8.648235321044921875e+00 -1.550777912139892578e+00 0.000000000000000000e+00 0.000000000000000000e+00 0.000000000000000000e+00 1.000000000000000000e+00
1.716201456046791315e+09 -3.390099048614501953e+00 -8.649415016174316406e+00 -1.550985693931579590e+00 0.000000000000000000e+00 0.000000000000000000e+00 0.000000000000000000e+00 1.000000000000000000e+00
1.716201456096566200e+09 -3.390299081802368164e+00 -8.649285316467285156e+00 -1.551131129264831543e+00 0.000000000000000000e+00 0.000000000000000000e+00 0.000000000000000000e+00 1.000000000000000000e+00
1.716201456197292566e+09 -3.390392065048217773e+00 -8.648262977600097656e+00 -1.550722599029541016e+00 0.000000000000000000e+00 0.000000000000000000e+00 0.000000000000000000e+00 1.000000000000000000e+00
1.716201456247461557e+09 -3.390356063842772993e+00 -8.649341583251953125e+00 -1.550906300544738770e+00 0.000000000000000000e+00 0.000000000000000000e+00 0.000000000000000000e+00 1.000000000000000000e+00
1.716201456347807646e+09 -3.390162467956542969e+00 -8.649416923522949219e+00 -1.550909399986267090e+00 0.000000000000000000e+00 0.000000000000000000e+00 0.000000000000000000e+00 1.000000000000000000e+00
1.716201456398057222e+09 -3.390360593795776367e+00 -8.648282051086425781e+00 -1.550702095031738503e+00 0.000000000000000000e+00 0.000000000000000000e+00 0.000000000000000000e+00 1.000000000000000000e+00
1.716201456448698997e+09 -3.390423536300659180e+00 -8.648235321044921875e+00 -1.550765395164489524e+00 0.000000000000000000e+00 0.000000000000000000e+00 0.000000000000000000e+00 1.000000000000000000e+00
1.716201456498498201e+09 -3.390466690063477007e+00 -8.648243904113769531e+00 -1.550692677497863770e+00 0.000000000000000000e+00 0.000000000000000000e+00 0.000000000000000000e+00 1.000000000000000000e+00
1.716201456548618078e+09 -3.390055418014526367e+00 -8.648391723632812500e+00 -1.550729513168334961e+00 0.000000000000000000e+00 0.000000000000000000e+00 0.000000000000000000e+00 1.000000000000000000e+00
1.716201456650055170e+09 -3.390113353729248047e+00 -8.648343086242675781e+00 -1.550804972648620605e+00 0.000000000000000000e+00 0.000000000000000000e+00 0.000000000000000000e+00 1.000000000000000000e+00
1.716201456699089527e+09 -3.390501976013184038e+00 -8.648193359375000000e+00 -1.550796985626220703e+00 0.000000000000000000e+00 0.000000000000000000e+00 0.000000000000000000e+00 1.000000000000000000e+00
1.716201456749170065e+09 -3.390561580657958984e+00 -8.648218154907226562e+00 -1.550659656524658203e+00 0.000000000000000000e+00 0.000000000000000000e+00 0.000000000000000000e+00 1.000000000000000000e+00
1.716201456799361944e+09 -3.390379428863525391e+00 -8.648312568664550781e+00 -1.550593972206115501e+00 0.000000000000000000e+00 0.000000000000000000e+00 0.000000000000000000e+00 1.000000000000000000e+00
1.716201456849538803e+09 -3.390142679214477095e+00 -8.648379325866699219e+00 -1.550668835639953613e+00 0.000000000000000000e+00 0.000000000000000000e+00 0.000000000000000000e+00 1.000000000000000000e+00
1.716201456899831533e+09 -3.390177488327026367e+00 -8.648361206054687500e+00 -1.550679683685302734e+00 0.000000000000000000e+00 0.000000000000000000e+00 0.000000000000000000e+00 1.000000000000000000e+00
1.716201456949987411e+09 -3.390400886535644531e+00 -8.648289680480957031e+00 -1.550634145736694336e+00 0.000000000000000000e+00 0.000000000000000000e+00 0.000000000000000000e+00 1.000000000000000000e+00
1.716201457000367641e+09 -3.390477657318115234e+00 -8.648272514343261719e+00 -1.550598502159118874e+00 0.000000000000000000e+00 0.000000000000000000e+00 0.000000000000000000e+00 1.000000000000000000e+00
1.716201457050294638e+09 -3.390429973602294922e+00 -8.648275375366210938e+00 -1.550644397735595703e+00 0.000000000000000000e+00 0.000000000000000000e+00 0.000000000000000000e+00 1.000000000000000000e+00
1.716201457100557566e+09 -3.389917612075805664e+00 -8.647485733032226562e+00 -1.550245523452758789e+00 0.000000000000000000e+00 0.000000000000000000e+00 0.000000000000000000e+00 1.000000000000000000e+00
1.716201457150731564e+09 -3.389868497848510742e+00 -8.647480010986328125e+00 -1.550317287445068359e+00 0.000000000000000000e+00 0.000000000000000000e+00 0.000000000000000000e+00 1.000000000000000000e+00
1.716201457200875521e+09 -3.389966726303100586e+00 -8.647416114807128906e+00 -1.550388813018798828e+00 0.000000000000000000e+00 0.000000000000000000e+00 0.000000000000000000e+00 1.000000000000000000e+00
1.716201457251085758e+09 -3.390034675598144531e+00 -8.647396087646484375e+00 -1.550371289253234863e+00 0.000000000000000000e+00 0.000000000000000000e+00 0.000000000000000000e+00 1.000000000000000000e+00
1.716201457301187277e+09 -3.390208482742309570e+00 -8.647397041320800781e+00 -1.550174474716186301e+00 0.000000000000000000e+00 0.000000000000000000e+00 0.000000000000000000e+00 1.000000000000000000e+00
1.716201457351485729e+09 -3.390149116516113281e+00 -8.647426605224609375e+00 -1.550154685974121094e+00 0.000000000000000000e+00 0.000000000000000000e+00 0.000000000000000000e+00 1.000000000000000000e+00
1.716201457405583620e+09 -3.390111446380615234e+00 -8.647441864013671875e+00 -1.550153970718383789e+00 0.000000000000000000e+00 0.000000000000000000e+00 0.000000000000000000e+00 1.000000000000000000e+00
1.716201457502308130e+09 -3.390097618103027788e+00 -8.647491455078125000e+00 -1.550027966499328613e+00 0.000000000000000000e+00 0.000000000000000000e+00 0.000000000000000000e+00 1.000000000000000000e+00
1.716201457552261114e+09 -3.390152931213378906e+00 -8.647531509399414062e+00 -1.549851536750793679e+00 0.000000000000000000e+00 0.000000000000000000e+00 0.000000000000000000e+00 1.000000000000000000e+00
1.716201457602615356e+09 -3.390876054763793945e+00 -8.649481773376464844e+00 -1.549925923347473145e+00 0.000000000000000000e+00 0.000000000000000000e+00 0.000000000000000000e+00 1.000000000000000000e+00
1.716201457702850342e+09 -3.392484903335571733e+00 -8.654062271118164062e+00 -1.551176309585571289e+00 0.000000000000000000e+00 0.000000000000000000e+00 0.000000000000000000e+00 1.000000000000000000e+00
1.716201457753257513e+09 -3.393671512603760210e+00 -8.658001899719238281e+00 -1.551501750946044922e+00 0.000000000000000000e+00 0.000000000000000000e+00 0.000000000000000000e+00 1.000000000000000000e+00
1.716201457803173780e+09 -3.393924951553344727e+00 -8.659134864807128906e+00 -1.551208257675170898e+00 0.000000000000000000e+00 0.000000000000000000e+00 0.000000000000000000e+00 1.000000000000000000e+00
1.716201457903492212e+09 -3.394769668579101562e+00 -8.662111282348632812e+00 -1.551441192626953125e+00 0.000000000000000000e+00 0.000000000000000000e+00 0.000000000000000000e+00 1.000000000000000000e+00
1.716201457953908443e+09 -3.394743919372558594e+00 -8.662121772766113281e+00 -1.551439166069030762e+00 0.000000000000000000e+00 0.000000000000000000e+00 0.000000000000000000e+00 1.000000000000000000e+00
1.716201458004260778e+09 -3.394952774047852007e+00 -8.661936759948730469e+00 -1.551733016967773438e+00 0.000000000000000000e+00 0.000000000000000000e+00 0.000000000000000000e+00 1.000000000000000000e+00
1.716201458054121256e+09 -3.394481658935546875e+00 -8.659922599792480469e+00 -1.551562190055847168e+00 0.000000000000000000e+00 0.000000000000000000e+00 0.000000000000000000e+00 1.000000000000000000e+00
1.716201458104441404e+09 -3.393324136734008789e+00 -8.656114578247070312e+00 -1.550828218460083008e+00 0.000000000000000000e+00 0.000000000000000000e+00 0.000000000000000000e+00 1.000000000000000000e+00
1.716201458154674292e+09 -3.392924785614013672e+00 -8.655133247375488281e+00 -1.550850033760070801e+00 0.000000000000000000e+00 0.000000000000000000e+00 0.000000000000000000e+00 1.000000000000000000e+00
1.716201458204788446e+09 -3.392843484878540039e+00 -8.655096054077148438e+00 -1.551047682762145996e+00 0.000000000000000000e+00 0.000000000000000000e+00 0.000000000000000000e+00 1.000000000000000000e+00
1.716201458255015612e+09 -3.392548799514770508e+00 -8.654142379760742188e+00 -1.550874471664428711e+00 0.000000000000000000e+00 0.000000000000000000e+00 0.000000000000000000e+00 1.000000000000000000e+00
1.716201458355414867e+09 -3.392626285552978516e+00 -8.654128074645996094e+00 -1.550830364227294922e+00 0.000000000000000000e+00 0.000000000000000000e+00 0.000000000000000000e+00 1.000000000000000000e+00
1.716201458405774117e+09 -3.392992019653320312e+00 -8.655125617980957031e+00 -1.550796508789062500e+00 0.000000000000000000e+00 0.000000000000000000e+00 0.000000000000000000e+00 1.000000000000000000e+00
1.716201458456067085e+09 -3.393239259719848633e+00 -8.656104087829589844e+00 -1.550951957702636719e+00 0.000000000000000000e+00 0.000000000000000000e+00 0.000000000000000000e+00 1.000000000000000000e+00
1.716201458556349993e+09 -3.393075227737426758e+00 -8.655158996582031250e+00 -1.550608038902282715e+00 0.000000000000000000e+00 0.000000000000000000e+00 0.000000000000000000e+00 1.000000000000000000e+00
1.716201458606327295e+09 -3.392795085906982422e+00 -8.654214859008789062e+00 -1.550391793251037598e+00 0.000000000000000000e+00 0.000000000000000000e+00 0.000000000000000000e+00 1.000000000000000000e+00
1.716201458657585382e+09 -3.392991304397583008e+00 -8.654097557067871094e+00 -1.550506234169006348e+00 0.000000000000000000e+00 0.000000000000000000e+00 0.000000000000000000e+00 1.000000000000000000e+00
1.716201458757381439e+09 -3.392695426940917969e+00 -8.653153419494628906e+00 -1.550308823585510476e+00 0.000000000000000000e+00 0.000000000000000000e+00 0.000000000000000000e+00 1.000000000000000000e+00
1.716201458807661772e+09 -3.392748355865478516e+00 -8.653169631958007812e+00 -1.550202369689941406e+00 0.000000000000000000e+00 0.000000000000000000e+00 0.000000000000000000e+00 1.000000000000000000e+00
1.716201458907872200e+09 -3.392939329147338867e+00 -8.654194831848144531e+00 -1.550288558006286621e+00 0.000000000000000000e+00 0.000000000000000000e+00 0.000000000000000000e+00 1.000000000000000000e+00
1.716201459008611917e+09 -3.393201589584350586e+00 -8.655189514160156250e+00 -1.550381183624267578e+00 0.000000000000000000e+00 0.000000000000000000e+00 0.000000000000000000e+00 1.000000000000000000e+00
1.716201459058761120e+09 -3.393457889556884766e+00 -8.655100822448730469e+00 -1.550345420837402344e+00 0.000000000000000000e+00 0.000000000000000000e+00 0.000000000000000000e+00 1.000000000000000000e+00
1.716201459108784437e+09 -3.393300771713256836e+00 -8.654074668884277344e+00 -1.550225615501403809e+00 0.000000000000000000e+00 0.000000000000000000e+00 0.000000000000000000e+00 1.000000000000000000e+00
1.716201459209202290e+09 -3.392775297164916992e+00 -8.652181625366210938e+00 -1.549768567085265891e+00 0.000000000000000000e+00 0.000000000000000000e+00 0.000000000000000000e+00 1.000000000000000000e+00
1.716201459259426355e+09 -3.392719507217407227e+00 -8.652216911315917969e+00 -1.549728870391845703e+00 0.000000000000000000e+00 0.000000000000000000e+00 0.000000000000000000e+00 1.000000000000000000e+00
1.716201459359894276e+09 -3.392651796340942383e+00 -8.652211189270019531e+00 -1.549821376800537109e+00 0.000000000000000000e+00 0.000000000000000000e+00 0.000000000000000000e+00 1.000000000000000000e+00
1.716201459410043955e+09 -3.392677307128906250e+00 -8.652231216430664062e+00 -1.549736142158508301e+00 0.000000000000000000e+00 0.000000000000000000e+00 0.000000000000000000e+00 1.000000000000000000e+00
1.716201459460091591e+09 -3.392838954925537109e+00 -8.652232170104980469e+00 -1.549553513526916504e+00 0.000000000000000000e+00 0.000000000000000000e+00 0.000000000000000000e+00 1.000000000000000000e+00
1.716201459560328245e+09 -3.392787218093872070e+00 -8.652275085449218750e+00 -1.549487590789794922e+00 0.000000000000000000e+00 0.000000000000000000e+00 0.000000000000000000e+00 1.000000000000000000e+00
1.716201459660626888e+09 -3.392867088317871094e+00 -8.652270317077636719e+00 -1.549412369728088379e+00 0.000000000000000000e+00 0.000000000000000000e+00 0.000000000000000000e+00 1.000000000000000000e+00
1.716201459710755825e+09 -3.392732620239257812e+00 -8.652263641357421875e+00 -1.549582242965698242e+00 0.000000000000000000e+00 0.000000000000000000e+00 0.000000000000000000e+00 1.000000000000000000e+00
1.716201459760934830e+09 -3.392774105072021040e+00 -8.652248382568359375e+00 -1.549579501152038574e+00 0.000000000000000000e+00 0.000000000000000000e+00 0.000000000000000000e+00 1.000000000000000000e+00
1.716201459811129332e+09 -3.392794609069824219e+00 -8.652269363403320312e+00 -1.549494862556457520e+00 0.000000000000000000e+00 0.000000000000000000e+00 0.000000000000000000e+00 1.000000000000000000e+00
1.716201459861245394e+09 -3.392955064773560014e+00 -8.652223587036132812e+00 -1.549447774887084961e+00 0.000000000000000000e+00 0.000000000000000000e+00 0.000000000000000000e+00 1.000000000000000000e+00
1.716201459911437273e+09 -3.393060445785522461e+00 -8.652200698852539062e+00 -1.549393773078918457e+00 0.000000000000000000e+00 0.000000000000000000e+00 0.000000000000000000e+00 1.000000000000000000e+00
1.716201459961546659e+09 -3.393062591552734375e+00 -8.652229309082031250e+00 -1.549309134483337402e+00 0.000000000000000000e+00 0.000000000000000000e+00 0.000000000000000000e+00 1.000000000000000000e+00
1.716201460012090445e+09 -3.393113851547241211e+00 -8.652259826660156250e+00 -1.549166202545166016e+00 0.000000000000000000e+00 0.000000000000000000e+00 0.000000000000000000e+00 1.000000000000000000e+00
1.716201460062269449e+09 -3.393320322036743164e+00 -8.652235031127929688e+00 -1.549004435539245605e+00 0.000000000000000000e+00 0.000000000000000000e+00 0.000000000000000000e+00 1.000000000000000000e+00
1.716201460112409353e+09 -3.393423557281494141e+00 -8.652209281921386719e+00 -1.548963308334350586e+00 0.000000000000000000e+00 0.000000000000000000e+00 0.000000000000000000e+00 1.000000000000000000e+00
1.716201460162479877e+09 -3.393965721130371094e+00 -8.653062820434570312e+00 -1.549145936965942383e+00 0.000000000000000000e+00 0.000000000000000000e+00 0.000000000000000000e+00 1.000000000000000000e+00
1.716201460213014364e+09 -3.394210577011108398e+00 -8.652941703796386719e+00 -1.549216508865356445e+00 0.000000000000000000e+00 0.000000000000000000e+00 0.000000000000000000e+00 1.000000000000000000e+00
1.716201460263250589e+09 -3.394380569458007812e+00 -8.654003143310546875e+00 -1.549220561981201172e+00 0.000000000000000000e+00 0.000000000000000000e+00 0.000000000000000000e+00 1.000000000000000000e+00
1.716201460313484430e+09 -3.394122600555419922e+00 -8.654163360595703125e+00 -1.549053788185119629e+00 0.000000000000000000e+00 0.000000000000000000e+00 0.000000000000000000e+00 1.000000000000000000e+00
1.716201460363678932e+09 -3.394033670425415039e+00 -8.654170989990234375e+00 -1.549130201339721680e+00 0.000000000000000000e+00 0.000000000000000000e+00 0.000000000000000000e+00 1.000000000000000000e+00
1.716201460413871765e+09 -3.393472433090209961e+00 -8.653290748596191406e+00 -1.549045443534851074e+00 0.000000000000000000e+00 0.000000000000000000e+00 0.000000000000000000e+00 1.000000000000000000e+00
1.716201460464010000e+09 -3.392868518829345703e+00 -8.652604103088378906e+00 -1.548455715179443359e+00 0.000000000000000000e+00 0.000000000000000000e+00 0.000000000000000000e+00 1.000000000000000000e+00
1.716201460514703989e+09 -3.392763614654541016e+00 -8.652603149414062500e+00 -1.548576951026916504e+00 0.000000000000000000e+00 0.000000000000000000e+00 0.000000000000000000e+00 1.000000000000000000e+00
1.716201460564503670e+09 -3.392121076583862305e+00 -8.651799201965332031e+00 -1.548366546630859375e+00 0.000000000000000000e+00 0.000000000000000000e+00 0.000000000000000000e+00 1.000000000000000000e+00
1.716201460615293026e+09 -3.391453981399536133e+00 -8.652079582214355469e+00 -1.548311948776245117e+00 0.000000000000000000e+00 0.000000000000000000e+00 0.000000000000000000e+00 1.000000000000000000e+00
1.716201460665256500e+09 -3.390273332595825195e+00 -8.651564598083496094e+00 -1.547877311706542969e+00 0.000000000000000000e+00 0.000000000000000000e+00 0.000000000000000000e+00 1.000000000000000000e+00
1.716201460715386629e+09 -3.388197183609008789e+00 -8.649505615234375000e+00 -1.546403646469116211e+00 0.000000000000000000e+00 0.000000000000000000e+00 0.000000000000000000e+00 1.000000000000000000e+00
1.716201460765764236e+09 -3.386423110961914062e+00 -8.649469375610351562e+00 -1.545262455940246582e+00 0.000000000000000000e+00 0.000000000000000000e+00 0.000000000000000000e+00 1.000000000000000000e+00
1.716201460816513538e+09 -3.383963823318481001e+00 -8.648714065551757812e+00 -1.543716549873352051e+00 0.000000000000000000e+00 0.000000000000000000e+00 0.000000000000000000e+00 1.000000000000000000e+00
1.716201460866398573e+09 -3.380861520767211914e+00 -8.648252487182617188e+00 -1.542048573493957520e+00 0.000000000000000000e+00 0.000000000000000000e+00 0.000000000000000000e+00 1.000000000000000000e+00
1.716201460916476965e+09 -3.377626657485961914e+00 -8.647708892822265625e+00 -1.540759325027465820e+00 0.000000000000000000e+00 0.000000000000000000e+00 0.000000000000000000e+00 1.000000000000000000e+00
1.716201460966611385e+09 -3.373564958572388139e+00 -8.646603584289550781e+00 -1.538764595985412598e+00 0.000000000000000000e+00 0.000000000000000000e+00 0.000000000000000000e+00 1.000000000000000000e+00
1.716201461017590284e+09 -3.369247436523437056e+00 -8.645606040954589844e+00 -1.536747336387634499e+00 0.000000000000000000e+00 0.000000000000000000e+00 0.000000000000000000e+00 1.000000000000000000e+00
1.716201461067314863e+09 -3.365276098251342773e+00 -8.644577980041503906e+00 -1.534422993659973145e+00 0.000000000000000000e+00 0.000000000000000000e+00 0.000000000000000000e+00 1.000000000000000000e+00
1.716201461118637800e+09 -3.360893011093140093e+00 -8.641613960266113281e+00 -1.531635999679565430e+00 0.000000000000000000e+00 0.000000000000000000e+00 0.000000000000000000e+00 1.000000000000000000e+00
1.716201461168207884e+09 -3.358438253402709961e+00 -8.641927719116210938e+00 -1.530236959457397683e+00 0.000000000000000000e+00 0.000000000000000000e+00 0.000000000000000000e+00 1.000000000000000000e+00
1.716201461219583511e+09 -3.355854511260986328e+00 -8.642403602600097656e+00 -1.528512120246887207e+00 0.000000000000000000e+00 0.000000000000000000e+00 0.000000000000000000e+00 1.000000000000000000e+00
1.716201461268841743e+09 -3.353131771087646484e+00 -8.643904685974121094e+00 -1.527236700057983398e+00 0.000000000000000000e+00 0.000000000000000000e+00 0.000000000000000000e+00 1.000000000000000000e+00
1.716201461319193363e+09 -3.349754571914672852e+00 -8.644680023193359375e+00 -1.525529861450195090e+00 0.000000000000000000e+00 0.000000000000000000e+00 0.000000000000000000e+00 1.000000000000000000e+00
1.716201461418565750e+09 -3.345565795898437056e+00 -8.644750595092773438e+00 -1.523506283760070801e+00 0.000000000000000000e+00 0.000000000000000000e+00 0.000000000000000000e+00 1.000000000000000000e+00
1.716201461468492270e+09 -3.339297771453857422e+00 -8.647527694702148438e+00 -1.519240736961364746e+00 0.000000000000000000e+00 0.000000000000000000e+00 0.000000000000000000e+00 1.000000000000000000e+00
1.716201461518681765e+09 -3.336671590805053711e+00 -8.648213386535644531e+00 -1.516938209533691406e+00 0.000000000000000000e+00 0.000000000000000000e+00 0.000000000000000000e+00 1.000000000000000000e+00
1.716201461619071722e+09 -3.332755088806152344e+00 -8.647419929504394531e+00 -1.513832926750183105e+00 0.000000000000000000e+00 0.000000000000000000e+00 0.000000000000000000e+00 1.000000000000000000e+00
1.716201461670289516e+09 -3.325377225875854492e+00 -8.648070335388183594e+00 -1.507141351699829102e+00 0.000000000000000000e+00 0.000000000000000000e+00 0.000000000000000000e+00 1.000000000000000000e+00
1.716201461719416380e+09 -3.322434663772583008e+00 -8.649316787719726562e+00 -1.503545761108398438e+00 0.000000000000000000e+00 0.000000000000000000e+00 0.000000000000000000e+00 1.000000000000000000e+00
1.716201461820128441e+09 -3.320756435394287109e+00 -8.656527519226074219e+00 -1.497548341751098633e+00 0.000000000000000000e+00 0.000000000000000000e+00 0.000000000000000000e+00 1.000000000000000000e+00
1.716201461870260954e+09 -3.319668054580688477e+00 -8.660191535949707031e+00 -1.494648218154907227e+00 0.000000000000000000e+00 0.000000000000000000e+00 0.000000000000000000e+00 1.000000000000000000e+00
1.716201461922201157e+09 -3.317302703857421875e+00 -8.662269592285156250e+00 -1.491232514381408691e+00 0.000000000000000000e+00 0.000000000000000000e+00 0.000000000000000000e+00 1.000000000000000000e+00
1.716201462020928860e+09 -3.314421415328979492e+00 -8.664923667907714844e+00 -1.486706137657165527e+00 0.000000000000000000e+00 0.000000000000000000e+00 0.000000000000000000e+00 1.000000000000000000e+00
1.716201462070861578e+09 -3.311347246170043945e+00 -8.667953491210937500e+00 -1.481283903121948242e+00 0.000000000000000000e+00 0.000000000000000000e+00 0.000000000000000000e+00 1.000000000000000000e+00
1.716201462121189833e+09 -3.308328866958618164e+00 -8.671316146850585938e+00 -1.474806189537048340e+00 0.000000000000000000e+00 0.000000000000000000e+00 0.000000000000000000e+00 1.000000000000000000e+00
1.716201462171489477e+09 -3.304426193237304688e+00 -8.672193527221679688e+00 -1.466697812080383301e+00 0.000000000000000000e+00 0.000000000000000000e+00 0.000000000000000000e+00 1.000000000000000000e+00
1.716201462221651793e+09 -3.294697284698486328e+00 -8.676514625549316406e+00 -1.448297142982482910e+00 0.000000000000000000e+00 0.000000000000000000e+00 0.000000000000000000e+00 1.000000000000000000e+00
1.716201462271708012e+09 -3.288907527923583984e+00 -8.679803848266601562e+00 -1.438394308090209961e+00 0.000000000000000000e+00 0.000000000000000000e+00 0.000000000000000000e+00 1.000000000000000000e+00
1.716201462372235537e+09 -3.277114152908325195e+00 -8.684962272644042969e+00 -1.416232705116271973e+00 0.000000000000000000e+00 0.000000000000000000e+00 0.000000000000000000e+00 1.000000000000000000e+00
1.716201462472616673e+09 -3.262000083923339844e+00 -8.685532569885253906e+00 -1.391214013099670410e+00 0.000000000000000000e+00 0.000000000000000000e+00 0.000000000000000000e+00 1.000000000000000000e+00
1.716201462523589373e+09 -3.253671169281005859e+00 -8.686112403869628906e+00 -1.378593444824218750e+00 0.000000000000000000e+00 0.000000000000000000e+00 0.000000000000000000e+00 1.000000000000000000e+00
1.716201462572845936e+09 -3.243208408355712891e+00 -8.681445121765136719e+00 -1.363903045654296875e+00 0.000000000000000000e+00 0.000000000000000000e+00 0.000000000000000000e+00 1.000000000000000000e+00
1.716201462623010635e+09 -3.234863042831420898e+00 -8.681828498840332031e+00 -1.351766347885131836e+00 0.000000000000000000e+00 0.000000000000000000e+00 0.000000000000000000e+00 1.000000000000000000e+00
1.716201462674214363e+09 -3.225369930267333984e+00 -8.682396888732910156e+00 -1.340308547019958496e+00 0.000000000000000000e+00 0.000000000000000000e+00 0.000000000000000000e+00 1.000000000000000000e+00
1.716201462774667025e+09 -3.202450037002563477e+00 -8.683909416198730469e+00 -1.320531010627746582e+00 0.000000000000000000e+00 0.000000000000000000e+00 0.000000000000000000e+00 1.000000000000000000e+00
1.716201462874126434e+09 -3.188605308532714844e+00 -8.675212860107421875e+00 -1.311512231826782227e+00 0.000000000000000000e+00 0.000000000000000000e+00 0.000000000000000000e+00 1.000000000000000000e+00
1.716201462924773455e+09 -3.176567077636718750e+00 -8.674642562866210938e+00 -1.306259036064147949e+00 0.000000000000000000e+00 0.000000000000000000e+00 0.000000000000000000e+00 1.000000000000000000e+00
1.716201462974694729e+09 -3.150600433349609375e+00 -8.673129081726074219e+00 -1.298913240432739258e+00 0.000000000000000000e+00 0.000000000000000000e+00 0.000000000000000000e+00 1.000000000000000000e+00
1.716201463024700403e+09 -3.137694120407104492e+00 -8.672490119934082031e+00 -1.298172712326049805e+00 0.000000000000000000e+00 0.000000000000000000e+00 0.000000000000000000e+00 1.000000000000000000e+00
1.716201463074869156e+09 -3.122897624969482422e+00 -8.665843963623046875e+00 -1.297470450401306152e+00 0.000000000000000000e+00 0.000000000000000000e+00 0.000000000000000000e+00 1.000000000000000000e+00
1.716201463175200462e+09 -3.095477104187012163e+00 -8.656125068664550781e+00 -1.299636721611022949e+00 0.000000000000000000e+00 0.000000000000000000e+00 0.000000000000000000e+00 1.000000000000000000e+00
1.716201463225735664e+09 -3.070064067840576172e+00 -8.654217720031738281e+00 -1.309563875198364480e+00 0.000000000000000000e+00 0.000000000000000000e+00 0.000000000000000000e+00 1.000000000000000000e+00
1.716201463326268196e+09 -3.056263685226440430e+00 -8.652276039123535156e+00 -1.313540458679199219e+00 0.000000000000000000e+00 0.000000000000000000e+00 0.000000000000000000e+00 1.000000000000000000e+00
1.716201463376141548e+09 -3.028216838836669922e+00 -8.646146774291992188e+00 -1.318449735641479492e+00 0.000000000000000000e+00 0.000000000000000000e+00 0.000000000000000000e+00 1.000000000000000000e+00
1.716201463526705265e+09 -3.011448621749877930e+00 -8.637735366821289062e+00 -1.318052411079406738e+00 0.000000000000000000e+00 0.000000000000000000e+00 0.000000000000000000e+00 1.000000000000000000e+00
1.716201463576893091e+09 -2.996619939804077148e+00 -8.634850502014160156e+00 -1.318954229354858398e+00 0.000000000000000000e+00 0.000000000000000000e+00 0.000000000000000000e+00 1.000000000000000000e+00
1.716201463627381325e+09 -2.955324649810791016e+00 -8.629487037658691406e+00 -1.317986726760864480e+00 0.000000000000000000e+00 0.000000000000000000e+00 0.000000000000000000e+00 1.000000000000000000e+00
1.716201463727589369e+09 -2.939540624618530273e+00 -8.623719215393066406e+00 -1.314905524253845215e+00 0.000000000000000000e+00 0.000000000000000000e+00 0.000000000000000000e+00 1.000000000000000000e+00
1.716201463777774811e+09 -2.925328731536864790e+00 -8.622523307800292969e+00 -1.313056230545043945e+00 0.000000000000000000e+00 0.000000000000000000e+00 0.000000000000000000e+00 1.000000000000000000e+00
1.716201463878481865e+09 -2.895452022552490234e+00 -8.617983818054199219e+00 -1.307081222534179688e+00 0.000000000000000000e+00 0.000000000000000000e+00 0.000000000000000000e+00 1.000000000000000000e+00
1.716201463978872538e+09 -2.865504980087280273e+00 -8.621044158935546875e+00 -1.301278233528137207e+00 0.000000000000000000e+00 0.000000000000000000e+00 0.000000000000000000e+00 1.000000000000000000e+00
1.716201464030214548e+09 -2.849791049957275391e+00 -8.624037742614746094e+00 -1.297894001007080078e+00 0.000000000000000000e+00 0.000000000000000000e+00 0.000000000000000000e+00 1.000000000000000000e+00
1.716201464078896284e+09 -2.833912134170531782e+00 -8.626024246215820312e+00 -1.294296741485595703e+00 0.000000000000000000e+00 0.000000000000000000e+00 0.000000000000000000e+00 1.000000000000000000e+00
1.716201464179289579e+09 -2.803325653076171875e+00 -8.629326820373535156e+00 -1.284298777580261230e+00 0.000000000000000000e+00 0.000000000000000000e+00 0.000000000000000000e+00 1.000000000000000000e+00
1.716201464231134176e+09 -2.790236473083496094e+00 -8.633152961730957031e+00 -1.278727054595947266e+00 0.000000000000000000e+00 0.000000000000000000e+00 0.000000000000000000e+00 1.000000000000000000e+00
1.716201464279982567e+09 -2.775737047195434570e+00 -8.637905120849609375e+00 -1.271595597267150879e+00 0.000000000000000000e+00 0.000000000000000000e+00 0.000000000000000000e+00 1.000000000000000000e+00
1.716201464330693007e+09 -2.760223627090454102e+00 -8.641363143920898438e+00 -1.262548327445984109e+00 0.000000000000000000e+00 0.000000000000000000e+00 0.000000000000000000e+00 1.000000000000000000e+00
1.716201464379924059e+09 -2.745660305023193359e+00 -8.647730827331542969e+00 -1.253625869750976562e+00 0.000000000000000000e+00 0.000000000000000000e+00 0.000000000000000000e+00 1.000000000000000000e+00
1.716201464430071831e+09 -2.731404542922973633e+00 -8.654240608215332031e+00 -1.243822455406188965e+00 0.000000000000000000e+00 0.000000000000000000e+00 0.000000000000000000e+00 1.000000000000000000e+00
1.716201464480622053e+09 -2.717514276504516602e+00 -8.660815238952636719e+00 -1.233321309089660645e+00 0.000000000000000000e+00 0.000000000000000000e+00 0.000000000000000000e+00 1.000000000000000000e+00
1.716201464530761719e+09 -2.692306518554687500e+00 -8.675531387329101562e+00 -1.211348295211791992e+00 0.000000000000000000e+00 0.000000000000000000e+00 0.000000000000000000e+00 1.000000000000000000e+00
1.716201464631443501e+09 -2.679786443710327148e+00 -8.680976867675781250e+00 -1.199217200279235840e+00 0.000000000000000000e+00 0.000000000000000000e+00 0.000000000000000000e+00 1.000000000000000000e+00
1.716201464731918812e+09 -2.654328346252441406e+00 -8.693124771118164062e+00 -1.174453139305114746e+00 0.000000000000000000e+00 0.000000000000000000e+00 0.000000000000000000e+00 1.000000000000000000e+00
1.716201464782131910e+09 -2.642217159271239790e+00 -8.699159622192382812e+00 -1.163173675537109375e+00 0.000000000000000000e+00 0.000000000000000000e+00 0.000000000000000000e+00 1.000000000000000000e+00
1.716201464832883596e+09 -2.632083654403686523e+00 -8.705040931701660156e+00 -1.153906345367431641e+00 0.000000000000000000e+00 0.000000000000000000e+00 0.000000000000000000e+00 1.000000000000000000e+00
1.716201464883068085e+09 -2.611960411071777344e+00 -8.714206695556640625e+00 -1.136383295059204102e+00 0.000000000000000000e+00 0.000000000000000000e+00 0.000000000000000000e+00 1.000000000000000000e+00
1.716201464982686281e+09 -2.601857662200928178e+00 -8.717302322387695312e+00 -1.128889918327331543e+00 0.000000000000000000e+00 0.000000000000000000e+00 0.000000000000000000e+00 1.000000000000000000e+00
1.716201465032828331e+09 -2.592791318893432617e+00 -8.720728874206542969e+00 -1.122829318046569824e+00 0.000000000000000000e+00 0.000000000000000000e+00 0.000000000000000000e+00 1.000000000000000000e+00
1.716201465083756208e+09 -2.583901882171630859e+00 -8.723778724670410156e+00 -1.117808103561401367e+00 0.000000000000000000e+00 0.000000000000000000e+00 0.000000000000000000e+00 1.000000000000000000e+00
1.716201465132694006e+09 -2.566562652587890181e+00 -8.726887702941894531e+00 -1.109977960586548074e+00 0.000000000000000000e+00 0.000000000000000000e+00 0.000000000000000000e+00 1.000000000000000000e+00
1.716201465232933283e+09 -2.558783769607543945e+00 -8.726738929748535156e+00 -1.107219457626342773e+00 0.000000000000000000e+00 0.000000000000000000e+00 0.000000000000000000e+00 1.000000000000000000e+00
1.716201465283105612e+09 -2.549979209899902344e+00 -8.722756385803222656e+00 -1.103768467903137207e+00 0.000000000000000000e+00 0.000000000000000000e+00 0.000000000000000000e+00 1.000000000000000000e+00
1.716201465333288431e+09 -2.533386468887329102e+00 -8.718798637390136719e+00 -1.100554227828979492e+00 0.000000000000000000e+00 0.000000000000000000e+00 0.000000000000000000e+00 1.000000000000000000e+00
1.716201465383401155e+09 -2.525134325027465820e+00 -8.713960647583007812e+00 -1.099387764930725098e+00 0.000000000000000000e+00 0.000000000000000000e+00 0.000000000000000000e+00 1.000000000000000000e+00
1.716201465534302711e+09 -2.501742839813232422e+00 -8.691306114196777344e+00 -1.096377968788146973e+00 0.000000000000000000e+00 0.000000000000000000e+00 0.000000000000000000e+00 1.000000000000000000e+00
1.716201465584266901e+09 -2.494746923446655718e+00 -8.683273315429687500e+00 -1.097413778305053711e+00 0.000000000000000000e+00 0.000000000000000000e+00 0.000000000000000000e+00 1.000000000000000000e+00
1.716201465634331942e+09 -2.488055706024169922e+00 -8.675084114074707031e+00 -1.098667621612548828e+00 0.000000000000000000e+00 0.000000000000000000e+00 0.000000000000000000e+00 1.000000000000000000e+00
1.716201465734654188e+09 -2.476502418518066406e+00 -8.651687622070312500e+00 -1.101146101951599121e+00 0.000000000000000000e+00 0.000000000000000000e+00 0.000000000000000000e+00 1.000000000000000000e+00
1.716201465784840345e+09 -2.473488092422485352e+00 -8.644087791442871094e+00 -1.104118466377258301e+00 0.000000000000000000e+00 0.000000000000000000e+00 0.000000000000000000e+00 1.000000000000000000e+00
1.716201465834940672e+09 -2.470525264739990234e+00 -8.636339187622070312e+00 -1.107525706291198730e+00 0.000000000000000000e+00 0.000000000000000000e+00 0.000000000000000000e+00 1.000000000000000000e+00
1.716201465985355854e+09 -2.455917358398437056e+00 -8.600809097290039062e+00 -1.113558769226074219e+00 0.000000000000000000e+00 0.000000000000000000e+00 0.000000000000000000e+00 1.000000000000000000e+00
1.716201466036757231e+09 -2.452488899230957031e+00 -8.593473434448242188e+00 -1.115994095802307129e+00 0.000000000000000000e+00 0.000000000000000000e+00 0.000000000000000000e+00 1.000000000000000000e+00
1.716201466136189699e+09 -2.449029445648193359e+00 -8.583348274230957031e+00 -1.116928935050964355e+00 0.000000000000000000e+00 0.000000000000000000e+00 0.000000000000000000e+00 1.000000000000000000e+00
1.716201466237193584e+09 -2.445664405822753906e+00 -8.573389053344726562e+00 -1.120792865753173828e+00 0.000000000000000000e+00 0.000000000000000000e+00 0.000000000000000000e+00 1.000000000000000000e+00
1.716201466287178516e+09 -2.443877935409545898e+00 -8.568288803100585938e+00 -1.121429800987243652e+00 0.000000000000000000e+00 0.000000000000000000e+00 0.000000000000000000e+00 1.000000000000000000e+00
1.716201466336946964e+09 -2.443429470062255859e+00 -8.567247390747070312e+00 -1.121713519096374290e+00 0.000000000000000000e+00 0.000000000000000000e+00 0.000000000000000000e+00 1.000000000000000000e+00
1.716201466387055159e+09 -2.443089485168457031e+00 -8.568337440490722656e+00 -1.118443012237548828e+00 0.000000000000000000e+00 0.000000000000000000e+00 0.000000000000000000e+00 1.000000000000000000e+00
1.716201466437025070e+09 -2.443007230758666992e+00 -8.570550918579101562e+00 -1.114788174629211426e+00 0.000000000000000000e+00 0.000000000000000000e+00 0.000000000000000000e+00 1.000000000000000000e+00
1.716201466487195253e+09 -2.442976713180541992e+00 -8.574155807495117188e+00 -1.110060334205627441e+00 0.000000000000000000e+00 0.000000000000000000e+00 0.000000000000000000e+00 1.000000000000000000e+00
1.716201466637922049e+09 -2.444841146469116211e+00 -8.608693122863769531e+00 -1.094203829765319824e+00 0.000000000000000000e+00 0.000000000000000000e+00 0.000000000000000000e+00 1.000000000000000000e+00
1.716201466738418341e+09 -2.442850589752197266e+00 -8.636566162109375000e+00 -1.078734278678894043e+00 0.000000000000000000e+00 0.000000000000000000e+00 0.000000000000000000e+00 1.000000000000000000e+00
1.716201466788609028e+09 -2.440907001495361328e+00 -8.653712272644042969e+00 -1.070093989372253418e+00 0.000000000000000000e+00 0.000000000000000000e+00 0.000000000000000000e+00 1.000000000000000000e+00
1.716201466889033794e+09 -2.443361043930053711e+00 -8.709403991699218750e+00 -1.054469466209411621e+00 0.000000000000000000e+00 0.000000000000000000e+00 0.000000000000000000e+00 1.000000000000000000e+00
1.716201466989259720e+09 -2.442249298095703125e+00 -8.759343147277832031e+00 -1.031913876533508301e+00 0.000000000000000000e+00 0.000000000000000000e+00 0.000000000000000000e+00 1.000000000000000000e+00
1.716201467039352655e+09 -2.446322202682495117e+00 -8.805061340332031250e+00 -1.026195526123046875e+00 0.000000000000000000e+00 0.000000000000000000e+00 0.000000000000000000e+00 1.000000000000000000e+00
1.716201467089622021e+09 -2.444438695907592773e+00 -8.833545684814453125e+00 -1.014840006828308105e+00 0.000000000000000000e+00 0.000000000000000000e+00 0.000000000000000000e+00 1.000000000000000000e+00
1.716201467139862537e+09 -2.442343235015869141e+00 -8.865428924560546875e+00 -1.002899169921875000e+00 0.000000000000000000e+00 0.000000000000000000e+00 0.000000000000000000e+00 1.000000000000000000e+00
1.716201467240161896e+09 -2.443665266036987749e+00 -8.956289291381835938e+00 -9.836234450340272106e-01 0.000000000000000000e+00 0.000000000000000000e+00 0.000000000000000000e+00 1.000000000000000000e+00
1.716201467290193081e+09 -2.442889213562012163e+00 -8.995097160339355469e+00 -9.718546867370604359e-01 0.000000000000000000e+00 0.000000000000000000e+00 0.000000000000000000e+00 1.000000000000000000e+00
1.716201467340541363e+09 -2.441224336624145064e+00 -9.033691406250000000e+00 -9.575752019882202148e-01 0.000000000000000000e+00 0.000000000000000000e+00 0.000000000000000000e+00 1.000000000000000000e+00
1.716201467440961838e+09 -2.439758300781250000e+00 -9.115333557128906250e+00 -9.296518564224244274e-01 0.000000000000000000e+00 0.000000000000000000e+00 0.000000000000000000e+00 1.000000000000000000e+00
1.716201467491145372e+09 -2.447312355041503906e+00 -9.189724922180175781e+00 -9.233587980270385742e-01 0.000000000000000000e+00 0.000000000000000000e+00 0.000000000000000000e+00 1.000000000000000000e+00
1.716201467541291714e+09 -2.446453332901000977e+00 -9.232312202453611505e+00 -9.081675410270692028e-01 0.000000000000000000e+00 0.000000000000000000e+00 0.000000000000000000e+00 1.000000000000000000e+00
1.716201467641673803e+09 -2.447771310806274414e+00 -9.315239906311035156e+00 -8.783510923385620117e-01 0.000000000000000000e+00 0.000000000000000000e+00 0.000000000000000000e+00 1.000000000000000000e+00
1.716201467742398024e+09 -2.465477466583251953e+00 -9.444508552551269531e+00 -8.575358986854553223e-01 0.000000000000000000e+00 0.000000000000000000e+00 0.000000000000000000e+00 1.000000000000000000e+00
1.716201467842298508e+09 -2.475086927413940430e+00 -9.530951499938964844e+00 -8.282331228256225586e-01 0.000000000000000000e+00 0.000000000000000000e+00 0.000000000000000000e+00 1.000000000000000000e+00
1.716201467942698717e+09 -2.495828390121459961e+00 -9.653383255004884589e+00 -8.082252144813537598e-01 0.000000000000000000e+00 0.000000000000000000e+00 0.000000000000000000e+00 1.000000000000000000e+00
1.716201468042923450e+09 -2.507561206817626953e+00 -9.741662025451660156e+00 -7.801551818847656250e-01 0.000000000000000000e+00 0.000000000000000000e+00 0.000000000000000000e+00 1.000000000000000000e+00
1.716201468143151283e+09 -2.523610115051269087e+00 -9.821085929870603692e+00 -7.757132053375244141e-01 0.000000000000000000e+00 0.000000000000000000e+00 0.000000000000000000e+00 1.000000000000000000e+00
1.716201468193414927e+09 -2.539994478225708008e+00 -9.901745796203611505e+00 -7.512018680572509766e-01 0.000000000000000000e+00 0.000000000000000000e+00 0.000000000000000000e+00 1.000000000000000000e+00
1.716201468243492126e+09 -2.549600601196289062e+00 -9.940992355346679688e+00 -7.395156621932983398e-01 0.000000000000000000e+00 0.000000000000000000e+00 0.000000000000000000e+00 1.000000000000000000e+00
1.716201468345136166e+09 -2.568171977996826172e+00 -1.001219463348388850e+01 -7.350696325302124023e-01 0.000000000000000000e+00 0.000000000000000000e+00 0.000000000000000000e+00 1.000000000000000000e+00
1.716201468395311594e+09 -2.588025808334350586e+00 -1.008165359497070312e+01 -7.127597332000732422e-01 0.000000000000000000e+00 0.000000000000000000e+00 0.000000000000000000e+00 1.000000000000000000e+00
1.716201468445522070e+09 -2.599271535873413086e+00 -1.011774921417236328e+01 -7.032431960105895996e-01 0.000000000000000000e+00 0.000000000000000000e+00 0.000000000000000000e+00 1.000000000000000000e+00
1.716201468495086193e+09 -2.610485315322875977e+00 -1.015182685852050781e+01 -6.932088732719421387e-01 0.000000000000000000e+00 0.000000000000000000e+00 0.000000000000000000e+00 1.000000000000000000e+00
1.716201468595130682e+09 -2.641577005386352539e+00 -1.024653053283691406e+01 -6.811855435371398926e-01 0.000000000000000000e+00 0.000000000000000000e+00 0.000000000000000000e+00 1.000000000000000000e+00
1.716201468645619869e+09 -2.653431892395019531e+00 -1.027786445617675781e+01 -6.729962825775146484e-01 0.000000000000000000e+00 0.000000000000000000e+00 0.000000000000000000e+00 1.000000000000000000e+00
1.716201468695651770e+09 -2.664507627487182617e+00 -1.030606842041015625e+01 -6.655248403549194336e-01 0.000000000000000000e+00 0.000000000000000000e+00 0.000000000000000000e+00 1.000000000000000000e+00
1.716201468797297955e+09 -2.683471918106079102e+00 -1.035968780517577947e+01 -6.627284288406372070e-01 0.000000000000000000e+00 0.000000000000000000e+00 0.000000000000000000e+00 1.000000000000000000e+00
1.716201468846570253e+09 -2.695969581604003906e+00 -1.038722515106201172e+01 -6.565178036689758301e-01 0.000000000000000000e+00 0.000000000000000000e+00 0.000000000000000000e+00 1.000000000000000000e+00
1.716201468896595716e+09 -2.706986665725708008e+00 -1.041280364990234375e+01 -6.513860821723937988e-01 0.000000000000000000e+00 0.000000000000000000e+00 0.000000000000000000e+00 1.000000000000000000e+00
1.716201468947235107e+09 -2.736483573913574219e+00 -1.048817539215088068e+01 -6.469686627388000488e-01 0.000000000000000000e+00 0.000000000000000000e+00 0.000000000000000000e+00 1.000000000000000000e+00
1.716201468996715784e+09 -2.746235847473144531e+00 -1.051178169250488459e+01 -6.426350474357604980e-01 0.000000000000000000e+00 0.000000000000000000e+00 0.000000000000000000e+00 1.000000000000000000e+00
1.716201469046882629e+09 -2.755168437957764116e+00 -1.053548526763916016e+01 -6.388360261917114258e-01 0.000000000000000000e+00 0.000000000000000000e+00 0.000000000000000000e+00 1.000000000000000000e+00
1.716201469097503662e+09 -2.764148712158203125e+00 -1.056113910675048828e+01 -6.357193589210510254e-01 0.000000000000000000e+00 0.000000000000000000e+00 0.000000000000000000e+00 1.000000000000000000e+00
1.716201469147632360e+09 -2.772586584091186523e+00 -1.058589935302734375e+01 -6.324756145477294922e-01 0.000000000000000000e+00 0.000000000000000000e+00 0.000000000000000000e+00 1.000000000000000000e+00
1.716201469248000145e+09 -2.786482095718383789e+00 -1.063145828247070312e+01 -6.338888406753540039e-01 0.000000000000000000e+00 0.000000000000000000e+00 0.000000000000000000e+00 1.000000000000000000e+00
1.716201469298094273e+09 -2.802934169769287109e+00 -1.067999458312988459e+01 -6.274603605270385742e-01 0.000000000000000000e+00 0.000000000000000000e+00 0.000000000000000000e+00 1.000000000000000000e+00
1.716201469348551989e+09 -2.809786558151245117e+00 -1.070306587219238459e+01 -6.240934133529663086e-01 0.000000000000000000e+00 0.000000000000000000e+00 0.000000000000000000e+00 1.000000000000000000e+00
1.716201469448610306e+09 -2.826779365539550781e+00 -1.077183437347411932e+01 -6.209139227867126465e-01 0.000000000000000000e+00 0.000000000000000000e+00 0.000000000000000000e+00 1.000000000000000000e+00
1.716201469498708725e+09 -2.831840276718140093e+00 -1.079643726348876953e+01 -6.174060106277465820e-01 0.000000000000000000e+00 0.000000000000000000e+00 0.000000000000000000e+00 1.000000000000000000e+00
1.716201469548895836e+09 -2.836920261383056641e+00 -1.082208824157714844e+01 -6.138603091239929199e-01 0.000000000000000000e+00 0.000000000000000000e+00 0.000000000000000000e+00 1.000000000000000000e+00
1.716201469649735928e+09 -2.852567195892333984e+00 -1.089632415771484375e+01 -6.111618876457214355e-01 0.000000000000000000e+00 0.000000000000000000e+00 0.000000000000000000e+00 1.000000000000000000e+00
1.716201469699559212e+09 -2.857340574264526367e+00 -1.092406177520751953e+01 -6.080145239830017090e-01 0.000000000000000000e+00 0.000000000000000000e+00 0.000000000000000000e+00 1.000000000000000000e+00
1.716201469749987125e+09 -2.861835718154907227e+00 -1.095089817047119141e+01 -6.044305562973022461e-01 0.000000000000000000e+00 0.000000000000000000e+00 0.000000000000000000e+00 1.000000000000000000e+00
1.716201469799889803e+09 -2.866743564605712891e+00 -1.097961521148681641e+01 -6.014040112495422363e-01 0.000000000000000000e+00 0.000000000000000000e+00 0.000000000000000000e+00 1.000000000000000000e+00
1.716201469899880886e+09 -2.881613731384277344e+00 -1.106131458282470881e+01 -5.988428592681884766e-01 0.000000000000000000e+00 0.000000000000000000e+00 0.000000000000000000e+00 1.000000000000000000e+00
1.716201469949860096e+09 -2.886191844940185103e+00 -1.108940124511718750e+01 -5.939217805862426758e-01 0.000000000000000000e+00 0.000000000000000000e+00 0.000000000000000000e+00 1.000000000000000000e+00
1.716201470050489426e+09 -2.899498701095581055e+00 -1.114411926269531250e+01 -5.859504938125610352e-01 0.000000000000000000e+00 0.000000000000000000e+00 0.000000000000000000e+00 1.000000000000000000e+00
1.716201470150672436e+09 -2.914552927017211914e+00 -1.119788074493408203e+01 -5.862540006637573242e-01 0.000000000000000000e+00 0.000000000000000000e+00 0.000000000000000000e+00 1.000000000000000000e+00
1.716201470200816870e+09 -2.923219680786132812e+00 -1.122381305694580078e+01 -5.813702344894409180e-01 0.000000000000000000e+00 0.000000000000000000e+00 0.000000000000000000e+00 1.000000000000000000e+00
1.716201470251060486e+09 -2.944934844970703125e+00 -1.127331256866455078e+01 -5.724122524261474609e-01 0.000000000000000000e+00 0.000000000000000000e+00 0.000000000000000000e+00 1.000000000000000000e+00
1.716201470401517391e+09 -2.995029687881469727e+00 -1.136814212799072443e+01 -5.673596858978271484e-01 0.000000000000000000e+00 0.000000000000000000e+00 0.000000000000000000e+00 1.000000000000000000e+00
1.716201470451623917e+09 -3.011657714843750000e+00 -1.139347553253173828e+01 -5.655298233032226562e-01 0.000000000000000000e+00 0.000000000000000000e+00 0.000000000000000000e+00 1.000000000000000000e+00
1.716201470552076101e+09 -3.036250829696655718e+00 -1.144514846801757812e+01 -5.689268708229064941e-01 0.000000000000000000e+00 0.000000000000000000e+00 0.000000000000000000e+00 1.000000000000000000e+00
1.716201470602739096e+09 -3.073662996292114258e+00 -1.149196529388427557e+01 -5.685151815414428711e-01 0.000000000000000000e+00 0.000000000000000000e+00 0.000000000000000000e+00 1.000000000000000000e+00
1.716201470652395725e+09 -3.094000577926636186e+00 -1.151565933227539062e+01 -5.700224041938781738e-01 0.000000000000000000e+00 0.000000000000000000e+00 0.000000000000000000e+00 1.000000000000000000e+00
1.716201470702841997e+09 -3.114365100860596147e+00 -1.153720760345458984e+01 -5.716447234153747559e-01 0.000000000000000000e+00 0.000000000000000000e+00 0.000000000000000000e+00 1.000000000000000000e+00
1.716201470803982019e+09 -3.164099454879760742e+00 -1.160574722290039062e+01 -5.832923054695129395e-01 0.000000000000000000e+00 0.000000000000000000e+00 0.000000000000000000e+00 1.000000000000000000e+00
1.716201470903907776e+09 -3.185053348541260210e+00 -1.162640762329101562e+01 -5.886912345886230469e-01 0.000000000000000000e+00 0.000000000000000000e+00 0.000000000000000000e+00 1.000000000000000000e+00
1.716201471405836821e+09 -3.450690269470214844e+00 -1.194294548034667969e+01 -7.562928199768066406e-01 0.000000000000000000e+00 0.000000000000000000e+00 0.000000000000000000e+00 1.000000000000000000e+00
1.716201471456663132e+09 -3.472656726837158203e+00 -1.196748828887939631e+01 -7.776154279708862305e-01 0.000000000000000000e+00 0.000000000000000000e+00 0.000000000000000000e+00 1.000000000000000000e+00
1.716201471507190704e+09 -3.494882106781005859e+00 -1.199184131622314453e+01 -7.993452548980712891e-01 0.000000000000000000e+00 0.000000000000000000e+00 0.000000000000000000e+00 1.000000000000000000e+00
1.716201471558373213e+09 -3.516918182373046875e+00 -1.201311302185058594e+01 -8.206472396850585938e-01 0.000000000000000000e+00 0.000000000000000000e+00 0.000000000000000000e+00 1.000000000000000000e+00
1.716201471657181501e+09 -3.545979499816894531e+00 -1.206023025512695135e+01 -8.454214930534362793e-01 0.000000000000000000e+00 0.000000000000000000e+00 0.000000000000000000e+00 1.000000000000000000e+00
1.716201471706758261e+09 -3.589904546737670898e+00 -1.210278034210205078e+01 -8.817807435989379883e-01 0.000000000000000000e+00 0.000000000000000000e+00 0.000000000000000000e+00 1.000000000000000000e+00
1.716201471756848812e+09 -3.612167358398437500e+00 -1.212171268463134766e+01 -8.976666331291198730e-01 0.000000000000000000e+00 0.000000000000000000e+00 0.000000000000000000e+00 1.000000000000000000e+00
1.716201471857863903e+09 -3.644318103790283203e+00 -1.217165184020995916e+01 -9.189178943634032093e-01 0.000000000000000000e+00 0.000000000000000000e+00 0.000000000000000000e+00 1.000000000000000000e+00
1.716201471908232927e+09 -3.689466476440429688e+00 -1.221156978607177557e+01 -9.439796805381776013e-01 0.000000000000000000e+00 0.000000000000000000e+00 0.000000000000000000e+00 1.000000000000000000e+00
1.716201471957487345e+09 -3.712683916091918945e+00 -1.223018264770507812e+01 -9.540888071060179554e-01 0.000000000000000000e+00 0.000000000000000000e+00 0.000000000000000000e+00 1.000000000000000000e+00
1.716201472057591438e+09 -3.765678167343140093e+00 -1.229115581512451172e+01 -9.729169607162475586e-01 0.000000000000000000e+00 0.000000000000000000e+00 0.000000000000000000e+00 1.000000000000000000e+00
1.716201472107905865e+09 -3.788102388381958008e+00 -1.230903911590576172e+01 -9.768742918968199573e-01 0.000000000000000000e+00 0.000000000000000000e+00 0.000000000000000000e+00 1.000000000000000000e+00
1.716201472158071518e+09 -3.810612678527832031e+00 -1.232731246948242188e+01 -9.786362648010253906e-01 0.000000000000000000e+00 0.000000000000000000e+00 0.000000000000000000e+00 1.000000000000000000e+00
1.716201472662513494e+09 -4.015027523040772373e+00 -1.247366523742675781e+01 -8.983227014541625977e-01 0.000000000000000000e+00 0.000000000000000000e+00 0.000000000000000000e+00 1.000000000000000000e+00
1.716201472712047577e+09 -4.031373023986816406e+00 -1.247851943969726562e+01 -8.843759894371032715e-01 0.000000000000000000e+00 0.000000000000000000e+00 0.000000000000000000e+00 1.000000000000000000e+00
1.716201472760507107e+09 -4.048644065856933594e+00 -1.248513889312743963e+01 -8.706185817718505859e-01 0.000000000000000000e+00 0.000000000000000000e+00 0.000000000000000000e+00 1.000000000000000000e+00
1.716201472811307669e+09 -4.066033363342285156e+00 -1.249060726165771662e+01 -8.569067716598510742e-01 0.000000000000000000e+00 0.000000000000000000e+00 0.000000000000000000e+00 1.000000000000000000e+00
1.716201472911542892e+09 -4.101970672607421875e+00 -1.249781322479248047e+01 -8.296723365783691406e-01 0.000000000000000000e+00 0.000000000000000000e+00 0.000000000000000000e+00 1.000000000000000000e+00
1.716201472961902380e+09 -4.119083404541015625e+00 -1.249796962738037287e+01 -8.156750798225402832e-01 0.000000000000000000e+00 0.000000000000000000e+00 0.000000000000000000e+00 1.000000000000000000e+00
1.716201473012701035e+09 -4.136302947998046875e+00 -1.249797534942626953e+01 -8.021007180213928223e-01 0.000000000000000000e+00 0.000000000000000000e+00 0.000000000000000000e+00 1.000000000000000000e+00
1.716201473063199282e+09 -4.153768539428710938e+00 -1.249672508239745916e+01 -7.888992428779602051e-01 0.000000000000000000e+00 0.000000000000000000e+00 0.000000000000000000e+00 1.000000000000000000e+00
1.716201473113148928e+09 -4.172268390655517578e+00 -1.249499511718750000e+01 -7.762254476547241211e-01 0.000000000000000000e+00 0.000000000000000000e+00 0.000000000000000000e+00 1.000000000000000000e+00
1.716201473162471771e+09 -4.190161705017089844e+00 -1.249116325378417969e+01 -7.642515897750854492e-01 0.000000000000000000e+00 0.000000000000000000e+00 0.000000000000000000e+00 1.000000000000000000e+00
1.716201473213534832e+09 -4.208071708679199219e+00 -1.248619556427001953e+01 -7.524018287658691406e-01 0.000000000000000000e+00 0.000000000000000000e+00 0.000000000000000000e+00 1.000000000000000000e+00
1.716201473262741566e+09 -4.225195407867431641e+00 -1.247919273376464844e+01 -7.412286400794982910e-01 0.000000000000000000e+00 0.000000000000000000e+00 0.000000000000000000e+00 1.000000000000000000e+00
1.716201473313457489e+09 -4.243088722229003906e+00 -1.247379207611083984e+01 -7.314168810844421387e-01 0.000000000000000000e+00 0.000000000000000000e+00 0.000000000000000000e+00 1.000000000000000000e+00
1.716201473362848997e+09 -4.264183044433593750e+00 -1.246838092803955078e+01 -7.213374376296997070e-01 0.000000000000000000e+00 0.000000000000000000e+00 0.000000000000000000e+00 1.000000000000000000e+00
1.716201473413121939e+09 -4.283870220184326172e+00 -1.246216773986816406e+01 -7.122095823287963867e-01 0.000000000000000000e+00 0.000000000000000000e+00 0.000000000000000000e+00 1.000000000000000000e+00
1.716201473463291883e+09 -4.304235935211181641e+00 -1.245355606079101562e+01 -7.029567360877990723e-01 0.000000000000000000e+00 0.000000000000000000e+00 0.000000000000000000e+00 1.000000000000000000e+00
1.716201473513466120e+09 -4.325612068176269531e+00 -1.244549751281738459e+01 -6.944091320037841797e-01 0.000000000000000000e+00 0.000000000000000000e+00 0.000000000000000000e+00 1.000000000000000000e+00
1.716201473565152884e+09 -4.347376346588134766e+00 -1.243608093261718750e+01 -6.864433884620666504e-01 0.000000000000000000e+00 0.000000000000000000e+00 0.000000000000000000e+00 1.000000000000000000e+00
1.716201473614349842e+09 -4.368669033050537109e+00 -1.242662334442138850e+01 -6.793810725212097168e-01 0.000000000000000000e+00 0.000000000000000000e+00 0.000000000000000000e+00 1.000000000000000000e+00
1.716201473664170504e+09 -4.411356925964356357e+00 -1.240510272979736328e+01 -6.668599247932434082e-01 0.000000000000000000e+00 0.000000000000000000e+00 0.000000000000000000e+00 1.000000000000000000e+00
1.716201473764162302e+09 -4.431130409240722656e+00 -1.238633823394775391e+01 -6.599415540695190430e-01 0.000000000000000000e+00 0.000000000000000000e+00 0.000000000000000000e+00 1.000000000000000000e+00
1.716201473814376354e+09 -4.451771736145020419e+00 -1.237330722808838068e+01 -6.551196575164794922e-01 0.000000000000000000e+00 0.000000000000000000e+00 0.000000000000000000e+00 1.000000000000000000e+00
1.716201473915233612e+09 -4.491565704345703125e+00 -1.233813667297363281e+01 -6.443517804145812988e-01 0.000000000000000000e+00 0.000000000000000000e+00 0.000000000000000000e+00 1.000000000000000000e+00
1.716201473964942932e+09 -4.512146472930908203e+00 -1.232278251647949219e+01 -6.397811174392700195e-01 0.000000000000000000e+00 0.000000000000000000e+00 0.000000000000000000e+00 1.000000000000000000e+00
1.716201474065475941e+09 -4.554100036621093750e+00 -1.228941631317138850e+01 -6.309493780136108398e-01 0.000000000000000000e+00 0.000000000000000000e+00 0.000000000000000000e+00 1.000000000000000000e+00
1.716201474115963459e+09 -4.574673175811767578e+00 -1.227165222167968750e+01 -6.269421577453613281e-01 0.000000000000000000e+00 0.000000000000000000e+00 0.000000000000000000e+00 1.000000000000000000e+00
1.716201474216028214e+09 -4.590882301330566406e+00 -1.224387168884277166e+01 -6.211865544319152832e-01 0.000000000000000000e+00 0.000000000000000000e+00 0.000000000000000000e+00 1.000000000000000000e+00
1.716201474266125202e+09 -4.632020473480224609e+00 -1.220490932464599609e+01 -6.127213239669799805e-01 0.000000000000000000e+00 0.000000000000000000e+00 0.000000000000000000e+00 1.000000000000000000e+00
1.716201474316263914e+09 -4.652188301086425781e+00 -1.218392944335937678e+01 -6.081382036209106445e-01 0.000000000000000000e+00 0.000000000000000000e+00 0.000000000000000000e+00 1.000000000000000000e+00
1.716201474416974783e+09 -4.686129570007324219e+00 -1.212834644317626953e+01 -5.968581438064575195e-01 0.000000000000000000e+00 0.000000000000000000e+00 0.000000000000000000e+00 1.000000000000000000e+00
1.716201474466663837e+09 -4.704890727996826172e+00 -1.210667896270751953e+01 -5.921484231948852539e-01 0.000000000000000000e+00 0.000000000000000000e+00 0.000000000000000000e+00 1.000000000000000000e+00
1.716201474516787291e+09 -4.723648548126220703e+00 -1.208501052856445135e+01 -5.871320962905883789e-01 0.000000000000000000e+00 0.000000000000000000e+00 0.000000000000000000e+00 1.000000000000000000e+00
1.716201474566909552e+09 -4.742275714874267578e+00 -1.206238079071044922e+01 -5.813653469085693359e-01 0.000000000000000000e+00 0.000000000000000000e+00 0.000000000000000000e+00 1.000000000000000000e+00
1.716201474667229652e+09 -4.755241870880126953e+00 -1.202604866027832031e+01 -5.729758143424987793e-01 0.000000000000000000e+00 0.000000000000000000e+00 0.000000000000000000e+00 1.000000000000000000e+00
1.716201474721202374e+09 -4.772321224212647373e+00 -1.200396919250488459e+01 -5.669389367103576660e-01 0.000000000000000000e+00 0.000000000000000000e+00 0.000000000000000000e+00 1.000000000000000000e+00
1.716201474767804384e+09 -4.809008121490479404e+00 -1.195668315887451172e+01 -5.535761117935180664e-01 0.000000000000000000e+00 0.000000000000000000e+00 0.000000000000000000e+00 1.000000000000000000e+00
1.716201474868031979e+09 -4.821127414703369141e+00 -1.191832256317138850e+01 -5.449952483177185059e-01 0.000000000000000000e+00 0.000000000000000000e+00 0.000000000000000000e+00 1.000000000000000000e+00
1.716201474918256998e+09 -4.837276935577392578e+00 -1.189415645599365234e+01 -5.393664240837097168e-01 0.000000000000000000e+00 0.000000000000000000e+00 0.000000000000000000e+00 1.000000000000000000e+00
1.716201474968446255e+09 -4.867034912109375000e+00 -1.184730529785156250e+01 -5.311198234558105469e-01 0.000000000000000000e+00 0.000000000000000000e+00 0.000000000000000000e+00 1.000000000000000000e+00
1.716201475070461273e+09 -4.889778137207031250e+00 -1.178654861450195135e+01 -5.240662693977355957e-01 0.000000000000000000e+00 0.000000000000000000e+00 0.000000000000000000e+00 1.000000000000000000e+00
1.716201475119670630e+09 -4.904267311096191406e+00 -1.176307106018066406e+01 -5.235385894775390625e-01 0.000000000000000000e+00 0.000000000000000000e+00 0.000000000000000000e+00 1.000000000000000000e+00
1.716201475169007063e+09 -4.918951511383056641e+00 -1.173923397064208984e+01 -5.243923068046569824e-01 0.000000000000000000e+00 0.000000000000000000e+00 0.000000000000000000e+00 1.000000000000000000e+00
1.716201475522169352e+09 -4.980809688568115234e+00 -1.153619670867919922e+01 -5.535150766372680664e-01 0.000000000000000000e+00 0.000000000000000000e+00 0.000000000000000000e+00 1.000000000000000000e+00
1.716201475570602417e+09 -4.987752914428710938e+00 -1.150980091094970881e+01 -5.609643459320068359e-01 0.000000000000000000e+00 0.000000000000000000e+00 0.000000000000000000e+00 1.000000000000000000e+00
1.716201475620894670e+09 -4.992834568023681641e+00 -1.148308753967285156e+01 -5.683410763740539551e-01 0.000000000000000000e+00 0.000000000000000000e+00 0.000000000000000000e+00 1.000000000000000000e+00
1.716201475722933292e+09 -4.990303516387940341e+00 -1.143901348114013672e+01 -5.737257003784179688e-01 0.000000000000000000e+00 0.000000000000000000e+00 0.000000000000000000e+00 1.000000000000000000e+00
1.716201475771542311e+09 -4.996518611907958984e+00 -1.138566112518310369e+01 -5.906485915184020996e-01 0.000000000000000000e+00 0.000000000000000000e+00 0.000000000000000000e+00 1.000000000000000000e+00
1.716201475821994305e+09 -4.996682643890380859e+00 -1.135857963562011541e+01 -5.990848541259765625e-01 0.000000000000000000e+00 0.000000000000000000e+00 0.000000000000000000e+00 1.000000000000000000e+00
1.716201475922092438e+09 -4.986797332763671875e+00 -1.130984401702880859e+01 -6.045980453491210938e-01 0.000000000000000000e+00 0.000000000000000000e+00 0.000000000000000000e+00 1.000000000000000000e+00
1.716201475972332239e+09 -4.981995582580566406e+00 -1.125260543823242188e+01 -6.256760358810424805e-01 0.000000000000000000e+00 0.000000000000000000e+00 0.000000000000000000e+00 1.000000000000000000e+00
1.716201476023137569e+09 -4.976978778839111328e+00 -1.122301578521728338e+01 -6.355189085006713867e-01 0.000000000000000000e+00 0.000000000000000000e+00 0.000000000000000000e+00 1.000000000000000000e+00
1.716201476122973919e+09 -4.959910392761231357e+00 -1.116824817657470881e+01 -6.422562003135681152e-01 0.000000000000000000e+00 0.000000000000000000e+00 0.000000000000000000e+00 1.000000000000000000e+00
1.716201476172922134e+09 -4.951883792877197266e+00 -1.113535881042480469e+01 -6.528528332710266113e-01 0.000000000000000000e+00 0.000000000000000000e+00 0.000000000000000000e+00 1.000000000000000000e+00
1.716201476223240376e+09 -4.933143138885498047e+00 -1.106916332244873047e+01 -6.762144565582275391e-01 0.000000000000000000e+00 0.000000000000000000e+00 0.000000000000000000e+00 1.000000000000000000e+00
1.716201476273303986e+09 -4.920937061309815341e+00 -1.103427982330322443e+01 -6.890391111373901367e-01 0.000000000000000000e+00 0.000000000000000000e+00 0.000000000000000000e+00 1.000000000000000000e+00
1.716201476373638868e+09 -4.893366813659667969e+00 -1.096726322174072443e+01 -6.962750554084777832e-01 0.000000000000000000e+00 0.000000000000000000e+00 0.000000000000000000e+00 1.000000000000000000e+00
1.716201476423809528e+09 -4.861852169036865234e+00 -1.088910293579101562e+01 -7.231801152229309082e-01 0.000000000000000000e+00 0.000000000000000000e+00 0.000000000000000000e+00 1.000000000000000000e+00
1.716201476473955870e+09 -4.829647541046142578e+00 -1.081386280059814453e+01 -7.311605215072631836e-01 0.000000000000000000e+00 0.000000000000000000e+00 0.000000000000000000e+00 1.000000000000000000e+00
1.716201476524105310e+09 -4.813169479370117188e+00 -1.077375316619873047e+01 -7.452538013458251953e-01 0.000000000000000000e+00 0.000000000000000000e+00 0.000000000000000000e+00 1.000000000000000000e+00
1.716201476574257135e+09 -4.796298980712890625e+00 -1.073343944549560369e+01 -7.609522938728332520e-01 0.000000000000000000e+00 0.000000000000000000e+00 0.000000000000000000e+00 1.000000000000000000e+00
1.716201476624802828e+09 -4.777410507202148438e+00 -1.068957424163818359e+01 -7.763634324073791504e-01 0.000000000000000000e+00 0.000000000000000000e+00 0.000000000000000000e+00 1.000000000000000000e+00
1.716201476676494122e+09 -4.740382194519042969e+00 -1.060526275634765625e+01 -7.837248444557189941e-01 0.000000000000000000e+00 0.000000000000000000e+00 0.000000000000000000e+00 1.000000000000000000e+00
1.716201476727613449e+09 -4.719918251037597656e+00 -1.055637454986572443e+01 -7.992913126945495605e-01 0.000000000000000000e+00 0.000000000000000000e+00 0.000000000000000000e+00 1.000000000000000000e+00
1.716201476775302649e+09 -4.700849533081054688e+00 -1.050883007049560369e+01 -8.157933950424194336e-01 0.000000000000000000e+00 0.000000000000000000e+00 0.000000000000000000e+00 1.000000000000000000e+00
1.716201476825302124e+09 -4.681846618652343750e+00 -1.045908546447754084e+01 -8.317076563835144043e-01 0.000000000000000000e+00 0.000000000000000000e+00 0.000000000000000000e+00 1.000000000000000000e+00
1.716201476875397682e+09 -4.662807941436767578e+00 -1.040698337554931641e+01 -8.479371070861816406e-01 0.000000000000000000e+00 0.000000000000000000e+00 0.000000000000000000e+00 1.000000000000000000e+00
1.716201476925579071e+09 -4.644615173339843750e+00 -1.035546302795410156e+01 -8.645495772361755371e-01 0.000000000000000000e+00 0.000000000000000000e+00 0.000000000000000000e+00 1.000000000000000000e+00
1.716201477026182652e+09 -4.586436748504638672e+00 -1.019747543334960938e+01 -8.860455155372619629e-01 0.000000000000000000e+00 0.000000000000000000e+00 0.000000000000000000e+00 1.000000000000000000e+00
1.716201477076350212e+09 -4.568924427032470703e+00 -1.013959980010986328e+01 -9.035600423812866211e-01 0.000000000000000000e+00 0.000000000000000000e+00 0.000000000000000000e+00 1.000000000000000000e+00
1.716201477126501560e+09 -4.529136180877685547e+00 -1.003192329406738459e+01 -9.080236554145811878e-01 0.000000000000000000e+00 0.000000000000000000e+00 0.000000000000000000e+00 1.000000000000000000e+00
1.716201477227036476e+09 -4.510672092437744141e+00 -9.969288825988769531e+00 -9.229903221130372204e-01 0.000000000000000000e+00 0.000000000000000000e+00 0.000000000000000000e+00 1.000000000000000000e+00
1.716201477276950359e+09 -4.493602752685546875e+00 -9.907470703125000000e+00 -9.362639784812928356e-01 0.000000000000000000e+00 0.000000000000000000e+00 0.000000000000000000e+00 1.000000000000000000e+00
1.716201477328148842e+09 -4.462218761444091797e+00 -9.778644561767578125e+00 -9.640306830406187855e-01 0.000000000000000000e+00 0.000000000000000000e+00 0.000000000000000000e+00 1.000000000000000000e+00
1.716201477377353907e+09 -4.425096988677978516e+00 -9.665747642517089844e+00 -9.646577239036560059e-01 0.000000000000000000e+00 0.000000000000000000e+00 0.000000000000000000e+00 1.000000000000000000e+00
1.716201477477716446e+09 -4.399933815002441406e+00 -9.538937568664550781e+00 -9.887990951538085938e-01 0.000000000000000000e+00 0.000000000000000000e+00 0.000000000000000000e+00 1.000000000000000000e+00
1.716201477527902603e+09 -4.391197204589843750e+00 -9.477752685546876776e+00 -1.000187039375305176e+00 0.000000000000000000e+00 0.000000000000000000e+00 0.000000000000000000e+00 1.000000000000000000e+00
1.716201477578915358e+09 -4.375621795654296875e+00 -9.351819038391111505e+00 -1.019116640090942383e+00 0.000000000000000000e+00 0.000000000000000000e+00 0.000000000000000000e+00 1.000000000000000000e+00
1.716201477679746628e+09 -4.344008922576904297e+00 -9.238742828369140625e+00 -1.012857556343078613e+00 0.000000000000000000e+00 0.000000000000000000e+00 0.000000000000000000e+00 1.000000000000000000e+00
1.716201477729030371e+09 -4.336947441101074219e+00 -9.176546096801757812e+00 -1.019426226615905762e+00 0.000000000000000000e+00 0.000000000000000000e+00 0.000000000000000000e+00 1.000000000000000000e+00
1.716201477829334021e+09 -4.305662155151367188e+00 -9.008545875549316406e+00 -1.016531705856323242e+00 0.000000000000000000e+00 0.000000000000000000e+00 0.000000000000000000e+00 1.000000000000000000e+00
1.716201477929360151e+09 -4.302849769592285156e+00 -8.949758529663085938e+00 -1.018990159034729004e+00 0.000000000000000000e+00 0.000000000000000000e+00 0.000000000000000000e+00 1.000000000000000000e+00
1.716201477979403257e+09 -4.290633678436279297e+00 -8.778990745544433594e+00 -1.015403985977172852e+00 0.000000000000000000e+00 0.000000000000000000e+00 0.000000000000000000e+00 1.000000000000000000e+00
1.716201478080193996e+09 -4.264839172363281250e+00 -8.686916351318359375e+00 -9.996692538261413574e-01 0.000000000000000000e+00 0.000000000000000000e+00 0.000000000000000000e+00 1.000000000000000000e+00
1.716201478129732132e+09 -4.248795986175537109e+00 -8.584980964660644531e+00 -9.853105545043944202e-01 0.000000000000000000e+00 0.000000000000000000e+00 0.000000000000000000e+00 1.000000000000000000e+00
1.716201478230034113e+09 -4.240531444549560547e+00 -8.539869308471679688e+00 -9.760700464248656116e-01 0.000000000000000000e+00 0.000000000000000000e+00 0.000000000000000000e+00 1.000000000000000000e+00
1.716201478280201912e+09 -4.214091300964356357e+00 -8.460098266601562500e+00 -9.542965888977051891e-01 0.000000000000000000e+00 0.000000000000000000e+00 0.000000000000000000e+00 1.000000000000000000e+00
1.716201478330370665e+09 -4.209139823913574219e+00 -8.424409866333007812e+00 -9.425322413444520153e-01 0.000000000000000000e+00 0.000000000000000000e+00 0.000000000000000000e+00 1.000000000000000000e+00
1.716201478933397293e+09 -3.921171188354492188e+00 -7.990883350372313565e+00 -6.950390338897705078e-01 0.000000000000000000e+00 0.000000000000000000e+00 0.000000000000000000e+00 1.000000000000000000e+00
1.716201478982931852e+09 -3.891117811203002930e+00 -7.971982002258300781e+00 -6.795451045036315918e-01 0.000000000000000000e+00 0.000000000000000000e+00 0.000000000000000000e+00 1.000000000000000000e+00
1.716201479033595085e+09 -3.828171730041503906e+00 -7.934994697570800781e+00 -6.542934775352478027e-01 0.000000000000000000e+00 0.000000000000000000e+00 0.000000000000000000e+00 1.000000000000000000e+00
1.716201479135290861e+09 -3.783130645751953125e+00 -7.892808914184570312e+00 -6.369646191596984863e-01 0.000000000000000000e+00 0.000000000000000000e+00 0.000000000000000000e+00 1.000000000000000000e+00
1.716201479233996391e+09 -3.749987125396728960e+00 -7.876664161682128906e+00 -6.286513805389404297e-01 0.000000000000000000e+00 0.000000000000000000e+00 0.000000000000000000e+00 1.000000000000000000e+00
1.716201479284284830e+09 -3.646250247955321822e+00 -7.826159954071044922e+00 -6.132175326347351074e-01 0.000000000000000000e+00 0.000000000000000000e+00 0.000000000000000000e+00 1.000000000000000000e+00
1.716201479434444189e+09 -3.557438135147094727e+00 -7.749725818634033203e+00 -5.989754199981689453e-01 0.000000000000000000e+00 0.000000000000000000e+00 0.000000000000000000e+00 1.000000000000000000e+00
1.716201479534873247e+09 -3.493321895599364790e+00 -7.730947971343994141e+00 -6.091001629829406738e-01 0.000000000000000000e+00 0.000000000000000000e+00 0.000000000000000000e+00 1.000000000000000000e+00
1.716201479584819317e+09 -3.428329467773437056e+00 -7.698071002960205078e+00 -6.213110685348510742e-01 0.000000000000000000e+00 0.000000000000000000e+00 0.000000000000000000e+00 1.000000000000000000e+00
1.716201479736450672e+09 -3.354205131530761719e+00 -7.640856266021727627e+00 -6.328907012939453125e-01 0.000000000000000000e+00 0.000000000000000000e+00 0.000000000000000000e+00 1.000000000000000000e+00
1.716201479785351992e+09 -3.289428949356079102e+00 -7.602985382080078125e+00 -6.519500613212585449e-01 0.000000000000000000e+00 0.000000000000000000e+00 0.000000000000000000e+00 1.000000000000000000e+00
1.716201479835435867e+09 -3.260456800460815430e+00 -7.591934204101561612e+00 -6.636585593223571777e-01 0.000000000000000000e+00 0.000000000000000000e+00 0.000000000000000000e+00 1.000000000000000000e+00
1.716201479936001301e+09 -3.230297088623046875e+00 -7.580246448516845703e+00 -6.750770807266235352e-01 0.000000000000000000e+00 0.000000000000000000e+00 0.000000000000000000e+00 1.000000000000000000e+00
1.716201479986027002e+09 -3.177747964859008789e+00 -7.556266307830809659e+00 -6.914470195770263672e-01 0.000000000000000000e+00 0.000000000000000000e+00 0.000000000000000000e+00 1.000000000000000000e+00
1.716201480086346865e+09 -3.121793508529663086e+00 -7.521925926208496094e+00 -7.010135054588317871e-01 0.000000000000000000e+00 0.000000000000000000e+00 0.000000000000000000e+00 1.000000000000000000e+00
1.716201480136875629e+09 -3.098453521728516069e+00 -7.514285564422607422e+00 -7.065514922142028809e-01 0.000000000000000000e+00 0.000000000000000000e+00 0.000000000000000000e+00 1.000000000000000000e+00
1.716201480236962795e+09 -3.071059942245483398e+00 -7.494959831237792969e+00 -7.077590823173522949e-01 0.000000000000000000e+00 0.000000000000000000e+00 0.000000000000000000e+00 1.000000000000000000e+00
1.716201480287125826e+09 -3.049391746520996094e+00 -7.488150119781494141e+00 -7.115677595138549805e-01 0.000000000000000000e+00 0.000000000000000000e+00 0.000000000000000000e+00 1.000000000000000000e+00
1.716201480337699175e+09 -3.028764963150024414e+00 -7.482077598571777344e+00 -7.150737047195434570e-01 0.000000000000000000e+00 0.000000000000000000e+00 0.000000000000000000e+00 1.000000000000000000e+00
1.716201480387644529e+09 -2.989593267440795898e+00 -7.473356246948242188e+00 -7.223448753356933594e-01 0.000000000000000000e+00 0.000000000000000000e+00 0.000000000000000000e+00 1.000000000000000000e+00
1.716201480487988710e+09 -2.950131654739379883e+00 -7.459318637847900391e+00 -7.285545468330383301e-01 0.000000000000000000e+00 0.000000000000000000e+00 0.000000000000000000e+00 1.000000000000000000e+00
1.716201480588345051e+09 -2.914770603179932085e+00 -7.453955650329589844e+00 -7.371385693550109863e-01 0.000000000000000000e+00 0.000000000000000000e+00 0.000000000000000000e+00 1.000000000000000000e+00
1.716201480740219593e+09 -2.855404853820800781e+00 -7.440951824188232422e+00 -7.495958209037780762e-01 0.000000000000000000e+00 0.000000000000000000e+00 0.000000000000000000e+00 1.000000000000000000e+00
1.716201480789144754e+09 -2.835213184356689009e+00 -7.438285827636718750e+00 -7.545722126960754395e-01 0.000000000000000000e+00 0.000000000000000000e+00 0.000000000000000000e+00 1.000000000000000000e+00
1.716201480839282274e+09 -2.815433263778686523e+00 -7.436272144317626953e+00 -7.603876590728759766e-01 0.000000000000000000e+00 0.000000000000000000e+00 0.000000000000000000e+00 1.000000000000000000e+00
1.716201480939640284e+09 -2.793489217758178711e+00 -7.428861141204833984e+00 -7.645416855812072754e-01 0.000000000000000000e+00 0.000000000000000000e+00 0.000000000000000000e+00 1.000000000000000000e+00
1.716201480989785194e+09 -2.752576589584350586e+00 -7.427183628082275391e+00 -7.765424847602844238e-01 0.000000000000000000e+00 0.000000000000000000e+00 0.000000000000000000e+00 1.000000000000000000e+00
1.716201481039919138e+09 -2.730606555938720703e+00 -7.426716327667236328e+00 -7.828736305236816406e-01 0.000000000000000000e+00 0.000000000000000000e+00 0.000000000000000000e+00 1.000000000000000000e+00
1.716201481140256166e+09 -2.707769393920898438e+00 -7.421490192413330078e+00 -7.874773740768432617e-01 0.000000000000000000e+00 0.000000000000000000e+00 0.000000000000000000e+00 1.000000000000000000e+00
1.716201481241726875e+09 -2.643655538558959961e+00 -7.420848369598388672e+00 -8.072092533111572266e-01 0.000000000000000000e+00 0.000000000000000000e+00 0.000000000000000000e+00 1.000000000000000000e+00
1.716201481340997458e+09 -2.620536804199218750e+00 -7.417598724365234375e+00 -8.120887875556945801e-01 0.000000000000000000e+00 0.000000000000000000e+00 0.000000000000000000e+00 1.000000000000000000e+00
1.716201481391340494e+09 -2.575465440750122070e+00 -7.422200202941894531e+00 -8.232390284538269043e-01 0.000000000000000000e+00 0.000000000000000000e+00 0.000000000000000000e+00 1.000000000000000000e+00
1.716201481491704464e+09 -2.527728796005249023e+00 -7.428302288055419922e+00 -8.315653800964355469e-01 0.000000000000000000e+00 0.000000000000000000e+00 0.000000000000000000e+00 1.000000000000000000e+00
1.716201481591913700e+09 -2.503222465515136719e+00 -7.431159019470214844e+00 -8.348982334136962891e-01 0.000000000000000000e+00 0.000000000000000000e+00 0.000000000000000000e+00 1.000000000000000000e+00
1.716201481642115593e+09 -2.458542823791503906e+00 -7.442789077758789062e+00 -8.418756127357482910e-01 0.000000000000000000e+00 0.000000000000000000e+00 0.000000000000000000e+00 1.000000000000000000e+00
1.716201481743748665e+09 -2.416499853134155718e+00 -7.456819534301757812e+00 -8.480294346809387207e-01 0.000000000000000000e+00 0.000000000000000000e+00 0.000000000000000000e+00 1.000000000000000000e+00
1.716201481842888355e+09 -2.397384881973266602e+00 -7.468358516693115234e+00 -8.518826365470886230e-01 0.000000000000000000e+00 0.000000000000000000e+00 0.000000000000000000e+00 1.000000000000000000e+00
1.716201481893086672e+09 -2.358718395233154297e+00 -7.488693237304686612e+00 -8.576923012733459473e-01 0.000000000000000000e+00 0.000000000000000000e+00 0.000000000000000000e+00 1.000000000000000000e+00
1.716201481993430614e+09 -2.341894626617432085e+00 -7.505663394927977627e+00 -8.622602224349975586e-01 0.000000000000000000e+00 0.000000000000000000e+00 0.000000000000000000e+00 1.000000000000000000e+00
1.716201482044015408e+09 -2.323286771774291992e+00 -7.518095970153808594e+00 -8.654450774192810059e-01 0.000000000000000000e+00 0.000000000000000000e+00 0.000000000000000000e+00 1.000000000000000000e+00
1.716201482093691349e+09 -2.288448095321655718e+00 -7.547216415405273438e+00 -8.727539181709289551e-01 0.000000000000000000e+00 0.000000000000000000e+00 0.000000000000000000e+00 1.000000000000000000e+00
1.716201482143982649e+09 -2.270725727081298828e+00 -7.562387943267822266e+00 -8.762077689170837402e-01 0.000000000000000000e+00 0.000000000000000000e+00 0.000000000000000000e+00 1.000000000000000000e+00
1.716201482244488716e+09 -2.258663892745972124e+00 -7.589805603027343750e+00 -8.836858868598937988e-01 0.000000000000000000e+00 0.000000000000000000e+00 0.000000000000000000e+00 1.000000000000000000e+00
1.716201482294705153e+09 -2.227845191955566406e+00 -7.626009464263916016e+00 -8.909463882446289062e-01 0.000000000000000000e+00 0.000000000000000000e+00 0.000000000000000000e+00 1.000000000000000000e+00
1.716201482344929934e+09 -2.213338851928710938e+00 -7.645779609680175781e+00 -8.933615684509277344e-01 0.000000000000000000e+00 0.000000000000000000e+00 0.000000000000000000e+00 1.000000000000000000e+00
1.716201482445075512e+09 -2.204388380050659180e+00 -7.682019710540771484e+00 -9.003764390945434570e-01 0.000000000000000000e+00 0.000000000000000000e+00 0.000000000000000000e+00 1.000000000000000000e+00
1.716201482495474100e+09 -2.194569110870361328e+00 -7.715680122375488281e+00 -9.058604836463928223e-01 0.000000000000000000e+00 0.000000000000000000e+00 0.000000000000000000e+00 1.000000000000000000e+00
1.716201482545779467e+09 -2.166112422943115234e+00 -7.750493526458740234e+00 -9.033338427543640137e-01 0.000000000000000000e+00 0.000000000000000000e+00 0.000000000000000000e+00 1.000000000000000000e+00
1.716201482646022797e+09 -2.148502349853516069e+00 -7.812740802764892578e+00 -9.068071842193603516e-01 0.000000000000000000e+00 0.000000000000000000e+00 0.000000000000000000e+00 1.000000000000000000e+00
1.716201482697098732e+09 -2.140526294708251953e+00 -7.838915348052977627e+00 -9.061135649681092419e-01 0.000000000000000000e+00 0.000000000000000000e+00 0.000000000000000000e+00 1.000000000000000000e+00
1.716201482747679710e+09 -2.131536483764648438e+00 -7.861608982086181641e+00 -9.034527540206908069e-01 0.000000000000000000e+00 0.000000000000000000e+00 0.000000000000000000e+00 1.000000000000000000e+00
1.716201482846882582e+09 -2.131335258483886719e+00 -7.910755634307861328e+00 -9.088358879089355469e-01 0.000000000000000000e+00 0.000000000000000000e+00 0.000000000000000000e+00 1.000000000000000000e+00
1.716201482896852016e+09 -2.125573158264160156e+00 -7.938745498657226562e+00 -9.069747924804687500e-01 0.000000000000000000e+00 0.000000000000000000e+00 0.000000000000000000e+00 1.000000000000000000e+00
1.716201482947197437e+09 -2.118697881698608398e+00 -7.996940135955809659e+00 -9.022209644317628063e-01 0.000000000000000000e+00 0.000000000000000000e+00 0.000000000000000000e+00 1.000000000000000000e+00
1.716201482997204065e+09 -2.116669893264770508e+00 -8.025463104248046875e+00 -8.985776305198669434e-01 0.000000000000000000e+00 0.000000000000000000e+00 0.000000000000000000e+00 1.000000000000000000e+00
1.716201483048840046e+09 -2.121249198913574219e+00 -8.080458641052246094e+00 -9.012784957885742188e-01 0.000000000000000000e+00 0.000000000000000000e+00 0.000000000000000000e+00 1.000000000000000000e+00
1.716201483097615719e+09 -2.120001316070556641e+00 -8.112442970275878906e+00 -8.959466218948364258e-01 0.000000000000000000e+00 0.000000000000000000e+00 0.000000000000000000e+00 1.000000000000000000e+00
1.716201483147739410e+09 -2.119227170944213867e+00 -8.145673751831054688e+00 -8.894807696342468262e-01 0.000000000000000000e+00 0.000000000000000000e+00 0.000000000000000000e+00 1.000000000000000000e+00
1.716201483197796106e+09 -2.118650197982788086e+00 -8.176718711853027344e+00 -8.828504085540771484e-01 0.000000000000000000e+00 0.000000000000000000e+00 0.000000000000000000e+00 1.000000000000000000e+00
1.716201483248456955e+09 -2.124374389648437056e+00 -8.233217239379882812e+00 -8.825884461402893066e-01 0.000000000000000000e+00 0.000000000000000000e+00 0.000000000000000000e+00 1.000000000000000000e+00
1.716201483298429489e+09 -2.124247789382934570e+00 -8.265318870544433594e+00 -8.753568530082702637e-01 0.000000000000000000e+00 0.000000000000000000e+00 0.000000000000000000e+00 1.000000000000000000e+00
1.716201483348766804e+09 -2.125146150588989258e+00 -8.299339294433593750e+00 -8.678563833236694336e-01 0.000000000000000000e+00 0.000000000000000000e+00 0.000000000000000000e+00 1.000000000000000000e+00
1.716201483398794889e+09 -2.127275466918945312e+00 -8.333142280578613281e+00 -8.598777651786804199e-01 0.000000000000000000e+00 0.000000000000000000e+00 0.000000000000000000e+00 1.000000000000000000e+00
1.716201483499182940e+09 -2.142118930816650391e+00 -8.431837081909179688e+00 -8.527080416679382324e-01 0.000000000000000000e+00 0.000000000000000000e+00 0.000000000000000000e+00 1.000000000000000000e+00
1.716201483549338579e+09 -2.146112680435180664e+00 -8.468482017517089844e+00 -8.439287543296813965e-01 0.000000000000000000e+00 0.000000000000000000e+00 0.000000000000000000e+00 1.000000000000000000e+00
1.716201483599712372e+09 -2.149469137191772461e+00 -8.502061843872070312e+00 -8.350934386253356934e-01 0.000000000000000000e+00 0.000000000000000000e+00 0.000000000000000000e+00 1.000000000000000000e+00
1.716201483649791718e+09 -2.153402566909790039e+00 -8.537443161010742188e+00 -8.268058300018310547e-01 0.000000000000000000e+00 0.000000000000000000e+00 0.000000000000000000e+00 1.000000000000000000e+00
1.716201483699873686e+09 -2.167257547378540039e+00 -8.608311653137207031e+00 -8.277199864387512207e-01 0.000000000000000000e+00 0.000000000000000000e+00 0.000000000000000000e+00 1.000000000000000000e+00
1.716201483750690222e+09 -2.172863721847534180e+00 -8.645137786865234375e+00 -8.201559782028198242e-01 0.000000000000000000e+00 0.000000000000000000e+00 0.000000000000000000e+00 1.000000000000000000e+00
1.716201483800315142e+09 -2.177751064300537109e+00 -8.680943489074707031e+00 -8.129838109016418457e-01 0.000000000000000000e+00 0.000000000000000000e+00 0.000000000000000000e+00 1.000000000000000000e+00
1.716201483850543261e+09 -2.182889699935913086e+00 -8.717593193054199219e+00 -8.062884211540222168e-01 0.000000000000000000e+00 0.000000000000000000e+00 0.000000000000000000e+00 1.000000000000000000e+00
1.716201483900777578e+09 -2.188708543777465820e+00 -8.755806922912597656e+00 -8.009881377220153809e-01 0.000000000000000000e+00 0.000000000000000000e+00 0.000000000000000000e+00 1.000000000000000000e+00
1.716201484001024246e+09 -2.202700376510620117e+00 -8.825734138488769531e+00 -8.047757148742675781e-01 0.000000000000000000e+00 0.000000000000000000e+00 0.000000000000000000e+00 1.000000000000000000e+00
1.716201484051260233e+09 -2.214375972747802734e+00 -8.899969100952148438e+00 -7.980746030807495117e-01 0.000000000000000000e+00 0.000000000000000000e+00 0.000000000000000000e+00 1.000000000000000000e+00
1.716201484101431131e+09 -2.220029830932617188e+00 -8.938383102416992188e+00 -7.959555983543395996e-01 0.000000000000000000e+00 0.000000000000000000e+00 0.000000000000000000e+00 1.000000000000000000e+00
1.716201484201781034e+09 -2.234905481338500977e+00 -9.012268066406250000e+00 -8.038769364356994629e-01 0.000000000000000000e+00 0.000000000000000000e+00 0.000000000000000000e+00 1.000000000000000000e+00
1.716201484251866817e+09 -2.247254371643066406e+00 -9.089211463928224433e+00 -8.020781278610229492e-01 0.000000000000000000e+00 0.000000000000000000e+00 0.000000000000000000e+00 1.000000000000000000e+00
1.716201484302104473e+09 -2.253212451934814453e+00 -9.128116607666015625e+00 -8.017063736915588379e-01 0.000000000000000000e+00 0.000000000000000000e+00 0.000000000000000000e+00 1.000000000000000000e+00
1.716201484402981043e+09 -2.266868591308593750e+00 -9.200046539306640625e+00 -8.099732995033264160e-01 0.000000000000000000e+00 0.000000000000000000e+00 0.000000000000000000e+00 1.000000000000000000e+00
1.716201484452728271e+09 -2.276405096054077148e+00 -9.281850814819335938e+00 -8.123450279235839844e-01 0.000000000000000000e+00 0.000000000000000000e+00 0.000000000000000000e+00 1.000000000000000000e+00
1.716201484553250551e+09 -2.282755851745605025e+00 -9.360647201538085938e+00 -8.170330524444580078e-01 0.000000000000000000e+00 0.000000000000000000e+00 0.000000000000000000e+00 1.000000000000000000e+00
1.716201484603544235e+09 -2.293996334075928178e+00 -9.435284614562988281e+00 -8.294124007225036621e-01 0.000000000000000000e+00 0.000000000000000000e+00 0.000000000000000000e+00 1.000000000000000000e+00
1.716201484653871059e+09 -2.295575618743896484e+00 -9.476112365722656250e+00 -8.338935971260070801e-01 0.000000000000000000e+00 0.000000000000000000e+00 0.000000000000000000e+00 1.000000000000000000e+00
1.716201484753906012e+09 -2.305489778518676758e+00 -9.595563888549804688e+00 -8.544777631759643555e-01 0.000000000000000000e+00 0.000000000000000000e+00 0.000000000000000000e+00 1.000000000000000000e+00
1.716201484803965092e+09 -2.305392265319824219e+00 -9.636384010314939630e+00 -8.605253696441650391e-01 0.000000000000000000e+00 0.000000000000000000e+00 0.000000000000000000e+00 1.000000000000000000e+00
1.716201484904634714e+09 -2.302715778350830078e+00 -9.717560768127439630e+00 -8.724774122238159180e-01 0.000000000000000000e+00 0.000000000000000000e+00 0.000000000000000000e+00 1.000000000000000000e+00
1.716201484954682589e+09 -2.300587654113769087e+00 -9.758818626403808594e+00 -8.785578608512878418e-01 0.000000000000000000e+00 0.000000000000000000e+00 0.000000000000000000e+00 1.000000000000000000e+00
1.716201485004841805e+09 -2.297461986541748047e+00 -9.800260543823242188e+00 -8.847841024398803711e-01 0.000000000000000000e+00 0.000000000000000000e+00 0.000000000000000000e+00 1.000000000000000000e+00
1.716201485056439400e+09 -2.302800416946411133e+00 -9.881690979003906250e+00 -9.006322622299194336e-01 0.000000000000000000e+00 0.000000000000000000e+00 0.000000000000000000e+00 1.000000000000000000e+00
1.716201485105952978e+09 -2.298315286636352539e+00 -9.922330856323242188e+00 -9.069766998291015625e-01 0.000000000000000000e+00 0.000000000000000000e+00 0.000000000000000000e+00 1.000000000000000000e+00
1.716201485155994892e+09 -2.293605566024780273e+00 -9.963914871215820312e+00 -9.139100909233092151e-01 0.000000000000000000e+00 0.000000000000000000e+00 0.000000000000000000e+00 1.000000000000000000e+00
1.716201485206304550e+09 -2.288657188415527788e+00 -1.000457000732422053e+01 -9.204739928245544434e-01 0.000000000000000000e+00 0.000000000000000000e+00 0.000000000000000000e+00 1.000000000000000000e+00
1.716201485305917740e+09 -2.293204307556152344e+00 -1.008606147766113281e+01 -9.365053772926331677e-01 0.000000000000000000e+00 0.000000000000000000e+00 0.000000000000000000e+00 1.000000000000000000e+00
1.716201485356456280e+09 -2.283789157867432085e+00 -1.017021751403808594e+01 -9.500703811645507812e-01 0.000000000000000000e+00 0.000000000000000000e+00 0.000000000000000000e+00 1.000000000000000000e+00
1.716201485406430483e+09 -2.279967308044433594e+00 -1.021560192108154475e+01 -9.574742317199708141e-01 0.000000000000000000e+00 0.000000000000000000e+00 0.000000000000000000e+00 1.000000000000000000e+00
1.716201485506989717e+09 -2.285014390945434570e+00 -1.029885196685791016e+01 -9.741739630699157715e-01 0.000000000000000000e+00 0.000000000000000000e+00 0.000000000000000000e+00 1.000000000000000000e+00
1.716201485558443069e+09 -2.279105424880981001e+00 -1.038397121429443359e+01 -9.886565804481506348e-01 0.000000000000000000e+00 0.000000000000000000e+00 0.000000000000000000e+00 1.000000000000000000e+00
1.716201485607411385e+09 -2.276994466781616211e+00 -1.042585277557373047e+01 -9.956724047660827637e-01 0.000000000000000000e+00 0.000000000000000000e+00 0.000000000000000000e+00 1.000000000000000000e+00
1.716201485707885981e+09 -2.283877372741699219e+00 -1.050767421722411932e+01 -1.012021899223327637e+00 0.000000000000000000e+00 0.000000000000000000e+00 0.000000000000000000e+00 1.000000000000000000e+00
1.716201485757755041e+09 -2.281907796859741211e+00 -1.059097480773925781e+01 -1.025713086128234863e+00 0.000000000000000000e+00 0.000000000000000000e+00 0.000000000000000000e+00 1.000000000000000000e+00
1.716201485808015823e+09 -2.281742572784423828e+00 -1.062944126129150391e+01 -1.031899690628051758e+00 0.000000000000000000e+00 0.000000000000000000e+00 0.000000000000000000e+00 1.000000000000000000e+00
1.716201485859060764e+09 -2.283345222473144531e+00 -1.066960144042968750e+01 -1.038173913955688477e+00 0.000000000000000000e+00 0.000000000000000000e+00 0.000000000000000000e+00 1.000000000000000000e+00
1.716201485958995819e+09 -2.295180559158325195e+00 -1.078117942810058594e+01 -1.057139754295349121e+00 0.000000000000000000e+00 0.000000000000000000e+00 0.000000000000000000e+00 1.000000000000000000e+00
1.716201486009128094e+09 -2.297931909561156782e+00 -1.081736373901367188e+01 -1.061380386352539062e+00 0.000000000000000000e+00 0.000000000000000000e+00 0.000000000000000000e+00 1.000000000000000000e+00
1.716201486059321404e+09 -2.301152467727661133e+00 -1.085361003875732422e+01 -1.064912319183349609e+00 0.000000000000000000e+00 0.000000000000000000e+00 0.000000000000000000e+00 1.000000000000000000e+00
1.716201486159600735e+09 -2.318701505661010742e+00 -1.095685100555419922e+01 -1.078366398811340332e+00 0.000000000000000000e+00 0.000000000000000000e+00 0.000000000000000000e+00 1.000000000000000000e+00
1.716201486210973024e+09 -2.325302600860596147e+00 -1.098968982696533203e+01 -1.079916715621948242e+00 0.000000000000000000e+00 0.000000000000000000e+00 0.000000000000000000e+00 1.000000000000000000e+00
1.716201486261204720e+09 -2.332472562789916992e+00 -1.102154254913330078e+01 -1.080671429634094238e+00 0.000000000000000000e+00 0.000000000000000000e+00 0.000000000000000000e+00 1.000000000000000000e+00
1.716201486309900761e+09 -2.339781761169433594e+00 -1.105241966247558594e+01 -1.080967068672180176e+00 0.000000000000000000e+00 0.000000000000000000e+00 0.000000000000000000e+00 1.000000000000000000e+00
1.716201486360271931e+09 -2.353144407272338867e+00 -1.110801029205322443e+01 -1.086660265922546387e+00 0.000000000000000000e+00 0.000000000000000000e+00 0.000000000000000000e+00 1.000000000000000000e+00
1.716201486460687876e+09 -2.369293451309204102e+00 -1.115690135955810369e+01 -1.082449555397033691e+00 0.000000000000000000e+00 0.000000000000000000e+00 0.000000000000000000e+00 1.000000000000000000e+00
1.716201486511978865e+09 -2.377657890319824219e+00 -1.117887115478515625e+01 -1.079408168792724609e+00 0.000000000000000000e+00 0.000000000000000000e+00 0.000000000000000000e+00 1.000000000000000000e+00
1.716201486560792208e+09 -2.390680789947509766e+00 -1.121991157531738459e+01 -1.080236077308654785e+00 0.000000000000000000e+00 0.000000000000000000e+00 0.000000000000000000e+00 1.000000000000000000e+00
1.716201486611971855e+09 -2.399698734283447710e+00 -1.123790168762207031e+01 -1.075592994689941406e+00 0.000000000000000000e+00 0.000000000000000000e+00 0.000000000000000000e+00 1.000000000000000000e+00
1.716201486661189079e+09 -2.409919500350952148e+00 -1.125584316253661932e+01 -1.069986581802368164e+00 0.000000000000000000e+00 0.000000000000000000e+00 0.000000000000000000e+00 1.000000000000000000e+00
1.716201486711479664e+09 -2.420223474502563477e+00 -1.127190780639648438e+01 -1.063285827636718750e+00 0.000000000000000000e+00 0.000000000000000000e+00 0.000000000000000000e+00 1.000000000000000000e+00
1.716201486812091351e+09 -2.434651613235473633e+00 -1.130126380920410156e+01 -1.058671593666076882e+00 0.000000000000000000e+00 0.000000000000000000e+00 0.000000000000000000e+00 1.000000000000000000e+00
1.716201486862322330e+09 -2.445793867111206055e+00 -1.131537342071533203e+01 -1.050407528877258301e+00 0.000000000000000000e+00 0.000000000000000000e+00 0.000000000000000000e+00 1.000000000000000000e+00
1.716201486912140131e+09 -2.469326972961425781e+00 -1.133890056610107422e+01 -1.029968619346618874e+00 0.000000000000000000e+00 0.000000000000000000e+00 0.000000000000000000e+00 1.000000000000000000e+00
1.716201487012979031e+09 -2.484824419021606445e+00 -1.135940837860107422e+01 -1.021353363990783691e+00 0.000000000000000000e+00 0.000000000000000000e+00 0.000000000000000000e+00 1.000000000000000000e+00
1.716201487062716722e+09 -2.499626159667968750e+00 -1.136917781829833984e+01 -1.009763956069946289e+00 0.000000000000000000e+00 0.000000000000000000e+00 0.000000000000000000e+00 1.000000000000000000e+00
1.716201487112931013e+09 -2.533420324325561079e+00 -1.138492012023925781e+01 -9.848873615264891468e-01 0.000000000000000000e+00 0.000000000000000000e+00 0.000000000000000000e+00 1.000000000000000000e+00
1.716201487163403749e+09 -2.552542448043823242e+00 -1.139285755157470881e+01 -9.719952940940855823e-01 0.000000000000000000e+00 0.000000000000000000e+00 0.000000000000000000e+00 1.000000000000000000e+00
1.716201487263802052e+09 -2.575276851654052734e+00 -1.140911197662353516e+01 -9.602586030960084118e-01 0.000000000000000000e+00 0.000000000000000000e+00 0.000000000000000000e+00 1.000000000000000000e+00
1.716201487314008236e+09 -2.622712612152100053e+00 -1.142342185974121271e+01 -9.308118820190429688e-01 0.000000000000000000e+00 0.000000000000000000e+00 0.000000000000000000e+00 1.000000000000000000e+00
1.716201487364111185e+09 -2.649215459823608398e+00 -1.143104648590088068e+01 -9.153000712394714355e-01 0.000000000000000000e+00 0.000000000000000000e+00 0.000000000000000000e+00 1.000000000000000000e+00
1.716201487464573145e+09 -2.679624080657958984e+00 -1.144871616363525391e+01 -9.021343588829040527e-01 0.000000000000000000e+00 0.000000000000000000e+00 0.000000000000000000e+00 1.000000000000000000e+00
1.716201487514794350e+09 -2.742584466934204102e+00 -1.146640777587890625e+01 -8.712261915206909180e-01 0.000000000000000000e+00 0.000000000000000000e+00 0.000000000000000000e+00 1.000000000000000000e+00
1.716201487665215492e+09 -2.814723253250122070e+00 -1.150276088714599609e+01 -8.438988327980041504e-01 0.000000000000000000e+00 0.000000000000000000e+00 0.000000000000000000e+00 1.000000000000000000e+00
1.716201487715472221e+09 -2.888675212860107422e+00 -1.152660369873046875e+01 -8.115985989570617676e-01 0.000000000000000000e+00 0.000000000000000000e+00 0.000000000000000000e+00 1.000000000000000000e+00
1.716201487765674829e+09 -2.928161144256591797e+00 -1.153974246978759766e+01 -7.957205176353454590e-01 0.000000000000000000e+00 0.000000000000000000e+00 0.000000000000000000e+00 1.000000000000000000e+00
1.716201487817043781e+09 -2.967759132385253906e+00 -1.155344390869140625e+01 -7.814750671386718750e-01 0.000000000000000000e+00 0.000000000000000000e+00 0.000000000000000000e+00 1.000000000000000000e+00
1.716201487918054819e+09 -3.015447616577148438e+00 -1.159027004241943359e+01 -7.719686031341552734e-01 0.000000000000000000e+00 0.000000000000000000e+00 0.000000000000000000e+00 1.000000000000000000e+00
1.716201487966300964e+09 -3.103047847747802734e+00 -1.162142562866210938e+01 -7.470823526382446289e-01 0.000000000000000000e+00 0.000000000000000000e+00 0.000000000000000000e+00 1.000000000000000000e+00
1.716201488017127991e+09 -3.154869794845581055e+00 -1.166237640380859375e+01 -7.409194111824035645e-01 0.000000000000000000e+00 0.000000000000000000e+00 0.000000000000000000e+00 1.000000000000000000e+00
1.716201488066617489e+09 -3.202620267868041992e+00 -1.168195343017577947e+01 -7.302504181861877441e-01 0.000000000000000000e+00 0.000000000000000000e+00 0.000000000000000000e+00 1.000000000000000000e+00
1.716201488116774797e+09 -3.248750448226928711e+00 -1.169955348968506037e+01 -7.203927040100097656e-01 0.000000000000000000e+00 0.000000000000000000e+00 0.000000000000000000e+00 1.000000000000000000e+00
1.716201488166926622e+09 -3.295096874237060547e+00 -1.171574401855468750e+01 -7.112755775451660156e-01 0.000000000000000000e+00 0.000000000000000000e+00 0.000000000000000000e+00 1.000000000000000000e+00
1.716201488217511892e+09 -3.349444150924682617e+00 -1.176809310913085938e+01 -7.104693055152893066e-01 0.000000000000000000e+00 0.000000000000000000e+00 0.000000000000000000e+00 1.000000000000000000e+00
1.716201488267639637e+09 -3.396638154983520508e+00 -1.178860855102539062e+01 -7.036039233207702637e-01 0.000000000000000000e+00 0.000000000000000000e+00 0.000000000000000000e+00 1.000000000000000000e+00
1.716201488317932129e+09 -3.444263935089111772e+00 -1.180982303619384766e+01 -6.972037553787231445e-01 0.000000000000000000e+00 0.000000000000000000e+00 0.000000000000000000e+00 1.000000000000000000e+00
1.716201488418166876e+09 -3.546209096908569336e+00 -1.188120555877685547e+01 -6.923601627349853516e-01 0.000000000000000000e+00 0.000000000000000000e+00 0.000000000000000000e+00 1.000000000000000000e+00
1.716201488468271971e+09 -3.593393802642822266e+00 -1.190281200408935547e+01 -6.880130171775817871e-01 0.000000000000000000e+00 0.000000000000000000e+00 0.000000000000000000e+00 1.000000000000000000e+00
1.716201488518836498e+09 -3.640254974365233487e+00 -1.192437458038330078e+01 -6.837032437324523926e-01 0.000000000000000000e+00 0.000000000000000000e+00 0.000000000000000000e+00 1.000000000000000000e+00
1.716201488618745327e+09 -3.734303951263428178e+00 -1.196660232543945135e+01 -6.772789359092712402e-01 0.000000000000000000e+00 0.000000000000000000e+00 0.000000000000000000e+00 1.000000000000000000e+00
1.716201488668953657e+09 -3.781012058258056641e+00 -1.198760223388672053e+01 -6.741620302200317383e-01 0.000000000000000000e+00 0.000000000000000000e+00 0.000000000000000000e+00 1.000000000000000000e+00
1.716201488769585848e+09 -3.837619781494140625e+00 -1.203731632232666016e+01 -6.766723394393920898e-01 0.000000000000000000e+00 0.000000000000000000e+00 0.000000000000000000e+00 1.000000000000000000e+00
1.716201488819443226e+09 -3.928837060928344727e+00 -1.207700824737548828e+01 -6.718199849128723145e-01 0.000000000000000000e+00 0.000000000000000000e+00 0.000000000000000000e+00 1.000000000000000000e+00
1.716201488869662762e+09 -3.975700855255126953e+00 -1.209619331359863281e+01 -6.697763800621032715e-01 0.000000000000000000e+00 0.000000000000000000e+00 0.000000000000000000e+00 1.000000000000000000e+00
1.716201488969886541e+09 -4.032135009765625000e+00 -1.214526844024658203e+01 -6.733524799346923828e-01 0.000000000000000000e+00 0.000000000000000000e+00 0.000000000000000000e+00 1.000000000000000000e+00
1.716201489021321297e+09 -4.121160984039306641e+00 -1.218431091308593750e+01 -6.708918213844299316e-01 0.000000000000000000e+00 0.000000000000000000e+00 0.000000000000000000e+00 1.000000000000000000e+00
1.716201489070335388e+09 -4.165722846984863281e+00 -1.220149993896484375e+01 -6.697114706039428711e-01 0.000000000000000000e+00 0.000000000000000000e+00 0.000000000000000000e+00 1.000000000000000000e+00
1.716201489120521545e+09 -4.209896564483642578e+00 -1.221765899658203125e+01 -6.684049963951110840e-01 0.000000000000000000e+00 0.000000000000000000e+00 0.000000000000000000e+00 1.000000000000000000e+00
1.716201489220765114e+09 -4.308303356170654297e+00 -1.227202892303466797e+01 -6.711347699165344238e-01 0.000000000000000000e+00 0.000000000000000000e+00 0.000000000000000000e+00 1.000000000000000000e+00
1.716201489271119833e+09 -4.352600097656250000e+00 -1.228438377380371271e+01 -6.709386706352233887e-01 0.000000000000000000e+00 0.000000000000000000e+00 0.000000000000000000e+00 1.000000000000000000e+00
1.716201489321084261e+09 -4.396635532379150391e+00 -1.229556846618652344e+01 -6.711415648460388184e-01 0.000000000000000000e+00 0.000000000000000000e+00 0.000000000000000000e+00 1.000000000000000000e+00
1.716201489421846867e+09 -4.450600624084472656e+00 -1.233132839202880859e+01 -6.760059595108032227e-01 0.000000000000000000e+00 0.000000000000000000e+00 0.000000000000000000e+00 1.000000000000000000e+00
1.716201489471586466e+09 -4.535164833068847656e+00 -1.235294532775878729e+01 -6.785416603088378906e-01 0.000000000000000000e+00 0.000000000000000000e+00 0.000000000000000000e+00 1.000000000000000000e+00
1.716201489521870852e+09 -4.585434436798095703e+00 -1.238420104980468750e+01 -6.841021180152893066e-01 0.000000000000000000e+00 0.000000000000000000e+00 0.000000000000000000e+00 1.000000000000000000e+00
1.716201489572055578e+09 -4.626923561096191406e+00 -1.239536571502685547e+01 -6.866114139556884766e-01 0.000000000000000000e+00 0.000000000000000000e+00 0.000000000000000000e+00 1.000000000000000000e+00
1.716201489622029543e+09 -4.666132450103759766e+00 -1.240509510040283203e+01 -6.892848610877990723e-01 0.000000000000000000e+00 0.000000000000000000e+00 0.000000000000000000e+00 1.000000000000000000e+00
1.716201489722276688e+09 -4.752240180969238281e+00 -1.244324302673339844e+01 -6.996779441833496094e-01 0.000000000000000000e+00 0.000000000000000000e+00 0.000000000000000000e+00 1.000000000000000000e+00
1.716201489773288488e+09 -4.789403915405273438e+00 -1.245102405548095525e+01 -7.040333747863769531e-01 0.000000000000000000e+00 0.000000000000000000e+00 0.000000000000000000e+00 1.000000000000000000e+00
1.716201489823291540e+09 -4.826169967651367188e+00 -1.245869445800781250e+01 -7.094259858131408691e-01 0.000000000000000000e+00 0.000000000000000000e+00 0.000000000000000000e+00 1.000000000000000000e+00
1.716201489873818159e+09 -4.862687110900878906e+00 -1.246733188629150391e+01 -7.156065702438354492e-01 0.000000000000000000e+00 0.000000000000000000e+00 0.000000000000000000e+00 1.000000000000000000e+00
1.716201490073271990e+09 -5.003538131713867188e+00 -1.250488376617431641e+01 -7.492743730545043945e-01 0.000000000000000000e+00 0.000000000000000000e+00 0.000000000000000000e+00 1.000000000000000000e+00
1.716201490173637629e+09 -5.062737464904785156e+00 -1.251249980926513672e+01 -7.689886689186096191e-01 0.000000000000000000e+00 0.000000000000000000e+00 0.000000000000000000e+00 1.000000000000000000e+00
1.716201490224049568e+09 -5.097572803497314453e+00 -1.253086280822754084e+01 -7.829512357711791992e-01 0.000000000000000000e+00 0.000000000000000000e+00 0.000000000000000000e+00 1.000000000000000000e+00
1.716201490324734688e+09 -5.151119232177734375e+00 -1.253515911102294922e+01 -8.076531291007995605e-01 0.000000000000000000e+00 0.000000000000000000e+00 0.000000000000000000e+00 1.000000000000000000e+00
1.716201490375019312e+09 -5.175787448883056641e+00 -1.253578948974609375e+01 -8.206095695495605469e-01 0.000000000000000000e+00 0.000000000000000000e+00 0.000000000000000000e+00 1.000000000000000000e+00
1.716201490475282669e+09 -5.228848934173583984e+00 -1.254214000701904475e+01 -8.513745069503784180e-01 0.000000000000000000e+00 0.000000000000000000e+00 0.000000000000000000e+00 1.000000000000000000e+00
1.716201490525464773e+09 -5.252242565155029297e+00 -1.253832340240478338e+01 -8.665887713432312012e-01 0.000000000000000000e+00 0.000000000000000000e+00 0.000000000000000000e+00 1.000000000000000000e+00
1.716201490575512648e+09 -5.298258781433105469e+00 -1.252833747863769531e+01 -8.986031413078308105e-01 0.000000000000000000e+00 0.000000000000000000e+00 0.000000000000000000e+00 1.000000000000000000e+00
1.716201490676314354e+09 -5.322896957397460938e+00 -1.252568244934082031e+01 -9.155960083007812500e-01 0.000000000000000000e+00 0.000000000000000000e+00 0.000000000000000000e+00 1.000000000000000000e+00
1.716201490726136923e+09 -5.345122814178466797e+00 -1.251647567749023438e+01 -9.314830303192139782e-01 0.000000000000000000e+00 0.000000000000000000e+00 0.000000000000000000e+00 1.000000000000000000e+00
1.716201490776314020e+09 -5.368347167968750000e+00 -1.250438308715820312e+01 -9.483042359352111816e-01 0.000000000000000000e+00 0.000000000000000000e+00 0.000000000000000000e+00 1.000000000000000000e+00
1.716201490826428890e+09 -5.388906955718994141e+00 -1.249038887023925781e+01 -9.633547067642211914e-01 0.000000000000000000e+00 0.000000000000000000e+00 0.000000000000000000e+00 1.000000000000000000e+00
1.716201490876596212e+09 -5.407829284667968750e+00 -1.247616767883300781e+01 -9.771969318389891468e-01 0.000000000000000000e+00 0.000000000000000000e+00 0.000000000000000000e+00 1.000000000000000000e+00
1.716201490926975727e+09 -5.425194263458251953e+00 -1.246164703369140625e+01 -9.900780916213988148e-01 0.000000000000000000e+00 0.000000000000000000e+00 0.000000000000000000e+00 1.000000000000000000e+00
1.716201490977267265e+09 -5.441290855407714844e+00 -1.244565868377685547e+01 -1.001706719398498313e+00 0.000000000000000000e+00 0.000000000000000000e+00 0.000000000000000000e+00 1.000000000000000000e+00
1.716201491027110338e+09 -5.452923774719238281e+00 -1.241997623443603516e+01 -1.010293006896972878e+00 0.000000000000000000e+00 0.000000000000000000e+00 0.000000000000000000e+00 1.000000000000000000e+00
1.716201491077400923e+09 -5.467351913452148438e+00 -1.240068435668945135e+01 -1.019425749778747559e+00 0.000000000000000000e+00 0.000000000000000000e+00 0.000000000000000000e+00 1.000000000000000000e+00
1.716201491127570152e+09 -5.480469703674316406e+00 -1.238119792938232422e+01 -1.026663303375243919e+00 0.000000000000000000e+00 0.000000000000000000e+00 0.000000000000000000e+00 1.000000000000000000e+00
1.716201491177690029e+09 -5.492348194122314453e+00 -1.236029434204101562e+01 -1.032438755035400391e+00 0.000000000000000000e+00 0.000000000000000000e+00 0.000000000000000000e+00 1.000000000000000000e+00
1.716201491227904797e+09 -5.497416019439697266e+00 -1.232528781890869141e+01 -1.034709215164184570e+00 0.000000000000000000e+00 0.000000000000000000e+00 0.000000000000000000e+00 1.000000000000000000e+00
1.716201491278110266e+09 -5.507204055786132812e+00 -1.230004215240478338e+01 -1.038696765899658203e+00 0.000000000000000000e+00 0.000000000000000000e+00 0.000000000000000000e+00 1.000000000000000000e+00
1.716201491328255653e+09 -5.515650272369384766e+00 -1.227436637878417969e+01 -1.042118787765502930e+00 0.000000000000000000e+00 0.000000000000000000e+00 0.000000000000000000e+00 1.000000000000000000e+00
1.716201491378425837e+09 -5.521915912628173828e+00 -1.224871349334716797e+01 -1.044632077217102051e+00 0.000000000000000000e+00 0.000000000000000000e+00 0.000000000000000000e+00 1.000000000000000000e+00
1.716201491428566694e+09 -5.527418136596679688e+00 -1.219906520843506037e+01 -1.045900702476501687e+00 0.000000000000000000e+00 0.000000000000000000e+00 0.000000000000000000e+00 1.000000000000000000e+00
1.716201491529223442e+09 -5.517412185668945312e+00 -1.215235137939453125e+01 -1.039783239364624023e+00 0.000000000000000000e+00 0.000000000000000000e+00 0.000000000000000000e+00 1.000000000000000000e+00
1.716201491579056978e+09 -5.515716075897216797e+00 -1.212478733062743963e+01 -1.036270618438720703e+00 0.000000000000000000e+00 0.000000000000000000e+00 0.000000000000000000e+00 1.000000000000000000e+00
1.716201491630469561e+09 -5.512080669403076172e+00 -1.209715938568115234e+01 -1.031894326210021973e+00 0.000000000000000000e+00 0.000000000000000000e+00 0.000000000000000000e+00 1.000000000000000000e+00
1.716201491679589033e+09 -5.495324134826660156e+00 -1.204535198211669922e+01 -1.021932005882263184e+00 0.000000000000000000e+00 0.000000000000000000e+00 0.000000000000000000e+00 1.000000000000000000e+00
1.716201491729768515e+09 -5.487538337707520419e+00 -1.201530170440673828e+01 -1.016751170158386230e+00 0.000000000000000000e+00 0.000000000000000000e+00 0.000000000000000000e+00 1.000000000000000000e+00
1.716201491779981852e+09 -5.478214263916015625e+00 -1.198697757720947266e+01 -1.012024164199829102e+00 0.000000000000000000e+00 0.000000000000000000e+00 0.000000000000000000e+00 1.000000000000000000e+00
1.716201491830339909e+09 -5.457416057586669922e+00 -1.192692089080810369e+01 -1.002145648002624290e+00 0.000000000000000000e+00 0.000000000000000000e+00 0.000000000000000000e+00 1.000000000000000000e+00
1.716201491880395889e+09 -5.447445869445800781e+00 -1.189879417419433594e+01 -9.978758692741394043e-01 0.000000000000000000e+00 0.000000000000000000e+00 0.000000000000000000e+00 1.000000000000000000e+00
1.716201492032510519e+09 -5.409602642059326172e+00 -1.181375980377197266e+01 -9.841348528861999512e-01 0.000000000000000000e+00 0.000000000000000000e+00 0.000000000000000000e+00 1.000000000000000000e+00
1.716201492081489086e+09 -5.379952907562255859e+00 -1.175734901428222834e+01 -9.761838912963868298e-01 0.000000000000000000e+00 0.000000000000000000e+00 0.000000000000000000e+00 1.000000000000000000e+00
1.716201492131628275e+09 -5.364630699157714844e+00 -1.172699165344238459e+01 -9.728749394416807972e-01 0.000000000000000000e+00 0.000000000000000000e+00 0.000000000000000000e+00 1.000000000000000000e+00
1.716201492231899738e+09 -5.335858345031738281e+00 -1.166604995727539062e+01 -9.632408618927001953e-01 0.000000000000000000e+00 0.000000000000000000e+00 0.000000000000000000e+00 1.000000000000000000e+00
1.716201492332160473e+09 -5.280934333801269531e+00 -1.157173061370849609e+01 -9.509140253067015491e-01 0.000000000000000000e+00 0.000000000000000000e+00 0.000000000000000000e+00 1.000000000000000000e+00
1.716201492482790470e+09 -5.226004123687744141e+00 -1.147473907470703125e+01 -9.352717399597167969e-01 0.000000000000000000e+00 0.000000000000000000e+00 0.000000000000000000e+00 1.000000000000000000e+00
1.716201492533418179e+09 -5.206073760986328125e+00 -1.144226074218750000e+01 -9.307127594947816052e-01 0.000000000000000000e+00 0.000000000000000000e+00 0.000000000000000000e+00 1.000000000000000000e+00
1.716201492582751751e+09 -5.169513702392578125e+00 -1.137299537658691406e+01 -9.189606308937071644e-01 0.000000000000000000e+00 0.000000000000000000e+00 0.000000000000000000e+00 1.000000000000000000e+00
1.716201492632911682e+09 -5.147770404815673828e+00 -1.133792686462402344e+01 -9.146476984024047852e-01 0.000000000000000000e+00 0.000000000000000000e+00 0.000000000000000000e+00 1.000000000000000000e+00
1.716201492683023930e+09 -5.125869750976562500e+00 -1.130282020568847656e+01 -9.108368158340454102e-01 0.000000000000000000e+00 0.000000000000000000e+00 0.000000000000000000e+00 1.000000000000000000e+00
1.716201492733400345e+09 -5.103159427642822266e+00 -1.126807117462158203e+01 -9.070479273796081543e-01 0.000000000000000000e+00 0.000000000000000000e+00 0.000000000000000000e+00 1.000000000000000000e+00
1.716201492783652306e+09 -5.055356502532958984e+00 -1.119533348083495916e+01 -8.986704349517822266e-01 0.000000000000000000e+00 0.000000000000000000e+00 0.000000000000000000e+00 1.000000000000000000e+00
1.716201492883642912e+09 -5.013144969940185547e+00 -1.111887168884277166e+01 -8.853543996810913086e-01 0.000000000000000000e+00 0.000000000000000000e+00 0.000000000000000000e+00 1.000000000000000000e+00
1.716201492934243679e+09 -4.988388061523437500e+00 -1.108086395263672053e+01 -8.801139593124389648e-01 0.000000000000000000e+00 0.000000000000000000e+00 0.000000000000000000e+00 1.000000000000000000e+00
1.716201492984005928e+09 -4.936138629913330078e+00 -1.099959373474121271e+01 -8.685340881347656250e-01 0.000000000000000000e+00 0.000000000000000000e+00 0.000000000000000000e+00 1.000000000000000000e+00
1.716201493084168196e+09 -4.889800071716308594e+00 -1.091214752197265625e+01 -8.524737954139709473e-01 0.000000000000000000e+00 0.000000000000000000e+00 0.000000000000000000e+00 1.000000000000000000e+00
1.716201493135370493e+09 -4.864233493804931641e+00 -1.086815071105957031e+01 -8.455144166946411133e-01 0.000000000000000000e+00 0.000000000000000000e+00 0.000000000000000000e+00 1.000000000000000000e+00
1.716201493184841871e+09 -4.816583633422851562e+00 -1.077761936187743963e+01 -8.309154510498046875e-01 0.000000000000000000e+00 0.000000000000000000e+00 0.000000000000000000e+00 1.000000000000000000e+00
1.716201493284789085e+09 -4.772764205932617188e+00 -1.068387603759765625e+01 -8.128895759582519531e-01 0.000000000000000000e+00 0.000000000000000000e+00 0.000000000000000000e+00 1.000000000000000000e+00
1.716201493334965706e+09 -4.728298187255859375e+00 -1.058682727813720881e+01 -7.960026264190673828e-01 0.000000000000000000e+00 0.000000000000000000e+00 0.000000000000000000e+00 1.000000000000000000e+00
1.716201493385059595e+09 -4.707693099975585938e+00 -1.053774070739745916e+01 -7.867900729179382324e-01 0.000000000000000000e+00 0.000000000000000000e+00 0.000000000000000000e+00 1.000000000000000000e+00
1.716201493435249567e+09 -4.686439990997314453e+00 -1.048477458953857422e+01 -7.762021422386169434e-01 0.000000000000000000e+00 0.000000000000000000e+00 0.000000000000000000e+00 1.000000000000000000e+00
1.716201493535513878e+09 -4.641550064086914062e+00 -1.037888431549072443e+01 -7.545890808105468750e-01 0.000000000000000000e+00 0.000000000000000000e+00 0.000000000000000000e+00 1.000000000000000000e+00
1.716201493585624695e+09 -4.601943016052246094e+00 -1.026854324340820312e+01 -7.322868108749389648e-01 0.000000000000000000e+00 0.000000000000000000e+00 0.000000000000000000e+00 1.000000000000000000e+00
1.716201493635760784e+09 -4.583121299743652344e+00 -1.021339321136474609e+01 -7.215749025344848633e-01 0.000000000000000000e+00 0.000000000000000000e+00 0.000000000000000000e+00 1.000000000000000000e+00
1.716201493786173105e+09 -4.514425754547119141e+00 -9.998353004455566406e+00 -6.856570243835449219e-01 0.000000000000000000e+00 0.000000000000000000e+00 0.000000000000000000e+00 1.000000000000000000e+00
1.716201494538387299e+09 -4.316016197204589844e+00 -9.085393905639648438e+00 -7.236034274101257324e-01 0.000000000000000000e+00 0.000000000000000000e+00 0.000000000000000000e+00 1.000000000000000000e+00
1.716201494638616800e+09 -4.303281784057617188e+00 -9.014461517333984375e+00 -7.323837280273437500e-01 0.000000000000000000e+00 0.000000000000000000e+00 0.000000000000000000e+00 1.000000000000000000e+00
1.716201494739236355e+09 -4.301054954528808594e+00 -8.970234870910644531e+00 -7.456409931182861328e-01 0.000000000000000000e+00 0.000000000000000000e+00 0.000000000000000000e+00 1.000000000000000000e+00
1.716201494789108753e+09 -4.283998489379882812e+00 -8.863846778869628906e+00 -7.670457363128662109e-01 0.000000000000000000e+00 0.000000000000000000e+00 0.000000000000000000e+00 1.000000000000000000e+00
1.716201494839418411e+09 -4.278498172760009766e+00 -8.826630592346191406e+00 -7.804075479507446289e-01 0.000000000000000000e+00 0.000000000000000000e+00 0.000000000000000000e+00 1.000000000000000000e+00
1.716201494889407396e+09 -4.267272472381591797e+00 -8.761668205261230469e+00 -8.055383563041687012e-01 0.000000000000000000e+00 0.000000000000000000e+00 0.000000000000000000e+00 1.000000000000000000e+00
1.716201494989965200e+09 -4.261389255523681641e+00 -8.700773239135742188e+00 -8.262561559677124023e-01 0.000000000000000000e+00 0.000000000000000000e+00 0.000000000000000000e+00 1.000000000000000000e+00
1.716201495090369940e+09 -4.249196052551269531e+00 -8.652371406555175781e+00 -8.283718228340148926e-01 0.000000000000000000e+00 0.000000000000000000e+00 0.000000000000000000e+00 1.000000000000000000e+00
1.716201495140747786e+09 -4.245050907135009766e+00 -8.623402595520019531e+00 -8.328987956047058105e-01 0.000000000000000000e+00 0.000000000000000000e+00 0.000000000000000000e+00 1.000000000000000000e+00
1.716201495241000652e+09 -4.222274303436279297e+00 -8.543293952941894531e+00 -8.313195109367370605e-01 0.000000000000000000e+00 0.000000000000000000e+00 0.000000000000000000e+00 1.000000000000000000e+00
1.716201495341436386e+09 -4.199679851531982422e+00 -8.495843887329101562e+00 -8.188822269439697266e-01 0.000000000000000000e+00 0.000000000000000000e+00 0.000000000000000000e+00 1.000000000000000000e+00
1.716201495542474985e+09 -4.128126621246337891e+00 -8.375612258911132812e+00 -7.787989974021911621e-01 0.000000000000000000e+00 0.000000000000000000e+00 0.000000000000000000e+00 1.000000000000000000e+00
1.716201495642863512e+09 -4.088775634765625000e+00 -8.342960357666015625e+00 -7.675398588180541992e-01 0.000000000000000000e+00 0.000000000000000000e+00 0.000000000000000000e+00 1.000000000000000000e+00
1.716201495693165779e+09 -4.057923793792724609e+00 -8.315407752990722656e+00 -7.642646431922912598e-01 0.000000000000000000e+00 0.000000000000000000e+00 0.000000000000000000e+00 1.000000000000000000e+00
1.716201495743387938e+09 -4.027917861938476562e+00 -8.274580955505371094e+00 -7.576454281806945801e-01 0.000000000000000000e+00 0.000000000000000000e+00 0.000000000000000000e+00 1.000000000000000000e+00
1.716201495793697834e+09 -4.007573604583740234e+00 -8.254732131958007812e+00 -7.575893998146057129e-01 0.000000000000000000e+00 0.000000000000000000e+00 0.000000000000000000e+00 1.000000000000000000e+00
1.716201495844093800e+09 -3.985295534133911133e+00 -8.231830596923828125e+00 -7.595250010490417480e-01 0.000000000000000000e+00 0.000000000000000000e+00 0.000000000000000000e+00 1.000000000000000000e+00
1.716201495944662333e+09 -3.940139055252075195e+00 -8.189229965209960938e+00 -7.650319337844848633e-01 0.000000000000000000e+00 0.000000000000000000e+00 0.000000000000000000e+00 1.000000000000000000e+00
1.716201495994134426e+09 -3.904707670211791992e+00 -8.144427299499511719e+00 -7.612543702125549316e-01 0.000000000000000000e+00 0.000000000000000000e+00 0.000000000000000000e+00 1.000000000000000000e+00
1.716201496044504404e+09 -3.881802082061768022e+00 -8.125964164733886719e+00 -7.643963694572448730e-01 0.000000000000000000e+00 0.000000000000000000e+00 0.000000000000000000e+00 1.000000000000000000e+00
1.716201496144772530e+09 -3.832216501235961914e+00 -8.082617759704589844e+00 -7.670358419418334961e-01 0.000000000000000000e+00 0.000000000000000000e+00 0.000000000000000000e+00 1.000000000000000000e+00
1.716201496245003939e+09 -3.765735387802124023e+00 -8.008008956909179688e+00 -7.586250901222229004e-01 0.000000000000000000e+00 0.000000000000000000e+00 0.000000000000000000e+00 1.000000000000000000e+00
1.716201496345438242e+09 -3.713845014572143999e+00 -7.961430549621582031e+00 -7.554478645324707031e-01 0.000000000000000000e+00 0.000000000000000000e+00 0.000000000000000000e+00 1.000000000000000000e+00
1.716201496395936251e+09 -3.671846628189086914e+00 -7.905669689178466797e+00 -7.439540624618530273e-01 0.000000000000000000e+00 0.000000000000000000e+00 0.000000000000000000e+00 1.000000000000000000e+00
1.716201496446323633e+09 -3.643868207931518999e+00 -7.881831169128417969e+00 -7.413407564163208008e-01 0.000000000000000000e+00 0.000000000000000000e+00 0.000000000000000000e+00 1.000000000000000000e+00
1.716201496499354601e+09 -3.617046594619750977e+00 -7.857611179351806641e+00 -7.380718588829040527e-01 0.000000000000000000e+00 0.000000000000000000e+00 0.000000000000000000e+00 1.000000000000000000e+00
1.716201496747202158e+09 -3.461735486984252930e+00 -7.721813201904296875e+00 -7.097696661949157715e-01 0.000000000000000000e+00 0.000000000000000000e+00 0.000000000000000000e+00 1.000000000000000000e+00
1.716201496797073841e+09 -3.432229757308959961e+00 -7.700748443603515625e+00 -7.028825879096984863e-01 0.000000000000000000e+00 0.000000000000000000e+00 0.000000000000000000e+00 1.000000000000000000e+00
1.716201496847344875e+09 -3.391688823699951172e+00 -7.654014110565185547e+00 -6.880499720573425293e-01 0.000000000000000000e+00 0.000000000000000000e+00 0.000000000000000000e+00 1.000000000000000000e+00
1.716201496897461414e+09 -3.363413810729980469e+00 -7.636014461517333984e+00 -6.800734996795654297e-01 0.000000000000000000e+00 0.000000000000000000e+00 0.000000000000000000e+00 1.000000000000000000e+00
1.716201496997807980e+09 -3.309014558792114258e+00 -7.604927062988281250e+00 -6.628690958023071289e-01 0.000000000000000000e+00 0.000000000000000000e+00 0.000000000000000000e+00 1.000000000000000000e+00
1.716201497098206282e+09 -3.246991634368896484e+00 -7.551718711853027344e+00 -6.353620290756225586e-01 0.000000000000000000e+00 0.000000000000000000e+00 0.000000000000000000e+00 1.000000000000000000e+00
1.716201497148311138e+09 -3.218912601470947710e+00 -7.532634258270263672e+00 -6.221168637275695801e-01 0.000000000000000000e+00 0.000000000000000000e+00 0.000000000000000000e+00 1.000000000000000000e+00
1.716201497198843956e+09 -3.193831920623779741e+00 -7.520715236663818359e+00 -6.106114983558654785e-01 0.000000000000000000e+00 0.000000000000000000e+00 0.000000000000000000e+00 1.000000000000000000e+00
1.716201497249024630e+09 -3.168318986892700195e+00 -7.509037971496582031e+00 -5.987121462821960449e-01 0.000000000000000000e+00 0.000000000000000000e+00 0.000000000000000000e+00 1.000000000000000000e+00
1.716201497298870325e+09 -3.135378360748291016e+00 -7.481522083282470703e+00 -5.823160409927368164e-01 0.000000000000000000e+00 0.000000000000000000e+00 0.000000000000000000e+00 1.000000000000000000e+00
1.716201497349464655e+09 -3.109791278839111772e+00 -7.472972869873046875e+00 -5.709491968154907227e-01 0.000000000000000000e+00 0.000000000000000000e+00 0.000000000000000000e+00 1.000000000000000000e+00
1.716201497399670839e+09 -3.083173513412476030e+00 -7.463689327239990234e+00 -5.595201849937438965e-01 0.000000000000000000e+00 0.000000000000000000e+00 0.000000000000000000e+00 1.000000000000000000e+00
1.716201497450237751e+09 -3.056760311126708984e+00 -7.456307888031005859e+00 -5.487462878227233887e-01 0.000000000000000000e+00 0.000000000000000000e+00 0.000000000000000000e+00 1.000000000000000000e+00
1.716201497500213861e+09 -3.029563188552856445e+00 -7.449088573455809659e+00 -5.382973551750183105e-01 0.000000000000000000e+00 0.000000000000000000e+00 0.000000000000000000e+00 1.000000000000000000e+00
1.716201497600359440e+09 -2.996081352233886719e+00 -7.424226284027099609e+00 -5.240941047668457031e-01 0.000000000000000000e+00 0.000000000000000000e+00 0.000000000000000000e+00 1.000000000000000000e+00
1.716201497650534153e+09 -2.968374252319335938e+00 -7.420033454895019531e+00 -5.150047540664672852e-01 0.000000000000000000e+00 0.000000000000000000e+00 0.000000000000000000e+00 1.000000000000000000e+00
1.716201497700772524e+09 -2.917133331298828125e+00 -7.412496566772460938e+00 -4.990182816982268732e-01 0.000000000000000000e+00 0.000000000000000000e+00 0.000000000000000000e+00 1.000000000000000000e+00
1.716201497750991344e+09 -2.892940521240234375e+00 -7.408308982849121094e+00 -4.921834170818328857e-01 0.000000000000000000e+00 0.000000000000000000e+00 0.000000000000000000e+00 1.000000000000000000e+00
1.716201497852332592e+09 -2.863499164581298828e+00 -7.392528533935546875e+00 -4.823463261127471924e-01 0.000000000000000000e+00 0.000000000000000000e+00 0.000000000000000000e+00 1.000000000000000000e+00
1.716201497901566029e+09 -2.816463708877563477e+00 -7.389224052429199219e+00 -4.713949561119079035e-01 0.000000000000000000e+00 0.000000000000000000e+00 0.000000000000000000e+00 1.000000000000000000e+00
1.716201497951822281e+09 -2.792511701583862305e+00 -7.387505531311035156e+00 -4.664370715618132990e-01 0.000000000000000000e+00 0.000000000000000000e+00 0.000000000000000000e+00 1.000000000000000000e+00
1.716201498002393484e+09 -2.767806053161621094e+00 -7.386936664581298828e+00 -4.621146023273468018e-01 0.000000000000000000e+00 0.000000000000000000e+00 0.000000000000000000e+00 1.000000000000000000e+00
1.716201498102464914e+09 -2.741024255752563477e+00 -7.378661632537841797e+00 -4.563343226909636896e-01 0.000000000000000000e+00 0.000000000000000000e+00 0.000000000000000000e+00 1.000000000000000000e+00
1.716201498152540445e+09 -2.694610357284545898e+00 -7.381540298461914062e+00 -4.519482254981994074e-01 0.000000000000000000e+00 0.000000000000000000e+00 0.000000000000000000e+00 1.000000000000000000e+00
1.716201498202925682e+09 -2.672193050384521040e+00 -7.382139205932617188e+00 -4.514879584312438965e-01 0.000000000000000000e+00 0.000000000000000000e+00 0.000000000000000000e+00 1.000000000000000000e+00
1.716201498252824068e+09 -2.649780273437500000e+00 -7.379334926605224609e+00 -4.512504041194915771e-01 0.000000000000000000e+00 0.000000000000000000e+00 0.000000000000000000e+00 1.000000000000000000e+00
1.716201498302963257e+09 -2.631512880325317383e+00 -7.381039142608642578e+00 -4.529921710491179865e-01 0.000000000000000000e+00 0.000000000000000000e+00 0.000000000000000000e+00 1.000000000000000000e+00
1.716201498353120565e+09 -2.613082170486450195e+00 -7.383592128753662109e+00 -4.557205736637114923e-01 0.000000000000000000e+00 0.000000000000000000e+00 0.000000000000000000e+00 1.000000000000000000e+00
1.716201498403272390e+09 -2.593681097030640093e+00 -7.382682323455809659e+00 -4.602792561054229736e-01 0.000000000000000000e+00 0.000000000000000000e+00 0.000000000000000000e+00 1.000000000000000000e+00
1.716201498453371763e+09 -2.576740264892578125e+00 -7.384789943695068359e+00 -4.665117263793944757e-01 0.000000000000000000e+00 0.000000000000000000e+00 0.000000000000000000e+00 1.000000000000000000e+00
1.716201498504512310e+09 -2.560213565826416016e+00 -7.386334419250488281e+00 -4.741624891757965088e-01 0.000000000000000000e+00 0.000000000000000000e+00 0.000000000000000000e+00 1.000000000000000000e+00
1.716201498554038525e+09 -2.544534921646118164e+00 -7.388222217559814453e+00 -4.833591878414154053e-01 0.000000000000000000e+00 0.000000000000000000e+00 0.000000000000000000e+00 1.000000000000000000e+00
1.716201498654964209e+09 -2.514059782028198242e+00 -7.392081737518310547e+00 -5.038819313049316406e-01 0.000000000000000000e+00 0.000000000000000000e+00 0.000000000000000000e+00 1.000000000000000000e+00
1.716201498704239130e+09 -2.498949527740478516e+00 -7.393339157104492188e+00 -5.142003297805786133e-01 0.000000000000000000e+00 0.000000000000000000e+00 0.000000000000000000e+00 1.000000000000000000e+00
1.716201498754355431e+09 -2.484061479568481001e+00 -7.395569801330566406e+00 -5.245023369789123535e-01 0.000000000000000000e+00 0.000000000000000000e+00 0.000000000000000000e+00 1.000000000000000000e+00
1.716201498804669857e+09 -2.468446493148804155e+00 -7.398053169250488281e+00 -5.346034169197082520e-01 0.000000000000000000e+00 0.000000000000000000e+00 0.000000000000000000e+00 1.000000000000000000e+00
1.716201498854659796e+09 -2.453276157379150391e+00 -7.402448177337646484e+00 -5.449599027633666992e-01 0.000000000000000000e+00 0.000000000000000000e+00 0.000000000000000000e+00 1.000000000000000000e+00
1.716201498955068111e+09 -2.440722227096557617e+00 -7.407343387603759766e+00 -5.541477203369140625e-01 0.000000000000000000e+00 0.000000000000000000e+00 0.000000000000000000e+00 1.000000000000000000e+00
1.716201499005172014e+09 -2.410882234573364258e+00 -7.413784980773925781e+00 -5.740943551063537598e-01 0.000000000000000000e+00 0.000000000000000000e+00 0.000000000000000000e+00 1.000000000000000000e+00
1.716201499055337191e+09 -2.396005630493164062e+00 -7.416845321655273438e+00 -5.843523144721984863e-01 0.000000000000000000e+00 0.000000000000000000e+00 0.000000000000000000e+00 1.000000000000000000e+00
1.716201499105467558e+09 -2.380775690078735796e+00 -7.420825958251953125e+00 -5.954509973526000977e-01 0.000000000000000000e+00 0.000000000000000000e+00 0.000000000000000000e+00 1.000000000000000000e+00
1.716201499205886602e+09 -2.350878953933715820e+00 -7.436139583587646484e+00 -6.212251782417297363e-01 0.000000000000000000e+00 0.000000000000000000e+00 0.000000000000000000e+00 1.000000000000000000e+00
1.716201499256282568e+09 -2.335841894149780273e+00 -7.442763328552246094e+00 -6.337311863899230957e-01 0.000000000000000000e+00 0.000000000000000000e+00 0.000000000000000000e+00 1.000000000000000000e+00
1.716201499306314230e+09 -2.320951938629150391e+00 -7.451228141784667969e+00 -6.470447182655334473e-01 0.000000000000000000e+00 0.000000000000000000e+00 0.000000000000000000e+00 1.000000000000000000e+00
1.716201499406486511e+09 -2.308282136917114258e+00 -7.467990875244140625e+00 -6.628926992416381836e-01 0.000000000000000000e+00 0.000000000000000000e+00 0.000000000000000000e+00 1.000000000000000000e+00
1.716201499456605196e+09 -2.277719020843505859e+00 -7.489747047424316406e+00 -6.914235949516296387e-01 0.000000000000000000e+00 0.000000000000000000e+00 0.000000000000000000e+00 1.000000000000000000e+00
1.716201499506755829e+09 -2.262138605117797852e+00 -7.500112533569335938e+00 -7.055773138999938965e-01 0.000000000000000000e+00 0.000000000000000000e+00 0.000000000000000000e+00 1.000000000000000000e+00
1.716201499556880951e+09 -2.247575521469116211e+00 -7.513148307800292969e+00 -7.204670310020446777e-01 0.000000000000000000e+00 0.000000000000000000e+00 0.000000000000000000e+00 1.000000000000000000e+00
1.716201499658560038e+09 -2.237232208251953125e+00 -7.539886474609375000e+00 -7.395745515823364258e-01 0.000000000000000000e+00 0.000000000000000000e+00 0.000000000000000000e+00 1.000000000000000000e+00
1.716201499707360983e+09 -2.211864948272705078e+00 -7.573791980743408203e+00 -7.710833549499511719e-01 0.000000000000000000e+00 0.000000000000000000e+00 0.000000000000000000e+00 1.000000000000000000e+00
1.716201499757459641e+09 -2.199096918106079102e+00 -7.592127799987792969e+00 -7.874470949172973633e-01 0.000000000000000000e+00 0.000000000000000000e+00 0.000000000000000000e+00 1.000000000000000000e+00
1.716201499807583094e+09 -2.186710119247436523e+00 -7.611278533935546875e+00 -8.041455745697021484e-01 0.000000000000000000e+00 0.000000000000000000e+00 0.000000000000000000e+00 1.000000000000000000e+00
1.716201499857684374e+09 -2.176576137542724609e+00 -7.631978511810302734e+00 -8.205683827400207520e-01 0.000000000000000000e+00 0.000000000000000000e+00 0.000000000000000000e+00 1.000000000000000000e+00
1.716201499907952309e+09 -2.166853666305541992e+00 -7.651530265808105469e+00 -8.366658687591552734e-01 0.000000000000000000e+00 0.000000000000000000e+00 0.000000000000000000e+00 1.000000000000000000e+00
1.716201499958102703e+09 -2.165752649307250977e+00 -7.692004203796386719e+00 -8.577095270156860352e-01 0.000000000000000000e+00 0.000000000000000000e+00 0.000000000000000000e+00 1.000000000000000000e+00
1.716201500058537960e+09 -2.160797119140625000e+00 -7.714894294738769531e+00 -8.724209070205688477e-01 0.000000000000000000e+00 0.000000000000000000e+00 0.000000000000000000e+00 1.000000000000000000e+00
1.716201500108594656e+09 -2.150961637496947798e+00 -7.760938644409179688e+00 -8.971468806266784668e-01 0.000000000000000000e+00 0.000000000000000000e+00 0.000000000000000000e+00 1.000000000000000000e+00
1.716201500209051371e+09 -2.147262573242187500e+00 -7.837220668792724609e+00 -9.268421530723571777e-01 0.000000000000000000e+00 0.000000000000000000e+00 0.000000000000000000e+00 1.000000000000000000e+00
1.716201500259313345e+09 -2.144723653793334961e+00 -7.866084098815917969e+00 -9.372141957283020020e-01 0.000000000000000000e+00 0.000000000000000000e+00 0.000000000000000000e+00 1.000000000000000000e+00
1.716201500310049057e+09 -2.142903566360473633e+00 -7.893074989318847656e+00 -9.459676146507264294e-01 0.000000000000000000e+00 0.000000000000000000e+00 0.000000000000000000e+00 1.000000000000000000e+00
1.716201500359741211e+09 -2.142890453338623047e+00 -7.920867443084716797e+00 -9.540054798126219593e-01 0.000000000000000000e+00 0.000000000000000000e+00 0.000000000000000000e+00 1.000000000000000000e+00
1.716201500409917593e+09 -2.151126623153686523e+00 -7.976513862609863281e+00 -9.696118235588073730e-01 0.000000000000000000e+00 0.000000000000000000e+00 0.000000000000000000e+00 1.000000000000000000e+00
1.716201500459996462e+09 -2.152879953384399414e+00 -8.005437850952148438e+00 -9.758933782577515759e-01 0.000000000000000000e+00 0.000000000000000000e+00 0.000000000000000000e+00 1.000000000000000000e+00
1.716201500560321093e+09 -2.163463592529296875e+00 -8.089054107666015625e+00 -9.932616353034972034e-01 0.000000000000000000e+00 0.000000000000000000e+00 0.000000000000000000e+00 1.000000000000000000e+00
1.716201500660844564e+09 -2.173026323318481001e+00 -8.160941123962402344e+00 -1.003914117813110352e+00 0.000000000000000000e+00 0.000000000000000000e+00 0.000000000000000000e+00 1.000000000000000000e+00
1.716201500710819483e+09 -2.178105354309082031e+00 -8.197049140930175781e+00 -1.008412241935729980e+00 0.000000000000000000e+00 0.000000000000000000e+00 0.000000000000000000e+00 1.000000000000000000e+00
1.716201500811588049e+09 -2.195219278335571733e+00 -8.295287132263183594e+00 -1.024990558624267578e+00 0.000000000000000000e+00 0.000000000000000000e+00 0.000000000000000000e+00 1.000000000000000000e+00
1.716201500861800909e+09 -2.199971675872802734e+00 -8.331679344177246094e+00 -1.028764486312866211e+00 0.000000000000000000e+00 0.000000000000000000e+00 0.000000000000000000e+00 1.000000000000000000e+00
1.716201500911956787e+09 -2.204883337020874023e+00 -8.369100570678710938e+00 -1.032532930374145508e+00 0.000000000000000000e+00 0.000000000000000000e+00 0.000000000000000000e+00 1.000000000000000000e+00
1.716201500962403774e+09 -2.210662126541137695e+00 -8.411395072937011719e+00 -1.037211537361145020e+00 0.000000000000000000e+00 0.000000000000000000e+00 0.000000000000000000e+00 1.000000000000000000e+00
1.716201501012255669e+09 -2.225930690765380859e+00 -8.487982749938964844e+00 -1.052013993263244629e+00 0.000000000000000000e+00 0.000000000000000000e+00 0.000000000000000000e+00 1.000000000000000000e+00
1.716201501062764645e+09 -2.231641769409180132e+00 -8.527456283569335938e+00 -1.055325984954833984e+00 0.000000000000000000e+00 0.000000000000000000e+00 0.000000000000000000e+00 1.000000000000000000e+00
1.716201501112566948e+09 -2.237544775009155718e+00 -8.568025588989257812e+00 -1.058367371559143066e+00 0.000000000000000000e+00 0.000000000000000000e+00 0.000000000000000000e+00 1.000000000000000000e+00
1.716201501162758827e+09 -2.243465185165405273e+00 -8.609894752502441406e+00 -1.060595154762268066e+00 0.000000000000000000e+00 0.000000000000000000e+00 0.000000000000000000e+00 1.000000000000000000e+00
1.716201501213178873e+09 -2.260163068771362305e+00 -8.693883895874023438e+00 -1.074407100677490234e+00 0.000000000000000000e+00 0.000000000000000000e+00 0.000000000000000000e+00 1.000000000000000000e+00
1.716201501263183832e+09 -2.265509605407714844e+00 -8.737254142761230469e+00 -1.075592756271362305e+00 0.000000000000000000e+00 0.000000000000000000e+00 0.000000000000000000e+00 1.000000000000000000e+00
1.716201501313561440e+09 -2.270657300949096680e+00 -8.780899047851562500e+00 -1.075950384140014648e+00 0.000000000000000000e+00 0.000000000000000000e+00 0.000000000000000000e+00 1.000000000000000000e+00
1.716201501363720655e+09 -2.276356935501098189e+00 -8.827533721923828125e+00 -1.076541066169738770e+00 0.000000000000000000e+00 0.000000000000000000e+00 0.000000000000000000e+00 1.000000000000000000e+00
1.716201501414331436e+09 -2.291523694992064986e+00 -8.915978431701660156e+00 -1.087202668190002441e+00 0.000000000000000000e+00 0.000000000000000000e+00 0.000000000000000000e+00 1.000000000000000000e+00
1.716201501463946581e+09 -2.295975208282470703e+00 -8.963535308837890625e+00 -1.085534214973449707e+00 0.000000000000000000e+00 0.000000000000000000e+00 0.000000000000000000e+00 1.000000000000000000e+00
1.716201501514138460e+09 -2.299848318099976030e+00 -9.011573791503906250e+00 -1.082593441009521706e+00 0.000000000000000000e+00 0.000000000000000000e+00 0.000000000000000000e+00 1.000000000000000000e+00
1.716201501564480543e+09 -2.304164886474609375e+00 -9.062771797180175781e+00 -1.079306960105895996e+00 0.000000000000000000e+00 0.000000000000000000e+00 0.000000000000000000e+00 1.000000000000000000e+00
1.716201501614481926e+09 -2.308285713195800781e+00 -9.114321708679199219e+00 -1.074806094169616699e+00 0.000000000000000000e+00 0.000000000000000000e+00 0.000000000000000000e+00 1.000000000000000000e+00
1.716201501714811563e+09 -2.323153495788574219e+00 -9.209102630615234375e+00 -1.081639647483825684e+00 0.000000000000000000e+00 0.000000000000000000e+00 0.000000000000000000e+00 1.000000000000000000e+00
1.716201501764997721e+09 -2.330076217651367188e+00 -9.314984321594238281e+00 -1.066801548004150391e+00 0.000000000000000000e+00 0.000000000000000000e+00 0.000000000000000000e+00 1.000000000000000000e+00
1.716201501815340281e+09 -2.333404302597045898e+00 -9.369564056396484375e+00 -1.059052586555480957e+00 0.000000000000000000e+00 0.000000000000000000e+00 0.000000000000000000e+00 1.000000000000000000e+00
1.716201501915669203e+09 -2.347495317459106445e+00 -9.470817565917968750e+00 -1.061614990234375000e+00 0.000000000000000000e+00 0.000000000000000000e+00 0.000000000000000000e+00 1.000000000000000000e+00
1.716201501965735197e+09 -2.353098154067993164e+00 -9.581027984619140625e+00 -1.041974544525146484e+00 0.000000000000000000e+00 0.000000000000000000e+00 0.000000000000000000e+00 1.000000000000000000e+00
1.716201502015928268e+09 -2.356856107711791992e+00 -9.639019966125488281e+00 -1.032022595405578613e+00 0.000000000000000000e+00 0.000000000000000000e+00 0.000000000000000000e+00 1.000000000000000000e+00
1.716201502116472244e+09 -2.377182245254516602e+00 -9.794419288635253906e+00 -1.023320674896240234e+00 0.000000000000000000e+00 0.000000000000000000e+00 0.000000000000000000e+00 1.000000000000000000e+00
1.716201502166635275e+09 -2.383031845092772993e+00 -9.847991943359376776e+00 -1.011306285858154297e+00 0.000000000000000000e+00 0.000000000000000000e+00 0.000000000000000000e+00 1.000000000000000000e+00
1.716201502217082977e+09 -2.389821052551269087e+00 -9.903290748596191406e+00 -9.996883273124695934e-01 0.000000000000000000e+00 0.000000000000000000e+00 0.000000000000000000e+00 1.000000000000000000e+00
1.716201502317456484e+09 -2.415939092636108398e+00 -1.006327056884765625e+01 -9.905204772949219860e-01 0.000000000000000000e+00 0.000000000000000000e+00 0.000000000000000000e+00 1.000000000000000000e+00
1.716201502368314266e+09 -2.423292875289916992e+00 -1.011794948577880859e+01 -9.801353216171263538e-01 0.000000000000000000e+00 0.000000000000000000e+00 0.000000000000000000e+00 1.000000000000000000e+00
1.716201502420344114e+09 -2.441369771957397017e+00 -1.021408557891845525e+01 -9.796751141548155628e-01 0.000000000000000000e+00 0.000000000000000000e+00 0.000000000000000000e+00 1.000000000000000000e+00
1.716201502467877626e+09 -2.451941967010498047e+00 -1.027466392517089844e+01 -9.718658328056335449e-01 0.000000000000000000e+00 0.000000000000000000e+00 0.000000000000000000e+00 1.000000000000000000e+00
1.716201502518035650e+09 -2.462281703948974609e+00 -1.033037853240966797e+01 -9.623562097549438477e-01 0.000000000000000000e+00 0.000000000000000000e+00 0.000000000000000000e+00 1.000000000000000000e+00
1.716201502568399906e+09 -2.473116159439086914e+00 -1.038289070129394354e+01 -9.523101449012756348e-01 0.000000000000000000e+00 0.000000000000000000e+00 0.000000000000000000e+00 1.000000000000000000e+00
1.716201502618891716e+09 -2.485692262649536133e+00 -1.043492603302001953e+01 -9.423363208770751953e-01 0.000000000000000000e+00 0.000000000000000000e+00 0.000000000000000000e+00 1.000000000000000000e+00
1.716201502668982983e+09 -2.509673595428466797e+00 -1.052986812591552734e+01 -9.444791674613951526e-01 0.000000000000000000e+00 0.000000000000000000e+00 0.000000000000000000e+00 1.000000000000000000e+00
1.716201502719263315e+09 -2.524878501892089844e+00 -1.058195781707763672e+01 -9.357672333717346191e-01 0.000000000000000000e+00 0.000000000000000000e+00 0.000000000000000000e+00 1.000000000000000000e+00
1.716201502870135784e+09 -2.575396299362182617e+00 -1.072167110443115234e+01 -9.067723155021667480e-01 0.000000000000000000e+00 0.000000000000000000e+00 0.000000000000000000e+00 1.000000000000000000e+00
1.716201502920022964e+09 -2.592406988143920898e+00 -1.076314258575439631e+01 -8.958286046981811523e-01 0.000000000000000000e+00 0.000000000000000000e+00 0.000000000000000000e+00 1.000000000000000000e+00
1.716201502970031261e+09 -2.618833303451538086e+00 -1.083949089050292969e+01 -8.927631378173828125e-01 0.000000000000000000e+00 0.000000000000000000e+00 0.000000000000000000e+00 1.000000000000000000e+00
1.716201503020300150e+09 -2.637494564056396484e+00 -1.087759876251220881e+01 -8.805595040321350098e-01 0.000000000000000000e+00 0.000000000000000000e+00 0.000000000000000000e+00 1.000000000000000000e+00
1.716201503070441961e+09 -2.656970500946044922e+00 -1.091637420654296875e+01 -8.690019249916076660e-01 0.000000000000000000e+00 0.000000000000000000e+00 0.000000000000000000e+00 1.000000000000000000e+00
1.716201503120624781e+09 -2.676897525787353072e+00 -1.095216464996338068e+01 -8.559252023696899414e-01 0.000000000000000000e+00 0.000000000000000000e+00 0.000000000000000000e+00 1.000000000000000000e+00
1.716201503171165228e+09 -2.704534053802490234e+00 -1.101833438873291016e+01 -8.490735888481140137e-01 0.000000000000000000e+00 0.000000000000000000e+00 0.000000000000000000e+00 1.000000000000000000e+00
1.716201503221180677e+09 -2.723591089248656782e+00 -1.105104827880859375e+01 -8.361722826957702637e-01 0.000000000000000000e+00 0.000000000000000000e+00 0.000000000000000000e+00 1.000000000000000000e+00
1.716201503271248102e+09 -2.743080615997314453e+00 -1.108074951171875000e+01 -8.218638896942138672e-01 0.000000000000000000e+00 0.000000000000000000e+00 0.000000000000000000e+00 1.000000000000000000e+00
1.716201503321827173e+09 -2.762551546096801758e+00 -1.111011600494384766e+01 -8.089522123336791992e-01 0.000000000000000000e+00 0.000000000000000000e+00 0.000000000000000000e+00 1.000000000000000000e+00
1.716201503372071743e+09 -2.789694547653198242e+00 -1.116395282745361150e+01 -8.003883957862854004e-01 0.000000000000000000e+00 0.000000000000000000e+00 0.000000000000000000e+00 1.000000000000000000e+00
1.716201503422928810e+09 -2.810161828994750977e+00 -1.119083404541015625e+01 -7.876743078231811523e-01 0.000000000000000000e+00 0.000000000000000000e+00 0.000000000000000000e+00 1.000000000000000000e+00
1.716201503472254276e+09 -2.830617666244506836e+00 -1.121369361877441406e+01 -7.738435268402099609e-01 0.000000000000000000e+00 0.000000000000000000e+00 0.000000000000000000e+00 1.000000000000000000e+00
1.716201503522354841e+09 -2.851334571838378906e+00 -1.123548698425292969e+01 -7.595090270042419434e-01 0.000000000000000000e+00 0.000000000000000000e+00 0.000000000000000000e+00 1.000000000000000000e+00
1.716201503572932005e+09 -2.872288465499877930e+00 -1.125718212127685547e+01 -7.451043725013732910e-01 0.000000000000000000e+00 0.000000000000000000e+00 0.000000000000000000e+00 1.000000000000000000e+00
1.716201503623792887e+09 -2.893342256546020508e+00 -1.127692222595214844e+01 -7.295565605163574219e-01 0.000000000000000000e+00 0.000000000000000000e+00 0.000000000000000000e+00 1.000000000000000000e+00
1.716201503722855330e+09 -2.940773487091064453e+00 -1.133313751220703125e+01 -7.017413973808288574e-01 0.000000000000000000e+00 0.000000000000000000e+00 0.000000000000000000e+00 1.000000000000000000e+00
1.716201503772902727e+09 -2.962508916854858398e+00 -1.135065078735351562e+01 -6.850304603576660156e-01 0.000000000000000000e+00 0.000000000000000000e+00 0.000000000000000000e+00 1.000000000000000000e+00
1.716201503823112726e+09 -2.988855123519897017e+00 -1.138621234893798828e+01 -6.717534065246582031e-01 0.000000000000000000e+00 0.000000000000000000e+00 0.000000000000000000e+00 1.000000000000000000e+00
1.716201503873300076e+09 -3.011044740676879883e+00 -1.140464782714843750e+01 -6.544374227523803711e-01 0.000000000000000000e+00 0.000000000000000000e+00 0.000000000000000000e+00 1.000000000000000000e+00
1.716201503923457861e+09 -3.034013748168945312e+00 -1.142288589477539062e+01 -6.367271542549133301e-01 0.000000000000000000e+00 0.000000000000000000e+00 0.000000000000000000e+00 1.000000000000000000e+00
1.716201503973525763e+09 -3.057272434234619141e+00 -1.143998908996582031e+01 -6.186775565147399902e-01 0.000000000000000000e+00 0.000000000000000000e+00 0.000000000000000000e+00 1.000000000000000000e+00
1.716201504023809195e+09 -3.085574865341186523e+00 -1.147693443298339844e+01 -6.050899028778076172e-01 0.000000000000000000e+00 0.000000000000000000e+00 0.000000000000000000e+00 1.000000000000000000e+00
1.716201504073799133e+09 -3.107834815979003906e+00 -1.149376010894775391e+01 -5.893262028694152832e-01 0.000000000000000000e+00 0.000000000000000000e+00 0.000000000000000000e+00 1.000000000000000000e+00
1.716201504124490738e+09 -3.131800174713134766e+00 -1.151115703582763672e+01 -5.733281373977661133e-01 0.000000000000000000e+00 0.000000000000000000e+00 0.000000000000000000e+00 1.000000000000000000e+00
1.716201504174379349e+09 -3.155633926391601562e+00 -1.152837371826172053e+01 -5.581957697868347168e-01 0.000000000000000000e+00 0.000000000000000000e+00 0.000000000000000000e+00 1.000000000000000000e+00
1.716201504274900436e+09 -3.203488826751708984e+00 -1.156178855895995916e+01 -5.324566960334777832e-01 0.000000000000000000e+00 0.000000000000000000e+00 0.000000000000000000e+00 1.000000000000000000e+00
1.716201504375084400e+09 -3.234347343444824219e+00 -1.160257816314697266e+01 -5.269233584403991699e-01 0.000000000000000000e+00 0.000000000000000000e+00 0.000000000000000000e+00 1.000000000000000000e+00
1.716201504425481558e+09 -3.286082506179809570e+00 -1.164153099060058594e+01 -5.160120725631713867e-01 0.000000000000000000e+00 0.000000000000000000e+00 0.000000000000000000e+00 1.000000000000000000e+00
1.716201504475279093e+09 -3.313187837600708008e+00 -1.166149902343750000e+01 -5.145089626312255859e-01 0.000000000000000000e+00 0.000000000000000000e+00 0.000000000000000000e+00 1.000000000000000000e+00
1.716201505127836943e+09 -3.696022748947143999e+00 -1.202998638153076172e+01 -6.563822627067565918e-01 0.000000000000000000e+00 0.000000000000000000e+00 0.000000000000000000e+00 1.000000000000000000e+00
1.716201505177738905e+09 -3.726476907730102983e+00 -1.205163097381591797e+01 -6.728664040565490723e-01 0.000000000000000000e+00 0.000000000000000000e+00 0.000000000000000000e+00 1.000000000000000000e+00
1.716201505228026628e+09 -3.767188787460327148e+00 -1.210406684875488459e+01 -6.950732469558715820e-01 0.000000000000000000e+00 0.000000000000000000e+00 0.000000000000000000e+00 1.000000000000000000e+00
1.716201505329349995e+09 -3.826714038848876953e+00 -1.214445972442626953e+01 -7.273397445678710938e-01 0.000000000000000000e+00 0.000000000000000000e+00 0.000000000000000000e+00 1.000000000000000000e+00
1.716201505378509045e+09 -3.855637311935424805e+00 -1.216210365295410156e+01 -7.439063191413879395e-01 0.000000000000000000e+00 0.000000000000000000e+00 0.000000000000000000e+00 1.000000000000000000e+00
1.716201505428862572e+09 -3.885159015655517578e+00 -1.217946338653564453e+01 -7.606940269470214844e-01 0.000000000000000000e+00 0.000000000000000000e+00 0.000000000000000000e+00 1.000000000000000000e+00
1.716201505529570580e+09 -3.952366590499877930e+00 -1.223827648162841797e+01 -7.988530993461608887e-01 0.000000000000000000e+00 0.000000000000000000e+00 0.000000000000000000e+00 1.000000000000000000e+00
1.716201505579375267e+09 -3.982228755950928178e+00 -1.225324726104736328e+01 -8.155221343040466309e-01 0.000000000000000000e+00 0.000000000000000000e+00 0.000000000000000000e+00 1.000000000000000000e+00
1.716201505629534960e+09 -4.021359443664550781e+00 -1.229205226898193359e+01 -8.367881178855895996e-01 0.000000000000000000e+00 0.000000000000000000e+00 0.000000000000000000e+00 1.000000000000000000e+00
1.716201505730704308e+09 -4.081346035003662109e+00 -1.231882286071777166e+01 -8.678971529006958008e-01 0.000000000000000000e+00 0.000000000000000000e+00 0.000000000000000000e+00 1.000000000000000000e+00
1.716201505780013323e+09 -4.111054420471191406e+00 -1.232853889465332031e+01 -8.830724358558654785e-01 0.000000000000000000e+00 0.000000000000000000e+00 0.000000000000000000e+00 1.000000000000000000e+00
1.716201505829988003e+09 -4.139887332916259766e+00 -1.233746051788330078e+01 -8.980037569999694824e-01 0.000000000000000000e+00 0.000000000000000000e+00 0.000000000000000000e+00 1.000000000000000000e+00
1.716201505880049467e+09 -4.173682212829589844e+00 -1.236241626739501953e+01 -9.153850674629212536e-01 0.000000000000000000e+00 0.000000000000000000e+00 0.000000000000000000e+00 1.000000000000000000e+00
1.716201505931265354e+09 -4.200918197631835938e+00 -1.236985969543457031e+01 -9.290609359741212048e-01 0.000000000000000000e+00 0.000000000000000000e+00 0.000000000000000000e+00 1.000000000000000000e+00
1.716201505980854273e+09 -4.227668285369873047e+00 -1.237530136108398438e+01 -9.425619840621948242e-01 0.000000000000000000e+00 0.000000000000000000e+00 0.000000000000000000e+00 1.000000000000000000e+00
1.716201506031202555e+09 -4.254858016967773438e+00 -1.238053226470947266e+01 -9.560867547988891602e-01 0.000000000000000000e+00 0.000000000000000000e+00 0.000000000000000000e+00 1.000000000000000000e+00
1.716201506081328869e+09 -4.283975124359130859e+00 -1.239451694488525391e+01 -9.706856012344360352e-01 0.000000000000000000e+00 0.000000000000000000e+00 0.000000000000000000e+00 1.000000000000000000e+00
1.716201506132165194e+09 -4.309111595153808594e+00 -1.239526176452636719e+01 -9.827231168746948242e-01 0.000000000000000000e+00 0.000000000000000000e+00 0.000000000000000000e+00 1.000000000000000000e+00
1.716201506182081699e+09 -4.334204673767089844e+00 -1.239599704742431641e+01 -9.946216344833374023e-01 0.000000000000000000e+00 0.000000000000000000e+00 0.000000000000000000e+00 1.000000000000000000e+00
1.716201506234211683e+09 -4.359373569488525391e+00 -1.239563274383544922e+01 -1.006231307983398438e+00 0.000000000000000000e+00 0.000000000000000000e+00 0.000000000000000000e+00 1.000000000000000000e+00
1.716201506281838179e+09 -4.386100769042968750e+00 -1.240100288391113281e+01 -1.018527507781982422e+00 0.000000000000000000e+00 0.000000000000000000e+00 0.000000000000000000e+00 1.000000000000000000e+00
1.716201506331916809e+09 -4.408848762512207031e+00 -1.239735889434814453e+01 -1.028710961341857910e+00 0.000000000000000000e+00 0.000000000000000000e+00 0.000000000000000000e+00 1.000000000000000000e+00
1.716201506382632494e+09 -4.451902866363525391e+00 -1.238700675964355646e+01 -1.046482443809509277e+00 0.000000000000000000e+00 0.000000000000000000e+00 0.000000000000000000e+00 1.000000000000000000e+00
1.716201506433877945e+09 -4.473659992218017578e+00 -1.238190269470214844e+01 -1.054280161857604980e+00 0.000000000000000000e+00 0.000000000000000000e+00 0.000000000000000000e+00 1.000000000000000000e+00
1.716201506538268089e+09 -4.495340824127197266e+00 -1.237802219390869141e+01 -1.061317205429077148e+00 0.000000000000000000e+00 0.000000000000000000e+00 0.000000000000000000e+00 1.000000000000000000e+00
1.716201506585020065e+09 -4.540347099304199219e+00 -1.236471366882324219e+01 -1.072460532188415527e+00 0.000000000000000000e+00 0.000000000000000000e+00 0.000000000000000000e+00 1.000000000000000000e+00
1.716201506683354616e+09 -4.562612533569335938e+00 -1.235788726806640625e+01 -1.076330780982971191e+00 0.000000000000000000e+00 0.000000000000000000e+00 0.000000000000000000e+00 1.000000000000000000e+00
1.716201506734127522e+09 -4.584118366241455078e+00 -1.235459709167480469e+01 -1.080004692077636719e+00 0.000000000000000000e+00 0.000000000000000000e+00 0.000000000000000000e+00 1.000000000000000000e+00
1.716201506784571886e+09 -4.604777336120605469e+00 -1.234755992889404475e+01 -1.082127094268798828e+00 0.000000000000000000e+00 0.000000000000000000e+00 0.000000000000000000e+00 1.000000000000000000e+00
1.716201506834103584e+09 -4.644817352294921875e+00 -1.233544921875000000e+01 -1.083905816078186035e+00 0.000000000000000000e+00 0.000000000000000000e+00 0.000000000000000000e+00 1.000000000000000000e+00
1.716201506883955002e+09 -4.665848255157470703e+00 -1.232964324951172053e+01 -1.084121108055114746e+00 0.000000000000000000e+00 0.000000000000000000e+00 0.000000000000000000e+00 1.000000000000000000e+00
1.716201507035583973e+09 -4.733043193817138672e+00 -1.231554222106933594e+01 -1.081130266189575195e+00 0.000000000000000000e+00 0.000000000000000000e+00 0.000000000000000000e+00 1.000000000000000000e+00
1.716201507235697746e+09 -4.808891773223876953e+00 -1.230753803253173828e+01 -1.072821617126464844e+00 0.000000000000000000e+00 0.000000000000000000e+00 0.000000000000000000e+00 1.000000000000000000e+00
1.716201507286627054e+09 -4.835235595703125000e+00 -1.230352020263672053e+01 -1.068789720535278320e+00 0.000000000000000000e+00 0.000000000000000000e+00 0.000000000000000000e+00 1.000000000000000000e+00
1.716201507387153387e+09 -4.889657020568847656e+00 -1.230150222778320312e+01 -1.059254169464111106e+00 0.000000000000000000e+00 0.000000000000000000e+00 0.000000000000000000e+00 1.000000000000000000e+00
1.716201507486512423e+09 -4.944268703460693359e+00 -1.229662036895751953e+01 -1.046158552169799805e+00 0.000000000000000000e+00 0.000000000000000000e+00 0.000000000000000000e+00 1.000000000000000000e+00
1.716201507538528919e+09 -4.999103069305419922e+00 -1.229073524475097656e+01 -1.030950546264648438e+00 0.000000000000000000e+00 0.000000000000000000e+00 0.000000000000000000e+00 1.000000000000000000e+00
1.716201507637611866e+09 -5.029751300811767578e+00 -1.229183483123779119e+01 -1.023537516593933105e+00 0.000000000000000000e+00 0.000000000000000000e+00 0.000000000000000000e+00 1.000000000000000000e+00
1.716201507687568188e+09 -5.087420463562011719e+00 -1.228263950347900391e+01 -1.006085038185119629e+00 0.000000000000000000e+00 0.000000000000000000e+00 0.000000000000000000e+00 1.000000000000000000e+00
1.716201507738933086e+09 -5.116297721862792969e+00 -1.227569198608398438e+01 -9.974462985992431641e-01 0.000000000000000000e+00 0.000000000000000000e+00 0.000000000000000000e+00 1.000000000000000000e+00
1.716201507788670301e+09 -5.147102355957031250e+00 -1.227000522613525391e+01 -9.891008734703063965e-01 0.000000000000000000e+00 0.000000000000000000e+00 0.000000000000000000e+00 1.000000000000000000e+00
1.716201507838203907e+09 -5.178202629089356357e+00 -1.226615619659423828e+01 -9.815621376037597656e-01 0.000000000000000000e+00 0.000000000000000000e+00 0.000000000000000000e+00 1.000000000000000000e+00
1.716201507888380051e+09 -5.208312988281250000e+00 -1.225840950012207031e+01 -9.731174111366271973e-01 0.000000000000000000e+00 0.000000000000000000e+00 0.000000000000000000e+00 1.000000000000000000e+00
1.716201507988865137e+09 -5.266049385070800781e+00 -1.224064731597900391e+01 -9.550497531890868030e-01 0.000000000000000000e+00 0.000000000000000000e+00 0.000000000000000000e+00 1.000000000000000000e+00
1.716201508039116383e+09 -5.290991783142089844e+00 -1.223048782348632812e+01 -9.464512467384338379e-01 0.000000000000000000e+00 0.000000000000000000e+00 0.000000000000000000e+00 1.000000000000000000e+00
1.716201508089601517e+09 -5.317045211791992188e+00 -1.221976280212402344e+01 -9.379404187202453613e-01 0.000000000000000000e+00 0.000000000000000000e+00 0.000000000000000000e+00 1.000000000000000000e+00
1.716201508139686108e+09 -5.342965126037597656e+00 -1.220890998840332031e+01 -9.300135374069213867e-01 0.000000000000000000e+00 0.000000000000000000e+00 0.000000000000000000e+00 1.000000000000000000e+00
1.716201508240233898e+09 -5.367998123168945312e+00 -1.219719219207763672e+01 -9.224650859832763672e-01 0.000000000000000000e+00 0.000000000000000000e+00 0.000000000000000000e+00 1.000000000000000000e+00
1.716201508340379477e+09 -5.390464305877685547e+00 -1.218200778961181641e+01 -9.153833389282227673e-01 0.000000000000000000e+00 0.000000000000000000e+00 0.000000000000000000e+00 1.000000000000000000e+00
1.716201508390975714e+09 -5.436074733734130859e+00 -1.215707206726074219e+01 -9.050801992416381836e-01 0.000000000000000000e+00 0.000000000000000000e+00 0.000000000000000000e+00 1.000000000000000000e+00
1.716201508441088915e+09 -5.456081867218017578e+00 -1.214134311676025391e+01 -8.998128771781921387e-01 0.000000000000000000e+00 0.000000000000000000e+00 0.000000000000000000e+00 1.000000000000000000e+00
1.716201508490936041e+09 -5.494226932525634766e+00 -1.211687374114990234e+01 -8.913074731826782227e-01 0.000000000000000000e+00 0.000000000000000000e+00 0.000000000000000000e+00 1.000000000000000000e+00
1.716201508541055679e+09 -5.509912967681884766e+00 -1.210384082794189631e+01 -8.872850537300109863e-01 0.000000000000000000e+00 0.000000000000000000e+00 0.000000000000000000e+00 1.000000000000000000e+00
1.716201508591386080e+09 -5.523899555206298828e+00 -1.209038925170898438e+01 -8.834890127182006836e-01 0.000000000000000000e+00 0.000000000000000000e+00 0.000000000000000000e+00 1.000000000000000000e+00
1.716201508691534519e+09 -5.532657146453857422e+00 -1.207165336608886719e+01 -8.788394927978515625e-01 0.000000000000000000e+00 0.000000000000000000e+00 0.000000000000000000e+00 1.000000000000000000e+00
1.716201508741787910e+09 -5.541743755340576172e+00 -1.205930137634277166e+01 -8.749587535858154297e-01 0.000000000000000000e+00 0.000000000000000000e+00 0.000000000000000000e+00 1.000000000000000000e+00
1.716201508791835785e+09 -5.552826881408691406e+00 -1.203676033020019531e+01 -8.669187426567077637e-01 0.000000000000000000e+00 0.000000000000000000e+00 0.000000000000000000e+00 1.000000000000000000e+00
1.716201509795464754e+09 -5.202410221099853516e+00 -1.183318138122558594e+01 -8.238480091094970703e-01 0.000000000000000000e+00 0.000000000000000000e+00 0.000000000000000000e+00 1.000000000000000000e+00
1.716201509845606565e+09 -5.151642322540283203e+00 -1.181069850921630859e+01 -8.370020985603332520e-01 0.000000000000000000e+00 0.000000000000000000e+00 0.000000000000000000e+00 1.000000000000000000e+00
1.716201509896398544e+09 -5.128147602081298828e+00 -1.179831123352050781e+01 -8.449391722679138184e-01 0.000000000000000000e+00 0.000000000000000000e+00 0.000000000000000000e+00 1.000000000000000000e+00
1.716201509996196508e+09 -5.072192192077636719e+00 -1.174762153625488459e+01 -8.597376942634582520e-01 0.000000000000000000e+00 0.000000000000000000e+00 0.000000000000000000e+00 1.000000000000000000e+00
1.716201510046620846e+09 -5.048791885375976562e+00 -1.173025894165039062e+01 -8.696820735931396484e-01 0.000000000000000000e+00 0.000000000000000000e+00 0.000000000000000000e+00 1.000000000000000000e+00
1.716201510147493839e+09 -4.992086887359619141e+00 -1.166963291168212713e+01 -8.848910331726074219e-01 0.000000000000000000e+00 0.000000000000000000e+00 0.000000000000000000e+00 1.000000000000000000e+00
1.716201510196956158e+09 -4.968573570251464844e+00 -1.165182876586914062e+01 -8.967143893241882324e-01 0.000000000000000000e+00 0.000000000000000000e+00 0.000000000000000000e+00 1.000000000000000000e+00
1.716201510297703981e+09 -4.925985336303710938e+00 -1.161273002624511541e+01 -9.221892356872559704e-01 0.000000000000000000e+00 0.000000000000000000e+00 0.000000000000000000e+00 1.000000000000000000e+00
1.716201510347584724e+09 -4.907376289367675781e+00 -1.159124469757080078e+01 -9.358354210853575550e-01 0.000000000000000000e+00 0.000000000000000000e+00 0.000000000000000000e+00 1.000000000000000000e+00
1.716201510397402525e+09 -4.882102012634277344e+00 -1.154782295227050781e+01 -9.460716843605041504e-01 0.000000000000000000e+00 0.000000000000000000e+00 0.000000000000000000e+00 1.000000000000000000e+00
1.716201510499323606e+09 -4.852563381195068359e+00 -1.149909114837646484e+01 -9.739770889282227673e-01 0.000000000000000000e+00 0.000000000000000000e+00 0.000000000000000000e+00 1.000000000000000000e+00
1.716201510550430536e+09 -4.840513706207275391e+00 -1.147276687622070312e+01 -9.863212108612060547e-01 0.000000000000000000e+00 0.000000000000000000e+00 0.000000000000000000e+00 1.000000000000000000e+00
1.716201510648555040e+09 -4.819758415222167969e+00 -1.142144775390625000e+01 -9.929354786872863770e-01 0.000000000000000000e+00 0.000000000000000000e+00 0.000000000000000000e+00 1.000000000000000000e+00
1.716201510699625254e+09 -4.801593780517578125e+00 -1.137098598480224609e+01 -1.010760903358459695e+00 0.000000000000000000e+00 0.000000000000000000e+00 0.000000000000000000e+00 1.000000000000000000e+00
1.716201510751012087e+09 -4.793866157531738281e+00 -1.134391498565673828e+01 -1.017769575119018555e+00 0.000000000000000000e+00 0.000000000000000000e+00 0.000000000000000000e+00 1.000000000000000000e+00
1.716201510799734592e+09 -4.788376331329345703e+00 -1.131723117828369141e+01 -1.023691654205322488e+00 0.000000000000000000e+00 0.000000000000000000e+00 0.000000000000000000e+00 1.000000000000000000e+00
1.716201510850052595e+09 -4.784351825714111328e+00 -1.128916740417480469e+01 -1.027979731559753418e+00 0.000000000000000000e+00 0.000000000000000000e+00 0.000000000000000000e+00 1.000000000000000000e+00
1.716201510949491978e+09 -4.770657062530517578e+00 -1.120964813232422053e+01 -1.027693271636962891e+00 0.000000000000000000e+00 0.000000000000000000e+00 0.000000000000000000e+00 1.000000000000000000e+00
1.716201511050377131e+09 -4.769239425659179688e+00 -1.118123626708984375e+01 -1.028406143188476562e+00 0.000000000000000000e+00 0.000000000000000000e+00 0.000000000000000000e+00 1.000000000000000000e+00
1.716201511099565029e+09 -4.757362842559815341e+00 -1.112573432922363281e+01 -1.021265268325805664e+00 0.000000000000000000e+00 0.000000000000000000e+00 0.000000000000000000e+00 1.000000000000000000e+00
1.716201511150521517e+09 -4.759621620178222656e+00 -1.106497669219970881e+01 -1.015384674072265625e+00 0.000000000000000000e+00 0.000000000000000000e+00 0.000000000000000000e+00 1.000000000000000000e+00
1.716201511200005293e+09 -4.761785030364990234e+00 -1.103273391723632812e+01 -1.011228680610656738e+00 0.000000000000000000e+00 0.000000000000000000e+00 0.000000000000000000e+00 1.000000000000000000e+00
1.716201511250557899e+09 -4.764555454254150391e+00 -1.099918174743652344e+01 -1.006690502166748047e+00 0.000000000000000000e+00 0.000000000000000000e+00 0.000000000000000000e+00 1.000000000000000000e+00
1.716201511351012468e+09 -4.756183147430419922e+00 -1.089901542663574219e+01 -9.880486130714416504e-01 0.000000000000000000e+00 0.000000000000000000e+00 0.000000000000000000e+00 1.000000000000000000e+00
1.716201511400956869e+09 -4.759369850158691406e+00 -1.086332607269287287e+01 -9.819839000701904297e-01 0.000000000000000000e+00 0.000000000000000000e+00 0.000000000000000000e+00 1.000000000000000000e+00
1.716201511452017307e+09 -4.763229846954345703e+00 -1.082612323760986328e+01 -9.762496948242187500e-01 0.000000000000000000e+00 0.000000000000000000e+00 0.000000000000000000e+00 1.000000000000000000e+00
1.716201511551387072e+09 -4.752552509307861328e+00 -1.075568294525146484e+01 -9.630867242813110352e-01 0.000000000000000000e+00 0.000000000000000000e+00 0.000000000000000000e+00 1.000000000000000000e+00
1.716201511601723909e+09 -4.761570453643798828e+00 -1.067764377593993963e+01 -9.545003771781920276e-01 0.000000000000000000e+00 0.000000000000000000e+00 0.000000000000000000e+00 1.000000000000000000e+00
1.716201511652747869e+09 -4.763767242431640625e+00 -1.063830757141113281e+01 -9.509744644165040173e-01 0.000000000000000000e+00 0.000000000000000000e+00 0.000000000000000000e+00 1.000000000000000000e+00
1.716201511702045441e+09 -4.765934944152832031e+00 -1.059991931915283203e+01 -9.481172561645507812e-01 0.000000000000000000e+00 0.000000000000000000e+00 0.000000000000000000e+00 1.000000000000000000e+00
1.716201511802103043e+09 -4.750587463378906250e+00 -1.052365016937256037e+01 -9.394970536231995739e-01 0.000000000000000000e+00 0.000000000000000000e+00 0.000000000000000000e+00 1.000000000000000000e+00
1.716201511852283239e+09 -4.751395702362060547e+00 -1.048201560974121271e+01 -9.385203719139100231e-01 0.000000000000000000e+00 0.000000000000000000e+00 0.000000000000000000e+00 1.000000000000000000e+00
1.716201511902359724e+09 -4.751883983612060547e+00 -1.044043064117431641e+01 -9.378063082695008434e-01 0.000000000000000000e+00 0.000000000000000000e+00 0.000000000000000000e+00 1.000000000000000000e+00
1.716201511952569246e+09 -4.736107826232910156e+00 -1.032231235504150391e+01 -9.306618571281431995e-01 0.000000000000000000e+00 0.000000000000000000e+00 0.000000000000000000e+00 1.000000000000000000e+00
1.716201512002821922e+09 -4.734378814697265625e+00 -1.028029155731201172e+01 -9.309101104736328125e-01 0.000000000000000000e+00 0.000000000000000000e+00 0.000000000000000000e+00 1.000000000000000000e+00
1.716201512052990198e+09 -4.731524467468261719e+00 -1.023983478546142578e+01 -9.313737154006958008e-01 0.000000000000000000e+00 0.000000000000000000e+00 0.000000000000000000e+00 1.000000000000000000e+00
1.716201512153359175e+09 -4.710780143737792969e+00 -1.012413406372070312e+01 -9.273701310157775879e-01 0.000000000000000000e+00 0.000000000000000000e+00 0.000000000000000000e+00 1.000000000000000000e+00
1.716201512203407764e+09 -4.708487033843994141e+00 -1.008386325836181641e+01 -9.303243756294250488e-01 0.000000000000000000e+00 0.000000000000000000e+00 0.000000000000000000e+00 1.000000000000000000e+00
1.716201512253719568e+09 -4.704797267913818359e+00 -1.004319190979004084e+01 -9.328259825706481934e-01 0.000000000000000000e+00 0.000000000000000000e+00 0.000000000000000000e+00 1.000000000000000000e+00
1.716201512354118109e+09 -4.681522846221923828e+00 -9.932343482971191406e+00 -9.313267469406127930e-01 0.000000000000000000e+00 0.000000000000000000e+00 0.000000000000000000e+00 1.000000000000000000e+00
1.716201512404272795e+09 -4.675424098968505859e+00 -9.891535758972167969e+00 -9.340409040451049805e-01 0.000000000000000000e+00 0.000000000000000000e+00 0.000000000000000000e+00 1.000000000000000000e+00
1.716201512454491138e+09 -4.669754028320312500e+00 -9.853912353515623224e+00 -9.366956353187559925e-01 0.000000000000000000e+00 0.000000000000000000e+00 0.000000000000000000e+00 1.000000000000000000e+00
1.716201512505064249e+09 -4.663255691528320312e+00 -9.814333915710449219e+00 -9.395809769630432129e-01 0.000000000000000000e+00 0.000000000000000000e+00 0.000000000000000000e+00 1.000000000000000000e+00
1.716201512555277348e+09 -4.656160354614257812e+00 -9.776338577270507812e+00 -9.417025446891783558e-01 0.000000000000000000e+00 0.000000000000000000e+00 0.000000000000000000e+00 1.000000000000000000e+00
1.716201512655566692e+09 -4.635450363159179688e+00 -9.710115432739257812e+00 -9.372470974922180176e-01 0.000000000000000000e+00 0.000000000000000000e+00 0.000000000000000000e+00 1.000000000000000000e+00
1.716201512705595970e+09 -4.620563030242919922e+00 -9.636642456054687500e+00 -9.414307475090027966e-01 0.000000000000000000e+00 0.000000000000000000e+00 0.000000000000000000e+00 1.000000000000000000e+00
1.716201512755733490e+09 -4.612889289855957031e+00 -9.598917007446287286e+00 -9.432562589645385742e-01 0.000000000000000000e+00 0.000000000000000000e+00 0.000000000000000000e+00 1.000000000000000000e+00
1.716201512806034327e+09 -4.590302467346191406e+00 -9.529290199279783380e+00 -9.374973177909852184e-01 0.000000000000000000e+00 0.000000000000000000e+00 0.000000000000000000e+00 1.000000000000000000e+00
1.716201512856113672e+09 -4.582389831542968750e+00 -9.493189811706544745e+00 -9.377085566520692028e-01 0.000000000000000000e+00 0.000000000000000000e+00 0.000000000000000000e+00 1.000000000000000000e+00
1.716201512906350851e+09 -4.574865818023681641e+00 -9.456993103027343750e+00 -9.375029206275939941e-01 0.000000000000000000e+00 0.000000000000000000e+00 0.000000000000000000e+00 1.000000000000000000e+00
1.716201512956434488e+09 -4.566316604614257812e+00 -9.419263839721679688e+00 -9.362600445747375488e-01 0.000000000000000000e+00 0.000000000000000000e+00 0.000000000000000000e+00 1.000000000000000000e+00
1.716201513007808685e+09 -4.557642936706542969e+00 -9.382705688476562500e+00 -9.350805878639220081e-01 0.000000000000000000e+00 0.000000000000000000e+00 0.000000000000000000e+00 1.000000000000000000e+00
1.716201513057437181e+09 -4.548844337463378906e+00 -9.346332550048828125e+00 -9.333722591400146484e-01 0.000000000000000000e+00 0.000000000000000000e+00 0.000000000000000000e+00 1.000000000000000000e+00
1.716201513157952070e+09 -4.524012565612792969e+00 -9.276656150817872870e+00 -9.227915406227111816e-01 0.000000000000000000e+00 0.000000000000000000e+00 0.000000000000000000e+00 1.000000000000000000e+00
1.716201513208045244e+09 -4.507174968719482422e+00 -9.203589439392089844e+00 -9.189540147781372070e-01 0.000000000000000000e+00 0.000000000000000000e+00 0.000000000000000000e+00 1.000000000000000000e+00
1.716201513258270502e+09 -4.497550010681152344e+00 -9.165523529052734375e+00 -9.163371324539183460e-01 0.000000000000000000e+00 0.000000000000000000e+00 0.000000000000000000e+00 1.000000000000000000e+00
1.716201513358988762e+09 -4.471417903900146484e+00 -9.095537185668943536e+00 -9.048271179199219860e-01 0.000000000000000000e+00 0.000000000000000000e+00 0.000000000000000000e+00 1.000000000000000000e+00
1.716201513408830881e+09 -4.459792613983154297e+00 -9.055296897888183594e+00 -9.010774493217468262e-01 0.000000000000000000e+00 0.000000000000000000e+00 0.000000000000000000e+00 1.000000000000000000e+00
1.716201513458921194e+09 -4.434884071350097656e+00 -8.979810714721679688e+00 -8.950135111808776855e-01 0.000000000000000000e+00 0.000000000000000000e+00 0.000000000000000000e+00 1.000000000000000000e+00
1.716201513509318352e+09 -4.420965194702148438e+00 -8.941740989685058594e+00 -8.915778398513793945e-01 0.000000000000000000e+00 0.000000000000000000e+00 0.000000000000000000e+00 1.000000000000000000e+00
1.716201513609448195e+09 -4.389611721038818359e+00 -8.868880271911621094e+00 -8.788630962371826172e-01 0.000000000000000000e+00 0.000000000000000000e+00 0.000000000000000000e+00 1.000000000000000000e+00
1.716201513659657955e+09 -4.360967636108398438e+00 -8.795354843139648438e+00 -8.721801638603210449e-01 0.000000000000000000e+00 0.000000000000000000e+00 0.000000000000000000e+00 1.000000000000000000e+00
1.716201513709897757e+09 -4.346285343170166016e+00 -8.759835243225097656e+00 -8.691233992576599121e-01 0.000000000000000000e+00 0.000000000000000000e+00 0.000000000000000000e+00 1.000000000000000000e+00
1.716201513810145140e+09 -4.296995162963867188e+00 -8.654046058654785156e+00 -8.538701534271240234e-01 0.000000000000000000e+00 0.000000000000000000e+00 0.000000000000000000e+00 1.000000000000000000e+00
1.716201513860798836e+09 -4.281055450439453125e+00 -8.619122505187988281e+00 -8.508632779121398926e-01 0.000000000000000000e+00 0.000000000000000000e+00 0.000000000000000000e+00 1.000000000000000000e+00
1.716201513910941124e+09 -4.265938758850097656e+00 -8.586131095886230469e+00 -8.476840853691101074e-01 0.000000000000000000e+00 0.000000000000000000e+00 0.000000000000000000e+00 1.000000000000000000e+00
1.716201514011221409e+09 -4.235004425048828125e+00 -8.521883010864257812e+00 -8.361858129501342773e-01 0.000000000000000000e+00 0.000000000000000000e+00 0.000000000000000000e+00 1.000000000000000000e+00
1.716201514061359167e+09 -4.201939582824707031e+00 -8.458403587341308594e+00 -8.299502730369567871e-01 0.000000000000000000e+00 0.000000000000000000e+00 0.000000000000000000e+00 1.000000000000000000e+00
1.716201514111527205e+09 -4.184665203094482422e+00 -8.429883003234863281e+00 -8.268985152244567871e-01 0.000000000000000000e+00 0.000000000000000000e+00 0.000000000000000000e+00 1.000000000000000000e+00
1.716201514212348223e+09 -4.133682250976562500e+00 -8.346521377563476562e+00 -8.123225569725036621e-01 0.000000000000000000e+00 0.000000000000000000e+00 0.000000000000000000e+00 1.000000000000000000e+00
1.716201514262125254e+09 -4.117170810699462891e+00 -8.322118759155273438e+00 -8.095948100090026855e-01 0.000000000000000000e+00 0.000000000000000000e+00 0.000000000000000000e+00 1.000000000000000000e+00
1.716201514312237740e+09 -4.100465297698974609e+00 -8.298912048339843750e+00 -8.070267438888549805e-01 0.000000000000000000e+00 0.000000000000000000e+00 0.000000000000000000e+00 1.000000000000000000e+00
1.716201514362426281e+09 -4.084368705749511719e+00 -8.276633262634277344e+00 -8.041544556617736816e-01 0.000000000000000000e+00 0.000000000000000000e+00 0.000000000000000000e+00 1.000000000000000000e+00
1.716201514462732792e+09 -4.057044029235839844e+00 -8.232847213745117188e+00 -7.952100038528442383e-01 0.000000000000000000e+00 0.000000000000000000e+00 0.000000000000000000e+00 1.000000000000000000e+00
1.716201514513005018e+09 -4.040656566619873047e+00 -8.213163375854492188e+00 -7.917461991310119629e-01 0.000000000000000000e+00 0.000000000000000000e+00 0.000000000000000000e+00 1.000000000000000000e+00
1.716201514563083172e+09 -4.007844448089599609e+00 -8.178364753723144531e+00 -7.849034667015075684e-01 0.000000000000000000e+00 0.000000000000000000e+00 0.000000000000000000e+00 1.000000000000000000e+00
1.716201514663381100e+09 -3.981087923049927202e+00 -8.143438339233398438e+00 -7.760289311408996582e-01 0.000000000000000000e+00 0.000000000000000000e+00 0.000000000000000000e+00 1.000000000000000000e+00
1.716201514713578701e+09 -3.964731454849243164e+00 -8.128308296203613281e+00 -7.725414037704467773e-01 0.000000000000000000e+00 0.000000000000000000e+00 0.000000000000000000e+00 1.000000000000000000e+00
1.716201514763663769e+09 -3.929809570312500000e+00 -8.101247787475585938e+00 -7.660639882087707520e-01 0.000000000000000000e+00 0.000000000000000000e+00 0.000000000000000000e+00 1.000000000000000000e+00
1.716201514814186811e+09 -3.911210060119628906e+00 -8.090298652648925781e+00 -7.636969089508056641e-01 0.000000000000000000e+00 0.000000000000000000e+00 0.000000000000000000e+00 1.000000000000000000e+00
1.716201514916241884e+09 -3.884016513824462891e+00 -8.063082695007324219e+00 -7.564617991447448730e-01 0.000000000000000000e+00 0.000000000000000000e+00 0.000000000000000000e+00 1.000000000000000000e+00
1.716201514964254618e+09 -3.845553874969481534e+00 -8.046483993530273438e+00 -7.509391903877258301e-01 0.000000000000000000e+00 0.000000000000000000e+00 0.000000000000000000e+00 1.000000000000000000e+00
1.716201515014504194e+09 -3.826552152633666992e+00 -8.039280891418457031e+00 -7.478172779083251953e-01 0.000000000000000000e+00 0.000000000000000000e+00 0.000000000000000000e+00 1.000000000000000000e+00
1.716201515114942312e+09 -3.784673213958739790e+00 -8.014238357543945312e+00 -7.369257807731628418e-01 0.000000000000000000e+00 0.000000000000000000e+00 0.000000000000000000e+00 1.000000000000000000e+00
1.716201515165050983e+09 -3.768340349197388139e+00 -8.007149696350097656e+00 -7.327088713645935059e-01 0.000000000000000000e+00 0.000000000000000000e+00 0.000000000000000000e+00 1.000000000000000000e+00
1.716201515215222359e+09 -3.752014160156250000e+00 -8.002352714538574219e+00 -7.283642888069152832e-01 0.000000000000000000e+00 0.000000000000000000e+00 0.000000000000000000e+00 1.000000000000000000e+00
1.716201515265477180e+09 -3.732173442840576172e+00 -7.988502502441406250e+00 -7.214719653129577637e-01 0.000000000000000000e+00 0.000000000000000000e+00 0.000000000000000000e+00 1.000000000000000000e+00
1.716201515316045284e+09 -3.717346668243408203e+00 -7.986109733581542969e+00 -7.181016802787780762e-01 0.000000000000000000e+00 0.000000000000000000e+00 0.000000000000000000e+00 1.000000000000000000e+00
1.716201515365740061e+09 -3.702608108520507812e+00 -7.982655525207518643e+00 -7.142406702041625977e-01 0.000000000000000000e+00 0.000000000000000000e+00 0.000000000000000000e+00 1.000000000000000000e+00
1.716201515415980101e+09 -3.688873052597045898e+00 -7.980604648590087891e+00 -7.117828726768493652e-01 0.000000000000000000e+00 0.000000000000000000e+00 0.000000000000000000e+00 1.000000000000000000e+00
1.716201515466139078e+09 -3.676287889480590820e+00 -7.978995800018310547e+00 -7.098580598831176758e-01 0.000000000000000000e+00 0.000000000000000000e+00 0.000000000000000000e+00 1.000000000000000000e+00
1.716201515568160772e+09 -3.662154912948607954e+00 -7.973582267761230469e+00 -7.078021764755249023e-01 0.000000000000000000e+00 0.000000000000000000e+00 0.000000000000000000e+00 1.000000000000000000e+00
1.716201515616833687e+09 -3.641454935073852983e+00 -7.974622726440429688e+00 -7.096388339996337891e-01 0.000000000000000000e+00 0.000000000000000000e+00 0.000000000000000000e+00 1.000000000000000000e+00
1.716201515666790962e+09 -3.633495569229125977e+00 -7.976398944854736328e+00 -7.122642397880554199e-01 0.000000000000000000e+00 0.000000000000000000e+00 0.000000000000000000e+00 1.000000000000000000e+00
1.716201515717136860e+09 -3.626553773880004883e+00 -7.978487968444824219e+00 -7.161524891853332520e-01 0.000000000000000000e+00 0.000000000000000000e+00 0.000000000000000000e+00 1.000000000000000000e+00
1.716201515767106295e+09 -3.620805263519287109e+00 -7.981989383697509766e+00 -7.211377620697021484e-01 0.000000000000000000e+00 0.000000000000000000e+00 0.000000000000000000e+00 1.000000000000000000e+00
1.716201515817408085e+09 -3.614960670471191850e+00 -7.984081268310546875e+00 -7.272547483444213867e-01 0.000000000000000000e+00 0.000000000000000000e+00 0.000000000000000000e+00 1.000000000000000000e+00
1.716201515867447853e+09 -3.609616041183472124e+00 -7.986767292022705078e+00 -7.344627976417541504e-01 0.000000000000000000e+00 0.000000000000000000e+00 0.000000000000000000e+00 1.000000000000000000e+00
1.716201515917719603e+09 -3.607460737228393555e+00 -7.994175434112548828e+00 -7.438970804214477539e-01 0.000000000000000000e+00 0.000000000000000000e+00 0.000000000000000000e+00 1.000000000000000000e+00
1.716201515967935085e+09 -3.604643344879150391e+00 -7.998477935791015625e+00 -7.533228993415832520e-01 0.000000000000000000e+00 0.000000000000000000e+00 0.000000000000000000e+00 1.000000000000000000e+00
1.716201516018184423e+09 -3.603051424026488814e+00 -8.003988265991210938e+00 -7.645088434219360352e-01 0.000000000000000000e+00 0.000000000000000000e+00 0.000000000000000000e+00 1.000000000000000000e+00
1.716201516068286896e+09 -3.602440357208251953e+00 -8.010094642639160156e+00 -7.759830355644226074e-01 0.000000000000000000e+00 0.000000000000000000e+00 0.000000000000000000e+00 1.000000000000000000e+00
1.716201516118723154e+09 -3.601009607315063477e+00 -8.014203071594238281e+00 -7.877717018127441406e-01 0.000000000000000000e+00 0.000000000000000000e+00 0.000000000000000000e+00 1.000000000000000000e+00
1.716201516169077873e+09 -3.603204488754272905e+00 -8.026163101196289062e+00 -8.020114302635192871e-01 0.000000000000000000e+00 0.000000000000000000e+00 0.000000000000000000e+00 1.000000000000000000e+00
1.716201516219817638e+09 -3.602730751037597656e+00 -8.031877517700195312e+00 -8.144950270652770996e-01 0.000000000000000000e+00 0.000000000000000000e+00 0.000000000000000000e+00 1.000000000000000000e+00
1.716201516269839525e+09 -3.603021621704101562e+00 -8.038473129272460938e+00 -8.266105651855468750e-01 0.000000000000000000e+00 0.000000000000000000e+00 0.000000000000000000e+00 1.000000000000000000e+00
1.716201516323814869e+09 -3.602771282196044922e+00 -8.045266151428222656e+00 -8.388325572013854980e-01 0.000000000000000000e+00 0.000000000000000000e+00 0.000000000000000000e+00 1.000000000000000000e+00
1.716201516420948267e+09 -3.606322050094604936e+00 -8.067687034606933594e+00 -8.654958605766296387e-01 0.000000000000000000e+00 0.000000000000000000e+00 0.000000000000000000e+00 1.000000000000000000e+00
1.716201516470359087e+09 -3.606315374374389648e+00 -8.074435234069824219e+00 -8.773533701896667480e-01 0.000000000000000000e+00 0.000000000000000000e+00 0.000000000000000000e+00 1.000000000000000000e+00
1.716201516520608664e+09 -3.606363773345947266e+00 -8.081101417541503906e+00 -8.893662095069885254e-01 0.000000000000000000e+00 0.000000000000000000e+00 0.000000000000000000e+00 1.000000000000000000e+00
1.716201516570508242e+09 -3.610422134399414062e+00 -8.096446037292480469e+00 -9.042903184890748181e-01 0.000000000000000000e+00 0.000000000000000000e+00 0.000000000000000000e+00 1.000000000000000000e+00
1.716201516620753765e+09 -3.610038042068481445e+00 -8.102097511291503906e+00 -9.164579510688781738e-01 0.000000000000000000e+00 0.000000000000000000e+00 0.000000000000000000e+00 1.000000000000000000e+00
1.716201516671016216e+09 -3.609580039978027344e+00 -8.109765052795410156e+00 -9.295377731323242188e-01 0.000000000000000000e+00 0.000000000000000000e+00 0.000000000000000000e+00 1.000000000000000000e+00
1.716201516721363306e+09 -3.611926555633544922e+00 -8.125603675842285156e+00 -9.452158212661744274e-01 0.000000000000000000e+00 0.000000000000000000e+00 0.000000000000000000e+00 1.000000000000000000e+00
1.716201516771523952e+09 -3.610332250595092773e+00 -8.132578849792480469e+00 -9.583933353424072266e-01 0.000000000000000000e+00 0.000000000000000000e+00 0.000000000000000000e+00 1.000000000000000000e+00
1.716201516822088003e+09 -3.609229803085327148e+00 -8.140378952026367188e+00 -9.718204140663148083e-01 0.000000000000000000e+00 0.000000000000000000e+00 0.000000000000000000e+00 1.000000000000000000e+00
1.716201516871766090e+09 -3.607416152954101562e+00 -8.148556709289550781e+00 -9.849767684936524548e-01 0.000000000000000000e+00 0.000000000000000000e+00 0.000000000000000000e+00 1.000000000000000000e+00
1.716201516922244787e+09 -3.602205038070678711e+00 -8.164517402648925781e+00 -1.010989308357238770e+00 0.000000000000000000e+00 0.000000000000000000e+00 0.000000000000000000e+00 1.000000000000000000e+00
1.716201517022618771e+09 -3.602462530136108398e+00 -8.180185317993164062e+00 -1.026181578636169434e+00 0.000000000000000000e+00 0.000000000000000000e+00 0.000000000000000000e+00 1.000000000000000000e+00
1.716201517072777748e+09 -3.598664999008178711e+00 -8.187333106994628906e+00 -1.037915110588073508e+00 0.000000000000000000e+00 0.000000000000000000e+00 0.000000000000000000e+00 1.000000000000000000e+00
1.716201517122945070e+09 -3.590573549270629883e+00 -8.202084541320800781e+00 -1.060446739196777122e+00 0.000000000000000000e+00 0.000000000000000000e+00 0.000000000000000000e+00 1.000000000000000000e+00
1.716201517223258018e+09 -3.588589429855346680e+00 -8.216068267822265625e+00 -1.073028802871704102e+00 0.000000000000000000e+00 0.000000000000000000e+00 0.000000000000000000e+00 1.000000000000000000e+00
1.716201517273525715e+09 -3.583163499832153320e+00 -8.223185539245605469e+00 -1.083286881446838379e+00 0.000000000000000000e+00 0.000000000000000000e+00 0.000000000000000000e+00 1.000000000000000000e+00
1.716201517373888016e+09 -3.570659160614013672e+00 -8.235997200012207031e+00 -1.103227138519287109e+00 0.000000000000000000e+00 0.000000000000000000e+00 0.000000000000000000e+00 1.000000000000000000e+00
1.716201517474307537e+09 -3.559693336486816406e+00 -8.249913215637207031e+00 -1.124529361724853516e+00 0.000000000000000000e+00 0.000000000000000000e+00 0.000000000000000000e+00 1.000000000000000000e+00
1.716201517524443865e+09 -3.548228025436401367e+00 -8.257738113403320312e+00 -1.144049286842346191e+00 0.000000000000000000e+00 0.000000000000000000e+00 0.000000000000000000e+00 1.000000000000000000e+00
1.716201517624852180e+09 -3.544516324996947798e+00 -8.265132904052734375e+00 -1.154322147369384766e+00 0.000000000000000000e+00 0.000000000000000000e+00 0.000000000000000000e+00 1.000000000000000000e+00
1.716201517674906969e+09 -3.535094738006591797e+00 -8.270831108093261719e+00 -1.170400381088256836e+00 0.000000000000000000e+00 0.000000000000000000e+00 0.000000000000000000e+00 1.000000000000000000e+00
1.716201517775573015e+09 -3.530177593231201172e+00 -8.271911621093750000e+00 -1.177112221717834473e+00 0.000000000000000000e+00 0.000000000000000000e+00 0.000000000000000000e+00 1.000000000000000000e+00
1.716201517825655222e+09 -3.526185035705566406e+00 -8.273765563964843750e+00 -1.183692455291748047e+00 0.000000000000000000e+00 0.000000000000000000e+00 0.000000000000000000e+00 1.000000000000000000e+00
1.716201517926222801e+09 -3.522413015365600586e+00 -8.273694992065429688e+00 -1.188895821571350098e+00 0.000000000000000000e+00 0.000000000000000000e+00 0.000000000000000000e+00 1.000000000000000000e+00
1.716201517976725340e+09 -3.514982223510742188e+00 -8.271850585937500000e+00 -1.197368502616882324e+00 0.000000000000000000e+00 0.000000000000000000e+00 0.000000000000000000e+00 1.000000000000000000e+00
1.716201518026675940e+09 -3.511646986007690430e+00 -8.269906044006347656e+00 -1.200745105743408203e+00 0.000000000000000000e+00 0.000000000000000000e+00 0.000000000000000000e+00 1.000000000000000000e+00
1.716201518077065706e+09 -3.508567810058593750e+00 -8.266033172607421875e+00 -1.202735781669616699e+00 0.000000000000000000e+00 0.000000000000000000e+00 0.000000000000000000e+00 1.000000000000000000e+00
1.716201518128025293e+09 -3.506560564041137695e+00 -8.262840270996093750e+00 -1.204716563224792480e+00 0.000000000000000000e+00 0.000000000000000000e+00 0.000000000000000000e+00 1.000000000000000000e+00
1.716201518177381992e+09 -3.505268335342407227e+00 -8.260614395141601562e+00 -1.206274986267089844e+00 0.000000000000000000e+00 0.000000000000000000e+00 0.000000000000000000e+00 1.000000000000000000e+00
1.716201518227825880e+09 -3.503215074539185014e+00 -8.256566047668457031e+00 -1.207453131675720215e+00 0.000000000000000000e+00 0.000000000000000000e+00 0.000000000000000000e+00 1.000000000000000000e+00
1.716201518277675629e+09 -3.500211715698242188e+00 -8.251073837280273438e+00 -1.207335829734802246e+00 0.000000000000000000e+00 0.000000000000000000e+00 0.000000000000000000e+00 1.000000000000000000e+00
1.716201518377931356e+09 -3.495101213455200195e+00 -8.245326995849609375e+00 -1.207263588905334473e+00 0.000000000000000000e+00 0.000000000000000000e+00 0.000000000000000000e+00 1.000000000000000000e+00
1.716201518428304195e+09 -3.491436481475830078e+00 -8.239512443542480469e+00 -1.205514907836914062e+00 0.000000000000000000e+00 0.000000000000000000e+00 0.000000000000000000e+00 1.000000000000000000e+00
1.716201518478268385e+09 -3.489257335662841797e+00 -8.236130714416503906e+00 -1.204805731773376465e+00 0.000000000000000000e+00 0.000000000000000000e+00 0.000000000000000000e+00 1.000000000000000000e+00
1.716201518528508902e+09 -3.487197637557983398e+00 -8.233622550964355469e+00 -1.204743385314941406e+00 0.000000000000000000e+00 0.000000000000000000e+00 0.000000000000000000e+00 1.000000000000000000e+00
1.716201518578670740e+09 -3.481122493743896484e+00 -8.227798461914062500e+00 -1.206149458885192871e+00 0.000000000000000000e+00 0.000000000000000000e+00 0.000000000000000000e+00 1.000000000000000000e+00
1.716201518678955793e+09 -3.478575468063354492e+00 -8.224634170532226562e+00 -1.208719015121459961e+00 0.000000000000000000e+00 0.000000000000000000e+00 0.000000000000000000e+00 1.000000000000000000e+00
1.716201518779763222e+09 -3.474580526351928711e+00 -8.219889640808105469e+00 -1.211054921150207520e+00 0.000000000000000000e+00 0.000000000000000000e+00 0.000000000000000000e+00 1.000000000000000000e+00
1.716201518830136776e+09 -3.467185974121093750e+00 -8.214770317077636719e+00 -1.222349762916564941e+00 0.000000000000000000e+00 0.000000000000000000e+00 0.000000000000000000e+00 1.000000000000000000e+00
1.716201518879887819e+09 -3.463302135467529297e+00 -8.211752891540527344e+00 -1.229595065116882324e+00 0.000000000000000000e+00 0.000000000000000000e+00 0.000000000000000000e+00 1.000000000000000000e+00
1.716201518980303288e+09 -3.459066629409790039e+00 -8.208274841308593750e+00 -1.238653779029846191e+00 0.000000000000000000e+00 0.000000000000000000e+00 0.000000000000000000e+00 1.000000000000000000e+00
1.716201519030381680e+09 -3.450605869293212891e+00 -8.201541900634765625e+00 -1.259373068809509277e+00 0.000000000000000000e+00 0.000000000000000000e+00 0.000000000000000000e+00 1.000000000000000000e+00
1.716201519080655813e+09 -3.445589303970336914e+00 -8.198429107666015625e+00 -1.271579384803771973e+00 0.000000000000000000e+00 0.000000000000000000e+00 0.000000000000000000e+00 1.000000000000000000e+00
1.716201519180906057e+09 -3.441522598266601562e+00 -8.196052551269531250e+00 -1.283722281455993652e+00 0.000000000000000000e+00 0.000000000000000000e+00 0.000000000000000000e+00 1.000000000000000000e+00
1.716201519231132984e+09 -3.431414604187012163e+00 -8.190184593200683594e+00 -1.310191988945007102e+00 0.000000000000000000e+00 0.000000000000000000e+00 0.000000000000000000e+00 1.000000000000000000e+00
1.716201519281339645e+09 -3.427244901657104492e+00 -8.187295913696289062e+00 -1.323762536048889160e+00 0.000000000000000000e+00 0.000000000000000000e+00 0.000000000000000000e+00 1.000000000000000000e+00
1.716201519381751060e+09 -3.411637306213378906e+00 -8.171465873718261719e+00 -1.365435719490051270e+00 0.000000000000000000e+00 0.000000000000000000e+00 0.000000000000000000e+00 1.000000000000000000e+00
1.716201519482129812e+09 -3.400789737701416016e+00 -8.160419464111328125e+00 -1.393643975257873535e+00 0.000000000000000000e+00 0.000000000000000000e+00 0.000000000000000000e+00 1.000000000000000000e+00
1.716201519582396746e+09 -3.395127534866333008e+00 -8.153108596801757812e+00 -1.408119559288024902e+00 0.000000000000000000e+00 0.000000000000000000e+00 0.000000000000000000e+00 1.000000000000000000e+00
1.716201519632593870e+09 -3.384548187255859819e+00 -8.139464378356933594e+00 -1.439552426338195801e+00 0.000000000000000000e+00 0.000000000000000000e+00 0.000000000000000000e+00 1.000000000000000000e+00
1.716201519732821703e+09 -3.379037857055664062e+00 -8.131988525390625000e+00 -1.454011082649230957e+00 0.000000000000000000e+00 0.000000000000000000e+00 0.000000000000000000e+00 1.000000000000000000e+00
1.716201519782907724e+09 -3.372676610946655718e+00 -8.122264862060546875e+00 -1.469249129295349121e+00 0.000000000000000000e+00 0.000000000000000000e+00 0.000000000000000000e+00 1.000000000000000000e+00
1.716201519833101988e+09 -3.367286682128906250e+00 -8.113917350769042969e+00 -1.485761046409606934e+00 0.000000000000000000e+00 0.000000000000000000e+00 0.000000000000000000e+00 1.000000000000000000e+00
1.716201519883250237e+09 -3.362583637237548828e+00 -8.106356620788574219e+00 -1.502349376678466797e+00 0.000000000000000000e+00 0.000000000000000000e+00 0.000000000000000000e+00 1.000000000000000000e+00
1.716201519933821917e+09 -3.355939626693725586e+00 -8.094300270080566406e+00 -1.517686963081360085e+00 0.000000000000000000e+00 0.000000000000000000e+00 0.000000000000000000e+00 1.000000000000000000e+00
1.716201519983572483e+09 -3.351427316665649414e+00 -8.084762573242187500e+00 -1.532991170883178711e+00 0.000000000000000000e+00 0.000000000000000000e+00 0.000000000000000000e+00 1.000000000000000000e+00
1.716201520033597231e+09 -3.348341464996337891e+00 -8.077415466308593750e+00 -1.537698030471801758e+00 0.000000000000000000e+00 0.000000000000000000e+00 0.000000000000000000e+00 1.000000000000000000e+00
1.716201520184493065e+09 -3.340497732162476030e+00 -8.060787200927734375e+00 -1.514235615730285645e+00 0.000000000000000000e+00 0.000000000000000000e+00 0.000000000000000000e+00 1.000000000000000000e+00
1.716201520235217571e+09 -3.342234134674072266e+00 -8.061259269714355469e+00 -1.498665094375610352e+00 0.000000000000000000e+00 0.000000000000000000e+00 0.000000000000000000e+00 1.000000000000000000e+00
1.716201520284860134e+09 -3.341742753982543945e+00 -8.056344985961914062e+00 -1.490839362144470215e+00 0.000000000000000000e+00 0.000000000000000000e+00 0.000000000000000000e+00 1.000000000000000000e+00
1.716201520335065365e+09 -3.341247081756591797e+00 -8.050025939941406250e+00 -1.483716607093811035e+00 0.000000000000000000e+00 0.000000000000000000e+00 0.000000000000000000e+00 1.000000000000000000e+00
1.716201520435767889e+09 -3.341530799865722656e+00 -8.038333892822265625e+00 -1.474765062332153098e+00 0.000000000000000000e+00 0.000000000000000000e+00 0.000000000000000000e+00 1.000000000000000000e+00
1.716201520485633373e+09 -3.341761827468872070e+00 -8.025600433349609375e+00 -1.481123089790344238e+00 0.000000000000000000e+00 0.000000000000000000e+00 0.000000000000000000e+00 1.000000000000000000e+00
1.716201520686728477e+09 -3.344094038009643999e+00 -8.008362770080566406e+00 -1.509522318840026855e+00 0.000000000000000000e+00 0.000000000000000000e+00 0.000000000000000000e+00 1.000000000000000000e+00
1.716201520737362385e+09 -3.324228763580322266e+00 -7.993184089660643643e+00 -1.529280900955200195e+00 0.000000000000000000e+00 0.000000000000000000e+00 0.000000000000000000e+00 1.000000000000000000e+00
1.716201520837311983e+09 -3.316872835159301758e+00 -7.982248783111572266e+00 -1.529901027679443359e+00 0.000000000000000000e+00 0.000000000000000000e+00 0.000000000000000000e+00 1.000000000000000000e+00
1.716201520887393475e+09 -3.325267791748046875e+00 -7.975771427154541016e+00 -1.537798166275024414e+00 0.000000000000000000e+00 0.000000000000000000e+00 0.000000000000000000e+00 1.000000000000000000e+00
1.716201520987797499e+09 -3.325568437576293945e+00 -7.979151725769042969e+00 -1.537631988525390625e+00 0.000000000000000000e+00 0.000000000000000000e+00 0.000000000000000000e+00 1.000000000000000000e+00
1.716201521038408995e+09 -3.327610492706298828e+00 -7.984819412231445312e+00 -1.538599729537964089e+00 0.000000000000000000e+00 0.000000000000000000e+00 0.000000000000000000e+00 1.000000000000000000e+00
1.716201521088042498e+09 -3.328445911407470703e+00 -7.989300251007080078e+00 -1.537966609001159668e+00 0.000000000000000000e+00 0.000000000000000000e+00 0.000000000000000000e+00 1.000000000000000000e+00
1.716201521138733864e+09 -3.327699422836304155e+00 -7.995638370513916016e+00 -1.537194490432739258e+00 0.000000000000000000e+00 0.000000000000000000e+00 0.000000000000000000e+00 1.000000000000000000e+00
1.716201521238729477e+09 -3.328966617584228516e+00 -8.000501632690429688e+00 -1.538106679916381836e+00 0.000000000000000000e+00 0.000000000000000000e+00 0.000000000000000000e+00 1.000000000000000000e+00
1.716201521288904667e+09 -3.329605340957641602e+00 -8.002544403076171875e+00 -1.538067579269409180e+00 0.000000000000000000e+00 0.000000000000000000e+00 0.000000000000000000e+00 1.000000000000000000e+00
1.716201521338981152e+09 -3.328881025314331055e+00 -8.002790451049804688e+00 -1.538213133811950906e+00 0.000000000000000000e+00 0.000000000000000000e+00 0.000000000000000000e+00 1.000000000000000000e+00
1.716201521439653158e+09 -3.329493761062622070e+00 -8.000337600708007812e+00 -1.537959098815917969e+00 0.000000000000000000e+00 0.000000000000000000e+00 0.000000000000000000e+00 1.000000000000000000e+00
1.716201521540259123e+09 -3.329088211059570312e+00 -7.999373912811279297e+00 -1.537921905517577903e+00 0.000000000000000000e+00 0.000000000000000000e+00 0.000000000000000000e+00 1.000000000000000000e+00
1.716201521640345335e+09 -3.328549623489379883e+00 -7.999557971954345703e+00 -1.538028001785278320e+00 0.000000000000000000e+00 0.000000000000000000e+00 0.000000000000000000e+00 1.000000000000000000e+00
1.716201521741017103e+09 -3.329210996627808061e+00 -7.999398231506347656e+00 -1.537721872329711914e+00 0.000000000000000000e+00 0.000000000000000000e+00 0.000000000000000000e+00 1.000000000000000000e+00
1.716201521790947437e+09 -3.329128742218017578e+00 -8.000439643859863281e+00 -1.538092613220214844e+00 0.000000000000000000e+00 0.000000000000000000e+00 0.000000000000000000e+00 1.000000000000000000e+00
1.716201521840894699e+09 -3.328351736068725586e+00 -7.999670028686523438e+00 -1.537949085235595703e+00 0.000000000000000000e+00 0.000000000000000000e+00 0.000000000000000000e+00 1.000000000000000000e+00
1.716201521891009569e+09 -3.328396558761596680e+00 -7.998622417449951172e+00 -1.537636637687683105e+00 0.000000000000000000e+00 0.000000000000000000e+00 0.000000000000000000e+00 1.000000000000000000e+00
1.716201521991461992e+09 -3.329027891159057617e+00 -7.998346328735351562e+00 -1.537671566009521706e+00 0.000000000000000000e+00 0.000000000000000000e+00 0.000000000000000000e+00 1.000000000000000000e+00
1.716201522041770697e+09 -3.328684329986572266e+00 -7.999499797821044922e+00 -1.538033604621887207e+00 0.000000000000000000e+00 0.000000000000000000e+00 0.000000000000000000e+00 1.000000000000000000e+00
1.716201522142004251e+09 -3.329158067703247070e+00 -8.000434875488281250e+00 -1.538071513175964355e+00 0.000000000000000000e+00 0.000000000000000000e+00 0.000000000000000000e+00 1.000000000000000000e+00
1.716201522242369890e+09 -3.329339504241943803e+00 -8.000411033630371094e+00 -1.537934541702270508e+00 0.000000000000000000e+00 0.000000000000000000e+00 0.000000000000000000e+00 1.000000000000000000e+00
1.716201522292848110e+09 -3.328915834426879883e+00 -7.999480724334716797e+00 -1.537828683853149414e+00 0.000000000000000000e+00 0.000000000000000000e+00 0.000000000000000000e+00 1.000000000000000000e+00
1.716201522342797041e+09 -3.328643321990966797e+00 -7.998504161834716797e+00 -1.537677168846130371e+00 0.000000000000000000e+00 0.000000000000000000e+00 0.000000000000000000e+00 1.000000000000000000e+00
1.716201522392915726e+09 -3.328711032867432085e+00 -7.998476982116699219e+00 -1.537674307823181152e+00 0.000000000000000000e+00 0.000000000000000000e+00 0.000000000000000000e+00 1.000000000000000000e+00
1.716201522493164301e+09 -3.328930616378784180e+00 -7.999485969543457031e+00 -1.537798643112182617e+00 0.000000000000000000e+00 0.000000000000000000e+00 0.000000000000000000e+00 1.000000000000000000e+00
1.716201522543328762e+09 -3.328901052474976030e+00 -7.999546527862548828e+00 -1.537669658660888894e+00 0.000000000000000000e+00 0.000000000000000000e+00 0.000000000000000000e+00 1.000000000000000000e+00
1.716201522593457460e+09 -3.329183578491210938e+00 -8.000450134277343750e+00 -1.538003921508789062e+00 0.000000000000000000e+00 0.000000000000000000e+00 0.000000000000000000e+00 1.000000000000000000e+00
1.716201522643741608e+09 -3.328855991363525391e+00 -7.999574661254882812e+00 -1.537645220756530762e+00 0.000000000000000000e+00 0.000000000000000000e+00 0.000000000000000000e+00 1.000000000000000000e+00
1.716201522743989468e+09 -3.328939437866210938e+00 -7.999414443969726562e+00 -1.537977695465087891e+00 0.000000000000000000e+00 0.000000000000000000e+00 0.000000000000000000e+00 1.000000000000000000e+00
1.716201522794266224e+09 -3.329066753387451172e+00 -7.999426841735839844e+00 -1.537804722785949707e+00 0.000000000000000000e+00 0.000000000000000000e+00 0.000000000000000000e+00 1.000000000000000000e+00
1.716201522844351768e+09 -3.328914165496826172e+00 -7.999525070190429688e+00 -1.537713170051574707e+00 0.000000000000000000e+00 0.000000000000000000e+00 0.000000000000000000e+00 1.000000000000000000e+00
1.716201522894513607e+09 -3.329069614410400391e+00 -8.000477790832519531e+00 -1.538055419921875000e+00 0.000000000000000000e+00 0.000000000000000000e+00 0.000000000000000000e+00 1.000000000000000000e+00
1.716201522994815826e+09 -3.329024076461791992e+00 -8.000429153442382812e+00 -1.538233995437622070e+00 0.000000000000000000e+00 0.000000000000000000e+00 0.000000000000000000e+00 1.000000000000000000e+00
1.716201523095232487e+09 -3.328566789627075195e+00 -7.998503208160400391e+00 -1.537764072418212891e+00 0.000000000000000000e+00 0.000000000000000000e+00 0.000000000000000000e+00 1.000000000000000000e+00
1.716201523195623875e+09 -3.328345298767089844e+00 -7.998562812805175781e+00 -1.537850856781006081e+00 0.000000000000000000e+00 0.000000000000000000e+00 0.000000000000000000e+00 1.000000000000000000e+00
1.716201523296786547e+09 -3.328809738159180132e+00 -7.999454021453857422e+00 -1.538016200065612793e+00 0.000000000000000000e+00 0.000000000000000000e+00 0.000000000000000000e+00 1.000000000000000000e+00
1.716201523346100807e+09 -3.328999519348144531e+00 -8.000426292419433594e+00 -1.538268923759460449e+00 0.000000000000000000e+00 0.000000000000000000e+00 0.000000000000000000e+00 1.000000000000000000e+00
1.716201523396214485e+09 -3.328686475753784180e+00 -7.999464988708496094e+00 -1.538123250007629395e+00 0.000000000000000000e+00 0.000000000000000000e+00 0.000000000000000000e+00 1.000000000000000000e+00
1.716201523446623564e+09 -3.328867673873901367e+00 -7.999401569366455078e+00 -1.538090944290161133e+00 0.000000000000000000e+00 0.000000000000000000e+00 0.000000000000000000e+00 1.000000000000000000e+00
1.716201523546948671e+09 -3.328472614288330078e+00 -7.998526573181152344e+00 -1.537806272506714089e+00 0.000000000000000000e+00 0.000000000000000000e+00 0.000000000000000000e+00 1.000000000000000000e+00
1.716201523597054482e+09 -3.328479528427124023e+00 -7.998589515686035156e+00 -1.537632107734680176e+00 0.000000000000000000e+00 0.000000000000000000e+00 0.000000000000000000e+00 1.000000000000000000e+00
1.716201523647643566e+09 -3.328933000564575195e+00 -7.999398708343505859e+00 -1.538026332855224609e+00 0.000000000000000000e+00 0.000000000000000000e+00 0.000000000000000000e+00 1.000000000000000000e+00
1.716201523748069286e+09 -3.329082727432250977e+00 -8.000359535217285156e+00 -1.538355827331542969e+00 0.000000000000000000e+00 0.000000000000000000e+00 0.000000000000000000e+00 1.000000000000000000e+00
1.716201523797966480e+09 -3.328761577606201172e+00 -7.999520301818847656e+00 -1.537893056869506836e+00 0.000000000000000000e+00 0.000000000000000000e+00 0.000000000000000000e+00 1.000000000000000000e+00
1.716201523850433588e+09 -3.328923702239990234e+00 -7.999373912811279297e+00 -1.538102149963378906e+00 0.000000000000000000e+00 0.000000000000000000e+00 0.000000000000000000e+00 1.000000000000000000e+00
1.716201523948688984e+09 -3.328835010528564453e+00 -7.999423980712890625e+00 -1.538067579269409180e+00 0.000000000000000000e+00 0.000000000000000000e+00 0.000000000000000000e+00 1.000000000000000000e+00
1.716201523998667240e+09 -3.328732013702392578e+00 -7.999437332153320312e+00 -1.538146138191223145e+00 0.000000000000000000e+00 0.000000000000000000e+00 0.000000000000000000e+00 1.000000000000000000e+00
1.716201524048822165e+09 -3.328740596771239790e+00 -7.999462127685546875e+00 -1.538070559501647949e+00 0.000000000000000000e+00 0.000000000000000000e+00 0.000000000000000000e+00 1.000000000000000000e+00
1.716201524099319696e+09 -3.328855276107788086e+00 -7.999439716339111328e+00 -1.538003206253051758e+00 0.000000000000000000e+00 0.000000000000000000e+00 0.000000000000000000e+00 1.000000000000000000e+00
1.716201524149242640e+09 -3.328759431838989258e+00 -7.999465465545654297e+00 -1.538041472434997559e+00 0.000000000000000000e+00 0.000000000000000000e+00 0.000000000000000000e+00 1.000000000000000000e+00
1.716201524199460506e+09 -3.328701496124268022e+00 -7.999495506286621094e+00 -1.538025736808776855e+00 0.000000000000000000e+00 0.000000000000000000e+00 0.000000000000000000e+00 1.000000000000000000e+00
1.716201524249659061e+09 -3.328824043273925781e+00 -7.999477863311767578e+00 -1.537937521934509277e+00 0.000000000000000000e+00 0.000000000000000000e+00 0.000000000000000000e+00 1.000000000000000000e+00
1.716201524350309610e+09 -3.328937768936156782e+00 -7.999399662017822266e+00 -1.538018941879272461e+00 0.000000000000000000e+00 0.000000000000000000e+00 0.000000000000000000e+00 1.000000000000000000e+00
1.716201524400313854e+09 -3.328905582427978516e+00 -7.999426364898681641e+00 -1.537983775138854980e+00 0.000000000000000000e+00 0.000000000000000000e+00 0.000000000000000000e+00 1.000000000000000000e+00
1.716201524450405359e+09 -3.328629970550537109e+00 -7.999490737915039062e+00 -1.538117647171020508e+00 0.000000000000000000e+00 0.000000000000000000e+00 0.000000000000000000e+00 1.000000000000000000e+00
1.716201524500685930e+09 -3.328795909881591797e+00 -7.999478816986083984e+00 -1.537965178489685059e+00 0.000000000000000000e+00 0.000000000000000000e+00 0.000000000000000000e+00 1.000000000000000000e+00
1.716201524550957918e+09 -3.328846931457519531e+00 -7.999419689178466797e+00 -1.538066029548645020e+00 0.000000000000000000e+00 0.000000000000000000e+00 0.000000000000000000e+00 1.000000000000000000e+00
1.716201524601073503e+09 -3.328882694244384766e+00 -7.999402999877929688e+00 -1.538070440292358398e+00 0.000000000000000000e+00 0.000000000000000000e+00 0.000000000000000000e+00 1.000000000000000000e+00
1.716201524651360750e+09 -3.328584909439086914e+00 -7.998489379882812500e+00 -1.537780523300170898e+00 0.000000000000000000e+00 0.000000000000000000e+00 0.000000000000000000e+00 1.000000000000000000e+00
1.716201524702579975e+09 -3.328608512878417969e+00 -7.998479843139648438e+00 -1.537780642509460449e+00 0.000000000000000000e+00 0.000000000000000000e+00 0.000000000000000000e+00 1.000000000000000000e+00
1.716201524751685858e+09 -3.328786373138428178e+00 -7.999390125274658203e+00 -1.538210749626159668e+00 0.000000000000000000e+00 0.000000000000000000e+00 0.000000000000000000e+00 1.000000000000000000e+00
1.716201524801771879e+09 -3.328751564025878906e+00 -7.999489784240722656e+00 -1.537985920906066895e+00 0.000000000000000000e+00 0.000000000000000000e+00 0.000000000000000000e+00 1.000000000000000000e+00
1.716201524852101088e+09 -3.328815698623656782e+00 -7.999462127685546875e+00 -1.537988662719726562e+00 0.000000000000000000e+00 0.000000000000000000e+00 0.000000000000000000e+00 1.000000000000000000e+00
1.716201524902240992e+09 -3.328776121139526367e+00 -7.999494075775145596e+00 -1.537947654724121094e+00 0.000000000000000000e+00 0.000000000000000000e+00 0.000000000000000000e+00 1.000000000000000000e+00
1.716201524952301502e+09 -3.328714132308959961e+00 -7.999551773071289062e+00 -1.537862658500671387e+00 0.000000000000000000e+00 0.000000000000000000e+00 0.000000000000000000e+00 1.000000000000000000e+00
1.716201525002562761e+09 -3.328774213790893555e+00 -7.999436378479003906e+00 -1.538101792335510476e+00 0.000000000000000000e+00 0.000000000000000000e+00 0.000000000000000000e+00 1.000000000000000000e+00
1.716201525102894783e+09 -3.328837633132934570e+00 -7.999389171600341797e+00 -1.538157582283020020e+00 0.000000000000000000e+00 0.000000000000000000e+00 0.000000000000000000e+00 1.000000000000000000e+00
1.716201525153091669e+09 -3.328881978988647461e+00 -7.999393463134765625e+00 -1.538097381591796875e+00 0.000000000000000000e+00 0.000000000000000000e+00 0.000000000000000000e+00 1.000000000000000000e+00
1.716201525203256845e+09 -3.328784942626953125e+00 -7.999445438385009766e+00 -1.538065910339355691e+00 0.000000000000000000e+00 0.000000000000000000e+00 0.000000000000000000e+00 1.000000000000000000e+00
1.716201525253298283e+09 -3.328787326812744141e+00 -7.999485492706298828e+00 -1.537957191467285156e+00 0.000000000000000000e+00 0.000000000000000000e+00 0.000000000000000000e+00 1.000000000000000000e+00
1.716201525353635550e+09 -3.328873634338378906e+00 -7.999479293823242188e+00 -1.537878274917602317e+00 0.000000000000000000e+00 0.000000000000000000e+00 0.000000000000000000e+00 1.000000000000000000e+00
1.716201525403862953e+09 -3.329001903533935547e+00 -7.999402046203613281e+00 -1.537942171096801758e+00 0.000000000000000000e+00 0.000000000000000000e+00 0.000000000000000000e+00 1.000000000000000000e+00
1.716201525453969479e+09 -3.328816890716552734e+00 -7.999404430389404297e+00 -1.538139462471008301e+00 0.000000000000000000e+00 0.000000000000000000e+00 0.000000000000000000e+00 1.000000000000000000e+00
1.716201525554334402e+09 -3.328937530517578125e+00 -7.999383449554443359e+00 -1.538062572479248047e+00 0.000000000000000000e+00 0.000000000000000000e+00 0.000000000000000000e+00 1.000000000000000000e+00
1.716201525604532003e+09 -3.328700065612792969e+00 -7.999446868896484375e+00 -1.538156509399414062e+00 0.000000000000000000e+00 0.000000000000000000e+00 0.000000000000000000e+00 1.000000000000000000e+00
1.716201525654765606e+09 -3.328734159469604492e+00 -7.999477386474609375e+00 -1.538037180900573508e+00 0.000000000000000000e+00 0.000000000000000000e+00 0.000000000000000000e+00 1.000000000000000000e+00
1.716201525755126715e+09 -3.328665494918823242e+00 -7.999495506286621094e+00 -1.538065195083618164e+00 0.000000000000000000e+00 0.000000000000000000e+00 0.000000000000000000e+00 1.000000000000000000e+00
1.716201525805222034e+09 -3.328754186630249023e+00 -7.999479293823242188e+00 -1.538009881973266602e+00 0.000000000000000000e+00 0.000000000000000000e+00 0.000000000000000000e+00 1.000000000000000000e+00
1.716201525855299234e+09 -3.328852415084838867e+00 -7.999424934387207031e+00 -1.538046121597290039e+00 0.000000000000000000e+00 0.000000000000000000e+00 0.000000000000000000e+00 1.000000000000000000e+00
1.716201525905486107e+09 -3.328842163085937056e+00 -7.999392986297607422e+00 -1.538141608238220215e+00 0.000000000000000000e+00 0.000000000000000000e+00 0.000000000000000000e+00 1.000000000000000000e+00
1.716201525955556393e+09 -3.328868865966796875e+00 -7.999459266662597656e+00 -1.537937164306640625e+00 0.000000000000000000e+00 0.000000000000000000e+00 0.000000000000000000e+00 1.000000000000000000e+00
1.716201526006037474e+09 -3.328795671463012695e+00 -7.999503612518310547e+00 -1.537900924682617188e+00 0.000000000000000000e+00 0.000000000000000000e+00 0.000000000000000000e+00 1.000000000000000000e+00
1.716201526056065798e+09 -3.328716993331909180e+00 -7.999516010284423828e+00 -1.537954807281493919e+00 0.000000000000000000e+00 0.000000000000000000e+00 0.000000000000000000e+00 1.000000000000000000e+00
1.716201526106247187e+09 -3.328803777694702148e+00 -7.999481201171875000e+00 -1.537950634956360085e+00 0.000000000000000000e+00 0.000000000000000000e+00 0.000000000000000000e+00 1.000000000000000000e+00
1.716201526206569672e+09 -3.328846931457519531e+00 -7.999419212341308594e+00 -1.538066744804382324e+00 0.000000000000000000e+00 0.000000000000000000e+00 0.000000000000000000e+00 1.000000000000000000e+00
1.716201526256708145e+09 -3.329046964645385742e+00 -7.999321460723876953e+00 -1.538105607032776101e+00 0.000000000000000000e+00 0.000000000000000000e+00 0.000000000000000000e+00 1.000000000000000000e+00
1.716201526307006121e+09 -3.328963518142700195e+00 -7.999347209930419922e+00 -1.538129329681396484e+00 0.000000000000000000e+00 0.000000000000000000e+00 0.000000000000000000e+00 1.000000000000000000e+00
1.716201526407285213e+09 -3.328769922256469727e+00 -7.999461174011230469e+00 -1.538040518760681152e+00 0.000000000000000000e+00 0.000000000000000000e+00 0.000000000000000000e+00 1.000000000000000000e+00
1.716201526507924080e+09 -3.328860998153686523e+00 -7.999457359313964844e+00 -1.537950396537780762e+00 0.000000000000000000e+00 0.000000000000000000e+00 0.000000000000000000e+00 1.000000000000000000e+00
1.716201526557984114e+09 -3.328861951828002930e+00 -7.999455451965332031e+00 -1.537954449653625710e+00 0.000000000000000000e+00 0.000000000000000000e+00 0.000000000000000000e+00 1.000000000000000000e+00
1.716201526658632755e+09 -3.328883647918701172e+00 -7.999402523040771484e+00 -1.538070917129516602e+00 0.000000000000000000e+00 0.000000000000000000e+00 0.000000000000000000e+00 1.000000000000000000e+00
1.716201526708822250e+09 -3.328854560852050781e+00 -7.999432563781738281e+00 -1.538023591041564941e+00 0.000000000000000000e+00 0.000000000000000000e+00 0.000000000000000000e+00 1.000000000000000000e+00
1.716201526759028912e+09 -3.328774213790893555e+00 -7.999495029449462891e+00 -1.537946105003356934e+00 0.000000000000000000e+00 0.000000000000000000e+00 0.000000000000000000e+00 1.000000000000000000e+00
1.716201526809038162e+09 -3.328765392303466797e+00 -7.999474048614501953e+00 -1.538012504577636719e+00 0.000000000000000000e+00 0.000000000000000000e+00 0.000000000000000000e+00 1.000000000000000000e+00
1.716201526859383345e+09 -3.328762769699096680e+00 -7.999456882476806641e+00 -1.538060188293457031e+00 0.000000000000000000e+00 0.000000000000000000e+00 0.000000000000000000e+00 1.000000000000000000e+00
1.716201526909459114e+09 -3.328736305236816406e+00 -7.999495029449462891e+00 -1.537988305091857910e+00 0.000000000000000000e+00 0.000000000000000000e+00 0.000000000000000000e+00 1.000000000000000000e+00
1.716201526959629059e+09 -3.328896045684814453e+00 -7.999430179595947266e+00 -1.537984251976013184e+00 0.000000000000000000e+00 0.000000000000000000e+00 0.000000000000000000e+00 1.000000000000000000e+00
1.716201527059969187e+09 -3.328826427459716797e+00 -7.999458789825438565e+00 -1.537985563278198242e+00 0.000000000000000000e+00 0.000000000000000000e+00 0.000000000000000000e+00 1.000000000000000000e+00
1.716201527110124111e+09 -3.328890562057495117e+00 -7.999351501464843750e+00 -1.538198709487915039e+00 0.000000000000000000e+00 0.000000000000000000e+00 0.000000000000000000e+00 1.000000000000000000e+00
1.716201527160326242e+09 -3.328903436660766602e+00 -7.999445915222167969e+00 -1.537934899330139160e+00 0.000000000000000000e+00 0.000000000000000000e+00 0.000000000000000000e+00 1.000000000000000000e+00
1.716201527260645151e+09 -3.328836917877197266e+00 -7.999453067779541016e+00 -1.537989258766174316e+00 0.000000000000000000e+00 0.000000000000000000e+00 0.000000000000000000e+00 1.000000000000000000e+00
1.716201527310687542e+09 -3.328937768936156782e+00 -7.999424457550048828e+00 -1.537953615188598633e+00 0.000000000000000000e+00 0.000000000000000000e+00 0.000000000000000000e+00 1.000000000000000000e+00
1.716201527361023664e+09 -3.328882217407226562e+00 -7.999440193176268643e+00 -1.537973642349243164e+00 0.000000000000000000e+00 0.000000000000000000e+00 0.000000000000000000e+00 1.000000000000000000e+00
1.716201527411264181e+09 -3.328952312469482422e+00 -7.999429225921630859e+00 -1.537924647331237793e+00 0.000000000000000000e+00 0.000000000000000000e+00 0.000000000000000000e+00 1.000000000000000000e+00
1.716201527461581707e+09 -3.328967809677124023e+00 -7.999384403228759766e+00 -1.538026452064514160e+00 0.000000000000000000e+00 0.000000000000000000e+00 0.000000000000000000e+00 1.000000000000000000e+00
1.716201527511640310e+09 -3.328966379165649414e+00 -7.999376773834227627e+00 -1.538048863410949707e+00 0.000000000000000000e+00 0.000000000000000000e+00 0.000000000000000000e+00 1.000000000000000000e+00
1.716201527561780214e+09 -3.328902721405029297e+00 -7.999447822570800781e+00 -1.537930130958557129e+00 0.000000000000000000e+00 0.000000000000000000e+00 0.000000000000000000e+00 1.000000000000000000e+00
1.716201527612247467e+09 -3.328905582427978516e+00 -7.999458312988281250e+00 -1.537899732589721680e+00 0.000000000000000000e+00 0.000000000000000000e+00 0.000000000000000000e+00 1.000000000000000000e+00
1.716201527662129641e+09 -3.328835010528564453e+00 -7.999516010284423828e+00 -1.537823438644409180e+00 0.000000000000000000e+00 0.000000000000000000e+00 0.000000000000000000e+00 1.000000000000000000e+00
1.716201527712522268e+09 -3.328935623168945312e+00 -7.999426364898681641e+00 -1.537951111793518066e+00 0.000000000000000000e+00 0.000000000000000000e+00 0.000000000000000000e+00 1.000000000000000000e+00
1.716201527762678862e+09 -3.328935623168945312e+00 -7.999424457550048828e+00 -1.537955880165100098e+00 0.000000000000000000e+00 0.000000000000000000e+00 0.000000000000000000e+00 1.000000000000000000e+00
1.716201527812757969e+09 -3.328941345214844194e+00 -7.999433517456054688e+00 -1.537925243377685547e+00 0.000000000000000000e+00 0.000000000000000000e+00 0.000000000000000000e+00 1.000000000000000000e+00
1.716201527864205360e+09 -3.329001426696777344e+00 -7.999397754669188565e+00 -1.537954211235046387e+00 0.000000000000000000e+00 0.000000000000000000e+00 0.000000000000000000e+00 1.000000000000000000e+00
1.716201527913487196e+09 -3.328950643539428711e+00 -7.999447345733642578e+00 -1.537878870964050293e+00 0.000000000000000000e+00 0.000000000000000000e+00 0.000000000000000000e+00 1.000000000000000000e+00
1.716201527963366985e+09 -3.328927755355834961e+00 -7.999438762664794922e+00 -1.537925839424133301e+00 0.000000000000000000e+00 0.000000000000000000e+00 0.000000000000000000e+00 1.000000000000000000e+00
1.716201528013489246e+09 -3.328755378723144531e+00 -7.999532699584960938e+00 -1.537868022918701172e+00 0.000000000000000000e+00 0.000000000000000000e+00 0.000000000000000000e+00 1.000000000000000000e+00
1.716201528114004135e+09 -3.328918933868408203e+00 -7.999422550201416016e+00 -1.537979245185852051e+00 0.000000000000000000e+00 0.000000000000000000e+00 0.000000000000000000e+00 1.000000000000000000e+00
1.716201528164083958e+09 -3.328898906707764116e+00 -7.999445438385009766e+00 -1.537940025329589844e+00 0.000000000000000000e+00 0.000000000000000000e+00 0.000000000000000000e+00 1.000000000000000000e+00
1.716201528214392900e+09 -3.328905820846557617e+00 -7.999466419219970703e+00 -1.537877559661865234e+00 0.000000000000000000e+00 0.000000000000000000e+00 0.000000000000000000e+00 1.000000000000000000e+00
1.716201528265548944e+09 -3.328938961029052734e+00 -7.999479293823242188e+00 -1.537806630134582297e+00 0.000000000000000000e+00 0.000000000000000000e+00 0.000000000000000000e+00 1.000000000000000000e+00
1.716201528315110445e+09 -3.328911304473876953e+00 -7.999469757080078125e+00 -1.537862181663513184e+00 0.000000000000000000e+00 0.000000000000000000e+00 0.000000000000000000e+00 1.000000000000000000e+00
1.716201528364897966e+09 -3.328962802886962891e+00 -7.999416351318359375e+00 -1.537946939468383789e+00 0.000000000000000000e+00 0.000000000000000000e+00 0.000000000000000000e+00 1.000000000000000000e+00
1.716201528465324402e+09 -3.328889369964600053e+00 -7.999421596527099609e+00 -1.538014650344848633e+00 0.000000000000000000e+00 0.000000000000000000e+00 0.000000000000000000e+00 1.000000000000000000e+00
1.716201528515769243e+09 -3.328902244567871094e+00 -7.999429702758789062e+00 -1.537978887557983398e+00 0.000000000000000000e+00 0.000000000000000000e+00 0.000000000000000000e+00 1.000000000000000000e+00
1.716201528565742254e+09 -3.328961372375488281e+00 -7.999414920806884766e+00 -1.537952780723571777e+00 0.000000000000000000e+00 0.000000000000000000e+00 0.000000000000000000e+00 1.000000000000000000e+00
1.716201528666142702e+09 -3.328981876373291016e+00 -7.999396324157714844e+00 -1.537979125976562500e+00 0.000000000000000000e+00 0.000000000000000000e+00 0.000000000000000000e+00 1.000000000000000000e+00
1.716201528716207027e+09 -3.328915596008300781e+00 -7.999358654022216797e+00 -1.538152456283569114e+00 0.000000000000000000e+00 0.000000000000000000e+00 0.000000000000000000e+00 1.000000000000000000e+00
1.716201528766481638e+09 -3.328928470611572266e+00 -7.999394416809082031e+00 -1.538042664527893066e+00 0.000000000000000000e+00 0.000000000000000000e+00 0.000000000000000000e+00 1.000000000000000000e+00
1.716201528816711426e+09 -3.328921079635620117e+00 -7.999425411224365234e+00 -1.537968873977661133e+00 0.000000000000000000e+00 0.000000000000000000e+00 0.000000000000000000e+00 1.000000000000000000e+00
1.716201528867948771e+09 -3.328994274139404297e+00 -7.999351978302001953e+00 -1.538083672523498313e+00 0.000000000000000000e+00 0.000000000000000000e+00 0.000000000000000000e+00 1.000000000000000000e+00
1.716201528917082310e+09 -3.328834533691406250e+00 -7.999402523040771484e+00 -1.538125872611999512e+00 0.000000000000000000e+00 0.000000000000000000e+00 0.000000000000000000e+00 1.000000000000000000e+00
1.716201528967200279e+09 -3.328814268112182617e+00 -7.999457836151123047e+00 -1.538001179695129395e+00 0.000000000000000000e+00 0.000000000000000000e+00 0.000000000000000000e+00 1.000000000000000000e+00
1.716201529017486811e+09 -3.328837633132934570e+00 -7.999422550201416016e+00 -1.538068294525146484e+00 0.000000000000000000e+00 0.000000000000000000e+00 0.000000000000000000e+00 1.000000000000000000e+00
1.716201529067564011e+09 -3.328964710235596147e+00 -7.999415874481201172e+00 -1.537946462631225586e+00 0.000000000000000000e+00 0.000000000000000000e+00 0.000000000000000000e+00 1.000000000000000000e+00
1.716201529117746353e+09 -3.328870773315429688e+00 -7.999470233917236328e+00 -1.537905454635619895e+00 0.000000000000000000e+00 0.000000000000000000e+00 0.000000000000000000e+00 1.000000000000000000e+00
1.716201529167839050e+09 -3.328975677490234375e+00 -7.999442577362060547e+00 -1.537863731384277122e+00 0.000000000000000000e+00 0.000000000000000000e+00 0.000000000000000000e+00 1.000000000000000000e+00
1.716201529218063116e+09 -3.328953027725220171e+00 -7.999436855316162109e+00 -1.537904143333435059e+00 0.000000000000000000e+00 0.000000000000000000e+00 0.000000000000000000e+00 1.000000000000000000e+00
1.716201529318456888e+09 -3.328937292098999023e+00 -7.999418258666992188e+00 -1.537970542907714844e+00 0.000000000000000000e+00 0.000000000000000000e+00 0.000000000000000000e+00 1.000000000000000000e+00
1.716201529368606567e+09 -3.328935384750366211e+00 -7.999380588531494141e+00 -1.538072824478149414e+00 0.000000000000000000e+00 0.000000000000000000e+00 0.000000000000000000e+00 1.000000000000000000e+00
1.716201529418656826e+09 -3.328961372375488281e+00 -7.999358654022216797e+00 -1.538101792335510476e+00 0.000000000000000000e+00 0.000000000000000000e+00 0.000000000000000000e+00 1.000000000000000000e+00
1.716201529519062757e+09 -3.328875780105590820e+00 -7.999383926391601562e+00 -1.538128495216369629e+00 0.000000000000000000e+00 0.000000000000000000e+00 0.000000000000000000e+00 1.000000000000000000e+00
1.716201529569166183e+09 -3.328943014144897017e+00 -7.999394416809082031e+00 -1.538026690483093262e+00 0.000000000000000000e+00 0.000000000000000000e+00 0.000000000000000000e+00 1.000000000000000000e+00
1.716201529619252443e+09 -3.329041481018066406e+00 -7.999391555786132812e+00 -1.537926197052001953e+00 0.000000000000000000e+00 0.000000000000000000e+00 0.000000000000000000e+00 1.000000000000000000e+00
1.716201529669342995e+09 -3.328920125961304155e+00 -7.999389171600341797e+00 -1.538065671920776367e+00 0.000000000000000000e+00 0.000000000000000000e+00 0.000000000000000000e+00 1.000000000000000000e+00
1.716201529720017195e+09 -3.328905344009399414e+00 -7.999435901641845703e+00 -1.537959098815917969e+00 0.000000000000000000e+00 0.000000000000000000e+00 0.000000000000000000e+00 1.000000000000000000e+00
1.716201529769832611e+09 -3.329042911529541016e+00 -7.999335765838623047e+00 -1.538072824478149414e+00 0.000000000000000000e+00 0.000000000000000000e+00 0.000000000000000000e+00 1.000000000000000000e+00
1.716201529819805622e+09 -3.329139471054077148e+00 -7.999358177185058594e+00 -1.537906289100646973e+00 0.000000000000000000e+00 0.000000000000000000e+00 0.000000000000000000e+00 1.000000000000000000e+00
1.716201529871021986e+09 -3.328979969024658203e+00 -7.999377727508544922e+00 -1.538030028343200906e+00 0.000000000000000000e+00 0.000000000000000000e+00 0.000000000000000000e+00 1.000000000000000000e+00
1.716201529920068264e+09 -3.328917026519775391e+00 -7.999411106109619141e+00 -1.538011908531188965e+00 0.000000000000000000e+00 0.000000000000000000e+00 0.000000000000000000e+00 1.000000000000000000e+00
1.716201529970314741e+09 -3.328809738159180132e+00 -7.999469757080078125e+00 -1.537974357604980469e+00 0.000000000000000000e+00 0.000000000000000000e+00 0.000000000000000000e+00 1.000000000000000000e+00
1.716201530020468473e+09 -3.328883409500122070e+00 -7.999467849731445312e+00 -1.537898302078247070e+00 0.000000000000000000e+00 0.000000000000000000e+00 0.000000000000000000e+00 1.000000000000000000e+00
1.716201530070636988e+09 -3.328984260559082031e+00 -7.999423027038574219e+00 -1.537906169891357422e+00 0.000000000000000000e+00 0.000000000000000000e+00 0.000000000000000000e+00 1.000000000000000000e+00
1.716201530127509594e+09 -3.328931808471680132e+00 -7.999400138854979581e+00 -1.538024663925170898e+00 0.000000000000000000e+00 0.000000000000000000e+00 0.000000000000000000e+00 1.000000000000000000e+00
1.716201530170825958e+09 -3.328832626342772993e+00 -7.999387264251708984e+00 -1.538167476654052734e+00 0.000000000000000000e+00 0.000000000000000000e+00 0.000000000000000000e+00 1.000000000000000000e+00
1.716201530221935987e+09 -3.328877687454224077e+00 -7.999420166015625000e+00 -1.538030624389648438e+00 0.000000000000000000e+00 0.000000000000000000e+00 0.000000000000000000e+00 1.000000000000000000e+00
1.716201530271194458e+09 -3.328943729400634766e+00 -7.999399662017822266e+00 -1.538012742996215820e+00 0.000000000000000000e+00 0.000000000000000000e+00 0.000000000000000000e+00 1.000000000000000000e+00
1.716201530321328640e+09 -3.328964948654174805e+00 -7.999403476715087891e+00 -1.537978887557983398e+00 0.000000000000000000e+00 0.000000000000000000e+00 0.000000000000000000e+00 1.000000000000000000e+00
1.716201530423827410e+09 -3.328854322433472124e+00 -7.999448299407958984e+00 -1.537982106208801270e+00 0.000000000000000000e+00 0.000000000000000000e+00 0.000000000000000000e+00 1.000000000000000000e+00
1.716201530471741438e+09 -3.328883171081542969e+00 -7.999401569366455078e+00 -1.538074016571044922e+00 0.000000000000000000e+00 0.000000000000000000e+00 0.000000000000000000e+00 1.000000000000000000e+00
1.716201530521930933e+09 -3.328907728195190430e+00 -7.999441623687744141e+00 -1.537940502166748047e+00 0.000000000000000000e+00 0.000000000000000000e+00 0.000000000000000000e+00 1.000000000000000000e+00
1.716201530622204781e+09 -3.328895568847655806e+00 -7.999423503875732422e+00 -1.538002490997314453e+00 0.000000000000000000e+00 0.000000000000000000e+00 0.000000000000000000e+00 1.000000000000000000e+00
1.716201530672279596e+09 -3.328853845596313032e+00 -7.999434471130371094e+00 -1.538019299507141113e+00 0.000000000000000000e+00 0.000000000000000000e+00 0.000000000000000000e+00 1.000000000000000000e+00
1.716201530723576307e+09 -3.328861713409423828e+00 -7.999444007873535156e+00 -1.537985324859619141e+00 0.000000000000000000e+00 0.000000000000000000e+00 0.000000000000000000e+00 1.000000000000000000e+00
1.716201530772541761e+09 -3.328913450241088867e+00 -7.999454975128173828e+00 -1.537899613380431907e+00 0.000000000000000000e+00 0.000000000000000000e+00 0.000000000000000000e+00 1.000000000000000000e+00
1.716201530822783232e+09 -3.328955650329589844e+00 -7.999457359313964844e+00 -1.537845849990844727e+00 0.000000000000000000e+00 0.000000000000000000e+00 0.000000000000000000e+00 1.000000000000000000e+00
1.716201530874125719e+09 -3.328967809677124023e+00 -7.999393939971923828e+00 -1.538001179695129395e+00 0.000000000000000000e+00 0.000000000000000000e+00 0.000000000000000000e+00 1.000000000000000000e+00
1.716201530924202681e+09 -3.329035043716430664e+00 -7.999381065368652344e+00 -1.537960648536681907e+00 0.000000000000000000e+00 0.000000000000000000e+00 0.000000000000000000e+00 1.000000000000000000e+00
1.716201530973614693e+09 -3.328998088836669922e+00 -7.999412059783934659e+00 -1.537919044494628906e+00 0.000000000000000000e+00 0.000000000000000000e+00 0.000000000000000000e+00 1.000000000000000000e+00
1.716201531023713827e+09 -3.329043865203857422e+00 -7.999369621276854581e+00 -1.537981629371643066e+00 0.000000000000000000e+00 0.000000000000000000e+00 0.000000000000000000e+00 1.000000000000000000e+00
1.716201531073950052e+09 -3.328930139541625977e+00 -7.999410152435302734e+00 -1.537999510765075684e+00 0.000000000000000000e+00 0.000000000000000000e+00 0.000000000000000000e+00 1.000000000000000000e+00
1.716201531124240875e+09 -3.328905344009399414e+00 -7.999437332153320312e+00 -1.537955045700073242e+00 0.000000000000000000e+00 0.000000000000000000e+00 0.000000000000000000e+00 1.000000000000000000e+00
1.716201531174547195e+09 -3.328909873962402344e+00 -7.999448299407958984e+00 -1.537920475006103516e+00 0.000000000000000000e+00 0.000000000000000000e+00 0.000000000000000000e+00 1.000000000000000000e+00
1.716201531224752903e+09 -3.328792333602905273e+00 -7.999508857727050781e+00 -1.537889361381530762e+00 0.000000000000000000e+00 0.000000000000000000e+00 0.000000000000000000e+00 1.000000000000000000e+00
1.716201531274987698e+09 -3.328684568405151811e+00 -7.999513626098632812e+00 -1.537996768951416016e+00 0.000000000000000000e+00 0.000000000000000000e+00 0.000000000000000000e+00 1.000000000000000000e+00
1.716201531325346708e+09 -3.328591823577880859e+00 -7.999571323394775391e+00 -1.537946105003356934e+00 0.000000000000000000e+00 0.000000000000000000e+00 0.000000000000000000e+00 1.000000000000000000e+00
1.716201531375436783e+09 -3.328625440597534180e+00 -7.999535083770751953e+00 -1.538004875183105691e+00 0.000000000000000000e+00 0.000000000000000000e+00 0.000000000000000000e+00 1.000000000000000000e+00
1.716201531425873995e+09 -3.328453302383422852e+00 -7.999601364135742188e+00 -1.538019299507141113e+00 0.000000000000000000e+00 0.000000000000000000e+00 0.000000000000000000e+00 1.000000000000000000e+00
1.716201531476339102e+09 -3.328525543212890181e+00 -8.000576019287109375e+00 -1.538395881652832031e+00 0.000000000000000000e+00 0.000000000000000000e+00 0.000000000000000000e+00 1.000000000000000000e+00
1.716201531526215076e+09 -3.328541994094848633e+00 -8.000605583190917969e+00 -1.538298726081847922e+00 0.000000000000000000e+00 0.000000000000000000e+00 0.000000000000000000e+00 1.000000000000000000e+00
1.716201531576604605e+09 -3.328977823257446289e+00 -8.000446319580078125e+00 -1.538241028785705566e+00 0.000000000000000000e+00 0.000000000000000000e+00 0.000000000000000000e+00 1.000000000000000000e+00
1.716201531626797676e+09 -3.329036712646484375e+00 -8.000407218933105469e+00 -1.538278222084045410e+00 0.000000000000000000e+00 0.000000000000000000e+00 0.000000000000000000e+00 1.000000000000000000e+00
1.716201531727548838e+09 -3.328176736831665039e+00 -7.999608039855957031e+00 -1.538306236267089844e+00 0.000000000000000000e+00 0.000000000000000000e+00 0.000000000000000000e+00 1.000000000000000000e+00
1.716201531777497292e+09 -3.328980445861816406e+00 -8.000283241271972656e+00 -1.538670420646667703e+00 0.000000000000000000e+00 0.000000000000000000e+00 0.000000000000000000e+00 1.000000000000000000e+00
1.716201531827921391e+09 -3.329299449920654297e+00 -8.000155448913574219e+00 -1.538656949996948242e+00 0.000000000000000000e+00 0.000000000000000000e+00 0.000000000000000000e+00 1.000000000000000000e+00
1.716201531879092216e+09 -3.328938484191894531e+00 -8.000185012817382812e+00 -1.538976788520812988e+00 0.000000000000000000e+00 0.000000000000000000e+00 0.000000000000000000e+00 1.000000000000000000e+00
1.716201531928193569e+09 -3.328706026077270508e+00 -8.000168800354003906e+00 -1.539275646209716797e+00 0.000000000000000000e+00 0.000000000000000000e+00 0.000000000000000000e+00 1.000000000000000000e+00
1.716201531978305578e+09 -3.328821182250977007e+00 -8.000104904174804688e+00 -1.539318561553955078e+00 0.000000000000000000e+00 0.000000000000000000e+00 0.000000000000000000e+00 1.000000000000000000e+00
1.716201532028548956e+09 -3.329416036605834961e+00 -8.000904083251953125e+00 -1.539584040641784890e+00 0.000000000000000000e+00 0.000000000000000000e+00 0.000000000000000000e+00 1.000000000000000000e+00
1.716201532078707695e+09 -3.329548358917236328e+00 -8.001859664916992188e+00 -1.539945960044860840e+00 0.000000000000000000e+00 0.000000000000000000e+00 0.000000000000000000e+00 1.000000000000000000e+00
1.716201532129042149e+09 -3.329353094100952148e+00 -8.001952171325683594e+00 -1.539915561676025391e+00 0.000000000000000000e+00 0.000000000000000000e+00 0.000000000000000000e+00 1.000000000000000000e+00
1.716201532178998232e+09 -3.329339027404785156e+00 -8.001909255981445312e+00 -1.540043592453002930e+00 0.000000000000000000e+00 0.000000000000000000e+00 0.000000000000000000e+00 1.000000000000000000e+00
1.716201532229289055e+09 -3.329450607299804688e+00 -8.001819610595703125e+00 -1.540159940719604492e+00 0.000000000000000000e+00 0.000000000000000000e+00 0.000000000000000000e+00 1.000000000000000000e+00
1.716201532279434681e+09 -3.329443693161010742e+00 -8.001751899719238281e+00 -1.540345430374145508e+00 0.000000000000000000e+00 0.000000000000000000e+00 0.000000000000000000e+00 1.000000000000000000e+00
1.716201532329566240e+09 -3.329032182693481001e+00 -8.000894546508789062e+00 -1.540032148361206055e+00 0.000000000000000000e+00 0.000000000000000000e+00 0.000000000000000000e+00 1.000000000000000000e+00
1.716201532379668951e+09 -3.329495668411254883e+00 -8.001748085021972656e+00 -1.540298819541931152e+00 0.000000000000000000e+00 0.000000000000000000e+00 0.000000000000000000e+00 1.000000000000000000e+00
1.716201532480164766e+09 -3.329133272171020508e+00 -8.001873970031738281e+00 -1.540364503860473633e+00 0.000000000000000000e+00 0.000000000000000000e+00 0.000000000000000000e+00 1.000000000000000000e+00
1.716201532631118536e+09 -3.329430580139160156e+00 -8.001709938049316406e+00 -1.540472149848937988e+00 0.000000000000000000e+00 0.000000000000000000e+00 0.000000000000000000e+00 1.000000000000000000e+00
1.716201532731534243e+09 -3.329566955566406250e+00 -8.001619338989257812e+00 -1.540562152862548828e+00 0.000000000000000000e+00 0.000000000000000000e+00 0.000000000000000000e+00 1.000000000000000000e+00
1.716201532781714439e+09 -3.329664468765258789e+00 -8.001599311828613281e+00 -1.540506601333618164e+00 0.000000000000000000e+00 0.000000000000000000e+00 0.000000000000000000e+00 1.000000000000000000e+00
1.716201532831926107e+09 -3.329598665237426758e+00 -8.001624107360839844e+00 -1.540512681007385254e+00 0.000000000000000000e+00 0.000000000000000000e+00 0.000000000000000000e+00 1.000000000000000000e+00
1.716201532932579994e+09 -3.329331398010253906e+00 -8.001734733581542969e+00 -1.540514230728149414e+00 0.000000000000000000e+00 0.000000000000000000e+00 0.000000000000000000e+00 1.000000000000000000e+00
1.716201532982613802e+09 -3.329621315002441406e+00 -8.002635955810546875e+00 -1.540846943855285645e+00 0.000000000000000000e+00 0.000000000000000000e+00 0.000000000000000000e+00 1.000000000000000000e+00
1.716201533032715321e+09 -3.329634666442871094e+00 -8.002624511718750000e+00 -1.540862917900085449e+00 0.000000000000000000e+00 0.000000000000000000e+00 0.000000000000000000e+00 1.000000000000000000e+00
1.716201533082967520e+09 -3.329324483871459961e+00 -8.001697540283203125e+00 -1.540621161460876465e+00 0.000000000000000000e+00 0.000000000000000000e+00 0.000000000000000000e+00 1.000000000000000000e+00
1.716201533133242846e+09 -3.329251766204833984e+00 -8.001691818237304688e+00 -1.540715932846069114e+00 0.000000000000000000e+00 0.000000000000000000e+00 0.000000000000000000e+00 1.000000000000000000e+00
1.716201533183464289e+09 -3.329176664352416992e+00 -8.001680374145507812e+00 -1.540829181671142578e+00 0.000000000000000000e+00 0.000000000000000000e+00 0.000000000000000000e+00 1.000000000000000000e+00
1.716201533233745337e+09 -3.329261779785155806e+00 -8.001671791076660156e+00 -1.540758371353149414e+00 0.000000000000000000e+00 0.000000000000000000e+00 0.000000000000000000e+00 1.000000000000000000e+00
1.716201533284179926e+09 -3.329173803329468218e+00 -8.001726150512695312e+00 -1.540710926055908203e+00 0.000000000000000000e+00 0.000000000000000000e+00 0.000000000000000000e+00 1.000000000000000000e+00
1.716201533334177494e+09 -3.329663038253784180e+00 -8.002615928649902344e+00 -1.540855050086975098e+00 0.000000000000000000e+00 0.000000000000000000e+00 0.000000000000000000e+00 1.000000000000000000e+00
1.716201533484933138e+09 -3.329433441162109375e+00 -8.002606391906738281e+00 -1.541131258010864480e+00 0.000000000000000000e+00 0.000000000000000000e+00 0.000000000000000000e+00 1.000000000000000000e+00
1.716201533585800886e+09 -3.328917264938354492e+00 -8.000943183898925781e+00 -1.540029525756835938e+00 0.000000000000000000e+00 0.000000000000000000e+00 0.000000000000000000e+00 1.000000000000000000e+00
1.716201533635693073e+09 -3.329294443130493164e+00 -8.000054359436035156e+00 -1.538930296897888184e+00 0.000000000000000000e+00 0.000000000000000000e+00 0.000000000000000000e+00 1.000000000000000000e+00
1.716201533736234903e+09 -3.328737258911132812e+00 -7.998169422149658203e+00 -1.538460850715637207e+00 0.000000000000000000e+00 0.000000000000000000e+00 0.000000000000000000e+00 1.000000000000000000e+00
1.716201533786445379e+09 -3.327999830245972124e+00 -7.997411251068115234e+00 -1.538243412971496582e+00 0.000000000000000000e+00 0.000000000000000000e+00 0.000000000000000000e+00 1.000000000000000000e+00
1.716201533836746454e+09 -3.328602075576782227e+00 -7.998210906982421875e+00 -1.538500308990478294e+00 0.000000000000000000e+00 0.000000000000000000e+00 0.000000000000000000e+00 1.000000000000000000e+00
1.716201533886993170e+09 -3.328982353210449219e+00 -7.999207496643066406e+00 -1.538479208946228027e+00 0.000000000000000000e+00 0.000000000000000000e+00 0.000000000000000000e+00 1.000000000000000000e+00
1.716201533987548351e+09 -3.328454971313477007e+00 -7.999493598937988281e+00 -1.538302779197692871e+00 0.000000000000000000e+00 0.000000000000000000e+00 0.000000000000000000e+00 1.000000000000000000e+00
1.716201534037897825e+09 -3.329162359237670898e+00 -7.999083995819091797e+00 -1.538607597351074219e+00 0.000000000000000000e+00 0.000000000000000000e+00 0.000000000000000000e+00 1.000000000000000000e+00
1.716201534088081837e+09 -3.328852176666260210e+00 -7.998148918151854581e+00 -1.538388729095458984e+00 0.000000000000000000e+00 0.000000000000000000e+00 0.000000000000000000e+00 1.000000000000000000e+00
1.716201534138385296e+09 -3.328547000885009766e+00 -7.998241424560546875e+00 -1.538479804992675781e+00 0.000000000000000000e+00 0.000000000000000000e+00 0.000000000000000000e+00 1.000000000000000000e+00
1.716201534196280479e+09 -3.328547477722167969e+00 -7.998295783996582031e+00 -1.538334965705871582e+00 0.000000000000000000e+00 0.000000000000000000e+00 0.000000000000000000e+00 1.000000000000000000e+00
1.716201534289138079e+09 -3.328967809677124023e+00 -7.999250411987304688e+00 -1.538381218910217285e+00 0.000000000000000000e+00 0.000000000000000000e+00 0.000000000000000000e+00 1.000000000000000000e+00
1.716201534389602423e+09 -3.328647613525390181e+00 -7.999430179595947266e+00 -1.538258194923400879e+00 0.000000000000000000e+00 0.000000000000000000e+00 0.000000000000000000e+00 1.000000000000000000e+00
1.716201534439754248e+09 -3.328642606735229048e+00 -7.999402999877929688e+00 -1.538336038589477539e+00 0.000000000000000000e+00 0.000000000000000000e+00 0.000000000000000000e+00 1.000000000000000000e+00
1.716201534490022182e+09 -3.328681230545043945e+00 -7.998291015625000000e+00 -1.538200378417968750e+00 0.000000000000000000e+00 0.000000000000000000e+00 0.000000000000000000e+00 1.000000000000000000e+00
1.716201534540337563e+09 -3.328531742095947710e+00 -7.998281002044677734e+00 -1.538392066955566406e+00 0.000000000000000000e+00 0.000000000000000000e+00 0.000000000000000000e+00 1.000000000000000000e+00
1.716201534641326904e+09 -3.328662395477294922e+00 -7.998303413391113281e+00 -1.538188457489013672e+00 0.000000000000000000e+00 0.000000000000000000e+00 0.000000000000000000e+00 1.000000000000000000e+00
1.716201534741759062e+09 -3.328969478607177734e+00 -7.999228954315185547e+00 -1.538437128067016602e+00 0.000000000000000000e+00 0.000000000000000000e+00 0.000000000000000000e+00 1.000000000000000000e+00
1.716201534791953087e+09 -3.328602313995361328e+00 -7.999411582946777344e+00 -1.538356900215148926e+00 0.000000000000000000e+00 0.000000000000000000e+00 0.000000000000000000e+00 1.000000000000000000e+00
1.716201534842334509e+09 -3.328581333160400391e+00 -7.998371124267578125e+00 -1.538098216056823508e+00 0.000000000000000000e+00 0.000000000000000000e+00 0.000000000000000000e+00 1.000000000000000000e+00
1.716201534993489265e+09 -3.328618764877319780e+00 -7.998291015625000000e+00 -1.538268923759460449e+00 0.000000000000000000e+00 0.000000000000000000e+00 0.000000000000000000e+00 1.000000000000000000e+00
1.716201535043587446e+09 -3.328587532043457031e+00 -7.998344421386718750e+00 -1.538161635398864746e+00 0.000000000000000000e+00 0.000000000000000000e+00 0.000000000000000000e+00 1.000000000000000000e+00
1.716201535093861818e+09 -3.328881978988647461e+00 -7.999269008636474609e+00 -1.538426280021667703e+00 0.000000000000000000e+00 0.000000000000000000e+00 0.000000000000000000e+00 1.000000000000000000e+00
1.716201535245341539e+09 -3.328570604324340820e+00 -7.998335361480712891e+00 -1.538204550743103027e+00 0.000000000000000000e+00 0.000000000000000000e+00 0.000000000000000000e+00 1.000000000000000000e+00
1.716201535295145273e+09 -3.328762292861938477e+00 -7.998222827911376953e+00 -1.538291931152343750e+00 0.000000000000000000e+00 0.000000000000000000e+00 0.000000000000000000e+00 1.000000000000000000e+00
1.716201535345346212e+09 -3.328776359558105025e+00 -7.998252391815185547e+00 -1.538198351860046387e+00 0.000000000000000000e+00 0.000000000000000000e+00 0.000000000000000000e+00 1.000000000000000000e+00
1.716201535445885658e+09 -3.328525543212890181e+00 -7.998416900634765625e+00 -1.538038372993469238e+00 0.000000000000000000e+00 0.000000000000000000e+00 0.000000000000000000e+00 1.000000000000000000e+00
1.716201535496110916e+09 -3.328998088836669922e+00 -7.999229907989501953e+00 -1.538402915000915527e+00 0.000000000000000000e+00 0.000000000000000000e+00 0.000000000000000000e+00 1.000000000000000000e+00
1.716201535547535658e+09 -3.328917980194091797e+00 -7.999300479888916016e+00 -1.538303256034851074e+00 0.000000000000000000e+00 0.000000000000000000e+00 0.000000000000000000e+00 1.000000000000000000e+00
1.716201535596590757e+09 -3.328854322433472124e+00 -7.999320030212402344e+00 -1.538321495056152344e+00 0.000000000000000000e+00 0.000000000000000000e+00 0.000000000000000000e+00 1.000000000000000000e+00
1.716201535646892309e+09 -3.328576564788818359e+00 -7.998373985290527344e+00 -1.538095831871032715e+00 0.000000000000000000e+00 0.000000000000000000e+00 0.000000000000000000e+00 1.000000000000000000e+00
1.716201535697816133e+09 -3.328716754913330078e+00 -7.998259544372558594e+00 -1.538244366645812988e+00 0.000000000000000000e+00 0.000000000000000000e+00 0.000000000000000000e+00 1.000000000000000000e+00
1.716201535747368336e+09 -3.328625440597534180e+00 -7.998317718505859375e+00 -1.538191795349121094e+00 0.000000000000000000e+00 0.000000000000000000e+00 0.000000000000000000e+00 1.000000000000000000e+00
1.716201535797600031e+09 -3.328476428985596147e+00 -7.998402595520019531e+00 -1.538131117820739524e+00 0.000000000000000000e+00 0.000000000000000000e+00 0.000000000000000000e+00 1.000000000000000000e+00
1.716201535847764492e+09 -3.328496932983398438e+00 -7.998393058776854581e+00 -1.538133740425110085e+00 0.000000000000000000e+00 0.000000000000000000e+00 0.000000000000000000e+00 1.000000000000000000e+00
1.716201535898848295e+09 -3.328934431076049805e+00 -7.999246597290039062e+00 -1.538428902626037598e+00 0.000000000000000000e+00 0.000000000000000000e+00 0.000000000000000000e+00 1.000000000000000000e+00
1.716201535998751402e+09 -3.328558206558227539e+00 -7.998382091522216797e+00 -1.538095116615295410e+00 0.000000000000000000e+00 0.000000000000000000e+00 0.000000000000000000e+00 1.000000000000000000e+00
1.716201536099226952e+09 -3.328678131103516069e+00 -7.998284816741943359e+00 -1.538220524787902832e+00 0.000000000000000000e+00 0.000000000000000000e+00 0.000000000000000000e+00 1.000000000000000000e+00
1.716201536149410486e+09 -3.328649520874023438e+00 -7.998318195343017578e+00 -1.538163781166076882e+00 0.000000000000000000e+00 0.000000000000000000e+00 0.000000000000000000e+00 1.000000000000000000e+00
1.716201536249925375e+09 -3.328522205352783203e+00 -7.998402595520019531e+00 -1.538080215454101562e+00 0.000000000000000000e+00 0.000000000000000000e+00 0.000000000000000000e+00 1.000000000000000000e+00
1.716201536350341797e+09 -3.328518867492675781e+00 -7.998399257659912109e+00 -1.538092970848083496e+00 0.000000000000000000e+00 0.000000000000000000e+00 0.000000000000000000e+00 1.000000000000000000e+00
1.716201536400779247e+09 -3.328478813171386719e+00 -7.998386859893798828e+00 -1.538169741630554199e+00 0.000000000000000000e+00 0.000000000000000000e+00 0.000000000000000000e+00 1.000000000000000000e+00
1.716201536451037884e+09 -3.328577518463134766e+00 -7.998331069946289062e+00 -1.538208365440368874e+00 0.000000000000000000e+00 0.000000000000000000e+00 0.000000000000000000e+00 1.000000000000000000e+00
1.716201536501336098e+09 -3.328567504882812500e+00 -7.998330593109130859e+00 -1.538220524787902832e+00 0.000000000000000000e+00 0.000000000000000000e+00 0.000000000000000000e+00 1.000000000000000000e+00
1.716201536551491022e+09 -3.328667163848876953e+00 -7.998294353485107422e+00 -1.538206815719604492e+00 0.000000000000000000e+00 0.000000000000000000e+00 0.000000000000000000e+00 1.000000000000000000e+00
1.716201536652051449e+09 -3.328515291213989258e+00 -7.998382568359375000e+00 -1.538141131401062012e+00 0.000000000000000000e+00 0.000000000000000000e+00 0.000000000000000000e+00 1.000000000000000000e+00
1.716201536752949476e+09 -3.328637361526489258e+00 -7.998349666595458984e+00 -1.538093447685241699e+00 0.000000000000000000e+00 0.000000000000000000e+00 0.000000000000000000e+00 1.000000000000000000e+00
1.716201536803213120e+09 -3.328644990921020508e+00 -7.998359203338623047e+00 -1.538059115409851074e+00 0.000000000000000000e+00 0.000000000000000000e+00 0.000000000000000000e+00 1.000000000000000000e+00
1.716201536853398561e+09 -3.328560590744018555e+00 -7.998319625854492188e+00 -1.538258314132690430e+00 0.000000000000000000e+00 0.000000000000000000e+00 0.000000000000000000e+00 1.000000000000000000e+00
1.716201536904779673e+09 -3.328504085540771484e+00 -7.998355388641357422e+00 -1.538224697113037109e+00 0.000000000000000000e+00 0.000000000000000000e+00 0.000000000000000000e+00 1.000000000000000000e+00
1.716201537003909826e+09 -3.328568220138549805e+00 -7.998309135437011719e+00 -1.538276791572570801e+00 0.000000000000000000e+00 0.000000000000000000e+00 0.000000000000000000e+00 1.000000000000000000e+00
1.716201537054375410e+09 -3.328553915023804155e+00 -7.998379230499267578e+00 -1.538106441497802734e+00 0.000000000000000000e+00 0.000000000000000000e+00 0.000000000000000000e+00 1.000000000000000000e+00
1.716201537104369402e+09 -3.328603744506835938e+00 -7.998373508453369141e+00 -1.538067817687988503e+00 0.000000000000000000e+00 0.000000000000000000e+00 0.000000000000000000e+00 1.000000000000000000e+00
1.716201537204993248e+09 -3.328596591949462891e+00 -7.998372077941894531e+00 -1.538078784942626953e+00 0.000000000000000000e+00 0.000000000000000000e+00 0.000000000000000000e+00 1.000000000000000000e+00
1.716201537255114555e+09 -3.328650712966918945e+00 -7.998313426971435547e+00 -1.538174271583557129e+00 0.000000000000000000e+00 0.000000000000000000e+00 0.000000000000000000e+00 1.000000000000000000e+00
1.716201537305370092e+09 -3.328639507293701172e+00 -7.998337745666503906e+00 -1.538122415542602317e+00 0.000000000000000000e+00 0.000000000000000000e+00 0.000000000000000000e+00 1.000000000000000000e+00
1.716201537355578661e+09 -3.328651666641235796e+00 -7.998367786407470703e+00 -1.538029193878173828e+00 0.000000000000000000e+00 0.000000000000000000e+00 0.000000000000000000e+00 1.000000000000000000e+00
1.716201537405881166e+09 -3.328501462936401367e+00 -7.998406410217285156e+00 -1.538092851638793945e+00 0.000000000000000000e+00 0.000000000000000000e+00 0.000000000000000000e+00 1.000000000000000000e+00
1.716201537456101894e+09 -3.328442811965942383e+00 -7.998435497283934659e+00 -1.538079977035522461e+00 0.000000000000000000e+00 0.000000000000000000e+00 0.000000000000000000e+00 1.000000000000000000e+00
1.716201537506474972e+09 -3.328509569168090820e+00 -7.998434543609619141e+00 -1.538009524345397949e+00 0.000000000000000000e+00 0.000000000000000000e+00 0.000000000000000000e+00 1.000000000000000000e+00
1.716201537556698084e+09 -3.328557491302490234e+00 -7.998396873474121094e+00 -1.538055777549743652e+00 0.000000000000000000e+00 0.000000000000000000e+00 0.000000000000000000e+00 1.000000000000000000e+00
1.716201537606952667e+09 -3.328612089157104492e+00 -7.998345375061035156e+00 -1.538132905960083008e+00 0.000000000000000000e+00 0.000000000000000000e+00 0.000000000000000000e+00 1.000000000000000000e+00
1.716201537657207489e+09 -3.328516483306884766e+00 -7.998384475708007812e+00 -1.538134217262268066e+00 0.000000000000000000e+00 0.000000000000000000e+00 0.000000000000000000e+00 1.000000000000000000e+00
1.716201537707401514e+09 -3.328596830368041992e+00 -7.998352050781250000e+00 -1.538131356239318848e+00 0.000000000000000000e+00 0.000000000000000000e+00 0.000000000000000000e+00 1.000000000000000000e+00
1.716201537757683277e+09 -3.328565359115600586e+00 -7.998379230499267578e+00 -1.538094520568847656e+00 0.000000000000000000e+00 0.000000000000000000e+00 0.000000000000000000e+00 1.000000000000000000e+00
1.716201537808052778e+09 -3.328588724136352539e+00 -7.998376846313476562e+00 -1.538075327873229980e+00 0.000000000000000000e+00 0.000000000000000000e+00 0.000000000000000000e+00 1.000000000000000000e+00
1.716201537909854889e+09 -3.328527927398681641e+00 -7.998421669006347656e+00 -1.538023114204406738e+00 0.000000000000000000e+00 0.000000000000000000e+00 0.000000000000000000e+00 1.000000000000000000e+00
1.716201537959300518e+09 -3.328629016876220703e+00 -7.998329639434814453e+00 -1.538155674934387207e+00 0.000000000000000000e+00 0.000000000000000000e+00 0.000000000000000000e+00 1.000000000000000000e+00
1.716201538009589434e+09 -3.328510999679564986e+00 -7.998390674591063565e+00 -1.538123965263366699e+00 0.000000000000000000e+00 0.000000000000000000e+00 0.000000000000000000e+00 1.000000000000000000e+00
1.716201538110089779e+09 -3.328518152236938477e+00 -7.998344421386718750e+00 -1.538238883018493652e+00 0.000000000000000000e+00 0.000000000000000000e+00 0.000000000000000000e+00 1.000000000000000000e+00
1.716201538160418034e+09 -3.328560113906860352e+00 -7.998369693756102627e+00 -1.538125157356262207e+00 0.000000000000000000e+00 0.000000000000000000e+00 0.000000000000000000e+00 1.000000000000000000e+00
1.716201538210603714e+09 -3.328492164611816406e+00 -7.998375415802001953e+00 -1.538185596466064453e+00 0.000000000000000000e+00 0.000000000000000000e+00 0.000000000000000000e+00 1.000000000000000000e+00
1.716201538311083555e+09 -3.328429222106933594e+00 -7.998410224914550781e+00 -1.538162946701049805e+00 0.000000000000000000e+00 0.000000000000000000e+00 0.000000000000000000e+00 1.000000000000000000e+00
1.716201538361628771e+09 -3.328460931777954102e+00 -7.998414516448974609e+00 -1.538116216659545898e+00 0.000000000000000000e+00 0.000000000000000000e+00 0.000000000000000000e+00 1.000000000000000000e+00
1.716201538412184238e+09 -3.328520774841308594e+00 -7.998401165008544922e+00 -1.538085818290710449e+00 0.000000000000000000e+00 0.000000000000000000e+00 0.000000000000000000e+00 1.000000000000000000e+00
1.716201538462728500e+09 -3.328486204147338867e+00 -7.998425006866455078e+00 -1.538060069084167703e+00 0.000000000000000000e+00 0.000000000000000000e+00 0.000000000000000000e+00 1.000000000000000000e+00
1.716201538512631893e+09 -3.328545093536376953e+00 -7.998398303985595703e+00 -1.538066029548645020e+00 0.000000000000000000e+00 0.000000000000000000e+00 0.000000000000000000e+00 1.000000000000000000e+00
1.716201538563482046e+09 -3.328533649444580078e+00 -7.998407363891601562e+00 -1.538055181503295898e+00 0.000000000000000000e+00 0.000000000000000000e+00 0.000000000000000000e+00 1.000000000000000000e+00
1.716201538613729954e+09 -3.328579187393188477e+00 -7.998404979705809659e+00 -1.538011431694030762e+00 0.000000000000000000e+00 0.000000000000000000e+00 0.000000000000000000e+00 1.000000000000000000e+00
1.716201538668464184e+09 -3.328596115112304688e+00 -7.998370170593261719e+00 -1.538084864616394043e+00 0.000000000000000000e+00 0.000000000000000000e+00 0.000000000000000000e+00 1.000000000000000000e+00
1.716201538764880419e+09 -3.328488588333129883e+00 -7.998407363891601562e+00 -1.538104653358459695e+00 0.000000000000000000e+00 0.000000000000000000e+00 0.000000000000000000e+00 1.000000000000000000e+00
1.716201538815093279e+09 -3.328575134277344194e+00 -7.998396873474121094e+00 -1.538036704063415527e+00 0.000000000000000000e+00 0.000000000000000000e+00 0.000000000000000000e+00 1.000000000000000000e+00
1.716201538865278482e+09 -3.328574895858764648e+00 -7.998395919799804688e+00 -1.538039326667785645e+00 0.000000000000000000e+00 0.000000000000000000e+00 0.000000000000000000e+00 1.000000000000000000e+00
1.716201538915750980e+09 -3.328533411026000977e+00 -7.998425483703613281e+00 -1.538006782531738503e+00 0.000000000000000000e+00 0.000000000000000000e+00 0.000000000000000000e+00 1.000000000000000000e+00
1.716201538965923786e+09 -3.328466653823852539e+00 -7.998478889465332031e+00 -1.537938833236694336e+00 0.000000000000000000e+00 0.000000000000000000e+00 0.000000000000000000e+00 1.000000000000000000e+00
1.716201539016223192e+09 -3.328407287597655806e+00 -7.998460292816162109e+00 -1.538053393363952637e+00 0.000000000000000000e+00 0.000000000000000000e+00 0.000000000000000000e+00 1.000000000000000000e+00
1.716201539066444635e+09 -3.328602552413940430e+00 -7.998383998870849609e+00 -1.538041114807128906e+00 0.000000000000000000e+00 0.000000000000000000e+00 0.000000000000000000e+00 1.000000000000000000e+00
1.716201539116688728e+09 -3.328693628311156782e+00 -7.998355865478515625e+00 -1.538015246391296387e+00 0.000000000000000000e+00 0.000000000000000000e+00 0.000000000000000000e+00 1.000000000000000000e+00
1.716201539166921377e+09 -3.328617334365844727e+00 -7.998401641845703125e+00 -1.537977099418639915e+00 0.000000000000000000e+00 0.000000000000000000e+00 0.000000000000000000e+00 1.000000000000000000e+00
1.716201539217178583e+09 -3.328627109527587891e+00 -7.998387813568115234e+00 -1.538003921508789062e+00 0.000000000000000000e+00 0.000000000000000000e+00 0.000000000000000000e+00 1.000000000000000000e+00
1.716201539267390013e+09 -3.328630924224853072e+00 -7.998308181762695312e+00 -1.538210153579711914e+00 0.000000000000000000e+00 0.000000000000000000e+00 0.000000000000000000e+00 1.000000000000000000e+00
1.716201539317781925e+09 -3.328600168228149414e+00 -7.998326778411865234e+00 -1.538194894790649414e+00 0.000000000000000000e+00 0.000000000000000000e+00 0.000000000000000000e+00 1.000000000000000000e+00
1.716201539368011713e+09 -3.328625679016113281e+00 -7.998341083526611328e+00 -1.538129568099975586e+00 0.000000000000000000e+00 0.000000000000000000e+00 0.000000000000000000e+00 1.000000000000000000e+00
1.716201539418448210e+09 -3.328526258468627930e+00 -7.998410701751708984e+00 -1.538054108619689941e+00 0.000000000000000000e+00 0.000000000000000000e+00 0.000000000000000000e+00 1.000000000000000000e+00
1.716201539468700886e+09 -3.328471660614013672e+00 -7.998394489288330078e+00 -1.538157701492309570e+00 0.000000000000000000e+00 0.000000000000000000e+00 0.000000000000000000e+00 1.000000000000000000e+00
1.716201539518996000e+09 -3.328591585159301758e+00 -7.998360633850097656e+00 -1.538114190101623535e+00 0.000000000000000000e+00 0.000000000000000000e+00 0.000000000000000000e+00 1.000000000000000000e+00
1.716201539569302559e+09 -3.328564643859863725e+00 -7.998388290405273438e+00 -1.538070797920227051e+00 0.000000000000000000e+00 0.000000000000000000e+00 0.000000000000000000e+00 1.000000000000000000e+00
1.716201539669808865e+09 -3.328562259674072266e+00 -7.998369216918945312e+00 -1.538124561309814453e+00 0.000000000000000000e+00 0.000000000000000000e+00 0.000000000000000000e+00 1.000000000000000000e+00
1.716201539720070601e+09 -3.328688144683837891e+00 -7.998317718505859375e+00 -1.538122177124023438e+00 0.000000000000000000e+00 0.000000000000000000e+00 0.000000000000000000e+00 1.000000000000000000e+00
1.716201539770530462e+09 -3.328663587570190430e+00 -7.998310089111328125e+00 -1.538169026374816895e+00 0.000000000000000000e+00 0.000000000000000000e+00 0.000000000000000000e+00 1.000000000000000000e+00
1.716201539820536613e+09 -3.328664064407348633e+00 -7.998295783996582031e+00 -1.538206696510314941e+00 0.000000000000000000e+00 0.000000000000000000e+00 0.000000000000000000e+00 1.000000000000000000e+00
1.716201539870725155e+09 -3.328673362731933594e+00 -7.998329162597656250e+00 -1.538107872009277122e+00 0.000000000000000000e+00 0.000000000000000000e+00 0.000000000000000000e+00 1.000000000000000000e+00
1.716201539971318007e+09 -3.328628301620483398e+00 -7.998338699340820312e+00 -1.538131952285766602e+00 0.000000000000000000e+00 0.000000000000000000e+00 0.000000000000000000e+00 1.000000000000000000e+00
1.716201540021510601e+09 -3.328633308410644531e+00 -7.998349189758300781e+00 -1.538099408149719238e+00 0.000000000000000000e+00 0.000000000000000000e+00 0.000000000000000000e+00 1.000000000000000000e+00
1.716201540071713448e+09 -3.328676223754882812e+00 -7.998315334320068359e+00 -1.538141965866088867e+00 0.000000000000000000e+00 0.000000000000000000e+00 0.000000000000000000e+00 1.000000000000000000e+00
1.716201540172248840e+09 -3.328555107116699219e+00 -7.998376846313476562e+00 -1.538112401962280495e+00 0.000000000000000000e+00 0.000000000000000000e+00 0.000000000000000000e+00 1.000000000000000000e+00
1.716201540222684622e+09 -3.328668117523193359e+00 -7.998395442962646484e+00 -1.537938594818115234e+00 0.000000000000000000e+00 0.000000000000000000e+00 0.000000000000000000e+00 1.000000000000000000e+00
1.716201540272982359e+09 -3.328589200973510742e+00 -7.998385906219482422e+00 -1.538050651550292969e+00 0.000000000000000000e+00 0.000000000000000000e+00 0.000000000000000000e+00 1.000000000000000000e+00
1.716201540373669386e+09 -3.328539133071899414e+00 -7.998391151428222656e+00 -1.538091540336608887e+00 0.000000000000000000e+00 0.000000000000000000e+00 0.000000000000000000e+00 1.000000000000000000e+00
1.716201540423809528e+09 -3.328597068786621094e+00 -7.998347282409667969e+00 -1.538143873214721680e+00 0.000000000000000000e+00 0.000000000000000000e+00 0.000000000000000000e+00 1.000000000000000000e+00
1.716201540474012613e+09 -3.328511238098144531e+00 -7.998371601104736328e+00 -1.538174033164978027e+00 0.000000000000000000e+00 0.000000000000000000e+00 0.000000000000000000e+00 1.000000000000000000e+00
1.716201540574234009e+09 -3.328617095947265625e+00 -7.998359203338623047e+00 -1.538090467453002930e+00 0.000000000000000000e+00 0.000000000000000000e+00 0.000000000000000000e+00 1.000000000000000000e+00
1.716201540625264406e+09 -3.328623533248901367e+00 -7.998356342315673828e+00 -1.538091301918029785e+00 0.000000000000000000e+00 0.000000000000000000e+00 0.000000000000000000e+00 1.000000000000000000e+00
1.716201540725044250e+09 -3.328628778457641602e+00 -7.998314857482910156e+00 -1.538195490837097168e+00 0.000000000000000000e+00 0.000000000000000000e+00 0.000000000000000000e+00 1.000000000000000000e+00
1.716201540825608730e+09 -3.328673362731933594e+00 -7.998334407806396484e+00 -1.538094401359558105e+00 0.000000000000000000e+00 0.000000000000000000e+00 0.000000000000000000e+00 1.000000000000000000e+00
1.716201540875819206e+09 -3.328583955764770508e+00 -7.998406410217285156e+00 -1.538002490997314453e+00 0.000000000000000000e+00 0.000000000000000000e+00 0.000000000000000000e+00 1.000000000000000000e+00
1.716201540927587509e+09 -3.328591823577880859e+00 -7.998385906219482422e+00 -1.538047790527343750e+00 0.000000000000000000e+00 0.000000000000000000e+00 0.000000000000000000e+00 1.000000000000000000e+00
1.716201541026803017e+09 -3.328499078750610352e+00 -7.998445987701416016e+00 -1.537990212440490723e+00 0.000000000000000000e+00 0.000000000000000000e+00 0.000000000000000000e+00 1.000000000000000000e+00
1.716201541076902390e+09 -3.328575372695922852e+00 -7.998390197753906250e+00 -1.538054823875427246e+00 0.000000000000000000e+00 0.000000000000000000e+00 0.000000000000000000e+00 1.000000000000000000e+00
1.716201541127419233e+09 -3.328647375106811523e+00 -7.998349189758300781e+00 -1.538083076477050781e+00 0.000000000000000000e+00 0.000000000000000000e+00 0.000000000000000000e+00 1.000000000000000000e+00
1.716201541227736950e+09 -3.328609943389892578e+00 -7.998365879058837891e+00 -1.538081288337707520e+00 0.000000000000000000e+00 0.000000000000000000e+00 0.000000000000000000e+00 1.000000000000000000e+00
1.716201541278286934e+09 -3.328585863113403764e+00 -7.998313426971435547e+00 -1.538246512413024902e+00 0.000000000000000000e+00 0.000000000000000000e+00 0.000000000000000000e+00 1.000000000000000000e+00
1.716201541328276634e+09 -3.328618288040161133e+00 -7.998317718505859375e+00 -1.538199305534362793e+00 0.000000000000000000e+00 0.000000000000000000e+00 0.000000000000000000e+00 1.000000000000000000e+00
1.716201541378433228e+09 -3.328569412231445312e+00 -7.998366832733154297e+00 -1.538123130798339844e+00 0.000000000000000000e+00 0.000000000000000000e+00 0.000000000000000000e+00 1.000000000000000000e+00
1.716201541478942156e+09 -3.328598737716674805e+00 -7.998354911804199219e+00 -1.538122296333312988e+00 0.000000000000000000e+00 0.000000000000000000e+00 0.000000000000000000e+00 1.000000000000000000e+00
1.716201541529154778e+09 -3.328524589538574219e+00 -7.998367786407470703e+00 -1.538170218467712402e+00 0.000000000000000000e+00 0.000000000000000000e+00 0.000000000000000000e+00 1.000000000000000000e+00
1.716201541579528809e+09 -3.328506231307983398e+00 -7.998389720916748047e+00 -1.538131594657897949e+00 0.000000000000000000e+00 0.000000000000000000e+00 0.000000000000000000e+00 1.000000000000000000e+00
1.716201541629690170e+09 -3.328558921813964844e+00 -7.998343467712402344e+00 -1.538196563720703125e+00 0.000000000000000000e+00 0.000000000000000000e+00 0.000000000000000000e+00 1.000000000000000000e+00
1.716201541681037903e+09 -3.328569650650024414e+00 -7.998363494873046875e+00 -1.538131117820739524e+00 0.000000000000000000e+00 0.000000000000000000e+00 0.000000000000000000e+00 1.000000000000000000e+00
1.716201541730127811e+09 -3.328612089157104492e+00 -7.998379707336425781e+00 -1.538041234016418457e+00 0.000000000000000000e+00 0.000000000000000000e+00 0.000000000000000000e+00 1.000000000000000000e+00
1.716201541780526400e+09 -3.328618288040161133e+00 -7.998391628265380859e+00 -1.538003325462341309e+00 0.000000000000000000e+00 0.000000000000000000e+00 0.000000000000000000e+00 1.000000000000000000e+00
1.716201541880983591e+09 -3.328555583953857422e+00 -7.998356819152832031e+00 -1.538165092468261497e+00 0.000000000000000000e+00 0.000000000000000000e+00 0.000000000000000000e+00 1.000000000000000000e+00
1.716201541981460810e+09 -3.328635692596435547e+00 -7.998297691345214844e+00 -1.538232326507568359e+00 0.000000000000000000e+00 0.000000000000000000e+00 0.000000000000000000e+00 1.000000000000000000e+00
1.716201542031686068e+09 -3.328689098358154297e+00 -7.998256683349609375e+00 -1.538282513618469238e+00 0.000000000000000000e+00 0.000000000000000000e+00 0.000000000000000000e+00 1.000000000000000000e+00
1.716201542081911087e+09 -3.328625202178955078e+00 -7.998365879058837891e+00 -1.538063883781433105e+00 0.000000000000000000e+00 0.000000000000000000e+00 0.000000000000000000e+00 1.000000000000000000e+00
1.716201542182274580e+09 -3.328719377517700195e+00 -7.998332500457763672e+00 -1.538048028945922852e+00 0.000000000000000000e+00 0.000000000000000000e+00 0.000000000000000000e+00 1.000000000000000000e+00
1.716201542232798576e+09 -3.328651189804077148e+00 -7.998349666595458984e+00 -1.538077592849731445e+00 0.000000000000000000e+00 0.000000000000000000e+00 0.000000000000000000e+00 1.000000000000000000e+00
1.716201542282853842e+09 -3.328640460968017578e+00 -7.998332023620604581e+00 -1.538136839866638184e+00 0.000000000000000000e+00 0.000000000000000000e+00 0.000000000000000000e+00 1.000000000000000000e+00
1.716201542333161831e+09 -3.328679084777832031e+00 -7.998321533203125000e+00 -1.538121342658996582e+00 0.000000000000000000e+00 0.000000000000000000e+00 0.000000000000000000e+00 1.000000000000000000e+00
1.716201542383405209e+09 -3.328601598739624023e+00 -7.998318195343017578e+00 -1.538216233253479004e+00 0.000000000000000000e+00 0.000000000000000000e+00 0.000000000000000000e+00 1.000000000000000000e+00
1.716201542433711767e+09 -3.328624725341796875e+00 -7.998300075531005859e+00 -1.538238406181335449e+00 0.000000000000000000e+00 0.000000000000000000e+00 0.000000000000000000e+00 1.000000000000000000e+00
1.716201542483844757e+09 -3.328609228134155718e+00 -7.998334407806396484e+00 -1.538165211677551270e+00 0.000000000000000000e+00 0.000000000000000000e+00 0.000000000000000000e+00 1.000000000000000000e+00
1.716201542534927607e+09 -3.328582525253295898e+00 -7.998379230499267578e+00 -1.538075804710388184e+00 0.000000000000000000e+00 0.000000000000000000e+00 0.000000000000000000e+00 1.000000000000000000e+00
1.716201542584306955e+09 -3.328578472137451172e+00 -7.998342037200927734e+00 -1.538178801536560059e+00 0.000000000000000000e+00 0.000000000000000000e+00 0.000000000000000000e+00 1.000000000000000000e+00
1.716201542684833765e+09 -3.328635215759277344e+00 -7.998386859893798828e+00 -1.537996768951416016e+00 0.000000000000000000e+00 0.000000000000000000e+00 0.000000000000000000e+00 1.000000000000000000e+00
1.716201542735225916e+09 -3.328622341156005859e+00 -7.998405933380126953e+00 -1.537961244583130105e+00 0.000000000000000000e+00 0.000000000000000000e+00 0.000000000000000000e+00 1.000000000000000000e+00
1.716201542836131573e+09 -3.328596830368041992e+00 -7.998353958129882812e+00 -1.538126587867736816e+00 0.000000000000000000e+00 0.000000000000000000e+00 0.000000000000000000e+00 1.000000000000000000e+00
1.716201542936122656e+09 -3.328683614730834961e+00 -7.998320102691650391e+00 -1.538120150566101074e+00 0.000000000000000000e+00 0.000000000000000000e+00 0.000000000000000000e+00 1.000000000000000000e+00
1.716201542986192942e+09 -3.328541278839111772e+00 -7.998363971710205078e+00 -1.538161635398864746e+00 0.000000000000000000e+00 0.000000000000000000e+00 0.000000000000000000e+00 1.000000000000000000e+00
1.716201543036448240e+09 -3.328587293624877930e+00 -7.998368740081787109e+00 -1.538098573684692383e+00 0.000000000000000000e+00 0.000000000000000000e+00 0.000000000000000000e+00 1.000000000000000000e+00
1.716201543136842489e+09 -3.328587532043457031e+00 -7.998364925384521484e+00 -1.538108348846435547e+00 0.000000000000000000e+00 0.000000000000000000e+00 0.000000000000000000e+00 1.000000000000000000e+00
1.716201543237219810e+09 -3.328714847564697266e+00 -7.998301506042479581e+00 -1.538135290145874023e+00 0.000000000000000000e+00 0.000000000000000000e+00 0.000000000000000000e+00 1.000000000000000000e+00
1.716201543287401676e+09 -3.328632593154907227e+00 -7.998339176177977627e+00 -1.538125991821289062e+00 0.000000000000000000e+00 0.000000000000000000e+00 0.000000000000000000e+00 1.000000000000000000e+00
1.716201543337406635e+09 -3.328678369522094727e+00 -7.998329162597656250e+00 -1.538102984428405762e+00 0.000000000000000000e+00 0.000000000000000000e+00 0.000000000000000000e+00 1.000000000000000000e+00
1.716201543387686968e+09 -3.328514099121093750e+00 -7.998385906219482422e+00 -1.538133263587951660e+00 0.000000000000000000e+00 0.000000000000000000e+00 0.000000000000000000e+00 1.000000000000000000e+00
1.716201543437873602e+09 -3.328585386276245117e+00 -7.998371124267578125e+00 -1.538093328475951926e+00 0.000000000000000000e+00 0.000000000000000000e+00 0.000000000000000000e+00 1.000000000000000000e+00
1.716201543487955093e+09 -3.328527688980102539e+00 -7.998404502868652344e+00 -1.538068413734436035e+00 0.000000000000000000e+00 0.000000000000000000e+00 0.000000000000000000e+00 1.000000000000000000e+00
1.716201543588232517e+09 -3.328579902648925781e+00 -7.998356342315673828e+00 -1.538138628005981445e+00 0.000000000000000000e+00 0.000000000000000000e+00 0.000000000000000000e+00 1.000000000000000000e+00
1.716201543688569307e+09 -3.328632593154907227e+00 -7.998314380645751953e+00 -1.538192629814147949e+00 0.000000000000000000e+00 0.000000000000000000e+00 0.000000000000000000e+00 1.000000000000000000e+00
1.716201543788780451e+09 -3.328518629074096680e+00 -7.998399257659912109e+00 -1.538093447685241699e+00 0.000000000000000000e+00 0.000000000000000000e+00 0.000000000000000000e+00 1.000000000000000000e+00
1.716201543839017153e+09 -3.328451156616210938e+00 -7.998436927795410156e+00 -1.538067579269409180e+00 0.000000000000000000e+00 0.000000000000000000e+00 0.000000000000000000e+00 1.000000000000000000e+00
1.716201543889169693e+09 -3.328478336334228516e+00 -7.998424530029296875e+00 -1.538070321083068848e+00 0.000000000000000000e+00 0.000000000000000000e+00 0.000000000000000000e+00 1.000000000000000000e+00
1.716201543939881802e+09 -3.328441619873046875e+00 -7.998420238494873047e+00 -1.538122296333312988e+00 0.000000000000000000e+00 0.000000000000000000e+00 0.000000000000000000e+00 1.000000000000000000e+00
1.716201543989864588e+09 -3.328449726104736328e+00 -7.998431682586669922e+00 -1.538083314895630105e+00 0.000000000000000000e+00 0.000000000000000000e+00 0.000000000000000000e+00 1.000000000000000000e+00
1.716201544040060997e+09 -3.328526973724364790e+00 -7.998390674591063565e+00 -1.538106918334960938e+00 0.000000000000000000e+00 0.000000000000000000e+00 0.000000000000000000e+00 1.000000000000000000e+00
1.716201544140604019e+09 -3.328510284423828125e+00 -7.998360157012939453e+00 -1.538205862045288086e+00 0.000000000000000000e+00 0.000000000000000000e+00 0.000000000000000000e+00 1.000000000000000000e+00
1.716201544190815687e+09 -3.328427553176879883e+00 -7.998379707336425781e+00 -1.538244843482971191e+00 0.000000000000000000e+00 0.000000000000000000e+00 0.000000000000000000e+00 1.000000000000000000e+00
1.716201544241170883e+09 -3.328438282012939453e+00 -7.998388767242431641e+00 -1.538208961486816406e+00 0.000000000000000000e+00 0.000000000000000000e+00 0.000000000000000000e+00 1.000000000000000000e+00
1.716201544291389704e+09 -3.328505516052246094e+00 -7.998362541198729581e+00 -1.538204073905944824e+00 0.000000000000000000e+00 0.000000000000000000e+00 0.000000000000000000e+00 1.000000000000000000e+00
1.716201544341859818e+09 -3.328575134277344194e+00 -7.998283863067626953e+00 -1.538336873054504395e+00 0.000000000000000000e+00 0.000000000000000000e+00 0.000000000000000000e+00 1.000000000000000000e+00
1.716201544391944885e+09 -3.328509330749512163e+00 -7.998357772827148438e+00 -1.538213014602661133e+00 0.000000000000000000e+00 0.000000000000000000e+00 0.000000000000000000e+00 1.000000000000000000e+00
1.716201544442270756e+09 -3.328440904617309570e+00 -7.998384952545166016e+00 -1.538216352462768555e+00 0.000000000000000000e+00 0.000000000000000000e+00 0.000000000000000000e+00 1.000000000000000000e+00
1.716201544492269993e+09 -3.328518152236938477e+00 -7.998371601104736328e+00 -1.538167238235473633e+00 0.000000000000000000e+00 0.000000000000000000e+00 0.000000000000000000e+00 1.000000000000000000e+00
1.716201544542498827e+09 -3.328547477722167969e+00 -7.998369693756102627e+00 -1.538139939308166504e+00 0.000000000000000000e+00 0.000000000000000000e+00 0.000000000000000000e+00 1.000000000000000000e+00
1.716201544642994642e+09 -3.328549146652221680e+00 -7.998327732086181641e+00 -1.538248658180236816e+00 0.000000000000000000e+00 0.000000000000000000e+00 0.000000000000000000e+00 1.000000000000000000e+00
1.716201544743427753e+09 -3.328552007675170898e+00 -7.998314857482910156e+00 -1.538279056549072488e+00 0.000000000000000000e+00 0.000000000000000000e+00 0.000000000000000000e+00 1.000000000000000000e+00
1.716201544793853521e+09 -3.328634738922119141e+00 -7.998332500457763672e+00 -1.538142085075378418e+00 0.000000000000000000e+00 0.000000000000000000e+00 0.000000000000000000e+00 1.000000000000000000e+00
1.716201544893938541e+09 -3.328502416610717773e+00 -7.998421192169188565e+00 -1.538052797317504883e+00 0.000000000000000000e+00 0.000000000000000000e+00 0.000000000000000000e+00 1.000000000000000000e+00
1.716201544994328976e+09 -3.328571796417236328e+00 -7.998382568359375000e+00 -1.538078308105468750e+00 0.000000000000000000e+00 0.000000000000000000e+00 0.000000000000000000e+00 1.000000000000000000e+00
1.716201545094708681e+09 -3.328637123107910156e+00 -7.998362064361572266e+00 -1.538060426712035911e+00 0.000000000000000000e+00 0.000000000000000000e+00 0.000000000000000000e+00 1.000000000000000000e+00
1.716201545145064354e+09 -3.328544855117797852e+00 -7.998423576354979581e+00 -1.537999033927917703e+00 0.000000000000000000e+00 0.000000000000000000e+00 0.000000000000000000e+00 1.000000000000000000e+00
1.716201545195174217e+09 -3.328698635101318359e+00 -7.998325824737548828e+00 -1.538089394569396973e+00 0.000000000000000000e+00 0.000000000000000000e+00 0.000000000000000000e+00 1.000000000000000000e+00
1.716201545295555592e+09 -3.328571081161499023e+00 -7.998381614685058594e+00 -1.538082122802734375e+00 0.000000000000000000e+00 0.000000000000000000e+00 0.000000000000000000e+00 1.000000000000000000e+00
1.716201545346172094e+09 -3.328507184982299805e+00 -7.998408317565917969e+00 -1.538080930709838867e+00 0.000000000000000000e+00 0.000000000000000000e+00 0.000000000000000000e+00 1.000000000000000000e+00
1.716201545395907164e+09 -3.328621149063110352e+00 -7.998365402221679688e+00 -1.538069367408752441e+00 0.000000000000000000e+00 0.000000000000000000e+00 0.000000000000000000e+00 1.000000000000000000e+00
1.716201545496246099e+09 -3.328606843948364258e+00 -7.998357295989990234e+00 -1.538106083869934082e+00 0.000000000000000000e+00 0.000000000000000000e+00 0.000000000000000000e+00 1.000000000000000000e+00
1.716201545546421051e+09 -3.328545570373535156e+00 -7.998343467712402344e+00 -1.538211107254028320e+00 0.000000000000000000e+00 0.000000000000000000e+00 0.000000000000000000e+00 1.000000000000000000e+00
1.716201545596609831e+09 -3.328484773635864258e+00 -7.998383522033691406e+00 -1.538171648979187012e+00 0.000000000000000000e+00 0.000000000000000000e+00 0.000000000000000000e+00 1.000000000000000000e+00
1.716201545697446823e+09 -3.328440666198730469e+00 -7.998466968536376953e+00 -1.537999391555785911e+00 0.000000000000000000e+00 0.000000000000000000e+00 0.000000000000000000e+00 1.000000000000000000e+00
1.716201545747820616e+09 -3.328533649444580078e+00 -7.998406410217285156e+00 -1.538056731224060059e+00 0.000000000000000000e+00 0.000000000000000000e+00 0.000000000000000000e+00 1.000000000000000000e+00
1.716201545848572016e+09 -3.328482866287231445e+00 -7.998392581939697266e+00 -1.538150072097778320e+00 0.000000000000000000e+00 0.000000000000000000e+00 0.000000000000000000e+00 1.000000000000000000e+00
1.716201545898803949e+09 -3.328450202941894531e+00 -7.998413562774658203e+00 -1.538130044937133789e+00 0.000000000000000000e+00 0.000000000000000000e+00 0.000000000000000000e+00 1.000000000000000000e+00
1.716201545949406147e+09 -3.328507184982299805e+00 -7.998363971710205078e+00 -1.538198590278625710e+00 0.000000000000000000e+00 0.000000000000000000e+00 0.000000000000000000e+00 1.000000000000000000e+00
1.716201545999576092e+09 -3.328545093536376953e+00 -7.998351097106933594e+00 -1.538191437721252441e+00 0.000000000000000000e+00 0.000000000000000000e+00 0.000000000000000000e+00 1.000000000000000000e+00
1.716201546050086737e+09 -3.328600406646728516e+00 -7.998321056365966797e+00 -1.538209676742553711e+00 0.000000000000000000e+00 0.000000000000000000e+00 0.000000000000000000e+00 1.000000000000000000e+00
1.716201546100362301e+09 -3.328580379486083984e+00 -7.998353958129882812e+00 -1.538144707679748313e+00 0.000000000000000000e+00 0.000000000000000000e+00 0.000000000000000000e+00 1.000000000000000000e+00
1.716201546150572300e+09 -3.328543901443481001e+00 -7.998385906219482422e+00 -1.538100242614746094e+00 0.000000000000000000e+00 0.000000000000000000e+00 0.000000000000000000e+00 1.000000000000000000e+00
1.716201546201230049e+09 -3.328566312789916992e+00 -7.998365879058837891e+00 -1.538128376007080078e+00 0.000000000000000000e+00 0.000000000000000000e+00 0.000000000000000000e+00 1.000000000000000000e+00
1.716201546251667023e+09 -3.328531980514526367e+00 -7.998403549194335938e+00 -1.538067460060119629e+00 0.000000000000000000e+00 0.000000000000000000e+00 0.000000000000000000e+00 1.000000000000000000e+00
1.716201546352041006e+09 -3.328588247299194336e+00 -7.998368740081787109e+00 -1.538096785545349121e+00 0.000000000000000000e+00 0.000000000000000000e+00 0.000000000000000000e+00 1.000000000000000000e+00
1.716201546402571440e+09 -3.328626871109008789e+00 -7.998331546783447266e+00 -1.538153052330017090e+00 0.000000000000000000e+00 0.000000000000000000e+00 0.000000000000000000e+00 1.000000000000000000e+00
1.716201546452839136e+09 -3.328679561614990234e+00 -7.998298168182373047e+00 -1.538183927536010742e+00 0.000000000000000000e+00 0.000000000000000000e+00 0.000000000000000000e+00 1.000000000000000000e+00
1.716201546502957106e+09 -3.328551054000854492e+00 -7.998365402221679688e+00 -1.538147330284118874e+00 0.000000000000000000e+00 0.000000000000000000e+00 0.000000000000000000e+00 1.000000000000000000e+00
1.716201546603283644e+09 -3.328555345535278320e+00 -7.998430252075195312e+00 -1.537970066070556641e+00 0.000000000000000000e+00 0.000000000000000000e+00 0.000000000000000000e+00 1.000000000000000000e+00
1.716201546653679609e+09 -3.328474760055541992e+00 -7.998425006866455078e+00 -1.538073062896728294e+00 0.000000000000000000e+00 0.000000000000000000e+00 0.000000000000000000e+00 1.000000000000000000e+00
1.716201546703829050e+09 -3.328481912612915039e+00 -7.998436450958251953e+00 -1.538035154342651367e+00 0.000000000000000000e+00 0.000000000000000000e+00 0.000000000000000000e+00 1.000000000000000000e+00
1.716201546804211140e+09 -3.328529596328735796e+00 -7.998391151428222656e+00 -1.538102746009826882e+00 0.000000000000000000e+00 0.000000000000000000e+00 0.000000000000000000e+00 1.000000000000000000e+00
1.716201546854548693e+09 -3.328574419021606445e+00 -7.998391151428222656e+00 -1.538052797317504883e+00 0.000000000000000000e+00 0.000000000000000000e+00 0.000000000000000000e+00 1.000000000000000000e+00
1.716201546904637337e+09 -3.328532218933105025e+00 -7.998383045196533203e+00 -1.538120865821838379e+00 0.000000000000000000e+00 0.000000000000000000e+00 0.000000000000000000e+00 1.000000000000000000e+00
1.716201546954883575e+09 -3.328579425811768022e+00 -7.998354434967041016e+00 -1.538144111633300781e+00 0.000000000000000000e+00 0.000000000000000000e+00 0.000000000000000000e+00 1.000000000000000000e+00
1.716201547005447865e+09 -3.328553199768066406e+00 -7.998326301574707031e+00 -1.538248777389526367e+00 0.000000000000000000e+00 0.000000000000000000e+00 0.000000000000000000e+00 1.000000000000000000e+00
1.716201547105588913e+09 -3.328461647033691406e+00 -7.998415470123291016e+00 -1.538113355636596902e+00 0.000000000000000000e+00 0.000000000000000000e+00 0.000000000000000000e+00 1.000000000000000000e+00
1.716201547155731201e+09 -3.328407526016235796e+00 -7.998447895050048828e+00 -1.538086414337158203e+00 0.000000000000000000e+00 0.000000000000000000e+00 0.000000000000000000e+00 1.000000000000000000e+00
1.716201547255983114e+09 -3.328510522842407227e+00 -7.998371124267578125e+00 -1.538176655769347922e+00 0.000000000000000000e+00 0.000000000000000000e+00 0.000000000000000000e+00 1.000000000000000000e+00
1.716201547306300640e+09 -3.328590393066406250e+00 -7.998301029205322266e+00 -1.538273692131042480e+00 0.000000000000000000e+00 0.000000000000000000e+00 0.000000000000000000e+00 1.000000000000000000e+00
1.716201547357852697e+09 -3.328666210174560547e+00 -7.998318195343017578e+00 -1.538144350051880105e+00 0.000000000000000000e+00 0.000000000000000000e+00 0.000000000000000000e+00 1.000000000000000000e+00
1.716201547457352161e+09 -3.328496694564819780e+00 -7.998407840728759766e+00 -1.538094401359558105e+00 0.000000000000000000e+00 0.000000000000000000e+00 0.000000000000000000e+00 1.000000000000000000e+00
1.716201547508179903e+09 -3.328576564788818359e+00 -7.998330593109130859e+00 -1.538211464881896973e+00 0.000000000000000000e+00 0.000000000000000000e+00 0.000000000000000000e+00 1.000000000000000000e+00
1.716201547558648109e+09 -3.328563451766968218e+00 -7.998350143432617188e+00 -1.538174033164978027e+00 0.000000000000000000e+00 0.000000000000000000e+00 0.000000000000000000e+00 1.000000000000000000e+00
1.716201547659132004e+09 -3.328510999679564986e+00 -7.998376846313476562e+00 -1.538161039352416992e+00 0.000000000000000000e+00 0.000000000000000000e+00 0.000000000000000000e+00 1.000000000000000000e+00
1.716201547709942102e+09 -3.328649282455444336e+00 -7.998357772827148438e+00 -1.538058280944824219e+00 0.000000000000000000e+00 0.000000000000000000e+00 0.000000000000000000e+00 1.000000000000000000e+00
1.716201547759900570e+09 -3.328533411026000977e+00 -7.998390197753906250e+00 -1.538100600242614746e+00 0.000000000000000000e+00 0.000000000000000000e+00 0.000000000000000000e+00 1.000000000000000000e+00
1.716201547810201168e+09 -3.328578710556030273e+00 -7.998369216918945312e+00 -1.538106679916381836e+00 0.000000000000000000e+00 0.000000000000000000e+00 0.000000000000000000e+00 1.000000000000000000e+00
1.716201547860504627e+09 -3.328624248504638672e+00 -7.998388290405273438e+00 -1.538004994392395020e+00 0.000000000000000000e+00 0.000000000000000000e+00 0.000000000000000000e+00 1.000000000000000000e+00
