# timestamp tx ty tz qx qy qz qw
1.716201559066702127e+09 -3.328504562377929688e+00 -7.998389720916748047e+00 -1.538133144378662109e+00 0.000000000000000000e+00 0.000000000000000000e+00 0.000000000000000000e+00 1.000000000000000000e+00
1.716201559116627216e+09 -3.328486919403076172e+00 -7.998395919799804688e+00 -1.538137078285217285e+00 0.000000000000000000e+00 0.000000000000000000e+00 0.000000000000000000e+00 1.000000000000000000e+00
1.716201559166837454e+09 -3.328469038009643999e+00 -7.998404026031494141e+00 -1.538135647773742898e+00 0.000000000000000000e+00 0.000000000000000000e+00 0.000000000000000000e+00 1.000000000000000000e+00
1.716201559217543364e+09 -3.328505039215087891e+00 -7.998389244079589844e+00 -1.538133859634399414e+00 0.000000000000000000e+00 0.000000000000000000e+00 0.000000000000000000e+00 1.000000000000000000e+00
1.716201559267715693e+09 -3.328552961349487749e+00 -7.998355865478515625e+00 -1.538170218467712402e+00 0.000000000000000000e+00 0.000000000000000000e+00 0.000000000000000000e+00 1.000000000000000000e+00
1.716201559317984343e+09 -3.328609704971313032e+00 -7.998307228088378906e+00 -1.538236379623413086e+00 0.000000000000000000e+00 0.000000000000000000e+00 0.000000000000000000e+00 1.000000000000000000e+00
1.716201559368216515e+09 -3.328541755676269087e+00 -7.998382568359375000e+00 -1.538111925125122070e+00 0.000000000000000000e+00 0.000000000000000000e+00 0.000000000000000000e+00 1.000000000000000000e+00
1.716201559418420076e+09 -3.328534841537476030e+00 -7.998386859893798828e+00 -1.538107275962829590e+00 0.000000000000000000e+00 0.000000000000000000e+00 0.000000000000000000e+00 1.000000000000000000e+00
1.716201559468530178e+09 -3.328498363494873047e+00 -7.998391151428222656e+00 -1.538137078285217285e+00 0.000000000000000000e+00 0.000000000000000000e+00 0.000000000000000000e+00 1.000000000000000000e+00
1.716201559569355011e+09 -3.328528404235839844e+00 -7.998396873474121094e+00 -1.538088679313659668e+00 0.000000000000000000e+00 0.000000000000000000e+00 0.000000000000000000e+00 1.000000000000000000e+00
1.716201559622240067e+09 -3.328510522842407227e+00 -7.998402595520019531e+00 -1.538092613220214844e+00 0.000000000000000000e+00 0.000000000000000000e+00 0.000000000000000000e+00 1.000000000000000000e+00
1.716201559669499159e+09 -3.328511476516724077e+00 -7.998403072357177734e+00 -1.538090944290161133e+00 0.000000000000000000e+00 0.000000000000000000e+00 0.000000000000000000e+00 1.000000000000000000e+00
1.716201559769573927e+09 -3.328517913818359819e+00 -7.998419284820556641e+00 -1.538040637969970703e+00 0.000000000000000000e+00 0.000000000000000000e+00 0.000000000000000000e+00 1.000000000000000000e+00
1.716201559870355129e+09 -3.328450202941894531e+00 -7.998450756072998047e+00 -1.538031935691833496e+00 0.000000000000000000e+00 0.000000000000000000e+00 0.000000000000000000e+00 1.000000000000000000e+00
1.716201559920295000e+09 -3.328507184982299805e+00 -7.998394012451171875e+00 -1.538118720054626465e+00 0.000000000000000000e+00 0.000000000000000000e+00 0.000000000000000000e+00 1.000000000000000000e+00
1.716201559970450163e+09 -3.328447103500366211e+00 -7.998426437377929688e+00 -1.538099646568298340e+00 0.000000000000000000e+00 0.000000000000000000e+00 0.000000000000000000e+00 1.000000000000000000e+00
1.716201560070779085e+09 -3.328398466110229048e+00 -7.998434066772460938e+00 -1.538133740425110085e+00 0.000000000000000000e+00 0.000000000000000000e+00 0.000000000000000000e+00 1.000000000000000000e+00
1.716201560121127844e+09 -3.328498840332031250e+00 -7.998364448547363281e+00 -1.538206219673156738e+00 0.000000000000000000e+00 0.000000000000000000e+00 0.000000000000000000e+00 1.000000000000000000e+00
1.716201560171287775e+09 -3.328488826751708984e+00 -7.998413085937500000e+00 -1.538088917732238770e+00 0.000000000000000000e+00 0.000000000000000000e+00 0.000000000000000000e+00 1.000000000000000000e+00
1.716201560221540451e+09 -3.328434705734252930e+00 -7.998433113098143643e+00 -1.538095951080322488e+00 0.000000000000000000e+00 0.000000000000000000e+00 0.000000000000000000e+00 1.000000000000000000e+00
1.716201560272044182e+09 -3.328439235687255859e+00 -7.998446941375732422e+00 -1.538054108619689941e+00 0.000000000000000000e+00 0.000000000000000000e+00 0.000000000000000000e+00 1.000000000000000000e+00
1.716201560372435808e+09 -3.328433275222778320e+00 -7.998416900634765625e+00 -1.538140892982482910e+00 0.000000000000000000e+00 0.000000000000000000e+00 0.000000000000000000e+00 1.000000000000000000e+00
1.716201560422580957e+09 -3.328511953353881836e+00 -7.998410701751708984e+00 -1.538069128990173118e+00 0.000000000000000000e+00 0.000000000000000000e+00 0.000000000000000000e+00 1.000000000000000000e+00
1.716201560472748518e+09 -3.328557491302490234e+00 -7.998407840728759766e+00 -1.538026452064514160e+00 0.000000000000000000e+00 0.000000000000000000e+00 0.000000000000000000e+00 1.000000000000000000e+00
1.716201560523005247e+09 -3.328488826751708984e+00 -7.998466491699218750e+00 -1.537947416305541992e+00 0.000000000000000000e+00 0.000000000000000000e+00 0.000000000000000000e+00 1.000000000000000000e+00
1.716201560573102951e+09 -3.328552484512329102e+00 -7.998392105102539062e+00 -1.538074135780334473e+00 0.000000000000000000e+00 0.000000000000000000e+00 0.000000000000000000e+00 1.000000000000000000e+00
1.716201560623475790e+09 -3.328426599502563477e+00 -7.998442173004150391e+00 -1.538080453872680886e+00 0.000000000000000000e+00 0.000000000000000000e+00 0.000000000000000000e+00 1.000000000000000000e+00
1.716201560673532724e+09 -3.328468084335327148e+00 -7.998398780822753906e+00 -1.538149833679199219e+00 0.000000000000000000e+00 0.000000000000000000e+00 0.000000000000000000e+00 1.000000000000000000e+00
1.716201560773859262e+09 -3.328512907028198242e+00 -7.998389244079589844e+00 -1.538125872611999512e+00 0.000000000000000000e+00 0.000000000000000000e+00 0.000000000000000000e+00 1.000000000000000000e+00
1.716201560824134827e+09 -3.328494787216186523e+00 -7.998423099517822266e+00 -1.538055539131164551e+00 0.000000000000000000e+00 0.000000000000000000e+00 0.000000000000000000e+00 1.000000000000000000e+00
1.716201560874308825e+09 -3.328515291213989258e+00 -7.998417854309082031e+00 -1.538047075271606445e+00 0.000000000000000000e+00 0.000000000000000000e+00 0.000000000000000000e+00 1.000000000000000000e+00
1.716201560924790382e+09 -3.328496932983398438e+00 -7.998412132263183594e+00 -1.538083195686340332e+00 0.000000000000000000e+00 0.000000000000000000e+00 0.000000000000000000e+00 1.000000000000000000e+00
1.716201560974733829e+09 -3.328400373458862305e+00 -7.998456001281738281e+00 -1.538072824478149414e+00 0.000000000000000000e+00 0.000000000000000000e+00 0.000000000000000000e+00 1.000000000000000000e+00
1.716201561025973558e+09 -3.328512430191040039e+00 -7.998392105102539062e+00 -1.538118243217468484e+00 0.000000000000000000e+00 0.000000000000000000e+00 0.000000000000000000e+00 1.000000000000000000e+00
1.716201561075076103e+09 -3.328519344329833984e+00 -7.998411655426025391e+00 -1.538059115409851074e+00 0.000000000000000000e+00 0.000000000000000000e+00 0.000000000000000000e+00 1.000000000000000000e+00
1.716201561125382423e+09 -3.328646183013916016e+00 -7.998381137847900391e+00 -1.537999749183654785e+00 0.000000000000000000e+00 0.000000000000000000e+00 0.000000000000000000e+00 1.000000000000000000e+00
1.716201561175592661e+09 -3.328565835952758789e+00 -7.998400688171386719e+00 -1.538036704063415527e+00 0.000000000000000000e+00 0.000000000000000000e+00 0.000000000000000000e+00 1.000000000000000000e+00
1.716201561225782156e+09 -3.328545570373535156e+00 -7.998380184173583984e+00 -1.538114070892333984e+00 0.000000000000000000e+00 0.000000000000000000e+00 0.000000000000000000e+00 1.000000000000000000e+00
1.716201561275954485e+09 -3.328500986099243164e+00 -7.998357295989990234e+00 -1.538223981857299805e+00 0.000000000000000000e+00 0.000000000000000000e+00 0.000000000000000000e+00 1.000000000000000000e+00
1.716201561326668024e+09 -3.328549861907958984e+00 -7.998365879058837891e+00 -1.538146615028381126e+00 0.000000000000000000e+00 0.000000000000000000e+00 0.000000000000000000e+00 1.000000000000000000e+00
1.716201561376426458e+09 -3.328600645065308061e+00 -7.998314380645751953e+00 -1.538226962089538574e+00 0.000000000000000000e+00 0.000000000000000000e+00 0.000000000000000000e+00 1.000000000000000000e+00
1.716201561476895332e+09 -3.328477859497070312e+00 -7.998368740081787109e+00 -1.538218379020690918e+00 0.000000000000000000e+00 0.000000000000000000e+00 0.000000000000000000e+00 1.000000000000000000e+00
1.716201561527079105e+09 -3.328425168991088867e+00 -7.998399257659912109e+00 -1.538195252418518066e+00 0.000000000000000000e+00 0.000000000000000000e+00 0.000000000000000000e+00 1.000000000000000000e+00
1.716201561577210188e+09 -3.328440666198730469e+00 -7.998432636260986328e+00 -1.538090586662292480e+00 0.000000000000000000e+00 0.000000000000000000e+00 0.000000000000000000e+00 1.000000000000000000e+00
1.716201561627357244e+09 -3.328489780426025391e+00 -7.998423576354979581e+00 -1.538060307502746582e+00 0.000000000000000000e+00 0.000000000000000000e+00 0.000000000000000000e+00 1.000000000000000000e+00
1.716201561677615166e+09 -3.328616857528686523e+00 -7.998304367065429688e+00 -1.538235783576965110e+00 0.000000000000000000e+00 0.000000000000000000e+00 0.000000000000000000e+00 1.000000000000000000e+00
1.716201561727885246e+09 -3.328561782836914062e+00 -7.998352050781250000e+00 -1.538170933723449707e+00 0.000000000000000000e+00 0.000000000000000000e+00 0.000000000000000000e+00 1.000000000000000000e+00
1.716201561777933836e+09 -3.328631162643432617e+00 -7.998323440551757812e+00 -1.538169980049133301e+00 0.000000000000000000e+00 0.000000000000000000e+00 0.000000000000000000e+00 1.000000000000000000e+00
1.716201561828440428e+09 -3.328636884689331055e+00 -7.998340606689453125e+00 -1.538118004798889160e+00 0.000000000000000000e+00 0.000000000000000000e+00 0.000000000000000000e+00 1.000000000000000000e+00
1.716201561878291368e+09 -3.328562974929809570e+00 -7.998385429382324219e+00 -1.538080692291259766e+00 0.000000000000000000e+00 0.000000000000000000e+00 0.000000000000000000e+00 1.000000000000000000e+00
1.716201561928647280e+09 -3.328679084777832031e+00 -7.998278141021727627e+00 -1.538236260414123535e+00 0.000000000000000000e+00 0.000000000000000000e+00 0.000000000000000000e+00 1.000000000000000000e+00
1.716201561978787184e+09 -3.328562021255493164e+00 -7.998273372650145596e+00 -1.538379073143005371e+00 0.000000000000000000e+00 0.000000000000000000e+00 0.000000000000000000e+00 1.000000000000000000e+00
1.716201562029261589e+09 -3.328649044036864790e+00 -7.998292922973632812e+00 -1.538230657577514648e+00 0.000000000000000000e+00 0.000000000000000000e+00 0.000000000000000000e+00 1.000000000000000000e+00
1.716201562079042196e+09 -3.328534364700317383e+00 -7.998369216918945312e+00 -1.538154959678649902e+00 0.000000000000000000e+00 0.000000000000000000e+00 0.000000000000000000e+00 1.000000000000000000e+00
1.716201562129351139e+09 -3.328574419021606445e+00 -7.998335361480712891e+00 -1.538200378417968750e+00 0.000000000000000000e+00 0.000000000000000000e+00 0.000000000000000000e+00 1.000000000000000000e+00
1.716201562179576635e+09 -3.328574180603027788e+00 -7.998346328735351562e+00 -1.538172006607055664e+00 0.000000000000000000e+00 0.000000000000000000e+00 0.000000000000000000e+00 1.000000000000000000e+00
1.716201562229832411e+09 -3.328604459762572798e+00 -7.998255252838134766e+00 -1.538380026817321777e+00 0.000000000000000000e+00 0.000000000000000000e+00 0.000000000000000000e+00 1.000000000000000000e+00
1.716201562280182600e+09 -3.328614711761474609e+00 -7.998274803161621094e+00 -1.538316130638122559e+00 0.000000000000000000e+00 0.000000000000000000e+00 0.000000000000000000e+00 1.000000000000000000e+00
1.716201562330177307e+09 -3.328574657440185103e+00 -7.998305320739746094e+00 -1.538279771804809570e+00 0.000000000000000000e+00 0.000000000000000000e+00 0.000000000000000000e+00 1.000000000000000000e+00
1.716201562380351782e+09 -3.328614234924316406e+00 -7.998295307159423828e+00 -1.538262605667114480e+00 0.000000000000000000e+00 0.000000000000000000e+00 0.000000000000000000e+00 1.000000000000000000e+00
1.716201562430680752e+09 -3.328506708145141602e+00 -7.998336315155029297e+00 -1.538273215293884499e+00 0.000000000000000000e+00 0.000000000000000000e+00 0.000000000000000000e+00 1.000000000000000000e+00
1.716201562480872631e+09 -3.328498125076293945e+00 -7.998342990875244141e+00 -1.538265109062194824e+00 0.000000000000000000e+00 0.000000000000000000e+00 0.000000000000000000e+00 1.000000000000000000e+00
1.716201562531096220e+09 -3.328415870666503906e+00 -7.998349666595458984e+00 -1.538337230682373047e+00 0.000000000000000000e+00 0.000000000000000000e+00 0.000000000000000000e+00 1.000000000000000000e+00
1.716201562581168175e+09 -3.328540563583374023e+00 -7.998362541198729581e+00 -1.538165688514709695e+00 0.000000000000000000e+00 0.000000000000000000e+00 0.000000000000000000e+00 1.000000000000000000e+00
1.716201562631398201e+09 -3.328470468521118164e+00 -7.998348712921142578e+00 -1.538279652595520020e+00 0.000000000000000000e+00 0.000000000000000000e+00 0.000000000000000000e+00 1.000000000000000000e+00
1.716201562681624651e+09 -3.328575134277344194e+00 -7.998312473297119141e+00 -1.538260817527770996e+00 0.000000000000000000e+00 0.000000000000000000e+00 0.000000000000000000e+00 1.000000000000000000e+00
1.716201562731820583e+09 -3.328503847122192383e+00 -7.998339653015136719e+00 -1.538267016410827637e+00 0.000000000000000000e+00 0.000000000000000000e+00 0.000000000000000000e+00 1.000000000000000000e+00
1.716201562782114983e+09 -3.328562974929809570e+00 -7.998352527618408203e+00 -1.538168191909790039e+00 0.000000000000000000e+00 0.000000000000000000e+00 0.000000000000000000e+00 1.000000000000000000e+00
1.716201562832304955e+09 -3.328552722930908203e+00 -7.998354911804199219e+00 -1.538172960281372070e+00 0.000000000000000000e+00 0.000000000000000000e+00 0.000000000000000000e+00 1.000000000000000000e+00
1.716201562882497787e+09 -3.328561067581176758e+00 -7.998318672180175781e+00 -1.538259863853454590e+00 0.000000000000000000e+00 0.000000000000000000e+00 0.000000000000000000e+00 1.000000000000000000e+00
1.716201562932764769e+09 -3.328481197357177734e+00 -7.998391628265380859e+00 -1.538154125213623047e+00 0.000000000000000000e+00 0.000000000000000000e+00 0.000000000000000000e+00 1.000000000000000000e+00
1.716201562982915640e+09 -3.328484773635864258e+00 -7.998386859893798828e+00 -1.538162708282470703e+00 0.000000000000000000e+00 0.000000000000000000e+00 0.000000000000000000e+00 1.000000000000000000e+00
1.716201563033161879e+09 -3.328345775604248047e+00 -7.998432159423828125e+00 -1.538196206092834473e+00 0.000000000000000000e+00 0.000000000000000000e+00 0.000000000000000000e+00 1.000000000000000000e+00
1.716201563083264589e+09 -3.328508138656616211e+00 -7.998366832733154297e+00 -1.538190007209777832e+00 0.000000000000000000e+00 0.000000000000000000e+00 0.000000000000000000e+00 1.000000000000000000e+00
1.716201563133596182e+09 -3.328639507293701172e+00 -7.998292446136474609e+00 -1.538243174552917703e+00 0.000000000000000000e+00 0.000000000000000000e+00 0.000000000000000000e+00 1.000000000000000000e+00
1.716201563183601618e+09 -3.328620672225952148e+00 -7.998315811157226562e+00 -1.538201451301574707e+00 0.000000000000000000e+00 0.000000000000000000e+00 0.000000000000000000e+00 1.000000000000000000e+00
1.716201563234124899e+09 -3.328527212142944336e+00 -7.998381137847900391e+00 -1.538131833076477051e+00 0.000000000000000000e+00 0.000000000000000000e+00 0.000000000000000000e+00 1.000000000000000000e+00
1.716201563284299612e+09 -3.328488349914550781e+00 -7.998387813568115234e+00 -1.538156509399414062e+00 0.000000000000000000e+00 0.000000000000000000e+00 0.000000000000000000e+00 1.000000000000000000e+00
1.716201563335189342e+09 -3.328533649444580078e+00 -7.998349666595458984e+00 -1.538208246231079102e+00 0.000000000000000000e+00 0.000000000000000000e+00 0.000000000000000000e+00 1.000000000000000000e+00
1.716201563384399891e+09 -3.328505992889404297e+00 -7.998359203338623047e+00 -1.538212537765502930e+00 0.000000000000000000e+00 0.000000000000000000e+00 0.000000000000000000e+00 1.000000000000000000e+00
1.716201563434592485e+09 -3.328498125076293945e+00 -7.998375415802001953e+00 -1.538178682327270508e+00 0.000000000000000000e+00 0.000000000000000000e+00 0.000000000000000000e+00 1.000000000000000000e+00
1.716201563484732151e+09 -3.328530550003052202e+00 -7.998389720916748047e+00 -1.538104772567749023e+00 0.000000000000000000e+00 0.000000000000000000e+00 0.000000000000000000e+00 1.000000000000000000e+00
1.716201563585139036e+09 -3.328566551208496094e+00 -7.998327255249023438e+00 -1.538230419158935547e+00 0.000000000000000000e+00 0.000000000000000000e+00 0.000000000000000000e+00 1.000000000000000000e+00
1.716201563635386229e+09 -3.328648805618286133e+00 -7.998309135437011719e+00 -1.538187861442565918e+00 0.000000000000000000e+00 0.000000000000000000e+00 0.000000000000000000e+00 1.000000000000000000e+00
1.716201563735528946e+09 -3.328652143478393555e+00 -7.998352050781250000e+00 -1.538070321083068848e+00 0.000000000000000000e+00 0.000000000000000000e+00 0.000000000000000000e+00 1.000000000000000000e+00
1.716201563785778999e+09 -3.328549623489379883e+00 -7.998357295989990234e+00 -1.538170337677001953e+00 0.000000000000000000e+00 0.000000000000000000e+00 0.000000000000000000e+00 1.000000000000000000e+00
1.716201563886013508e+09 -3.328701019287109375e+00 -7.998298168182373047e+00 -1.538159012794494629e+00 0.000000000000000000e+00 0.000000000000000000e+00 0.000000000000000000e+00 1.000000000000000000e+00
1.716201563936573505e+09 -3.328631162643432617e+00 -7.998333454132080078e+00 -1.538142919540405273e+00 0.000000000000000000e+00 0.000000000000000000e+00 0.000000000000000000e+00 1.000000000000000000e+00
1.716201563986394405e+09 -3.328508138656616211e+00 -7.998387336730957031e+00 -1.538136005401611106e+00 0.000000000000000000e+00 0.000000000000000000e+00 0.000000000000000000e+00 1.000000000000000000e+00
1.716201564086674452e+09 -3.328519582748413086e+00 -7.998441219329833984e+00 -1.537980318069458008e+00 0.000000000000000000e+00 0.000000000000000000e+00 0.000000000000000000e+00 1.000000000000000000e+00
1.716201564187218428e+09 -3.328508377075195757e+00 -7.998440742492675781e+00 -1.537994384765625000e+00 0.000000000000000000e+00 0.000000000000000000e+00 0.000000000000000000e+00 1.000000000000000000e+00
1.716201564237039328e+09 -3.328630447387695757e+00 -7.998328208923339844e+00 -1.538157939910888894e+00 0.000000000000000000e+00 0.000000000000000000e+00 0.000000000000000000e+00 1.000000000000000000e+00
1.716201564287224293e+09 -3.328620195388793945e+00 -7.998336791992187500e+00 -1.538146018981933594e+00 0.000000000000000000e+00 0.000000000000000000e+00 0.000000000000000000e+00 1.000000000000000000e+00
1.716201564338375092e+09 -3.328516006469726562e+00 -7.998380184173583984e+00 -1.538145661354064941e+00 0.000000000000000000e+00 0.000000000000000000e+00 0.000000000000000000e+00 1.000000000000000000e+00
1.716201564387445211e+09 -3.328458309173583984e+00 -7.998439788818359375e+00 -1.538051605224609375e+00 0.000000000000000000e+00 0.000000000000000000e+00 0.000000000000000000e+00 1.000000000000000000e+00
1.716201564487680435e+09 -3.328523874282836914e+00 -7.998385429382324219e+00 -1.538123965263366699e+00 0.000000000000000000e+00 0.000000000000000000e+00 0.000000000000000000e+00 1.000000000000000000e+00
1.716201564588136196e+09 -3.328559160232543945e+00 -7.998366832733154297e+00 -1.538134455680847168e+00 0.000000000000000000e+00 0.000000000000000000e+00 0.000000000000000000e+00 1.000000000000000000e+00
1.716201564638253927e+09 -3.328524112701416016e+00 -7.998400688171386719e+00 -1.538083553314208984e+00 0.000000000000000000e+00 0.000000000000000000e+00 0.000000000000000000e+00 1.000000000000000000e+00
1.716201564688306332e+09 -3.328548431396484375e+00 -7.998392105102539062e+00 -1.538078427314758301e+00 0.000000000000000000e+00 0.000000000000000000e+00 0.000000000000000000e+00 1.000000000000000000e+00
1.716201564788812637e+09 -3.328542470932006836e+00 -7.998391628265380859e+00 -1.538086891174316406e+00 0.000000000000000000e+00 0.000000000000000000e+00 0.000000000000000000e+00 1.000000000000000000e+00
1.716201564839116812e+09 -3.328551769256591797e+00 -7.998369693756102627e+00 -1.538134336471557617e+00 0.000000000000000000e+00 0.000000000000000000e+00 0.000000000000000000e+00 1.000000000000000000e+00
1.716201564889204264e+09 -3.328584909439086914e+00 -7.998320579528808594e+00 -1.538228392601013184e+00 0.000000000000000000e+00 0.000000000000000000e+00 0.000000000000000000e+00 1.000000000000000000e+00
1.716201564989497423e+09 -3.328598499298096147e+00 -7.998301506042479581e+00 -1.538264155387878418e+00 0.000000000000000000e+00 0.000000000000000000e+00 0.000000000000000000e+00 1.000000000000000000e+00
1.716201565040742397e+09 -3.328476190567016602e+00 -7.998394489288330078e+00 -1.538152575492858887e+00 0.000000000000000000e+00 0.000000000000000000e+00 0.000000000000000000e+00 1.000000000000000000e+00
1.716201565089943647e+09 -3.328581094741821289e+00 -7.998322010040283203e+00 -1.538228034973144309e+00 0.000000000000000000e+00 0.000000000000000000e+00 0.000000000000000000e+00 1.000000000000000000e+00
1.716201565140133619e+09 -3.328581809997558594e+00 -7.998321056365966797e+00 -1.538230419158935547e+00 0.000000000000000000e+00 0.000000000000000000e+00 0.000000000000000000e+00 1.000000000000000000e+00
1.716201565190211535e+09 -3.328546285629272461e+00 -7.998342990875244141e+00 -1.538212060928344727e+00 0.000000000000000000e+00 0.000000000000000000e+00 0.000000000000000000e+00 1.000000000000000000e+00
1.716201565290767908e+09 -3.328568458557128906e+00 -7.998342514038085938e+00 -1.538188815116882324e+00 0.000000000000000000e+00 0.000000000000000000e+00 0.000000000000000000e+00 1.000000000000000000e+00
1.716201565341042519e+09 -3.328468561172485352e+00 -7.998373031616210938e+00 -1.538216948509216309e+00 0.000000000000000000e+00 0.000000000000000000e+00 0.000000000000000000e+00 1.000000000000000000e+00
1.716201565391155958e+09 -3.328589200973510742e+00 -7.998345851898193359e+00 -1.538156270980834961e+00 0.000000000000000000e+00 0.000000000000000000e+00 0.000000000000000000e+00 1.000000000000000000e+00
1.716201565491394520e+09 -3.328568458557128906e+00 -7.998350143432617188e+00 -1.538167715072631836e+00 0.000000000000000000e+00 0.000000000000000000e+00 0.000000000000000000e+00 1.000000000000000000e+00
1.716201565541616678e+09 -3.328528881072998047e+00 -7.998320579528808594e+00 -1.538289904594421387e+00 0.000000000000000000e+00 0.000000000000000000e+00 0.000000000000000000e+00 1.000000000000000000e+00
1.716201565591819763e+09 -3.328530550003052202e+00 -7.998358726501464844e+00 -1.538186669349670410e+00 0.000000000000000000e+00 0.000000000000000000e+00 0.000000000000000000e+00 1.000000000000000000e+00
1.716201565743009806e+09 -3.328639507293701172e+00 -7.998314380645751953e+00 -1.538184046745300293e+00 0.000000000000000000e+00 0.000000000000000000e+00 0.000000000000000000e+00 1.000000000000000000e+00
1.716201565792681932e+09 -3.328499317169189009e+00 -7.998396396636962891e+00 -1.538121700286865234e+00 0.000000000000000000e+00 0.000000000000000000e+00 0.000000000000000000e+00 1.000000000000000000e+00
1.716201565842998743e+09 -3.328708171844482422e+00 -7.998282432556152344e+00 -1.538193225860595703e+00 0.000000000000000000e+00 0.000000000000000000e+00 0.000000000000000000e+00 1.000000000000000000e+00
1.716201565943244219e+09 -3.328675031661987749e+00 -7.998263835906982422e+00 -1.538279175758361816e+00 0.000000000000000000e+00 0.000000000000000000e+00 0.000000000000000000e+00 1.000000000000000000e+00
1.716201565993715048e+09 -3.328830242156982422e+00 -7.999363422393798828e+00 -1.538233876228332297e+00 0.000000000000000000e+00 0.000000000000000000e+00 0.000000000000000000e+00 1.000000000000000000e+00
1.716201566043447733e+09 -3.328910350799560547e+00 -7.998208999633789062e+00 -1.538164377212524414e+00 0.000000000000000000e+00 0.000000000000000000e+00 0.000000000000000000e+00 1.000000000000000000e+00
1.716201566144011736e+09 -3.328270912170410156e+00 -7.997386932373046875e+00 -1.538008809089660645e+00 0.000000000000000000e+00 0.000000000000000000e+00 0.000000000000000000e+00 1.000000000000000000e+00
1.716201566194062233e+09 -3.328206539154052734e+00 -7.998490333557128906e+00 -1.538195848464965820e+00 0.000000000000000000e+00 0.000000000000000000e+00 0.000000000000000000e+00 1.000000000000000000e+00
1.716201566244250059e+09 -3.328538656234741211e+00 -7.998367309570311612e+00 -1.538155794143676758e+00 0.000000000000000000e+00 0.000000000000000000e+00 0.000000000000000000e+00 1.000000000000000000e+00
1.716201566344786406e+09 -3.328579425811768022e+00 -7.997280597686767578e+00 -1.537951469421386719e+00 0.000000000000000000e+00 0.000000000000000000e+00 0.000000000000000000e+00 1.000000000000000000e+00
1.716201566444978237e+09 -3.328343391418457031e+00 -7.998374462127684659e+00 -1.538351416587829590e+00 0.000000000000000000e+00 0.000000000000000000e+00 0.000000000000000000e+00 1.000000000000000000e+00
1.716201566595515728e+09 -3.328171014785766602e+00 -7.996277809143066406e+00 -1.538018345832824707e+00 0.000000000000000000e+00 0.000000000000000000e+00 0.000000000000000000e+00 1.000000000000000000e+00
1.716201566646690130e+09 -3.328123807907104492e+00 -7.996307849884033203e+00 -1.537990927696228027e+00 0.000000000000000000e+00 0.000000000000000000e+00 0.000000000000000000e+00 1.000000000000000000e+00
1.716201566695999146e+09 -3.327944517135620117e+00 -7.996358394622802734e+00 -1.538055777549743652e+00 0.000000000000000000e+00 0.000000000000000000e+00 0.000000000000000000e+00 1.000000000000000000e+00
1.716201566746200562e+09 -3.328415393829345703e+00 -7.997280120849609375e+00 -1.538133382797241211e+00 0.000000000000000000e+00 0.000000000000000000e+00 0.000000000000000000e+00 1.000000000000000000e+00
1.716201566796580076e+09 -3.328280210494995117e+00 -7.997347354888916016e+00 -1.538103699684143066e+00 0.000000000000000000e+00 0.000000000000000000e+00 0.000000000000000000e+00 1.000000000000000000e+00
1.716201566846555233e+09 -3.328470706939697266e+00 -7.997277259826660156e+00 -1.538079142570495605e+00 0.000000000000000000e+00 0.000000000000000000e+00 0.000000000000000000e+00 1.000000000000000000e+00
1.716201566946939707e+09 -3.328462123870849609e+00 -7.998353004455566406e+00 -1.538277506828308105e+00 0.000000000000000000e+00 0.000000000000000000e+00 0.000000000000000000e+00 1.000000000000000000e+00
1.716201566997254848e+09 -3.328412771224976030e+00 -7.998397827148436612e+00 -1.538213014602661133e+00 0.000000000000000000e+00 0.000000000000000000e+00 0.000000000000000000e+00 1.000000000000000000e+00
1.716201567048272371e+09 -3.328536987304687500e+00 -7.998354911804199219e+00 -1.538189649581909180e+00 0.000000000000000000e+00 0.000000000000000000e+00 0.000000000000000000e+00 1.000000000000000000e+00
1.716201567097326517e+09 -3.328488349914550781e+00 -7.998418807983398438e+00 -1.538074731826782227e+00 0.000000000000000000e+00 0.000000000000000000e+00 0.000000000000000000e+00 1.000000000000000000e+00
1.716201567197817564e+09 -3.328728675842285156e+00 -7.999415874481201172e+00 -1.538206219673156738e+00 0.000000000000000000e+00 0.000000000000000000e+00 0.000000000000000000e+00 1.000000000000000000e+00
1.716201567247963190e+09 -3.328352689743041992e+00 -7.999683380126953125e+00 -1.537911891937256081e+00 0.000000000000000000e+00 0.000000000000000000e+00 0.000000000000000000e+00 1.000000000000000000e+00
1.716201567298072338e+09 -3.328403234481811523e+00 -8.000761985778808594e+00 -1.538038492202758789e+00 0.000000000000000000e+00 0.000000000000000000e+00 0.000000000000000000e+00 1.000000000000000000e+00
1.716201567348274708e+09 -3.328753709793090820e+00 -8.000665664672851562e+00 -1.537905812263488770e+00 0.000000000000000000e+00 0.000000000000000000e+00 0.000000000000000000e+00 1.000000000000000000e+00
1.716201567449117422e+09 -3.328905582427978516e+00 -8.001753807067871094e+00 -1.537894725799560325e+00 0.000000000000000000e+00 0.000000000000000000e+00 0.000000000000000000e+00 1.000000000000000000e+00
1.716201567499068737e+09 -3.328654289245605025e+00 -8.002969741821289062e+00 -1.537987589836120605e+00 0.000000000000000000e+00 0.000000000000000000e+00 0.000000000000000000e+00 1.000000000000000000e+00
1.716201567549149513e+09 -3.329081296920776367e+00 -8.003876686096191406e+00 -1.538152933120727539e+00 0.000000000000000000e+00 0.000000000000000000e+00 0.000000000000000000e+00 1.000000000000000000e+00
1.716201567649667501e+09 -3.329901933670043945e+00 -8.005784034729003906e+00 -1.538274049758911133e+00 0.000000000000000000e+00 0.000000000000000000e+00 0.000000000000000000e+00 1.000000000000000000e+00
1.716201567699640989e+09 -3.329896688461304155e+00 -8.006936073303222656e+00 -1.538264870643615501e+00 0.000000000000000000e+00 0.000000000000000000e+00 0.000000000000000000e+00 1.000000000000000000e+00
1.716201567749842644e+09 -3.330069780349731445e+00 -8.008021354675292969e+00 -1.538236141204833984e+00 0.000000000000000000e+00 0.000000000000000000e+00 0.000000000000000000e+00 1.000000000000000000e+00
1.716201567850086451e+09 -3.330788850784301758e+00 -8.010927200317382812e+00 -1.538859844207763672e+00 0.000000000000000000e+00 0.000000000000000000e+00 0.000000000000000000e+00 1.000000000000000000e+00
1.716201567900308132e+09 -3.330740928649902344e+00 -8.012061119079589844e+00 -1.538947224617004395e+00 0.000000000000000000e+00 0.000000000000000000e+00 0.000000000000000000e+00 1.000000000000000000e+00
1.716201567950439215e+09 -3.331199884414672852e+00 -8.014050483703613281e+00 -1.539248704910278320e+00 0.000000000000000000e+00 0.000000000000000000e+00 0.000000000000000000e+00 1.000000000000000000e+00
1.716201568000715256e+09 -3.331228971481323242e+00 -8.015199661254882812e+00 -1.539208650588989258e+00 0.000000000000000000e+00 0.000000000000000000e+00 0.000000000000000000e+00 1.000000000000000000e+00
1.716201568051330090e+09 -3.331778287887572798e+00 -8.017148971557617188e+00 -1.539515972137451172e+00 0.000000000000000000e+00 0.000000000000000000e+00 0.000000000000000000e+00 1.000000000000000000e+00
1.716201568151378155e+09 -3.332046508789062500e+00 -8.018159866333007812e+00 -1.539579987525939941e+00 0.000000000000000000e+00 0.000000000000000000e+00 0.000000000000000000e+00 1.000000000000000000e+00
1.716201568202394485e+09 -3.332130432128906250e+00 -8.018150329589843750e+00 -1.539511799812316895e+00 0.000000000000000000e+00 0.000000000000000000e+00 0.000000000000000000e+00 1.000000000000000000e+00
1.716201568251619339e+09 -3.332442283630371094e+00 -8.017907142639160156e+00 -1.539813041687011497e+00 0.000000000000000000e+00 0.000000000000000000e+00 0.000000000000000000e+00 1.000000000000000000e+00
1.716201568352171659e+09 -3.331886768341064453e+00 -8.015958786010742188e+00 -1.539512515068054199e+00 0.000000000000000000e+00 0.000000000000000000e+00 0.000000000000000000e+00 1.000000000000000000e+00
1.716201568402513981e+09 -3.331486701965332031e+00 -8.014023780822753906e+00 -1.539002656936645508e+00 0.000000000000000000e+00 0.000000000000000000e+00 0.000000000000000000e+00 1.000000000000000000e+00
1.716201568452694893e+09 -3.331423521041870117e+00 -8.014007568359375000e+00 -1.539115190505981445e+00 0.000000000000000000e+00 0.000000000000000000e+00 0.000000000000000000e+00 1.000000000000000000e+00
1.716201568553042173e+09 -3.331727027893066406e+00 -8.014945983886718750e+00 -1.539332866668701172e+00 0.000000000000000000e+00 0.000000000000000000e+00 0.000000000000000000e+00 1.000000000000000000e+00
1.716201568603301287e+09 -3.331793069839477095e+00 -8.016059875488281250e+00 -1.539346694946289062e+00 0.000000000000000000e+00 0.000000000000000000e+00 0.000000000000000000e+00 1.000000000000000000e+00
1.716201568653809547e+09 -3.331900119781494141e+00 -8.017154693603515625e+00 -1.539366364479064941e+00 0.000000000000000000e+00 0.000000000000000000e+00 0.000000000000000000e+00 1.000000000000000000e+00
1.716201568754311562e+09 -3.332285165786743164e+00 -8.018085479736328125e+00 -1.539514780044555664e+00 0.000000000000000000e+00 0.000000000000000000e+00 0.000000000000000000e+00 1.000000000000000000e+00
1.716201568804511309e+09 -3.332554817199707031e+00 -8.018023490905761719e+00 -1.539381861686706321e+00 0.000000000000000000e+00 0.000000000000000000e+00 0.000000000000000000e+00 1.000000000000000000e+00
1.716201568854596853e+09 -3.332805395126342773e+00 -8.017833709716796875e+00 -1.539607405662536621e+00 0.000000000000000000e+00 0.000000000000000000e+00 0.000000000000000000e+00 1.000000000000000000e+00
1.716201568904978514e+09 -3.332811355590820312e+00 -8.017806053161621094e+00 -1.539676308631896973e+00 0.000000000000000000e+00 0.000000000000000000e+00 0.000000000000000000e+00 1.000000000000000000e+00
1.716201569005271435e+09 -3.332380056381225586e+00 -8.016950607299804688e+00 -1.539379477500915527e+00 0.000000000000000000e+00 0.000000000000000000e+00 0.000000000000000000e+00 1.000000000000000000e+00
1.716201569055994511e+09 -3.332620143890380859e+00 -8.017909049987792969e+00 -1.539613008499145508e+00 0.000000000000000000e+00 0.000000000000000000e+00 0.000000000000000000e+00 1.000000000000000000e+00
1.716201569105956554e+09 -3.332636594772338867e+00 -8.017912864685058594e+00 -1.539584159851074219e+00 0.000000000000000000e+00 0.000000000000000000e+00 0.000000000000000000e+00 1.000000000000000000e+00
1.716201569156315565e+09 -3.332853794097900391e+00 -8.017778396606445312e+00 -1.539702773094177246e+00 0.000000000000000000e+00 0.000000000000000000e+00 0.000000000000000000e+00 1.000000000000000000e+00
1.716201569206483603e+09 -3.332627773284912109e+00 -8.016812324523925781e+00 -1.539472818374633789e+00 0.000000000000000000e+00 0.000000000000000000e+00 0.000000000000000000e+00 1.000000000000000000e+00
1.716201569256755114e+09 -3.332583189010620117e+00 -8.016810417175292969e+00 -1.539525151252746582e+00 0.000000000000000000e+00 0.000000000000000000e+00 0.000000000000000000e+00 1.000000000000000000e+00
1.716201569307858706e+09 -3.332443475723266602e+00 -8.016905784606933594e+00 -1.539427638053894043e+00 0.000000000000000000e+00 0.000000000000000000e+00 0.000000000000000000e+00 1.000000000000000000e+00
1.716201569357086420e+09 -3.332318782806396484e+00 -8.017025947570800781e+00 -1.539244771003723145e+00 0.000000000000000000e+00 0.000000000000000000e+00 0.000000000000000000e+00 1.000000000000000000e+00
1.716201569407156467e+09 -3.332726478576660156e+00 -8.017917633056640625e+00 -1.539472460746765137e+00 0.000000000000000000e+00 0.000000000000000000e+00 0.000000000000000000e+00 1.000000000000000000e+00
1.716201569457629442e+09 -3.332701444625854492e+00 -8.017950057983398438e+00 -1.539413213729858398e+00 0.000000000000000000e+00 0.000000000000000000e+00 0.000000000000000000e+00 1.000000000000000000e+00
1.716201569507668018e+09 -3.332745075225830078e+00 -8.017939567565917969e+00 -1.539394259452819824e+00 0.000000000000000000e+00 0.000000000000000000e+00 0.000000000000000000e+00 1.000000000000000000e+00
1.716201569557855844e+09 -3.332734346389770508e+00 -8.017907142639160156e+00 -1.539491772651672363e+00 0.000000000000000000e+00 0.000000000000000000e+00 0.000000000000000000e+00 1.000000000000000000e+00
1.716201569608046293e+09 -3.332770109176636186e+00 -8.017865180969238281e+00 -1.539563775062561035e+00 0.000000000000000000e+00 0.000000000000000000e+00 0.000000000000000000e+00 1.000000000000000000e+00
1.716201569658187866e+09 -3.332403659820556641e+00 -8.016979217529296875e+00 -1.539276003837585449e+00 0.000000000000000000e+00 0.000000000000000000e+00 0.000000000000000000e+00 1.000000000000000000e+00
1.716201569708522081e+09 -3.332680225372314453e+00 -8.017948150634765625e+00 -1.539443373680114746e+00 0.000000000000000000e+00 0.000000000000000000e+00 0.000000000000000000e+00 1.000000000000000000e+00
1.716201569758825779e+09 -3.332628726959228516e+00 -8.017977714538574219e+00 -1.539420485496520996e+00 0.000000000000000000e+00 0.000000000000000000e+00 0.000000000000000000e+00 1.000000000000000000e+00
1.716201569808916569e+09 -3.332690954208374023e+00 -8.017951965332031250e+00 -1.539421200752258301e+00 0.000000000000000000e+00 0.000000000000000000e+00 0.000000000000000000e+00 1.000000000000000000e+00
1.716201569859190226e+09 -3.332746028900146484e+00 -8.017938613891601562e+00 -1.539395928382873535e+00 0.000000000000000000e+00 0.000000000000000000e+00 0.000000000000000000e+00 1.000000000000000000e+00
1.716201569909217358e+09 -3.332741022109985352e+00 -8.017930030822753906e+00 -1.539422988891601562e+00 0.000000000000000000e+00 0.000000000000000000e+00 0.000000000000000000e+00 1.000000000000000000e+00
1.716201569959622383e+09 -3.332735538482666016e+00 -8.017908096313476562e+00 -1.539487123489380105e+00 0.000000000000000000e+00 0.000000000000000000e+00 0.000000000000000000e+00 1.000000000000000000e+00
1.716201570059981346e+09 -3.332631826400756836e+00 -8.018000602722167969e+00 -1.539358139038085938e+00 0.000000000000000000e+00 0.000000000000000000e+00 0.000000000000000000e+00 1.000000000000000000e+00
1.716201570110249281e+09 -3.332645654678344727e+00 -8.018033981323242188e+00 -1.539253234863281250e+00 0.000000000000000000e+00 0.000000000000000000e+00 0.000000000000000000e+00 1.000000000000000000e+00
1.716201570160381794e+09 -3.332728862762451172e+00 -8.018007278442382812e+00 -1.539231896400451660e+00 0.000000000000000000e+00 0.000000000000000000e+00 0.000000000000000000e+00 1.000000000000000000e+00
1.716201570260912895e+09 -3.332768678665161133e+00 -8.018004417419433594e+00 -1.539196133613586426e+00 0.000000000000000000e+00 0.000000000000000000e+00 0.000000000000000000e+00 1.000000000000000000e+00
1.716201570310863256e+09 -3.332718133926392046e+00 -8.018035888671875000e+00 -1.539168715476989524e+00 0.000000000000000000e+00 0.000000000000000000e+00 0.000000000000000000e+00 1.000000000000000000e+00
1.716201570361192703e+09 -3.332616090774536133e+00 -8.018088340759277344e+00 -1.539141416549682617e+00 0.000000000000000000e+00 0.000000000000000000e+00 0.000000000000000000e+00 1.000000000000000000e+00
1.716201570411221504e+09 -3.332664251327514204e+00 -8.018045425415039062e+00 -1.539202213287353516e+00 0.000000000000000000e+00 0.000000000000000000e+00 0.000000000000000000e+00 1.000000000000000000e+00
1.716201570511391401e+09 -3.333055973052978516e+00 -8.018946647644042969e+00 -1.539421916007995605e+00 0.000000000000000000e+00 0.000000000000000000e+00 0.000000000000000000e+00 1.000000000000000000e+00
1.716201570561578989e+09 -3.332691192626953125e+00 -8.018094062805175781e+00 -1.539042830467223899e+00 0.000000000000000000e+00 0.000000000000000000e+00 0.000000000000000000e+00 1.000000000000000000e+00
1.716201570611879110e+09 -3.333130836486816406e+00 -8.018941879272460938e+00 -1.539352178573608398e+00 0.000000000000000000e+00 0.000000000000000000e+00 0.000000000000000000e+00 1.000000000000000000e+00
1.716201570712155819e+09 -3.332793712615966797e+00 -8.018063545227050781e+00 -1.539011359214782715e+00 0.000000000000000000e+00 0.000000000000000000e+00 0.000000000000000000e+00 1.000000000000000000e+00
1.716201570762737036e+09 -3.332907676696777344e+00 -8.017997741699218750e+00 -1.539059400558471680e+00 0.000000000000000000e+00 0.000000000000000000e+00 0.000000000000000000e+00 1.000000000000000000e+00
1.716201570812745571e+09 -3.332892179489136186e+00 -8.017955780029296875e+00 -1.539187431335449219e+00 0.000000000000000000e+00 0.000000000000000000e+00 0.000000000000000000e+00 1.000000000000000000e+00
1.716201570913182259e+09 -3.332822799682617188e+00 -8.018019676208496094e+00 -1.539096117019653098e+00 0.000000000000000000e+00 0.000000000000000000e+00 0.000000000000000000e+00 1.000000000000000000e+00
1.716201570963364363e+09 -3.332819461822509766e+00 -8.018007278442382812e+00 -1.539132118225097656e+00 0.000000000000000000e+00 0.000000000000000000e+00 0.000000000000000000e+00 1.000000000000000000e+00
1.716201571013989925e+09 -3.332857131958007812e+00 -8.017992019653320312e+00 -1.539131760597229004e+00 0.000000000000000000e+00 0.000000000000000000e+00 0.000000000000000000e+00 1.000000000000000000e+00
1.716201571114425182e+09 -3.332977533340454102e+00 -8.017936706542968750e+00 -1.539144992828369141e+00 0.000000000000000000e+00 0.000000000000000000e+00 0.000000000000000000e+00 1.000000000000000000e+00
1.716201571164484262e+09 -3.333009481430053711e+00 -8.017938613891601562e+00 -1.539105296134948730e+00 0.000000000000000000e+00 0.000000000000000000e+00 0.000000000000000000e+00 1.000000000000000000e+00
1.716201571214629889e+09 -3.332954883575439453e+00 -8.017995834350585938e+00 -1.539011716842651367e+00 0.000000000000000000e+00 0.000000000000000000e+00 0.000000000000000000e+00 1.000000000000000000e+00
1.716201571314945698e+09 -3.333159446716308594e+00 -8.019083023071289062e+00 -1.538945078849792480e+00 0.000000000000000000e+00 0.000000000000000000e+00 0.000000000000000000e+00 1.000000000000000000e+00
1.716201571365528107e+09 -3.333177566528320312e+00 -8.019116401672363281e+00 -1.538836836814880371e+00 0.000000000000000000e+00 0.000000000000000000e+00 0.000000000000000000e+00 1.000000000000000000e+00
1.716201571415395737e+09 -3.333249568939208984e+00 -8.019106864929199219e+00 -1.538780927658081055e+00 0.000000000000000000e+00 0.000000000000000000e+00 0.000000000000000000e+00 1.000000000000000000e+00
1.716201571465476036e+09 -3.333230018615722656e+00 -8.019074440002441406e+00 -1.538889169692993164e+00 0.000000000000000000e+00 0.000000000000000000e+00 0.000000000000000000e+00 1.000000000000000000e+00
1.716201571515763521e+09 -3.333253860473632812e+00 -8.019062042236328125e+00 -1.538895726203918457e+00 0.000000000000000000e+00 0.000000000000000000e+00 0.000000000000000000e+00 1.000000000000000000e+00
1.716201571566056013e+09 -3.333202362060546875e+00 -8.019157409667968750e+00 -1.538698911666869895e+00 0.000000000000000000e+00 0.000000000000000000e+00 0.000000000000000000e+00 1.000000000000000000e+00
1.716201571616201401e+09 -3.333561658859252930e+00 -8.019985198974609375e+00 -1.539149522781372070e+00 0.000000000000000000e+00 0.000000000000000000e+00 0.000000000000000000e+00 1.000000000000000000e+00
1.716201571666453362e+09 -3.333323240280151811e+00 -8.019124984741210938e+00 -1.538651704788208008e+00 0.000000000000000000e+00 0.000000000000000000e+00 0.000000000000000000e+00 1.000000000000000000e+00
1.716201571716684341e+09 -3.333304643630981001e+00 -8.019112586975097656e+00 -1.538706898689270020e+00 0.000000000000000000e+00 0.000000000000000000e+00 0.000000000000000000e+00 1.000000000000000000e+00
1.716201571766983747e+09 -3.333327531814575195e+00 -8.019193649291992188e+00 -1.538464903831481934e+00 0.000000000000000000e+00 0.000000000000000000e+00 0.000000000000000000e+00 1.000000000000000000e+00
1.716201571817159653e+09 -3.333448648452758789e+00 -8.019199371337890625e+00 -1.538315057754516602e+00 0.000000000000000000e+00 0.000000000000000000e+00 0.000000000000000000e+00 1.000000000000000000e+00
1.716201571867362022e+09 -3.333930492401123047e+00 -8.020078659057617188e+00 -1.538494586944580078e+00 0.000000000000000000e+00 0.000000000000000000e+00 0.000000000000000000e+00 1.000000000000000000e+00
1.716201571917529583e+09 -3.333995580673217773e+00 -8.020059585571289062e+00 -1.538473963737487793e+00 0.000000000000000000e+00 0.000000000000000000e+00 0.000000000000000000e+00 1.000000000000000000e+00
1.716201571967641830e+09 -3.333849906921386719e+00 -8.020163536071777344e+00 -1.538357615470886230e+00 0.000000000000000000e+00 0.000000000000000000e+00 0.000000000000000000e+00 1.000000000000000000e+00
1.716201572019837379e+09 -3.333873510360717773e+00 -8.020203590393066406e+00 -1.538225412368774414e+00 0.000000000000000000e+00 0.000000000000000000e+00 0.000000000000000000e+00 1.000000000000000000e+00
1.716201572068017483e+09 -3.333834409713745117e+00 -8.020249366760253906e+00 -1.538147330284118874e+00 0.000000000000000000e+00 0.000000000000000000e+00 0.000000000000000000e+00 1.000000000000000000e+00
1.716201572118167400e+09 -3.333751440048217773e+00 -8.020269393920898438e+00 -1.538185715675354004e+00 0.000000000000000000e+00 0.000000000000000000e+00 0.000000000000000000e+00 1.000000000000000000e+00
1.716201572219081640e+09 -3.333657264709472656e+00 -8.020345687866210938e+00 -1.538087129592895508e+00 0.000000000000000000e+00 0.000000000000000000e+00 0.000000000000000000e+00 1.000000000000000000e+00
1.716201572268649101e+09 -3.333607435226440430e+00 -8.020359992980957031e+00 -1.538103938102722168e+00 0.000000000000000000e+00 0.000000000000000000e+00 0.000000000000000000e+00 1.000000000000000000e+00
1.716201572369216681e+09 -3.333627700805664062e+00 -8.020390510559082031e+00 -1.537999629974365234e+00 0.000000000000000000e+00 0.000000000000000000e+00 0.000000000000000000e+00 1.000000000000000000e+00
1.716201572469596386e+09 -3.333554744720458984e+00 -8.020510673522949219e+00 -1.537761330604553223e+00 0.000000000000000000e+00 0.000000000000000000e+00 0.000000000000000000e+00 1.000000000000000000e+00
1.716201572519807577e+09 -3.333869934082031250e+00 -8.021466255187988281e+00 -1.537919759750366211e+00 0.000000000000000000e+00 0.000000000000000000e+00 0.000000000000000000e+00 1.000000000000000000e+00
1.716201572569813251e+09 -3.333661079406738281e+00 -8.021646499633789062e+00 -1.537670969963073508e+00 0.000000000000000000e+00 0.000000000000000000e+00 0.000000000000000000e+00 1.000000000000000000e+00
1.716201572620133400e+09 -3.333463668823242188e+00 -8.021861076354980469e+00 -1.537319302558898926e+00 0.000000000000000000e+00 0.000000000000000000e+00 0.000000000000000000e+00 1.000000000000000000e+00
1.716201572670358181e+09 -3.333692073822021040e+00 -8.022960662841796875e+00 -1.537191152572631836e+00 0.000000000000000000e+00 0.000000000000000000e+00 0.000000000000000000e+00 1.000000000000000000e+00
1.716201572770747662e+09 -3.334296226501464844e+00 -8.027447700500488281e+00 -1.536785125732422097e+00 0.000000000000000000e+00 0.000000000000000000e+00 0.000000000000000000e+00 1.000000000000000000e+00
1.716201572821115971e+09 -3.334918975830078125e+00 -8.029634475708007812e+00 -1.536377310752868874e+00 0.000000000000000000e+00 0.000000000000000000e+00 0.000000000000000000e+00 1.000000000000000000e+00
1.716201572871313572e+09 -3.335238456726074219e+00 -8.030919075012207031e+00 -1.535656332969665527e+00 0.000000000000000000e+00 0.000000000000000000e+00 0.000000000000000000e+00 1.000000000000000000e+00
1.716201572921764612e+09 -3.335685968399047852e+00 -8.033469200134277344e+00 -1.534473180770874023e+00 0.000000000000000000e+00 0.000000000000000000e+00 0.000000000000000000e+00 1.000000000000000000e+00
1.716201573021974087e+09 -3.337207078933715820e+00 -8.041471481323242188e+00 -1.532837629318237305e+00 0.000000000000000000e+00 0.000000000000000000e+00 0.000000000000000000e+00 1.000000000000000000e+00
1.716201573072072744e+09 -3.337665319442749023e+00 -8.044169425964355469e+00 -1.531242728233337402e+00 0.000000000000000000e+00 0.000000000000000000e+00 0.000000000000000000e+00 1.000000000000000000e+00
1.716201573122287512e+09 -3.337621212005615234e+00 -8.046930313110351562e+00 -1.530037879943847656e+00 0.000000000000000000e+00 0.000000000000000000e+00 0.000000000000000000e+00 1.000000000000000000e+00
1.716201573172474861e+09 -3.335496664047241211e+00 -8.053472518920898438e+00 -1.530210614204406738e+00 0.000000000000000000e+00 0.000000000000000000e+00 0.000000000000000000e+00 1.000000000000000000e+00
1.716201573272937298e+09 -3.336389780044556108e+00 -8.061093330383300781e+00 -1.533339023590087891e+00 0.000000000000000000e+00 0.000000000000000000e+00 0.000000000000000000e+00 1.000000000000000000e+00
1.716201573323057175e+09 -3.336430311203002930e+00 -8.064904212951660156e+00 -1.535352587699889915e+00 0.000000000000000000e+00 0.000000000000000000e+00 0.000000000000000000e+00 1.000000000000000000e+00
1.716201573423520088e+09 -3.341649770736694336e+00 -8.076263427734375000e+00 -1.535940289497375710e+00 0.000000000000000000e+00 0.000000000000000000e+00 0.000000000000000000e+00 1.000000000000000000e+00
1.716201573473630190e+09 -3.340392827987670898e+00 -8.079860687255859375e+00 -1.533829212188720703e+00 0.000000000000000000e+00 0.000000000000000000e+00 0.000000000000000000e+00 1.000000000000000000e+00
1.716201573523874521e+09 -3.340851545333862305e+00 -8.084447860717773438e+00 -1.533295512199402078e+00 0.000000000000000000e+00 0.000000000000000000e+00 0.000000000000000000e+00 1.000000000000000000e+00
1.716201573573962450e+09 -3.346545934677124023e+00 -8.094410896301269531e+00 -1.534026026725769043e+00 0.000000000000000000e+00 0.000000000000000000e+00 0.000000000000000000e+00 1.000000000000000000e+00
1.716201573674412489e+09 -3.349379062652587891e+00 -8.101965904235839844e+00 -1.535174846649169922e+00 0.000000000000000000e+00 0.000000000000000000e+00 0.000000000000000000e+00 1.000000000000000000e+00
1.716201573774867058e+09 -3.347097635269165039e+00 -8.110406875610351562e+00 -1.530391335487365501e+00 0.000000000000000000e+00 0.000000000000000000e+00 0.000000000000000000e+00 1.000000000000000000e+00
1.716201573827493429e+09 -3.346902370452880859e+00 -8.114887237548828125e+00 -1.527776479721069114e+00 0.000000000000000000e+00 0.000000000000000000e+00 0.000000000000000000e+00 1.000000000000000000e+00
1.716201573875151634e+09 -3.347121953964233398e+00 -8.120522499084472656e+00 -1.524666190147399902e+00 0.000000000000000000e+00 0.000000000000000000e+00 0.000000000000000000e+00 1.000000000000000000e+00
1.716201573975369692e+09 -3.350371122360229048e+00 -8.141798019409179688e+00 -1.519129753112792969e+00 0.000000000000000000e+00 0.000000000000000000e+00 0.000000000000000000e+00 1.000000000000000000e+00
1.716201574025569201e+09 -3.349934816360473633e+00 -8.150268554687500000e+00 -1.515220046043395996e+00 0.000000000000000000e+00 0.000000000000000000e+00 0.000000000000000000e+00 1.000000000000000000e+00
1.716201574075726271e+09 -3.349979877471923828e+00 -8.160962104797363281e+00 -1.510918498039245605e+00 0.000000000000000000e+00 0.000000000000000000e+00 0.000000000000000000e+00 1.000000000000000000e+00
1.716201574175921917e+09 -3.355418443679809570e+00 -8.194381713867187500e+00 -1.507028341293334961e+00 0.000000000000000000e+00 0.000000000000000000e+00 0.000000000000000000e+00 1.000000000000000000e+00
1.716201574226130009e+09 -3.356512784957885742e+00 -8.207704544067382812e+00 -1.503651976585388184e+00 0.000000000000000000e+00 0.000000000000000000e+00 0.000000000000000000e+00 1.000000000000000000e+00
1.716201574276219130e+09 -3.357430458068848100e+00 -8.221052169799804688e+00 -1.500384330749511497e+00 0.000000000000000000e+00 0.000000000000000000e+00 0.000000000000000000e+00 1.000000000000000000e+00
1.716201574326453447e+09 -3.357916593551636186e+00 -8.234567642211914062e+00 -1.497115492820739524e+00 0.000000000000000000e+00 0.000000000000000000e+00 0.000000000000000000e+00 1.000000000000000000e+00
1.716201574427289248e+09 -3.363379478454589844e+00 -8.259312629699707031e+00 -1.498099803924560325e+00 0.000000000000000000e+00 0.000000000000000000e+00 0.000000000000000000e+00 1.000000000000000000e+00
1.716201574477376699e+09 -3.363464117050170898e+00 -8.271999359130859375e+00 -1.494376778602600098e+00 0.000000000000000000e+00 0.000000000000000000e+00 0.000000000000000000e+00 1.000000000000000000e+00
1.716201574527643204e+09 -3.362689018249512163e+00 -8.295239448547363281e+00 -1.487534165382385254e+00 0.000000000000000000e+00 0.000000000000000000e+00 0.000000000000000000e+00 1.000000000000000000e+00
1.716201574577777624e+09 -3.361952304840087891e+00 -8.305790901184082031e+00 -1.484286546707153098e+00 0.000000000000000000e+00 0.000000000000000000e+00 0.000000000000000000e+00 1.000000000000000000e+00
1.716201574678349733e+09 -3.363970041275024414e+00 -8.335719108581542969e+00 -1.480883955955505371e+00 0.000000000000000000e+00 0.000000000000000000e+00 0.000000000000000000e+00 1.000000000000000000e+00
1.716201574728784084e+09 -3.363615989685058594e+00 -8.346639633178710938e+00 -1.476097226142883301e+00 0.000000000000000000e+00 0.000000000000000000e+00 0.000000000000000000e+00 1.000000000000000000e+00
1.716201574778782129e+09 -3.363060951232910156e+00 -8.358071327209472656e+00 -1.470068097114562988e+00 0.000000000000000000e+00 0.000000000000000000e+00 0.000000000000000000e+00 1.000000000000000000e+00
1.716201574879819632e+09 -3.363771677017211914e+00 -8.373387336730957031e+00 -1.464405775070190430e+00 0.000000000000000000e+00 0.000000000000000000e+00 0.000000000000000000e+00 1.000000000000000000e+00
1.716201574929240465e+09 -3.359545230865478516e+00 -8.389685630798339844e+00 -1.445349097251892090e+00 0.000000000000000000e+00 0.000000000000000000e+00 0.000000000000000000e+00 1.000000000000000000e+00
1.716201574979533672e+09 -3.357581138610839844e+00 -8.396771430969238281e+00 -1.433745145797729492e+00 0.000000000000000000e+00 0.000000000000000000e+00 0.000000000000000000e+00 1.000000000000000000e+00
1.716201575080981731e+09 -3.355109930038452148e+00 -8.402412414550781250e+00 -1.420299887657165527e+00 0.000000000000000000e+00 0.000000000000000000e+00 0.000000000000000000e+00 1.000000000000000000e+00
1.716201575130192280e+09 -3.347564697265625000e+00 -8.410268783569335938e+00 -1.389711618423461914e+00 0.000000000000000000e+00 0.000000000000000000e+00 0.000000000000000000e+00 1.000000000000000000e+00
1.716201575180249453e+09 -3.342763662338256836e+00 -8.413105010986328125e+00 -1.373715996742248313e+00 0.000000000000000000e+00 0.000000000000000000e+00 0.000000000000000000e+00 1.000000000000000000e+00
1.716201575280690193e+09 -3.337467908859252930e+00 -8.413096427917480469e+00 -1.356613993644714355e+00 0.000000000000000000e+00 0.000000000000000000e+00 0.000000000000000000e+00 1.000000000000000000e+00
1.716201575331230640e+09 -3.333004236221313032e+00 -8.415093421936035156e+00 -1.339171409606933594e+00 0.000000000000000000e+00 0.000000000000000000e+00 0.000000000000000000e+00 1.000000000000000000e+00
1.716201575381127119e+09 -3.328480005264282227e+00 -8.416167259216308594e+00 -1.321082115173339844e+00 0.000000000000000000e+00 0.000000000000000000e+00 0.000000000000000000e+00 1.000000000000000000e+00
1.716201575431267023e+09 -3.317278385162353072e+00 -8.415128707885742188e+00 -1.286584019660949707e+00 0.000000000000000000e+00 0.000000000000000000e+00 0.000000000000000000e+00 1.000000000000000000e+00
1.716201575531866074e+09 -3.307912111282348633e+00 -8.407202720642089844e+00 -1.267168879508972168e+00 0.000000000000000000e+00 0.000000000000000000e+00 0.000000000000000000e+00 1.000000000000000000e+00
1.716201575581967115e+09 -3.295771598815917969e+00 -8.405998229980468750e+00 -1.233724117279052734e+00 0.000000000000000000e+00 0.000000000000000000e+00 0.000000000000000000e+00 1.000000000000000000e+00
1.716201575632123947e+09 -3.289745569229125977e+00 -8.404532432556152344e+00 -1.217748403549194336e+00 0.000000000000000000e+00 0.000000000000000000e+00 0.000000000000000000e+00 1.000000000000000000e+00
1.716201575682326317e+09 -3.283632755279541016e+00 -8.402881622314453125e+00 -1.202371358871459961e+00 0.000000000000000000e+00 0.000000000000000000e+00 0.000000000000000000e+00 1.000000000000000000e+00
1.716201575782778740e+09 -3.264899253845214844e+00 -8.391043663024902344e+00 -1.171010255813598633e+00 0.000000000000000000e+00 0.000000000000000000e+00 0.000000000000000000e+00 1.000000000000000000e+00
1.716201575833089113e+09 -3.256051063537597656e+00 -8.388633728027343750e+00 -1.157634258270263672e+00 0.000000000000000000e+00 0.000000000000000000e+00 0.000000000000000000e+00 1.000000000000000000e+00
1.716201575883241653e+09 -3.247692346572875977e+00 -8.387841224670410156e+00 -1.145555257797241211e+00 0.000000000000000000e+00 0.000000000000000000e+00 0.000000000000000000e+00 1.000000000000000000e+00
1.716201575983532429e+09 -3.237117052078247070e+00 -8.380255699157714844e+00 -1.132884383201599121e+00 0.000000000000000000e+00 0.000000000000000000e+00 0.000000000000000000e+00 1.000000000000000000e+00
1.716201576033730984e+09 -3.228823900222778320e+00 -8.378369331359863281e+00 -1.124123930931091309e+00 0.000000000000000000e+00 0.000000000000000000e+00 0.000000000000000000e+00 1.000000000000000000e+00
1.716201576084928036e+09 -3.209554672241210938e+00 -8.368775367736816406e+00 -1.110616207122802734e+00 0.000000000000000000e+00 0.000000000000000000e+00 0.000000000000000000e+00 1.000000000000000000e+00
1.716201576134168148e+09 -3.199785232543945312e+00 -8.366743087768554688e+00 -1.107661962509155273e+00 0.000000000000000000e+00 0.000000000000000000e+00 0.000000000000000000e+00 1.000000000000000000e+00
1.716201576234549761e+09 -3.180043935775756836e+00 -8.362277030944824219e+00 -1.106820583343506081e+00 0.000000000000000000e+00 0.000000000000000000e+00 0.000000000000000000e+00 1.000000000000000000e+00
1.716201576385253906e+09 -3.154119253158569336e+00 -8.349497795104980469e+00 -1.107913851737976074e+00 0.000000000000000000e+00 0.000000000000000000e+00 0.000000000000000000e+00 1.000000000000000000e+00
1.716201576435450077e+09 -3.130722999572753906e+00 -8.347026824951171875e+00 -1.119143009185791016e+00 0.000000000000000000e+00 0.000000000000000000e+00 0.000000000000000000e+00 1.000000000000000000e+00
1.716201576485773563e+09 -3.104194879531860352e+00 -8.342951774597167969e+00 -1.131876230239868164e+00 0.000000000000000000e+00 0.000000000000000000e+00 0.000000000000000000e+00 1.000000000000000000e+00
1.716201576586186409e+09 -3.089236974716186523e+00 -8.337565422058105469e+00 -1.138398051261902078e+00 0.000000000000000000e+00 0.000000000000000000e+00 0.000000000000000000e+00 1.000000000000000000e+00
1.716201576636411190e+09 -3.059293746948242188e+00 -8.332218170166015625e+00 -1.155141830444335938e+00 0.000000000000000000e+00 0.000000000000000000e+00 0.000000000000000000e+00 1.000000000000000000e+00
1.716201576737050295e+09 -3.043187618255615234e+00 -8.329874992370605469e+00 -1.163621664047241211e+00 0.000000000000000000e+00 0.000000000000000000e+00 0.000000000000000000e+00 1.000000000000000000e+00
1.716201576786948681e+09 -3.025386571884155718e+00 -8.324176788330078125e+00 -1.170504450798034890e+00 0.000000000000000000e+00 0.000000000000000000e+00 0.000000000000000000e+00 1.000000000000000000e+00
1.716201576838572979e+09 -2.990487813949584961e+00 -8.321704864501953125e+00 -1.186446428298950195e+00 0.000000000000000000e+00 0.000000000000000000e+00 0.000000000000000000e+00 1.000000000000000000e+00
1.716201576937638760e+09 -2.971313476562500000e+00 -8.320433616638183594e+00 -1.194524407386779785e+00 0.000000000000000000e+00 0.000000000000000000e+00 0.000000000000000000e+00 1.000000000000000000e+00
1.716201576987519026e+09 -2.950492382049560547e+00 -8.311969757080078125e+00 -1.199049472808837891e+00 0.000000000000000000e+00 0.000000000000000000e+00 0.000000000000000000e+00 1.000000000000000000e+00
1.716201577037704706e+09 -2.909399032592772993e+00 -8.306982040405273438e+00 -1.211298942565917969e+00 0.000000000000000000e+00 0.000000000000000000e+00 0.000000000000000000e+00 1.000000000000000000e+00
1.716201577088984251e+09 -2.887926340103149414e+00 -8.304824829101562500e+00 -1.217148900032043679e+00 0.000000000000000000e+00 0.000000000000000000e+00 0.000000000000000000e+00 1.000000000000000000e+00
1.716201577238430500e+09 -2.844240188598632812e+00 -8.297034263610839844e+00 -1.226213455200195090e+00 0.000000000000000000e+00 0.000000000000000000e+00 0.000000000000000000e+00 1.000000000000000000e+00
1.716201577288923502e+09 -2.822241544723510742e+00 -8.296269416809082031e+00 -1.231240868568420410e+00 0.000000000000000000e+00 0.000000000000000000e+00 0.000000000000000000e+00 1.000000000000000000e+00
1.716201577338714361e+09 -2.799002885818481001e+00 -8.295844078063964844e+00 -1.236334681510925293e+00 0.000000000000000000e+00 0.000000000000000000e+00 0.000000000000000000e+00 1.000000000000000000e+00
1.716201577388809919e+09 -2.775388717651367188e+00 -8.294633865356445312e+00 -1.240644216537475586e+00 0.000000000000000000e+00 0.000000000000000000e+00 0.000000000000000000e+00 1.000000000000000000e+00
1.716201577439213276e+09 -2.749509811401367188e+00 -8.286179542541503906e+00 -1.242220878601074219e+00 0.000000000000000000e+00 0.000000000000000000e+00 0.000000000000000000e+00 1.000000000000000000e+00
1.716201577489159822e+09 -2.725245237350463867e+00 -8.285186767578125000e+00 -1.246132016181945801e+00 0.000000000000000000e+00 0.000000000000000000e+00 0.000000000000000000e+00 1.000000000000000000e+00
1.716201577539657116e+09 -2.677564859390258789e+00 -8.284446716308593750e+00 -1.252078175544738770e+00 0.000000000000000000e+00 0.000000000000000000e+00 0.000000000000000000e+00 1.000000000000000000e+00
1.716201577639833450e+09 -2.654154062271118164e+00 -8.281839370727539062e+00 -1.252781867980957031e+00 0.000000000000000000e+00 0.000000000000000000e+00 0.000000000000000000e+00 1.000000000000000000e+00
1.716201577689952850e+09 -2.630895853042602539e+00 -8.282411575317382812e+00 -1.253527760505676492e+00 0.000000000000000000e+00 0.000000000000000000e+00 0.000000000000000000e+00 1.000000000000000000e+00
1.716201577740017414e+09 -2.608131408691406250e+00 -8.284165382385253906e+00 -1.253369927406311035e+00 0.000000000000000000e+00 0.000000000000000000e+00 0.000000000000000000e+00 1.000000000000000000e+00
1.716201577790182590e+09 -2.586632490158081055e+00 -8.285871505737304688e+00 -1.251976728439331055e+00 0.000000000000000000e+00 0.000000000000000000e+00 0.000000000000000000e+00 1.000000000000000000e+00
1.716201577842867136e+09 -2.541403293609619141e+00 -8.286979675292968750e+00 -1.244457244873046875e+00 0.000000000000000000e+00 0.000000000000000000e+00 0.000000000000000000e+00 1.000000000000000000e+00
1.716201577890597820e+09 -2.520558357238769087e+00 -8.290382385253906250e+00 -1.240128397941589355e+00 0.000000000000000000e+00 0.000000000000000000e+00 0.000000000000000000e+00 1.000000000000000000e+00
1.716201577991172314e+09 -2.500038146972655806e+00 -8.291785240173339844e+00 -1.234759926795959695e+00 0.000000000000000000e+00 0.000000000000000000e+00 0.000000000000000000e+00 1.000000000000000000e+00
1.716201578041084051e+09 -2.464704275131225586e+00 -8.303387641906738281e+00 -1.221544027328491211e+00 0.000000000000000000e+00 0.000000000000000000e+00 0.000000000000000000e+00 1.000000000000000000e+00
1.716201578091732264e+09 -2.447927474975585938e+00 -8.309598922729492188e+00 -1.214333772659301758e+00 0.000000000000000000e+00 0.000000000000000000e+00 0.000000000000000000e+00 1.000000000000000000e+00
1.716201578191794634e+09 -2.415072917938232422e+00 -8.322353363037109375e+00 -1.197833776473999023e+00 0.000000000000000000e+00 0.000000000000000000e+00 0.000000000000000000e+00 1.000000000000000000e+00
1.716201578292041779e+09 -2.398705482482910156e+00 -8.329984664916992188e+00 -1.188802361488342507e+00 0.000000000000000000e+00 0.000000000000000000e+00 0.000000000000000000e+00 1.000000000000000000e+00
1.716201578342208624e+09 -2.383099794387817383e+00 -8.339540481567382812e+00 -1.179720044136047363e+00 0.000000000000000000e+00 0.000000000000000000e+00 0.000000000000000000e+00 1.000000000000000000e+00
1.716201578392632484e+09 -2.356326580047607422e+00 -8.357845306396484375e+00 -1.163123726844787598e+00 0.000000000000000000e+00 0.000000000000000000e+00 0.000000000000000000e+00 1.000000000000000000e+00
1.716201578492736578e+09 -2.343987464904785156e+00 -8.366128921508789062e+00 -1.154746174812316895e+00 0.000000000000000000e+00 0.000000000000000000e+00 0.000000000000000000e+00 1.000000000000000000e+00
1.716201578543016911e+09 -2.333236217498779741e+00 -8.379989624023437500e+00 -1.147808194160461426e+00 0.000000000000000000e+00 0.000000000000000000e+00 0.000000000000000000e+00 1.000000000000000000e+00
1.716201578593381643e+09 -2.322623252868652344e+00 -8.390757560729980469e+00 -1.140133500099181907e+00 0.000000000000000000e+00 0.000000000000000000e+00 0.000000000000000000e+00 1.000000000000000000e+00
1.716201578643172979e+09 -2.304236412048339844e+00 -8.414377212524414062e+00 -1.125725626945495605e+00 0.000000000000000000e+00 0.000000000000000000e+00 0.000000000000000000e+00 1.000000000000000000e+00
1.716201578793671846e+09 -2.290317773818969727e+00 -8.445694923400878906e+00 -1.113615036010742188e+00 0.000000000000000000e+00 0.000000000000000000e+00 0.000000000000000000e+00 1.000000000000000000e+00
1.716201578844400883e+09 -2.276893854141235796e+00 -8.468838691711425781e+00 -1.099232554435729980e+00 0.000000000000000000e+00 0.000000000000000000e+00 0.000000000000000000e+00 1.000000000000000000e+00
1.716201578893905163e+09 -2.271792411804199219e+00 -8.480810165405273438e+00 -1.092750787734985352e+00 0.000000000000000000e+00 0.000000000000000000e+00 0.000000000000000000e+00 1.000000000000000000e+00
1.716201578994375944e+09 -2.269829988479614258e+00 -8.501908302307128906e+00 -1.088920116424560325e+00 0.000000000000000000e+00 0.000000000000000000e+00 0.000000000000000000e+00 1.000000000000000000e+00
1.716201579044597864e+09 -2.264554500579833984e+00 -8.529111862182617188e+00 -1.078401565551757812e+00 0.000000000000000000e+00 0.000000000000000000e+00 0.000000000000000000e+00 1.000000000000000000e+00
1.716201579095732689e+09 -2.262797355651855469e+00 -8.542003631591796875e+00 -1.072872400283813699e+00 0.000000000000000000e+00 0.000000000000000000e+00 0.000000000000000000e+00 1.000000000000000000e+00
1.716201579145002604e+09 -2.262709617614746094e+00 -8.556256294250488281e+00 -1.068480491638183594e+00 0.000000000000000000e+00 0.000000000000000000e+00 0.000000000000000000e+00 1.000000000000000000e+00
1.716201579245254755e+09 -2.267303228378295898e+00 -8.582030296325683594e+00 -1.068203449249267578e+00 0.000000000000000000e+00 0.000000000000000000e+00 0.000000000000000000e+00 1.000000000000000000e+00
1.716201579295307636e+09 -2.271666526794433594e+00 -8.610130310058593750e+00 -1.060240030288696289e+00 0.000000000000000000e+00 0.000000000000000000e+00 0.000000000000000000e+00 1.000000000000000000e+00
1.716201579345472813e+09 -2.274694442749023438e+00 -8.624494552612304688e+00 -1.056221365928649902e+00 0.000000000000000000e+00 0.000000000000000000e+00 0.000000000000000000e+00 1.000000000000000000e+00
1.716201579395823002e+09 -2.278618574142456055e+00 -8.639636039733886719e+00 -1.052388072013854980e+00 0.000000000000000000e+00 0.000000000000000000e+00 0.000000000000000000e+00 1.000000000000000000e+00
1.716201579496209383e+09 -2.290683507919311523e+00 -8.682519912719726562e+00 -1.049208402633666992e+00 0.000000000000000000e+00 0.000000000000000000e+00 0.000000000000000000e+00 1.000000000000000000e+00
1.716201579596529484e+09 -2.302332878112792969e+00 -8.714624404907226562e+00 -1.042741298675537109e+00 0.000000000000000000e+00 0.000000000000000000e+00 0.000000000000000000e+00 1.000000000000000000e+00
1.716201579697035789e+09 -2.312767505645751953e+00 -8.745859146118164062e+00 -1.044035196304321289e+00 0.000000000000000000e+00 0.000000000000000000e+00 0.000000000000000000e+00 1.000000000000000000e+00
1.716201579747441053e+09 -2.328360557556152344e+00 -8.778834342956542969e+00 -1.038225173950195090e+00 0.000000000000000000e+00 0.000000000000000000e+00 0.000000000000000000e+00 1.000000000000000000e+00
1.716201579797406197e+09 -2.335934638977050781e+00 -8.796833992004394531e+00 -1.035831212997436301e+00 0.000000000000000000e+00 0.000000000000000000e+00 0.000000000000000000e+00 1.000000000000000000e+00
1.716201579847609997e+09 -2.343401670455932617e+00 -8.814788818359375000e+00 -1.033667564392089844e+00 0.000000000000000000e+00 0.000000000000000000e+00 0.000000000000000000e+00 1.000000000000000000e+00
1.716201579998114109e+09 -2.366525173187255859e+00 -8.887603759765625000e+00 -1.031421899795532227e+00 0.000000000000000000e+00 0.000000000000000000e+00 0.000000000000000000e+00 1.000000000000000000e+00
1.716201580048258305e+09 -2.371410846710205078e+00 -8.908175468444824219e+00 -1.029934525489807129e+00 0.000000000000000000e+00 0.000000000000000000e+00 0.000000000000000000e+00 1.000000000000000000e+00
1.716201580099411011e+09 -2.375146865844726562e+00 -8.927977561950683594e+00 -1.028435945510864480e+00 0.000000000000000000e+00 0.000000000000000000e+00 0.000000000000000000e+00 1.000000000000000000e+00
1.716201580148490667e+09 -2.383536338806152344e+00 -8.969203948974609375e+00 -1.034040093421936035e+00 0.000000000000000000e+00 0.000000000000000000e+00 0.000000000000000000e+00 1.000000000000000000e+00
1.716201580198741436e+09 -2.384192705154418945e+00 -8.991314888000488281e+00 -1.034837245941162109e+00 0.000000000000000000e+00 0.000000000000000000e+00 0.000000000000000000e+00 1.000000000000000000e+00
1.716201580248973370e+09 -2.384803771972655806e+00 -9.012389183044433594e+00 -1.035535097122192383e+00 0.000000000000000000e+00 0.000000000000000000e+00 0.000000000000000000e+00 1.000000000000000000e+00
1.716201580350209236e+09 -2.387036800384521040e+00 -9.076365470886230469e+00 -1.042142748832702637e+00 0.000000000000000000e+00 0.000000000000000000e+00 0.000000000000000000e+00 1.000000000000000000e+00
1.716201580399443150e+09 -2.384484529495239702e+00 -9.099402427673339844e+00 -1.042551636695861816e+00 0.000000000000000000e+00 0.000000000000000000e+00 0.000000000000000000e+00 1.000000000000000000e+00
1.716201580499829769e+09 -2.380729198455810547e+00 -9.123934745788574219e+00 -1.042517185211181641e+00 0.000000000000000000e+00 0.000000000000000000e+00 0.000000000000000000e+00 1.000000000000000000e+00
1.716201580550081730e+09 -2.373845100402832031e+00 -9.193744659423828125e+00 -1.044002294540405273e+00 0.000000000000000000e+00 0.000000000000000000e+00 0.000000000000000000e+00 1.000000000000000000e+00
1.716201580600668430e+09 -2.365890264511108398e+00 -9.218078613281250000e+00 -1.040645837783813699e+00 0.000000000000000000e+00 0.000000000000000000e+00 0.000000000000000000e+00 1.000000000000000000e+00
1.716201580651066780e+09 -2.356054067611694336e+00 -9.244327545166015625e+00 -1.035832762718200906e+00 0.000000000000000000e+00 0.000000000000000000e+00 0.000000000000000000e+00 1.000000000000000000e+00
1.716201580700830936e+09 -2.344730854034423828e+00 -9.270206451416015625e+00 -1.029688954353332297e+00 0.000000000000000000e+00 0.000000000000000000e+00 0.000000000000000000e+00 1.000000000000000000e+00
1.716201580801457405e+09 -2.338694572448730469e+00 -9.315930366516111505e+00 -1.027851462364196777e+00 0.000000000000000000e+00 0.000000000000000000e+00 0.000000000000000000e+00 1.000000000000000000e+00
1.716201580851686001e+09 -2.327097177505493164e+00 -9.343468666076660156e+00 -1.019390821456909180e+00 0.000000000000000000e+00 0.000000000000000000e+00 0.000000000000000000e+00 1.000000000000000000e+00
1.716201580901594400e+09 -2.315348386764526367e+00 -9.371271133422851562e+00 -1.009865760803222878e+00 0.000000000000000000e+00 0.000000000000000000e+00 0.000000000000000000e+00 1.000000000000000000e+00
1.716201581003047943e+09 -2.295420646667480469e+00 -9.445474624633787286e+00 -9.928507804870604359e-01 0.000000000000000000e+00 0.000000000000000000e+00 0.000000000000000000e+00 1.000000000000000000e+00
1.716201581052478313e+09 -2.282207489013671875e+00 -9.473293304443359375e+00 -9.798335433006287731e-01 0.000000000000000000e+00 0.000000000000000000e+00 0.000000000000000000e+00 1.000000000000000000e+00
1.716201581103504896e+09 -2.270820140838623047e+00 -9.500720024108888495e+00 -9.663495421409608044e-01 0.000000000000000000e+00 0.000000000000000000e+00 0.000000000000000000e+00 1.000000000000000000e+00
1.716201581153309107e+09 -2.253462076187133789e+00 -9.554465293884275567e+00 -9.379001259803771973e-01 0.000000000000000000e+00 0.000000000000000000e+00 0.000000000000000000e+00 1.000000000000000000e+00
1.716201581254405975e+09 -2.250747203826904297e+00 -9.600960731506347656e+00 -9.280124902725219727e-01 0.000000000000000000e+00 0.000000000000000000e+00 0.000000000000000000e+00 1.000000000000000000e+00
1.716201581303323984e+09 -2.243696451187133789e+00 -9.627390861511230469e+00 -9.134190678596495472e-01 0.000000000000000000e+00 0.000000000000000000e+00 0.000000000000000000e+00 1.000000000000000000e+00
1.716201581353894711e+09 -2.230438947677612305e+00 -9.681504249572753906e+00 -8.819038271903991699e-01 0.000000000000000000e+00 0.000000000000000000e+00 0.000000000000000000e+00 1.000000000000000000e+00
1.716201581453665495e+09 -2.231075286865234375e+00 -9.730306625366212714e+00 -8.713824748992919922e-01 0.000000000000000000e+00 0.000000000000000000e+00 0.000000000000000000e+00 1.000000000000000000e+00
1.716201581504160881e+09 -2.228888988494873047e+00 -9.784468650817872870e+00 -8.408337235450744629e-01 0.000000000000000000e+00 0.000000000000000000e+00 0.000000000000000000e+00 1.000000000000000000e+00
1.716201581553942204e+09 -2.230950593948364258e+00 -9.811536788940429688e+00 -8.267235159873962402e-01 0.000000000000000000e+00 0.000000000000000000e+00 0.000000000000000000e+00 1.000000000000000000e+00
1.716201581604159832e+09 -2.234083890914916992e+00 -9.838333129882812500e+00 -8.125600814819335938e-01 0.000000000000000000e+00 0.000000000000000000e+00 0.000000000000000000e+00 1.000000000000000000e+00
1.716201581704530001e+09 -2.250037193298339844e+00 -9.915904998779296875e+00 -7.886818051338195801e-01 0.000000000000000000e+00 0.000000000000000000e+00 0.000000000000000000e+00 1.000000000000000000e+00
1.716201581754673719e+09 -2.257251739501953125e+00 -9.943714141845703125e+00 -7.746943831443786621e-01 0.000000000000000000e+00 0.000000000000000000e+00 0.000000000000000000e+00 1.000000000000000000e+00
1.716201581805277109e+09 -2.264188051223754883e+00 -9.970624923706056464e+00 -7.601392865180969238e-01 0.000000000000000000e+00 0.000000000000000000e+00 0.000000000000000000e+00 1.000000000000000000e+00
1.716201581905636311e+09 -2.277817726135253906e+00 -1.002102947235107422e+01 -7.508749961853027344e-01 0.000000000000000000e+00 0.000000000000000000e+00 0.000000000000000000e+00 1.000000000000000000e+00
1.716201581955905437e+09 -2.297646999359130859e+00 -1.007856273651123047e+01 -7.264288067817687988e-01 0.000000000000000000e+00 0.000000000000000000e+00 0.000000000000000000e+00 1.000000000000000000e+00
1.716201582056405306e+09 -2.321555137634277344e+00 -1.013251399993896484e+01 -7.039107680320739746e-01 0.000000000000000000e+00 0.000000000000000000e+00 0.000000000000000000e+00 1.000000000000000000e+00
1.716201582156788111e+09 -2.340414762496947798e+00 -1.018572425842285156e+01 -6.995646953582763672e-01 0.000000000000000000e+00 0.000000000000000000e+00 0.000000000000000000e+00 1.000000000000000000e+00
1.716201582206911802e+09 -2.353066921234130859e+00 -1.021301841735839844e+01 -6.906173229217529297e-01 0.000000000000000000e+00 0.000000000000000000e+00 0.000000000000000000e+00 1.000000000000000000e+00
1.716201582257564068e+09 -2.378558397293090820e+00 -1.027020645141601562e+01 -6.747531890869140625e-01 0.000000000000000000e+00 0.000000000000000000e+00 0.000000000000000000e+00 1.000000000000000000e+00
1.716201582358347416e+09 -2.397366285324096680e+00 -1.032497787475585938e+01 -6.725230216979980469e-01 0.000000000000000000e+00 0.000000000000000000e+00 0.000000000000000000e+00 1.000000000000000000e+00
1.716201582408179283e+09 -2.421006917953491211e+00 -1.038099479675292969e+01 -6.587120890617370605e-01 0.000000000000000000e+00 0.000000000000000000e+00 0.000000000000000000e+00 1.000000000000000000e+00
1.716201582458307266e+09 -2.433431625366210938e+00 -1.041073989868164062e+01 -6.527321338653564453e-01 0.000000000000000000e+00 0.000000000000000000e+00 0.000000000000000000e+00 1.000000000000000000e+00
1.716201582508436441e+09 -2.452177286148071733e+00 -1.046699523925781250e+01 -6.531852483749389648e-01 0.000000000000000000e+00 0.000000000000000000e+00 0.000000000000000000e+00 1.000000000000000000e+00
1.716201582558599710e+09 -2.465667486190795898e+00 -1.049515724182128729e+01 -6.484556794166564941e-01 0.000000000000000000e+00 0.000000000000000000e+00 0.000000000000000000e+00 1.000000000000000000e+00
1.716201582608804464e+09 -2.479228258132934570e+00 -1.052317333221435547e+01 -6.442927718162536621e-01 0.000000000000000000e+00 0.000000000000000000e+00 0.000000000000000000e+00 1.000000000000000000e+00
1.716201582658970594e+09 -2.491347312927246094e+00 -1.055037498474121271e+01 -6.405963301658630371e-01 0.000000000000000000e+00 0.000000000000000000e+00 0.000000000000000000e+00 1.000000000000000000e+00
1.716201582709266424e+09 -2.508635759353637695e+00 -1.060345649719238459e+01 -6.426645517349243164e-01 0.000000000000000000e+00 0.000000000000000000e+00 0.000000000000000000e+00 1.000000000000000000e+00
1.716201582759466410e+09 -2.519579648971557617e+00 -1.062877273559570312e+01 -6.392143368721008301e-01 0.000000000000000000e+00 0.000000000000000000e+00 0.000000000000000000e+00 1.000000000000000000e+00
1.716201582809771061e+09 -2.530269145965576172e+00 -1.065498638153076172e+01 -6.367815136909484863e-01 0.000000000000000000e+00 0.000000000000000000e+00 0.000000000000000000e+00 1.000000000000000000e+00
1.716201582859797716e+09 -2.541522979736328125e+00 -1.068111038208007812e+01 -6.340808272361755371e-01 0.000000000000000000e+00 0.000000000000000000e+00 0.000000000000000000e+00 1.000000000000000000e+00
1.716201582909990549e+09 -2.558879137039185014e+00 -1.073296642303466797e+01 -6.367989182472229004e-01 0.000000000000000000e+00 0.000000000000000000e+00 0.000000000000000000e+00 1.000000000000000000e+00
1.716201583060573339e+09 -2.587810039520264116e+00 -1.080305767059326172e+01 -6.284299492835998535e-01 0.000000000000000000e+00 0.000000000000000000e+00 0.000000000000000000e+00 1.000000000000000000e+00
1.716201583111791611e+09 -2.597661972045898438e+00 -1.082539558410644354e+01 -6.252101063728332520e-01 0.000000000000000000e+00 0.000000000000000000e+00 0.000000000000000000e+00 1.000000000000000000e+00
1.716201583211954594e+09 -2.623783826828002930e+00 -1.089213371276855646e+01 -6.210529208183288574e-01 0.000000000000000000e+00 0.000000000000000000e+00 0.000000000000000000e+00 1.000000000000000000e+00
1.716201583261375427e+09 -2.634416103363037109e+00 -1.091375732421875000e+01 -6.150009632110595703e-01 0.000000000000000000e+00 0.000000000000000000e+00 0.000000000000000000e+00 1.000000000000000000e+00
1.716201583311552286e+09 -2.648540019989013672e+00 -1.095280742645263672e+01 -6.118431091308593750e-01 0.000000000000000000e+00 0.000000000000000000e+00 0.000000000000000000e+00 1.000000000000000000e+00
1.716201583362051487e+09 -2.657044887542724609e+00 -1.097318458557128729e+01 -6.039234399795532227e-01 0.000000000000000000e+00 0.000000000000000000e+00 0.000000000000000000e+00 1.000000000000000000e+00
1.716201583412328959e+09 -2.664949417114257812e+00 -1.099177646636962713e+01 -5.950745344161987305e-01 0.000000000000000000e+00 0.000000000000000000e+00 0.000000000000000000e+00 1.000000000000000000e+00
1.716201583462487221e+09 -2.672943115234375000e+00 -1.101237010955810369e+01 -5.865120291709899902e-01 0.000000000000000000e+00 0.000000000000000000e+00 0.000000000000000000e+00 1.000000000000000000e+00
1.716201583512654305e+09 -2.684702396392822266e+00 -1.104815292358398438e+01 -5.812514424324035645e-01 0.000000000000000000e+00 0.000000000000000000e+00 0.000000000000000000e+00 1.000000000000000000e+00
1.716201583563026190e+09 -2.692350625991821289e+00 -1.106661510467529119e+01 -5.732025504112243652e-01 0.000000000000000000e+00 0.000000000000000000e+00 0.000000000000000000e+00 1.000000000000000000e+00
1.716201583613238811e+09 -2.699642896652221680e+00 -1.108537769317626953e+01 -5.639288425445556641e-01 0.000000000000000000e+00 0.000000000000000000e+00 0.000000000000000000e+00 1.000000000000000000e+00
1.716201583663820982e+09 -2.705629110336304155e+00 -1.110323143005371271e+01 -5.555663704872131348e-01 0.000000000000000000e+00 0.000000000000000000e+00 0.000000000000000000e+00 1.000000000000000000e+00
1.716201583713466406e+09 -2.710875272750854492e+00 -1.112224292755126953e+01 -5.475078225135803223e-01 0.000000000000000000e+00 0.000000000000000000e+00 0.000000000000000000e+00 1.000000000000000000e+00
1.716201583764095545e+09 -2.715125322341918945e+00 -1.113939285278320312e+01 -5.394595265388488770e-01 0.000000000000000000e+00 0.000000000000000000e+00 0.000000000000000000e+00 1.000000000000000000e+00
1.716201583863832235e+09 -2.722576856613159180e+00 -1.116989898681640625e+01 -5.340912938117980957e-01 0.000000000000000000e+00 0.000000000000000000e+00 0.000000000000000000e+00 1.000000000000000000e+00
1.716201583913968801e+09 -2.730033159255981001e+00 -1.120215892791748047e+01 -5.188506245613098145e-01 0.000000000000000000e+00 0.000000000000000000e+00 0.000000000000000000e+00 1.000000000000000000e+00
1.716201583964279652e+09 -2.732998371124268022e+00 -1.121838188171386719e+01 -5.116743445396423340e-01 0.000000000000000000e+00 0.000000000000000000e+00 0.000000000000000000e+00 1.000000000000000000e+00
1.716201584014376402e+09 -2.735185861587524414e+00 -1.123569869995117188e+01 -5.052356123924255371e-01 0.000000000000000000e+00 0.000000000000000000e+00 0.000000000000000000e+00 1.000000000000000000e+00
1.716201584064819098e+09 -2.741592168807983398e+00 -1.126917648315429688e+01 -5.019510388374328613e-01 0.000000000000000000e+00 0.000000000000000000e+00 0.000000000000000000e+00 1.000000000000000000e+00
1.716201584115662098e+09 -2.743521690368652344e+00 -1.128540134429931641e+01 -4.960604906082152765e-01 0.000000000000000000e+00 0.000000000000000000e+00 0.000000000000000000e+00 1.000000000000000000e+00
1.716201584164694309e+09 -2.746681690216064453e+00 -1.130219841003417969e+01 -4.911167025566101074e-01 0.000000000000000000e+00 0.000000000000000000e+00 0.000000000000000000e+00 1.000000000000000000e+00
1.716201584214876652e+09 -2.749215126037597656e+00 -1.131911277770995916e+01 -4.863461852073668878e-01 0.000000000000000000e+00 0.000000000000000000e+00 0.000000000000000000e+00 1.000000000000000000e+00
1.716201584264981270e+09 -2.755067825317382812e+00 -1.135143566131591797e+01 -4.843278527259826105e-01 0.000000000000000000e+00 0.000000000000000000e+00 0.000000000000000000e+00 1.000000000000000000e+00
1.716201584315170288e+09 -2.757063627243041992e+00 -1.136942672729492188e+01 -4.800548851490020752e-01 0.000000000000000000e+00 0.000000000000000000e+00 0.000000000000000000e+00 1.000000000000000000e+00
1.716201584365497589e+09 -2.758765697479248047e+00 -1.138742160797119141e+01 -4.761497676372528076e-01 0.000000000000000000e+00 0.000000000000000000e+00 0.000000000000000000e+00 1.000000000000000000e+00
1.716201584416207314e+09 -2.764992237091064453e+00 -1.142358970642089844e+01 -4.754244089126586914e-01 0.000000000000000000e+00 0.000000000000000000e+00 0.000000000000000000e+00 1.000000000000000000e+00
1.716201584465590000e+09 -2.767496585845947710e+00 -1.144236564636230469e+01 -4.718637168407440186e-01 0.000000000000000000e+00 0.000000000000000000e+00 0.000000000000000000e+00 1.000000000000000000e+00
1.716201584515841722e+09 -2.770874500274658203e+00 -1.146192455291748047e+01 -4.685610532760620117e-01 0.000000000000000000e+00 0.000000000000000000e+00 0.000000000000000000e+00 1.000000000000000000e+00
1.716201584565886736e+09 -2.774899482727050781e+00 -1.148115730285644354e+01 -4.662359952926635742e-01 0.000000000000000000e+00 0.000000000000000000e+00 0.000000000000000000e+00 1.000000000000000000e+00
1.716201584615991116e+09 -2.779966115951538086e+00 -1.150119018554687678e+01 -4.638448059558867853e-01 0.000000000000000000e+00 0.000000000000000000e+00 0.000000000000000000e+00 1.000000000000000000e+00
1.716201584666179895e+09 -2.785513162612915039e+00 -1.152311325073242188e+01 -4.619028568267822266e-01 0.000000000000000000e+00 0.000000000000000000e+00 0.000000000000000000e+00 1.000000000000000000e+00
1.716201584716421843e+09 -2.796053409576416016e+00 -1.156506633758544922e+01 -4.638352692127227783e-01 0.000000000000000000e+00 0.000000000000000000e+00 0.000000000000000000e+00 1.000000000000000000e+00
1.716201584766544580e+09 -2.801926374435424805e+00 -1.158671665191650391e+01 -4.630236327648162842e-01 0.000000000000000000e+00 0.000000000000000000e+00 0.000000000000000000e+00 1.000000000000000000e+00
1.716201584816645384e+09 -2.807847738265991211e+00 -1.160815906524658203e+01 -4.633677601814270020e-01 0.000000000000000000e+00 0.000000000000000000e+00 0.000000000000000000e+00 1.000000000000000000e+00
1.716201584866947174e+09 -2.813782453536987749e+00 -1.162943840026855646e+01 -4.646636247634887140e-01 0.000000000000000000e+00 0.000000000000000000e+00 0.000000000000000000e+00 1.000000000000000000e+00
1.716201584917290926e+09 -2.824330806732177734e+00 -1.167075061798095525e+01 -4.703882336616516113e-01 0.000000000000000000e+00 0.000000000000000000e+00 0.000000000000000000e+00 1.000000000000000000e+00
1.716201584967367411e+09 -2.829404354095458984e+00 -1.169084262847900391e+01 -4.737942218780517023e-01 0.000000000000000000e+00 0.000000000000000000e+00 0.000000000000000000e+00 1.000000000000000000e+00
1.716201585019570827e+09 -2.835096359252929688e+00 -1.171168518066406250e+01 -4.780490398406981867e-01 0.000000000000000000e+00 0.000000000000000000e+00 0.000000000000000000e+00 1.000000000000000000e+00
1.716201585068088293e+09 -2.840935945510864258e+00 -1.173228836059570312e+01 -4.835289418697357178e-01 0.000000000000000000e+00 0.000000000000000000e+00 0.000000000000000000e+00 1.000000000000000000e+00
1.716201585369175911e+09 -2.880937099456787109e+00 -1.186922359466552734e+01 -5.291467905044555664e-01 0.000000000000000000e+00 0.000000000000000000e+00 0.000000000000000000e+00 1.000000000000000000e+00
1.716201585419844389e+09 -2.885924816131591797e+00 -1.188649272918701172e+01 -5.370241999626159668e-01 0.000000000000000000e+00 0.000000000000000000e+00 0.000000000000000000e+00 1.000000000000000000e+00
1.716201585469889879e+09 -2.896159410476685014e+00 -1.192210102081298828e+01 -5.522184967994689941e-01 0.000000000000000000e+00 0.000000000000000000e+00 0.000000000000000000e+00 1.000000000000000000e+00
1.716201585520580530e+09 -2.902557611465454102e+00 -1.193918132781982422e+01 -5.591626167297363281e-01 0.000000000000000000e+00 0.000000000000000000e+00 0.000000000000000000e+00 1.000000000000000000e+00
1.716201585620450497e+09 -2.913591146469116211e+00 -1.197251701354980469e+01 -5.681586265563964844e-01 0.000000000000000000e+00 0.000000000000000000e+00 0.000000000000000000e+00 1.000000000000000000e+00
1.716201585670611382e+09 -2.928271532058715820e+00 -1.200357532501220881e+01 -5.791583657264709473e-01 0.000000000000000000e+00 0.000000000000000000e+00 0.000000000000000000e+00 1.000000000000000000e+00
1.716201585721153736e+09 -2.941247224807739702e+00 -1.203663158416748047e+01 -5.869946479797363281e-01 0.000000000000000000e+00 0.000000000000000000e+00 0.000000000000000000e+00 1.000000000000000000e+00
1.716201585771387339e+09 -2.950103759765625000e+00 -1.205152702331542969e+01 -5.909600257873535156e-01 0.000000000000000000e+00 0.000000000000000000e+00 0.000000000000000000e+00 1.000000000000000000e+00
1.716201585821572065e+09 -2.960311651229858398e+00 -1.206622791290283203e+01 -5.941161513328552246e-01 0.000000000000000000e+00 0.000000000000000000e+00 0.000000000000000000e+00 1.000000000000000000e+00
1.716201585927682638e+09 -2.986770629882812500e+00 -1.210967350006103516e+01 -6.011241674423217773e-01 0.000000000000000000e+00 0.000000000000000000e+00 0.000000000000000000e+00 1.000000000000000000e+00
1.716201585974677086e+09 -2.999668836593627930e+00 -1.212293052673339844e+01 -6.026695966720581055e-01 0.000000000000000000e+00 0.000000000000000000e+00 0.000000000000000000e+00 1.000000000000000000e+00
1.716201586022108316e+09 -3.013735055923461914e+00 -1.213605594635009766e+01 -6.032508015632629395e-01 0.000000000000000000e+00 0.000000000000000000e+00 0.000000000000000000e+00 1.000000000000000000e+00
1.716201586123154879e+09 -3.045583248138428178e+00 -1.216179180145263672e+01 -6.018198132514953613e-01 0.000000000000000000e+00 0.000000000000000000e+00 0.000000000000000000e+00 1.000000000000000000e+00
1.716201586323566198e+09 -3.123138666152954102e+00 -1.224385452270507812e+01 -5.941517949104309082e-01 0.000000000000000000e+00 0.000000000000000000e+00 0.000000000000000000e+00 1.000000000000000000e+00
1.716201586373661995e+09 -3.142422914505004883e+00 -1.225852870941161932e+01 -5.895468592643737793e-01 0.000000000000000000e+00 0.000000000000000000e+00 0.000000000000000000e+00 1.000000000000000000e+00
1.716201586423867226e+09 -3.166654586791992188e+00 -1.228532409667968750e+01 -5.860273838043212891e-01 0.000000000000000000e+00 0.000000000000000000e+00 0.000000000000000000e+00 1.000000000000000000e+00
1.716201586473959208e+09 -3.187540054321289062e+00 -1.229868125915527166e+01 -5.802729129791259766e-01 0.000000000000000000e+00 0.000000000000000000e+00 0.000000000000000000e+00 1.000000000000000000e+00
1.716201586524158239e+09 -3.210084915161132812e+00 -1.231063652038574219e+01 -5.738762617111206055e-01 0.000000000000000000e+00 0.000000000000000000e+00 0.000000000000000000e+00 1.000000000000000000e+00
1.716201586574259043e+09 -3.257066011428833008e+00 -1.233478260040283203e+01 -5.623311996459960938e-01 0.000000000000000000e+00 0.000000000000000000e+00 0.000000000000000000e+00 1.000000000000000000e+00
1.716201586674507856e+09 -3.284603357315063477e+00 -1.236154842376708984e+01 -5.590853095054626465e-01 0.000000000000000000e+00 0.000000000000000000e+00 0.000000000000000000e+00 1.000000000000000000e+00
1.716201586724843025e+09 -3.307617664337158203e+00 -1.237097930908203125e+01 -5.536502599716186523e-01 0.000000000000000000e+00 0.000000000000000000e+00 0.000000000000000000e+00 1.000000000000000000e+00
1.716201586825923681e+09 -3.359931230545043945e+00 -1.241136455535888850e+01 -5.476203560829162598e-01 0.000000000000000000e+00 0.000000000000000000e+00 0.000000000000000000e+00 1.000000000000000000e+00
1.716201586875678539e+09 -3.383350610733031782e+00 -1.242231559753417969e+01 -5.443908572196960449e-01 0.000000000000000000e+00 0.000000000000000000e+00 0.000000000000000000e+00 1.000000000000000000e+00
1.716201586926061392e+09 -3.408167600631713867e+00 -1.243381214141845525e+01 -5.416995882987976074e-01 0.000000000000000000e+00 0.000000000000000000e+00 0.000000000000000000e+00 1.000000000000000000e+00
1.716201586975886106e+09 -3.458660840988159180e+00 -1.245399951934814453e+01 -5.385002493858337402e-01 0.000000000000000000e+00 0.000000000000000000e+00 0.000000000000000000e+00 1.000000000000000000e+00
1.716201587076597214e+09 -3.488821268081665039e+00 -1.247573566436767578e+01 -5.405226349830627441e-01 0.000000000000000000e+00 0.000000000000000000e+00 0.000000000000000000e+00 1.000000000000000000e+00
1.716201587127536058e+09 -3.516563415527344194e+00 -1.248355960845947266e+01 -5.414970517158508301e-01 0.000000000000000000e+00 0.000000000000000000e+00 0.000000000000000000e+00 1.000000000000000000e+00
1.716201587176480770e+09 -3.545300960540771484e+00 -1.249083805084228338e+01 -5.437939763069152832e-01 0.000000000000000000e+00 0.000000000000000000e+00 0.000000000000000000e+00 1.000000000000000000e+00
1.716201587226602077e+09 -3.573245525360107422e+00 -1.249600410461425781e+01 -5.472046732902526855e-01 0.000000000000000000e+00 0.000000000000000000e+00 0.000000000000000000e+00 1.000000000000000000e+00
1.716201587277392387e+09 -3.605361461639403853e+00 -1.251607704162597656e+01 -5.548805594444274902e-01 0.000000000000000000e+00 0.000000000000000000e+00 0.000000000000000000e+00 1.000000000000000000e+00
1.716201587678980827e+09 -3.839140892028808594e+00 -1.254625797271728338e+01 -6.357906460762023926e-01 0.000000000000000000e+00 0.000000000000000000e+00 0.000000000000000000e+00 1.000000000000000000e+00
1.716201587779128790e+09 -3.870348215103148970e+00 -1.254938030242919922e+01 -6.483641266822814941e-01 0.000000000000000000e+00 0.000000000000000000e+00 0.000000000000000000e+00 1.000000000000000000e+00
1.716201587829253197e+09 -3.927082300186156782e+00 -1.254087352752685547e+01 -6.695157885551452637e-01 0.000000000000000000e+00 0.000000000000000000e+00 0.000000000000000000e+00 1.000000000000000000e+00
1.716201587879463673e+09 -3.953725814819335938e+00 -1.253613853454589844e+01 -6.792536377906799316e-01 0.000000000000000000e+00 0.000000000000000000e+00 0.000000000000000000e+00 1.000000000000000000e+00
1.716201587979735851e+09 -3.982428312301636186e+00 -1.253269863128661932e+01 -6.896468400955200195e-01 0.000000000000000000e+00 0.000000000000000000e+00 0.000000000000000000e+00 1.000000000000000000e+00
1.716201588029886484e+09 -4.034492015838623047e+00 -1.251911544799804865e+01 -7.086602449417114258e-01 0.000000000000000000e+00 0.000000000000000000e+00 0.000000000000000000e+00 1.000000000000000000e+00
1.716201588080097198e+09 -4.060061931610107422e+00 -1.251126289367675781e+01 -7.184460163116455078e-01 0.000000000000000000e+00 0.000000000000000000e+00 0.000000000000000000e+00 1.000000000000000000e+00
1.716201588180449963e+09 -4.110276699066162109e+00 -1.249643707275390625e+01 -7.396916151046752930e-01 0.000000000000000000e+00 0.000000000000000000e+00 0.000000000000000000e+00 1.000000000000000000e+00
1.716201588231175661e+09 -4.134213447570800781e+00 -1.248770046234130859e+01 -7.503901124000549316e-01 0.000000000000000000e+00 0.000000000000000000e+00 0.000000000000000000e+00 1.000000000000000000e+00
1.716201588280820131e+09 -4.157508850097656250e+00 -1.247792816162109375e+01 -7.617539167404174805e-01 0.000000000000000000e+00 0.000000000000000000e+00 0.000000000000000000e+00 1.000000000000000000e+00
1.716201588331134319e+09 -4.179979801177978516e+00 -1.246832752227783203e+01 -7.733563780784606934e-01 0.000000000000000000e+00 0.000000000000000000e+00 0.000000000000000000e+00 1.000000000000000000e+00
1.716201588381230593e+09 -4.201245784759521484e+00 -1.245705318450927557e+01 -7.842927575111389160e-01 0.000000000000000000e+00 0.000000000000000000e+00 0.000000000000000000e+00 1.000000000000000000e+00
1.716201588481563568e+09 -4.242118358612060547e+00 -1.243524742126464844e+01 -8.042986392974853516e-01 0.000000000000000000e+00 0.000000000000000000e+00 0.000000000000000000e+00 1.000000000000000000e+00
1.716201588531734705e+09 -4.261604309082031250e+00 -1.242273712158203125e+01 -8.127316832542419434e-01 0.000000000000000000e+00 0.000000000000000000e+00 0.000000000000000000e+00 1.000000000000000000e+00
1.716201588581804514e+09 -4.281711101531982422e+00 -1.241117668151855646e+01 -8.204230666160583496e-01 0.000000000000000000e+00 0.000000000000000000e+00 0.000000000000000000e+00 1.000000000000000000e+00
1.716201588632521391e+09 -4.300774097442626953e+00 -1.239912509918212713e+01 -8.266719579696655273e-01 0.000000000000000000e+00 0.000000000000000000e+00 0.000000000000000000e+00 1.000000000000000000e+00
1.716201588683895588e+09 -4.318388462066650391e+00 -1.238765048980712713e+01 -8.322993516921997070e-01 0.000000000000000000e+00 0.000000000000000000e+00 0.000000000000000000e+00 1.000000000000000000e+00
1.716201588732757568e+09 -4.334410190582275391e+00 -1.237270832061767578e+01 -8.362502455711364746e-01 0.000000000000000000e+00 0.000000000000000000e+00 0.000000000000000000e+00 1.000000000000000000e+00
1.716201588782785177e+09 -4.349050521850585938e+00 -1.236158275604248047e+01 -8.394750952720642090e-01 0.000000000000000000e+00 0.000000000000000000e+00 0.000000000000000000e+00 1.000000000000000000e+00
1.716201588833698511e+09 -4.364804744720458984e+00 -1.235106754302978338e+01 -8.429458737373352051e-01 0.000000000000000000e+00 0.000000000000000000e+00 0.000000000000000000e+00 1.000000000000000000e+00
1.716201588934473276e+09 -4.397203445434570312e+00 -1.233088302612304865e+01 -8.489913344383239746e-01 0.000000000000000000e+00 0.000000000000000000e+00 0.000000000000000000e+00 1.000000000000000000e+00
1.716201588983294964e+09 -4.412815093994140625e+00 -1.231953811645507812e+01 -8.509617447853088379e-01 0.000000000000000000e+00 0.000000000000000000e+00 0.000000000000000000e+00 1.000000000000000000e+00
1.716201589083499193e+09 -4.460177898406982422e+00 -1.229272651672363281e+01 -8.567520976066589355e-01 0.000000000000000000e+00 0.000000000000000000e+00 0.000000000000000000e+00 1.000000000000000000e+00
1.716201589133772612e+09 -4.474693775177001953e+00 -1.228394412994384766e+01 -8.581317067146301270e-01 0.000000000000000000e+00 0.000000000000000000e+00 0.000000000000000000e+00 1.000000000000000000e+00
1.716201589284136772e+09 -4.505682468414306641e+00 -1.226694583892822443e+01 -8.594691157341003418e-01 0.000000000000000000e+00 0.000000000000000000e+00 0.000000000000000000e+00 1.000000000000000000e+00
1.716201589334539175e+09 -4.523777484893798828e+00 -1.226030635833740234e+01 -8.593498468399047852e-01 0.000000000000000000e+00 0.000000000000000000e+00 0.000000000000000000e+00 1.000000000000000000e+00
1.716201589384500504e+09 -4.541161060333251953e+00 -1.225404644012451172e+01 -8.584721684455871582e-01 0.000000000000000000e+00 0.000000000000000000e+00 0.000000000000000000e+00 1.000000000000000000e+00
1.716201589434787750e+09 -4.561378002166748047e+00 -1.224908351898193359e+01 -8.564769029617309570e-01 0.000000000000000000e+00 0.000000000000000000e+00 0.000000000000000000e+00 1.000000000000000000e+00
1.716201589485064745e+09 -4.580762863159179688e+00 -1.224450492858886719e+01 -8.539188504219055176e-01 0.000000000000000000e+00 0.000000000000000000e+00 0.000000000000000000e+00 1.000000000000000000e+00
1.716201589685464144e+09 -4.654720306396484375e+00 -1.223477077484130859e+01 -8.382881283760070801e-01 0.000000000000000000e+00 0.000000000000000000e+00 0.000000000000000000e+00 1.000000000000000000e+00
1.716201589736183405e+09 -4.694131851196289062e+00 -1.223076725006103516e+01 -8.258011341094970703e-01 0.000000000000000000e+00 0.000000000000000000e+00 0.000000000000000000e+00 1.000000000000000000e+00
1.716201589836166859e+09 -4.714903831481933594e+00 -1.223071765899658203e+01 -8.182917833328247070e-01 0.000000000000000000e+00 0.000000000000000000e+00 0.000000000000000000e+00 1.000000000000000000e+00
1.716201589886435032e+09 -4.734656810760498047e+00 -1.222800827026367188e+01 -8.094569444656372070e-01 0.000000000000000000e+00 0.000000000000000000e+00 0.000000000000000000e+00 1.000000000000000000e+00
1.716201589936475992e+09 -4.754896640777587891e+00 -1.222530555725097656e+01 -7.993670701980590820e-01 0.000000000000000000e+00 0.000000000000000000e+00 0.000000000000000000e+00 1.000000000000000000e+00
1.716201589986531258e+09 -4.775205612182617188e+00 -1.222373199462890625e+01 -7.886937260627746582e-01 0.000000000000000000e+00 0.000000000000000000e+00 0.000000000000000000e+00 1.000000000000000000e+00
1.716201590036782503e+09 -4.796045303344726562e+00 -1.222210788726806641e+01 -7.769372463226318359e-01 0.000000000000000000e+00 0.000000000000000000e+00 0.000000000000000000e+00 1.000000000000000000e+00
1.716201590087185860e+09 -4.838893413543701172e+00 -1.222297573089599609e+01 -7.514999508857727051e-01 0.000000000000000000e+00 0.000000000000000000e+00 0.000000000000000000e+00 1.000000000000000000e+00
1.716201590187867641e+09 -4.858627319335937500e+00 -1.222099399566650391e+01 -7.373580336570739746e-01 0.000000000000000000e+00 0.000000000000000000e+00 0.000000000000000000e+00 1.000000000000000000e+00
1.716201590237440586e+09 -4.879197120666503906e+00 -1.221878242492675781e+01 -7.223762869834899902e-01 0.000000000000000000e+00 0.000000000000000000e+00 0.000000000000000000e+00 1.000000000000000000e+00
1.716201590337604284e+09 -4.919536590576171875e+00 -1.221475410461425781e+01 -6.911113262176513672e-01 0.000000000000000000e+00 0.000000000000000000e+00 0.000000000000000000e+00 1.000000000000000000e+00
1.716201590388267756e+09 -4.938189506530761719e+00 -1.221117782592773438e+01 -6.749702692031860352e-01 0.000000000000000000e+00 0.000000000000000000e+00 0.000000000000000000e+00 1.000000000000000000e+00
1.716201590438364267e+09 -4.956024646759033203e+00 -1.220981884002685547e+01 -6.602560877799987793e-01 0.000000000000000000e+00 0.000000000000000000e+00 0.000000000000000000e+00 1.000000000000000000e+00
1.716201590488383532e+09 -4.973623275756835938e+00 -1.220541191101074219e+01 -6.445116400718688965e-01 0.000000000000000000e+00 0.000000000000000000e+00 0.000000000000000000e+00 1.000000000000000000e+00
1.716201590538512945e+09 -5.011379241943359375e+00 -1.219735240936279119e+01 -6.144282221794128418e-01 0.000000000000000000e+00 0.000000000000000000e+00 0.000000000000000000e+00 1.000000000000000000e+00
1.716201590638862610e+09 -5.047207355499267578e+00 -1.218599605560302734e+01 -5.879622101783752441e-01 0.000000000000000000e+00 0.000000000000000000e+00 0.000000000000000000e+00 1.000000000000000000e+00
1.716201590739616394e+09 -5.062118053436279297e+00 -1.217639541625976562e+01 -5.757569670677185059e-01 0.000000000000000000e+00 0.000000000000000000e+00 0.000000000000000000e+00 1.000000000000000000e+00
1.716201590789825439e+09 -5.090156555175781250e+00 -1.216263771057128729e+01 -5.554081797599792480e-01 0.000000000000000000e+00 0.000000000000000000e+00 0.000000000000000000e+00 1.000000000000000000e+00
1.716201590889521837e+09 -5.100972652435302734e+00 -1.215207767486572443e+01 -5.455117225646972656e-01 0.000000000000000000e+00 0.000000000000000000e+00 0.000000000000000000e+00 1.000000000000000000e+00
1.716201590940905571e+09 -5.111835956573486328e+00 -1.214459800720214844e+01 -5.366399288177490234e-01 0.000000000000000000e+00 0.000000000000000000e+00 0.000000000000000000e+00 1.000000000000000000e+00
1.716201590989943027e+09 -5.120433807373046875e+00 -1.213683128356933594e+01 -5.285207033157348633e-01 0.000000000000000000e+00 0.000000000000000000e+00 0.000000000000000000e+00 1.000000000000000000e+00
1.716201591040963888e+09 -5.127829551696777344e+00 -1.212746715545654475e+01 -5.197721719741821289e-01 0.000000000000000000e+00 0.000000000000000000e+00 0.000000000000000000e+00 1.000000000000000000e+00
1.716201591090332508e+09 -5.130523204803466797e+00 -1.211038494110107422e+01 -5.098642110824584961e-01 0.000000000000000000e+00 0.000000000000000000e+00 0.000000000000000000e+00 1.000000000000000000e+00
1.716201591140912056e+09 -5.136436462402343750e+00 -1.208930110931396484e+01 -4.891085028648375910e-01 0.000000000000000000e+00 0.000000000000000000e+00 0.000000000000000000e+00 1.000000000000000000e+00
1.716201591240848064e+09 -5.135818004608154297e+00 -1.207726669311523438e+01 -4.768865704536437988e-01 0.000000000000000000e+00 0.000000000000000000e+00 0.000000000000000000e+00 1.000000000000000000e+00
1.716201591291800499e+09 -5.133644104003906250e+00 -1.206597709655761541e+01 -4.640918076038360041e-01 0.000000000000000000e+00 0.000000000000000000e+00 0.000000000000000000e+00 1.000000000000000000e+00
1.716201591341976881e+09 -5.129671573638916016e+00 -1.205340480804443359e+01 -4.502947032451629084e-01 0.000000000000000000e+00 0.000000000000000000e+00 0.000000000000000000e+00 1.000000000000000000e+00
1.716201591391666174e+09 -5.109707832336425781e+00 -1.200755405426025391e+01 -4.190944731235504150e-01 0.000000000000000000e+00 0.000000000000000000e+00 0.000000000000000000e+00 1.000000000000000000e+00
1.716201591592112780e+09 -5.072063446044921875e+00 -1.194049930572509766e+01 -3.746464252471923828e-01 0.000000000000000000e+00 0.000000000000000000e+00 0.000000000000000000e+00 1.000000000000000000e+00
1.716201591642158985e+09 -5.060719013214111328e+00 -1.192304611206054865e+01 -3.625594675540924072e-01 0.000000000000000000e+00 0.000000000000000000e+00 0.000000000000000000e+00 1.000000000000000000e+00
1.716201591692193270e+09 -5.034371852874755859e+00 -1.188282775878906250e+01 -3.400667309761046808e-01 0.000000000000000000e+00 0.000000000000000000e+00 0.000000000000000000e+00 1.000000000000000000e+00
1.716201591792602539e+09 -5.011130332946777344e+00 -1.183874416351318359e+01 -3.269555270671843927e-01 0.000000000000000000e+00 0.000000000000000000e+00 0.000000000000000000e+00 1.000000000000000000e+00
1.716201591842813969e+09 -4.998137474060058594e+00 -1.181815147399902344e+01 -3.182828128337860107e-01 0.000000000000000000e+00 0.000000000000000000e+00 0.000000000000000000e+00 1.000000000000000000e+00
1.716201591892966747e+09 -4.973718643188476562e+00 -1.177378273010254084e+01 -3.030431568622589111e-01 0.000000000000000000e+00 0.000000000000000000e+00 0.000000000000000000e+00 1.000000000000000000e+00
1.716201591993267059e+09 -4.962934970855712891e+00 -1.175186824798583984e+01 -2.968816161155700128e-01 0.000000000000000000e+00 0.000000000000000000e+00 0.000000000000000000e+00 1.000000000000000000e+00
1.716201592044705629e+09 -4.933403015136718750e+00 -1.167987060546875000e+01 -2.828963994979857843e-01 0.000000000000000000e+00 0.000000000000000000e+00 0.000000000000000000e+00 1.000000000000000000e+00
1.716201592093596458e+09 -4.923899173736572266e+00 -1.165492439270019531e+01 -2.787165343761444092e-01 0.000000000000000000e+00 0.000000000000000000e+00 0.000000000000000000e+00 1.000000000000000000e+00
1.716201592193950176e+09 -4.904797077178955078e+00 -1.160705471038818359e+01 -2.717349231243132990e-01 0.000000000000000000e+00 0.000000000000000000e+00 0.000000000000000000e+00 1.000000000000000000e+00
1.716201592244095802e+09 -4.896694183349609375e+00 -1.158342647552490234e+01 -2.694198489189147949e-01 0.000000000000000000e+00 0.000000000000000000e+00 0.000000000000000000e+00 1.000000000000000000e+00
1.716201592294221878e+09 -4.890078544616699219e+00 -1.156018829345703125e+01 -2.676144838333129883e-01 0.000000000000000000e+00 0.000000000000000000e+00 0.000000000000000000e+00 1.000000000000000000e+00
1.716201592545197487e+09 -4.869129180908203125e+00 -1.139797592163085938e+01 -2.744525372982025146e-01 0.000000000000000000e+00 0.000000000000000000e+00 0.000000000000000000e+00 1.000000000000000000e+00
1.716201592595319033e+09 -4.868978500366210938e+00 -1.137521934509277166e+01 -2.799664735794066828e-01 0.000000000000000000e+00 0.000000000000000000e+00 0.000000000000000000e+00 1.000000000000000000e+00
1.716201592745709658e+09 -4.864631175994873047e+00 -1.129733943939208984e+01 -2.978376150131225031e-01 0.000000000000000000e+00 0.000000000000000000e+00 0.000000000000000000e+00 1.000000000000000000e+00
1.716201592795871973e+09 -4.867107868194580078e+00 -1.127852821350097656e+01 -3.056872189044951837e-01 0.000000000000000000e+00 0.000000000000000000e+00 0.000000000000000000e+00 1.000000000000000000e+00
1.716201592896219492e+09 -4.863511085510253906e+00 -1.124393081665039062e+01 -3.114998638629912775e-01 0.000000000000000000e+00 0.000000000000000000e+00 0.000000000000000000e+00 1.000000000000000000e+00
1.716201592996709108e+09 -4.867060184478759766e+00 -1.118554687500000000e+01 -3.360910117626190186e-01 0.000000000000000000e+00 0.000000000000000000e+00 0.000000000000000000e+00 1.000000000000000000e+00
1.716201593096993208e+09 -4.861366748809815341e+00 -1.115403556823730469e+01 -3.416647315025329035e-01 0.000000000000000000e+00 0.000000000000000000e+00 0.000000000000000000e+00 1.000000000000000000e+00
1.716201593148302555e+09 -4.863375186920166016e+00 -1.112016010284423828e+01 -3.544711768627166748e-01 0.000000000000000000e+00 0.000000000000000000e+00 0.000000000000000000e+00 1.000000000000000000e+00
1.716201593247907400e+09 -4.859679698944091797e+00 -1.108907127380371271e+01 -3.586340844631195068e-01 0.000000000000000000e+00 0.000000000000000000e+00 0.000000000000000000e+00 1.000000000000000000e+00
1.716201593298118830e+09 -4.859725952148437500e+00 -1.105313491821289062e+01 -3.686580955982208252e-01 0.000000000000000000e+00 0.000000000000000000e+00 0.000000000000000000e+00 1.000000000000000000e+00
1.716201593347873688e+09 -4.858304023742675781e+00 -1.103538703918457031e+01 -3.727707266807556152e-01 0.000000000000000000e+00 0.000000000000000000e+00 0.000000000000000000e+00 1.000000000000000000e+00
1.716201593398073196e+09 -4.856377124786376953e+00 -1.101785373687743963e+01 -3.768878579139708918e-01 0.000000000000000000e+00 0.000000000000000000e+00 0.000000000000000000e+00 1.000000000000000000e+00
1.716201593448228121e+09 -4.853524208068847656e+00 -1.099867248535156250e+01 -3.800480067729949951e-01 0.000000000000000000e+00 0.000000000000000000e+00 0.000000000000000000e+00 1.000000000000000000e+00
1.716201593498395205e+09 -4.843416690826416016e+00 -1.096429347991943359e+01 -3.807877898216247003e-01 0.000000000000000000e+00 0.000000000000000000e+00 0.000000000000000000e+00 1.000000000000000000e+00
1.716201593548567295e+09 -4.839830398559570312e+00 -1.094542694091796875e+01 -3.839386999607086182e-01 0.000000000000000000e+00 0.000000000000000000e+00 0.000000000000000000e+00 1.000000000000000000e+00
1.716201593598783016e+09 -4.835532188415527344e+00 -1.092575168609619141e+01 -3.871539235115051270e-01 0.000000000000000000e+00 0.000000000000000000e+00 0.000000000000000000e+00 1.000000000000000000e+00
1.716201593649783373e+09 -4.830848693847656250e+00 -1.090627193450927557e+01 -3.902018368244171143e-01 0.000000000000000000e+00 0.000000000000000000e+00 0.000000000000000000e+00 1.000000000000000000e+00
1.716201593749358177e+09 -4.812586784362792969e+00 -1.085070705413818359e+01 -3.933652043342589777e-01 0.000000000000000000e+00 0.000000000000000000e+00 0.000000000000000000e+00 1.000000000000000000e+00
1.716201593799629927e+09 -4.806546688079833984e+00 -1.082969570159911932e+01 -3.958604037761688232e-01 0.000000000000000000e+00 0.000000000000000000e+00 0.000000000000000000e+00 1.000000000000000000e+00
1.716201593849565029e+09 -4.800917148590087891e+00 -1.080854988098144354e+01 -3.980585634708403986e-01 0.000000000000000000e+00 0.000000000000000000e+00 0.000000000000000000e+00 1.000000000000000000e+00
1.716201593899696827e+09 -4.787045478820800781e+00 -1.076737499237060369e+01 -3.963012993335723877e-01 0.000000000000000000e+00 0.000000000000000000e+00 0.000000000000000000e+00 1.000000000000000000e+00
1.716201593950048685e+09 -4.781538963317871094e+00 -1.074529075622558594e+01 -3.971653580665587824e-01 0.000000000000000000e+00 0.000000000000000000e+00 0.000000000000000000e+00 1.000000000000000000e+00
1.716201593999959707e+09 -4.777007579803466797e+00 -1.072280693054199219e+01 -3.978174030780792236e-01 0.000000000000000000e+00 0.000000000000000000e+00 0.000000000000000000e+00 1.000000000000000000e+00
1.716201594050744295e+09 -4.772196292877197266e+00 -1.070041751861572443e+01 -3.986196517944335938e-01 0.000000000000000000e+00 0.000000000000000000e+00 0.000000000000000000e+00 1.000000000000000000e+00
1.716201594100081682e+09 -4.757636070251464844e+00 -1.065644073486327947e+01 -3.955263495445250910e-01 0.000000000000000000e+00 0.000000000000000000e+00 0.000000000000000000e+00 1.000000000000000000e+00
1.716201594151255608e+09 -4.753378391265869141e+00 -1.063388061523437678e+01 -3.958503603935241144e-01 0.000000000000000000e+00 0.000000000000000000e+00 0.000000000000000000e+00 1.000000000000000000e+00
1.716201594200382233e+09 -4.749849796295166016e+00 -1.060985374450683594e+01 -3.963247239589691162e-01 0.000000000000000000e+00 0.000000000000000000e+00 0.000000000000000000e+00 1.000000000000000000e+00
1.716201594250535011e+09 -4.747233867645263672e+00 -1.058538341522216797e+01 -3.969586193561553955e-01 0.000000000000000000e+00 0.000000000000000000e+00 0.000000000000000000e+00 1.000000000000000000e+00
1.716201594351292610e+09 -4.736331462860107422e+00 -1.054087543487548828e+01 -3.937638401985167902e-01 0.000000000000000000e+00 0.000000000000000000e+00 0.000000000000000000e+00 1.000000000000000000e+00
1.716201594402114868e+09 -4.736243247985839844e+00 -1.049202537536621271e+01 -3.937710523605346125e-01 0.000000000000000000e+00 0.000000000000000000e+00 0.000000000000000000e+00 1.000000000000000000e+00
1.716201594451925278e+09 -4.736588478088378906e+00 -1.046735095977783203e+01 -3.940886259078978937e-01 0.000000000000000000e+00 0.000000000000000000e+00 0.000000000000000000e+00 1.000000000000000000e+00
1.716201594502124071e+09 -4.736814975738525391e+00 -1.044163227081298828e+01 -3.942625224590300959e-01 0.000000000000000000e+00 0.000000000000000000e+00 0.000000000000000000e+00 1.000000000000000000e+00
1.716201594602786779e+09 -4.726831436157226562e+00 -1.039337444305419922e+01 -3.907651305198668878e-01 0.000000000000000000e+00 0.000000000000000000e+00 0.000000000000000000e+00 1.000000000000000000e+00
1.716201594653264999e+09 -4.728479862213134766e+00 -1.034220218658447266e+01 -3.924291729927062988e-01 0.000000000000000000e+00 0.000000000000000000e+00 0.000000000000000000e+00 1.000000000000000000e+00
1.716201594703683615e+09 -4.730537891387940341e+00 -1.031543636322021662e+01 -3.934510052204132080e-01 0.000000000000000000e+00 0.000000000000000000e+00 0.000000000000000000e+00 1.000000000000000000e+00
1.716201594803914070e+09 -4.722142219543457031e+00 -1.026851367950439631e+01 -3.905520439147949219e-01 0.000000000000000000e+00 0.000000000000000000e+00 0.000000000000000000e+00 1.000000000000000000e+00
1.716201594853499413e+09 -4.723828315734863281e+00 -1.021488571166992188e+01 -3.926669359207152765e-01 0.000000000000000000e+00 0.000000000000000000e+00 0.000000000000000000e+00 1.000000000000000000e+00
1.716201594904442787e+09 -4.724317550659179688e+00 -1.018881511688232422e+01 -3.934758007526397150e-01 0.000000000000000000e+00 0.000000000000000000e+00 0.000000000000000000e+00 1.000000000000000000e+00
1.716201594953740597e+09 -4.715583801269531250e+00 -1.014427185058593750e+01 -3.902978897094726007e-01 0.000000000000000000e+00 0.000000000000000000e+00 0.000000000000000000e+00 1.000000000000000000e+00
1.716201595004105568e+09 -4.716095447540283203e+00 -1.011926841735839844e+01 -3.911721706390380859e-01 0.000000000000000000e+00 0.000000000000000000e+00 0.000000000000000000e+00 1.000000000000000000e+00
1.716201595054027081e+09 -4.716286182403564453e+00 -1.009438705444335938e+01 -3.921226561069487970e-01 0.000000000000000000e+00 0.000000000000000000e+00 0.000000000000000000e+00 1.000000000000000000e+00
1.716201595104749680e+09 -4.715365886688232422e+00 -1.006897354125976562e+01 -3.926341235637664795e-01 0.000000000000000000e+00 0.000000000000000000e+00 0.000000000000000000e+00 1.000000000000000000e+00
1.716201595155862093e+09 -4.713509082794189453e+00 -1.004402065277099609e+01 -3.929682075977324884e-01 0.000000000000000000e+00 0.000000000000000000e+00 0.000000000000000000e+00 1.000000000000000000e+00
1.716201595255134106e+09 -4.701071739196777344e+00 -9.997778892517089844e+00 -3.898666203022003174e-01 0.000000000000000000e+00 0.000000000000000000e+00 0.000000000000000000e+00 1.000000000000000000e+00
1.716201595305361986e+09 -4.693625926971436435e+00 -9.948239326477050781e+00 -3.917395472526549738e-01 0.000000000000000000e+00 0.000000000000000000e+00 0.000000000000000000e+00 1.000000000000000000e+00
1.716201595355534315e+09 -4.689365386962890625e+00 -9.924237251281738281e+00 -3.928683698177337091e-01 0.000000000000000000e+00 0.000000000000000000e+00 0.000000000000000000e+00 1.000000000000000000e+00
1.716201595456270933e+09 -4.674311637878417969e+00 -9.879137992858888495e+00 -3.900849223136901855e-01 0.000000000000000000e+00 0.000000000000000000e+00 0.000000000000000000e+00 1.000000000000000000e+00
1.716201595506694794e+09 -4.662221908569335938e+00 -9.831436157226562500e+00 -3.935677707195281982e-01 0.000000000000000000e+00 0.000000000000000000e+00 0.000000000000000000e+00 1.000000000000000000e+00
1.716201595556576967e+09 -4.654922962188720703e+00 -9.807647705078123224e+00 -3.951192498207091730e-01 0.000000000000000000e+00 0.000000000000000000e+00 0.000000000000000000e+00 1.000000000000000000e+00
1.716201595656939030e+09 -4.636920928955078125e+00 -9.760489463806152344e+00 -3.926819562911986750e-01 0.000000000000000000e+00 0.000000000000000000e+00 0.000000000000000000e+00 1.000000000000000000e+00
1.716201595707157850e+09 -4.621950626373291016e+00 -9.711648941040040839e+00 -3.972849547863006037e-01 0.000000000000000000e+00 0.000000000000000000e+00 0.000000000000000000e+00 1.000000000000000000e+00
1.716201595757268429e+09 -4.614377975463867188e+00 -9.685586929321287286e+00 -3.995278179645537775e-01 0.000000000000000000e+00 0.000000000000000000e+00 0.000000000000000000e+00 1.000000000000000000e+00
1.716201595807401657e+09 -4.608035564422607422e+00 -9.659877777099609375e+00 -4.026803374290465753e-01 0.000000000000000000e+00 0.000000000000000000e+00 0.000000000000000000e+00 1.000000000000000000e+00
1.716201595908441544e+09 -4.584722518920898438e+00 -9.584818840026855469e+00 -4.060780704021453857e-01 0.000000000000000000e+00 0.000000000000000000e+00 0.000000000000000000e+00 1.000000000000000000e+00
1.716201595958554983e+09 -4.579110145568847656e+00 -9.559543609619140625e+00 -4.108196794986724854e-01 0.000000000000000000e+00 0.000000000000000000e+00 0.000000000000000000e+00 1.000000000000000000e+00
1.716201596009552717e+09 -4.572558403015136719e+00 -9.533576965332031250e+00 -4.155793488025664728e-01 0.000000000000000000e+00 0.000000000000000000e+00 0.000000000000000000e+00 1.000000000000000000e+00
1.716201596109308004e+09 -4.553169250488281250e+00 -9.480927467346191406e+00 -4.154334664344787043e-01 0.000000000000000000e+00 0.000000000000000000e+00 0.000000000000000000e+00 1.000000000000000000e+00
1.716201596159207106e+09 -4.537646293640136719e+00 -9.424135208129884589e+00 -4.265421330928801935e-01 0.000000000000000000e+00 0.000000000000000000e+00 0.000000000000000000e+00 1.000000000000000000e+00
1.716201596209492445e+09 -4.528824806213378906e+00 -9.395534515380859375e+00 -4.327283203601837158e-01 0.000000000000000000e+00 0.000000000000000000e+00 0.000000000000000000e+00 1.000000000000000000e+00
1.716201596259600878e+09 -4.518937587738037109e+00 -9.367620468139648438e+00 -4.379942715167999268e-01 0.000000000000000000e+00 0.000000000000000000e+00 0.000000000000000000e+00 1.000000000000000000e+00
1.716201596359993458e+09 -4.497785568237304688e+00 -9.314052581787109375e+00 -4.406187236309050959e-01 0.000000000000000000e+00 0.000000000000000000e+00 0.000000000000000000e+00 1.000000000000000000e+00
1.716201596410179615e+09 -4.480636596679688388e+00 -9.259297370910644531e+00 -4.558258652687072754e-01 0.000000000000000000e+00 0.000000000000000000e+00 0.000000000000000000e+00 1.000000000000000000e+00
1.716201596460643291e+09 -4.471238613128662109e+00 -9.230353355407716620e+00 -4.645718932151793878e-01 0.000000000000000000e+00 0.000000000000000000e+00 0.000000000000000000e+00 1.000000000000000000e+00
1.716201596510572910e+09 -4.452157020568847656e+00 -9.179712295532228339e+00 -4.696105122566223145e-01 0.000000000000000000e+00 0.000000000000000000e+00 0.000000000000000000e+00 1.000000000000000000e+00
1.716201596560639143e+09 -4.444403648376464844e+00 -9.151732444763183594e+00 -4.804654121398925781e-01 0.000000000000000000e+00 0.000000000000000000e+00 0.000000000000000000e+00 1.000000000000000000e+00
1.716201596661464691e+09 -4.428716659545898438e+00 -9.094333648681640625e+00 -5.035466551780700684e-01 0.000000000000000000e+00 0.000000000000000000e+00 0.000000000000000000e+00 1.000000000000000000e+00
1.716201596711610556e+09 -4.420294284820556641e+00 -9.065189361572265625e+00 -5.155771374702453613e-01 0.000000000000000000e+00 0.000000000000000000e+00 0.000000000000000000e+00 1.000000000000000000e+00
1.716201596761840343e+09 -4.400330543518066406e+00 -9.014396667480468750e+00 -5.225521326065063477e-01 0.000000000000000000e+00 0.000000000000000000e+00 0.000000000000000000e+00 1.000000000000000000e+00
1.716201596862194061e+09 -4.383492946624755859e+00 -8.960019111633300781e+00 -5.485746860504150391e-01 0.000000000000000000e+00 0.000000000000000000e+00 0.000000000000000000e+00 1.000000000000000000e+00
1.716201596912395716e+09 -4.376486778259277344e+00 -8.931991577148437500e+00 -5.619704127311706543e-01 0.000000000000000000e+00 0.000000000000000000e+00 0.000000000000000000e+00 1.000000000000000000e+00
1.716201597012785912e+09 -4.358994960784912109e+00 -8.880704879760742188e+00 -5.700934529304504395e-01 0.000000000000000000e+00 0.000000000000000000e+00 0.000000000000000000e+00 1.000000000000000000e+00
1.716201597063020468e+09 -4.346783161163330078e+00 -8.825718879699707031e+00 -5.973085761070251465e-01 0.000000000000000000e+00 0.000000000000000000e+00 0.000000000000000000e+00 1.000000000000000000e+00
1.716201597113389254e+09 -4.340201377868652344e+00 -8.799623489379882812e+00 -6.105356812477111816e-01 0.000000000000000000e+00 0.000000000000000000e+00 0.000000000000000000e+00 1.000000000000000000e+00
1.716201597214608192e+09 -4.316252231597900391e+00 -8.726881980895996094e+00 -6.302077174186706543e-01 0.000000000000000000e+00 0.000000000000000000e+00 0.000000000000000000e+00 1.000000000000000000e+00
1.716201597264290094e+09 -4.309759616851806641e+00 -8.699716567993164062e+00 -6.424471139907836914e-01 0.000000000000000000e+00 0.000000000000000000e+00 0.000000000000000000e+00 1.000000000000000000e+00
1.716201597314515352e+09 -4.305084228515625000e+00 -8.672814369201660156e+00 -6.544308662414550781e-01 0.000000000000000000e+00 0.000000000000000000e+00 0.000000000000000000e+00 1.000000000000000000e+00
1.716201597364644289e+09 -4.300430297851562500e+00 -8.645049095153808594e+00 -6.650739908218383789e-01 0.000000000000000000e+00 0.000000000000000000e+00 0.000000000000000000e+00 1.000000000000000000e+00
1.716201597415162563e+09 -4.285499572753906250e+00 -8.597318649291992188e+00 -6.705753803253173828e-01 0.000000000000000000e+00 0.000000000000000000e+00 0.000000000000000000e+00 1.000000000000000000e+00
1.716201597465481281e+09 -4.281338691711425781e+00 -8.571703910827636719e+00 -6.804967522621154785e-01 0.000000000000000000e+00 0.000000000000000000e+00 0.000000000000000000e+00 1.000000000000000000e+00
1.716201597515551090e+09 -4.276937007904052734e+00 -8.547338485717773438e+00 -6.903564929962158203e-01 0.000000000000000000e+00 0.000000000000000000e+00 0.000000000000000000e+00 1.000000000000000000e+00
1.716201597565741539e+09 -4.271018028259277344e+00 -8.521731376647949219e+00 -6.989482045173645020e-01 0.000000000000000000e+00 0.000000000000000000e+00 0.000000000000000000e+00 1.000000000000000000e+00
1.716201597615907669e+09 -4.254206180572509766e+00 -8.475647926330566406e+00 -7.011711597442626953e-01 0.000000000000000000e+00 0.000000000000000000e+00 0.000000000000000000e+00 1.000000000000000000e+00
1.716201597665915251e+09 -4.246849536895751953e+00 -8.451242446899414062e+00 -7.077081799507141113e-01 0.000000000000000000e+00 0.000000000000000000e+00 0.000000000000000000e+00 1.000000000000000000e+00
1.716201597716205835e+09 -4.238714218139648438e+00 -8.428504943847656250e+00 -7.136808633804321289e-01 0.000000000000000000e+00 0.000000000000000000e+00 0.000000000000000000e+00 1.000000000000000000e+00
1.716201597768117666e+09 -4.229538440704345703e+00 -8.406520843505859375e+00 -7.187122702598571777e-01 0.000000000000000000e+00 0.000000000000000000e+00 0.000000000000000000e+00 1.000000000000000000e+00
1.716201597816685677e+09 -4.208458900451660156e+00 -8.364897727966308594e+00 -7.162048220634460449e-01 0.000000000000000000e+00 0.000000000000000000e+00 0.000000000000000000e+00 1.000000000000000000e+00
1.716201597866761684e+09 -4.196796417236328125e+00 -8.343665122985839844e+00 -7.186813354492187500e-01 0.000000000000000000e+00 0.000000000000000000e+00 0.000000000000000000e+00 1.000000000000000000e+00
1.716201597917179585e+09 -4.184892177581787109e+00 -8.322732925415039062e+00 -7.204577326774597168e-01 0.000000000000000000e+00 0.000000000000000000e+00 0.000000000000000000e+00 1.000000000000000000e+00
1.716201597967308998e+09 -4.171873092651367188e+00 -8.301683425903320312e+00 -7.204213142395019531e-01 0.000000000000000000e+00 0.000000000000000000e+00 0.000000000000000000e+00 1.000000000000000000e+00
1.716201598017495155e+09 -4.148446559906005859e+00 -8.261031150817871094e+00 -7.142619490623474121e-01 0.000000000000000000e+00 0.000000000000000000e+00 0.000000000000000000e+00 1.000000000000000000e+00
1.716201598067664146e+09 -4.134887218475341797e+00 -8.241671562194824219e+00 -7.131868004798889160e-01 0.000000000000000000e+00 0.000000000000000000e+00 0.000000000000000000e+00 1.000000000000000000e+00
1.716201598117836714e+09 -4.120480537414550781e+00 -8.222942352294921875e+00 -7.113256454467773438e-01 0.000000000000000000e+00 0.000000000000000000e+00 0.000000000000000000e+00 1.000000000000000000e+00
1.716201598168978930e+09 -4.104092597961425781e+00 -8.204274177551269531e+00 -7.086315155029296875e-01 0.000000000000000000e+00 0.000000000000000000e+00 0.000000000000000000e+00 1.000000000000000000e+00
1.716201598218197107e+09 -4.088026046752929688e+00 -8.187856674194335938e+00 -7.054884433746337891e-01 0.000000000000000000e+00 0.000000000000000000e+00 0.000000000000000000e+00 1.000000000000000000e+00
1.716201598270151138e+09 -4.060763359069824219e+00 -8.152074813842773438e+00 -6.967884302139282227e-01 0.000000000000000000e+00 0.000000000000000000e+00 0.000000000000000000e+00 1.000000000000000000e+00
1.716201598318802118e+09 -4.043044567108154297e+00 -8.137736320495605469e+00 -6.931793689727783203e-01 0.000000000000000000e+00 0.000000000000000000e+00 0.000000000000000000e+00 1.000000000000000000e+00
1.716201598419118881e+09 -4.005187988281250000e+00 -8.109577178955078125e+00 -6.840846538543701172e-01 0.000000000000000000e+00 0.000000000000000000e+00 0.000000000000000000e+00 1.000000000000000000e+00
1.716201598469217539e+09 -3.984801769256591797e+00 -8.097106933593750000e+00 -6.782605051994323730e-01 0.000000000000000000e+00 0.000000000000000000e+00 0.000000000000000000e+00 1.000000000000000000e+00
1.716201598577313900e+09 -3.955152034759521484e+00 -8.066588401794433594e+00 -6.668871641159057617e-01 0.000000000000000000e+00 0.000000000000000000e+00 0.000000000000000000e+00 1.000000000000000000e+00
1.716201598620009899e+09 -3.915519475936889648e+00 -8.043285369873046875e+00 -6.552039980888366699e-01 0.000000000000000000e+00 0.000000000000000000e+00 0.000000000000000000e+00 1.000000000000000000e+00
1.716201598670128822e+09 -3.894930601119995117e+00 -8.031130790710449219e+00 -6.482515931129455566e-01 0.000000000000000000e+00 0.000000000000000000e+00 0.000000000000000000e+00 1.000000000000000000e+00
1.716201598770409584e+09 -3.865893125534057617e+00 -8.002235412597656250e+00 -6.379299163818359375e-01 0.000000000000000000e+00 0.000000000000000000e+00 0.000000000000000000e+00 1.000000000000000000e+00
1.716201598820916414e+09 -3.825321912765502930e+00 -7.980539321899414062e+00 -6.298654675483703613e-01 0.000000000000000000e+00 0.000000000000000000e+00 0.000000000000000000e+00 1.000000000000000000e+00
1.716201598870699167e+09 -3.804280519485473633e+00 -7.969658374786376953e+00 -6.271924376487731934e-01 0.000000000000000000e+00 0.000000000000000000e+00 0.000000000000000000e+00 1.000000000000000000e+00
1.716201598970953226e+09 -3.776033401489257812e+00 -7.943708419799804688e+00 -6.211761236190795898e-01 0.000000000000000000e+00 0.000000000000000000e+00 0.000000000000000000e+00 1.000000000000000000e+00
1.716201599021188021e+09 -3.755439758300780806e+00 -7.933170318603515625e+00 -6.205076575279235840e-01 0.000000000000000000e+00 0.000000000000000000e+00 0.000000000000000000e+00 1.000000000000000000e+00
1.716201599071459055e+09 -3.736239671707152876e+00 -7.924129486083984375e+00 -6.201888918876647949e-01 0.000000000000000000e+00 0.000000000000000000e+00 0.000000000000000000e+00 1.000000000000000000e+00
1.716201599121676207e+09 -3.695935487747191939e+00 -7.904290676116943359e+00 -6.249595284461975098e-01 0.000000000000000000e+00 0.000000000000000000e+00 0.000000000000000000e+00 1.000000000000000000e+00
1.716201599222082615e+09 -3.654016256332397461e+00 -7.874641895294188565e+00 -6.305832266807556152e-01 0.000000000000000000e+00 0.000000000000000000e+00 0.000000000000000000e+00 1.000000000000000000e+00
1.716201599324121237e+09 -3.619936704635620117e+00 -7.858231067657470703e+00 -6.447510719299316406e-01 0.000000000000000000e+00 0.000000000000000000e+00 0.000000000000000000e+00 1.000000000000000000e+00
1.716201599372468233e+09 -3.603501558303833008e+00 -7.850909709930419922e+00 -6.536411643028259277e-01 0.000000000000000000e+00 0.000000000000000000e+00 0.000000000000000000e+00 1.000000000000000000e+00
1.716201599472820282e+09 -3.583493947982788086e+00 -7.835453987121582031e+00 -6.608274579048156738e-01 0.000000000000000000e+00 0.000000000000000000e+00 0.000000000000000000e+00 1.000000000000000000e+00
1.716201599522900820e+09 -3.551895380020141602e+00 -7.824557304382324219e+00 -6.827967166900634766e-01 0.000000000000000000e+00 0.000000000000000000e+00 0.000000000000000000e+00 1.000000000000000000e+00
1.716201599573081255e+09 -3.536251306533813032e+00 -7.820477485656738281e+00 -6.944877505302429199e-01 0.000000000000000000e+00 0.000000000000000000e+00 0.000000000000000000e+00 1.000000000000000000e+00
1.716201599673403740e+09 -3.517510175704956055e+00 -7.810161590576171875e+00 -7.049760222434997559e-01 0.000000000000000000e+00 0.000000000000000000e+00 0.000000000000000000e+00 1.000000000000000000e+00
1.716201599723700285e+09 -3.486474514007568359e+00 -7.802663326263427734e+00 -7.288226485252380371e-01 0.000000000000000000e+00 0.000000000000000000e+00 0.000000000000000000e+00 1.000000000000000000e+00
1.716201599773773193e+09 -3.471722602844238281e+00 -7.800191879272460938e+00 -7.407794594764709473e-01 0.000000000000000000e+00 0.000000000000000000e+00 0.000000000000000000e+00 1.000000000000000000e+00
1.716201599874554396e+09 -3.439314842224121094e+00 -7.789729595184326172e+00 -7.603738903999328613e-01 0.000000000000000000e+00 0.000000000000000000e+00 0.000000000000000000e+00 1.000000000000000000e+00
1.716201599924813509e+09 -3.424292325973510742e+00 -7.787017822265625000e+00 -7.692226171493530273e-01 0.000000000000000000e+00 0.000000000000000000e+00 0.000000000000000000e+00 1.000000000000000000e+00
1.716201599974543810e+09 -3.408016920089721680e+00 -7.783743381500244141e+00 -7.778860926628112793e-01 0.000000000000000000e+00 0.000000000000000000e+00 0.000000000000000000e+00 1.000000000000000000e+00
1.716201600074934483e+09 -3.372121334075928178e+00 -7.771700382232666016e+00 -7.915490269660949707e-01 0.000000000000000000e+00 0.000000000000000000e+00 0.000000000000000000e+00 1.000000000000000000e+00
1.716201600125138283e+09 -3.354855775833129883e+00 -7.769249439239501953e+00 -7.984700798988342285e-01 0.000000000000000000e+00 0.000000000000000000e+00 0.000000000000000000e+00 1.000000000000000000e+00
1.716201600175266981e+09 -3.336350679397583008e+00 -7.766448497772216797e+00 -8.044258356094360352e-01 0.000000000000000000e+00 0.000000000000000000e+00 0.000000000000000000e+00 1.000000000000000000e+00
1.716201600275423288e+09 -3.293164968490600586e+00 -7.752432346343994141e+00 -8.113587498664855957e-01 0.000000000000000000e+00 0.000000000000000000e+00 0.000000000000000000e+00 1.000000000000000000e+00
1.716201600325831890e+09 -3.272536039352416992e+00 -7.749087810516357422e+00 -8.141511678695678711e-01 0.000000000000000000e+00 0.000000000000000000e+00 0.000000000000000000e+00 1.000000000000000000e+00
1.716201600375921011e+09 -3.251235246658325195e+00 -7.744213581085205078e+00 -8.153211474418640137e-01 0.000000000000000000e+00 0.000000000000000000e+00 0.000000000000000000e+00 1.000000000000000000e+00
1.716201600426292181e+09 -3.224702119827270508e+00 -7.726061344146727627e+00 -8.116588592529296875e-01 0.000000000000000000e+00 0.000000000000000000e+00 0.000000000000000000e+00 1.000000000000000000e+00
1.716201600476347446e+09 -3.203027248382568359e+00 -7.718587398529052734e+00 -8.104739189147949219e-01 0.000000000000000000e+00 0.000000000000000000e+00 0.000000000000000000e+00 1.000000000000000000e+00
1.716201600526445389e+09 -3.180454254150390181e+00 -7.710566043853759766e+00 -8.084722161293029785e-01 0.000000000000000000e+00 0.000000000000000000e+00 0.000000000000000000e+00 1.000000000000000000e+00
1.716201600576693773e+09 -3.158454179763793945e+00 -7.702596664428710938e+00 -8.053633570671081543e-01 0.000000000000000000e+00 0.000000000000000000e+00 0.000000000000000000e+00 1.000000000000000000e+00
1.716201600626970530e+09 -3.129664182662963867e+00 -7.678612709045410156e+00 -7.974840402603149414e-01 0.000000000000000000e+00 0.000000000000000000e+00 0.000000000000000000e+00 1.000000000000000000e+00
1.716201600677041769e+09 -3.108702421188354492e+00 -7.668271064758300781e+00 -7.931417226791381836e-01 0.000000000000000000e+00 0.000000000000000000e+00 0.000000000000000000e+00 1.000000000000000000e+00
1.716201600727313757e+09 -3.087699174880981001e+00 -7.656958103179931641e+00 -7.882542610168457031e-01 0.000000000000000000e+00 0.000000000000000000e+00 0.000000000000000000e+00 1.000000000000000000e+00
1.716201600827550173e+09 -3.050366878509521040e+00 -7.634897708892822266e+00 -7.774980664253234863e-01 0.000000000000000000e+00 0.000000000000000000e+00 0.000000000000000000e+00 1.000000000000000000e+00
1.716201600877626657e+09 -3.031777381896972656e+00 -7.623011589050292969e+00 -7.710206508636474609e-01 0.000000000000000000e+00 0.000000000000000000e+00 0.000000000000000000e+00 1.000000000000000000e+00
1.716201600977978945e+09 -3.007132053375244141e+00 -7.596117973327636719e+00 -7.591996192932128906e-01 0.000000000000000000e+00 0.000000000000000000e+00 0.000000000000000000e+00 1.000000000000000000e+00
1.716201601028138638e+09 -2.968307495117187500e+00 -7.568575859069824219e+00 -7.419396638870239258e-01 0.000000000000000000e+00 0.000000000000000000e+00 0.000000000000000000e+00 1.000000000000000000e+00
1.716201601078146458e+09 -2.950167655944824219e+00 -7.553858757019042969e+00 -7.328243255615234375e-01 0.000000000000000000e+00 0.000000000000000000e+00 0.000000000000000000e+00 1.000000000000000000e+00
1.716201601178648233e+09 -2.926547527313232422e+00 -7.521586418151854581e+00 -7.187054753303527832e-01 0.000000000000000000e+00 0.000000000000000000e+00 0.000000000000000000e+00 1.000000000000000000e+00
1.716201601228837013e+09 -2.896894693374633789e+00 -7.493083000183105469e+00 -6.996123790740966797e-01 0.000000000000000000e+00 0.000000000000000000e+00 0.000000000000000000e+00 1.000000000000000000e+00
1.716201601278853416e+09 -2.882661342620849609e+00 -7.478199481964111328e+00 -6.894756555557250977e-01 0.000000000000000000e+00 0.000000000000000000e+00 0.000000000000000000e+00 1.000000000000000000e+00
1.716201601381202936e+09 -2.862037897109985352e+00 -7.446290493011474609e+00 -6.737617254257202148e-01 0.000000000000000000e+00 0.000000000000000000e+00 0.000000000000000000e+00 1.000000000000000000e+00
1.716201601430125713e+09 -2.836005926132202148e+00 -7.417330265045166016e+00 -6.510992050170898438e-01 0.000000000000000000e+00 0.000000000000000000e+00 0.000000000000000000e+00 1.000000000000000000e+00
1.716201601480235577e+09 -2.823913335800170898e+00 -7.403236865997313565e+00 -6.390609741210937500e-01 0.000000000000000000e+00 0.000000000000000000e+00 0.000000000000000000e+00 1.000000000000000000e+00
1.716201601584390402e+09 -2.792567014694213867e+00 -7.355078220367431641e+00 -6.090222597122192383e-01 0.000000000000000000e+00 0.000000000000000000e+00 0.000000000000000000e+00 1.000000000000000000e+00
1.716201601631120682e+09 -2.780232429504394531e+00 -7.341142177581787109e+00 -5.966228842735290527e-01 0.000000000000000000e+00 0.000000000000000000e+00 0.000000000000000000e+00 1.000000000000000000e+00
1.716201601681238413e+09 -2.767934322357177734e+00 -7.328106403350830078e+00 -5.848533511161804199e-01 0.000000000000000000e+00 0.000000000000000000e+00 0.000000000000000000e+00 1.000000000000000000e+00
1.716201601731580019e+09 -2.755949497222900391e+00 -7.314738750457763672e+00 -5.737972259521484375e-01 0.000000000000000000e+00 0.000000000000000000e+00 0.000000000000000000e+00 1.000000000000000000e+00
1.716201601781668901e+09 -2.738508939743041992e+00 -7.284557819366455078e+00 -5.590758919715881348e-01 0.000000000000000000e+00 0.000000000000000000e+00 0.000000000000000000e+00 1.000000000000000000e+00
1.716201601832003355e+09 -2.727416276931762695e+00 -7.269361972808837891e+00 -5.493397116661071777e-01 0.000000000000000000e+00 0.000000000000000000e+00 0.000000000000000000e+00 1.000000000000000000e+00
1.716201601881910086e+09 -2.717907905578613281e+00 -7.256590366363525391e+00 -5.406326055526733398e-01 0.000000000000000000e+00 0.000000000000000000e+00 0.000000000000000000e+00 1.000000000000000000e+00
1.716201601932187319e+09 -2.708765745162963867e+00 -7.243417263031005859e+00 -5.328566431999206543e-01 0.000000000000000000e+00 0.000000000000000000e+00 0.000000000000000000e+00 1.000000000000000000e+00
1.716201601982667923e+09 -2.700722217559814453e+00 -7.231725692749023438e+00 -5.262005329132080078e-01 0.000000000000000000e+00 0.000000000000000000e+00 0.000000000000000000e+00 1.000000000000000000e+00
1.716201602082807779e+09 -2.687548637390136719e+00 -7.206390380859375000e+00 -5.159853696823120117e-01 0.000000000000000000e+00 0.000000000000000000e+00 0.000000000000000000e+00 1.000000000000000000e+00
1.716201602133133411e+09 -2.680274724960327148e+00 -7.197228431701660156e+00 -5.110806822776794434e-01 0.000000000000000000e+00 0.000000000000000000e+00 0.000000000000000000e+00 1.000000000000000000e+00
1.716201602183484077e+09 -2.665374279022216797e+00 -7.178584575653076172e+00 -5.028815865516662598e-01 0.000000000000000000e+00 0.000000000000000000e+00 0.000000000000000000e+00 1.000000000000000000e+00
1.716201602233462572e+09 -2.654422521591186523e+00 -7.162061691284179688e+00 -4.976333677768707275e-01 0.000000000000000000e+00 0.000000000000000000e+00 0.000000000000000000e+00 1.000000000000000000e+00
1.716201602333755970e+09 -2.648234605789185014e+00 -7.155942440032958984e+00 -4.961781203746795099e-01 0.000000000000000000e+00 0.000000000000000000e+00 0.000000000000000000e+00 1.000000000000000000e+00
1.716201602383946657e+09 -2.634959220886230469e+00 -7.144818305969238281e+00 -4.944030940532683771e-01 0.000000000000000000e+00 0.000000000000000000e+00 0.000000000000000000e+00 1.000000000000000000e+00
1.716201602434128284e+09 -2.626753330230712891e+00 -7.138094902038574219e+00 -4.938165247440338135e-01 0.000000000000000000e+00 0.000000000000000000e+00 0.000000000000000000e+00 1.000000000000000000e+00
1.716201602484269381e+09 -2.619749307632446289e+00 -7.136237621307373047e+00 -4.939200878143309992e-01 0.000000000000000000e+00 0.000000000000000000e+00 0.000000000000000000e+00 1.000000000000000000e+00
1.716201602534379959e+09 -2.611684799194335938e+00 -7.134600162506104404e+00 -4.946140050888060968e-01 0.000000000000000000e+00 0.000000000000000000e+00 0.000000000000000000e+00 1.000000000000000000e+00
1.716201602584577560e+09 -2.603982925415039062e+00 -7.134107589721679688e+00 -4.946419596672058105e-01 0.000000000000000000e+00 0.000000000000000000e+00 0.000000000000000000e+00 1.000000000000000000e+00
1.716201602635091543e+09 -2.595767498016357422e+00 -7.135032653808593750e+00 -4.941697716712951105e-01 0.000000000000000000e+00 0.000000000000000000e+00 0.000000000000000000e+00 1.000000000000000000e+00
1.716201602684870958e+09 -2.586125850677490234e+00 -7.134624481201171875e+00 -4.924064278602600098e-01 0.000000000000000000e+00 0.000000000000000000e+00 0.000000000000000000e+00 1.000000000000000000e+00
1.716201602735098600e+09 -2.576008081436156782e+00 -7.137640476226806641e+00 -4.907585978507995050e-01 0.000000000000000000e+00 0.000000000000000000e+00 0.000000000000000000e+00 1.000000000000000000e+00
1.716201602785298586e+09 -2.565197706222534180e+00 -7.140958786010742188e+00 -4.888592362403869074e-01 0.000000000000000000e+00 0.000000000000000000e+00 0.000000000000000000e+00 1.000000000000000000e+00
1.716201602835433245e+09 -2.540558815002441406e+00 -7.152308940887451172e+00 -4.835831224918364923e-01 0.000000000000000000e+00 0.000000000000000000e+00 0.000000000000000000e+00 1.000000000000000000e+00
1.716201602936266899e+09 -2.527575731277465820e+00 -7.161055564880371094e+00 -4.804364442825316828e-01 0.000000000000000000e+00 0.000000000000000000e+00 0.000000000000000000e+00 1.000000000000000000e+00
1.716201602986036777e+09 -2.512024879455566406e+00 -7.169672966003417969e+00 -4.769272208213806152e-01 0.000000000000000000e+00 0.000000000000000000e+00 0.000000000000000000e+00 1.000000000000000000e+00
1.716201603086275816e+09 -2.478730440139770508e+00 -7.189917564392089844e+00 -4.691527187824249268e-01 0.000000000000000000e+00 0.000000000000000000e+00 0.000000000000000000e+00 1.000000000000000000e+00
1.716201603186509371e+09 -2.444777250289916992e+00 -7.210509300231933594e+00 -4.601249396800994873e-01 0.000000000000000000e+00 0.000000000000000000e+00 0.000000000000000000e+00 1.000000000000000000e+00
1.716201603236680508e+09 -2.413084506988525391e+00 -7.231857776641845703e+00 -4.527439475059509277e-01 0.000000000000000000e+00 0.000000000000000000e+00 0.000000000000000000e+00 1.000000000000000000e+00
1.716201603337034464e+09 -2.398483276367187500e+00 -7.246952533721923828e+00 -4.510236680507659912e-01 0.000000000000000000e+00 0.000000000000000000e+00 0.000000000000000000e+00 1.000000000000000000e+00
1.716201603393133402e+09 -2.366641998291016069e+00 -7.270422458648681641e+00 -4.469672143459320068e-01 0.000000000000000000e+00 0.000000000000000000e+00 0.000000000000000000e+00 1.000000000000000000e+00
1.716201603487802982e+09 -2.340432167053222656e+00 -7.296838283538818359e+00 -4.446671009063720148e-01 0.000000000000000000e+00 0.000000000000000000e+00 0.000000000000000000e+00 1.000000000000000000e+00
1.716201603588095188e+09 -2.322791099548339844e+00 -7.333264350891113281e+00 -4.468604326248168945e-01 0.000000000000000000e+00 0.000000000000000000e+00 0.000000000000000000e+00 1.000000000000000000e+00
1.716201603641650677e+09 -2.314268827438354492e+00 -7.348736763000488281e+00 -4.475921988487243097e-01 0.000000000000000000e+00 0.000000000000000000e+00 0.000000000000000000e+00 1.000000000000000000e+00
1.716201603738555193e+09 -2.306323289871215820e+00 -7.363902091979980469e+00 -4.487185180187224787e-01 0.000000000000000000e+00 0.000000000000000000e+00 0.000000000000000000e+00 1.000000000000000000e+00
1.716201603838851213e+09 -2.304542064666748047e+00 -7.392262935638427734e+00 -4.538860321044921875e-01 0.000000000000000000e+00 0.000000000000000000e+00 0.000000000000000000e+00 1.000000000000000000e+00
1.716201603889023066e+09 -2.298882484436035156e+00 -7.441639900207518643e+00 -4.616175889968872070e-01 0.000000000000000000e+00 0.000000000000000000e+00 0.000000000000000000e+00 1.000000000000000000e+00
1.716201603989222288e+09 -2.308697700500488281e+00 -7.495201110839843750e+00 -4.720801115036010742e-01 0.000000000000000000e+00 0.000000000000000000e+00 0.000000000000000000e+00 1.000000000000000000e+00
1.716201604039335966e+09 -2.313103437423706055e+00 -7.514603614807128906e+00 -4.751750528812407892e-01 0.000000000000000000e+00 0.000000000000000000e+00 0.000000000000000000e+00 1.000000000000000000e+00
1.716201604089539528e+09 -2.317983150482177734e+00 -7.533880710601806641e+00 -4.781883358955382746e-01 0.000000000000000000e+00 0.000000000000000000e+00 0.000000000000000000e+00 1.000000000000000000e+00
1.716201604240336657e+09 -2.337520837783813032e+00 -7.595975399017333984e+00 -4.899034202098845880e-01 0.000000000000000000e+00 0.000000000000000000e+00 0.000000000000000000e+00 1.000000000000000000e+00
1.716201604290224314e+09 -2.345053195953369141e+00 -7.618590354919433594e+00 -4.935171008110045832e-01 0.000000000000000000e+00 0.000000000000000000e+00 0.000000000000000000e+00 1.000000000000000000e+00
1.716201604340180874e+09 -2.353272199630737305e+00 -7.641914367675781250e+00 -4.977374374866485041e-01 0.000000000000000000e+00 0.000000000000000000e+00 0.000000000000000000e+00 1.000000000000000000e+00
1.716201604390320301e+09 -2.375908136367797852e+00 -7.713977813720703125e+00 -5.130431652069091797e-01 0.000000000000000000e+00 0.000000000000000000e+00 0.000000000000000000e+00 1.000000000000000000e+00
1.716201604490497589e+09 -2.388661146163940430e+00 -7.766318321228027344e+00 -5.246884822845458984e-01 0.000000000000000000e+00 0.000000000000000000e+00 0.000000000000000000e+00 1.000000000000000000e+00
1.716201604540718555e+09 -2.394588708877563477e+00 -7.794908046722412109e+00 -5.321075916290283203e-01 0.000000000000000000e+00 0.000000000000000000e+00 0.000000000000000000e+00 1.000000000000000000e+00
1.716201604641026974e+09 -2.412096738815308061e+00 -7.878280639648436612e+00 -5.556021928787231445e-01 0.000000000000000000e+00 0.000000000000000000e+00 0.000000000000000000e+00 1.000000000000000000e+00
1.716201604691127062e+09 -2.414779424667358398e+00 -7.907460689544677734e+00 -5.645586848258972168e-01 0.000000000000000000e+00 0.000000000000000000e+00 0.000000000000000000e+00 1.000000000000000000e+00
1.716201604791495085e+09 -2.426172494888305664e+00 -7.966491699218750000e+00 -5.810589194297790527e-01 0.000000000000000000e+00 0.000000000000000000e+00 0.000000000000000000e+00 1.000000000000000000e+00
1.716201604841691732e+09 -2.427165031433105025e+00 -8.026000976562500000e+00 -5.995483398437500000e-01 0.000000000000000000e+00 0.000000000000000000e+00 0.000000000000000000e+00 1.000000000000000000e+00
1.716201604942164421e+09 -2.426470518112182617e+00 -8.056137084960937500e+00 -6.086550951004028320e-01 0.000000000000000000e+00 0.000000000000000000e+00 0.000000000000000000e+00 1.000000000000000000e+00
1.716201604992377281e+09 -2.431165695190429688e+00 -8.110816955566406250e+00 -6.246915459632873535e-01 0.000000000000000000e+00 0.000000000000000000e+00 0.000000000000000000e+00 1.000000000000000000e+00
1.716201605042857647e+09 -2.427287817001342773e+00 -8.141593933105468750e+00 -6.348908543586730957e-01 0.000000000000000000e+00 0.000000000000000000e+00 0.000000000000000000e+00 1.000000000000000000e+00
1.716201605092815161e+09 -2.421948194503784180e+00 -8.171820640563964844e+00 -6.446646451950073242e-01 0.000000000000000000e+00 0.000000000000000000e+00 0.000000000000000000e+00 1.000000000000000000e+00
1.716201605143031359e+09 -2.406747579574584961e+00 -8.232136726379394531e+00 -6.654117107391357422e-01 0.000000000000000000e+00 0.000000000000000000e+00 0.000000000000000000e+00 1.000000000000000000e+00
1.716201605293410540e+09 -2.391840696334838867e+00 -8.316775321960449219e+00 -6.949236989021301270e-01 0.000000000000000000e+00 0.000000000000000000e+00 0.000000000000000000e+00 1.000000000000000000e+00
1.716201605343619108e+09 -2.364353179931640625e+00 -8.371348381042480469e+00 -7.170820832252502441e-01 0.000000000000000000e+00 0.000000000000000000e+00 0.000000000000000000e+00 1.000000000000000000e+00
1.716201605393752813e+09 -2.350441694259643999e+00 -8.399196624755859375e+00 -7.279313206672668457e-01 0.000000000000000000e+00 0.000000000000000000e+00 0.000000000000000000e+00 1.000000000000000000e+00
1.716201605494930029e+09 -2.342557430267333984e+00 -8.447751998901367188e+00 -7.430339455604553223e-01 0.000000000000000000e+00 0.000000000000000000e+00 0.000000000000000000e+00 1.000000000000000000e+00
1.716201605544454813e+09 -2.312258481979370117e+00 -8.499398231506347656e+00 -7.572902441024780273e-01 0.000000000000000000e+00 0.000000000000000000e+00 0.000000000000000000e+00 1.000000000000000000e+00
1.716201605594334126e+09 -2.297182321548461914e+00 -8.524744987487792969e+00 -7.617810964584350586e-01 0.000000000000000000e+00 0.000000000000000000e+00 0.000000000000000000e+00 1.000000000000000000e+00
1.716201605744835138e+09 -2.287317752838134766e+00 -8.569262504577636719e+00 -7.690972089767456055e-01 0.000000000000000000e+00 0.000000000000000000e+00 0.000000000000000000e+00 1.000000000000000000e+00
1.716201605895546913e+09 -2.248784542083739790e+00 -8.682377815246582031e+00 -7.749518156051635742e-01 0.000000000000000000e+00 0.000000000000000000e+00 0.000000000000000000e+00 1.000000000000000000e+00
1.716201605995860338e+09 -2.178846120834350586e+00 -8.763789176940917969e+00 -7.381218671798706055e-01 0.000000000000000000e+00 0.000000000000000000e+00 0.000000000000000000e+00 1.000000000000000000e+00
1.716201606096140385e+09 -2.168869972229003906e+00 -8.802029609680175781e+00 -7.308534383773803711e-01 0.000000000000000000e+00 0.000000000000000000e+00 0.000000000000000000e+00 1.000000000000000000e+00
1.716201606146187544e+09 -2.154261589050292969e+00 -8.826090812683105469e+00 -7.167522907257080078e-01 0.000000000000000000e+00 0.000000000000000000e+00 0.000000000000000000e+00 1.000000000000000000e+00
1.716201606196382999e+09 -2.141959428787231445e+00 -8.850622177124023438e+00 -7.024336457252502441e-01 0.000000000000000000e+00 0.000000000000000000e+00 0.000000000000000000e+00 1.000000000000000000e+00
1.716201606246610165e+09 -2.121053695678710938e+00 -8.901049613952636719e+00 -6.723200082778930664e-01 0.000000000000000000e+00 0.000000000000000000e+00 0.000000000000000000e+00 1.000000000000000000e+00
1.716201606347289562e+09 -2.116111993789672852e+00 -8.947443008422851562e+00 -6.598512530326843262e-01 0.000000000000000000e+00 0.000000000000000000e+00 0.000000000000000000e+00 1.000000000000000000e+00
1.716201606397390842e+09 -2.096535921096801758e+00 -8.998808860778808594e+00 -6.225186586380004883e-01 0.000000000000000000e+00 0.000000000000000000e+00 0.000000000000000000e+00 1.000000000000000000e+00
1.716201606497549772e+09 -2.077368259429932085e+00 -9.055779457092283380e+00 -5.863378643989562988e-01 0.000000000000000000e+00 0.000000000000000000e+00 0.000000000000000000e+00 1.000000000000000000e+00
1.716201606547883749e+09 -2.068435668945312500e+00 -9.082988739013671875e+00 -5.680139660835266113e-01 0.000000000000000000e+00 0.000000000000000000e+00 0.000000000000000000e+00 1.000000000000000000e+00
1.716201606648316383e+09 -2.061446666717529297e+00 -9.162443161010742188e+00 -5.387464165687561035e-01 0.000000000000000000e+00 0.000000000000000000e+00 0.000000000000000000e+00 1.000000000000000000e+00
1.716201606748747826e+09 -2.056032180786132812e+00 -9.219920158386230469e+00 -5.065125226974487305e-01 0.000000000000000000e+00 0.000000000000000000e+00 0.000000000000000000e+00 1.000000000000000000e+00
1.716201606798944473e+09 -2.060049295425415039e+00 -9.273671150207519531e+00 -4.957159757614135742e-01 0.000000000000000000e+00 0.000000000000000000e+00 0.000000000000000000e+00 1.000000000000000000e+00
1.716201606851481915e+09 -2.059254884719848633e+00 -9.302187919616699219e+00 -4.804421067237854004e-01 0.000000000000000000e+00 0.000000000000000000e+00 0.000000000000000000e+00 1.000000000000000000e+00
1.716201606900070906e+09 -2.058843374252319780e+00 -9.331892967224119317e+00 -4.638293087482451837e-01 0.000000000000000000e+00 0.000000000000000000e+00 0.000000000000000000e+00 1.000000000000000000e+00
1.716201607000116587e+09 -2.059938192367553711e+00 -9.362007141113279474e+00 -4.484152197837829035e-01 0.000000000000000000e+00 0.000000000000000000e+00 0.000000000000000000e+00 1.000000000000000000e+00
1.716201607050640821e+09 -2.069415807723999023e+00 -9.445230484008787286e+00 -4.242577850818634033e-01 0.000000000000000000e+00 0.000000000000000000e+00 0.000000000000000000e+00 1.000000000000000000e+00
1.716201607100724697e+09 -2.073172092437744141e+00 -9.475318908691406250e+00 -4.105672836303710938e-01 0.000000000000000000e+00 0.000000000000000000e+00 0.000000000000000000e+00 1.000000000000000000e+00
1.716201607150727749e+09 -2.077044486999512163e+00 -9.505137443542480469e+00 -3.979118466377257746e-01 0.000000000000000000e+00 0.000000000000000000e+00 0.000000000000000000e+00 1.000000000000000000e+00
1.716201607251042843e+09 -2.086175203323364258e+00 -9.563553810119627130e+00 -3.714266121387481134e-01 0.000000000000000000e+00 0.000000000000000000e+00 0.000000000000000000e+00 1.000000000000000000e+00
1.716201607301256895e+09 -2.097311258316040039e+00 -9.614811897277832031e+00 -3.630557656288146973e-01 0.000000000000000000e+00 0.000000000000000000e+00 0.000000000000000000e+00 1.000000000000000000e+00
1.716201607351368189e+09 -2.104956626892089844e+00 -9.642745018005372870e+00 -3.497804403305053156e-01 0.000000000000000000e+00 0.000000000000000000e+00 0.000000000000000000e+00 1.000000000000000000e+00
1.716201607502262831e+09 -2.136094093322753906e+00 -9.739624023437500000e+00 -3.127678036689757746e-01 0.000000000000000000e+00 0.000000000000000000e+00 0.000000000000000000e+00 1.000000000000000000e+00
1.716201607552433491e+09 -2.145514249801636186e+00 -9.763252258300779474e+00 -2.973904013633728027e-01 0.000000000000000000e+00 0.000000000000000000e+00 0.000000000000000000e+00 1.000000000000000000e+00
1.716201607602773666e+09 -2.154938220977783203e+00 -9.786539077758787286e+00 -2.836732566356658936e-01 0.000000000000000000e+00 0.000000000000000000e+00 0.000000000000000000e+00 1.000000000000000000e+00
1.716201607703299046e+09 -2.177498340606689009e+00 -9.852783203125000000e+00 -2.573308646678924005e-01 0.000000000000000000e+00 0.000000000000000000e+00 0.000000000000000000e+00 1.000000000000000000e+00
1.716201607753419638e+09 -2.185744762420654297e+00 -9.874435424804687500e+00 -2.419644743204115989e-01 0.000000000000000000e+00 0.000000000000000000e+00 0.000000000000000000e+00 1.000000000000000000e+00
1.716201607811076641e+09 -2.193889856338500977e+00 -9.896054267883300781e+00 -2.267024368047713956e-01 0.000000000000000000e+00 0.000000000000000000e+00 0.000000000000000000e+00 1.000000000000000000e+00
1.716201607903919935e+09 -2.214721918106079102e+00 -9.956970214843750000e+00 -2.016739100217818936e-01 0.000000000000000000e+00 0.000000000000000000e+00 0.000000000000000000e+00 1.000000000000000000e+00
1.716201607954181671e+09 -2.222544908523560014e+00 -9.977196693420410156e+00 -1.883260607719421109e-01 0.000000000000000000e+00 0.000000000000000000e+00 0.000000000000000000e+00 1.000000000000000000e+00
1.716201608004323721e+09 -2.230548381805419922e+00 -9.998325347900390625e+00 -1.753847897052764893e-01 0.000000000000000000e+00 0.000000000000000000e+00 0.000000000000000000e+00 1.000000000000000000e+00
1.716201608054465532e+09 -2.237592935562133789e+00 -1.001951789855957031e+01 -1.631929129362106046e-01 0.000000000000000000e+00 0.000000000000000000e+00 0.000000000000000000e+00 1.000000000000000000e+00
1.716201608154872417e+09 -2.253412961959838867e+00 -1.007521724700927557e+01 -1.434372216463088989e-01 0.000000000000000000e+00 0.000000000000000000e+00 0.000000000000000000e+00 1.000000000000000000e+00
1.716201608206053019e+09 -2.259092092514038086e+00 -1.009327602386474609e+01 -1.328670382499693992e-01 0.000000000000000000e+00 0.000000000000000000e+00 0.000000000000000000e+00 1.000000000000000000e+00
1.716201608255547762e+09 -2.264088153839111772e+00 -1.011011886596679688e+01 -1.242714226245879988e-01 0.000000000000000000e+00 0.000000000000000000e+00 0.000000000000000000e+00 1.000000000000000000e+00
1.716201608355489731e+09 -2.277334928512572798e+00 -1.016205978393554865e+01 -1.113935858011245034e-01 0.000000000000000000e+00 0.000000000000000000e+00 0.000000000000000000e+00 1.000000000000000000e+00
1.716201608405959606e+09 -2.281888723373413086e+00 -1.018156528472900391e+01 -1.060802415013313016e-01 0.000000000000000000e+00 0.000000000000000000e+00 0.000000000000000000e+00 1.000000000000000000e+00
1.716201608456639767e+09 -2.285271883010864258e+00 -1.019808959960937678e+01 -1.015896201133728027e-01 0.000000000000000000e+00 0.000000000000000000e+00 0.000000000000000000e+00 1.000000000000000000e+00
1.716201608506423473e+09 -2.288370370864868164e+00 -1.021655845642089844e+01 -9.831292182207100605e-02 0.000000000000000000e+00 0.000000000000000000e+00 0.000000000000000000e+00 1.000000000000000000e+00
1.716201608556498766e+09 -2.294435501098632812e+00 -1.024926757812500000e+01 -9.915883839130400224e-02 0.000000000000000000e+00 0.000000000000000000e+00 0.000000000000000000e+00 1.000000000000000000e+00
1.716201608606632948e+09 -2.296740531921386719e+00 -1.026537227630615234e+01 -9.889406710863110628e-02 0.000000000000000000e+00 0.000000000000000000e+00 0.000000000000000000e+00 1.000000000000000000e+00
1.716201608656834602e+09 -2.299088716506958008e+00 -1.028334712982177557e+01 -9.987635910511009907e-02 0.000000000000000000e+00 0.000000000000000000e+00 0.000000000000000000e+00 1.000000000000000000e+00
1.716201608707051277e+09 -2.300562858581542969e+00 -1.029929447174072443e+01 -1.018370464444160045e-01 0.000000000000000000e+00 0.000000000000000000e+00 0.000000000000000000e+00 1.000000000000000000e+00
1.716201608757293463e+09 -2.305599927902221680e+00 -1.033045864105224609e+01 -1.074726209044456066e-01 0.000000000000000000e+00 0.000000000000000000e+00 0.000000000000000000e+00 1.000000000000000000e+00
1.716201609108436108e+09 -2.329996824264526367e+00 -1.044664287567138850e+01 -1.517858058214187067e-01 0.000000000000000000e+00 0.000000000000000000e+00 0.000000000000000000e+00 1.000000000000000000e+00
1.716201609158613682e+09 -2.332583904266357422e+00 -1.045943260192871271e+01 -1.590951979160308005e-01 0.000000000000000000e+00 0.000000000000000000e+00 0.000000000000000000e+00 1.000000000000000000e+00
1.716201609209943056e+09 -2.335087060928344727e+00 -1.047226333618164062e+01 -1.662474870681761863e-01 0.000000000000000000e+00 0.000000000000000000e+00 0.000000000000000000e+00 1.000000000000000000e+00
1.716201609259152651e+09 -2.337130308151245117e+00 -1.048413658142089844e+01 -1.735260337591170987e-01 0.000000000000000000e+00 0.000000000000000000e+00 0.000000000000000000e+00 1.000000000000000000e+00
1.716201609359484673e+09 -2.342790365219116211e+00 -1.051745700836181641e+01 -1.908338367938995084e-01 0.000000000000000000e+00 0.000000000000000000e+00 0.000000000000000000e+00 1.000000000000000000e+00
1.716201609409625769e+09 -2.343941450119018555e+00 -1.052725219726562322e+01 -1.993343979120253961e-01 0.000000000000000000e+00 0.000000000000000000e+00 0.000000000000000000e+00 1.000000000000000000e+00
1.716201609459643841e+09 -2.345456361770629883e+00 -1.053792190551757812e+01 -2.083121538162230890e-01 0.000000000000000000e+00 0.000000000000000000e+00 0.000000000000000000e+00 1.000000000000000000e+00
1.716201609560619593e+09 -2.351271152496337891e+00 -1.056560039520263672e+01 -2.280414700508117121e-01 0.000000000000000000e+00 0.000000000000000000e+00 0.000000000000000000e+00 1.000000000000000000e+00
1.716201609610699892e+09 -2.352628707885742188e+00 -1.057410049438476562e+01 -2.377305179834365012e-01 0.000000000000000000e+00 0.000000000000000000e+00 0.000000000000000000e+00 1.000000000000000000e+00
1.716201609660776377e+09 -2.353559732437133789e+00 -1.058161067962646484e+01 -2.476669102907179953e-01 0.000000000000000000e+00 0.000000000000000000e+00 0.000000000000000000e+00 1.000000000000000000e+00
1.716201609761261940e+09 -2.356607437133789062e+00 -1.059882354736327947e+01 -2.587875425815582275e-01 0.000000000000000000e+00 0.000000000000000000e+00 0.000000000000000000e+00 1.000000000000000000e+00
1.716201609811487436e+09 -2.356895923614501953e+00 -1.060636425018310369e+01 -2.693221569061278742e-01 0.000000000000000000e+00 0.000000000000000000e+00 0.000000000000000000e+00 1.000000000000000000e+00
1.716201609861648321e+09 -2.357017755508422852e+00 -1.062125778198242188e+01 -2.919778525829315186e-01 0.000000000000000000e+00 0.000000000000000000e+00 0.000000000000000000e+00 1.000000000000000000e+00
1.716201609911802292e+09 -2.357208251953125000e+00 -1.062850379943847656e+01 -3.042444288730620783e-01 0.000000000000000000e+00 0.000000000000000000e+00 0.000000000000000000e+00 1.000000000000000000e+00
1.716201609961936474e+09 -2.357499599456787109e+00 -1.063555526733398438e+01 -3.174644410610198975e-01 0.000000000000000000e+00 0.000000000000000000e+00 0.000000000000000000e+00 1.000000000000000000e+00
1.716201610062293053e+09 -2.360699176788330078e+00 -1.065623760223388850e+01 -3.443070352077484131e-01 0.000000000000000000e+00 0.000000000000000000e+00 0.000000000000000000e+00 1.000000000000000000e+00
1.716201610112406492e+09 -2.361935853958129883e+00 -1.066192436218261541e+01 -3.579716384410858154e-01 0.000000000000000000e+00 0.000000000000000000e+00 0.000000000000000000e+00 1.000000000000000000e+00
1.716201610162564516e+09 -2.364312648773193359e+00 -1.066944503784179688e+01 -3.715042173862457275e-01 0.000000000000000000e+00 0.000000000000000000e+00 0.000000000000000000e+00 1.000000000000000000e+00
1.716201610213761091e+09 -2.367353916168212891e+00 -1.067683124542236328e+01 -3.848812282085418146e-01 0.000000000000000000e+00 0.000000000000000000e+00 0.000000000000000000e+00 1.000000000000000000e+00
1.716201610313249111e+09 -2.372966527938842773e+00 -1.069390773773193359e+01 -3.989366888999938965e-01 0.000000000000000000e+00 0.000000000000000000e+00 0.000000000000000000e+00 1.000000000000000000e+00
1.716201610363623857e+09 -2.380975008010864258e+00 -1.070841979980468750e+01 -4.243876636028289795e-01 0.000000000000000000e+00 0.000000000000000000e+00 0.000000000000000000e+00 1.000000000000000000e+00
1.716201610413887024e+09 -2.388887643814086914e+00 -1.072604656219482422e+01 -4.381229281425476074e-01 0.000000000000000000e+00 0.000000000000000000e+00 0.000000000000000000e+00 1.000000000000000000e+00
1.716201610463691235e+09 -2.395451068878173828e+00 -1.073398494720458984e+01 -4.495026171207427979e-01 0.000000000000000000e+00 0.000000000000000000e+00 0.000000000000000000e+00 1.000000000000000000e+00
1.716201610513803244e+09 -2.402574300765991211e+00 -1.074296665191650391e+01 -4.601108729839324951e-01 0.000000000000000000e+00 0.000000000000000000e+00 0.000000000000000000e+00 1.000000000000000000e+00
1.716201610564434767e+09 -2.409661769866943803e+00 -1.075311946868896484e+01 -4.699939787387847900e-01 0.000000000000000000e+00 0.000000000000000000e+00 0.000000000000000000e+00 1.000000000000000000e+00
1.716201610613999844e+09 -2.419236421585083008e+00 -1.077601718902588068e+01 -4.810896217823028009e-01 0.000000000000000000e+00 0.000000000000000000e+00 0.000000000000000000e+00 1.000000000000000000e+00
1.716201610664519787e+09 -2.426968097686768022e+00 -1.078740119934082031e+01 -4.890592694282531738e-01 0.000000000000000000e+00 0.000000000000000000e+00 0.000000000000000000e+00 1.000000000000000000e+00
1.716201610714359999e+09 -2.435364007949829102e+00 -1.079985141754150391e+01 -4.960487484931945801e-01 0.000000000000000000e+00 0.000000000000000000e+00 0.000000000000000000e+00 1.000000000000000000e+00
1.716201610764467001e+09 -2.444626092910766602e+00 -1.081331729888916016e+01 -5.020826458930969238e-01 0.000000000000000000e+00 0.000000000000000000e+00 0.000000000000000000e+00 1.000000000000000000e+00
1.716201610814663887e+09 -2.453354597091674805e+00 -1.082599449157714844e+01 -5.073764920234680176e-01 0.000000000000000000e+00 0.000000000000000000e+00 0.000000000000000000e+00 1.000000000000000000e+00
1.716201610864776134e+09 -2.466018199920654297e+00 -1.085710716247558594e+01 -5.151777863502502441e-01 0.000000000000000000e+00 0.000000000000000000e+00 0.000000000000000000e+00 1.000000000000000000e+00
1.716201610915035963e+09 -2.475600242614746094e+00 -1.087187862396240234e+01 -5.193219184875488281e-01 0.000000000000000000e+00 0.000000000000000000e+00 0.000000000000000000e+00 1.000000000000000000e+00
1.716201610965161800e+09 -2.485678911209106445e+00 -1.088762092590332031e+01 -5.232113003730773926e-01 0.000000000000000000e+00 0.000000000000000000e+00 0.000000000000000000e+00 1.000000000000000000e+00
1.716201611015237808e+09 -2.496269226074218750e+00 -1.090336608886718750e+01 -5.264374613761901855e-01 0.000000000000000000e+00 0.000000000000000000e+00 0.000000000000000000e+00 1.000000000000000000e+00
1.716201611065346479e+09 -2.511570930480957031e+00 -1.093818473815917969e+01 -5.333981513977050781e-01 0.000000000000000000e+00 0.000000000000000000e+00 0.000000000000000000e+00 1.000000000000000000e+00
1.716201611115689516e+09 -2.522351741790771484e+00 -1.095784854888916016e+01 -5.377013087272644043e-01 0.000000000000000000e+00 0.000000000000000000e+00 0.000000000000000000e+00 1.000000000000000000e+00
1.716201611166172504e+09 -2.532248973846435547e+00 -1.097663974761962713e+01 -5.421685576438903809e-01 0.000000000000000000e+00 0.000000000000000000e+00 0.000000000000000000e+00 1.000000000000000000e+00
1.716201611215975285e+09 -2.543375253677368164e+00 -1.099609947204589844e+01 -5.471102595329284668e-01 0.000000000000000000e+00 0.000000000000000000e+00 0.000000000000000000e+00 1.000000000000000000e+00
1.716201611267521143e+09 -2.559049367904663086e+00 -1.103868579864501953e+01 -5.566354393959045410e-01 0.000000000000000000e+00 0.000000000000000000e+00 0.000000000000000000e+00 1.000000000000000000e+00
1.716201611316621780e+09 -2.571077346801757812e+00 -1.106081295013427557e+01 -5.629037022590637207e-01 0.000000000000000000e+00 0.000000000000000000e+00 0.000000000000000000e+00 1.000000000000000000e+00
1.716201611366825581e+09 -2.582515001296997070e+00 -1.108298683166504084e+01 -5.696410536766052246e-01 0.000000000000000000e+00 0.000000000000000000e+00 0.000000000000000000e+00 1.000000000000000000e+00
1.716201611467072010e+09 -2.611001491546630859e+00 -1.115924072265625000e+01 -5.896298289299011230e-01 0.000000000000000000e+00 0.000000000000000000e+00 0.000000000000000000e+00 1.000000000000000000e+00
1.716201611517177582e+09 -2.621255636215209961e+00 -1.118543052673339844e+01 -5.986584424972534180e-01 0.000000000000000000e+00 0.000000000000000000e+00 0.000000000000000000e+00 1.000000000000000000e+00
1.716201611567521095e+09 -2.630468130111694336e+00 -1.121189117431640625e+01 -6.075322031974792480e-01 0.000000000000000000e+00 0.000000000000000000e+00 0.000000000000000000e+00 1.000000000000000000e+00
1.716201611617861748e+09 -2.640231132507324219e+00 -1.123914241790771662e+01 -6.170603632926940918e-01 0.000000000000000000e+00 0.000000000000000000e+00 0.000000000000000000e+00 1.000000000000000000e+00
1.716201611667904139e+09 -2.649939775466918945e+00 -1.126633453369140625e+01 -6.269549131393432617e-01 0.000000000000000000e+00 0.000000000000000000e+00 0.000000000000000000e+00 1.000000000000000000e+00
1.716201611718003750e+09 -2.659540176391601562e+00 -1.129353809356689631e+01 -6.369155049324035645e-01 0.000000000000000000e+00 0.000000000000000000e+00 0.000000000000000000e+00 1.000000000000000000e+00
1.716201611768271208e+09 -2.676121950149536133e+00 -1.135043716430664062e+01 -6.523724198341369629e-01 0.000000000000000000e+00 0.000000000000000000e+00 0.000000000000000000e+00 1.000000000000000000e+00
1.716201611818438292e+09 -2.685420036315917969e+00 -1.137862491607666016e+01 -6.630001664161682129e-01 0.000000000000000000e+00 0.000000000000000000e+00 0.000000000000000000e+00 1.000000000000000000e+00
1.716201611868733406e+09 -2.693243503570556641e+00 -1.140720176696777166e+01 -6.734001040458679199e-01 0.000000000000000000e+00 0.000000000000000000e+00 0.000000000000000000e+00 1.000000000000000000e+00
1.716201611918873549e+09 -2.699929714202880859e+00 -1.143604469299316406e+01 -6.837982535362243652e-01 0.000000000000000000e+00 0.000000000000000000e+00 0.000000000000000000e+00 1.000000000000000000e+00
1.716201611968980074e+09 -2.713377475738525391e+00 -1.149567413330077947e+01 -6.997303366661071777e-01 0.000000000000000000e+00 0.000000000000000000e+00 0.000000000000000000e+00 1.000000000000000000e+00
1.716201612019551277e+09 -2.719260215759277344e+00 -1.152571487426757812e+01 -7.103027105331420898e-01 0.000000000000000000e+00 0.000000000000000000e+00 0.000000000000000000e+00 1.000000000000000000e+00
1.716201612069456100e+09 -2.724588155746459961e+00 -1.155595588684082031e+01 -7.204964160919189453e-01 0.000000000000000000e+00 0.000000000000000000e+00 0.000000000000000000e+00 1.000000000000000000e+00
1.716201612120050430e+09 -2.728244304656982422e+00 -1.158652400970458984e+01 -7.310276627540588379e-01 0.000000000000000000e+00 0.000000000000000000e+00 0.000000000000000000e+00 1.000000000000000000e+00
1.716201612170220375e+09 -2.737634181976318359e+00 -1.164496517181396484e+01 -7.472015023231506348e-01 0.000000000000000000e+00 0.000000000000000000e+00 0.000000000000000000e+00 1.000000000000000000e+00
1.716201612221136570e+09 -2.739076137542724609e+00 -1.167290782928466797e+01 -7.577553391456604004e-01 0.000000000000000000e+00 0.000000000000000000e+00 0.000000000000000000e+00 1.000000000000000000e+00
1.716201612272150040e+09 -2.739231586456298828e+00 -1.169908809661865234e+01 -7.681478261947631836e-01 0.000000000000000000e+00 0.000000000000000000e+00 0.000000000000000000e+00 1.000000000000000000e+00
1.716201612320698977e+09 -2.743960618972778320e+00 -1.175036621093750000e+01 -7.837045788764953613e-01 0.000000000000000000e+00 0.000000000000000000e+00 0.000000000000000000e+00 1.000000000000000000e+00
1.716201612371422052e+09 -2.741599559783935547e+00 -1.177505874633789062e+01 -7.939566969871520996e-01 0.000000000000000000e+00 0.000000000000000000e+00 0.000000000000000000e+00 1.000000000000000000e+00
1.716201612421050310e+09 -2.738406658172607422e+00 -1.179896926879882812e+01 -8.038080930709838867e-01 0.000000000000000000e+00 0.000000000000000000e+00 0.000000000000000000e+00 1.000000000000000000e+00
1.716201612470830441e+09 -2.734430789947509766e+00 -1.182219505310058594e+01 -8.126944899559020996e-01 0.000000000000000000e+00 0.000000000000000000e+00 0.000000000000000000e+00 1.000000000000000000e+00
1.716201612521286726e+09 -2.728986263275146484e+00 -1.184385776519775391e+01 -8.205696344375610352e-01 0.000000000000000000e+00 0.000000000000000000e+00 0.000000000000000000e+00 1.000000000000000000e+00
1.716201612571570158e+09 -2.724155664443969727e+00 -1.186650085449218750e+01 -8.279973268508911133e-01 0.000000000000000000e+00 0.000000000000000000e+00 0.000000000000000000e+00 1.000000000000000000e+00
1.716201612622042894e+09 -2.723500251770019531e+00 -1.190353012084960938e+01 -8.370285630226135254e-01 0.000000000000000000e+00 0.000000000000000000e+00 0.000000000000000000e+00 1.000000000000000000e+00
1.716201612672372580e+09 -2.718625307083129883e+00 -1.192144680023193359e+01 -8.418869972229003906e-01 0.000000000000000000e+00 0.000000000000000000e+00 0.000000000000000000e+00 1.000000000000000000e+00
1.716201612722522259e+09 -2.713605165481567383e+00 -1.193756866455077947e+01 -8.453749418258666992e-01 0.000000000000000000e+00 0.000000000000000000e+00 0.000000000000000000e+00 1.000000000000000000e+00
1.716201612772251129e+09 -2.708049774169921875e+00 -1.195284843444824219e+01 -8.484248518943786621e-01 0.000000000000000000e+00 0.000000000000000000e+00 0.000000000000000000e+00 1.000000000000000000e+00
1.716201612822400331e+09 -2.704681634902954102e+00 -1.197773742675781250e+01 -8.531432747840881348e-01 0.000000000000000000e+00 0.000000000000000000e+00 0.000000000000000000e+00 1.000000000000000000e+00
1.716201612872557640e+09 -2.699121713638305664e+00 -1.198803234100341797e+01 -8.549386262893676758e-01 0.000000000000000000e+00 0.000000000000000000e+00 0.000000000000000000e+00 1.000000000000000000e+00
1.716201612923099279e+09 -2.694627523422241211e+00 -1.199812316894531250e+01 -8.565282821655273438e-01 0.000000000000000000e+00 0.000000000000000000e+00 0.000000000000000000e+00 1.000000000000000000e+00
1.716201613023095131e+09 -2.691717624664306197e+00 -1.202594375610351562e+01 -8.616484999656677246e-01 0.000000000000000000e+00 0.000000000000000000e+00 0.000000000000000000e+00 1.000000000000000000e+00
1.716201613073227167e+09 -2.691149473190308061e+00 -1.203423404693603516e+01 -8.625802397727966309e-01 0.000000000000000000e+00 0.000000000000000000e+00 0.000000000000000000e+00 1.000000000000000000e+00
1.716201613123806000e+09 -2.692670822143554688e+00 -1.204319858551025391e+01 -8.630027770996093750e-01 0.000000000000000000e+00 0.000000000000000000e+00 0.000000000000000000e+00 1.000000000000000000e+00
1.716201613225050926e+09 -2.700281858444213867e+00 -1.205391407012939631e+01 -8.581326603889465332e-01 0.000000000000000000e+00 0.000000000000000000e+00 0.000000000000000000e+00 1.000000000000000000e+00
1.716201613575158834e+09 -2.781126499176025391e+00 -1.209056377410888850e+01 -8.051461577415466309e-01 0.000000000000000000e+00 0.000000000000000000e+00 0.000000000000000000e+00 1.000000000000000000e+00
1.716201613625487328e+09 -2.797966957092285156e+00 -1.209479904174804865e+01 -7.952845692634582520e-01 0.000000000000000000e+00 0.000000000000000000e+00 0.000000000000000000e+00 1.000000000000000000e+00
1.716201613725700378e+09 -2.836741447448730469e+00 -1.210486698150634766e+01 -7.769119739532470703e-01 0.000000000000000000e+00 0.000000000000000000e+00 0.000000000000000000e+00 1.000000000000000000e+00
1.716201613826146364e+09 -2.860267162322998047e+00 -1.211719894409179688e+01 -7.706723809242248535e-01 0.000000000000000000e+00 0.000000000000000000e+00 0.000000000000000000e+00 1.000000000000000000e+00
1.716201613876137257e+09 -2.906742095947265625e+00 -1.212843990325927557e+01 -7.574273943901062012e-01 0.000000000000000000e+00 0.000000000000000000e+00 0.000000000000000000e+00 1.000000000000000000e+00
1.716201613926785231e+09 -2.931184291839600053e+00 -1.213506889343261541e+01 -7.519115209579467773e-01 0.000000000000000000e+00 0.000000000000000000e+00 0.000000000000000000e+00 1.000000000000000000e+00
1.716201614026647329e+09 -2.958124399185180664e+00 -1.215110206604004084e+01 -7.485603094100952148e-01 0.000000000000000000e+00 0.000000000000000000e+00 0.000000000000000000e+00 1.000000000000000000e+00
1.716201614076974869e+09 -3.005466699600220171e+00 -1.216388702392577947e+01 -7.409698367118835449e-01 0.000000000000000000e+00 0.000000000000000000e+00 0.000000000000000000e+00 1.000000000000000000e+00
1.716201614126878500e+09 -3.031887292861938477e+00 -1.217060089111327947e+01 -7.370608448982238770e-01 0.000000000000000000e+00 0.000000000000000000e+00 0.000000000000000000e+00 1.000000000000000000e+00
1.716201614230530739e+09 -3.083859205245972124e+00 -1.219711399078369141e+01 -7.325420975685119629e-01 0.000000000000000000e+00 0.000000000000000000e+00 0.000000000000000000e+00 1.000000000000000000e+00
1.716201614277544498e+09 -3.108751773834228516e+00 -1.220406150817871271e+01 -7.287098169326782227e-01 0.000000000000000000e+00 0.000000000000000000e+00 0.000000000000000000e+00 1.000000000000000000e+00
1.716201614327384949e+09 -3.134566068649291992e+00 -1.221082115173339844e+01 -7.243602871894836426e-01 0.000000000000000000e+00 0.000000000000000000e+00 0.000000000000000000e+00 1.000000000000000000e+00
1.716201614377435684e+09 -3.162324666976928711e+00 -1.221813583374023438e+01 -7.196908593177795410e-01 0.000000000000000000e+00 0.000000000000000000e+00 0.000000000000000000e+00 1.000000000000000000e+00
1.716201614477773905e+09 -3.221162080764770508e+00 -1.224180793762207031e+01 -7.126521468162536621e-01 0.000000000000000000e+00 0.000000000000000000e+00 0.000000000000000000e+00 1.000000000000000000e+00
1.716201614528163433e+09 -3.248720645904541016e+00 -1.224782180786132812e+01 -7.087468504905700684e-01 0.000000000000000000e+00 0.000000000000000000e+00 0.000000000000000000e+00 1.000000000000000000e+00
1.716201614578255892e+09 -3.277477502822875977e+00 -1.225323772430419922e+01 -7.060950994491577148e-01 0.000000000000000000e+00 0.000000000000000000e+00 0.000000000000000000e+00 1.000000000000000000e+00
1.716201614678609371e+09 -3.307987213134765625e+00 -1.226807308197021662e+01 -7.065728902816772461e-01 0.000000000000000000e+00 0.000000000000000000e+00 0.000000000000000000e+00 1.000000000000000000e+00
1.716201614728905678e+09 -3.336062192916870117e+00 -1.227210330963134766e+01 -7.061919569969177246e-01 0.000000000000000000e+00 0.000000000000000000e+00 0.000000000000000000e+00 1.000000000000000000e+00
1.716201614779016733e+09 -3.395677328109741211e+00 -1.227782344818115234e+01 -7.063472270965576172e-01 0.000000000000000000e+00 0.000000000000000000e+00 0.000000000000000000e+00 1.000000000000000000e+00
1.716201614879630804e+09 -3.428681850433349609e+00 -1.228734683990478338e+01 -7.078207135200500488e-01 0.000000000000000000e+00 0.000000000000000000e+00 0.000000000000000000e+00 1.000000000000000000e+00
1.716201614929577112e+09 -3.460241794586181641e+00 -1.228790950775146484e+01 -7.082362174987792969e-01 0.000000000000000000e+00 0.000000000000000000e+00 0.000000000000000000e+00 1.000000000000000000e+00
1.716201614979746819e+09 -3.525718688964844194e+00 -1.228791141510009766e+01 -7.103208899497985840e-01 0.000000000000000000e+00 0.000000000000000000e+00 0.000000000000000000e+00 1.000000000000000000e+00
1.716201615031013012e+09 -3.559288501739501953e+00 -1.228738594055175781e+01 -7.122829556465148926e-01 0.000000000000000000e+00 0.000000000000000000e+00 0.000000000000000000e+00 1.000000000000000000e+00
1.716201615130187750e+09 -3.594928026199340820e+00 -1.229432582855224609e+01 -7.159298658370971680e-01 0.000000000000000000e+00 0.000000000000000000e+00 0.000000000000000000e+00 1.000000000000000000e+00
1.716201615180760384e+09 -3.661365032196044922e+00 -1.228880691528320312e+01 -7.199503183364868164e-01 0.000000000000000000e+00 0.000000000000000000e+00 0.000000000000000000e+00 1.000000000000000000e+00
1.716201615230789661e+09 -3.695160388946533203e+00 -1.228479862213134766e+01 -7.213223576545715332e-01 0.000000000000000000e+00 0.000000000000000000e+00 0.000000000000000000e+00 1.000000000000000000e+00
1.716201615331125021e+09 -3.730861663818359819e+00 -1.228526210784911932e+01 -7.235857248306274414e-01 0.000000000000000000e+00 0.000000000000000000e+00 0.000000000000000000e+00 1.000000000000000000e+00
1.716201615381128311e+09 -3.766428709030151811e+00 -1.228058433532714844e+01 -7.246320843696594238e-01 0.000000000000000000e+00 0.000000000000000000e+00 0.000000000000000000e+00 1.000000000000000000e+00
1.716201615431285620e+09 -3.833080530166625977e+00 -1.226831817626953125e+01 -7.253590822219848633e-01 0.000000000000000000e+00 0.000000000000000000e+00 0.000000000000000000e+00 1.000000000000000000e+00
1.716201615481977940e+09 -3.865787982940673828e+00 -1.226542663574218750e+01 -7.257553935050964355e-01 0.000000000000000000e+00 0.000000000000000000e+00 0.000000000000000000e+00 1.000000000000000000e+00
1.716201615532182455e+09 -3.895246028900146484e+00 -1.225831031799316406e+01 -7.253209948539733887e-01 0.000000000000000000e+00 0.000000000000000000e+00 0.000000000000000000e+00 1.000000000000000000e+00
1.716201615582474232e+09 -3.955389499664306197e+00 -1.224163532257080078e+01 -7.227274775505065918e-01 0.000000000000000000e+00 0.000000000000000000e+00 0.000000000000000000e+00 1.000000000000000000e+00
1.716201615682666063e+09 -3.984896659851074219e+00 -1.223135280609130859e+01 -7.207425832748413086e-01 0.000000000000000000e+00 0.000000000000000000e+00 0.000000000000000000e+00 1.000000000000000000e+00
1.716201615732903957e+09 -4.014235496520996094e+00 -1.222221565246582031e+01 -7.181858420372009277e-01 0.000000000000000000e+00 0.000000000000000000e+00 0.000000000000000000e+00 1.000000000000000000e+00
1.716201615783134460e+09 -4.069459915161132812e+00 -1.220388507843017578e+01 -7.125427722930908203e-01 0.000000000000000000e+00 0.000000000000000000e+00 0.000000000000000000e+00 1.000000000000000000e+00
1.716201615883409977e+09 -4.097045898437500000e+00 -1.219418239593506037e+01 -7.091967463493347168e-01 0.000000000000000000e+00 0.000000000000000000e+00 0.000000000000000000e+00 1.000000000000000000e+00
1.716201615933616877e+09 -4.125321388244628906e+00 -1.218518257141113281e+01 -7.062102556228637695e-01 0.000000000000000000e+00 0.000000000000000000e+00 0.000000000000000000e+00 1.000000000000000000e+00
1.716201616035449266e+09 -4.206462860107421875e+00 -1.215575790405273438e+01 -6.974735856056213379e-01 0.000000000000000000e+00 0.000000000000000000e+00 0.000000000000000000e+00 1.000000000000000000e+00
1.716201616134902716e+09 -4.233683586120605469e+00 -1.214668464660644354e+01 -6.953511238098144531e-01 0.000000000000000000e+00 0.000000000000000000e+00 0.000000000000000000e+00 1.000000000000000000e+00
1.716201616184833765e+09 -4.286995410919189453e+00 -1.212834548950195135e+01 -6.932647824287414551e-01 0.000000000000000000e+00 0.000000000000000000e+00 0.000000000000000000e+00 1.000000000000000000e+00
1.716201616285371542e+09 -4.315077781677246094e+00 -1.211955451965332031e+01 -6.927354335784912109e-01 0.000000000000000000e+00 0.000000000000000000e+00 0.000000000000000000e+00 1.000000000000000000e+00
1.716201616335389137e+09 -4.342947483062744141e+00 -1.211087608337402344e+01 -6.916002631187438965e-01 0.000000000000000000e+00 0.000000000000000000e+00 0.000000000000000000e+00 1.000000000000000000e+00
1.716201616435557842e+09 -4.397903442382812500e+00 -1.209361362457275391e+01 -6.892175078392028809e-01 0.000000000000000000e+00 0.000000000000000000e+00 0.000000000000000000e+00 1.000000000000000000e+00
1.716201616485892057e+09 -4.425599575042724609e+00 -1.208601379394531250e+01 -6.872773766517639160e-01 0.000000000000000000e+00 0.000000000000000000e+00 0.000000000000000000e+00 1.000000000000000000e+00
1.716201616536676645e+09 -4.455501079559326172e+00 -1.208293342590332031e+01 -6.853542923927307129e-01 0.000000000000000000e+00 0.000000000000000000e+00 0.000000000000000000e+00 1.000000000000000000e+00
1.716201616586180449e+09 -4.485404014587402344e+00 -1.207769680023193359e+01 -6.829961538314819336e-01 0.000000000000000000e+00 0.000000000000000000e+00 0.000000000000000000e+00 1.000000000000000000e+00
1.716201616636378765e+09 -4.541268348693847656e+00 -1.206463909149169922e+01 -6.755316257476806641e-01 0.000000000000000000e+00 0.000000000000000000e+00 0.000000000000000000e+00 1.000000000000000000e+00
1.716201616736857891e+09 -4.569477558135986328e+00 -1.205899143218993963e+01 -6.717751026153564453e-01 0.000000000000000000e+00 0.000000000000000000e+00 0.000000000000000000e+00 1.000000000000000000e+00
1.716201616837374449e+09 -4.600479602813720703e+00 -1.205759239196777166e+01 -6.682536602020263672e-01 0.000000000000000000e+00 0.000000000000000000e+00 0.000000000000000000e+00 1.000000000000000000e+00
1.716201616888065577e+09 -4.683544635772705078e+00 -1.204238891601562322e+01 -6.532046198844909668e-01 0.000000000000000000e+00 0.000000000000000000e+00 0.000000000000000000e+00 1.000000000000000000e+00
1.716201616987748861e+09 -4.712636947631835938e+00 -1.204279518127441406e+01 -6.482439637184143066e-01 0.000000000000000000e+00 0.000000000000000000e+00 0.000000000000000000e+00 1.000000000000000000e+00
1.716201617038200378e+09 -4.737660408020020419e+00 -1.203938007354736328e+01 -6.428013443946838379e-01 0.000000000000000000e+00 0.000000000000000000e+00 0.000000000000000000e+00 1.000000000000000000e+00
1.716201617138360500e+09 -4.816676616668701172e+00 -1.202484798431396484e+01 -6.213917732238769531e-01 0.000000000000000000e+00 0.000000000000000000e+00 0.000000000000000000e+00 1.000000000000000000e+00
1.716201617238758326e+09 -4.843676090240479404e+00 -1.202401161193847656e+01 -6.140764355659484863e-01 0.000000000000000000e+00 0.000000000000000000e+00 0.000000000000000000e+00 1.000000000000000000e+00
1.716201617288782120e+09 -4.895461559295654297e+00 -1.201490974426269531e+01 -5.959978699684143066e-01 0.000000000000000000e+00 0.000000000000000000e+00 0.000000000000000000e+00 1.000000000000000000e+00
1.716201617389523029e+09 -4.920525550842285156e+00 -1.200959873199462713e+01 -5.864449739456176758e-01 0.000000000000000000e+00 0.000000000000000000e+00 0.000000000000000000e+00 1.000000000000000000e+00
1.716201617439685345e+09 -4.945826530456542969e+00 -1.200821399688720881e+01 -5.786062479019165039e-01 0.000000000000000000e+00 0.000000000000000000e+00 0.000000000000000000e+00 1.000000000000000000e+00
1.716201617489496946e+09 -4.971487998962402344e+00 -1.200336551666259766e+01 -5.706042647361755371e-01 0.000000000000000000e+00 0.000000000000000000e+00 0.000000000000000000e+00 1.000000000000000000e+00
1.716201617539748907e+09 -4.996849060058593750e+00 -1.199836826324462713e+01 -5.638620853424072266e-01 0.000000000000000000e+00 0.000000000000000000e+00 0.000000000000000000e+00 1.000000000000000000e+00
1.716201617590104342e+09 -5.024265289306640625e+00 -1.199665069580077947e+01 -5.582347512245178223e-01 0.000000000000000000e+00 0.000000000000000000e+00 0.000000000000000000e+00 1.000000000000000000e+00
1.716201617644018888e+09 -5.048458576202392578e+00 -1.199386596679687678e+01 -5.536005496978759766e-01 0.000000000000000000e+00 0.000000000000000000e+00 0.000000000000000000e+00 1.000000000000000000e+00
1.716201617690247059e+09 -5.072429180145263672e+00 -1.198882198333740234e+01 -5.496025085449218750e-01 0.000000000000000000e+00 0.000000000000000000e+00 0.000000000000000000e+00 1.000000000000000000e+00
1.716201617740437746e+09 -5.121615886688232422e+00 -1.197856521606445135e+01 -5.450752377510070801e-01 0.000000000000000000e+00 0.000000000000000000e+00 0.000000000000000000e+00 1.000000000000000000e+00
1.716201617790762424e+09 -5.145018577575683594e+00 -1.197306537628173828e+01 -5.443219542503356934e-01 0.000000000000000000e+00 0.000000000000000000e+00 0.000000000000000000e+00 1.000000000000000000e+00
1.716201617891524553e+09 -5.169590473175048828e+00 -1.197105884552001953e+01 -5.457227826118469238e-01 0.000000000000000000e+00 0.000000000000000000e+00 0.000000000000000000e+00 1.000000000000000000e+00
1.716201617991379023e+09 -5.214446067810058594e+00 -1.196355342864990234e+01 -5.532884597778320312e-01 0.000000000000000000e+00 0.000000000000000000e+00 0.000000000000000000e+00 1.000000000000000000e+00
1.716201618292319775e+09 -5.332906723022460938e+00 -1.193036365509033203e+01 -6.093396544456481934e-01 0.000000000000000000e+00 0.000000000000000000e+00 0.000000000000000000e+00 1.000000000000000000e+00
1.716201618392702579e+09 -5.344073772430419922e+00 -1.192498493194580078e+01 -6.178298592567443848e-01 0.000000000000000000e+00 0.000000000000000000e+00 0.000000000000000000e+00 1.000000000000000000e+00
1.716201618442813396e+09 -5.352111816406250000e+00 -1.191782188415527166e+01 -6.254131197929382324e-01 0.000000000000000000e+00 0.000000000000000000e+00 0.000000000000000000e+00 1.000000000000000000e+00
1.716201618492975950e+09 -5.364693641662597656e+00 -1.190262508392333984e+01 -6.415964365005493164e-01 0.000000000000000000e+00 0.000000000000000000e+00 0.000000000000000000e+00 1.000000000000000000e+00
1.716201618543077946e+09 -5.369295120239257812e+00 -1.189467620849609375e+01 -6.495872735977172852e-01 0.000000000000000000e+00 0.000000000000000000e+00 0.000000000000000000e+00 1.000000000000000000e+00
1.716201618593444347e+09 -5.370178222656250000e+00 -1.187979221343993963e+01 -6.559567451477050781e-01 0.000000000000000000e+00 0.000000000000000000e+00 0.000000000000000000e+00 1.000000000000000000e+00
1.716201618643691778e+09 -5.373105525970458984e+00 -1.186931896209716797e+01 -6.635196805000305176e-01 0.000000000000000000e+00 0.000000000000000000e+00 0.000000000000000000e+00 1.000000000000000000e+00
1.716201618744078875e+09 -5.374511718750000000e+00 -1.185736083984375000e+01 -6.707443594932556152e-01 0.000000000000000000e+00 0.000000000000000000e+00 0.000000000000000000e+00 1.000000000000000000e+00
1.716201618794175386e+09 -5.370562553405761719e+00 -1.183593273162841797e+01 -6.760219335556030273e-01 0.000000000000000000e+00 0.000000000000000000e+00 0.000000000000000000e+00 1.000000000000000000e+00
1.716201618844331741e+09 -5.368622779846191406e+00 -1.182236671447754084e+01 -6.819803714752197266e-01 0.000000000000000000e+00 0.000000000000000000e+00 0.000000000000000000e+00 1.000000000000000000e+00
1.716201618894649029e+09 -5.365625858306884766e+00 -1.180710887908935547e+01 -6.876010298728942871e-01 0.000000000000000000e+00 0.000000000000000000e+00 0.000000000000000000e+00 1.000000000000000000e+00
1.716201618995032072e+09 -5.350615501403808594e+00 -1.175570487976074219e+01 -6.953123211860656738e-01 0.000000000000000000e+00 0.000000000000000000e+00 0.000000000000000000e+00 1.000000000000000000e+00
1.716201619045063734e+09 -5.345194816589356357e+00 -1.173623847961425781e+01 -6.994270682334899902e-01 0.000000000000000000e+00 0.000000000000000000e+00 0.000000000000000000e+00 1.000000000000000000e+00
1.716201619096304417e+09 -5.332257747650146484e+00 -1.169387722015380859e+01 -7.071660161018371582e-01 0.000000000000000000e+00 0.000000000000000000e+00 0.000000000000000000e+00 1.000000000000000000e+00
1.716201619145699739e+09 -5.324830055236816406e+00 -1.167109584808349609e+01 -7.099692821502685547e-01 0.000000000000000000e+00 0.000000000000000000e+00 0.000000000000000000e+00 1.000000000000000000e+00
1.716201619245997667e+09 -5.305788516998291016e+00 -1.162444114685058594e+01 -7.077667713165283203e-01 0.000000000000000000e+00 0.000000000000000000e+00 0.000000000000000000e+00 1.000000000000000000e+00
1.716201619296181202e+09 -5.286310195922851562e+00 -1.157375240325927557e+01 -7.102397680282592773e-01 0.000000000000000000e+00 0.000000000000000000e+00 0.000000000000000000e+00 1.000000000000000000e+00
1.716201619346314907e+09 -5.276051521301269531e+00 -1.154598522186279119e+01 -7.107738256454467773e-01 0.000000000000000000e+00 0.000000000000000000e+00 0.000000000000000000e+00 1.000000000000000000e+00
1.716201619396816730e+09 -5.265579700469970703e+00 -1.151732158660888850e+01 -7.106467485427856445e-01 0.000000000000000000e+00 0.000000000000000000e+00 0.000000000000000000e+00 1.000000000000000000e+00
1.716201619497341871e+09 -5.231299877166748047e+00 -1.142514419555664062e+01 -7.026933431625366211e-01 0.000000000000000000e+00 0.000000000000000000e+00 0.000000000000000000e+00 1.000000000000000000e+00
1.716201619547616243e+09 -5.220249176025390625e+00 -1.139155006408691406e+01 -7.005040049552917480e-01 0.000000000000000000e+00 0.000000000000000000e+00 0.000000000000000000e+00 1.000000000000000000e+00
1.716201619598019600e+09 -5.209077835083007812e+00 -1.135803890228271662e+01 -6.981561183929443359e-01 0.000000000000000000e+00 0.000000000000000000e+00 0.000000000000000000e+00 1.000000000000000000e+00
1.716201619648073435e+09 -5.181082248687744141e+00 -1.129114437103271662e+01 -6.888283491134643555e-01 0.000000000000000000e+00 0.000000000000000000e+00 0.000000000000000000e+00 1.000000000000000000e+00
1.716201619748490572e+09 -5.166979312896728516e+00 -1.125586032867431641e+01 -6.852523684501647949e-01 0.000000000000000000e+00 0.000000000000000000e+00 0.000000000000000000e+00 1.000000000000000000e+00
1.716201619798619986e+09 -5.137548923492431641e+00 -1.118381690979004084e+01 -6.770600080490112305e-01 0.000000000000000000e+00 0.000000000000000000e+00 0.000000000000000000e+00 1.000000000000000000e+00
1.716201619848834753e+09 -5.122635841369628906e+00 -1.114567470550537287e+01 -6.728344559669494629e-01 0.000000000000000000e+00 0.000000000000000000e+00 0.000000000000000000e+00 1.000000000000000000e+00
1.716201620002923965e+09 -5.059289932250976562e+00 -1.099244308471679688e+01 -6.507743597030639648e-01 0.000000000000000000e+00 0.000000000000000000e+00 0.000000000000000000e+00 1.000000000000000000e+00
1.716201620049641609e+09 -5.042792797088623047e+00 -1.095087528228759766e+01 -6.448953747749328613e-01 0.000000000000000000e+00 0.000000000000000000e+00 0.000000000000000000e+00 1.000000000000000000e+00
1.716201620151493549e+09 -5.009555339813232422e+00 -1.087147712707519531e+01 -6.317317485809326172e-01 0.000000000000000000e+00 0.000000000000000000e+00 0.000000000000000000e+00 1.000000000000000000e+00
1.716201620251264572e+09 -4.965237140655517578e+00 -1.074965667724609375e+01 -6.157054305076599121e-01 0.000000000000000000e+00 0.000000000000000000e+00 0.000000000000000000e+00 1.000000000000000000e+00
1.716201620350944757e+09 -4.933556556701660156e+00 -1.067153453826904475e+01 -6.037504076957702637e-01 0.000000000000000000e+00 0.000000000000000000e+00 0.000000000000000000e+00 1.000000000000000000e+00
1.716201620400799751e+09 -4.902955055236816406e+00 -1.059027290344238459e+01 -5.938371419906616211e-01 0.000000000000000000e+00 0.000000000000000000e+00 0.000000000000000000e+00 1.000000000000000000e+00
1.716201620501321077e+09 -4.871020317077636719e+00 -1.051226043701172053e+01 -5.818947553634643555e-01 0.000000000000000000e+00 0.000000000000000000e+00 0.000000000000000000e+00 1.000000000000000000e+00
1.716201620551461220e+09 -4.844788074493408203e+00 -1.043326377868652344e+01 -5.728748440742492676e-01 0.000000000000000000e+00 0.000000000000000000e+00 0.000000000000000000e+00 1.000000000000000000e+00
1.716201620601645231e+09 -4.831833362579345703e+00 -1.039439868927001953e+01 -5.675958395004272461e-01 0.000000000000000000e+00 0.000000000000000000e+00 0.000000000000000000e+00 1.000000000000000000e+00
1.716201620701935053e+09 -4.807147502899169922e+00 -1.031489372253417969e+01 -5.574154853820800781e-01 0.000000000000000000e+00 0.000000000000000000e+00 0.000000000000000000e+00 1.000000000000000000e+00
1.716201620802378178e+09 -4.766912937164306641e+00 -1.020043087005615234e+01 -5.395315885543823242e-01 0.000000000000000000e+00 0.000000000000000000e+00 0.000000000000000000e+00 1.000000000000000000e+00
1.716201620903021574e+09 -4.746763706207275391e+00 -1.012545776367187678e+01 -5.295812487602233887e-01 0.000000000000000000e+00 0.000000000000000000e+00 0.000000000000000000e+00 1.000000000000000000e+00
1.716201621002975702e+09 -4.713618755340576172e+00 -1.001951789855957031e+01 -5.140142440795898438e-01 0.000000000000000000e+00 0.000000000000000000e+00 0.000000000000000000e+00 1.000000000000000000e+00
1.716201621103200674e+09 -4.698309898376464844e+00 -9.947546005249023438e+00 -5.055211186408996582e-01 0.000000000000000000e+00 0.000000000000000000e+00 0.000000000000000000e+00 1.000000000000000000e+00
1.716201621203477859e+09 -4.669781208038330078e+00 -9.847059249877929688e+00 -4.908424317836760919e-01 0.000000000000000000e+00 0.000000000000000000e+00 0.000000000000000000e+00 1.000000000000000000e+00
1.716201621304207087e+09 -4.657647132873535156e+00 -9.781502723693847656e+00 -4.818000793457031250e-01 0.000000000000000000e+00 0.000000000000000000e+00 0.000000000000000000e+00 1.000000000000000000e+00
1.716201621354367971e+09 -4.652588844299316406e+00 -9.748895645141601562e+00 -4.767765402793884277e-01 0.000000000000000000e+00 0.000000000000000000e+00 0.000000000000000000e+00 1.000000000000000000e+00
1.716201621454863310e+09 -4.634623050689697266e+00 -9.689786911010742188e+00 -4.661226868629455011e-01 0.000000000000000000e+00 0.000000000000000000e+00 0.000000000000000000e+00 1.000000000000000000e+00
1.716201621505068779e+09 -4.623675823211669922e+00 -9.626339912414550781e+00 -4.546447098255156916e-01 0.000000000000000000e+00 0.000000000000000000e+00 0.000000000000000000e+00 1.000000000000000000e+00
1.716201621555235386e+09 -4.617273330688476562e+00 -9.594604492187500000e+00 -4.483227133750914972e-01 0.000000000000000000e+00 0.000000000000000000e+00 0.000000000000000000e+00 1.000000000000000000e+00
1.716201621656487226e+09 -4.598783493041992188e+00 -9.538161277770996094e+00 -4.367213845252990723e-01 0.000000000000000000e+00 0.000000000000000000e+00 0.000000000000000000e+00 1.000000000000000000e+00
1.716201621705630541e+09 -4.593643188476562500e+00 -9.511336326599119317e+00 -4.309467077255249023e-01 0.000000000000000000e+00 0.000000000000000000e+00 0.000000000000000000e+00 1.000000000000000000e+00
1.716201621755858660e+09 -4.582999706268311435e+00 -9.456887245178224433e+00 -4.185439944267272949e-01 0.000000000000000000e+00 0.000000000000000000e+00 0.000000000000000000e+00 1.000000000000000000e+00
1.716201621806025505e+09 -4.577786445617675781e+00 -9.431134223937988281e+00 -4.131507873535156250e-01 0.000000000000000000e+00 0.000000000000000000e+00 0.000000000000000000e+00 1.000000000000000000e+00
1.716201621906294107e+09 -4.561045169830322266e+00 -9.382510185241699219e+00 -4.032421112060546875e-01 0.000000000000000000e+00 0.000000000000000000e+00 0.000000000000000000e+00 1.000000000000000000e+00
1.716201621956512451e+09 -4.551091194152832031e+00 -9.335907936096191406e+00 -3.949214518070220947e-01 0.000000000000000000e+00 0.000000000000000000e+00 0.000000000000000000e+00 1.000000000000000000e+00
1.716201622006628036e+09 -4.545061588287353516e+00 -9.312499046325683594e+00 -3.910195827484130859e-01 0.000000000000000000e+00 0.000000000000000000e+00 0.000000000000000000e+00 1.000000000000000000e+00
1.716201622057328463e+09 -4.539812088012695312e+00 -9.290840148925779474e+00 -3.877523243427276056e-01 0.000000000000000000e+00 0.000000000000000000e+00 0.000000000000000000e+00 1.000000000000000000e+00
1.716201622157197237e+09 -4.517965316772460938e+00 -9.227745056152343750e+00 -3.777473568916320801e-01 0.000000000000000000e+00 0.000000000000000000e+00 0.000000000000000000e+00 1.000000000000000000e+00
1.716201622207328558e+09 -4.511758804321289062e+00 -9.206340789794921875e+00 -3.755092620849608820e-01 0.000000000000000000e+00 0.000000000000000000e+00 0.000000000000000000e+00 1.000000000000000000e+00
1.716201622257931232e+09 -4.506125926971436435e+00 -9.185566902160644531e+00 -3.743525445461273193e-01 0.000000000000000000e+00 0.000000000000000000e+00 0.000000000000000000e+00 1.000000000000000000e+00
1.716201622357945204e+09 -4.485585212707520419e+00 -9.124115943908691406e+00 -3.697643280029296875e-01 0.000000000000000000e+00 0.000000000000000000e+00 0.000000000000000000e+00 1.000000000000000000e+00
1.716201622408143759e+09 -4.479705333709716797e+00 -9.103079795837402344e+00 -3.704521358013153076e-01 0.000000000000000000e+00 0.000000000000000000e+00 0.000000000000000000e+00 1.000000000000000000e+00
1.716201622458277941e+09 -4.464022636413574219e+00 -9.062665939331056464e+00 -3.675696551799774170e-01 0.000000000000000000e+00 0.000000000000000000e+00 0.000000000000000000e+00 1.000000000000000000e+00
1.716201622508443117e+09 -4.457139015197753906e+00 -9.040911674499511719e+00 -3.686127960681914728e-01 0.000000000000000000e+00 0.000000000000000000e+00 0.000000000000000000e+00 1.000000000000000000e+00
1.716201622558713675e+09 -4.451286315917968750e+00 -9.018467903137208808e+00 -3.705117702484130859e-01 0.000000000000000000e+00 0.000000000000000000e+00 0.000000000000000000e+00 1.000000000000000000e+00
1.716201622659064770e+09 -4.440242290496826172e+00 -8.972890853881835938e+00 -3.759740591049193781e-01 0.000000000000000000e+00 0.000000000000000000e+00 0.000000000000000000e+00 1.000000000000000000e+00
1.716201622759351730e+09 -4.424400329589843750e+00 -8.927599906921386719e+00 -3.749663829803466797e-01 0.000000000000000000e+00 0.000000000000000000e+00 0.000000000000000000e+00 1.000000000000000000e+00
1.716201622809561014e+09 -4.418799877166748047e+00 -8.903398513793945312e+00 -3.791043460369110107e-01 0.000000000000000000e+00 0.000000000000000000e+00 0.000000000000000000e+00 1.000000000000000000e+00
1.716201622859794378e+09 -4.408298969268798828e+00 -8.852111816406250000e+00 -3.884590268135070801e-01 0.000000000000000000e+00 0.000000000000000000e+00 0.000000000000000000e+00 1.000000000000000000e+00
1.716201622909932137e+09 -4.403575420379638672e+00 -8.824812889099121094e+00 -3.942312300205230158e-01 0.000000000000000000e+00 0.000000000000000000e+00 0.000000000000000000e+00 1.000000000000000000e+00
1.716201622960149288e+09 -4.387922763824462891e+00 -8.774178504943847656e+00 -3.961913287639617920e-01 0.000000000000000000e+00 0.000000000000000000e+00 0.000000000000000000e+00 1.000000000000000000e+00
1.716201623060562849e+09 -4.378758430480957031e+00 -8.717481613159179688e+00 -4.110266864299774170e-01 0.000000000000000000e+00 0.000000000000000000e+00 0.000000000000000000e+00 1.000000000000000000e+00
1.716201623110722542e+09 -4.374612808227539062e+00 -8.689170837402343750e+00 -4.196956753730773926e-01 0.000000000000000000e+00 0.000000000000000000e+00 0.000000000000000000e+00 1.000000000000000000e+00
1.716201623211448431e+09 -4.358979701995849609e+00 -8.637793540954589844e+00 -4.245123863220214844e-01 0.000000000000000000e+00 0.000000000000000000e+00 0.000000000000000000e+00 1.000000000000000000e+00
1.716201623261304855e+09 -4.348167419433593750e+00 -8.581542015075683594e+00 -4.451825320720672052e-01 0.000000000000000000e+00 0.000000000000000000e+00 0.000000000000000000e+00 1.000000000000000000e+00
1.716201623312026978e+09 -4.341244697570800781e+00 -8.555326461791992188e+00 -4.552967250347136896e-01 0.000000000000000000e+00 0.000000000000000000e+00 0.000000000000000000e+00 1.000000000000000000e+00
1.716201623412096024e+09 -4.323914527893066406e+00 -8.509628295898437500e+00 -4.634782373905181885e-01 0.000000000000000000e+00 0.000000000000000000e+00 0.000000000000000000e+00 1.000000000000000000e+00
1.716201623462210894e+09 -4.305830955505371094e+00 -8.460059165954589844e+00 -4.849119782447814941e-01 0.000000000000000000e+00 0.000000000000000000e+00 0.000000000000000000e+00 1.000000000000000000e+00
1.716201623512237787e+09 -4.295664787292480469e+00 -8.434961318969726562e+00 -4.967676699161528986e-01 0.000000000000000000e+00 0.000000000000000000e+00 0.000000000000000000e+00 1.000000000000000000e+00
1.716201623613343000e+09 -4.265208244323730469e+00 -8.369103431701660156e+00 -5.159308910369873047e-01 0.000000000000000000e+00 0.000000000000000000e+00 0.000000000000000000e+00 1.000000000000000000e+00
1.716201623663140059e+09 -4.254028797149658203e+00 -8.345511436462402344e+00 -5.280079841613769531e-01 0.000000000000000000e+00 0.000000000000000000e+00 0.000000000000000000e+00 1.000000000000000000e+00
1.716201623713242054e+09 -4.242951869964599609e+00 -8.323996543884277344e+00 -5.406329631805419922e-01 0.000000000000000000e+00 0.000000000000000000e+00 0.000000000000000000e+00 1.000000000000000000e+00
1.716201623763345718e+09 -4.230480194091796875e+00 -8.301963806152343750e+00 -5.534288287162780762e-01 0.000000000000000000e+00 0.000000000000000000e+00 0.000000000000000000e+00 1.000000000000000000e+00
1.716201623814085960e+09 -4.208299636840820312e+00 -8.264035224914550781e+00 -5.620532631874084473e-01 0.000000000000000000e+00 0.000000000000000000e+00 0.000000000000000000e+00 1.000000000000000000e+00
1.716201623864335537e+09 -4.193398952484130859e+00 -8.243001937866210938e+00 -5.754865407943725586e-01 0.000000000000000000e+00 0.000000000000000000e+00 0.000000000000000000e+00 1.000000000000000000e+00
1.716201623914713383e+09 -4.176480293273925781e+00 -8.224204063415527344e+00 -5.885077118873596191e-01 0.000000000000000000e+00 0.000000000000000000e+00 0.000000000000000000e+00 1.000000000000000000e+00
1.716201623964679718e+09 -4.159242630004882812e+00 -8.204427719116210938e+00 -6.013122797012329102e-01 0.000000000000000000e+00 0.000000000000000000e+00 0.000000000000000000e+00 1.000000000000000000e+00
1.716201624014822721e+09 -4.132123470306396484e+00 -8.168010711669921875e+00 -6.086603403091430664e-01 0.000000000000000000e+00 0.000000000000000000e+00 0.000000000000000000e+00 1.000000000000000000e+00
1.716201624065053701e+09 -4.114534378051757812e+00 -8.150029182434082031e+00 -6.193050146102905273e-01 0.000000000000000000e+00 0.000000000000000000e+00 0.000000000000000000e+00 1.000000000000000000e+00
1.716201624115056038e+09 -4.096830844879150391e+00 -8.133201599121093750e+00 -6.300090551376342773e-01 0.000000000000000000e+00 0.000000000000000000e+00 0.000000000000000000e+00 1.000000000000000000e+00
1.716201624165715933e+09 -4.069289207458496094e+00 -8.096517562866210938e+00 -6.343163251876831055e-01 0.000000000000000000e+00 0.000000000000000000e+00 0.000000000000000000e+00 1.000000000000000000e+00
1.716201624215429783e+09 -4.051080226898193359e+00 -8.078163146972656250e+00 -6.427674889564514160e-01 0.000000000000000000e+00 0.000000000000000000e+00 0.000000000000000000e+00 1.000000000000000000e+00
1.716201624265616894e+09 -4.032709598541259766e+00 -8.059073448181152344e+00 -6.498379111289978027e-01 0.000000000000000000e+00 0.000000000000000000e+00 0.000000000000000000e+00 1.000000000000000000e+00
1.716201624315986872e+09 -4.013247013092041016e+00 -8.038430213928222656e+00 -6.560554504394531250e-01 0.000000000000000000e+00 0.000000000000000000e+00 0.000000000000000000e+00 1.000000000000000000e+00
1.716201624416022539e+09 -3.974972248077392578e+00 -7.999834060668945312e+00 -6.655177474021911621e-01 0.000000000000000000e+00 0.000000000000000000e+00 0.000000000000000000e+00 1.000000000000000000e+00
1.716201624466197014e+09 -3.945954561233520952e+00 -7.959812164306640625e+00 -6.629374027252197266e-01 0.000000000000000000e+00 0.000000000000000000e+00 0.000000000000000000e+00 1.000000000000000000e+00
1.716201624516644955e+09 -3.927223443984985796e+00 -7.939886093139648438e+00 -6.647949218750000000e-01 0.000000000000000000e+00 0.000000000000000000e+00 0.000000000000000000e+00 1.000000000000000000e+00
1.716201624566399813e+09 -3.908686399459838867e+00 -7.919986248016357422e+00 -6.661448478698730469e-01 0.000000000000000000e+00 0.000000000000000000e+00 0.000000000000000000e+00 1.000000000000000000e+00
1.716201624616748095e+09 -3.890877246856689453e+00 -7.901031017303466797e+00 -6.668661832809448242e-01 0.000000000000000000e+00 0.000000000000000000e+00 0.000000000000000000e+00 1.000000000000000000e+00
1.716201624666988850e+09 -3.860593318939208984e+00 -7.857981204986572266e+00 -6.605954170227050781e-01 0.000000000000000000e+00 0.000000000000000000e+00 0.000000000000000000e+00 1.000000000000000000e+00
1.716201624717250824e+09 -3.841865062713623047e+00 -7.838703632354736328e+00 -6.598524451255798340e-01 0.000000000000000000e+00 0.000000000000000000e+00 0.000000000000000000e+00 1.000000000000000000e+00
1.716201624767264366e+09 -3.822871685028076172e+00 -7.819732189178466797e+00 -6.584189534187316895e-01 0.000000000000000000e+00 0.000000000000000000e+00 0.000000000000000000e+00 1.000000000000000000e+00
1.716201624817453861e+09 -3.804605245590209961e+00 -7.800598621368408203e+00 -6.562367677688598633e-01 0.000000000000000000e+00 0.000000000000000000e+00 0.000000000000000000e+00 1.000000000000000000e+00
1.716201624867584229e+09 -3.776293277740479404e+00 -7.761712551116943359e+00 -6.478037834167480469e-01 0.000000000000000000e+00 0.000000000000000000e+00 0.000000000000000000e+00 1.000000000000000000e+00
1.716201624918243408e+09 -3.757676124572753906e+00 -7.743093967437744141e+00 -6.442912220954895020e-01 0.000000000000000000e+00 0.000000000000000000e+00 0.000000000000000000e+00 1.000000000000000000e+00
1.716201624968415499e+09 -3.738801717758178267e+00 -7.724833011627197266e+00 -6.398916244506835938e-01 0.000000000000000000e+00 0.000000000000000000e+00 0.000000000000000000e+00 1.000000000000000000e+00
1.716201625018585682e+09 -3.719575405120849609e+00 -7.706842422485351562e+00 -6.350854039192199707e-01 0.000000000000000000e+00 0.000000000000000000e+00 0.000000000000000000e+00 1.000000000000000000e+00
1.716201625068712711e+09 -3.690451860427856001e+00 -7.668921470642089844e+00 -6.244050264358520508e-01 0.000000000000000000e+00 0.000000000000000000e+00 0.000000000000000000e+00 1.000000000000000000e+00
1.716201625119112492e+09 -3.670889139175415039e+00 -7.652346134185791016e+00 -6.191056966781616211e-01 0.000000000000000000e+00 0.000000000000000000e+00 0.000000000000000000e+00 1.000000000000000000e+00
1.716201625169543982e+09 -3.650305271148681641e+00 -7.635156154632568359e+00 -6.136113405227661133e-01 0.000000000000000000e+00 0.000000000000000000e+00 0.000000000000000000e+00 1.000000000000000000e+00
1.716201625219441652e+09 -3.629307031631469727e+00 -7.618192672729492188e+00 -6.079525351524353027e-01 0.000000000000000000e+00 0.000000000000000000e+00 0.000000000000000000e+00 1.000000000000000000e+00
1.716201625269779921e+09 -3.598315000534057617e+00 -7.581315517425537109e+00 -5.964946746826171875e-01 0.000000000000000000e+00 0.000000000000000000e+00 0.000000000000000000e+00 1.000000000000000000e+00
1.716201625319921494e+09 -3.578197002410888672e+00 -7.567318439483642578e+00 -5.908324718475341797e-01 0.000000000000000000e+00 0.000000000000000000e+00 0.000000000000000000e+00 1.000000000000000000e+00
1.716201625370110035e+09 -3.557175397872924805e+00 -7.552845001220703125e+00 -5.842334032058715820e-01 0.000000000000000000e+00 0.000000000000000000e+00 0.000000000000000000e+00 1.000000000000000000e+00
1.716201625420679092e+09 -3.535943031311035156e+00 -7.539466857910156250e+00 -5.780705809593200684e-01 0.000000000000000000e+00 0.000000000000000000e+00 0.000000000000000000e+00 1.000000000000000000e+00
1.716201625470997572e+09 -3.513719558715820312e+00 -7.525357723236083984e+00 -5.720273852348327637e-01 0.000000000000000000e+00 0.000000000000000000e+00 0.000000000000000000e+00 1.000000000000000000e+00
1.716201625571271658e+09 -3.482096195220947710e+00 -7.491982460021972656e+00 -5.609121918678283691e-01 0.000000000000000000e+00 0.000000000000000000e+00 0.000000000000000000e+00 1.000000000000000000e+00
1.716201625621505499e+09 -3.435315370559692383e+00 -7.464442253112792969e+00 -5.497857332229614258e-01 0.000000000000000000e+00 0.000000000000000000e+00 0.000000000000000000e+00 1.000000000000000000e+00
1.716201625671532393e+09 -3.412314653396606445e+00 -7.450380802154541016e+00 -5.444589257240295410e-01 0.000000000000000000e+00 0.000000000000000000e+00 0.000000000000000000e+00 1.000000000000000000e+00
1.716201625722160578e+09 -3.388615846633911133e+00 -7.437443256378173828e+00 -5.402234792709350586e-01 0.000000000000000000e+00 0.000000000000000000e+00 0.000000000000000000e+00 1.000000000000000000e+00
1.716201625823165894e+09 -3.333085298538208008e+00 -7.390463829040527344e+00 -5.268653035163879395e-01 0.000000000000000000e+00 0.000000000000000000e+00 0.000000000000000000e+00 1.000000000000000000e+00
1.716201625872505665e+09 -3.311371564865112305e+00 -7.378229141235351562e+00 -5.246935486793518066e-01 0.000000000000000000e+00 0.000000000000000000e+00 0.000000000000000000e+00 1.000000000000000000e+00
1.716201625922612906e+09 -3.289455652236938477e+00 -7.364728450775145596e+00 -5.232472419738769531e-01 0.000000000000000000e+00 0.000000000000000000e+00 0.000000000000000000e+00 1.000000000000000000e+00
1.716201626022953272e+09 -3.237147331237792969e+00 -7.319857597351074219e+00 -5.166420936584472656e-01 0.000000000000000000e+00 0.000000000000000000e+00 0.000000000000000000e+00 1.000000000000000000e+00
1.716201626073007822e+09 -3.214600801467895508e+00 -7.305248737335205078e+00 -5.158031582832336426e-01 0.000000000000000000e+00 0.000000000000000000e+00 0.000000000000000000e+00 1.000000000000000000e+00
1.716201626123281002e+09 -3.192919492721557617e+00 -7.292258739471435547e+00 -5.157693028450012207e-01 0.000000000000000000e+00 0.000000000000000000e+00 0.000000000000000000e+00 1.000000000000000000e+00
1.716201626223609686e+09 -3.142458438873291016e+00 -7.246925354003906250e+00 -5.110714435577392578e-01 0.000000000000000000e+00 0.000000000000000000e+00 0.000000000000000000e+00 1.000000000000000000e+00
1.716201626273773670e+09 -3.122232437133789062e+00 -7.235175132751464844e+00 -5.120617747306823730e-01 0.000000000000000000e+00 0.000000000000000000e+00 0.000000000000000000e+00 1.000000000000000000e+00
1.716201626323938847e+09 -3.102491855621337891e+00 -7.223217487335205078e+00 -5.129350423812866211e-01 0.000000000000000000e+00 0.000000000000000000e+00 0.000000000000000000e+00 1.000000000000000000e+00
1.716201626374005795e+09 -3.076773405075072798e+00 -7.195847034454345703e+00 -5.096962451934814453e-01 0.000000000000000000e+00 0.000000000000000000e+00 0.000000000000000000e+00 1.000000000000000000e+00
1.716201626424944401e+09 -3.058891296386718750e+00 -7.184143543243408203e+00 -5.106402635574340820e-01 0.000000000000000000e+00 0.000000000000000000e+00 0.000000000000000000e+00 1.000000000000000000e+00
1.716201626474739552e+09 -3.040423631668090820e+00 -7.172442436218261719e+00 -5.123834609985351562e-01 0.000000000000000000e+00 0.000000000000000000e+00 0.000000000000000000e+00 1.000000000000000000e+00
1.716201626525594473e+09 -3.016432762145996094e+00 -7.146131992340087891e+00 -5.104807615280151367e-01 0.000000000000000000e+00 0.000000000000000000e+00 0.000000000000000000e+00 1.000000000000000000e+00
1.716201626575145245e+09 -3.000001192092895508e+00 -7.135381698608398438e+00 -5.135871171951293945e-01 0.000000000000000000e+00 0.000000000000000000e+00 0.000000000000000000e+00 1.000000000000000000e+00
1.716201626625368595e+09 -2.985127925872802734e+00 -7.124929904937744141e+00 -5.172088146209716797e-01 0.000000000000000000e+00 0.000000000000000000e+00 0.000000000000000000e+00 1.000000000000000000e+00
1.716201626675604105e+09 -2.970958948135375977e+00 -7.114032268524169922e+00 -5.212981700897216797e-01 0.000000000000000000e+00 0.000000000000000000e+00 0.000000000000000000e+00 1.000000000000000000e+00
1.716201626725842237e+09 -2.957436084747314453e+00 -7.103865623474121094e+00 -5.257385969161987305e-01 0.000000000000000000e+00 0.000000000000000000e+00 0.000000000000000000e+00 1.000000000000000000e+00
1.716201626777786732e+09 -2.943767309188842773e+00 -7.094667911529541016e+00 -5.308548212051391602e-01 0.000000000000000000e+00 0.000000000000000000e+00 0.000000000000000000e+00 1.000000000000000000e+00
1.716201626826273203e+09 -2.926471471786499023e+00 -7.077586174011231357e+00 -5.334842205047607422e-01 0.000000000000000000e+00 0.000000000000000000e+00 0.000000000000000000e+00 1.000000000000000000e+00
1.716201626876358509e+09 -2.912223339080810547e+00 -7.070590019226074219e+00 -5.394082665443420410e-01 0.000000000000000000e+00 0.000000000000000000e+00 0.000000000000000000e+00 1.000000000000000000e+00
1.716201626926617146e+09 -2.897494792938232422e+00 -7.063675403594970703e+00 -5.456432104110717773e-01 0.000000000000000000e+00 0.000000000000000000e+00 0.000000000000000000e+00 1.000000000000000000e+00
1.716201626976627111e+09 -2.880899906158447710e+00 -7.052216053009033203e+00 -5.507968664169311523e-01 0.000000000000000000e+00 0.000000000000000000e+00 0.000000000000000000e+00 1.000000000000000000e+00
1.716201627026810884e+09 -2.866756916046142578e+00 -7.047832489013671875e+00 -5.588505268096923828e-01 0.000000000000000000e+00 0.000000000000000000e+00 0.000000000000000000e+00 1.000000000000000000e+00
1.716201627077088594e+09 -2.853549242019653320e+00 -7.043114662170410156e+00 -5.666338801383972168e-01 0.000000000000000000e+00 0.000000000000000000e+00 0.000000000000000000e+00 1.000000000000000000e+00
1.716201627127449036e+09 -2.839969396591186523e+00 -7.039235115051269531e+00 -5.757866501808166504e-01 0.000000000000000000e+00 0.000000000000000000e+00 0.000000000000000000e+00 1.000000000000000000e+00
1.716201627177331209e+09 -2.826308488845825195e+00 -7.036179065704345703e+00 -5.859299302101135254e-01 0.000000000000000000e+00 0.000000000000000000e+00 0.000000000000000000e+00 1.000000000000000000e+00
1.716201627227913141e+09 -2.812996149063110352e+00 -7.033968925476074219e+00 -5.963851213455200195e-01 0.000000000000000000e+00 0.000000000000000000e+00 0.000000000000000000e+00 1.000000000000000000e+00
1.716201627327840090e+09 -2.798846244812012163e+00 -7.031818866729736328e+00 -6.076302528381347656e-01 0.000000000000000000e+00 0.000000000000000000e+00 0.000000000000000000e+00 1.000000000000000000e+00
1.716201627378019810e+09 -2.771675586700439453e+00 -7.035505771636962891e+00 -6.350398063659667969e-01 0.000000000000000000e+00 0.000000000000000000e+00 0.000000000000000000e+00 1.000000000000000000e+00
1.716201627428139210e+09 -2.758089542388916016e+00 -7.037577152252197266e+00 -6.495726704597473145e-01 0.000000000000000000e+00 0.000000000000000000e+00 0.000000000000000000e+00 1.000000000000000000e+00
1.716201627528538465e+09 -2.744959592819213867e+00 -7.043366432189941406e+00 -6.657793521881103516e-01 0.000000000000000000e+00 0.000000000000000000e+00 0.000000000000000000e+00 1.000000000000000000e+00
1.716201627578790903e+09 -2.713948488235473633e+00 -7.053516387939453125e+00 -6.973001360893249512e-01 0.000000000000000000e+00 0.000000000000000000e+00 0.000000000000000000e+00 1.000000000000000000e+00
1.716201627628805399e+09 -2.696799516677856445e+00 -7.058791637420654297e+00 -7.122991681098937988e-01 0.000000000000000000e+00 0.000000000000000000e+00 0.000000000000000000e+00 1.000000000000000000e+00
1.716201627729584217e+09 -2.680082321166992188e+00 -7.069019794464111328e+00 -7.285100817680358887e-01 0.000000000000000000e+00 0.000000000000000000e+00 0.000000000000000000e+00 1.000000000000000000e+00
1.716201627779359818e+09 -2.644671440124512163e+00 -7.083651065826416016e+00 -7.562568187713623047e-01 0.000000000000000000e+00 0.000000000000000000e+00 0.000000000000000000e+00 1.000000000000000000e+00
1.716201627829794884e+09 -2.627951860427856445e+00 -7.091703414916992188e+00 -7.680502533912658691e-01 0.000000000000000000e+00 0.000000000000000000e+00 0.000000000000000000e+00 1.000000000000000000e+00
1.716201627929931164e+09 -2.610211849212646484e+00 -7.104166030883789062e+00 -7.809382677078247070e-01 0.000000000000000000e+00 0.000000000000000000e+00 0.000000000000000000e+00 1.000000000000000000e+00
1.716201627980260849e+09 -2.571012973785400391e+00 -7.120382308959960938e+00 -7.992333769798278809e-01 0.000000000000000000e+00 0.000000000000000000e+00 0.000000000000000000e+00 1.000000000000000000e+00
1.716201628030224562e+09 -2.550860881805419922e+00 -7.129503250122070312e+00 -8.072277903556823730e-01 0.000000000000000000e+00 0.000000000000000000e+00 0.000000000000000000e+00 1.000000000000000000e+00
1.716201628130640030e+09 -2.531863927841186523e+00 -7.140475273132324219e+00 -8.148538470268249512e-01 0.000000000000000000e+00 0.000000000000000000e+00 0.000000000000000000e+00 1.000000000000000000e+00
1.716201628180716753e+09 -2.492465257644653320e+00 -7.155569076538085938e+00 -8.247488737106323242e-01 0.000000000000000000e+00 0.000000000000000000e+00 0.000000000000000000e+00 1.000000000000000000e+00
1.716201628230918884e+09 -2.472978591918945312e+00 -7.163416862487792969e+00 -8.282337784767150879e-01 0.000000000000000000e+00 0.000000000000000000e+00 0.000000000000000000e+00 1.000000000000000000e+00
1.716201628331499577e+09 -2.452397584915161133e+00 -7.169001579284667969e+00 -8.294214606285095215e-01 0.000000000000000000e+00 0.000000000000000000e+00 0.000000000000000000e+00 1.000000000000000000e+00
1.716201628381641626e+09 -2.410737276077270508e+00 -7.181640625000000000e+00 -8.271554112434387207e-01 0.000000000000000000e+00 0.000000000000000000e+00 0.000000000000000000e+00 1.000000000000000000e+00
1.716201628431804180e+09 -2.390261411666870117e+00 -7.189558029174804688e+00 -8.237993121147155762e-01 0.000000000000000000e+00 0.000000000000000000e+00 0.000000000000000000e+00 1.000000000000000000e+00
1.716201628632530689e+09 -2.344419479370117188e+00 -7.190085411071777344e+00 -8.073985576629638672e-01 0.000000000000000000e+00 0.000000000000000000e+00 0.000000000000000000e+00 1.000000000000000000e+00
1.716201628682588339e+09 -2.287071466445922852e+00 -7.209941864013671875e+00 -7.751082777976989746e-01 0.000000000000000000e+00 0.000000000000000000e+00 0.000000000000000000e+00 1.000000000000000000e+00
1.716201628732875109e+09 -2.270394563674926758e+00 -7.215292930603027344e+00 -7.608021497726440430e-01 0.000000000000000000e+00 0.000000000000000000e+00 0.000000000000000000e+00 1.000000000000000000e+00
1.716201628833329916e+09 -2.254216194152832031e+00 -7.216857433319091797e+00 -7.438838481903076172e-01 0.000000000000000000e+00 0.000000000000000000e+00 0.000000000000000000e+00 1.000000000000000000e+00
1.716201628883630991e+09 -2.231038570404052734e+00 -7.225508213043212891e+00 -7.105819582939147949e-01 0.000000000000000000e+00 0.000000000000000000e+00 0.000000000000000000e+00 1.000000000000000000e+00
1.716201628933697462e+09 -2.222836732864379883e+00 -7.232345104217529297e+00 -6.926909089088439941e-01 0.000000000000000000e+00 0.000000000000000000e+00 0.000000000000000000e+00 1.000000000000000000e+00
1.716201628983856440e+09 -2.216075420379638672e+00 -7.239022731781005859e+00 -6.736521124839782715e-01 0.000000000000000000e+00 0.000000000000000000e+00 0.000000000000000000e+00 1.000000000000000000e+00
1.716201629034112453e+09 -2.211260795593261719e+00 -7.247400760650634766e+00 -6.539894342422485352e-01 0.000000000000000000e+00 0.000000000000000000e+00 0.000000000000000000e+00 1.000000000000000000e+00
1.716201629084221125e+09 -2.208004951477050781e+00 -7.256571292877197266e+00 -6.334769129753112793e-01 0.000000000000000000e+00 0.000000000000000000e+00 0.000000000000000000e+00 1.000000000000000000e+00
1.716201629135404587e+09 -2.206353902816772461e+00 -7.266521453857421875e+00 -6.120841503143310547e-01 0.000000000000000000e+00 0.000000000000000000e+00 0.000000000000000000e+00 1.000000000000000000e+00
1.716201629184665680e+09 -2.207753181457519531e+00 -7.275944232940673828e+00 -5.890289545059204102e-01 0.000000000000000000e+00 0.000000000000000000e+00 0.000000000000000000e+00 1.000000000000000000e+00
1.716201629234868288e+09 -2.212201833724976030e+00 -7.284540176391601562e+00 -5.653228759765625000e-01 0.000000000000000000e+00 0.000000000000000000e+00 0.000000000000000000e+00 1.000000000000000000e+00
1.716201629336648941e+09 -2.217466592788696289e+00 -7.296422004699707031e+00 -5.441516041755676270e-01 0.000000000000000000e+00 0.000000000000000000e+00 0.000000000000000000e+00 1.000000000000000000e+00
1.716201629486173391e+09 -2.254232168197631836e+00 -7.355308055877684659e+00 -4.891059994697570801e-01 0.000000000000000000e+00 0.000000000000000000e+00 0.000000000000000000e+00 1.000000000000000000e+00
1.716201629536154032e+09 -2.294623374938964844e+00 -7.373850345611572266e+00 -4.370031356811522882e-01 0.000000000000000000e+00 0.000000000000000000e+00 0.000000000000000000e+00 1.000000000000000000e+00
1.716201629636287451e+09 -2.311850786209106445e+00 -7.387782096862792969e+00 -4.249465763568878174e-01 0.000000000000000000e+00 0.000000000000000000e+00 0.000000000000000000e+00 1.000000000000000000e+00
1.716201629686555386e+09 -2.333468675613403764e+00 -7.410560131072998047e+00 -4.148747026920318048e-01 0.000000000000000000e+00 0.000000000000000000e+00 0.000000000000000000e+00 1.000000000000000000e+00
1.716201629736666679e+09 -2.353630304336547852e+00 -7.428559303283691406e+00 -4.039421677589415949e-01 0.000000000000000000e+00 0.000000000000000000e+00 0.000000000000000000e+00 1.000000000000000000e+00
1.716201629786718130e+09 -2.375044584274291992e+00 -7.451231479644775391e+00 -3.940590620040893000e-01 0.000000000000000000e+00 0.000000000000000000e+00 0.000000000000000000e+00 1.000000000000000000e+00
1.716201629837121248e+09 -2.412683963775634766e+00 -7.486093044281005859e+00 -3.747096657752990723e-01 0.000000000000000000e+00 0.000000000000000000e+00 0.000000000000000000e+00 1.000000000000000000e+00
1.716201629987580776e+09 -2.452609777450561079e+00 -7.536813735961914062e+00 -3.617188930511474054e-01 0.000000000000000000e+00 0.000000000000000000e+00 0.000000000000000000e+00 1.000000000000000000e+00
1.716201630037689686e+09 -2.467541456222534180e+00 -7.553135395050048828e+00 -3.545107841491699219e-01 0.000000000000000000e+00 0.000000000000000000e+00 0.000000000000000000e+00 1.000000000000000000e+00
1.716201630087843895e+09 -2.486686944961547852e+00 -7.588146686553955078e+00 -3.534891307353972834e-01 0.000000000000000000e+00 0.000000000000000000e+00 0.000000000000000000e+00 1.000000000000000000e+00
1.716201630138200283e+09 -2.499812364578247070e+00 -7.606367588043212891e+00 -3.496165275573729914e-01 0.000000000000000000e+00 0.000000000000000000e+00 0.000000000000000000e+00 1.000000000000000000e+00
1.716201630189014196e+09 -2.511474370956420898e+00 -7.624752044677734375e+00 -3.470080494880676270e-01 0.000000000000000000e+00 0.000000000000000000e+00 0.000000000000000000e+00 1.000000000000000000e+00
1.716201630239334822e+09 -2.520863056182861328e+00 -7.642453193664550781e+00 -3.458366096019744873e-01 0.000000000000000000e+00 0.000000000000000000e+00 0.000000000000000000e+00 1.000000000000000000e+00
1.716201630290539742e+09 -2.533496856689453125e+00 -7.674232006072998047e+00 -3.490351140499114990e-01 0.000000000000000000e+00 0.000000000000000000e+00 0.000000000000000000e+00 1.000000000000000000e+00
1.716201630338997602e+09 -2.540739059448242188e+00 -7.692241668701171875e+00 -3.495091199874877930e-01 0.000000000000000000e+00 0.000000000000000000e+00 0.000000000000000000e+00 1.000000000000000000e+00
1.716201630388790846e+09 -2.551131963729858398e+00 -7.724771499633789062e+00 -3.526397347450255793e-01 0.000000000000000000e+00 0.000000000000000000e+00 0.000000000000000000e+00 1.000000000000000000e+00
1.716201630438987255e+09 -2.555030822753906250e+00 -7.743243217468261719e+00 -3.558073639869689941e-01 0.000000000000000000e+00 0.000000000000000000e+00 0.000000000000000000e+00 1.000000000000000000e+00
1.716201630589605093e+09 -2.561473369598388672e+00 -7.814324855804443359e+00 -3.747511804103850763e-01 0.000000000000000000e+00 0.000000000000000000e+00 0.000000000000000000e+00 1.000000000000000000e+00
1.716201630689952374e+09 -2.560657978057861328e+00 -7.839525699615478516e+00 -3.833076357841491144e-01 0.000000000000000000e+00 0.000000000000000000e+00 0.000000000000000000e+00 1.000000000000000000e+00
1.716201630740228891e+09 -2.558546304702758789e+00 -7.865754127502441406e+00 -3.938027322292327881e-01 0.000000000000000000e+00 0.000000000000000000e+00 0.000000000000000000e+00 1.000000000000000000e+00
1.716201630790411711e+09 -2.551029920578002930e+00 -7.880230903625488281e+00 -4.020898640155792236e-01 0.000000000000000000e+00 0.000000000000000000e+00 0.000000000000000000e+00 1.000000000000000000e+00
1.716201630841503143e+09 -2.532009840011596680e+00 -7.909890174865722656e+00 -4.207858145236968994e-01 0.000000000000000000e+00 0.000000000000000000e+00 0.000000000000000000e+00 1.000000000000000000e+00
1.716201630940952778e+09 -2.519947052001953125e+00 -7.925139904022216797e+00 -4.315796196460723877e-01 0.000000000000000000e+00 0.000000000000000000e+00 0.000000000000000000e+00 1.000000000000000000e+00
1.716201630991622448e+09 -2.506607294082641602e+00 -7.941638946533203125e+00 -4.431529641151428223e-01 0.000000000000000000e+00 0.000000000000000000e+00 0.000000000000000000e+00 1.000000000000000000e+00
1.716201631041300297e+09 -2.479990482330322266e+00 -7.985261917114257812e+00 -4.705523848533629816e-01 0.000000000000000000e+00 0.000000000000000000e+00 0.000000000000000000e+00 1.000000000000000000e+00
1.716201631091448307e+09 -2.462311267852783203e+00 -8.001638412475585938e+00 -4.830662310123443048e-01 0.000000000000000000e+00 0.000000000000000000e+00 0.000000000000000000e+00 1.000000000000000000e+00
1.716201631191821098e+09 -2.444284915924072266e+00 -8.017310142517089844e+00 -4.942238032817840021e-01 0.000000000000000000e+00 0.000000000000000000e+00 0.000000000000000000e+00 1.000000000000000000e+00
1.716201631242020130e+09 -2.430096864700317383e+00 -8.046148300170898438e+00 -5.079416036605834961e-01 0.000000000000000000e+00 0.000000000000000000e+00 0.000000000000000000e+00 1.000000000000000000e+00
1.716201631292180300e+09 -2.410852432250977007e+00 -8.062247276306152344e+00 -5.182963013648986816e-01 0.000000000000000000e+00 0.000000000000000000e+00 0.000000000000000000e+00 1.000000000000000000e+00
1.716201631342304468e+09 -2.391638755798339844e+00 -8.076412200927734375e+00 -5.274699330329895020e-01 0.000000000000000000e+00 0.000000000000000000e+00 0.000000000000000000e+00 1.000000000000000000e+00
1.716201631392476082e+09 -2.375445842742919922e+00 -8.102967262268066406e+00 -5.389906167984008789e-01 0.000000000000000000e+00 0.000000000000000000e+00 0.000000000000000000e+00 1.000000000000000000e+00
1.716201631442653656e+09 -2.354995965957641602e+00 -8.117717742919921875e+00 -5.467061400413513184e-01 0.000000000000000000e+00 0.000000000000000000e+00 0.000000000000000000e+00 1.000000000000000000e+00
1.716201631492833853e+09 -2.335260152816772461e+00 -8.132492065429687500e+00 -5.532125830650329590e-01 0.000000000000000000e+00 0.000000000000000000e+00 0.000000000000000000e+00 1.000000000000000000e+00
1.716201631543086290e+09 -2.289536476135253906e+00 -8.164251327514648438e+00 -5.636066198348999023e-01 0.000000000000000000e+00 0.000000000000000000e+00 0.000000000000000000e+00 1.000000000000000000e+00
1.716201631643306732e+09 -2.271757841110229048e+00 -8.190236091613769531e+00 -5.692007541656494141e-01 0.000000000000000000e+00 0.000000000000000000e+00 0.000000000000000000e+00 1.000000000000000000e+00
1.716201631693505764e+09 -2.231788635253906250e+00 -8.223945617675781250e+00 -5.720933675765991211e-01 0.000000000000000000e+00 0.000000000000000000e+00 0.000000000000000000e+00 1.000000000000000000e+00
1.716201631743752003e+09 -2.212685346603393555e+00 -8.240887641906738281e+00 -5.718272924423217773e-01 0.000000000000000000e+00 0.000000000000000000e+00 0.000000000000000000e+00 1.000000000000000000e+00
1.716201631944416046e+09 -2.182317733764648438e+00 -8.291708946228027344e+00 -5.710788965225219727e-01 0.000000000000000000e+00 0.000000000000000000e+00 0.000000000000000000e+00 1.000000000000000000e+00
1.716201631994630814e+09 -2.153784275054932085e+00 -8.340521812438964844e+00 -5.626814365386962891e-01 0.000000000000000000e+00 0.000000000000000000e+00 0.000000000000000000e+00 1.000000000000000000e+00
1.716201632044695139e+09 -2.139555931091308594e+00 -8.358801841735839844e+00 -5.549418330192565918e-01 0.000000000000000000e+00 0.000000000000000000e+00 0.000000000000000000e+00 1.000000000000000000e+00
1.716201632094841242e+09 -2.116520643234252930e+00 -8.400906562805175781e+00 -5.364735126495361328e-01 0.000000000000000000e+00 0.000000000000000000e+00 0.000000000000000000e+00 1.000000000000000000e+00
1.716201632145084143e+09 -2.106959104537963867e+00 -8.423641204833984375e+00 -5.266788005828857422e-01 0.000000000000000000e+00 0.000000000000000000e+00 0.000000000000000000e+00 1.000000000000000000e+00
1.716201632195244312e+09 -2.098501920700072798e+00 -8.447152137756347656e+00 -5.167071223258972168e-01 0.000000000000000000e+00 0.000000000000000000e+00 0.000000000000000000e+00 1.000000000000000000e+00
1.716201632296025753e+09 -2.096798181533813032e+00 -8.495173454284667969e+00 -5.120238661766052246e-01 0.000000000000000000e+00 0.000000000000000000e+00 0.000000000000000000e+00 1.000000000000000000e+00
1.716201632346013784e+09 -2.089828491210937056e+00 -8.520536422729492188e+00 -5.011962056159973145e-01 0.000000000000000000e+00 0.000000000000000000e+00 0.000000000000000000e+00 1.000000000000000000e+00
1.716201632396707773e+09 -2.075317382812500000e+00 -8.570311546325683594e+00 -4.790639877319335938e-01 0.000000000000000000e+00 0.000000000000000000e+00 0.000000000000000000e+00 1.000000000000000000e+00
1.716201632446488857e+09 -2.069529056549072266e+00 -8.598283767700195312e+00 -4.687738418579101007e-01 0.000000000000000000e+00 0.000000000000000000e+00 0.000000000000000000e+00 1.000000000000000000e+00
1.716201632546970367e+09 -2.065876245498656782e+00 -8.679523468017578125e+00 -4.530514478683471125e-01 0.000000000000000000e+00 0.000000000000000000e+00 0.000000000000000000e+00 1.000000000000000000e+00
1.716201632596971273e+09 -2.062785863876342773e+00 -8.708476066589355469e+00 -4.443431794643402100e-01 0.000000000000000000e+00 0.000000000000000000e+00 0.000000000000000000e+00 1.000000000000000000e+00
1.716201632648550987e+09 -2.059030055999755859e+00 -8.739702224731445312e+00 -4.354086220264434814e-01 0.000000000000000000e+00 0.000000000000000000e+00 0.000000000000000000e+00 1.000000000000000000e+00
1.716201632747603416e+09 -2.055088281631469727e+00 -8.822616577148437500e+00 -4.252881407737731934e-01 0.000000000000000000e+00 0.000000000000000000e+00 0.000000000000000000e+00 1.000000000000000000e+00
1.716201632797833443e+09 -2.050925970077514204e+00 -8.854084014892578125e+00 -4.200406670570372980e-01 0.000000000000000000e+00 0.000000000000000000e+00 0.000000000000000000e+00 1.000000000000000000e+00
1.716201632848063469e+09 -2.045685052871704102e+00 -8.882637023925781250e+00 -4.147428572177886963e-01 0.000000000000000000e+00 0.000000000000000000e+00 0.000000000000000000e+00 1.000000000000000000e+00
1.716201632898168087e+09 -2.042010545730590820e+00 -8.914587974548339844e+00 -4.113658964633941095e-01 0.000000000000000000e+00 0.000000000000000000e+00 0.000000000000000000e+00 1.000000000000000000e+00
1.716201632998393774e+09 -2.044708251953125000e+00 -8.971998214721679688e+00 -4.143237769603729248e-01 0.000000000000000000e+00 0.000000000000000000e+00 0.000000000000000000e+00 1.000000000000000000e+00
1.716201633048741817e+09 -2.037877559661864790e+00 -9.030556678771972656e+00 -4.120168387889862061e-01 0.000000000000000000e+00 0.000000000000000000e+00 0.000000000000000000e+00 1.000000000000000000e+00
1.716201633098874092e+09 -2.033754348754882812e+00 -9.060603141784667969e+00 -4.128477573394774836e-01 0.000000000000000000e+00 0.000000000000000000e+00 0.000000000000000000e+00 1.000000000000000000e+00
1.716201633250009537e+09 -2.026292085647583008e+00 -9.169461250305175781e+00 -4.252234995365142822e-01 0.000000000000000000e+00 0.000000000000000000e+00 0.000000000000000000e+00 1.000000000000000000e+00
1.716201633300311565e+09 -2.022521257400512695e+00 -9.196681022644044745e+00 -4.289661943912506104e-01 0.000000000000000000e+00 0.000000000000000000e+00 0.000000000000000000e+00 1.000000000000000000e+00
1.716201633400208235e+09 -2.024166345596313032e+00 -9.252837181091308594e+00 -4.385079145431518000e-01 0.000000000000000000e+00 0.000000000000000000e+00 0.000000000000000000e+00 1.000000000000000000e+00
1.716201633500522614e+09 -2.009526968002319780e+00 -9.336155891418455255e+00 -4.497839510440825861e-01 0.000000000000000000e+00 0.000000000000000000e+00 0.000000000000000000e+00 1.000000000000000000e+00
1.716201633550812721e+09 -2.005594491958618164e+00 -9.363317489624023438e+00 -4.537197351455687921e-01 0.000000000000000000e+00 0.000000000000000000e+00 0.000000000000000000e+00 1.000000000000000000e+00
1.716201633651079893e+09 -2.007250070571899414e+00 -9.439702033996582031e+00 -4.660301804542540949e-01 0.000000000000000000e+00 0.000000000000000000e+00 0.000000000000000000e+00 1.000000000000000000e+00
1.716201633751584053e+09 -2.005254030227661133e+00 -9.491679191589355469e+00 -4.739244282245635986e-01 0.000000000000000000e+00 0.000000000000000000e+00 0.000000000000000000e+00 1.000000000000000000e+00
1.716201633801785707e+09 -2.009281396865844727e+00 -9.541164398193359375e+00 -4.826294779777526855e-01 0.000000000000000000e+00 0.000000000000000000e+00 0.000000000000000000e+00 1.000000000000000000e+00
1.716201633851830721e+09 -2.008908987045288086e+00 -9.567600250244140625e+00 -4.862474799156188965e-01 0.000000000000000000e+00 0.000000000000000000e+00 0.000000000000000000e+00 1.000000000000000000e+00
1.716201633903045177e+09 -2.008915185928344727e+00 -9.593933105468750000e+00 -4.899595677852630060e-01 0.000000000000000000e+00 0.000000000000000000e+00 0.000000000000000000e+00 1.000000000000000000e+00
1.716201634002217293e+09 -2.016741752624512163e+00 -9.670844078063964844e+00 -5.032625198364257812e-01 0.000000000000000000e+00 0.000000000000000000e+00 0.000000000000000000e+00 1.000000000000000000e+00
1.716201634052394867e+09 -2.018747329711914062e+00 -9.696597099304199219e+00 -5.077372193336486816e-01 0.000000000000000000e+00 0.000000000000000000e+00 0.000000000000000000e+00 1.000000000000000000e+00
1.716201634102539301e+09 -2.021557807922363725e+00 -9.723031997680664062e+00 -5.131432414054870605e-01 0.000000000000000000e+00 0.000000000000000000e+00 0.000000000000000000e+00 1.000000000000000000e+00
1.716201634152634144e+09 -2.024466276168823242e+00 -9.749310493469238281e+00 -5.192131996154785156e-01 0.000000000000000000e+00 0.000000000000000000e+00 0.000000000000000000e+00 1.000000000000000000e+00
1.716201634202854156e+09 -2.033513784408569336e+00 -9.805208206176757812e+00 -5.320987701416015625e-01 0.000000000000000000e+00 0.000000000000000000e+00 0.000000000000000000e+00 1.000000000000000000e+00
1.716201634253573656e+09 -2.036950349807739702e+00 -9.832054138183593750e+00 -5.399342775344848633e-01 0.000000000000000000e+00 0.000000000000000000e+00 0.000000000000000000e+00 1.000000000000000000e+00
1.716201634553922653e+09 -2.065336942672729048e+00 -1.003185176849365234e+01 -6.184274554252624512e-01 0.000000000000000000e+00 0.000000000000000000e+00 0.000000000000000000e+00 1.000000000000000000e+00
1.716201634604158640e+09 -2.068660020828247070e+00 -1.005957889556884766e+01 -6.320549249649047852e-01 0.000000000000000000e+00 0.000000000000000000e+00 0.000000000000000000e+00 1.000000000000000000e+00
1.716201634704385757e+09 -2.076719045639038086e+00 -1.011531257629394354e+01 -6.515856385231018066e-01 0.000000000000000000e+00 0.000000000000000000e+00 0.000000000000000000e+00 1.000000000000000000e+00
1.716201634754527092e+09 -2.081897735595703125e+00 -1.017647933959960938e+01 -6.777523756027221680e-01 0.000000000000000000e+00 0.000000000000000000e+00 0.000000000000000000e+00 1.000000000000000000e+00
1.716201634804760218e+09 -2.084974288940429688e+00 -1.020778465270995916e+01 -6.893833875656127930e-01 0.000000000000000000e+00 0.000000000000000000e+00 0.000000000000000000e+00 1.000000000000000000e+00
1.716201634905098438e+09 -2.094117879867553711e+00 -1.026778697967529119e+01 -7.072997093200683594e-01 0.000000000000000000e+00 0.000000000000000000e+00 0.000000000000000000e+00 1.000000000000000000e+00
1.716201634955202579e+09 -2.100035905838012695e+00 -1.032981872558593750e+01 -7.285357713699340820e-01 0.000000000000000000e+00 0.000000000000000000e+00 0.000000000000000000e+00 1.000000000000000000e+00
1.716201635005408287e+09 -2.101797103881835938e+00 -1.036077976226806641e+01 -7.380906343460083008e-01 0.000000000000000000e+00 0.000000000000000000e+00 0.000000000000000000e+00 1.000000000000000000e+00
1.716201635055671215e+09 -2.103865385055541992e+00 -1.039279556274414062e+01 -7.472903728485107422e-01 0.000000000000000000e+00 0.000000000000000000e+00 0.000000000000000000e+00 1.000000000000000000e+00
1.716201635156143904e+09 -2.114182233810424805e+00 -1.048759174346923828e+01 -7.719271779060363770e-01 0.000000000000000000e+00 0.000000000000000000e+00 0.000000000000000000e+00 1.000000000000000000e+00
1.716201635206313610e+09 -2.117128133773804155e+00 -1.051946735382080078e+01 -7.809240221977233887e-01 0.000000000000000000e+00 0.000000000000000000e+00 0.000000000000000000e+00 1.000000000000000000e+00
1.716201635256453037e+09 -2.119862318038940430e+00 -1.055144119262695135e+01 -7.896520495414733887e-01 0.000000000000000000e+00 0.000000000000000000e+00 0.000000000000000000e+00 1.000000000000000000e+00
1.716201635307684422e+09 -2.128844022750854492e+00 -1.061528873443603516e+01 -8.042783737182617188e-01 0.000000000000000000e+00 0.000000000000000000e+00 0.000000000000000000e+00 1.000000000000000000e+00
1.716201635356818914e+09 -2.132097005844116211e+00 -1.064942646026611150e+01 -8.121440410614013672e-01 0.000000000000000000e+00 0.000000000000000000e+00 0.000000000000000000e+00 1.000000000000000000e+00
1.716201635407025576e+09 -2.134843826293945312e+00 -1.068081855773925781e+01 -8.187010884284973145e-01 0.000000000000000000e+00 0.000000000000000000e+00 0.000000000000000000e+00 1.000000000000000000e+00
1.716201635457114697e+09 -2.138507366180419922e+00 -1.071512317657470881e+01 -8.253950476646423340e-01 0.000000000000000000e+00 0.000000000000000000e+00 0.000000000000000000e+00 1.000000000000000000e+00
1.716201635507653475e+09 -2.148254156112670898e+00 -1.078024196624756037e+01 -8.382307291030883789e-01 0.000000000000000000e+00 0.000000000000000000e+00 0.000000000000000000e+00 1.000000000000000000e+00
1.716201635557603121e+09 -2.151994705200195757e+00 -1.081271553039550781e+01 -8.436670303344726562e-01 0.000000000000000000e+00 0.000000000000000000e+00 0.000000000000000000e+00 1.000000000000000000e+00
1.716201635608002186e+09 -2.154908418655395508e+00 -1.084439945220947266e+01 -8.486948609352111816e-01 0.000000000000000000e+00 0.000000000000000000e+00 0.000000000000000000e+00 1.000000000000000000e+00
1.716201635658318281e+09 -2.157933235168457031e+00 -1.087606906890869141e+01 -8.536763787269592285e-01 0.000000000000000000e+00 0.000000000000000000e+00 0.000000000000000000e+00 1.000000000000000000e+00
1.716201635708772182e+09 -2.161084175109863725e+00 -1.090772151947021662e+01 -8.586202263832092285e-01 0.000000000000000000e+00 0.000000000000000000e+00 0.000000000000000000e+00 1.000000000000000000e+00
1.716201635808687449e+09 -2.171396493911743164e+00 -1.097518253326416016e+01 -8.696964979171752930e-01 0.000000000000000000e+00 0.000000000000000000e+00 0.000000000000000000e+00 1.000000000000000000e+00
1.716201635858944416e+09 -2.174377679824829102e+00 -1.100714683532714844e+01 -8.733271956443786621e-01 0.000000000000000000e+00 0.000000000000000000e+00 0.000000000000000000e+00 1.000000000000000000e+00
1.716201635909176350e+09 -2.176724910736083984e+00 -1.103945064544677557e+01 -8.759413361549377441e-01 0.000000000000000000e+00 0.000000000000000000e+00 0.000000000000000000e+00 1.000000000000000000e+00
1.716201635959329128e+09 -2.177949905395507812e+00 -1.110220909118652344e+01 -8.783428668975830078e-01 0.000000000000000000e+00 0.000000000000000000e+00 0.000000000000000000e+00 1.000000000000000000e+00
1.716201636059614182e+09 -2.184796810150146484e+00 -1.116291904449462713e+01 -8.851388692855834961e-01 0.000000000000000000e+00 0.000000000000000000e+00 0.000000000000000000e+00 1.000000000000000000e+00
1.716201636109831095e+09 -2.184606075286864790e+00 -1.122307014465332031e+01 -8.813259601593017578e-01 0.000000000000000000e+00 0.000000000000000000e+00 0.000000000000000000e+00 1.000000000000000000e+00
1.716201636159894705e+09 -2.185170412063598189e+00 -1.125287914276123047e+01 -8.775424361228942871e-01 0.000000000000000000e+00 0.000000000000000000e+00 0.000000000000000000e+00 1.000000000000000000e+00
1.716201636260174990e+09 -2.190533876419067383e+00 -1.130972957611083984e+01 -8.791751265525817871e-01 0.000000000000000000e+00 0.000000000000000000e+00 0.000000000000000000e+00 1.000000000000000000e+00
1.716201636360567808e+09 -2.191054344177246094e+00 -1.139941978454589844e+01 -8.570562601089477539e-01 0.000000000000000000e+00 0.000000000000000000e+00 0.000000000000000000e+00 1.000000000000000000e+00
1.716201636410730600e+09 -2.196705341339111772e+00 -1.145103836059570312e+01 -8.532666563987731934e-01 0.000000000000000000e+00 0.000000000000000000e+00 0.000000000000000000e+00 1.000000000000000000e+00
1.716201636511110544e+09 -2.197762966156005859e+00 -1.149814987182617188e+01 -8.297734856605529785e-01 0.000000000000000000e+00 0.000000000000000000e+00 0.000000000000000000e+00 1.000000000000000000e+00
1.716201636561525106e+09 -2.200510978698730469e+00 -1.152088832855224609e+01 -8.172221779823303223e-01 0.000000000000000000e+00 0.000000000000000000e+00 0.000000000000000000e+00 1.000000000000000000e+00
1.716201636611541510e+09 -2.205663919448852539e+00 -1.154228019714355646e+01 -8.037928342819213867e-01 0.000000000000000000e+00 0.000000000000000000e+00 0.000000000000000000e+00 1.000000000000000000e+00
1.716201636711948633e+09 -2.224588871002197266e+00 -1.160760974884033203e+01 -7.800300717353820801e-01 0.000000000000000000e+00 0.000000000000000000e+00 0.000000000000000000e+00 1.000000000000000000e+00
1.716201636762061119e+09 -2.235330820083618164e+00 -1.162912368774414062e+01 -7.653599381446838379e-01 0.000000000000000000e+00 0.000000000000000000e+00 0.000000000000000000e+00 1.000000000000000000e+00
1.716201638066675663e+09 -3.086306571960449219e+00 -1.203221130371093750e+01 -7.819736003875732422e-01 0.000000000000000000e+00 0.000000000000000000e+00 0.000000000000000000e+00 1.000000000000000000e+00
1.716201638117268085e+09 -3.131723403930664062e+00 -1.206492137908935547e+01 -8.024607896804809570e-01 0.000000000000000000e+00 0.000000000000000000e+00 0.000000000000000000e+00 1.000000000000000000e+00
1.716201638167192221e+09 -3.169817924499512163e+00 -1.207310009002685547e+01 -8.176991939544677734e-01 0.000000000000000000e+00 0.000000000000000000e+00 0.000000000000000000e+00 1.000000000000000000e+00
1.716201638267569780e+09 -3.246753692626953125e+00 -1.209519767761230469e+01 -8.484102487564086914e-01 0.000000000000000000e+00 0.000000000000000000e+00 0.000000000000000000e+00 1.000000000000000000e+00
1.716201638318883657e+09 -3.283344268798828125e+00 -1.210561466217041016e+01 -8.633745312690734863e-01 0.000000000000000000e+00 0.000000000000000000e+00 0.000000000000000000e+00 1.000000000000000000e+00
1.716201638418097258e+09 -3.324884653091430664e+00 -1.213387870788574219e+01 -8.821578025817871094e-01 0.000000000000000000e+00 0.000000000000000000e+00 0.000000000000000000e+00 1.000000000000000000e+00
1.716201638468141317e+09 -3.359207630157470703e+00 -1.214489459991455078e+01 -8.962674140930175781e-01 0.000000000000000000e+00 0.000000000000000000e+00 0.000000000000000000e+00 1.000000000000000000e+00
1.716201638518688917e+09 -3.430431604385375977e+00 -1.216203022003173828e+01 -9.229147434234620251e-01 0.000000000000000000e+00 0.000000000000000000e+00 0.000000000000000000e+00 1.000000000000000000e+00
1.716201638618775606e+09 -3.471609354019165039e+00 -1.218737697601318359e+01 -9.390128850936889648e-01 0.000000000000000000e+00 0.000000000000000000e+00 0.000000000000000000e+00 1.000000000000000000e+00
1.716201638668923140e+09 -3.505922794342041016e+00 -1.219531536102294922e+01 -9.508958458900451660e-01 0.000000000000000000e+00 0.000000000000000000e+00 0.000000000000000000e+00 1.000000000000000000e+00
1.716201638723801374e+09 -3.572995185852050781e+00 -1.220891761779785156e+01 -9.711477160453796387e-01 0.000000000000000000e+00 0.000000000000000000e+00 0.000000000000000000e+00 1.000000000000000000e+00
1.716201638769482136e+09 -3.605499744415283203e+00 -1.221573638916015625e+01 -9.794716238975523792e-01 0.000000000000000000e+00 0.000000000000000000e+00 0.000000000000000000e+00 1.000000000000000000e+00
1.716201638869782925e+09 -3.639324665069580078e+00 -1.223477458953857422e+01 -9.881321787834167480e-01 0.000000000000000000e+00 0.000000000000000000e+00 0.000000000000000000e+00 1.000000000000000000e+00
1.716201638919871807e+09 -3.697853565216064897e+00 -1.224260997772216797e+01 -9.940903782844543457e-01 0.000000000000000000e+00 0.000000000000000000e+00 0.000000000000000000e+00 1.000000000000000000e+00
1.716201638970086813e+09 -3.726017475128173828e+00 -1.224460124969482422e+01 -9.946522712707519531e-01 0.000000000000000000e+00 0.000000000000000000e+00 0.000000000000000000e+00 1.000000000000000000e+00
1.716201639070410013e+09 -3.781720161437987837e+00 -1.225718498229980469e+01 -9.955129623413085938e-01 0.000000000000000000e+00 0.000000000000000000e+00 0.000000000000000000e+00 1.000000000000000000e+00
1.716201639271558046e+09 -3.871992826461791992e+00 -1.225545597076416016e+01 -9.859868884086607776e-01 0.000000000000000000e+00 0.000000000000000000e+00 0.000000000000000000e+00 1.000000000000000000e+00
1.716201639322845459e+09 -3.892361164093017578e+00 -1.225079345703125000e+01 -9.823963642120360218e-01 0.000000000000000000e+00 0.000000000000000000e+00 0.000000000000000000e+00 1.000000000000000000e+00
1.716201639372701168e+09 -3.913187026977539062e+00 -1.224599552154541016e+01 -9.785650968551635742e-01 0.000000000000000000e+00 0.000000000000000000e+00 0.000000000000000000e+00 1.000000000000000000e+00
1.716201639421986103e+09 -3.931978940963745117e+00 -1.223967742919922053e+01 -9.747181534767151989e-01 0.000000000000000000e+00 0.000000000000000000e+00 0.000000000000000000e+00 1.000000000000000000e+00
1.716201639471983433e+09 -3.949630737304687944e+00 -1.223163318634033203e+01 -9.704787135124207653e-01 0.000000000000000000e+00 0.000000000000000000e+00 0.000000000000000000e+00 1.000000000000000000e+00
1.716201639522491455e+09 -3.966689348220825195e+00 -1.222366714477539062e+01 -9.666535854339599609e-01 0.000000000000000000e+00 0.000000000000000000e+00 0.000000000000000000e+00 1.000000000000000000e+00
1.716201639572453737e+09 -3.983214378356933594e+00 -1.221581840515136719e+01 -9.629685878753662109e-01 0.000000000000000000e+00 0.000000000000000000e+00 0.000000000000000000e+00 1.000000000000000000e+00
1.716201639623262405e+09 -3.997837781906127930e+00 -1.220747089385986328e+01 -9.593933820724488415e-01 0.000000000000000000e+00 0.000000000000000000e+00 0.000000000000000000e+00 1.000000000000000000e+00
1.716201639672764063e+09 -4.009707450866699219e+00 -1.219379806518554865e+01 -9.547117948532104492e-01 0.000000000000000000e+00 0.000000000000000000e+00 0.000000000000000000e+00 1.000000000000000000e+00
1.716201639723062754e+09 -4.022918224334716797e+00 -1.218488025665283203e+01 -9.507367610931396484e-01 0.000000000000000000e+00 0.000000000000000000e+00 0.000000000000000000e+00 1.000000000000000000e+00
1.716201639774034023e+09 -4.035784721374511719e+00 -1.217523288726806641e+01 -9.455163478851318359e-01 0.000000000000000000e+00 0.000000000000000000e+00 0.000000000000000000e+00 1.000000000000000000e+00
1.716201639823987246e+09 -4.049404144287109375e+00 -1.216540336608886719e+01 -9.398459792137145996e-01 0.000000000000000000e+00 0.000000000000000000e+00 0.000000000000000000e+00 1.000000000000000000e+00
1.716201639924820185e+09 -4.074774742126464844e+00 -1.214239120483398438e+01 -9.265823364257812500e-01 0.000000000000000000e+00 0.000000000000000000e+00 0.000000000000000000e+00 1.000000000000000000e+00
1.716201639975006104e+09 -4.088978767395020419e+00 -1.213268375396728338e+01 -9.189513325691224255e-01 0.000000000000000000e+00 0.000000000000000000e+00 0.000000000000000000e+00 1.000000000000000000e+00
1.716201640025174618e+09 -4.102201938629150391e+00 -1.212435722351074219e+01 -9.113190770149232067e-01 0.000000000000000000e+00 0.000000000000000000e+00 0.000000000000000000e+00 1.000000000000000000e+00
1.716201640074436665e+09 -4.116221427917480469e+00 -1.211602783203125000e+01 -9.022066593170166016e-01 0.000000000000000000e+00 0.000000000000000000e+00 0.000000000000000000e+00 1.000000000000000000e+00
1.716201640174874067e+09 -4.128705978393554688e+00 -1.210332107543945135e+01 -8.905506134033203125e-01 0.000000000000000000e+00 0.000000000000000000e+00 0.000000000000000000e+00 1.000000000000000000e+00
1.716201640224849701e+09 -4.156324386596679688e+00 -1.208888244628906250e+01 -8.664770722389221191e-01 0.000000000000000000e+00 0.000000000000000000e+00 0.000000000000000000e+00 1.000000000000000000e+00
1.716201640326326847e+09 -4.169474124908447266e+00 -1.207959747314453125e+01 -8.521618843078613281e-01 0.000000000000000000e+00 0.000000000000000000e+00 0.000000000000000000e+00 1.000000000000000000e+00
1.716201640375841618e+09 -4.183762550354003906e+00 -1.207416439056396484e+01 -8.379523158073425293e-01 0.000000000000000000e+00 0.000000000000000000e+00 0.000000000000000000e+00 1.000000000000000000e+00
1.716201640426471233e+09 -4.213593959808349609e+00 -1.206422710418701172e+01 -8.074501156806945801e-01 0.000000000000000000e+00 0.000000000000000000e+00 0.000000000000000000e+00 1.000000000000000000e+00
1.716201640476337433e+09 -4.229130744934082031e+00 -1.205856037139892578e+01 -7.915776968002319336e-01 0.000000000000000000e+00 0.000000000000000000e+00 0.000000000000000000e+00 1.000000000000000000e+00
1.716201640526944160e+09 -4.246045112609863281e+00 -1.205563068389892578e+01 -7.755171656608581543e-01 0.000000000000000000e+00 0.000000000000000000e+00 0.000000000000000000e+00 1.000000000000000000e+00
1.716201640576051235e+09 -4.262978076934815341e+00 -1.205258846282958984e+01 -7.597817182540893555e-01 0.000000000000000000e+00 0.000000000000000000e+00 0.000000000000000000e+00 1.000000000000000000e+00
1.716201640676730871e+09 -4.299498558044433594e+00 -1.204977607727050781e+01 -7.280656099319458008e-01 0.000000000000000000e+00 0.000000000000000000e+00 0.000000000000000000e+00 1.000000000000000000e+00
1.716201640726780653e+09 -4.318773269653320312e+00 -1.204905891418457031e+01 -7.119450569152832031e-01 0.000000000000000000e+00 0.000000000000000000e+00 0.000000000000000000e+00 1.000000000000000000e+00
1.716201640776877403e+09 -4.338807106018066406e+00 -1.204813289642333984e+01 -6.951828002929687500e-01 0.000000000000000000e+00 0.000000000000000000e+00 0.000000000000000000e+00 1.000000000000000000e+00
1.716201640827861071e+09 -4.379507064819335938e+00 -1.204704570770263672e+01 -6.611866354942321777e-01 0.000000000000000000e+00 0.000000000000000000e+00 0.000000000000000000e+00 1.000000000000000000e+00
1.716201640927713633e+09 -4.402691841125488281e+00 -1.204931449890136719e+01 -6.432961225509643555e-01 0.000000000000000000e+00 0.000000000000000000e+00 0.000000000000000000e+00 1.000000000000000000e+00
1.716201640977657080e+09 -4.424211502075195312e+00 -1.204892921447754084e+01 -6.251736283302307129e-01 0.000000000000000000e+00 0.000000000000000000e+00 0.000000000000000000e+00 1.000000000000000000e+00
1.716201641077975273e+09 -4.469728469848632812e+00 -1.204824542999267578e+01 -5.882400274276733398e-01 0.000000000000000000e+00 0.000000000000000000e+00 0.000000000000000000e+00 1.000000000000000000e+00
1.716201641130831718e+09 -4.493516921997070312e+00 -1.204670619964599609e+01 -5.707619190216064453e-01 0.000000000000000000e+00 0.000000000000000000e+00 0.000000000000000000e+00 1.000000000000000000e+00
1.716201641228697538e+09 -4.520379543304443359e+00 -1.205210113525390625e+01 -5.562006235122680664e-01 0.000000000000000000e+00 0.000000000000000000e+00 0.000000000000000000e+00 1.000000000000000000e+00
1.716201641279126883e+09 -4.568612575531005859e+00 -1.205027770996093750e+01 -5.295977592468261719e-01 0.000000000000000000e+00 0.000000000000000000e+00 0.000000000000000000e+00 1.000000000000000000e+00
1.716201641330486298e+09 -4.592249393463134766e+00 -1.204857635498046875e+01 -5.183522701263427734e-01 0.000000000000000000e+00 0.000000000000000000e+00 0.000000000000000000e+00 1.000000000000000000e+00
1.716201641429430962e+09 -4.617701053619384766e+00 -1.205112266540527166e+01 -5.096440315246582031e-01 0.000000000000000000e+00 0.000000000000000000e+00 0.000000000000000000e+00 1.000000000000000000e+00
1.716201641479613543e+09 -4.665112018585205078e+00 -1.204604530334472834e+01 -4.954004883766173761e-01 0.000000000000000000e+00 0.000000000000000000e+00 0.000000000000000000e+00 1.000000000000000000e+00
1.716201641529705763e+09 -4.690726757049560547e+00 -1.204652214050292969e+01 -4.913861155509948730e-01 0.000000000000000000e+00 0.000000000000000000e+00 0.000000000000000000e+00 1.000000000000000000e+00
1.716201641579878807e+09 -4.714411735534667969e+00 -1.204218578338623047e+01 -4.879151582717894953e-01 0.000000000000000000e+00 0.000000000000000000e+00 0.000000000000000000e+00 1.000000000000000000e+00
1.716201641630818367e+09 -4.737409114837647373e+00 -1.203674602508544922e+01 -4.859098196029663086e-01 0.000000000000000000e+00 0.000000000000000000e+00 0.000000000000000000e+00 1.000000000000000000e+00
1.716201641680287600e+09 -4.758819580078125000e+00 -1.203062057495117188e+01 -4.850061237812042236e-01 0.000000000000000000e+00 0.000000000000000000e+00 0.000000000000000000e+00 1.000000000000000000e+00
1.716201641780511141e+09 -4.800958156585693359e+00 -1.201686668395995916e+01 -4.866449832916259766e-01 0.000000000000000000e+00 0.000000000000000000e+00 0.000000000000000000e+00 1.000000000000000000e+00
1.716201641830835104e+09 -4.821274280548095703e+00 -1.200846862792968750e+01 -4.882370233535766046e-01 0.000000000000000000e+00 0.000000000000000000e+00 0.000000000000000000e+00 1.000000000000000000e+00
1.716201642133839369e+09 -4.911778450012207031e+00 -1.193168926239013672e+01 -5.055248141288757324e-01 0.000000000000000000e+00 0.000000000000000000e+00 0.000000000000000000e+00 1.000000000000000000e+00
1.716201642182561636e+09 -4.924114227294921875e+00 -1.191597557067871271e+01 -5.101736783981323242e-01 0.000000000000000000e+00 0.000000000000000000e+00 0.000000000000000000e+00 1.000000000000000000e+00
1.716201642233762503e+09 -4.935183525085449219e+00 -1.189951229095458984e+01 -5.157223939895629883e-01 0.000000000000000000e+00 0.000000000000000000e+00 0.000000000000000000e+00 1.000000000000000000e+00
1.716201642334058762e+09 -4.949812412261962891e+00 -1.185425662994384766e+01 -5.269886851310729980e-01 0.000000000000000000e+00 0.000000000000000000e+00 0.000000000000000000e+00 1.000000000000000000e+00
1.716201642382868052e+09 -4.958605289459228516e+00 -1.183508014678955078e+01 -5.342694520950317383e-01 0.000000000000000000e+00 0.000000000000000000e+00 0.000000000000000000e+00 1.000000000000000000e+00
1.716201642433765650e+09 -4.961960792541503906e+00 -1.180190467834472834e+01 -5.402877330780029297e-01 0.000000000000000000e+00 0.000000000000000000e+00 0.000000000000000000e+00 1.000000000000000000e+00
1.716201642483182430e+09 -4.969221591949462891e+00 -1.177989006042480469e+01 -5.483235716819763184e-01 0.000000000000000000e+00 0.000000000000000000e+00 0.000000000000000000e+00 1.000000000000000000e+00
1.716201642533529520e+09 -4.976263999938964844e+00 -1.175787639617919922e+01 -5.567196011543273926e-01 0.000000000000000000e+00 0.000000000000000000e+00 0.000000000000000000e+00 1.000000000000000000e+00
1.716201642583451986e+09 -4.983500480651856357e+00 -1.173562145233154475e+01 -5.658585429191589355e-01 0.000000000000000000e+00 0.000000000000000000e+00 0.000000000000000000e+00 1.000000000000000000e+00
1.716201642634018898e+09 -4.988945484161376953e+00 -1.171208858489990234e+01 -5.738934874534606934e-01 0.000000000000000000e+00 0.000000000000000000e+00 0.000000000000000000e+00 1.000000000000000000e+00
1.716201642734457970e+09 -4.991373062133789062e+00 -1.164831256866455078e+01 -5.860760211944580078e-01 0.000000000000000000e+00 0.000000000000000000e+00 0.000000000000000000e+00 1.000000000000000000e+00
1.716201642784321070e+09 -4.997303485870361328e+00 -1.162432193756103516e+01 -5.950488448143005371e-01 0.000000000000000000e+00 0.000000000000000000e+00 0.000000000000000000e+00 1.000000000000000000e+00
1.716201642834482193e+09 -5.001350402832031250e+00 -1.160027313232422053e+01 -6.025529503822326660e-01 0.000000000000000000e+00 0.000000000000000000e+00 0.000000000000000000e+00 1.000000000000000000e+00
1.716201642934921026e+09 -4.997742652893066406e+00 -1.155678081512451172e+01 -6.074891090393066406e-01 0.000000000000000000e+00 0.000000000000000000e+00 0.000000000000000000e+00 1.000000000000000000e+00
1.716201642985059738e+09 -5.006653308868408203e+00 -1.150662231445312322e+01 -6.250648498535156250e-01 0.000000000000000000e+00 0.000000000000000000e+00 0.000000000000000000e+00 1.000000000000000000e+00
1.716201643036412239e+09 -5.010526180267333984e+00 -1.148117351531982422e+01 -6.339910626411437988e-01 0.000000000000000000e+00 0.000000000000000000e+00 0.000000000000000000e+00 1.000000000000000000e+00
1.716201643085305929e+09 -5.004678249359130859e+00 -1.143408584594726562e+01 -6.390873193740844727e-01 0.000000000000000000e+00 0.000000000000000000e+00 0.000000000000000000e+00 1.000000000000000000e+00
1.716201643187720776e+09 -5.008604526519775391e+00 -1.138030910491943359e+01 -6.568065881729125977e-01 0.000000000000000000e+00 0.000000000000000000e+00 0.000000000000000000e+00 1.000000000000000000e+00
1.716201643235898256e+09 -5.010271549224853516e+00 -1.135345840454101562e+01 -6.659405231475830078e-01 0.000000000000000000e+00 0.000000000000000000e+00 0.000000000000000000e+00 1.000000000000000000e+00
1.716201643285968304e+09 -5.011107444763183594e+00 -1.132459926605224609e+01 -6.757382750511169434e-01 0.000000000000000000e+00 0.000000000000000000e+00 0.000000000000000000e+00 1.000000000000000000e+00
1.716201643386088848e+09 -5.000261306762695312e+00 -1.124792385101318359e+01 -6.894800662994384766e-01 0.000000000000000000e+00 0.000000000000000000e+00 0.000000000000000000e+00 1.000000000000000000e+00
1.716201643436411142e+09 -4.997978687286376953e+00 -1.121958637237548828e+01 -6.975742578506469727e-01 0.000000000000000000e+00 0.000000000000000000e+00 0.000000000000000000e+00 1.000000000000000000e+00
1.716201643486607552e+09 -4.984255313873291016e+00 -1.116852283477783203e+01 -6.999698281288146973e-01 0.000000000000000000e+00 0.000000000000000000e+00 0.000000000000000000e+00 1.000000000000000000e+00
1.716201643587359905e+09 -4.969081878662109375e+00 -1.107977581024169922e+01 -7.160048484802246094e-01 0.000000000000000000e+00 0.000000000000000000e+00 0.000000000000000000e+00 1.000000000000000000e+00
1.716201643636967897e+09 -4.962776184082031250e+00 -1.104972743988037287e+01 -7.188949584960937500e-01 0.000000000000000000e+00 0.000000000000000000e+00 0.000000000000000000e+00 1.000000000000000000e+00
1.716201643737442255e+09 -4.955892562866210938e+00 -1.101914119720458984e+01 -7.201501131057739258e-01 0.000000000000000000e+00 0.000000000000000000e+00 0.000000000000000000e+00 1.000000000000000000e+00
1.716201643787896156e+09 -4.934808731079101562e+00 -1.095747947692871271e+01 -7.136314511299133301e-01 0.000000000000000000e+00 0.000000000000000000e+00 0.000000000000000000e+00 1.000000000000000000e+00
1.716201643838131428e+09 -4.926949501037597656e+00 -1.092569446563720881e+01 -7.118660211563110352e-01 0.000000000000000000e+00 0.000000000000000000e+00 0.000000000000000000e+00 1.000000000000000000e+00
1.716201643888125658e+09 -4.911394119262695312e+00 -1.086036777496338068e+01 -7.055412530899047852e-01 0.000000000000000000e+00 0.000000000000000000e+00 0.000000000000000000e+00 1.000000000000000000e+00
1.716201643988526583e+09 -4.890391349792480469e+00 -1.079924297332763672e+01 -6.960705518722534180e-01 0.000000000000000000e+00 0.000000000000000000e+00 0.000000000000000000e+00 1.000000000000000000e+00
1.716201644038353682e+09 -4.882529735565185547e+00 -1.076673889160156250e+01 -6.922542452812194824e-01 0.000000000000000000e+00 0.000000000000000000e+00 0.000000000000000000e+00 1.000000000000000000e+00
1.716201644088431597e+09 -4.874167919158936435e+00 -1.073342800140380859e+01 -6.880077719688415527e-01 0.000000000000000000e+00 0.000000000000000000e+00 0.000000000000000000e+00 1.000000000000000000e+00
1.716201644138514757e+09 -4.849680423736572266e+00 -1.066529369354248047e+01 -6.767835021018981934e-01 0.000000000000000000e+00 0.000000000000000000e+00 0.000000000000000000e+00 1.000000000000000000e+00
1.716201644239084005e+09 -4.831943035125732422e+00 -1.059911537170410156e+01 -6.682889461517333984e-01 0.000000000000000000e+00 0.000000000000000000e+00 0.000000000000000000e+00 1.000000000000000000e+00
1.716201644288976192e+09 -4.817071437835693359e+00 -1.053369808197021662e+01 -6.605396270751953125e-01 0.000000000000000000e+00 0.000000000000000000e+00 0.000000000000000000e+00 1.000000000000000000e+00
1.716201644390295506e+09 -4.795887470245361328e+00 -1.047045516967773438e+01 -6.507341861724853516e-01 0.000000000000000000e+00 0.000000000000000000e+00 0.000000000000000000e+00 1.000000000000000000e+00
1.716201644439841509e+09 -4.779054164886474609e+00 -1.040363502502441406e+01 -6.431602239608764648e-01 0.000000000000000000e+00 0.000000000000000000e+00 0.000000000000000000e+00 1.000000000000000000e+00
1.716201644539559841e+09 -4.763121128082275391e+00 -1.033842372894287287e+01 -6.365554332733154297e-01 0.000000000000000000e+00 0.000000000000000000e+00 0.000000000000000000e+00 1.000000000000000000e+00
1.716201644640341759e+09 -4.741969585418701172e+00 -1.027604579925537287e+01 -6.277935504913330078e-01 0.000000000000000000e+00 0.000000000000000000e+00 0.000000000000000000e+00 1.000000000000000000e+00
1.716201644740853548e+09 -4.718945980072021484e+00 -1.018215942382812322e+01 -6.237917542457580566e-01 0.000000000000000000e+00 0.000000000000000000e+00 0.000000000000000000e+00 1.000000000000000000e+00
1.716201644841216087e+09 -4.689593791961669922e+00 -1.009280490875243963e+01 -6.172997355461120605e-01 0.000000000000000000e+00 0.000000000000000000e+00 0.000000000000000000e+00 1.000000000000000000e+00
1.716201644891620636e+09 -4.681262969970703125e+00 -1.006302452087402344e+01 -6.172313094139099121e-01 0.000000000000000000e+00 0.000000000000000000e+00 0.000000000000000000e+00 1.000000000000000000e+00
1.716201644992203474e+09 -4.660101890563964844e+00 -1.000548362731933594e+01 -6.120204329490661621e-01 0.000000000000000000e+00 0.000000000000000000e+00 0.000000000000000000e+00 1.000000000000000000e+00
1.716201645041967154e+09 -4.651165962219238281e+00 -9.974665641784667969e+00 -6.128339171409606934e-01 0.000000000000000000e+00 0.000000000000000000e+00 0.000000000000000000e+00 1.000000000000000000e+00
1.716201645092261314e+09 -4.642723083496093750e+00 -9.944663047790527344e+00 -6.139835119247436523e-01 0.000000000000000000e+00 0.000000000000000000e+00 0.000000000000000000e+00 1.000000000000000000e+00
1.716201645142552853e+09 -4.626014709472656250e+00 -9.886577606201171875e+00 -6.173378825187683105e-01 0.000000000000000000e+00 0.000000000000000000e+00 0.000000000000000000e+00 1.000000000000000000e+00
1.716201645243034840e+09 -4.603832244873046875e+00 -9.829262733459472656e+00 -6.131510734558105469e-01 0.000000000000000000e+00 0.000000000000000000e+00 0.000000000000000000e+00 1.000000000000000000e+00
1.716201645293191671e+09 -4.586219310760498047e+00 -9.770758628845216620e+00 -6.149767041206359863e-01 0.000000000000000000e+00 0.000000000000000000e+00 0.000000000000000000e+00 1.000000000000000000e+00
1.716201645343405247e+09 -4.577359199523925781e+00 -9.741035461425779474e+00 -6.155365109443664551e-01 0.000000000000000000e+00 0.000000000000000000e+00 0.000000000000000000e+00 1.000000000000000000e+00
1.716201645443658352e+09 -4.568402290344238281e+00 -9.710420608520507812e+00 -6.151925921440124512e-01 0.000000000000000000e+00 0.000000000000000000e+00 0.000000000000000000e+00 1.000000000000000000e+00
1.716201645494097710e+09 -4.546552181243896484e+00 -9.654579162597656250e+00 -6.085129976272583008e-01 0.000000000000000000e+00 0.000000000000000000e+00 0.000000000000000000e+00 1.000000000000000000e+00
1.716201645794889212e+09 -4.463348865509033203e+00 -9.418157577514648438e+00 -5.857911109924316406e-01 0.000000000000000000e+00 0.000000000000000000e+00 0.000000000000000000e+00 1.000000000000000000e+00
1.716201645845365286e+09 -4.452244758605957031e+00 -9.387880325317384589e+00 -5.832280516624450684e-01 0.000000000000000000e+00 0.000000000000000000e+00 0.000000000000000000e+00 1.000000000000000000e+00
1.716201645895265818e+09 -4.428421974182128906e+00 -9.331099510192872870e+00 -5.746665596961975098e-01 0.000000000000000000e+00 0.000000000000000000e+00 0.000000000000000000e+00 1.000000000000000000e+00
1.716201645996071100e+09 -4.416676521301269531e+00 -9.301240921020507812e+00 -5.715662837028503418e-01 0.000000000000000000e+00 0.000000000000000000e+00 0.000000000000000000e+00 1.000000000000000000e+00
1.716201646046095848e+09 -4.392415523529052734e+00 -9.244235992431640625e+00 -5.649437308311462402e-01 0.000000000000000000e+00 0.000000000000000000e+00 0.000000000000000000e+00 1.000000000000000000e+00
1.716201646146821260e+09 -4.367900371551513672e+00 -9.191389083862304688e+00 -5.553684830665588379e-01 0.000000000000000000e+00 0.000000000000000000e+00 0.000000000000000000e+00 1.000000000000000000e+00
1.716201646247137547e+09 -4.330773830413818359e+00 -9.114461898803712714e+00 -5.439272522926330566e-01 0.000000000000000000e+00 0.000000000000000000e+00 0.000000000000000000e+00 1.000000000000000000e+00
1.716201646347859383e+09 -4.308062076568604404e+00 -9.067296981811523438e+00 -5.354121923446655273e-01 0.000000000000000000e+00 0.000000000000000000e+00 0.000000000000000000e+00 1.000000000000000000e+00
1.716201646397477150e+09 -4.297008037567138672e+00 -9.044941902160644531e+00 -5.326032638549804688e-01 0.000000000000000000e+00 0.000000000000000000e+00 0.000000000000000000e+00 1.000000000000000000e+00
1.716201646498083353e+09 -4.260221004486083984e+00 -8.980129241943359375e+00 -5.268433094024658203e-01 0.000000000000000000e+00 0.000000000000000000e+00 0.000000000000000000e+00 1.000000000000000000e+00
1.716201646598408699e+09 -4.229360103607177734e+00 -8.927013397216796875e+00 -5.218049287796020508e-01 0.000000000000000000e+00 0.000000000000000000e+00 0.000000000000000000e+00 1.000000000000000000e+00
1.716201646698952436e+09 -4.218285560607910156e+00 -8.910690307617187500e+00 -5.223217606544494629e-01 0.000000000000000000e+00 0.000000000000000000e+00 0.000000000000000000e+00 1.000000000000000000e+00
1.716201646748542547e+09 -4.198093891143798828e+00 -8.883438110351562500e+00 -5.253289937973022461e-01 0.000000000000000000e+00 0.000000000000000000e+00 0.000000000000000000e+00 1.000000000000000000e+00
1.716201646848991632e+09 -4.182081699371337891e+00 -8.859411239624023438e+00 -5.252562761306762695e-01 0.000000000000000000e+00 0.000000000000000000e+00 0.000000000000000000e+00 1.000000000000000000e+00
1.716201646899232626e+09 -4.163374423980712891e+00 -8.837802886962890625e+00 -5.300412178039550781e-01 0.000000000000000000e+00 0.000000000000000000e+00 0.000000000000000000e+00 1.000000000000000000e+00
1.716201646999428034e+09 -4.146147727966308594e+00 -8.822008132934570312e+00 -5.358834862709045410e-01 0.000000000000000000e+00 0.000000000000000000e+00 0.000000000000000000e+00 1.000000000000000000e+00
1.716201647099847794e+09 -4.124978542327880859e+00 -8.802773475646972656e+00 -5.400972962379455566e-01 0.000000000000000000e+00 0.000000000000000000e+00 0.000000000000000000e+00 1.000000000000000000e+00
1.716201647150092363e+09 -4.116497993469238281e+00 -8.799247741699218750e+00 -5.432736873626708984e-01 0.000000000000000000e+00 0.000000000000000000e+00 0.000000000000000000e+00 1.000000000000000000e+00
1.716201647250758648e+09 -4.098813056945800781e+00 -8.794559478759765625e+00 -5.505290031433105469e-01 0.000000000000000000e+00 0.000000000000000000e+00 0.000000000000000000e+00 1.000000000000000000e+00
1.716201647351119041e+09 -4.089519500732421875e+00 -8.790231704711914062e+00 -5.538426637649536133e-01 0.000000000000000000e+00 0.000000000000000000e+00 0.000000000000000000e+00 1.000000000000000000e+00
1.716201647401430130e+09 -4.074239253997802734e+00 -8.790931701660156250e+00 -5.619922876358032227e-01 0.000000000000000000e+00 0.000000000000000000e+00 0.000000000000000000e+00 1.000000000000000000e+00
1.716201647501411676e+09 -4.066781520843505859e+00 -8.792204856872558594e+00 -5.665216445922851562e-01 0.000000000000000000e+00 0.000000000000000000e+00 0.000000000000000000e+00 1.000000000000000000e+00
1.716201647551483631e+09 -4.059722423553466797e+00 -8.794466018676757812e+00 -5.708163380622863770e-01 0.000000000000000000e+00 0.000000000000000000e+00 0.000000000000000000e+00 1.000000000000000000e+00
1.716201647601596117e+09 -4.043017864227294922e+00 -8.801053047180175781e+00 -5.803635120391845703e-01 0.000000000000000000e+00 0.000000000000000000e+00 0.000000000000000000e+00 1.000000000000000000e+00
1.716201647652745724e+09 -4.035114288330078125e+00 -8.804781913757324219e+00 -5.847308039665222168e-01 0.000000000000000000e+00 0.000000000000000000e+00 0.000000000000000000e+00 1.000000000000000000e+00
1.716201647752087593e+09 -4.027489662170410156e+00 -8.811606407165527344e+00 -5.896875858306884766e-01 0.000000000000000000e+00 0.000000000000000000e+00 0.000000000000000000e+00 1.000000000000000000e+00
1.716201647802276373e+09 -4.009932041168212891e+00 -8.824203491210937500e+00 -5.988184809684753418e-01 0.000000000000000000e+00 0.000000000000000000e+00 0.000000000000000000e+00 1.000000000000000000e+00
1.716201647852399349e+09 -4.000513076782226562e+00 -8.830776214599609375e+00 -6.033548116683959961e-01 0.000000000000000000e+00 0.000000000000000000e+00 0.000000000000000000e+00 1.000000000000000000e+00
1.716201647902526617e+09 -3.990735769271850586e+00 -8.838609695434570312e+00 -6.079269647598266602e-01 0.000000000000000000e+00 0.000000000000000000e+00 0.000000000000000000e+00 1.000000000000000000e+00
1.716201648002958059e+09 -3.971367597579956055e+00 -8.858325004577636719e+00 -6.183281540870666504e-01 0.000000000000000000e+00 0.000000000000000000e+00 0.000000000000000000e+00 1.000000000000000000e+00
1.716201648103173018e+09 -3.947692871093750000e+00 -8.875520706176757812e+00 -6.281927824020385742e-01 0.000000000000000000e+00 0.000000000000000000e+00 0.000000000000000000e+00 1.000000000000000000e+00
1.716201648203478813e+09 -3.937349557876586914e+00 -8.888831138610839844e+00 -6.339027881622314453e-01 0.000000000000000000e+00 0.000000000000000000e+00 0.000000000000000000e+00 1.000000000000000000e+00
1.716201648253703117e+09 -3.924484729766845703e+00 -8.898947715759277344e+00 -6.387972831726074219e-01 0.000000000000000000e+00 0.000000000000000000e+00 0.000000000000000000e+00 1.000000000000000000e+00
1.716201648354187965e+09 -3.901262760162353516e+00 -8.922334671020507812e+00 -6.491181254386901855e-01 0.000000000000000000e+00 0.000000000000000000e+00 0.000000000000000000e+00 1.000000000000000000e+00
1.716201648405285120e+09 -3.889356374740600586e+00 -8.931043624877929688e+00 -6.531163454055786133e-01 0.000000000000000000e+00 0.000000000000000000e+00 0.000000000000000000e+00 1.000000000000000000e+00
1.716201648504994154e+09 -3.865277528762817383e+00 -8.951764106750488281e+00 -6.614628434181213379e-01 0.000000000000000000e+00 0.000000000000000000e+00 0.000000000000000000e+00 1.000000000000000000e+00
1.716201648555196762e+09 -3.844511508941649502e+00 -8.978705406188964844e+00 -6.700264811515808105e-01 0.000000000000000000e+00 0.000000000000000000e+00 0.000000000000000000e+00 1.000000000000000000e+00
1.716201648604810238e+09 -3.832898139953612837e+00 -8.989571571350097656e+00 -6.732720136642456055e-01 0.000000000000000000e+00 0.000000000000000000e+00 0.000000000000000000e+00 1.000000000000000000e+00
1.716201648655074358e+09 -3.821803092956542969e+00 -9.001298904418945312e+00 -6.765410304069519043e-01 0.000000000000000000e+00 0.000000000000000000e+00 0.000000000000000000e+00 1.000000000000000000e+00
1.716201648755406857e+09 -3.800051212310791016e+00 -9.022327423095703125e+00 -6.828526854515075684e-01 0.000000000000000000e+00 0.000000000000000000e+00 0.000000000000000000e+00 1.000000000000000000e+00
1.716201648805557251e+09 -3.792397022247314453e+00 -9.038805007934570312e+00 -6.877811551094055176e-01 0.000000000000000000e+00 0.000000000000000000e+00 0.000000000000000000e+00 1.000000000000000000e+00
1.716201648906264067e+09 -3.771561861038208008e+00 -9.056905746459959161e+00 -6.949070096015930176e-01 0.000000000000000000e+00 0.000000000000000000e+00 0.000000000000000000e+00 1.000000000000000000e+00
1.716201648956432819e+09 -3.762131214141845703e+00 -9.065489768981933594e+00 -6.985791325569152832e-01 0.000000000000000000e+00 0.000000000000000000e+00 0.000000000000000000e+00 1.000000000000000000e+00
1.716201649006674528e+09 -3.755425214767456055e+00 -9.078160285949708808e+00 -7.035561203956604004e-01 0.000000000000000000e+00 0.000000000000000000e+00 0.000000000000000000e+00 1.000000000000000000e+00
1.716201649106849432e+09 -3.740785121917724609e+00 -9.094373703002929688e+00 -7.119287848472595215e-01 0.000000000000000000e+00 0.000000000000000000e+00 0.000000000000000000e+00 1.000000000000000000e+00
1.716201649157327175e+09 -3.733793258666992188e+00 -9.101708412170410156e+00 -7.163907885551452637e-01 0.000000000000000000e+00 0.000000000000000000e+00 0.000000000000000000e+00 1.000000000000000000e+00
1.716201649257847309e+09 -3.721985816955566406e+00 -9.118634223937988281e+00 -7.259038090705871582e-01 0.000000000000000000e+00 0.000000000000000000e+00 0.000000000000000000e+00 1.000000000000000000e+00
1.716201649308008671e+09 -3.715756893157958984e+00 -9.123535156250000000e+00 -7.298664450645446777e-01 0.000000000000000000e+00 0.000000000000000000e+00 0.000000000000000000e+00 1.000000000000000000e+00
1.716201649358109474e+09 -3.710115909576416016e+00 -9.128151893615724433e+00 -7.339811325073242188e-01 0.000000000000000000e+00 0.000000000000000000e+00 0.000000000000000000e+00 1.000000000000000000e+00
1.716201649458439112e+09 -3.700906753540039062e+00 -9.135564804077148438e+00 -7.416213154792785645e-01 0.000000000000000000e+00 0.000000000000000000e+00 0.000000000000000000e+00 1.000000000000000000e+00
1.716201649510202885e+09 -3.696479797363280806e+00 -9.136593818664550781e+00 -7.447562813758850098e-01 0.000000000000000000e+00 0.000000000000000000e+00 0.000000000000000000e+00 1.000000000000000000e+00
1.716201649609129667e+09 -3.689600467681884766e+00 -9.138779640197753906e+00 -7.517290115356445312e-01 0.000000000000000000e+00 0.000000000000000000e+00 0.000000000000000000e+00 1.000000000000000000e+00
1.716201649659071684e+09 -3.687802076339721680e+00 -9.139785766601562500e+00 -7.551060914993286133e-01 0.000000000000000000e+00 0.000000000000000000e+00 0.000000000000000000e+00 1.000000000000000000e+00
1.716201649709688425e+09 -3.686368942260742188e+00 -9.139542579650880683e+00 -7.584645748138427734e-01 0.000000000000000000e+00 0.000000000000000000e+00 0.000000000000000000e+00 1.000000000000000000e+00
1.716201649759582043e+09 -3.686207294464111328e+00 -9.138766288757324219e+00 -7.618941664695739746e-01 0.000000000000000000e+00 0.000000000000000000e+00 0.000000000000000000e+00 1.000000000000000000e+00
1.716201649859749317e+09 -3.687057733535767046e+00 -9.135443687438964844e+00 -7.695174813270568848e-01 0.000000000000000000e+00 0.000000000000000000e+00 0.000000000000000000e+00 1.000000000000000000e+00
1.716201649960229635e+09 -3.688494920730590820e+00 -9.132813453674316406e+00 -7.733489871025085449e-01 0.000000000000000000e+00 0.000000000000000000e+00 0.000000000000000000e+00 1.000000000000000000e+00
1.716201650010467529e+09 -3.692316293716431108e+00 -9.127950668334959161e+00 -7.822920680046081543e-01 0.000000000000000000e+00 0.000000000000000000e+00 0.000000000000000000e+00 1.000000000000000000e+00
1.716201650110733509e+09 -3.694338321685791016e+00 -9.124835968017578125e+00 -7.870831489562988281e-01 0.000000000000000000e+00 0.000000000000000000e+00 0.000000000000000000e+00 1.000000000000000000e+00
1.716201650160904884e+09 -3.698402404785155806e+00 -9.119382858276367188e+00 -7.979190349578857422e-01 0.000000000000000000e+00 0.000000000000000000e+00 0.000000000000000000e+00 1.000000000000000000e+00
1.716201650211266756e+09 -3.701317548751831055e+00 -9.116687774658203125e+00 -8.039622902870178223e-01 0.000000000000000000e+00 0.000000000000000000e+00 0.000000000000000000e+00 1.000000000000000000e+00
1.716201650261423349e+09 -3.704469203948975053e+00 -9.113834381103515625e+00 -8.102325797080993652e-01 0.000000000000000000e+00 0.000000000000000000e+00 0.000000000000000000e+00 1.000000000000000000e+00
1.716201650361809969e+09 -3.710649728775023970e+00 -9.108233451843261719e+00 -8.224774599075317383e-01 0.000000000000000000e+00 0.000000000000000000e+00 0.000000000000000000e+00 1.000000000000000000e+00
1.716201650411932468e+09 -3.714534521102904829e+00 -9.106062889099119317e+00 -8.291768431663513184e-01 0.000000000000000000e+00 0.000000000000000000e+00 0.000000000000000000e+00 1.000000000000000000e+00
1.716201650462110043e+09 -3.718072891235352007e+00 -9.104105949401855469e+00 -8.355630040168762207e-01 0.000000000000000000e+00 0.000000000000000000e+00 0.000000000000000000e+00 1.000000000000000000e+00
1.716201650512576342e+09 -3.721514701843261719e+00 -9.103142738342283380e+00 -8.425388336181640625e-01 0.000000000000000000e+00 0.000000000000000000e+00 0.000000000000000000e+00 1.000000000000000000e+00
1.716201650612956524e+09 -3.724699258804320845e+00 -9.104464530944824219e+00 -8.496471643447875977e-01 0.000000000000000000e+00 0.000000000000000000e+00 0.000000000000000000e+00 1.000000000000000000e+00
1.716201650662805796e+09 -3.728665828704833984e+00 -9.103601455688476562e+00 -8.639923334121704102e-01 0.000000000000000000e+00 0.000000000000000000e+00 0.000000000000000000e+00 1.000000000000000000e+00
1.716201650713379860e+09 -3.729500532150268999e+00 -9.104680061340332031e+00 -8.714068531990051270e-01 0.000000000000000000e+00 0.000000000000000000e+00 0.000000000000000000e+00 1.000000000000000000e+00
1.716201650814072847e+09 -3.731114387512207031e+00 -9.108688354492187500e+00 -8.791304230690002441e-01 0.000000000000000000e+00 0.000000000000000000e+00 0.000000000000000000e+00 1.000000000000000000e+00
1.716201651014323235e+09 -3.730334758758544922e+00 -9.129532814025880683e+00 -9.197449684143066406e-01 0.000000000000000000e+00 0.000000000000000000e+00 0.000000000000000000e+00 1.000000000000000000e+00
1.716201651064447641e+09 -3.728674888610839844e+00 -9.134634017944335938e+00 -9.282812476158142090e-01 0.000000000000000000e+00 0.000000000000000000e+00 0.000000000000000000e+00 1.000000000000000000e+00
1.716201651114598989e+09 -3.726205825805664062e+00 -9.140065193176269531e+00 -9.367914795875548206e-01 0.000000000000000000e+00 0.000000000000000000e+00 0.000000000000000000e+00 1.000000000000000000e+00
1.716201651164625645e+09 -3.723720788955688921e+00 -9.146603584289550781e+00 -9.453144073486328125e-01 0.000000000000000000e+00 0.000000000000000000e+00 0.000000000000000000e+00 1.000000000000000000e+00
1.716201651214875698e+09 -3.723227500915527344e+00 -9.160707473754884589e+00 -9.557555913925172009e-01 0.000000000000000000e+00 0.000000000000000000e+00 0.000000000000000000e+00 1.000000000000000000e+00
1.716201651265636683e+09 -3.720421075820922852e+00 -9.168447494506835938e+00 -9.643687605857848011e-01 0.000000000000000000e+00 0.000000000000000000e+00 0.000000000000000000e+00 1.000000000000000000e+00
1.716201651315492153e+09 -3.716418981552124023e+00 -9.176570892333984375e+00 -9.733257889747619629e-01 0.000000000000000000e+00 0.000000000000000000e+00 0.000000000000000000e+00 1.000000000000000000e+00
1.716201651365664005e+09 -3.712007761001586914e+00 -9.185710906982421875e+00 -9.832155704498292126e-01 0.000000000000000000e+00 0.000000000000000000e+00 0.000000000000000000e+00 1.000000000000000000e+00
1.716201651465880632e+09 -3.710287570953369141e+00 -9.202985763549804688e+00 -9.959614276885986328e-01 0.000000000000000000e+00 0.000000000000000000e+00 0.000000000000000000e+00 1.000000000000000000e+00
1.716201651516602516e+09 -3.700138330459594282e+00 -9.221670150756835938e+00 -1.020066022872924805e+00 0.000000000000000000e+00 0.000000000000000000e+00 0.000000000000000000e+00 1.000000000000000000e+00
1.716201651566751003e+09 -3.694415569305419922e+00 -9.231255531311035156e+00 -1.034118652343750000e+00 0.000000000000000000e+00 0.000000000000000000e+00 0.000000000000000000e+00 1.000000000000000000e+00
1.716201651667024374e+09 -3.691326141357421875e+00 -9.249911308288574219e+00 -1.051692724227905273e+00 0.000000000000000000e+00 0.000000000000000000e+00 0.000000000000000000e+00 1.000000000000000000e+00
1.716201651717453003e+09 -3.678044080734252930e+00 -9.270388603210449219e+00 -1.085293531417846902e+00 0.000000000000000000e+00 0.000000000000000000e+00 0.000000000000000000e+00 1.000000000000000000e+00
1.716201651767380714e+09 -3.670034408569335938e+00 -9.279664993286132812e+00 -1.103324294090270996e+00 0.000000000000000000e+00 0.000000000000000000e+00 0.000000000000000000e+00 1.000000000000000000e+00
1.716201651817658424e+09 -3.661582231521606445e+00 -9.288928985595703125e+00 -1.121878743171691895e+00 0.000000000000000000e+00 0.000000000000000000e+00 0.000000000000000000e+00 1.000000000000000000e+00
1.716201651918064833e+09 -3.656625270843505859e+00 -9.306982994079589844e+00 -1.143631458282470703e+00 0.000000000000000000e+00 0.000000000000000000e+00 0.000000000000000000e+00 1.000000000000000000e+00
1.716201651969144583e+09 -3.637820005416870117e+00 -9.323466300964355469e+00 -1.181959390640258789e+00 0.000000000000000000e+00 0.000000000000000000e+00 0.000000000000000000e+00 1.000000000000000000e+00
1.716201652019152164e+09 -3.627118349075316939e+00 -9.330133438110351562e+00 -1.200379014015197754e+00 0.000000000000000000e+00 0.000000000000000000e+00 0.000000000000000000e+00 1.000000000000000000e+00
1.716201652068473339e+09 -3.616366147994995117e+00 -9.336945533752439630e+00 -1.218201875686645508e+00 0.000000000000000000e+00 0.000000000000000000e+00 0.000000000000000000e+00 1.000000000000000000e+00
1.716201652118911743e+09 -3.606715202331542969e+00 -9.346765518188476562e+00 -1.235515236854553223e+00 0.000000000000000000e+00 0.000000000000000000e+00 0.000000000000000000e+00 1.000000000000000000e+00
1.716201652168758631e+09 -3.594996213912963867e+00 -9.351306915283203125e+00 -1.250671625137329102e+00 0.000000000000000000e+00 0.000000000000000000e+00 0.000000000000000000e+00 1.000000000000000000e+00
1.716201652218932152e+09 -3.582178354263305664e+00 -9.354170799255372870e+00 -1.265274286270141602e+00 0.000000000000000000e+00 0.000000000000000000e+00 0.000000000000000000e+00 1.000000000000000000e+00
1.716201652269377470e+09 -3.570627212524414062e+00 -9.357139587402343750e+00 -1.277742743492126465e+00 0.000000000000000000e+00 0.000000000000000000e+00 0.000000000000000000e+00 1.000000000000000000e+00
1.716201652370517492e+09 -3.545240402221680132e+00 -9.361945152282716620e+00 -1.301619291305541992e+00 0.000000000000000000e+00 0.000000000000000000e+00 0.000000000000000000e+00 1.000000000000000000e+00
1.716201652420115709e+09 -3.532267093658447710e+00 -9.364415168762208808e+00 -1.313519239425659180e+00 0.000000000000000000e+00 0.000000000000000000e+00 0.000000000000000000e+00 1.000000000000000000e+00
1.716201652470492840e+09 -3.519325494766235796e+00 -9.367865562438964844e+00 -1.325697660446166992e+00 0.000000000000000000e+00 0.000000000000000000e+00 0.000000000000000000e+00 1.000000000000000000e+00
1.716201652520561457e+09 -3.504827022552490234e+00 -9.369878768920898438e+00 -1.337101101875305176e+00 0.000000000000000000e+00 0.000000000000000000e+00 0.000000000000000000e+00 1.000000000000000000e+00
1.716201652570341587e+09 -3.490136146545410156e+00 -9.371947288513183594e+00 -1.348435759544372559e+00 0.000000000000000000e+00 0.000000000000000000e+00 0.000000000000000000e+00 1.000000000000000000e+00
1.716201652670556068e+09 -3.460358381271362305e+00 -9.373374938964843750e+00 -1.369194984436035156e+00 0.000000000000000000e+00 0.000000000000000000e+00 0.000000000000000000e+00 1.000000000000000000e+00
1.716201652721748114e+09 -3.446004867553710938e+00 -9.373463630676269531e+00 -1.378989815711975098e+00 0.000000000000000000e+00 0.000000000000000000e+00 0.000000000000000000e+00 1.000000000000000000e+00
1.716201652821937561e+09 -3.431952238082885742e+00 -9.371509552001951349e+00 -1.387752652168273926e+00 0.000000000000000000e+00 0.000000000000000000e+00 0.000000000000000000e+00 1.000000000000000000e+00
1.716201652871817589e+09 -3.407357692718505859e+00 -9.373344421386720526e+00 -1.403797984123229980e+00 0.000000000000000000e+00 0.000000000000000000e+00 0.000000000000000000e+00 1.000000000000000000e+00
1.716201652921674490e+09 -3.395208358764648438e+00 -9.374596595764160156e+00 -1.410450696945190430e+00 0.000000000000000000e+00 0.000000000000000000e+00 0.000000000000000000e+00 1.000000000000000000e+00
1.716201653021981239e+09 -3.370726108551025391e+00 -9.377842903137208808e+00 -1.421371102333068848e+00 0.000000000000000000e+00 0.000000000000000000e+00 0.000000000000000000e+00 1.000000000000000000e+00
1.716201653072209835e+09 -3.359268426895141602e+00 -9.379539489746093750e+00 -1.425593972206115501e+00 0.000000000000000000e+00 0.000000000000000000e+00 0.000000000000000000e+00 1.000000000000000000e+00
1.716201653122518301e+09 -3.348576307296752930e+00 -9.382086753845216620e+00 -1.429711103439331055e+00 0.000000000000000000e+00 0.000000000000000000e+00 0.000000000000000000e+00 1.000000000000000000e+00
1.716201653222866774e+09 -3.339135169982910156e+00 -9.386394500732421875e+00 -1.433797717094421387e+00 0.000000000000000000e+00 0.000000000000000000e+00 0.000000000000000000e+00 1.000000000000000000e+00
1.716201653272866726e+09 -3.322308063507080078e+00 -9.393680572509765625e+00 -1.440234065055847168e+00 0.000000000000000000e+00 0.000000000000000000e+00 0.000000000000000000e+00 1.000000000000000000e+00
1.716201653323275328e+09 -3.315148830413818359e+00 -9.397543907165527344e+00 -1.443052649497985840e+00 0.000000000000000000e+00 0.000000000000000000e+00 0.000000000000000000e+00 1.000000000000000000e+00
1.716201653373545885e+09 -3.308490991592407227e+00 -9.401383399963380683e+00 -1.445352554321289062e+00 0.000000000000000000e+00 0.000000000000000000e+00 0.000000000000000000e+00 1.000000000000000000e+00
1.716201653473619223e+09 -3.297376871109008789e+00 -9.410494804382324219e+00 -1.449912667274475098e+00 0.000000000000000000e+00 0.000000000000000000e+00 0.000000000000000000e+00 1.000000000000000000e+00
1.716201653524038076e+09 -3.293054103851318359e+00 -9.414593696594238281e+00 -1.452247977256774902e+00 0.000000000000000000e+00 0.000000000000000000e+00 0.000000000000000000e+00 1.000000000000000000e+00
1.716201653573950529e+09 -3.290981054306030273e+00 -9.420955657958984375e+00 -1.455418467521667703e+00 0.000000000000000000e+00 0.000000000000000000e+00 0.000000000000000000e+00 1.000000000000000000e+00
1.716201653624654293e+09 -3.288442850112915039e+00 -9.425280570983888495e+00 -1.458557248115539551e+00 0.000000000000000000e+00 0.000000000000000000e+00 0.000000000000000000e+00 1.000000000000000000e+00
1.716201653674391747e+09 -3.286990880966186523e+00 -9.429212570190429688e+00 -1.461732625961303711e+00 0.000000000000000000e+00 0.000000000000000000e+00 0.000000000000000000e+00 1.000000000000000000e+00
1.716201653724765778e+09 -3.284782886505126953e+00 -9.437166213989257812e+00 -1.470542430877685547e+00 0.000000000000000000e+00 0.000000000000000000e+00 0.000000000000000000e+00 1.000000000000000000e+00
1.716201653824871778e+09 -3.285895347595214844e+00 -9.445501327514648438e+00 -1.477952003479003906e+00 0.000000000000000000e+00 0.000000000000000000e+00 0.000000000000000000e+00 1.000000000000000000e+00
1.716201653875001669e+09 -3.285894870758056641e+00 -9.448865890502929688e+00 -1.484833478927612305e+00 0.000000000000000000e+00 0.000000000000000000e+00 0.000000000000000000e+00 1.000000000000000000e+00
1.716201653975173712e+09 -3.287224531173706055e+00 -9.455239295959472656e+00 -1.501724720001220703e+00 0.000000000000000000e+00 0.000000000000000000e+00 0.000000000000000000e+00 1.000000000000000000e+00
1.716201654025399923e+09 -3.290218830108642578e+00 -9.463656425476074219e+00 -1.513753056526184082e+00 0.000000000000000000e+00 0.000000000000000000e+00 0.000000000000000000e+00 1.000000000000000000e+00
1.716201654075491667e+09 -3.291981458663940430e+00 -9.467084884643556464e+00 -1.525413632392883301e+00 0.000000000000000000e+00 0.000000000000000000e+00 0.000000000000000000e+00 1.000000000000000000e+00
1.716201654175805092e+09 -3.296705722808837891e+00 -9.475140571594238281e+00 -1.550494313240051270e+00 0.000000000000000000e+00 0.000000000000000000e+00 0.000000000000000000e+00 1.000000000000000000e+00
1.716201654226018667e+09 -3.299535989761352539e+00 -9.481417655944824219e+00 -1.555454254150390625e+00 0.000000000000000000e+00 0.000000000000000000e+00 0.000000000000000000e+00 1.000000000000000000e+00
1.716201654376430511e+09 -3.308442831039428711e+00 -9.503358840942384589e+00 -1.535867333412170410e+00 0.000000000000000000e+00 0.000000000000000000e+00 0.000000000000000000e+00 1.000000000000000000e+00
1.716201654426707029e+09 -3.310848474502563477e+00 -9.509467124938964844e+00 -1.534878849983215110e+00 0.000000000000000000e+00 0.000000000000000000e+00 0.000000000000000000e+00 1.000000000000000000e+00
1.716201654476637125e+09 -3.312905073165893555e+00 -9.514037132263183594e+00 -1.539120316505431907e+00 0.000000000000000000e+00 0.000000000000000000e+00 0.000000000000000000e+00 1.000000000000000000e+00
1.716201654627141953e+09 -3.309915065765380859e+00 -9.533986091613769531e+00 -1.552666425704956055e+00 0.000000000000000000e+00 0.000000000000000000e+00 0.000000000000000000e+00 1.000000000000000000e+00
1.716201654677431583e+09 -3.309413671493530273e+00 -9.538814544677734375e+00 -1.555408120155334473e+00 0.000000000000000000e+00 0.000000000000000000e+00 0.000000000000000000e+00 1.000000000000000000e+00
1.716201654727848053e+09 -3.315778017044067383e+00 -9.545413017272949219e+00 -1.558989286422729492e+00 0.000000000000000000e+00 0.000000000000000000e+00 0.000000000000000000e+00 1.000000000000000000e+00
1.716201654777787209e+09 -3.315767765045166016e+00 -9.545762062072753906e+00 -1.557902932167053223e+00 0.000000000000000000e+00 0.000000000000000000e+00 0.000000000000000000e+00 1.000000000000000000e+00
1.716201654827949762e+09 -3.316337108612060547e+00 -9.546448707580566406e+00 -1.558599948883056641e+00 0.000000000000000000e+00 0.000000000000000000e+00 0.000000000000000000e+00 1.000000000000000000e+00
1.716201654878128290e+09 -3.318041086196899414e+00 -9.543679237365724433e+00 -1.558493375778198242e+00 0.000000000000000000e+00 0.000000000000000000e+00 0.000000000000000000e+00 1.000000000000000000e+00
1.716201654928630829e+09 -3.316659212112426758e+00 -9.539932250976562500e+00 -1.557881832122802734e+00 0.000000000000000000e+00 0.000000000000000000e+00 0.000000000000000000e+00 1.000000000000000000e+00
1.716201654978797913e+09 -3.315787553787231445e+00 -9.539075851440429688e+00 -1.558048963546752930e+00 0.000000000000000000e+00 0.000000000000000000e+00 0.000000000000000000e+00 1.000000000000000000e+00
1.716201655029115200e+09 -3.315553903579711914e+00 -9.537997245788574219e+00 -1.558220505714416504e+00 0.000000000000000000e+00 0.000000000000000000e+00 0.000000000000000000e+00 1.000000000000000000e+00
1.716201655079114914e+09 -3.314069986343383789e+00 -9.536355018615724433e+00 -1.558054566383361816e+00 0.000000000000000000e+00 0.000000000000000000e+00 0.000000000000000000e+00 1.000000000000000000e+00
1.716201655129313469e+09 -3.313211441040039062e+00 -9.536616325378417969e+00 -1.558171033859252930e+00 0.000000000000000000e+00 0.000000000000000000e+00 0.000000000000000000e+00 1.000000000000000000e+00
1.716201655229663134e+09 -3.313353061676025391e+00 -9.536664962768556464e+00 -1.557862281799316406e+00 0.000000000000000000e+00 0.000000000000000000e+00 0.000000000000000000e+00 1.000000000000000000e+00
1.716201655279948235e+09 -3.313784837722778320e+00 -9.536568641662597656e+00 -1.557695031166076882e+00 0.000000000000000000e+00 0.000000000000000000e+00 0.000000000000000000e+00 1.000000000000000000e+00
1.716201655330178499e+09 -3.313904285430908203e+00 -9.536515235900880683e+00 -1.557730913162231445e+00 0.000000000000000000e+00 0.000000000000000000e+00 0.000000000000000000e+00 1.000000000000000000e+00
1.716201655380170584e+09 -3.314187288284301758e+00 -9.537425041198730469e+00 -1.558036088943481445e+00 0.000000000000000000e+00 0.000000000000000000e+00 0.000000000000000000e+00 1.000000000000000000e+00
1.716201655430568933e+09 -3.313793897628784180e+00 -9.536510467529296875e+00 -1.557866454124450906e+00 0.000000000000000000e+00 0.000000000000000000e+00 0.000000000000000000e+00 1.000000000000000000e+00
1.716201655480653286e+09 -3.313625574111938477e+00 -9.536569595336914062e+00 -1.557866334915161133e+00 0.000000000000000000e+00 0.000000000000000000e+00 0.000000000000000000e+00 1.000000000000000000e+00
1.716201655530802965e+09 -3.313320875167846680e+00 -9.535606384277343750e+00 -1.557750344276428223e+00 0.000000000000000000e+00 0.000000000000000000e+00 0.000000000000000000e+00 1.000000000000000000e+00
1.716201655581076622e+09 -3.313359022140502930e+00 -9.535542488098144531e+00 -1.557907938957214355e+00 0.000000000000000000e+00 0.000000000000000000e+00 0.000000000000000000e+00 1.000000000000000000e+00
1.716201655631404638e+09 -3.313128471374512163e+00 -9.534594535827636719e+00 -1.557665586471557617e+00 0.000000000000000000e+00 0.000000000000000000e+00 0.000000000000000000e+00 1.000000000000000000e+00
1.716201655681809664e+09 -3.313142061233520508e+00 -9.534589767456056464e+00 -1.557667374610900879e+00 0.000000000000000000e+00 0.000000000000000000e+00 0.000000000000000000e+00 1.000000000000000000e+00
1.716201655732628822e+09 -3.313397169113159180e+00 -9.535517692565917969e+00 -1.557946443557739258e+00 0.000000000000000000e+00 0.000000000000000000e+00 0.000000000000000000e+00 1.000000000000000000e+00
1.716201655782361031e+09 -3.313319683074951172e+00 -9.535552978515623224e+00 -1.557918071746826172e+00 0.000000000000000000e+00 0.000000000000000000e+00 0.000000000000000000e+00 1.000000000000000000e+00
1.716201655832504988e+09 -3.313259363174438477e+00 -9.535593986511230469e+00 -1.557857513427734375e+00 0.000000000000000000e+00 0.000000000000000000e+00 0.000000000000000000e+00 1.000000000000000000e+00
1.716201655883017778e+09 -3.313420057296752930e+00 -9.535525321960449219e+00 -1.557897448539734109e+00 0.000000000000000000e+00 0.000000000000000000e+00 0.000000000000000000e+00 1.000000000000000000e+00
1.716201655933074474e+09 -3.313540220260620117e+00 -9.535488128662109375e+00 -1.557882547378540039e+00 0.000000000000000000e+00 0.000000000000000000e+00 0.000000000000000000e+00 1.000000000000000000e+00
1.716201655983083487e+09 -3.313486576080322266e+00 -9.535499572753906250e+00 -1.557905912399291992e+00 0.000000000000000000e+00 0.000000000000000000e+00 0.000000000000000000e+00 1.000000000000000000e+00
1.716201656034967899e+09 -3.313364505767822266e+00 -9.535535812377929688e+00 -1.557925462722778320e+00 0.000000000000000000e+00 0.000000000000000000e+00 0.000000000000000000e+00 1.000000000000000000e+00
1.716201656083409071e+09 -3.313042879104614258e+00 -9.534621238708496094e+00 -1.557674527168273926e+00 0.000000000000000000e+00 0.000000000000000000e+00 0.000000000000000000e+00 1.000000000000000000e+00
1.716201656133641005e+09 -3.313018083572388139e+00 -9.534580230712890625e+00 -1.557831287384033203e+00 0.000000000000000000e+00 0.000000000000000000e+00 0.000000000000000000e+00 1.000000000000000000e+00
1.716201656183792353e+09 -3.313084602355957031e+00 -9.534591674804687500e+00 -1.557722449302673118e+00 0.000000000000000000e+00 0.000000000000000000e+00 0.000000000000000000e+00 1.000000000000000000e+00
1.716201656233935595e+09 -3.313055515289306197e+00 -9.534606933593750000e+00 -1.557708263397216797e+00 0.000000000000000000e+00 0.000000000000000000e+00 0.000000000000000000e+00 1.000000000000000000e+00
1.716201656284184933e+09 -3.313105583190917969e+00 -9.534605026245115411e+00 -1.557657480239868164e+00 0.000000000000000000e+00 0.000000000000000000e+00 0.000000000000000000e+00 1.000000000000000000e+00
1.716201656384520531e+09 -3.313386440277100053e+00 -9.535511970520019531e+00 -1.557975053787231445e+00 0.000000000000000000e+00 0.000000000000000000e+00 0.000000000000000000e+00 1.000000000000000000e+00
1.716201656434714317e+09 -3.313437223434447798e+00 -9.535531044006347656e+00 -1.557859182357788086e+00 0.000000000000000000e+00 0.000000000000000000e+00 0.000000000000000000e+00 1.000000000000000000e+00
1.716201656484767914e+09 -3.313269615173339844e+00 -9.534564018249511719e+00 -1.557609558105468750e+00 0.000000000000000000e+00 0.000000000000000000e+00 0.000000000000000000e+00 1.000000000000000000e+00
1.716201656534925222e+09 -3.313000440597534180e+00 -9.534549713134765625e+00 -1.557945251464843750e+00 0.000000000000000000e+00 0.000000000000000000e+00 0.000000000000000000e+00 1.000000000000000000e+00
1.716201656585094452e+09 -3.312834024429321289e+00 -9.534592628479003906e+00 -1.557994127273559570e+00 0.000000000000000000e+00 0.000000000000000000e+00 0.000000000000000000e+00 1.000000000000000000e+00
1.716201656685449839e+09 -3.312915086746215820e+00 -9.534609794616699219e+00 -1.557851791381835938e+00 0.000000000000000000e+00 0.000000000000000000e+00 0.000000000000000000e+00 1.000000000000000000e+00
1.716201656735766888e+09 -3.313017129898071733e+00 -9.534605026245115411e+00 -1.557753682136535645e+00 0.000000000000000000e+00 0.000000000000000000e+00 0.000000000000000000e+00 1.000000000000000000e+00
1.716201656785711765e+09 -3.312933206558227539e+00 -9.534614562988279474e+00 -1.557816863059997559e+00 0.000000000000000000e+00 0.000000000000000000e+00 0.000000000000000000e+00 1.000000000000000000e+00
1.716201656886163235e+09 -3.313104152679443803e+00 -9.535567283630372870e+00 -1.558108806610107422e+00 0.000000000000000000e+00 0.000000000000000000e+00 0.000000000000000000e+00 1.000000000000000000e+00
1.716201656936550140e+09 -3.313430547714233398e+00 -9.536548614501951349e+00 -1.558144092559814453e+00 0.000000000000000000e+00 0.000000000000000000e+00 0.000000000000000000e+00 1.000000000000000000e+00
1.716201656986304045e+09 -3.313553333282470703e+00 -9.536525726318359375e+00 -1.558082818984985352e+00 0.000000000000000000e+00 0.000000000000000000e+00 0.000000000000000000e+00 1.000000000000000000e+00
1.716201657087829351e+09 -3.313541173934936523e+00 -9.536508560180664062e+00 -1.558148026466369629e+00 0.000000000000000000e+00 0.000000000000000000e+00 0.000000000000000000e+00 1.000000000000000000e+00
1.716201657137118816e+09 -3.312948942184447798e+00 -9.535644531250000000e+00 -1.558037638664245605e+00 0.000000000000000000e+00 0.000000000000000000e+00 0.000000000000000000e+00 1.000000000000000000e+00
1.716201657237499475e+09 -3.312911272048950195e+00 -9.535637855529783380e+00 -1.558098554611206055e+00 0.000000000000000000e+00 0.000000000000000000e+00 0.000000000000000000e+00 1.000000000000000000e+00
1.716201657287288666e+09 -3.313125848770141602e+00 -9.535593032836914062e+00 -1.558005452156066895e+00 0.000000000000000000e+00 0.000000000000000000e+00 0.000000000000000000e+00 1.000000000000000000e+00
1.716201657338725090e+09 -3.313322067260742188e+00 -9.535530090332031250e+00 -1.557988643646240234e+00 0.000000000000000000e+00 0.000000000000000000e+00 0.000000000000000000e+00 1.000000000000000000e+00
1.716201657437868118e+09 -3.313143014907836914e+00 -9.535599708557127130e+00 -1.557965755462646484e+00 0.000000000000000000e+00 0.000000000000000000e+00 0.000000000000000000e+00 1.000000000000000000e+00
1.716201657488216877e+09 -3.313616037368774414e+00 -9.536486625671388495e+00 -1.558136343955993652e+00 0.000000000000000000e+00 0.000000000000000000e+00 0.000000000000000000e+00 1.000000000000000000e+00
1.716201657538478374e+09 -3.313514709472655806e+00 -9.536491394042968750e+00 -1.558232426643371582e+00 0.000000000000000000e+00 0.000000000000000000e+00 0.000000000000000000e+00 1.000000000000000000e+00
1.716201657588511467e+09 -3.312993526458739790e+00 -9.535593032836914062e+00 -1.558148860931396484e+00 0.000000000000000000e+00 0.000000000000000000e+00 0.000000000000000000e+00 1.000000000000000000e+00
1.716201657638543367e+09 -3.313000202178955078e+00 -9.535594940185548651e+00 -1.558134913444519043e+00 0.000000000000000000e+00 0.000000000000000000e+00 0.000000000000000000e+00 1.000000000000000000e+00
1.716201657738844156e+09 -3.313130617141724077e+00 -9.535534858703611505e+00 -1.558182597160339355e+00 0.000000000000000000e+00 0.000000000000000000e+00 0.000000000000000000e+00 1.000000000000000000e+00
1.716201657789299488e+09 -3.313096761703491211e+00 -9.535559654235839844e+00 -1.558141708374023438e+00 0.000000000000000000e+00 0.000000000000000000e+00 0.000000000000000000e+00 1.000000000000000000e+00
1.716201657889713764e+09 -3.313118457794189009e+00 -9.535605430603027344e+00 -1.557974815368652344e+00 0.000000000000000000e+00 0.000000000000000000e+00 0.000000000000000000e+00 1.000000000000000000e+00
1.716201657990266562e+09 -3.313630580902100053e+00 -9.536451339721679688e+00 -1.558232188224792480e+00 0.000000000000000000e+00 0.000000000000000000e+00 0.000000000000000000e+00 1.000000000000000000e+00
1.716201658040583134e+09 -3.312968492507934570e+00 -9.535611152648925781e+00 -1.558118581771850586e+00 0.000000000000000000e+00 0.000000000000000000e+00 0.000000000000000000e+00 1.000000000000000000e+00
1.716201658090594530e+09 -3.313015460968017578e+00 -9.535575866699220526e+00 -1.558178305625915527e+00 0.000000000000000000e+00 0.000000000000000000e+00 0.000000000000000000e+00 1.000000000000000000e+00
1.716201658140637159e+09 -3.313210010528564453e+00 -9.535509109497070312e+00 -1.558175206184387207e+00 0.000000000000000000e+00 0.000000000000000000e+00 0.000000000000000000e+00 1.000000000000000000e+00
1.716201658291335106e+09 -3.313188314437866211e+00 -9.535471916198730469e+00 -1.558317542076110840e+00 0.000000000000000000e+00 0.000000000000000000e+00 0.000000000000000000e+00 1.000000000000000000e+00
1.716201658341674566e+09 -3.313106536865234375e+00 -9.535628318786619317e+00 -1.557913899421691895e+00 0.000000000000000000e+00 0.000000000000000000e+00 0.000000000000000000e+00 1.000000000000000000e+00
1.716201658391748905e+09 -3.313106298446655718e+00 -9.535614967346191406e+00 -1.557956933975219505e+00 0.000000000000000000e+00 0.000000000000000000e+00 0.000000000000000000e+00 1.000000000000000000e+00
1.716201658441951275e+09 -3.313142776489257812e+00 -9.535606384277343750e+00 -1.557946085929870605e+00 0.000000000000000000e+00 0.000000000000000000e+00 0.000000000000000000e+00 1.000000000000000000e+00
1.716201658542608976e+09 -3.313066244125366211e+00 -9.535578727722167969e+00 -1.558114767074584961e+00 0.000000000000000000e+00 0.000000000000000000e+00 0.000000000000000000e+00 1.000000000000000000e+00
1.716201658643114328e+09 -3.313047885894775391e+00 -9.535591125488279474e+00 -1.558095335960388184e+00 0.000000000000000000e+00 0.000000000000000000e+00 0.000000000000000000e+00 1.000000000000000000e+00
1.716201658693324804e+09 -3.313153743743896484e+00 -9.535541534423828125e+00 -1.558136463165283203e+00 0.000000000000000000e+00 0.000000000000000000e+00 0.000000000000000000e+00 1.000000000000000000e+00
1.716201658743427038e+09 -3.313163518905640093e+00 -9.535493850708007812e+00 -1.558274507522583008e+00 0.000000000000000000e+00 0.000000000000000000e+00 0.000000000000000000e+00 1.000000000000000000e+00
1.716201658793606997e+09 -3.313179731369018555e+00 -9.535530090332031250e+00 -1.558144927024841309e+00 0.000000000000000000e+00 0.000000000000000000e+00 0.000000000000000000e+00 1.000000000000000000e+00
1.716201658843955994e+09 -3.313147068023681641e+00 -9.535586357116699219e+00 -1.558001995086669922e+00 0.000000000000000000e+00 0.000000000000000000e+00 0.000000000000000000e+00 1.000000000000000000e+00
1.716201658894181013e+09 -3.313158273696899414e+00 -9.535580635070800781e+00 -1.558008670806884766e+00 0.000000000000000000e+00 0.000000000000000000e+00 0.000000000000000000e+00 1.000000000000000000e+00
1.716201658944391251e+09 -3.313124895095825195e+00 -9.535601615905761719e+00 -1.557980179786681907e+00 0.000000000000000000e+00 0.000000000000000000e+00 0.000000000000000000e+00 1.000000000000000000e+00
1.716201658994509935e+09 -3.313179969787597656e+00 -9.535530090332031250e+00 -1.558145046234130859e+00 0.000000000000000000e+00 0.000000000000000000e+00 0.000000000000000000e+00 1.000000000000000000e+00
1.716201659095324993e+09 -3.313246965408325195e+00 -9.535507202148437500e+00 -1.558143019676208496e+00 0.000000000000000000e+00 0.000000000000000000e+00 0.000000000000000000e+00 1.000000000000000000e+00
1.716201659195955515e+09 -3.313119888305664062e+00 -9.535534858703611505e+00 -1.558194756507873535e+00 0.000000000000000000e+00 0.000000000000000000e+00 0.000000000000000000e+00 1.000000000000000000e+00
1.716201659296533823e+09 -3.313222646713256836e+00 -9.535500526428224433e+00 -1.558189153671264648e+00 0.000000000000000000e+00 0.000000000000000000e+00 0.000000000000000000e+00 1.000000000000000000e+00
1.716201659346930742e+09 -3.313218355178833008e+00 -9.535507202148437500e+00 -1.558174252510070801e+00 0.000000000000000000e+00 0.000000000000000000e+00 0.000000000000000000e+00 1.000000000000000000e+00
1.716201659397042036e+09 -3.313133716583251953e+00 -9.535541534423828125e+00 -1.558157920837402344e+00 0.000000000000000000e+00 0.000000000000000000e+00 0.000000000000000000e+00 1.000000000000000000e+00
1.716201659497452736e+09 -3.313108444213867188e+00 -9.535548210144044745e+00 -1.558163762092590332e+00 0.000000000000000000e+00 0.000000000000000000e+00 0.000000000000000000e+00 1.000000000000000000e+00
1.716201659548870087e+09 -3.313229322433472124e+00 -9.535539627075195312e+00 -1.558059453964233398e+00 0.000000000000000000e+00 0.000000000000000000e+00 0.000000000000000000e+00 1.000000000000000000e+00
1.716201659597746134e+09 -3.313133001327514204e+00 -9.535532951354980469e+00 -1.558186531066894309e+00 0.000000000000000000e+00 0.000000000000000000e+00 0.000000000000000000e+00 1.000000000000000000e+00
1.716201659648015499e+09 -3.313123703002929688e+00 -9.535511016845703125e+00 -1.558265328407287598e+00 0.000000000000000000e+00 0.000000000000000000e+00 0.000000000000000000e+00 1.000000000000000000e+00
1.716201659748483181e+09 -3.313066720962524414e+00 -9.535566329956056464e+00 -1.558154463768005371e+00 0.000000000000000000e+00 0.000000000000000000e+00 0.000000000000000000e+00 1.000000000000000000e+00
1.716201659798637867e+09 -3.313080072402954102e+00 -9.535547256469728339e+00 -1.558198451995849609e+00 0.000000000000000000e+00 0.000000000000000000e+00 0.000000000000000000e+00 1.000000000000000000e+00
1.716201659848757029e+09 -3.313032150268554688e+00 -9.535549163818359375e+00 -1.558244347572326882e+00 0.000000000000000000e+00 0.000000000000000000e+00 0.000000000000000000e+00 1.000000000000000000e+00
1.716201659949531317e+09 -3.313194990158081055e+00 -9.535555839538574219e+00 -1.558046102523803711e+00 0.000000000000000000e+00 0.000000000000000000e+00 0.000000000000000000e+00 1.000000000000000000e+00
1.716201659999348402e+09 -3.313163757324218750e+00 -9.535566329956056464e+00 -1.558047890663146973e+00 0.000000000000000000e+00 0.000000000000000000e+00 0.000000000000000000e+00 1.000000000000000000e+00
1.716201660049728394e+09 -3.313018560409545898e+00 -9.535578727722167969e+00 -1.558166265487670898e+00 0.000000000000000000e+00 0.000000000000000000e+00 0.000000000000000000e+00 1.000000000000000000e+00
1.716201660149826765e+09 -3.313147544860839844e+00 -9.535572052001951349e+00 -1.558046460151672363e+00 0.000000000000000000e+00 0.000000000000000000e+00 0.000000000000000000e+00 1.000000000000000000e+00
1.716201660250263691e+09 -3.313158750534057617e+00 -9.535566329956056464e+00 -1.558051466941833496e+00 0.000000000000000000e+00 0.000000000000000000e+00 0.000000000000000000e+00 1.000000000000000000e+00
1.716201660350588560e+09 -3.313128709793090820e+00 -9.535588264465332031e+00 -1.558016538619995117e+00 0.000000000000000000e+00 0.000000000000000000e+00 0.000000000000000000e+00 1.000000000000000000e+00
1.716201660400522470e+09 -3.313104629516601562e+00 -9.535611152648925781e+00 -1.557972550392150879e+00 0.000000000000000000e+00 0.000000000000000000e+00 0.000000000000000000e+00 1.000000000000000000e+00
1.716201660501179934e+09 -3.313300609588623047e+00 -9.535565376281738281e+00 -1.557902455329895020e+00 0.000000000000000000e+00 0.000000000000000000e+00 0.000000000000000000e+00 1.000000000000000000e+00
1.716201660601386547e+09 -3.313104152679443803e+00 -9.535571098327636719e+00 -1.558096170425415039e+00 0.000000000000000000e+00 0.000000000000000000e+00 0.000000000000000000e+00 1.000000000000000000e+00
1.716201660652490139e+09 -3.313175916671752930e+00 -9.535520553588867188e+00 -1.558176755905151367e+00 0.000000000000000000e+00 0.000000000000000000e+00 0.000000000000000000e+00 1.000000000000000000e+00
1.716201660701977491e+09 -3.313090801239013672e+00 -9.535566329956056464e+00 -1.558127522468566895e+00 0.000000000000000000e+00 0.000000000000000000e+00 0.000000000000000000e+00 1.000000000000000000e+00
1.716201660752530336e+09 -3.313097476959228516e+00 -9.535586357116699219e+00 -1.558057546615600586e+00 0.000000000000000000e+00 0.000000000000000000e+00 0.000000000000000000e+00 1.000000000000000000e+00
1.716201660852531910e+09 -3.313052177429199219e+00 -9.535589218139648438e+00 -1.558097720146179199e+00 0.000000000000000000e+00 0.000000000000000000e+00 0.000000000000000000e+00 1.000000000000000000e+00
1.716201660902482986e+09 -3.313040971755981001e+00 -9.535558700561523438e+00 -1.558207035064697266e+00 0.000000000000000000e+00 0.000000000000000000e+00 0.000000000000000000e+00 1.000000000000000000e+00
1.716201661003118277e+09 -3.313158512115478516e+00 -9.535521507263183594e+00 -1.558192372322082297e+00 0.000000000000000000e+00 0.000000000000000000e+00 0.000000000000000000e+00 1.000000000000000000e+00
1.716201661053032398e+09 -3.313170194625854492e+00 -9.535543441772459161e+00 -1.558113694190979004e+00 0.000000000000000000e+00 0.000000000000000000e+00 0.000000000000000000e+00 1.000000000000000000e+00
1.716201661103337049e+09 -3.313089609146118164e+00 -9.535602569580078125e+00 -1.558015823364257812e+00 0.000000000000000000e+00 0.000000000000000000e+00 0.000000000000000000e+00 1.000000000000000000e+00
1.716201661153452873e+09 -3.313081502914428711e+00 -9.535638809204101562e+00 -1.557910680770874023e+00 0.000000000000000000e+00 0.000000000000000000e+00 0.000000000000000000e+00 1.000000000000000000e+00
1.716201661253996134e+09 -3.313148260116577148e+00 -9.535588264465332031e+00 -1.557996511459350586e+00 0.000000000000000000e+00 0.000000000000000000e+00 0.000000000000000000e+00 1.000000000000000000e+00
1.716201661304064035e+09 -3.313143014907836914e+00 -9.535555839538574219e+00 -1.558104515075683594e+00 0.000000000000000000e+00 0.000000000000000000e+00 0.000000000000000000e+00 1.000000000000000000e+00
1.716201661354217291e+09 -3.313140153884888139e+00 -9.535545349121093750e+00 -1.558138132095336914e+00 0.000000000000000000e+00 0.000000000000000000e+00 0.000000000000000000e+00 1.000000000000000000e+00
1.716201661404359341e+09 -3.313140630722045898e+00 -9.535552024841308594e+00 -1.558117747306823508e+00 0.000000000000000000e+00 0.000000000000000000e+00 0.000000000000000000e+00 1.000000000000000000e+00
1.716201661504747152e+09 -3.313189268112182617e+00 -9.535537719726562500e+00 -1.558109402656555176e+00 0.000000000000000000e+00 0.000000000000000000e+00 0.000000000000000000e+00 1.000000000000000000e+00
1.716201661554861069e+09 -3.313262701034545898e+00 -9.535510063171388495e+00 -1.558117151260375977e+00 0.000000000000000000e+00 0.000000000000000000e+00 0.000000000000000000e+00 1.000000000000000000e+00
1.716201661605456114e+09 -3.313141345977783203e+00 -9.535558700561523438e+00 -1.558095932006835938e+00 0.000000000000000000e+00 0.000000000000000000e+00 0.000000000000000000e+00 1.000000000000000000e+00
1.716201661705894232e+09 -3.313391447067260742e+00 -9.535449981689451349e+00 -1.558164358139038086e+00 0.000000000000000000e+00 0.000000000000000000e+00 0.000000000000000000e+00 1.000000000000000000e+00
1.716201661756146193e+09 -3.313310384750366211e+00 -9.535424232482910156e+00 -1.558333873748779297e+00 0.000000000000000000e+00 0.000000000000000000e+00 0.000000000000000000e+00 1.000000000000000000e+00
1.716201661806262493e+09 -3.313158273696899414e+00 -9.535469055175779474e+00 -1.558357834815979004e+00 0.000000000000000000e+00 0.000000000000000000e+00 0.000000000000000000e+00 1.000000000000000000e+00
1.716201661856333017e+09 -3.313278675079345703e+00 -9.535494804382324219e+00 -1.558146238327026367e+00 0.000000000000000000e+00 0.000000000000000000e+00 0.000000000000000000e+00 1.000000000000000000e+00
1.716201661957258463e+09 -3.313253164291381836e+00 -9.535509109497070312e+00 -1.558129072189331055e+00 0.000000000000000000e+00 0.000000000000000000e+00 0.000000000000000000e+00 1.000000000000000000e+00
1.716201662006927729e+09 -3.313157320022583008e+00 -9.535532951354980469e+00 -1.558159947395324707e+00 0.000000000000000000e+00 0.000000000000000000e+00 0.000000000000000000e+00 1.000000000000000000e+00
1.716201662057217360e+09 -3.313193798065185103e+00 -9.535531044006347656e+00 -1.558126568794250488e+00 0.000000000000000000e+00 0.000000000000000000e+00 0.000000000000000000e+00 1.000000000000000000e+00
1.716201662157617569e+09 -3.313175439834594727e+00 -9.535552024841308594e+00 -1.558080911636352317e+00 0.000000000000000000e+00 0.000000000000000000e+00 0.000000000000000000e+00 1.000000000000000000e+00
1.716201662207980394e+09 -3.313160896301269087e+00 -9.535601615905761719e+00 -1.557938933372497559e+00 0.000000000000000000e+00 0.000000000000000000e+00 0.000000000000000000e+00 1.000000000000000000e+00
1.716201662258136034e+09 -3.313235759735107422e+00 -9.535539627075195312e+00 -1.558052062988281250e+00 0.000000000000000000e+00 0.000000000000000000e+00 0.000000000000000000e+00 1.000000000000000000e+00
1.716201662358426571e+09 -3.313230991363525391e+00 -9.535535812377929688e+00 -1.558068871498107910e+00 0.000000000000000000e+00 0.000000000000000000e+00 0.000000000000000000e+00 1.000000000000000000e+00
1.716201662408608675e+09 -3.313198804855346680e+00 -9.535565376281738281e+00 -1.558013439178466797e+00 0.000000000000000000e+00 0.000000000000000000e+00 0.000000000000000000e+00 1.000000000000000000e+00
1.716201662509177923e+09 -3.313268661499023438e+00 -9.535548210144044745e+00 -1.557989954948425293e+00 0.000000000000000000e+00 0.000000000000000000e+00 0.000000000000000000e+00 1.000000000000000000e+00
1.716201662559281349e+09 -3.313233375549316406e+00 -9.535522460937500000e+00 -1.558108568191528320e+00 0.000000000000000000e+00 0.000000000000000000e+00 0.000000000000000000e+00 1.000000000000000000e+00
1.716201662609477282e+09 -3.313135385513305664e+00 -9.535563468933103692e+00 -1.558086752891540305e+00 0.000000000000000000e+00 0.000000000000000000e+00 0.000000000000000000e+00 1.000000000000000000e+00
1.716201662659608603e+09 -3.313081979751586914e+00 -9.535547256469728339e+00 -1.558196306228637695e+00 0.000000000000000000e+00 0.000000000000000000e+00 0.000000000000000000e+00 1.000000000000000000e+00
1.716201662709825039e+09 -3.313033342361450195e+00 -9.535533905029296875e+00 -1.558292508125305176e+00 0.000000000000000000e+00 0.000000000000000000e+00 0.000000000000000000e+00 1.000000000000000000e+00
1.716201662810182095e+09 -3.313090801239013672e+00 -9.535554885864257812e+00 -1.558162689208984375e+00 0.000000000000000000e+00 0.000000000000000000e+00 0.000000000000000000e+00 1.000000000000000000e+00
1.716201662860271215e+09 -3.313104629516601562e+00 -9.535594940185548651e+00 -1.558021187782287598e+00 0.000000000000000000e+00 0.000000000000000000e+00 0.000000000000000000e+00 1.000000000000000000e+00
1.716201662910490274e+09 -3.313096284866333008e+00 -9.535573959350585938e+00 -1.558096885681152344e+00 0.000000000000000000e+00 0.000000000000000000e+00 0.000000000000000000e+00 1.000000000000000000e+00
1.716201663010828018e+09 -3.313447952270507812e+00 -9.536470413208007812e+00 -1.558368563652038574e+00 0.000000000000000000e+00 0.000000000000000000e+00 0.000000000000000000e+00 1.000000000000000000e+00
1.716201663060981274e+09 -3.313477277755737305e+00 -9.536513328552246094e+00 -1.558203935623168945e+00 0.000000000000000000e+00 0.000000000000000000e+00 0.000000000000000000e+00 1.000000000000000000e+00
1.716201663111188173e+09 -3.313444137573242188e+00 -9.536570549011230469e+00 -1.558061122894287109e+00 0.000000000000000000e+00 0.000000000000000000e+00 0.000000000000000000e+00 1.000000000000000000e+00
1.716201663161265373e+09 -3.313803672790527788e+00 -9.537476539611816406e+00 -1.558292746543884499e+00 0.000000000000000000e+00 0.000000000000000000e+00 0.000000000000000000e+00 1.000000000000000000e+00
1.716201663211514711e+09 -3.313823938369750977e+00 -9.537438392639160156e+00 -1.558393239974975586e+00 0.000000000000000000e+00 0.000000000000000000e+00 0.000000000000000000e+00 1.000000000000000000e+00
1.716201663261698961e+09 -3.313831806182861328e+00 -9.537449836730955255e+00 -1.558348059654235840e+00 0.000000000000000000e+00 0.000000000000000000e+00 0.000000000000000000e+00 1.000000000000000000e+00
1.716201663311983824e+09 -3.313789606094360352e+00 -9.537428855895996094e+00 -1.558458566665649414e+00 0.000000000000000000e+00 0.000000000000000000e+00 0.000000000000000000e+00 1.000000000000000000e+00
1.716201663362123489e+09 -3.313806772232056108e+00 -9.538399696350097656e+00 -1.558862328529357910e+00 0.000000000000000000e+00 0.000000000000000000e+00 0.000000000000000000e+00 1.000000000000000000e+00
1.716201663412333488e+09 -3.314038753509521040e+00 -9.539406776428224433e+00 -1.558918833732604980e+00 0.000000000000000000e+00 0.000000000000000000e+00 0.000000000000000000e+00 1.000000000000000000e+00
1.716201663462431192e+09 -3.314357280731201172e+00 -9.539363861083984375e+00 -1.558706760406493919e+00 0.000000000000000000e+00 0.000000000000000000e+00 0.000000000000000000e+00 1.000000000000000000e+00
1.716201663512583256e+09 -3.314476490020751953e+00 -9.539373397827148438e+00 -1.558546304702758789e+00 0.000000000000000000e+00 0.000000000000000000e+00 0.000000000000000000e+00 1.000000000000000000e+00
