# timestamp tx ty tz qx qy qz qw
1.716278356949158907e+09 -6.602997779846191406e+00 8.315669059753417969e+00 -1.534559726715087891e+00 0.000000000000000000e+00 0.000000000000000000e+00 0.000000000000000000e+00 1.000000000000000000e+00
1.716278356999483109e+09 -6.603041648864746094e+00 8.315641403198242188e+00 -1.534540414810180886e+00 0.000000000000000000e+00 0.000000000000000000e+00 0.000000000000000000e+00 1.000000000000000000e+00
1.716278357049692154e+09 -6.602982044219970703e+00 8.315634727478027344e+00 -1.534687995910644309e+00 0.000000000000000000e+00 0.000000000000000000e+00 0.000000000000000000e+00 1.000000000000000000e+00
1.716278357099916220e+09 -6.602929115295410156e+00 8.315706253051757812e+00 -1.534607410430908203e+00 0.000000000000000000e+00 0.000000000000000000e+00 0.000000000000000000e+00 1.000000000000000000e+00
1.716278357150162220e+09 -6.603005409240722656e+00 8.315659523010253906e+00 -1.534568309783935547e+00 0.000000000000000000e+00 0.000000000000000000e+00 0.000000000000000000e+00 1.000000000000000000e+00
1.716278357202238560e+09 -6.602990150451660156e+00 8.315658569335937500e+00 -1.534603714942931907e+00 0.000000000000000000e+00 0.000000000000000000e+00 0.000000000000000000e+00 1.000000000000000000e+00
1.716278357250396967e+09 -6.602850914001464844e+00 8.315762519836425781e+00 -1.534621596336364746e+00 0.000000000000000000e+00 0.000000000000000000e+00 0.000000000000000000e+00 1.000000000000000000e+00
1.716278357300634384e+09 -6.602923870086669922e+00 8.315723419189453125e+00 -1.534572124481201172e+00 0.000000000000000000e+00 0.000000000000000000e+00 0.000000000000000000e+00 1.000000000000000000e+00
1.716278357350891113e+09 -6.602909564971923828e+00 8.315722465515136719e+00 -1.534605383872985840e+00 0.000000000000000000e+00 0.000000000000000000e+00 0.000000000000000000e+00 1.000000000000000000e+00
1.716278357400932550e+09 -6.602969169616699219e+00 8.315674781799316406e+00 -1.534604907035827637e+00 0.000000000000000000e+00 0.000000000000000000e+00 0.000000000000000000e+00 1.000000000000000000e+00
1.716278357451105356e+09 -6.602977275848388672e+00 8.315669059753417969e+00 -1.534602880477905273e+00 0.000000000000000000e+00 0.000000000000000000e+00 0.000000000000000000e+00 1.000000000000000000e+00
1.716278357501744032e+09 -6.602902889251708984e+00 8.315710067749023438e+00 -1.534652709960937500e+00 0.000000000000000000e+00 0.000000000000000000e+00 0.000000000000000000e+00 1.000000000000000000e+00
1.716278357551323652e+09 -6.602911949157714844e+00 8.315685272216796875e+00 -1.534703016281127930e+00 0.000000000000000000e+00 0.000000000000000000e+00 0.000000000000000000e+00 1.000000000000000000e+00
1.716278357603567600e+09 -6.602928638458251953e+00 8.315695762634277344e+00 -1.534636259078979492e+00 0.000000000000000000e+00 0.000000000000000000e+00 0.000000000000000000e+00 1.000000000000000000e+00
1.716278357651809931e+09 -6.602943420410156250e+00 8.315697669982910156e+00 -1.534599542617798074e+00 0.000000000000000000e+00 0.000000000000000000e+00 0.000000000000000000e+00 1.000000000000000000e+00
1.716278357753573179e+09 -6.602999210357666016e+00 8.315671920776367188e+00 -1.534548044204711914e+00 0.000000000000000000e+00 0.000000000000000000e+00 0.000000000000000000e+00 1.000000000000000000e+00
1.716278357802317619e+09 -6.602914810180664062e+00 8.315721511840820312e+00 -1.534595727920532227e+00 0.000000000000000000e+00 0.000000000000000000e+00 0.000000000000000000e+00 1.000000000000000000e+00
1.716278357902896166e+09 -6.602959632873535156e+00 8.315709114074707031e+00 -1.534530758857727051e+00 0.000000000000000000e+00 0.000000000000000000e+00 0.000000000000000000e+00 1.000000000000000000e+00
1.716278358003337383e+09 -6.602991580963134766e+00 8.315661430358886719e+00 -1.534592032432556152e+00 0.000000000000000000e+00 0.000000000000000000e+00 0.000000000000000000e+00 1.000000000000000000e+00
1.716278358053391457e+09 -6.602878093719482422e+00 8.315679550170898438e+00 -1.534791231155395508e+00 0.000000000000000000e+00 0.000000000000000000e+00 0.000000000000000000e+00 1.000000000000000000e+00
1.716278358103531361e+09 -6.603024482727050781e+00 8.315630912780761719e+00 -1.534604549407958984e+00 0.000000000000000000e+00 0.000000000000000000e+00 0.000000000000000000e+00 1.000000000000000000e+00
1.716278358154297113e+09 -6.603018283843994141e+00 8.315614700317382812e+00 -1.534662961959838867e+00 0.000000000000000000e+00 0.000000000000000000e+00 0.000000000000000000e+00 1.000000000000000000e+00
1.716278358256424665e+09 -6.603057384490966797e+00 8.315587043762207031e+00 -1.534655809402465820e+00 0.000000000000000000e+00 0.000000000000000000e+00 0.000000000000000000e+00 1.000000000000000000e+00
1.716278358304349899e+09 -6.603028774261474609e+00 8.315634727478027344e+00 -1.534585595130920410e+00 0.000000000000000000e+00 0.000000000000000000e+00 0.000000000000000000e+00 1.000000000000000000e+00
1.716278358354563951e+09 -6.602960109710693359e+00 8.315612792968750000e+00 -1.534796595573425293e+00 0.000000000000000000e+00 0.000000000000000000e+00 0.000000000000000000e+00 1.000000000000000000e+00
1.716278358455087185e+09 -6.602996349334716797e+00 8.315585136413574219e+00 -1.534793138504028320e+00 0.000000000000000000e+00 0.000000000000000000e+00 0.000000000000000000e+00 1.000000000000000000e+00
1.716278358505359650e+09 -6.602995872497558594e+00 8.315587043762207031e+00 -1.534788370132446289e+00 0.000000000000000000e+00 0.000000000000000000e+00 0.000000000000000000e+00 1.000000000000000000e+00
1.716278358555370569e+09 -6.603026866912841797e+00 8.315632820129394531e+00 -1.534595727920532227e+00 0.000000000000000000e+00 0.000000000000000000e+00 0.000000000000000000e+00 1.000000000000000000e+00
1.716278358605674505e+09 -6.603087902069091797e+00 8.315573692321777344e+00 -1.534624099731445090e+00 0.000000000000000000e+00 0.000000000000000000e+00 0.000000000000000000e+00 1.000000000000000000e+00
1.716278358655946732e+09 -6.603057384490966797e+00 8.315560340881347656e+00 -1.534729361534118874e+00 0.000000000000000000e+00 0.000000000000000000e+00 0.000000000000000000e+00 1.000000000000000000e+00
1.716278358756176472e+09 -6.603038311004638672e+00 8.315608024597167969e+00 -1.534639000892639160e+00 0.000000000000000000e+00 0.000000000000000000e+00 0.000000000000000000e+00 1.000000000000000000e+00
1.716278358806562662e+09 -6.603071212768554688e+00 8.315610885620117188e+00 -1.534557461738586426e+00 0.000000000000000000e+00 0.000000000000000000e+00 0.000000000000000000e+00 1.000000000000000000e+00
1.716278358907005548e+09 -6.602915763854980469e+00 8.315693855285644531e+00 -1.534669399261474609e+00 0.000000000000000000e+00 0.000000000000000000e+00 0.000000000000000000e+00 1.000000000000000000e+00
1.716278358958396435e+09 -6.602970123291015625e+00 8.315666198730468750e+00 -1.534626841545104980e+00 0.000000000000000000e+00 0.000000000000000000e+00 0.000000000000000000e+00 1.000000000000000000e+00
1.716278359007649183e+09 -6.602886676788330078e+00 8.315782546997070312e+00 -1.534488677978515625e+00 0.000000000000000000e+00 0.000000000000000000e+00 0.000000000000000000e+00 1.000000000000000000e+00
1.716278359108285427e+09 -6.602956295013427734e+00 8.315711021423339844e+00 -1.534533977508544922e+00 0.000000000000000000e+00 0.000000000000000000e+00 0.000000000000000000e+00 1.000000000000000000e+00
1.716278359158340454e+09 -6.602940559387207031e+00 8.315660476684570312e+00 -1.534709572792053223e+00 0.000000000000000000e+00 0.000000000000000000e+00 0.000000000000000000e+00 1.000000000000000000e+00
1.716278359208542824e+09 -6.602954864501953125e+00 8.315720558166503906e+00 -1.534511446952819824e+00 0.000000000000000000e+00 0.000000000000000000e+00 0.000000000000000000e+00 1.000000000000000000e+00
1.716278359309012890e+09 -6.602866172790527344e+00 8.315753936767578125e+00 -1.534611940383911133e+00 0.000000000000000000e+00 0.000000000000000000e+00 0.000000000000000000e+00 1.000000000000000000e+00
1.716278359359128475e+09 -6.602990627288818359e+00 8.315631866455078125e+00 -1.534676909446716309e+00 0.000000000000000000e+00 0.000000000000000000e+00 0.000000000000000000e+00 1.000000000000000000e+00
1.716278359410099745e+09 -6.603065967559815341e+00 8.315589904785156250e+00 -1.534628391265869141e+00 0.000000000000000000e+00 0.000000000000000000e+00 0.000000000000000000e+00 1.000000000000000000e+00
1.716278359460046530e+09 -6.603014469146728516e+00 8.315656661987304688e+00 -1.534555196762084961e+00 0.000000000000000000e+00 0.000000000000000000e+00 0.000000000000000000e+00 1.000000000000000000e+00
1.716278359560470343e+09 -6.603020191192626953e+00 8.315673828125000000e+00 -1.534496903419494629e+00 0.000000000000000000e+00 0.000000000000000000e+00 0.000000000000000000e+00 1.000000000000000000e+00
1.716278359610670090e+09 -6.602892875671386719e+00 8.315707206726074219e+00 -1.534683465957641602e+00 0.000000000000000000e+00 0.000000000000000000e+00 0.000000000000000000e+00 1.000000000000000000e+00
1.716278359661162138e+09 -6.603006362915039062e+00 8.315631866455078125e+00 -1.534641981124877930e+00 0.000000000000000000e+00 0.000000000000000000e+00 0.000000000000000000e+00 1.000000000000000000e+00
1.716278359711286068e+09 -6.603099346160888672e+00 8.315549850463867188e+00 -1.534663677215576172e+00 0.000000000000000000e+00 0.000000000000000000e+00 0.000000000000000000e+00 1.000000000000000000e+00
1.716278359811831951e+09 -6.603046417236328125e+00 8.315568923950195312e+00 -1.534728646278381126e+00 0.000000000000000000e+00 0.000000000000000000e+00 0.000000000000000000e+00 1.000000000000000000e+00
1.716278359861977816e+09 -6.602937698364257812e+00 8.315641403198242188e+00 -1.534766435623168945e+00 0.000000000000000000e+00 0.000000000000000000e+00 0.000000000000000000e+00 1.000000000000000000e+00
1.716278359912109375e+09 -6.602897167205810547e+00 8.315691947937011719e+00 -1.534716606140136719e+00 0.000000000000000000e+00 0.000000000000000000e+00 0.000000000000000000e+00 1.000000000000000000e+00
1.716278360012611389e+09 -6.602985858917236328e+00 8.315653800964355469e+00 -1.534627676010131836e+00 0.000000000000000000e+00 0.000000000000000000e+00 0.000000000000000000e+00 1.000000000000000000e+00
1.716278360062839508e+09 -6.602908134460449219e+00 8.315735816955566406e+00 -1.534570574760437012e+00 0.000000000000000000e+00 0.000000000000000000e+00 0.000000000000000000e+00 1.000000000000000000e+00
1.716278360113048077e+09 -6.602883338928222656e+00 8.315775871276855469e+00 -1.534514784812927246e+00 0.000000000000000000e+00 0.000000000000000000e+00 0.000000000000000000e+00 1.000000000000000000e+00
1.716278360213693857e+09 -6.603014469146728516e+00 8.315608978271484375e+00 -1.534689664840698242e+00 0.000000000000000000e+00 0.000000000000000000e+00 0.000000000000000000e+00 1.000000000000000000e+00
1.716278360263985634e+09 -6.602995395660400391e+00 8.315653800964355469e+00 -1.534606933593750000e+00 0.000000000000000000e+00 0.000000000000000000e+00 0.000000000000000000e+00 1.000000000000000000e+00
1.716278360314110518e+09 -6.602958679199218750e+00 8.315706253051757812e+00 -1.534541964530944824e+00 0.000000000000000000e+00 0.000000000000000000e+00 0.000000000000000000e+00 1.000000000000000000e+00
1.716278360364602089e+09 -6.603013992309570312e+00 8.315697669982910156e+00 -1.534444451332092507e+00 0.000000000000000000e+00 0.000000000000000000e+00 0.000000000000000000e+00 1.000000000000000000e+00
1.716278360464617729e+09 -6.603055000305175781e+00 8.315601348876953125e+00 -1.534620881080627441e+00 0.000000000000000000e+00 0.000000000000000000e+00 0.000000000000000000e+00 1.000000000000000000e+00
1.716278360514816761e+09 -6.602969646453857422e+00 8.315684318542480469e+00 -1.534579753875732422e+00 0.000000000000000000e+00 0.000000000000000000e+00 0.000000000000000000e+00 1.000000000000000000e+00
1.716278360564928293e+09 -6.603023529052734375e+00 8.315626144409179688e+00 -1.534619450569152832e+00 0.000000000000000000e+00 0.000000000000000000e+00 0.000000000000000000e+00 1.000000000000000000e+00
1.716278360620110989e+09 -6.602982521057128906e+00 8.315646171569824219e+00 -1.534656405448913574e+00 0.000000000000000000e+00 0.000000000000000000e+00 0.000000000000000000e+00 1.000000000000000000e+00
1.716278360665321112e+09 -6.602969169616699219e+00 8.315634727478027344e+00 -1.534716725349426492e+00 0.000000000000000000e+00 0.000000000000000000e+00 0.000000000000000000e+00 1.000000000000000000e+00
1.716278360715515137e+09 -6.602932453155517578e+00 8.315671920776367188e+00 -1.534694671630859375e+00 0.000000000000000000e+00 0.000000000000000000e+00 0.000000000000000000e+00 1.000000000000000000e+00
1.716278360815888882e+09 -6.602958679199218750e+00 8.315626144409179688e+00 -1.534762620925903098e+00 0.000000000000000000e+00 0.000000000000000000e+00 0.000000000000000000e+00 1.000000000000000000e+00
1.716278360866575718e+09 -6.602940559387207031e+00 8.315683364868164062e+00 -1.534645795822143555e+00 0.000000000000000000e+00 0.000000000000000000e+00 0.000000000000000000e+00 1.000000000000000000e+00
1.716278360916424990e+09 -6.603006362915039062e+00 8.315632820129394531e+00 -1.534640669822692871e+00 0.000000000000000000e+00 0.000000000000000000e+00 0.000000000000000000e+00 1.000000000000000000e+00
1.716278361016988516e+09 -6.602917194366455078e+00 8.315711021423339844e+00 -1.534621357917785645e+00 0.000000000000000000e+00 0.000000000000000000e+00 0.000000000000000000e+00 1.000000000000000000e+00
1.716278361120222569e+09 -6.603036880493164062e+00 8.315645217895507812e+00 -1.534538745880126953e+00 0.000000000000000000e+00 0.000000000000000000e+00 0.000000000000000000e+00 1.000000000000000000e+00
1.716278361169234753e+09 -6.603031635284423828e+00 8.315626144409179688e+00 -1.534604191780090332e+00 0.000000000000000000e+00 0.000000000000000000e+00 0.000000000000000000e+00 1.000000000000000000e+00
1.716278361218824625e+09 -6.602982044219970703e+00 8.315654754638671875e+00 -1.534633874893188477e+00 0.000000000000000000e+00 0.000000000000000000e+00 0.000000000000000000e+00 1.000000000000000000e+00
1.716278361420475483e+09 -6.602958679199218750e+00 8.315690994262695312e+00 -1.534583091735839844e+00 0.000000000000000000e+00 0.000000000000000000e+00 0.000000000000000000e+00 1.000000000000000000e+00
1.716278361469855309e+09 -6.602982521057128906e+00 8.315655708312988281e+00 -1.534628033638000488e+00 0.000000000000000000e+00 0.000000000000000000e+00 0.000000000000000000e+00 1.000000000000000000e+00
1.716278361569147348e+09 -6.602841377258300781e+00 8.315766334533691406e+00 -1.534632086753845215e+00 0.000000000000000000e+00 0.000000000000000000e+00 0.000000000000000000e+00 1.000000000000000000e+00
1.716278361619461536e+09 -6.603001117706298828e+00 8.315675735473632812e+00 -1.534533262252807617e+00 0.000000000000000000e+00 0.000000000000000000e+00 0.000000000000000000e+00 1.000000000000000000e+00
1.716278361669531107e+09 -6.602981567382812500e+00 8.315667152404785156e+00 -1.534599065780639648e+00 0.000000000000000000e+00 0.000000000000000000e+00 0.000000000000000000e+00 1.000000000000000000e+00
1.716278361720189333e+09 -6.602952480316162109e+00 8.315712928771972656e+00 -1.534538269042968750e+00 0.000000000000000000e+00 0.000000000000000000e+00 0.000000000000000000e+00 1.000000000000000000e+00
1.716278361769881964e+09 -6.602951049804688388e+00 8.315712928771972656e+00 -1.534538865089416504e+00 0.000000000000000000e+00 0.000000000000000000e+00 0.000000000000000000e+00 1.000000000000000000e+00
1.716278361820503473e+09 -6.603003501892089844e+00 8.315673828125000000e+00 -1.534533262252807617e+00 0.000000000000000000e+00 0.000000000000000000e+00 0.000000000000000000e+00 1.000000000000000000e+00
1.716278361870371342e+09 -6.602977275848388672e+00 8.315712928771972656e+00 -1.534483313560485840e+00 0.000000000000000000e+00 0.000000000000000000e+00 0.000000000000000000e+00 1.000000000000000000e+00
1.716278361920971870e+09 -6.602997779846191406e+00 8.315649032592773438e+00 -1.534614205360412598e+00 0.000000000000000000e+00 0.000000000000000000e+00 0.000000000000000000e+00 1.000000000000000000e+00
1.716278361970977068e+09 -6.602934360504150391e+00 8.315710067749023438e+00 -1.534585833549499512e+00 0.000000000000000000e+00 0.000000000000000000e+00 0.000000000000000000e+00 1.000000000000000000e+00
1.716278362021491528e+09 -6.602991580963134766e+00 8.315665245056152344e+00 -1.534583926200866699e+00 0.000000000000000000e+00 0.000000000000000000e+00 0.000000000000000000e+00 1.000000000000000000e+00
1.716278362071545839e+09 -6.602931976318359375e+00 8.315715789794921875e+00 -1.534574031829833984e+00 0.000000000000000000e+00 0.000000000000000000e+00 0.000000000000000000e+00 1.000000000000000000e+00
1.716278362171498537e+09 -6.602879524230957031e+00 8.315769195556640625e+00 -1.534541487693786621e+00 0.000000000000000000e+00 0.000000000000000000e+00 0.000000000000000000e+00 1.000000000000000000e+00
1.716278362221638918e+09 -6.602928638458251953e+00 8.315701484680175781e+00 -1.534621953964233398e+00 0.000000000000000000e+00 0.000000000000000000e+00 0.000000000000000000e+00 1.000000000000000000e+00
1.716278362271778822e+09 -6.602945327758789062e+00 8.315702438354492188e+00 -1.534580707550048828e+00 0.000000000000000000e+00 0.000000000000000000e+00 0.000000000000000000e+00 1.000000000000000000e+00
1.716278362372457266e+09 -6.602948188781738281e+00 8.315684318542480469e+00 -1.534624695777893066e+00 0.000000000000000000e+00 0.000000000000000000e+00 0.000000000000000000e+00 1.000000000000000000e+00
1.716278362423338890e+09 -6.602947235107421875e+00 8.315715789794921875e+00 -1.534539341926574707e+00 0.000000000000000000e+00 0.000000000000000000e+00 0.000000000000000000e+00 1.000000000000000000e+00
1.716278362472710609e+09 -6.602859497070312500e+00 8.315746307373046875e+00 -1.534649014472961426e+00 0.000000000000000000e+00 0.000000000000000000e+00 0.000000000000000000e+00 1.000000000000000000e+00
1.716278362523368120e+09 -6.602816104888916016e+00 8.315765380859375000e+00 -1.534690856933593750e+00 0.000000000000000000e+00 0.000000000000000000e+00 0.000000000000000000e+00 1.000000000000000000e+00
1.716278362573026419e+09 -6.602807998657226562e+00 8.315773963928222656e+00 -1.534684777259826882e+00 0.000000000000000000e+00 0.000000000000000000e+00 0.000000000000000000e+00 1.000000000000000000e+00
1.716278362623426199e+09 -6.602972984313964844e+00 8.315710067749023438e+00 -1.534500360488891602e+00 0.000000000000000000e+00 0.000000000000000000e+00 0.000000000000000000e+00 1.000000000000000000e+00
1.716278362673504591e+09 -6.603029727935791016e+00 8.315631866455078125e+00 -1.534591197967529297e+00 0.000000000000000000e+00 0.000000000000000000e+00 0.000000000000000000e+00 1.000000000000000000e+00
1.716278362724346399e+09 -6.602969646453857422e+00 8.315680503845214844e+00 -1.534588932991027832e+00 0.000000000000000000e+00 0.000000000000000000e+00 0.000000000000000000e+00 1.000000000000000000e+00
1.716278362774120808e+09 -6.602945327758789062e+00 8.315702438354492188e+00 -1.534580469131469505e+00 0.000000000000000000e+00 0.000000000000000000e+00 0.000000000000000000e+00 1.000000000000000000e+00
1.716278362824952126e+09 -6.602945804595947266e+00 8.315701484680175781e+00 -1.534583330154418945e+00 0.000000000000000000e+00 0.000000000000000000e+00 0.000000000000000000e+00 1.000000000000000000e+00
1.716278362874289751e+09 -6.602955818176269531e+00 8.315663337707519531e+00 -1.534667015075683594e+00 0.000000000000000000e+00 0.000000000000000000e+00 0.000000000000000000e+00 1.000000000000000000e+00
1.716278362924701691e+09 -6.602986335754394531e+00 8.315650939941406250e+00 -1.534634113311767578e+00 0.000000000000000000e+00 0.000000000000000000e+00 0.000000000000000000e+00 1.000000000000000000e+00
1.716278363025478840e+09 -6.602958202362060547e+00 8.315689086914062500e+00 -1.534591794013977051e+00 0.000000000000000000e+00 0.000000000000000000e+00 0.000000000000000000e+00 1.000000000000000000e+00
1.716278363074951410e+09 -6.602975368499755859e+00 8.315659523010253906e+00 -1.534635782241821289e+00 0.000000000000000000e+00 0.000000000000000000e+00 0.000000000000000000e+00 1.000000000000000000e+00
1.716278363125833511e+09 -6.602941989898681641e+00 8.315702438354492188e+00 -1.534590601921081543e+00 0.000000000000000000e+00 0.000000000000000000e+00 0.000000000000000000e+00 1.000000000000000000e+00
1.716278363226229906e+09 -6.602990150451660156e+00 8.315661430358886719e+00 -1.534595489501953125e+00 0.000000000000000000e+00 0.000000000000000000e+00 0.000000000000000000e+00 1.000000000000000000e+00
1.716278363275979996e+09 -6.602965354919433594e+00 8.315680503845214844e+00 -1.534596920013427512e+00 0.000000000000000000e+00 0.000000000000000000e+00 0.000000000000000000e+00 1.000000000000000000e+00
1.716278363326371670e+09 -6.602957725524902344e+00 8.315683364868164062e+00 -1.534608006477355957e+00 0.000000000000000000e+00 0.000000000000000000e+00 0.000000000000000000e+00 1.000000000000000000e+00
1.716278363376056671e+09 -6.602981567382812500e+00 8.315650939941406250e+00 -1.534643530845642090e+00 0.000000000000000000e+00 0.000000000000000000e+00 0.000000000000000000e+00 1.000000000000000000e+00
1.716278363476372242e+09 -6.602932929992675781e+00 8.315672874450683594e+00 -1.534689664840698242e+00 0.000000000000000000e+00 0.000000000000000000e+00 0.000000000000000000e+00 1.000000000000000000e+00
1.716278363527322292e+09 -6.602926254272460938e+00 8.315696716308593750e+00 -1.534638643264770508e+00 0.000000000000000000e+00 0.000000000000000000e+00 0.000000000000000000e+00 1.000000000000000000e+00
1.716278363577052355e+09 -6.603065490722656250e+00 8.315587043762207031e+00 -1.534638166427612305e+00 0.000000000000000000e+00 0.000000000000000000e+00 0.000000000000000000e+00 1.000000000000000000e+00
1.716278363677321672e+09 -6.602987289428710938e+00 8.315635681152343750e+00 -1.534672975540161133e+00 0.000000000000000000e+00 0.000000000000000000e+00 0.000000000000000000e+00 1.000000000000000000e+00
1.716278363727786779e+09 -6.602969646453857422e+00 8.315645217895507812e+00 -1.534686446189880371e+00 0.000000000000000000e+00 0.000000000000000000e+00 0.000000000000000000e+00 1.000000000000000000e+00
1.716278363778817654e+09 -6.602945327758789062e+00 8.315683364868164062e+00 -1.534635186195373535e+00 0.000000000000000000e+00 0.000000000000000000e+00 0.000000000000000000e+00 1.000000000000000000e+00
1.716278363828131437e+09 -6.602982521057128906e+00 8.315653800964355469e+00 -1.534633874893188477e+00 0.000000000000000000e+00 0.000000000000000000e+00 0.000000000000000000e+00 1.000000000000000000e+00
1.716278363928651810e+09 -6.603041648864746094e+00 8.315605163574218750e+00 -1.534639954566955566e+00 0.000000000000000000e+00 0.000000000000000000e+00 0.000000000000000000e+00 1.000000000000000000e+00
1.716278363978494644e+09 -6.603142738342285156e+00 8.315540313720703125e+00 -1.534597158432006836e+00 0.000000000000000000e+00 0.000000000000000000e+00 0.000000000000000000e+00 1.000000000000000000e+00
1.716278364029307842e+09 -6.602984428405761719e+00 8.315649986267089844e+00 -1.534640073776245117e+00 0.000000000000000000e+00 0.000000000000000000e+00 0.000000000000000000e+00 1.000000000000000000e+00
1.716278364128922939e+09 -6.602926731109619141e+00 8.315711021423339844e+00 -1.534600377082824707e+00 0.000000000000000000e+00 0.000000000000000000e+00 0.000000000000000000e+00 1.000000000000000000e+00
1.716278364179032803e+09 -6.602999687194824219e+00 8.315679550170898438e+00 -1.534526586532592773e+00 0.000000000000000000e+00 0.000000000000000000e+00 0.000000000000000000e+00 1.000000000000000000e+00
1.716278364230233431e+09 -6.602941036224365234e+00 8.315738677978515625e+00 -1.534491300582885520e+00 0.000000000000000000e+00 0.000000000000000000e+00 0.000000000000000000e+00 1.000000000000000000e+00
1.716278364279623985e+09 -6.602924823760986328e+00 8.315750122070312500e+00 -1.534494996070861816e+00 0.000000000000000000e+00 0.000000000000000000e+00 0.000000000000000000e+00 1.000000000000000000e+00
1.716278364329708099e+09 -6.602903842926025391e+00 8.315721511840820312e+00 -1.534620881080627441e+00 0.000000000000000000e+00 0.000000000000000000e+00 0.000000000000000000e+00 1.000000000000000000e+00
1.716278364430093527e+09 -6.602953433990479404e+00 8.315705299377441406e+00 -1.534554958343506081e+00 0.000000000000000000e+00 0.000000000000000000e+00 0.000000000000000000e+00 1.000000000000000000e+00
1.716278364480060816e+09 -6.603012084960937500e+00 8.315684318542480469e+00 -1.534485936164855957e+00 0.000000000000000000e+00 0.000000000000000000e+00 0.000000000000000000e+00 1.000000000000000000e+00
1.716278364530467510e+09 -6.602857112884521484e+00 8.315791130065917969e+00 -1.534529805183410645e+00 0.000000000000000000e+00 0.000000000000000000e+00 0.000000000000000000e+00 1.000000000000000000e+00
1.716278364580438852e+09 -6.603035449981689453e+00 8.315648078918457031e+00 -1.534533619880676492e+00 0.000000000000000000e+00 0.000000000000000000e+00 0.000000000000000000e+00 1.000000000000000000e+00
1.716278364680945873e+09 -6.602935791015625000e+00 8.315717697143554688e+00 -1.534560203552246094e+00 0.000000000000000000e+00 0.000000000000000000e+00 0.000000000000000000e+00 1.000000000000000000e+00
1.716278364731049299e+09 -6.602880477905273438e+00 8.315755844116210938e+00 -1.534575819969177246e+00 0.000000000000000000e+00 0.000000000000000000e+00 0.000000000000000000e+00 1.000000000000000000e+00
1.716278364781652451e+09 -6.602910995483398438e+00 8.315731048583984375e+00 -1.534577727317810059e+00 0.000000000000000000e+00 0.000000000000000000e+00 0.000000000000000000e+00 1.000000000000000000e+00
1.716278364835141420e+09 -6.602927207946777344e+00 8.315711021423339844e+00 -1.534597992897033691e+00 0.000000000000000000e+00 0.000000000000000000e+00 0.000000000000000000e+00 1.000000000000000000e+00
1.716278364932307720e+09 -6.602955818176269531e+00 8.315694808959960938e+00 -1.534579038619995117e+00 0.000000000000000000e+00 0.000000000000000000e+00 0.000000000000000000e+00 1.000000000000000000e+00
1.716278364982146502e+09 -6.602993488311767578e+00 8.315664291381835938e+00 -1.534581184387207031e+00 0.000000000000000000e+00 0.000000000000000000e+00 0.000000000000000000e+00 1.000000000000000000e+00
1.716278365032356024e+09 -6.602983951568604404e+00 8.315646171569824219e+00 -1.534653663635253906e+00 0.000000000000000000e+00 0.000000000000000000e+00 0.000000000000000000e+00 1.000000000000000000e+00
1.716278365132809877e+09 -6.602940082550048828e+00 8.315670967102050781e+00 -1.534678936004638894e+00 0.000000000000000000e+00 0.000000000000000000e+00 0.000000000000000000e+00 1.000000000000000000e+00
1.716278365182962894e+09 -6.602980136871337891e+00 8.315653800964355469e+00 -1.534639000892639160e+00 0.000000000000000000e+00 0.000000000000000000e+00 0.000000000000000000e+00 1.000000000000000000e+00
1.716278365283431530e+09 -6.602976799011231357e+00 8.315639495849609375e+00 -1.534687519073486328e+00 0.000000000000000000e+00 0.000000000000000000e+00 0.000000000000000000e+00 1.000000000000000000e+00
1.716278365434004307e+09 -6.603005886077880859e+00 8.315674781799316406e+00 -1.534524679183959961e+00 0.000000000000000000e+00 0.000000000000000000e+00 0.000000000000000000e+00 1.000000000000000000e+00
1.716278365484216213e+09 -6.602946281433105469e+00 8.315686225891113281e+00 -1.534622907638549805e+00 0.000000000000000000e+00 0.000000000000000000e+00 0.000000000000000000e+00 1.000000000000000000e+00
1.716278365584735394e+09 -6.602988243103027344e+00 8.315652847290039062e+00 -1.534624934196472168e+00 0.000000000000000000e+00 0.000000000000000000e+00 0.000000000000000000e+00 1.000000000000000000e+00
1.716278365685228109e+09 -6.602956771850585938e+00 8.315668106079101562e+00 -1.534652233123779297e+00 0.000000000000000000e+00 0.000000000000000000e+00 0.000000000000000000e+00 1.000000000000000000e+00
1.716278365735260248e+09 -6.603027343750000000e+00 8.315592765808105469e+00 -1.534705400466918945e+00 0.000000000000000000e+00 0.000000000000000000e+00 0.000000000000000000e+00 1.000000000000000000e+00
1.716278365835303307e+09 -6.602951049804688388e+00 8.315665245056152344e+00 -1.534672379493713379e+00 0.000000000000000000e+00 0.000000000000000000e+00 0.000000000000000000e+00 1.000000000000000000e+00
1.716278365885824680e+09 -6.603003978729248047e+00 8.315657615661621094e+00 -1.534576177597045898e+00 0.000000000000000000e+00 0.000000000000000000e+00 0.000000000000000000e+00 1.000000000000000000e+00
1.716278365935669899e+09 -6.603041172027587891e+00 8.315631866455078125e+00 -1.534566521644592507e+00 0.000000000000000000e+00 0.000000000000000000e+00 0.000000000000000000e+00 1.000000000000000000e+00
1.716278366035903215e+09 -6.603016376495361328e+00 8.315666198730468750e+00 -1.534524798393249512e+00 0.000000000000000000e+00 0.000000000000000000e+00 0.000000000000000000e+00 1.000000000000000000e+00
1.716278366086120367e+09 -6.602871417999267578e+00 8.315770149230957031e+00 -1.534555792808532715e+00 0.000000000000000000e+00 0.000000000000000000e+00 0.000000000000000000e+00 1.000000000000000000e+00
1.716278366136511564e+09 -6.602864742279052734e+00 8.315748214721679688e+00 -1.534633040428161621e+00 0.000000000000000000e+00 0.000000000000000000e+00 0.000000000000000000e+00 1.000000000000000000e+00
1.716278366186402798e+09 -6.602935791015625000e+00 8.315716743469238281e+00 -1.534564137458801270e+00 0.000000000000000000e+00 0.000000000000000000e+00 0.000000000000000000e+00 1.000000000000000000e+00
1.716278366288331985e+09 -6.602948188781738281e+00 8.315678596496582031e+00 -1.534641265869140625e+00 0.000000000000000000e+00 0.000000000000000000e+00 0.000000000000000000e+00 1.000000000000000000e+00
1.716278366337093353e+09 -6.602984905242919922e+00 8.315648078918457031e+00 -1.534644603729248047e+00 0.000000000000000000e+00 0.000000000000000000e+00 0.000000000000000000e+00 1.000000000000000000e+00
1.716278366438076735e+09 -6.602885723114013672e+00 8.315711021423339844e+00 -1.534688591957092507e+00 0.000000000000000000e+00 0.000000000000000000e+00 0.000000000000000000e+00 1.000000000000000000e+00
1.716278366487679005e+09 -6.602845668792724609e+00 8.315766334533691406e+00 -1.534622907638549805e+00 0.000000000000000000e+00 0.000000000000000000e+00 0.000000000000000000e+00 1.000000000000000000e+00
1.716278366588287830e+09 -6.602866649627685547e+00 8.315749168395996094e+00 -1.534625291824340820e+00 0.000000000000000000e+00 0.000000000000000000e+00 0.000000000000000000e+00 1.000000000000000000e+00
1.716278366688256502e+09 -6.602820873260498047e+00 8.315782546997070312e+00 -1.534633278846740723e+00 0.000000000000000000e+00 0.000000000000000000e+00 0.000000000000000000e+00 1.000000000000000000e+00
1.716278366738596439e+09 -6.602915287017822266e+00 8.315726280212402344e+00 -1.534580588340759277e+00 0.000000000000000000e+00 0.000000000000000000e+00 0.000000000000000000e+00 1.000000000000000000e+00
1.716278366788842201e+09 -6.603021144866943359e+00 8.315623283386230469e+00 -1.534634113311767578e+00 0.000000000000000000e+00 0.000000000000000000e+00 0.000000000000000000e+00 1.000000000000000000e+00
1.716278366940166473e+09 -6.603020668029785156e+00 8.315650939941406250e+00 -1.534559965133666992e+00 0.000000000000000000e+00 0.000000000000000000e+00 0.000000000000000000e+00 1.000000000000000000e+00
1.716278366989650488e+09 -6.602947711944580078e+00 8.315682411193847656e+00 -1.534632086753845215e+00 0.000000000000000000e+00 0.000000000000000000e+00 0.000000000000000000e+00 1.000000000000000000e+00
1.716278367039621830e+09 -6.602985858917236328e+00 8.315666198730468750e+00 -1.534592270851135254e+00 0.000000000000000000e+00 0.000000000000000000e+00 0.000000000000000000e+00 1.000000000000000000e+00
1.716278367089808941e+09 -6.602987289428710938e+00 8.315650939941406250e+00 -1.534631252288818359e+00 0.000000000000000000e+00 0.000000000000000000e+00 0.000000000000000000e+00 1.000000000000000000e+00
1.716278367190196276e+09 -6.603069305419921875e+00 8.315602302551269531e+00 -1.534587264060973899e+00 0.000000000000000000e+00 0.000000000000000000e+00 0.000000000000000000e+00 1.000000000000000000e+00
1.716278367240242720e+09 -6.602971076965332031e+00 8.315671920776367188e+00 -1.534610986709594727e+00 0.000000000000000000e+00 0.000000000000000000e+00 0.000000000000000000e+00 1.000000000000000000e+00
1.716278367293977022e+09 -6.603000164031982422e+00 8.315649032592773438e+00 -1.534610271453857422e+00 0.000000000000000000e+00 0.000000000000000000e+00 0.000000000000000000e+00 1.000000000000000000e+00
1.716278367391200066e+09 -6.603065967559815341e+00 8.315584182739257812e+00 -1.534644365310668945e+00 0.000000000000000000e+00 0.000000000000000000e+00 0.000000000000000000e+00 1.000000000000000000e+00
1.716278367441435337e+09 -6.603041648864746094e+00 8.315643310546875000e+00 -1.534532904624938965e+00 0.000000000000000000e+00 0.000000000000000000e+00 0.000000000000000000e+00 1.000000000000000000e+00
1.716278367541443586e+09 -6.603013992309570312e+00 8.315680503845214844e+00 -1.534492135047912598e+00 0.000000000000000000e+00 0.000000000000000000e+00 0.000000000000000000e+00 1.000000000000000000e+00
1.716278367591723204e+09 -6.602953433990479404e+00 8.315725326538085938e+00 -1.534500241279602051e+00 0.000000000000000000e+00 0.000000000000000000e+00 0.000000000000000000e+00 1.000000000000000000e+00
1.716278367641764641e+09 -6.602887630462647373e+00 8.315768241882324219e+00 -1.534527420997619629e+00 0.000000000000000000e+00 0.000000000000000000e+00 0.000000000000000000e+00 1.000000000000000000e+00
1.716278367691895962e+09 -6.602921485900878906e+00 8.315736770629882812e+00 -1.534540295600891113e+00 0.000000000000000000e+00 0.000000000000000000e+00 0.000000000000000000e+00 1.000000000000000000e+00
1.716278367742262840e+09 -6.602939128875732422e+00 8.315722465515136719e+00 -1.534539818763732910e+00 0.000000000000000000e+00 0.000000000000000000e+00 0.000000000000000000e+00 1.000000000000000000e+00
1.716278367792271137e+09 -6.602850437164306641e+00 8.315764427185058594e+00 -1.534619569778442383e+00 0.000000000000000000e+00 0.000000000000000000e+00 0.000000000000000000e+00 1.000000000000000000e+00
1.716278367842849255e+09 -6.603016376495361328e+00 8.315652847290039062e+00 -1.534562826156616211e+00 0.000000000000000000e+00 0.000000000000000000e+00 0.000000000000000000e+00 1.000000000000000000e+00
1.716278367943057775e+09 -6.603024005889892578e+00 8.315657615661621094e+00 -1.534533500671386719e+00 0.000000000000000000e+00 0.000000000000000000e+00 0.000000000000000000e+00 1.000000000000000000e+00
1.716278367993170261e+09 -6.602966785430908203e+00 8.315737724304199219e+00 -1.534435868263244629e+00 0.000000000000000000e+00 0.000000000000000000e+00 0.000000000000000000e+00 1.000000000000000000e+00
1.716278368043385506e+09 -6.602940559387207031e+00 8.315758705139160156e+00 -1.534437179565429688e+00 0.000000000000000000e+00 0.000000000000000000e+00 0.000000000000000000e+00 1.000000000000000000e+00
1.716278368093528748e+09 -6.602992057800292969e+00 8.315699577331542969e+00 -1.534488558769226074e+00 0.000000000000000000e+00 0.000000000000000000e+00 0.000000000000000000e+00 1.000000000000000000e+00
1.716278368194008589e+09 -6.603058338165283203e+00 8.315647125244140625e+00 -1.534486651420593262e+00 0.000000000000000000e+00 0.000000000000000000e+00 0.000000000000000000e+00 1.000000000000000000e+00
1.716278368244376421e+09 -6.602987289428710938e+00 8.315693855285644531e+00 -1.534513592720031516e+00 0.000000000000000000e+00 0.000000000000000000e+00 0.000000000000000000e+00 1.000000000000000000e+00
1.716278368294486523e+09 -6.602994441986083984e+00 8.315655708312988281e+00 -1.534604310989380105e+00 0.000000000000000000e+00 0.000000000000000000e+00 0.000000000000000000e+00 1.000000000000000000e+00
1.716278368395656586e+09 -6.602994441986083984e+00 8.315649032592773438e+00 -1.534621477127075195e+00 0.000000000000000000e+00 0.000000000000000000e+00 0.000000000000000000e+00 1.000000000000000000e+00
1.716278368445259809e+09 -6.602867126464843750e+00 8.315734863281250000e+00 -1.534664034843444824e+00 0.000000000000000000e+00 0.000000000000000000e+00 0.000000000000000000e+00 1.000000000000000000e+00
1.716278368495350838e+09 -6.602556705474853516e+00 8.314689636230468750e+00 -1.534564256668090820e+00 0.000000000000000000e+00 0.000000000000000000e+00 0.000000000000000000e+00 1.000000000000000000e+00
1.716278368595925093e+09 -6.602091789245605469e+00 8.315112113952636719e+00 -1.534419059753417969e+00 0.000000000000000000e+00 0.000000000000000000e+00 0.000000000000000000e+00 1.000000000000000000e+00
1.716278368645989418e+09 -6.602592468261718750e+00 8.315959930419921875e+00 -1.534643173217773438e+00 0.000000000000000000e+00 0.000000000000000000e+00 0.000000000000000000e+00 1.000000000000000000e+00
1.716278368696159840e+09 -6.603193283081054688e+00 8.315463066101074219e+00 -1.534698367118835449e+00 0.000000000000000000e+00 0.000000000000000000e+00 0.000000000000000000e+00 1.000000000000000000e+00
1.716278368796597004e+09 -6.601738452911376953e+00 8.315421104431152344e+00 -1.534340023994445801e+00 0.000000000000000000e+00 0.000000000000000000e+00 0.000000000000000000e+00 1.000000000000000000e+00
1.716278368897485971e+09 -6.602537631988525391e+00 8.314704895019531250e+00 -1.534564137458801270e+00 0.000000000000000000e+00 0.000000000000000000e+00 0.000000000000000000e+00 1.000000000000000000e+00
1.716278368947436810e+09 -6.602150917053222656e+00 8.315033912658691406e+00 -1.534505486488342507e+00 0.000000000000000000e+00 0.000000000000000000e+00 0.000000000000000000e+00 1.000000000000000000e+00
1.716278368998191118e+09 -6.601826667785644531e+00 8.315321922302246094e+00 -1.534419178962707520e+00 0.000000000000000000e+00 0.000000000000000000e+00 0.000000000000000000e+00 1.000000000000000000e+00
1.716278369098088503e+09 -6.602388381958007812e+00 8.314877510070800781e+00 -1.534416317939758301e+00 0.000000000000000000e+00 0.000000000000000000e+00 0.000000000000000000e+00 1.000000000000000000e+00
1.716278369148262501e+09 -6.602380275726318359e+00 8.314866065979003906e+00 -1.534465551376342773e+00 0.000000000000000000e+00 0.000000000000000000e+00 0.000000000000000000e+00 1.000000000000000000e+00
1.716278369198715687e+09 -6.601939678192138672e+00 8.315214157104492188e+00 -1.534469008445739524e+00 0.000000000000000000e+00 0.000000000000000000e+00 0.000000000000000000e+00 1.000000000000000000e+00
1.716278369298656464e+09 -6.601354598999023438e+00 8.314414024353027344e+00 -1.534295916557312012e+00 0.000000000000000000e+00 0.000000000000000000e+00 0.000000000000000000e+00 1.000000000000000000e+00
1.716278369348929167e+09 -6.601306438446044922e+00 8.314433097839355469e+00 -1.534348964691162109e+00 0.000000000000000000e+00 0.000000000000000000e+00 0.000000000000000000e+00 1.000000000000000000e+00
1.716278369449522495e+09 -6.601136684417724609e+00 8.314582824707031250e+00 -1.534308910369873047e+00 0.000000000000000000e+00 0.000000000000000000e+00 0.000000000000000000e+00 1.000000000000000000e+00
1.716278369499655247e+09 -6.600468635559082031e+00 8.313814163208007812e+00 -1.534230232238769531e+00 0.000000000000000000e+00 0.000000000000000000e+00 0.000000000000000000e+00 1.000000000000000000e+00
1.716278369550302267e+09 -6.600302696228027344e+00 8.313899993896484375e+00 -1.534357309341430886e+00 0.000000000000000000e+00 0.000000000000000000e+00 0.000000000000000000e+00 1.000000000000000000e+00
1.716278369600584507e+09 -6.600087642669677734e+00 8.314070701599121094e+00 -1.534357547760009766e+00 0.000000000000000000e+00 0.000000000000000000e+00 0.000000000000000000e+00 1.000000000000000000e+00
1.716278369700355053e+09 -6.599736690521240234e+00 8.313097000122070312e+00 -1.534150838851928711e+00 0.000000000000000000e+00 0.000000000000000000e+00 0.000000000000000000e+00 1.000000000000000000e+00
1.716278369750486612e+09 -6.598866939544677734e+00 8.312551498413085938e+00 -1.533899903297424316e+00 0.000000000000000000e+00 0.000000000000000000e+00 0.000000000000000000e+00 1.000000000000000000e+00
1.716278369800995588e+09 -6.598488807678222656e+00 8.312787055969238281e+00 -1.534077286720276101e+00 0.000000000000000000e+00 0.000000000000000000e+00 0.000000000000000000e+00 1.000000000000000000e+00
1.716278369901091576e+09 -6.597209930419921875e+00 8.311264038085937500e+00 -1.533756613731384499e+00 0.000000000000000000e+00 0.000000000000000000e+00 0.000000000000000000e+00 1.000000000000000000e+00
1.716278369951279163e+09 -6.596370220184326172e+00 8.310642242431640625e+00 -1.533649086952209695e+00 0.000000000000000000e+00 0.000000000000000000e+00 0.000000000000000000e+00 1.000000000000000000e+00
1.716278370001943827e+09 -6.596146583557128906e+00 8.310814857482910156e+00 -1.533662438392639160e+00 0.000000000000000000e+00 0.000000000000000000e+00 0.000000000000000000e+00 1.000000000000000000e+00
1.716278370102055311e+09 -6.594704151153564453e+00 8.309258460998535156e+00 -1.533790707588195801e+00 0.000000000000000000e+00 0.000000000000000000e+00 0.000000000000000000e+00 1.000000000000000000e+00
1.716278370152240276e+09 -6.593703746795654297e+00 8.308764457702636719e+00 -1.533683896064758301e+00 0.000000000000000000e+00 0.000000000000000000e+00 0.000000000000000000e+00 1.000000000000000000e+00
1.716278370202406883e+09 -6.592469692230224609e+00 8.308442115783691406e+00 -1.533612728118896484e+00 0.000000000000000000e+00 0.000000000000000000e+00 0.000000000000000000e+00 1.000000000000000000e+00
1.716278370252660036e+09 -6.591570377349853516e+00 8.307984352111816406e+00 -1.533183336257934570e+00 0.000000000000000000e+00 0.000000000000000000e+00 0.000000000000000000e+00 1.000000000000000000e+00
1.716278370302681684e+09 -6.591425895690917969e+00 8.308150291442871094e+00 -1.533043026924133301e+00 0.000000000000000000e+00 0.000000000000000000e+00 0.000000000000000000e+00 1.000000000000000000e+00
1.716278370352900267e+09 -6.591300487518311435e+00 8.309676170349121094e+00 -1.532768487930298074e+00 0.000000000000000000e+00 0.000000000000000000e+00 0.000000000000000000e+00 1.000000000000000000e+00
1.716278370403125048e+09 -6.591030597686767578e+00 8.311299324035644531e+00 -1.532539725303649902e+00 0.000000000000000000e+00 0.000000000000000000e+00 0.000000000000000000e+00 1.000000000000000000e+00
1.716278370453316927e+09 -6.591987609863281250e+00 8.313155174255371094e+00 -1.532646894454956055e+00 0.000000000000000000e+00 0.000000000000000000e+00 0.000000000000000000e+00 1.000000000000000000e+00
1.716278370503781557e+09 -6.594449520111083984e+00 8.315061569213867188e+00 -1.532981872558593750e+00 0.000000000000000000e+00 0.000000000000000000e+00 0.000000000000000000e+00 1.000000000000000000e+00
1.716278370553637028e+09 -6.595542907714843750e+00 8.315463066101074219e+00 -1.533143520355224609e+00 0.000000000000000000e+00 0.000000000000000000e+00 0.000000000000000000e+00 1.000000000000000000e+00
1.716278370603925467e+09 -6.595448970794677734e+00 8.315550804138183594e+00 -1.533107161521911621e+00 0.000000000000000000e+00 0.000000000000000000e+00 0.000000000000000000e+00 1.000000000000000000e+00
1.716278370654152870e+09 -6.595095634460449219e+00 8.315827369689941406e+00 -1.533115744590759277e+00 0.000000000000000000e+00 0.000000000000000000e+00 0.000000000000000000e+00 1.000000000000000000e+00
1.716278370704383373e+09 -6.594269752502441406e+00 8.315190315246582031e+00 -1.533020734786987305e+00 0.000000000000000000e+00 0.000000000000000000e+00 0.000000000000000000e+00 1.000000000000000000e+00
1.716278370754452229e+09 -6.594652652740479404e+00 8.314882278442382812e+00 -1.533031582832336426e+00 0.000000000000000000e+00 0.000000000000000000e+00 0.000000000000000000e+00 1.000000000000000000e+00
1.716278370804705143e+09 -6.594970703125000000e+00 8.314650535583496094e+00 -1.532975077629089355e+00 0.000000000000000000e+00 0.000000000000000000e+00 0.000000000000000000e+00 1.000000000000000000e+00
1.716278370854783535e+09 -6.595273971557617188e+00 8.315653800964355469e+00 -1.533205151557922363e+00 0.000000000000000000e+00 0.000000000000000000e+00 0.000000000000000000e+00 1.000000000000000000e+00
1.716278370955342531e+09 -6.595023632049560547e+00 8.315851211547851562e+00 -1.533207058906555176e+00 0.000000000000000000e+00 0.000000000000000000e+00 0.000000000000000000e+00 1.000000000000000000e+00
1.716278371005755663e+09 -6.594683170318604404e+00 8.314881324768066406e+00 -1.532967090606689675e+00 0.000000000000000000e+00 0.000000000000000000e+00 0.000000000000000000e+00 1.000000000000000000e+00
1.716278371055963039e+09 -6.594797611236572266e+00 8.314807891845703125e+00 -1.532920122146606445e+00 0.000000000000000000e+00 0.000000000000000000e+00 0.000000000000000000e+00 1.000000000000000000e+00
1.716278371156172991e+09 -6.595154762268066406e+00 8.315799713134765625e+00 -1.533063769340515137e+00 0.000000000000000000e+00 0.000000000000000000e+00 0.000000000000000000e+00 1.000000000000000000e+00
1.716278371206447124e+09 -6.595984935760498047e+00 8.316423416137695312e+00 -1.533186674118041992e+00 0.000000000000000000e+00 0.000000000000000000e+00 0.000000000000000000e+00 1.000000000000000000e+00
1.716278371256639957e+09 -6.596228122711181641e+00 8.316319465637207031e+00 -1.532939910888672097e+00 0.000000000000000000e+00 0.000000000000000000e+00 0.000000000000000000e+00 1.000000000000000000e+00
1.716278371306816339e+09 -6.596959590911865234e+00 8.317045211791992188e+00 -1.532998681068420410e+00 0.000000000000000000e+00 0.000000000000000000e+00 0.000000000000000000e+00 1.000000000000000000e+00
1.716278371407387495e+09 -6.597375392913818359e+00 8.317997932434082031e+00 -1.533122181892395020e+00 0.000000000000000000e+00 0.000000000000000000e+00 0.000000000000000000e+00 1.000000000000000000e+00
1.716278371458008528e+09 -6.597418785095214844e+00 8.317975044250488281e+00 -1.533087611198425293e+00 0.000000000000000000e+00 0.000000000000000000e+00 0.000000000000000000e+00 1.000000000000000000e+00
1.716278371507915258e+09 -6.597774028778076172e+00 8.317767143249511719e+00 -1.532886028289794922e+00 0.000000000000000000e+00 0.000000000000000000e+00 0.000000000000000000e+00 1.000000000000000000e+00
1.716278371608572245e+09 -6.599250793457031250e+00 8.319066047668457031e+00 -1.533390760421752930e+00 0.000000000000000000e+00 0.000000000000000000e+00 0.000000000000000000e+00 1.000000000000000000e+00
1.716278371658601761e+09 -6.599927902221679688e+00 8.319843292236328125e+00 -1.533426046371459961e+00 0.000000000000000000e+00 0.000000000000000000e+00 0.000000000000000000e+00 1.000000000000000000e+00
1.716278371709132910e+09 -6.601182937622070312e+00 8.321602821350097656e+00 -1.533143877983093262e+00 0.000000000000000000e+00 0.000000000000000000e+00 0.000000000000000000e+00 1.000000000000000000e+00
1.716278371759991407e+09 -6.601889610290527344e+00 8.322360038757324219e+00 -1.533170223236083984e+00 0.000000000000000000e+00 0.000000000000000000e+00 0.000000000000000000e+00 1.000000000000000000e+00
1.716278371859758615e+09 -6.603426933288574219e+00 8.323648452758789062e+00 -1.533573389053344727e+00 0.000000000000000000e+00 0.000000000000000000e+00 0.000000000000000000e+00 1.000000000000000000e+00
1.716278371910275698e+09 -6.605285167694091797e+00 8.324826240539550781e+00 -1.533576250076293945e+00 0.000000000000000000e+00 0.000000000000000000e+00 0.000000000000000000e+00 1.000000000000000000e+00
1.716278371960671902e+09 -6.605451107025146484e+00 8.324719429016113281e+00 -1.533508300781250000e+00 0.000000000000000000e+00 0.000000000000000000e+00 0.000000000000000000e+00 1.000000000000000000e+00
1.716278372059905529e+09 -6.606332302093505859e+00 8.325312614440917969e+00 -1.533602714538574219e+00 0.000000000000000000e+00 0.000000000000000000e+00 0.000000000000000000e+00 1.000000000000000000e+00
1.716278372110641718e+09 -6.608134269714356357e+00 8.325338363647460938e+00 -1.533247113227844238e+00 0.000000000000000000e+00 0.000000000000000000e+00 0.000000000000000000e+00 1.000000000000000000e+00
1.716278372160477400e+09 -6.608567237854003906e+00 8.325089454650878906e+00 -1.532984972000122070e+00 0.000000000000000000e+00 0.000000000000000000e+00 0.000000000000000000e+00 1.000000000000000000e+00
1.716278372260882378e+09 -6.608641624450683594e+00 8.325013160705566406e+00 -1.533034205436706321e+00 0.000000000000000000e+00 0.000000000000000000e+00 0.000000000000000000e+00 1.000000000000000000e+00
1.716278372311107397e+09 -6.608461380004882812e+00 8.325276374816894531e+00 -1.532700300216674805e+00 0.000000000000000000e+00 0.000000000000000000e+00 0.000000000000000000e+00 1.000000000000000000e+00
1.716278372361116409e+09 -6.607548713684082031e+00 8.324764251708984375e+00 -1.532452464103698730e+00 0.000000000000000000e+00 0.000000000000000000e+00 0.000000000000000000e+00 1.000000000000000000e+00
1.716278372461542845e+09 -6.606935501098632812e+00 8.325242042541503906e+00 -1.532474994659423828e+00 0.000000000000000000e+00 0.000000000000000000e+00 0.000000000000000000e+00 1.000000000000000000e+00
1.716278372512007475e+09 -6.605557441711425781e+00 8.325032234191894531e+00 -1.532409667968750000e+00 0.000000000000000000e+00 0.000000000000000000e+00 0.000000000000000000e+00 1.000000000000000000e+00
1.716278372562139511e+09 -6.605224132537841797e+00 8.324142456054687500e+00 -1.531934618949889915e+00 0.000000000000000000e+00 0.000000000000000000e+00 0.000000000000000000e+00 1.000000000000000000e+00
1.716278372662491560e+09 -6.606588363647460938e+00 8.321113586425781250e+00 -1.529975771903991699e+00 0.000000000000000000e+00 0.000000000000000000e+00 0.000000000000000000e+00 1.000000000000000000e+00
1.716278372712657928e+09 -6.608057022094726562e+00 8.319032669067382812e+00 -1.528835654258728027e+00 0.000000000000000000e+00 0.000000000000000000e+00 0.000000000000000000e+00 1.000000000000000000e+00
1.716278372762805939e+09 -6.610038280487060547e+00 8.317700386047363281e+00 -1.528167963027954102e+00 0.000000000000000000e+00 0.000000000000000000e+00 0.000000000000000000e+00 1.000000000000000000e+00
1.716278372813129663e+09 -6.613640785217285156e+00 8.314068794250488281e+00 -1.526616573333740234e+00 0.000000000000000000e+00 0.000000000000000000e+00 0.000000000000000000e+00 1.000000000000000000e+00
1.716278372863260984e+09 -6.616867542266845703e+00 8.310832023620605469e+00 -1.524793386459350586e+00 0.000000000000000000e+00 0.000000000000000000e+00 0.000000000000000000e+00 1.000000000000000000e+00
1.716278372913401127e+09 -6.621047019958496094e+00 8.306959152221679688e+00 -1.522623300552368164e+00 0.000000000000000000e+00 0.000000000000000000e+00 0.000000000000000000e+00 1.000000000000000000e+00
1.716278372963562250e+09 -6.624971866607666016e+00 8.303149223327636719e+00 -1.520825147628784180e+00 0.000000000000000000e+00 0.000000000000000000e+00 0.000000000000000000e+00 1.000000000000000000e+00
1.716278373013941050e+09 -6.628495216369628906e+00 8.299326896667480469e+00 -1.519941926002502441e+00 0.000000000000000000e+00 0.000000000000000000e+00 0.000000000000000000e+00 1.000000000000000000e+00
1.716278373064162970e+09 -6.631642818450927734e+00 8.296669006347656250e+00 -1.520337104797363281e+00 0.000000000000000000e+00 0.000000000000000000e+00 0.000000000000000000e+00 1.000000000000000000e+00
1.716278373114344597e+09 -6.632958889007568359e+00 8.294130325317382812e+00 -1.520766615867614746e+00 0.000000000000000000e+00 0.000000000000000000e+00 0.000000000000000000e+00 1.000000000000000000e+00
1.716278373214605331e+09 -6.634113311767578125e+00 8.282415390014648438e+00 -1.524833679199218750e+00 0.000000000000000000e+00 0.000000000000000000e+00 0.000000000000000000e+00 1.000000000000000000e+00
1.716278373365607500e+09 -6.633669376373291016e+00 8.277286529541015625e+00 -1.521597385406493919e+00 0.000000000000000000e+00 0.000000000000000000e+00 0.000000000000000000e+00 1.000000000000000000e+00
1.716278373415727139e+09 -6.636050701141357422e+00 8.273820877075195312e+00 -1.522215843200683594e+00 0.000000000000000000e+00 0.000000000000000000e+00 0.000000000000000000e+00 1.000000000000000000e+00
1.716278373466043711e+09 -6.638949394226074219e+00 8.269771575927734375e+00 -1.523293137550354004e+00 0.000000000000000000e+00 0.000000000000000000e+00 0.000000000000000000e+00 1.000000000000000000e+00
1.716278373616676092e+09 -6.638340950012207031e+00 8.257154464721679688e+00 -1.515325427055358887e+00 0.000000000000000000e+00 0.000000000000000000e+00 0.000000000000000000e+00 1.000000000000000000e+00
1.716278373666877270e+09 -6.639726161956787109e+00 8.251440048217773438e+00 -1.513303518295288086e+00 0.000000000000000000e+00 0.000000000000000000e+00 0.000000000000000000e+00 1.000000000000000000e+00
1.716278373716948271e+09 -6.638597965240479404e+00 8.241610527038574219e+00 -1.509803533554077148e+00 0.000000000000000000e+00 0.000000000000000000e+00 0.000000000000000000e+00 1.000000000000000000e+00
1.716278373767100096e+09 -6.640161037445068359e+00 8.234827995300292969e+00 -1.506633400917053223e+00 0.000000000000000000e+00 0.000000000000000000e+00 0.000000000000000000e+00 1.000000000000000000e+00
1.716278373817238092e+09 -6.640914440155029297e+00 8.228899955749511719e+00 -1.502898812294006348e+00 0.000000000000000000e+00 0.000000000000000000e+00 0.000000000000000000e+00 1.000000000000000000e+00
1.716278373867493391e+09 -6.640885353088378906e+00 8.223766326904296875e+00 -1.498705267906188965e+00 0.000000000000000000e+00 0.000000000000000000e+00 0.000000000000000000e+00 1.000000000000000000e+00
1.716278373917633533e+09 -6.636523723602294922e+00 8.214911460876464844e+00 -1.492317914962768555e+00 0.000000000000000000e+00 0.000000000000000000e+00 0.000000000000000000e+00 1.000000000000000000e+00
1.716278373967768669e+09 -6.636289119720458984e+00 8.211510658264160156e+00 -1.487473130226135254e+00 0.000000000000000000e+00 0.000000000000000000e+00 0.000000000000000000e+00 1.000000000000000000e+00
1.716278374018165350e+09 -6.635730266571044922e+00 8.208545684814453125e+00 -1.482140660285949707e+00 0.000000000000000000e+00 0.000000000000000000e+00 0.000000000000000000e+00 1.000000000000000000e+00
1.716278374068232536e+09 -6.633934497833251953e+00 8.206670761108398438e+00 -1.476552963256835938e+00 0.000000000000000000e+00 0.000000000000000000e+00 0.000000000000000000e+00 1.000000000000000000e+00
1.716278374118523598e+09 -6.629132747650146484e+00 8.202349662780761719e+00 -1.469662547111511230e+00 0.000000000000000000e+00 0.000000000000000000e+00 0.000000000000000000e+00 1.000000000000000000e+00
1.716278374168821096e+09 -6.626750469207763672e+00 8.201170921325683594e+00 -1.463439464569091797e+00 0.000000000000000000e+00 0.000000000000000000e+00 0.000000000000000000e+00 1.000000000000000000e+00
1.716278374219046116e+09 -6.625495910644531250e+00 8.200490951538085938e+00 -1.456995248794555664e+00 0.000000000000000000e+00 0.000000000000000000e+00 0.000000000000000000e+00 1.000000000000000000e+00
1.716278374269151211e+09 -6.625547885894775391e+00 8.200342178344726562e+00 -1.449831962585449219e+00 0.000000000000000000e+00 0.000000000000000000e+00 0.000000000000000000e+00 1.000000000000000000e+00
1.716278374319484711e+09 -6.626518726348876953e+00 8.199599266052246094e+00 -1.442238688468933105e+00 0.000000000000000000e+00 0.000000000000000000e+00 0.000000000000000000e+00 1.000000000000000000e+00
1.716278374419902802e+09 -6.633241653442382812e+00 8.197628974914550781e+00 -1.424976348876953125e+00 0.000000000000000000e+00 0.000000000000000000e+00 0.000000000000000000e+00 1.000000000000000000e+00
1.716278374469974995e+09 -6.638525962829589844e+00 8.197574615478515625e+00 -1.416810512542724609e+00 0.000000000000000000e+00 0.000000000000000000e+00 0.000000000000000000e+00 1.000000000000000000e+00
1.716278374570226908e+09 -6.649910926818847656e+00 8.198859214782714844e+00 -1.402133345603942871e+00 0.000000000000000000e+00 0.000000000000000000e+00 0.000000000000000000e+00 1.000000000000000000e+00
1.716278374670737267e+09 -6.663633346557617188e+00 8.204200744628906250e+00 -1.389395952224731445e+00 0.000000000000000000e+00 0.000000000000000000e+00 0.000000000000000000e+00 1.000000000000000000e+00
1.716278374721107244e+09 -6.680323123931884766e+00 8.208907127380371094e+00 -1.379115343093872070e+00 0.000000000000000000e+00 0.000000000000000000e+00 0.000000000000000000e+00 1.000000000000000000e+00
1.716278374822442532e+09 -6.694888114929199219e+00 8.216490745544433594e+00 -1.376980304718017578e+00 0.000000000000000000e+00 0.000000000000000000e+00 0.000000000000000000e+00 1.000000000000000000e+00
1.716278374871521473e+09 -6.706224918365479404e+00 8.217739105224609375e+00 -1.373703002929687500e+00 0.000000000000000000e+00 0.000000000000000000e+00 0.000000000000000000e+00 1.000000000000000000e+00
1.716278374923234224e+09 -6.719473838806152344e+00 8.219701766967773438e+00 -1.371538996696472168e+00 0.000000000000000000e+00 0.000000000000000000e+00 0.000000000000000000e+00 1.000000000000000000e+00
1.716278374972269773e+09 -6.732776641845703125e+00 8.219958305358886719e+00 -1.370273470878601074e+00 0.000000000000000000e+00 0.000000000000000000e+00 0.000000000000000000e+00 1.000000000000000000e+00
1.716278375023749590e+09 -6.747850894927978516e+00 8.219774246215820312e+00 -1.369906187057495117e+00 0.000000000000000000e+00 0.000000000000000000e+00 0.000000000000000000e+00 1.000000000000000000e+00
1.716278375072377443e+09 -6.768348693847656250e+00 8.224857330322265625e+00 -1.372358322143554910e+00 0.000000000000000000e+00 0.000000000000000000e+00 0.000000000000000000e+00 1.000000000000000000e+00
1.716278375122572899e+09 -6.784637928009033203e+00 8.222098350524902344e+00 -1.372553586959838867e+00 0.000000000000000000e+00 0.000000000000000000e+00 0.000000000000000000e+00 1.000000000000000000e+00
1.716278375172753096e+09 -6.799938678741455078e+00 8.218669891357421875e+00 -1.373087644577026367e+00 0.000000000000000000e+00 0.000000000000000000e+00 0.000000000000000000e+00 1.000000000000000000e+00
1.716278375223006964e+09 -6.814431190490722656e+00 8.214506149291992188e+00 -1.373728632926940918e+00 0.000000000000000000e+00 0.000000000000000000e+00 0.000000000000000000e+00 1.000000000000000000e+00
1.716278375273254871e+09 -6.831688404083251953e+00 8.212911605834960938e+00 -1.375790834426880105e+00 0.000000000000000000e+00 0.000000000000000000e+00 0.000000000000000000e+00 1.000000000000000000e+00
1.716278375323669672e+09 -6.845391750335693359e+00 8.207960128784179688e+00 -1.376576423645019531e+00 0.000000000000000000e+00 0.000000000000000000e+00 0.000000000000000000e+00 1.000000000000000000e+00
1.716278375373555183e+09 -6.859313964843750000e+00 8.202629089355468750e+00 -1.377859115600585938e+00 0.000000000000000000e+00 0.000000000000000000e+00 0.000000000000000000e+00 1.000000000000000000e+00
1.716278375423862219e+09 -6.871921539306640625e+00 8.197054862976074219e+00 -1.379059791564941406e+00 0.000000000000000000e+00 0.000000000000000000e+00 0.000000000000000000e+00 1.000000000000000000e+00
1.716278375474074364e+09 -6.884667873382568359e+00 8.191242218017578125e+00 -1.380545735359191895e+00 0.000000000000000000e+00 0.000000000000000000e+00 0.000000000000000000e+00 1.000000000000000000e+00
1.716278375524248362e+09 -6.896084785461425781e+00 8.185134887695312500e+00 -1.382144927978515625e+00 0.000000000000000000e+00 0.000000000000000000e+00 0.000000000000000000e+00 1.000000000000000000e+00
1.716278375574906111e+09 -6.906988620758056641e+00 8.180352210998535156e+00 -1.385010242462158203e+00 0.000000000000000000e+00 0.000000000000000000e+00 0.000000000000000000e+00 1.000000000000000000e+00
1.716278375624568462e+09 -6.915456771850585938e+00 8.173884391784667969e+00 -1.386911392211914062e+00 0.000000000000000000e+00 0.000000000000000000e+00 0.000000000000000000e+00 1.000000000000000000e+00
1.716278375674774885e+09 -6.923636913299560547e+00 8.167658805847167969e+00 -1.388775706291198730e+00 0.000000000000000000e+00 0.000000000000000000e+00 0.000000000000000000e+00 1.000000000000000000e+00
1.716278375775130987e+09 -6.928837299346923828e+00 8.158664703369140625e+00 -1.390223026275634766e+00 0.000000000000000000e+00 0.000000000000000000e+00 0.000000000000000000e+00 1.000000000000000000e+00
1.716278375825291872e+09 -6.934462070465087891e+00 8.150620460510253906e+00 -1.391771912574768066e+00 0.000000000000000000e+00 0.000000000000000000e+00 0.000000000000000000e+00 1.000000000000000000e+00
1.716278375875381231e+09 -6.945809364318847656e+00 8.134927749633789062e+00 -1.393414378166198730e+00 0.000000000000000000e+00 0.000000000000000000e+00 0.000000000000000000e+00 1.000000000000000000e+00
1.716278375925626993e+09 -6.950256824493408203e+00 8.126717567443847656e+00 -1.394329547882080078e+00 0.000000000000000000e+00 0.000000000000000000e+00 0.000000000000000000e+00 1.000000000000000000e+00
1.716278376026007652e+09 -6.950881481170654297e+00 8.115553855895996094e+00 -1.393553137779235840e+00 0.000000000000000000e+00 0.000000000000000000e+00 0.000000000000000000e+00 1.000000000000000000e+00
1.716278376076834679e+09 -6.956754684448242188e+00 8.098336219787597656e+00 -1.393274545669555664e+00 0.000000000000000000e+00 0.000000000000000000e+00 0.000000000000000000e+00 1.000000000000000000e+00
1.716278376128063917e+09 -6.958513259887695312e+00 8.089040756225585938e+00 -1.392119050025939941e+00 0.000000000000000000e+00 0.000000000000000000e+00 0.000000000000000000e+00 1.000000000000000000e+00
1.716278376177046776e+09 -6.960259914398193359e+00 8.079693794250488281e+00 -1.391119241714477539e+00 0.000000000000000000e+00 0.000000000000000000e+00 0.000000000000000000e+00 1.000000000000000000e+00
1.716278376276265383e+09 -6.957207202911376953e+00 8.064466476440429688e+00 -1.387507677078247070e+00 0.000000000000000000e+00 0.000000000000000000e+00 0.000000000000000000e+00 1.000000000000000000e+00
1.716278376326669216e+09 -6.958608627319335938e+00 8.054329872131347656e+00 -1.385679602622985840e+00 0.000000000000000000e+00 0.000000000000000000e+00 0.000000000000000000e+00 1.000000000000000000e+00
1.716278376376605511e+09 -6.961432933807373047e+00 8.034105300903320312e+00 -1.381772398948669434e+00 0.000000000000000000e+00 0.000000000000000000e+00 0.000000000000000000e+00 1.000000000000000000e+00
1.716278376476861238e+09 -6.962117195129394531e+00 8.010442733764648438e+00 -1.377246737480163574e+00 0.000000000000000000e+00 0.000000000000000000e+00 0.000000000000000000e+00 1.000000000000000000e+00
1.716278376527283430e+09 -6.964359283447265625e+00 8.000648498535156250e+00 -1.376151204109191895e+00 0.000000000000000000e+00 0.000000000000000000e+00 0.000000000000000000e+00 1.000000000000000000e+00
1.716278376577255726e+09 -6.966908454895020419e+00 7.990450859069824219e+00 -1.375411152839660645e+00 0.000000000000000000e+00 0.000000000000000000e+00 0.000000000000000000e+00 1.000000000000000000e+00
1.716278376627691984e+09 -6.969210147857666016e+00 7.979259014129638672e+00 -1.374185204505920410e+00 0.000000000000000000e+00 0.000000000000000000e+00 0.000000000000000000e+00 1.000000000000000000e+00
1.716278376728466511e+09 -6.969626903533936435e+00 7.951538085937500000e+00 -1.369876503944396973e+00 0.000000000000000000e+00 0.000000000000000000e+00 0.000000000000000000e+00 1.000000000000000000e+00
1.716278376778092146e+09 -6.972715854644775391e+00 7.941025257110595703e+00 -1.368584156036376953e+00 0.000000000000000000e+00 0.000000000000000000e+00 0.000000000000000000e+00 1.000000000000000000e+00
1.716278376828371525e+09 -6.975259304046630859e+00 7.929502964019775391e+00 -1.367566227912902832e+00 0.000000000000000000e+00 0.000000000000000000e+00 0.000000000000000000e+00 1.000000000000000000e+00
1.716278376878224373e+09 -6.978004932403564453e+00 7.917786121368408203e+00 -1.366563081741333008e+00 0.000000000000000000e+00 0.000000000000000000e+00 0.000000000000000000e+00 1.000000000000000000e+00
1.716278376929568052e+09 -6.975992202758789062e+00 7.899881839752197266e+00 -1.363677382469177246e+00 0.000000000000000000e+00 0.000000000000000000e+00 0.000000000000000000e+00 1.000000000000000000e+00
1.716278377028945446e+09 -6.982083320617675781e+00 7.874386787414550781e+00 -1.361899852752685547e+00 0.000000000000000000e+00 0.000000000000000000e+00 0.000000000000000000e+00 1.000000000000000000e+00
1.716278377079252243e+09 -6.984841823577880859e+00 7.861145973205566406e+00 -1.361103653907776101e+00 0.000000000000000000e+00 0.000000000000000000e+00 0.000000000000000000e+00 1.000000000000000000e+00
1.716278377179776192e+09 -6.982017517089843750e+00 7.841198444366455078e+00 -1.358039259910583496e+00 0.000000000000000000e+00 0.000000000000000000e+00 0.000000000000000000e+00 1.000000000000000000e+00
1.716278377230432272e+09 -6.986865520477294922e+00 7.811544418334960938e+00 -1.355133652687072754e+00 0.000000000000000000e+00 0.000000000000000000e+00 0.000000000000000000e+00 1.000000000000000000e+00
1.716278377280129910e+09 -6.989535808563232422e+00 7.796008110046386719e+00 -1.353037476539611816e+00 0.000000000000000000e+00 0.000000000000000000e+00 0.000000000000000000e+00 1.000000000000000000e+00
1.716278377381183147e+09 -6.986400127410888672e+00 7.774038314819335938e+00 -1.348458409309387207e+00 0.000000000000000000e+00 0.000000000000000000e+00 0.000000000000000000e+00 1.000000000000000000e+00
1.716278377430759192e+09 -6.992190837860107422e+00 7.744992256164550781e+00 -1.344980120658874290e+00 0.000000000000000000e+00 0.000000000000000000e+00 0.000000000000000000e+00 1.000000000000000000e+00
1.716278377481739998e+09 -6.995447158813476562e+00 7.728717803955078125e+00 -1.343240261077880859e+00 0.000000000000000000e+00 0.000000000000000000e+00 0.000000000000000000e+00 1.000000000000000000e+00
1.716278377531912565e+09 -6.990854263305664062e+00 7.705212593078613281e+00 -1.338606595993041992e+00 0.000000000000000000e+00 0.000000000000000000e+00 0.000000000000000000e+00 1.000000000000000000e+00
1.716278377581194401e+09 -6.993054866790772373e+00 7.687128067016601562e+00 -1.336661577224731445e+00 0.000000000000000000e+00 0.000000000000000000e+00 0.000000000000000000e+00 1.000000000000000000e+00
1.716278377681568146e+09 -6.999206542968750000e+00 7.652129650115966797e+00 -1.332666635513305664e+00 0.000000000000000000e+00 0.000000000000000000e+00 0.000000000000000000e+00 1.000000000000000000e+00
1.716278377732527256e+09 -7.002173423767089844e+00 7.634573936462402344e+00 -1.330986857414245605e+00 0.000000000000000000e+00 0.000000000000000000e+00 0.000000000000000000e+00 1.000000000000000000e+00
1.716278377782685518e+09 -6.998068332672119141e+00 7.609144687652587891e+00 -1.326232790946960449e+00 0.000000000000000000e+00 0.000000000000000000e+00 0.000000000000000000e+00 1.000000000000000000e+00
1.716278377834829092e+09 -7.000775814056396484e+00 7.590565204620361328e+00 -1.324016690254211426e+00 0.000000000000000000e+00 0.000000000000000000e+00 0.000000000000000000e+00 1.000000000000000000e+00
1.716278377932578564e+09 -7.006011486053466797e+00 7.554055690765380859e+00 -1.318047285079956055e+00 0.000000000000000000e+00 0.000000000000000000e+00 0.000000000000000000e+00 1.000000000000000000e+00
1.716278378033693552e+09 -7.001151084899902344e+00 7.527208805084227627e+00 -1.311087012290954590e+00 0.000000000000000000e+00 0.000000000000000000e+00 0.000000000000000000e+00 1.000000000000000000e+00
1.716278378082929134e+09 -7.003967761993408203e+00 7.509081840515136719e+00 -1.307071805000305176e+00 0.000000000000000000e+00 0.000000000000000000e+00 0.000000000000000000e+00 1.000000000000000000e+00
1.716278378133121014e+09 -7.008257865905761719e+00 7.473174095153808594e+00 -1.297455787658691406e+00 0.000000000000000000e+00 0.000000000000000000e+00 0.000000000000000000e+00 1.000000000000000000e+00
1.716278378183660269e+09 -7.001699447631835938e+00 7.447110176086425781e+00 -1.288556098937988503e+00 0.000000000000000000e+00 0.000000000000000000e+00 0.000000000000000000e+00 1.000000000000000000e+00
1.716278378233520269e+09 -7.003261566162109375e+00 7.430647850036621094e+00 -1.282956242561340332e+00 0.000000000000000000e+00 0.000000000000000000e+00 0.000000000000000000e+00 1.000000000000000000e+00
1.716278378283546925e+09 -7.004794120788574219e+00 7.395901203155517578e+00 -1.269026637077331543e+00 0.000000000000000000e+00 0.000000000000000000e+00 0.000000000000000000e+00 1.000000000000000000e+00
1.716278378333638430e+09 -7.006162166595458984e+00 7.379878997802734375e+00 -1.262561082839965820e+00 0.000000000000000000e+00 0.000000000000000000e+00 0.000000000000000000e+00 1.000000000000000000e+00
1.716278378484356880e+09 -6.999775886535644531e+00 7.325920104980468750e+00 -1.243259072303771973e+00 0.000000000000000000e+00 0.000000000000000000e+00 0.000000000000000000e+00 1.000000000000000000e+00
1.716278378535014391e+09 -7.000337600708007812e+00 7.311365127563476562e+00 -1.238569498062133789e+00 0.000000000000000000e+00 0.000000000000000000e+00 0.000000000000000000e+00 1.000000000000000000e+00
1.716278378634840727e+09 -6.994901180267333984e+00 7.290502548217773438e+00 -1.231548666954040305e+00 0.000000000000000000e+00 0.000000000000000000e+00 0.000000000000000000e+00 1.000000000000000000e+00
1.716278378685068846e+09 -6.996266365051269531e+00 7.261790752410888672e+00 -1.224125862121582031e+00 0.000000000000000000e+00 0.000000000000000000e+00 0.000000000000000000e+00 1.000000000000000000e+00
1.716278378785333395e+09 -6.991468429565429688e+00 7.242293357849121094e+00 -1.219385743141174316e+00 0.000000000000000000e+00 0.000000000000000000e+00 0.000000000000000000e+00 1.000000000000000000e+00
1.716278378835577250e+09 -6.994699478149414062e+00 7.216943740844726562e+00 -1.217180728912353516e+00 0.000000000000000000e+00 0.000000000000000000e+00 0.000000000000000000e+00 1.000000000000000000e+00
1.716278378935889244e+09 -6.996413230895996094e+00 7.204912185668945312e+00 -1.217903971672058105e+00 0.000000000000000000e+00 0.000000000000000000e+00 0.000000000000000000e+00 1.000000000000000000e+00
1.716278378985821247e+09 -6.993043422698974609e+00 7.188060283660888672e+00 -1.217665553092956321e+00 0.000000000000000000e+00 0.000000000000000000e+00 0.000000000000000000e+00 1.000000000000000000e+00
1.716278379186877012e+09 -6.992475509643554688e+00 7.136789321899414062e+00 -1.228407144546508789e+00 0.000000000000000000e+00 0.000000000000000000e+00 0.000000000000000000e+00 1.000000000000000000e+00
1.716278379236970663e+09 -6.994153976440429688e+00 7.126155853271484375e+00 -1.232962012290954590e+00 0.000000000000000000e+00 0.000000000000000000e+00 0.000000000000000000e+00 1.000000000000000000e+00
1.716278379287291288e+09 -6.995660781860351562e+00 7.115557670593261719e+00 -1.237826108932495117e+00 0.000000000000000000e+00 0.000000000000000000e+00 0.000000000000000000e+00 1.000000000000000000e+00
1.716278379387683868e+09 -6.998747825622558594e+00 7.095758914947509766e+00 -1.247392416000366211e+00 0.000000000000000000e+00 0.000000000000000000e+00 0.000000000000000000e+00 1.000000000000000000e+00
1.716278379488185167e+09 -6.998203277587890625e+00 7.063741207122802734e+00 -1.259953975677490234e+00 0.000000000000000000e+00 0.000000000000000000e+00 0.000000000000000000e+00 1.000000000000000000e+00
1.716278379538302422e+09 -6.998181819915772373e+00 7.055008411407470703e+00 -1.263689398765563965e+00 0.000000000000000000e+00 0.000000000000000000e+00 0.000000000000000000e+00 1.000000000000000000e+00
1.716278379588420153e+09 -6.997911453247070312e+00 7.046805858612060547e+00 -1.266674637794494629e+00 0.000000000000000000e+00 0.000000000000000000e+00 0.000000000000000000e+00 1.000000000000000000e+00
1.716278379688782454e+09 -6.995264053344726562e+00 7.037179470062255859e+00 -1.268098473548889160e+00 0.000000000000000000e+00 0.000000000000000000e+00 0.000000000000000000e+00 1.000000000000000000e+00
1.716278379789057493e+09 -6.993699073791503906e+00 7.019566535949707031e+00 -1.272191882133484109e+00 0.000000000000000000e+00 0.000000000000000000e+00 0.000000000000000000e+00 1.000000000000000000e+00
1.716278379940129757e+09 -6.988836765289306641e+00 7.004870414733886719e+00 -1.269706845283508301e+00 0.000000000000000000e+00 0.000000000000000000e+00 0.000000000000000000e+00 1.000000000000000000e+00
1.716278379989506006e+09 -6.988637924194335938e+00 7.001332283020020419e+00 -1.268021345138549805e+00 0.000000000000000000e+00 0.000000000000000000e+00 0.000000000000000000e+00 1.000000000000000000e+00
1.716278380089879990e+09 -6.986357688903808594e+00 6.995963573455810547e+00 -1.265079140663146973e+00 0.000000000000000000e+00 0.000000000000000000e+00 0.000000000000000000e+00 1.000000000000000000e+00
1.716278380190170288e+09 -6.985432147979736328e+00 6.988976001739501953e+00 -1.259070634841918945e+00 0.000000000000000000e+00 0.000000000000000000e+00 0.000000000000000000e+00 1.000000000000000000e+00
1.716278380240327835e+09 -6.985546588897705078e+00 6.983439445495605469e+00 -1.250431537628173828e+00 0.000000000000000000e+00 0.000000000000000000e+00 0.000000000000000000e+00 1.000000000000000000e+00
1.716278380340634584e+09 -6.985297203063964844e+00 6.979755878448486328e+00 -1.245473980903625710e+00 0.000000000000000000e+00 0.000000000000000000e+00 0.000000000000000000e+00 1.000000000000000000e+00
1.716278380441042185e+09 -6.988604545593261719e+00 6.974651336669921875e+00 -1.235011935234069824e+00 0.000000000000000000e+00 0.000000000000000000e+00 0.000000000000000000e+00 1.000000000000000000e+00
1.716278380491165638e+09 -6.989671707153320312e+00 6.970116138458251953e+00 -1.228820085525512695e+00 0.000000000000000000e+00 0.000000000000000000e+00 0.000000000000000000e+00 1.000000000000000000e+00
1.716278380541346788e+09 -6.992778778076171875e+00 6.966374874114990234e+00 -1.222863078117370605e+00 0.000000000000000000e+00 0.000000000000000000e+00 0.000000000000000000e+00 1.000000000000000000e+00
1.716278380591392517e+09 -7.000325202941895419e+00 6.957721233367919922e+00 -1.210447192192077637e+00 0.000000000000000000e+00 0.000000000000000000e+00 0.000000000000000000e+00 1.000000000000000000e+00
1.716278380691730499e+09 -7.008907318115234375e+00 6.948011398315429688e+00 -1.197961211204528809e+00 0.000000000000000000e+00 0.000000000000000000e+00 0.000000000000000000e+00 1.000000000000000000e+00
1.716278380792001724e+09 -7.018045902252197266e+00 6.936146259307861328e+00 -1.185668349266052246e+00 0.000000000000000000e+00 0.000000000000000000e+00 0.000000000000000000e+00 1.000000000000000000e+00
1.716278380892516851e+09 -7.029986381530761719e+00 6.923883914947509766e+00 -1.174560666084289551e+00 0.000000000000000000e+00 0.000000000000000000e+00 0.000000000000000000e+00 1.000000000000000000e+00
1.716278380992701530e+09 -7.041216373443604404e+00 6.909148693084716797e+00 -1.163926839828491211e+00 0.000000000000000000e+00 0.000000000000000000e+00 0.000000000000000000e+00 1.000000000000000000e+00
1.716278381143296003e+09 -7.054897785186767578e+00 6.894507408142089844e+00 -1.154069781303405762e+00 0.000000000000000000e+00 0.000000000000000000e+00 0.000000000000000000e+00 1.000000000000000000e+00
1.716278381194211006e+09 -7.060838699340820312e+00 6.887151241302490234e+00 -1.149640083312988503e+00 0.000000000000000000e+00 0.000000000000000000e+00 0.000000000000000000e+00 1.000000000000000000e+00
1.716278381244611502e+09 -7.068072319030761719e+00 6.879811763763427734e+00 -1.145534515380859375e+00 0.000000000000000000e+00 0.000000000000000000e+00 0.000000000000000000e+00 1.000000000000000000e+00
1.716278381294500113e+09 -7.083308696746826172e+00 6.863576412200927734e+00 -1.139182209968566895e+00 0.000000000000000000e+00 0.000000000000000000e+00 0.000000000000000000e+00 1.000000000000000000e+00
1.716278381344085455e+09 -7.091609954833984375e+00 6.855756759643554688e+00 -1.137198567390441895e+00 0.000000000000000000e+00 0.000000000000000000e+00 0.000000000000000000e+00 1.000000000000000000e+00
1.716278381445100307e+09 -7.106574058532714844e+00 6.839672565460205078e+00 -1.134791612625122070e+00 0.000000000000000000e+00 0.000000000000000000e+00 0.000000000000000000e+00 1.000000000000000000e+00
1.716278381494722843e+09 -7.114163875579833984e+00 6.831941604614257812e+00 -1.134363770484924316e+00 0.000000000000000000e+00 0.000000000000000000e+00 0.000000000000000000e+00 1.000000000000000000e+00
1.716278381544672489e+09 -7.121625423431396484e+00 6.824146747589111328e+00 -1.134407281875610352e+00 0.000000000000000000e+00 0.000000000000000000e+00 0.000000000000000000e+00 1.000000000000000000e+00
1.716278381594797611e+09 -7.130631923675537109e+00 6.817474842071533203e+00 -1.135071277618408203e+00 0.000000000000000000e+00 0.000000000000000000e+00 0.000000000000000000e+00 1.000000000000000000e+00
1.716278381696001053e+09 -7.139065265655517578e+00 6.809854984283447266e+00 -1.135819315910339355e+00 0.000000000000000000e+00 0.000000000000000000e+00 0.000000000000000000e+00 1.000000000000000000e+00
1.716278381746342659e+09 -7.157339096069335938e+00 6.794188499450683594e+00 -1.138328075408935547e+00 0.000000000000000000e+00 0.000000000000000000e+00 0.000000000000000000e+00 1.000000000000000000e+00
1.716278381846075535e+09 -7.179184913635253906e+00 6.781069278717041016e+00 -1.143732547760009766e+00 0.000000000000000000e+00 0.000000000000000000e+00 0.000000000000000000e+00 1.000000000000000000e+00
1.716278381896435976e+09 -7.189322948455810547e+00 6.773691654205322266e+00 -1.146713256835937500e+00 0.000000000000000000e+00 0.000000000000000000e+00 0.000000000000000000e+00 1.000000000000000000e+00
1.716278381946296692e+09 -7.198863506317138672e+00 6.765507698059082031e+00 -1.149456501007080078e+00 0.000000000000000000e+00 0.000000000000000000e+00 0.000000000000000000e+00 1.000000000000000000e+00
1.716278382046579599e+09 -7.224489688873291016e+00 6.754667282104492188e+00 -1.157603621482849121e+00 0.000000000000000000e+00 0.000000000000000000e+00 0.000000000000000000e+00 1.000000000000000000e+00
1.716278382096710682e+09 -7.236322879791259766e+00 6.748269557952880859e+00 -1.160949110984802246e+00 0.000000000000000000e+00 0.000000000000000000e+00 0.000000000000000000e+00 1.000000000000000000e+00
1.716278382197095156e+09 -7.253496170043945312e+00 6.746103763580322266e+00 -1.165926575660705566e+00 0.000000000000000000e+00 0.000000000000000000e+00 0.000000000000000000e+00 1.000000000000000000e+00
1.716278382247171640e+09 -7.266422271728515625e+00 6.740061759948730469e+00 -1.169112324714660645e+00 0.000000000000000000e+00 0.000000000000000000e+00 0.000000000000000000e+00 1.000000000000000000e+00
1.716278382297366858e+09 -7.295032978057861328e+00 6.728140830993652344e+00 -1.175029754638672097e+00 0.000000000000000000e+00 0.000000000000000000e+00 0.000000000000000000e+00 1.000000000000000000e+00
1.716278382347480774e+09 -7.309574604034423828e+00 6.721733093261718750e+00 -1.178357601165771706e+00 0.000000000000000000e+00 0.000000000000000000e+00 0.000000000000000000e+00 1.000000000000000000e+00
1.716278382447768211e+09 -7.346665382385253906e+00 6.717020988464356357e+00 -1.188673496246337891e+00 0.000000000000000000e+00 0.000000000000000000e+00 0.000000000000000000e+00 1.000000000000000000e+00
1.716278382498081207e+09 -7.362161636352539062e+00 6.712100505828857422e+00 -1.193115949630737305e+00 0.000000000000000000e+00 0.000000000000000000e+00 0.000000000000000000e+00 1.000000000000000000e+00
1.716278382548194647e+09 -7.378071308135986328e+00 6.708079338073730469e+00 -1.197946906089782715e+00 0.000000000000000000e+00 0.000000000000000000e+00 0.000000000000000000e+00 1.000000000000000000e+00
1.716278382598494053e+09 -7.393785476684570312e+00 6.704209327697753906e+00 -1.202868461608886719e+00 0.000000000000000000e+00 0.000000000000000000e+00 0.000000000000000000e+00 1.000000000000000000e+00
1.716278382698885918e+09 -7.432531833648681641e+00 6.704875946044921875e+00 -1.217561841011047363e+00 0.000000000000000000e+00 0.000000000000000000e+00 0.000000000000000000e+00 1.000000000000000000e+00
1.716278382748917103e+09 -7.448447227478027344e+00 6.702978610992431641e+00 -1.224513769149780495e+00 0.000000000000000000e+00 0.000000000000000000e+00 0.000000000000000000e+00 1.000000000000000000e+00
1.716278382799468517e+09 -7.464913368225097656e+00 6.701765537261962891e+00 -1.232031583786010742e+00 0.000000000000000000e+00 0.000000000000000000e+00 0.000000000000000000e+00 1.000000000000000000e+00
1.716278382899389029e+09 -7.505672454833984375e+00 6.709260463714599609e+00 -1.250661015510559082e+00 0.000000000000000000e+00 0.000000000000000000e+00 0.000000000000000000e+00 1.000000000000000000e+00
1.716278382949700832e+09 -7.520969867706298828e+00 6.710633277893066406e+00 -1.258700370788574219e+00 0.000000000000000000e+00 0.000000000000000000e+00 0.000000000000000000e+00 1.000000000000000000e+00
1.716278382999922752e+09 -7.535818099975585938e+00 6.712519645690917969e+00 -1.266680479049682617e+00 0.000000000000000000e+00 0.000000000000000000e+00 0.000000000000000000e+00 1.000000000000000000e+00
1.716278383100268364e+09 -7.576767444610595703e+00 6.727021217346191406e+00 -1.286376118659973145e+00 0.000000000000000000e+00 0.000000000000000000e+00 0.000000000000000000e+00 1.000000000000000000e+00
1.716278383150370836e+09 -7.592371940612792969e+00 6.729582786560058594e+00 -1.294341802597045898e+00 0.000000000000000000e+00 0.000000000000000000e+00 0.000000000000000000e+00 1.000000000000000000e+00
1.716278383200958014e+09 -7.608621597290039062e+00 6.732827186584472656e+00 -1.302646517753601074e+00 0.000000000000000000e+00 0.000000000000000000e+00 0.000000000000000000e+00 1.000000000000000000e+00
1.716278383301023006e+09 -7.635997772216796875e+00 6.746614933013916016e+00 -1.315555691719055176e+00 0.000000000000000000e+00 0.000000000000000000e+00 0.000000000000000000e+00 1.000000000000000000e+00
1.716278383351048470e+09 -7.666978836059570312e+00 6.754557132720947266e+00 -1.332657694816589355e+00 0.000000000000000000e+00 0.000000000000000000e+00 0.000000000000000000e+00 1.000000000000000000e+00
1.716278383401275396e+09 -7.694126129150390625e+00 6.768643379211425781e+00 -1.345390915870666504e+00 0.000000000000000000e+00 0.000000000000000000e+00 0.000000000000000000e+00 1.000000000000000000e+00
1.716278383451857328e+09 -7.711168289184570312e+00 6.773800849914550781e+00 -1.354334115982055664e+00 0.000000000000000000e+00 0.000000000000000000e+00 0.000000000000000000e+00 1.000000000000000000e+00
1.716278383501700401e+09 -7.726945877075195312e+00 6.777597904205322266e+00 -1.362432241439819114e+00 0.000000000000000000e+00 0.000000000000000000e+00 0.000000000000000000e+00 1.000000000000000000e+00
1.716278383551899433e+09 -7.744487762451171875e+00 6.782435417175292969e+00 -1.370728492736816406e+00 0.000000000000000000e+00 0.000000000000000000e+00 0.000000000000000000e+00 1.000000000000000000e+00
1.716278383652436256e+09 -7.792253017425537109e+00 6.802578926086425781e+00 -1.391582489013672097e+00 0.000000000000000000e+00 0.000000000000000000e+00 0.000000000000000000e+00 1.000000000000000000e+00
1.716278383702629328e+09 -7.810559749603270596e+00 6.806749343872070312e+00 -1.399302124977111816e+00 0.000000000000000000e+00 0.000000000000000000e+00 0.000000000000000000e+00 1.000000000000000000e+00
1.716278383752450228e+09 -7.829349517822265625e+00 6.811940193176269531e+00 -1.407003760337829590e+00 0.000000000000000000e+00 0.000000000000000000e+00 0.000000000000000000e+00 1.000000000000000000e+00
1.716278383802584171e+09 -7.849157333374023438e+00 6.815988063812255859e+00 -1.414609909057617188e+00 0.000000000000000000e+00 0.000000000000000000e+00 0.000000000000000000e+00 1.000000000000000000e+00
1.716278383852778673e+09 -7.867633819580078125e+00 6.818754196166992188e+00 -1.421351313591003418e+00 0.000000000000000000e+00 0.000000000000000000e+00 0.000000000000000000e+00 1.000000000000000000e+00
1.716278383953162432e+09 -7.918085098266601562e+00 6.835803031921386719e+00 -1.438110947608947754e+00 0.000000000000000000e+00 0.000000000000000000e+00 0.000000000000000000e+00 1.000000000000000000e+00
1.716278384003268957e+09 -7.936788082122802734e+00 6.839110851287841797e+00 -1.442864060401916504e+00 0.000000000000000000e+00 0.000000000000000000e+00 0.000000000000000000e+00 1.000000000000000000e+00
1.716278384053938389e+09 -7.955587863922119141e+00 6.842712402343750000e+00 -1.446634888648986816e+00 0.000000000000000000e+00 0.000000000000000000e+00 0.000000000000000000e+00 1.000000000000000000e+00
1.716278384154880047e+09 -8.004330635070800781e+00 6.860254287719726562e+00 -1.455456733703613281e+00 0.000000000000000000e+00 0.000000000000000000e+00 0.000000000000000000e+00 1.000000000000000000e+00
1.716278384354794741e+09 -8.088198661804199219e+00 6.884254932403564453e+00 -1.457436084747314453e+00 0.000000000000000000e+00 0.000000000000000000e+00 0.000000000000000000e+00 1.000000000000000000e+00
1.716278384405071020e+09 -8.106233596801757812e+00 6.888263225555419922e+00 -1.454636454582214355e+00 0.000000000000000000e+00 0.000000000000000000e+00 0.000000000000000000e+00 1.000000000000000000e+00
1.716278384455081940e+09 -8.123896598815917969e+00 6.892760276794433594e+00 -1.451674580574035645e+00 0.000000000000000000e+00 0.000000000000000000e+00 0.000000000000000000e+00 1.000000000000000000e+00
1.716278384556038141e+09 -8.153226852416992188e+00 6.907545089721679688e+00 -1.452461361885070801e+00 0.000000000000000000e+00 0.000000000000000000e+00 0.000000000000000000e+00 1.000000000000000000e+00
1.716278384606274605e+09 -8.169372558593750000e+00 6.912391185760498047e+00 -1.449041724205017090e+00 0.000000000000000000e+00 0.000000000000000000e+00 0.000000000000000000e+00 1.000000000000000000e+00
1.716278384656468630e+09 -8.187478065490722656e+00 6.918507099151611328e+00 -1.444693207740783691e+00 0.000000000000000000e+00 0.000000000000000000e+00 0.000000000000000000e+00 1.000000000000000000e+00
1.716278384706524849e+09 -8.214692115783691406e+00 6.933562278747558594e+00 -1.443045496940612793e+00 0.000000000000000000e+00 0.000000000000000000e+00 0.000000000000000000e+00 1.000000000000000000e+00
1.716278384756753206e+09 -8.231643676757812500e+00 6.940331459045410156e+00 -1.436490654945373535e+00 0.000000000000000000e+00 0.000000000000000000e+00 0.000000000000000000e+00 1.000000000000000000e+00
1.716278384806891441e+09 -8.247122764587402344e+00 6.947078704833984375e+00 -1.430269956588745117e+00 0.000000000000000000e+00 0.000000000000000000e+00 0.000000000000000000e+00 1.000000000000000000e+00
1.716278384857040405e+09 -8.264517784118652344e+00 6.955097198486328125e+00 -1.423214077949523926e+00 0.000000000000000000e+00 0.000000000000000000e+00 0.000000000000000000e+00 1.000000000000000000e+00
1.716278384907250404e+09 -8.293087005615234375e+00 6.972535133361816406e+00 -1.419513702392577903e+00 0.000000000000000000e+00 0.000000000000000000e+00 0.000000000000000000e+00 1.000000000000000000e+00
1.716278384957355738e+09 -8.310723304748535156e+00 6.980633735656738281e+00 -1.411454677581787109e+00 0.000000000000000000e+00 0.000000000000000000e+00 0.000000000000000000e+00 1.000000000000000000e+00
1.716278385007478952e+09 -8.328361511230468750e+00 6.988764286041259766e+00 -1.403248906135559082e+00 0.000000000000000000e+00 0.000000000000000000e+00 0.000000000000000000e+00 1.000000000000000000e+00
1.716278385057605028e+09 -8.346376419067382812e+00 6.996694564819335938e+00 -1.394370436668395996e+00 0.000000000000000000e+00 0.000000000000000000e+00 0.000000000000000000e+00 1.000000000000000000e+00
1.716278385107871294e+09 -8.384798049926757812e+00 7.014847278594970703e+00 -1.375615000724792480e+00 0.000000000000000000e+00 0.000000000000000000e+00 0.000000000000000000e+00 1.000000000000000000e+00
1.716278385158026218e+09 -8.417971611022949219e+00 7.035463333129882812e+00 -1.369961261749267578e+00 0.000000000000000000e+00 0.000000000000000000e+00 0.000000000000000000e+00 1.000000000000000000e+00
1.716278385208215475e+09 -8.438025474548339844e+00 7.044633865356445312e+00 -1.359633684158325195e+00 0.000000000000000000e+00 0.000000000000000000e+00 0.000000000000000000e+00 1.000000000000000000e+00
1.716278385258367777e+09 -8.458996772766113281e+00 7.054244518280029297e+00 -1.349388480186462402e+00 0.000000000000000000e+00 0.000000000000000000e+00 0.000000000000000000e+00 1.000000000000000000e+00
1.716278385308703184e+09 -8.479388236999511719e+00 7.063140392303466797e+00 -1.338541746139526367e+00 0.000000000000000000e+00 0.000000000000000000e+00 0.000000000000000000e+00 1.000000000000000000e+00
1.716278385408970356e+09 -8.538383483886718750e+00 7.095937728881835938e+00 -1.321112990379333496e+00 0.000000000000000000e+00 0.000000000000000000e+00 0.000000000000000000e+00 1.000000000000000000e+00
1.716278385459109306e+09 -8.561076164245605469e+00 7.106781959533691406e+00 -1.310253143310546875e+00 0.000000000000000000e+00 0.000000000000000000e+00 0.000000000000000000e+00 1.000000000000000000e+00
1.716278385509237289e+09 -8.583118438720703125e+00 7.116880416870117188e+00 -1.299069762229919434e+00 0.000000000000000000e+00 0.000000000000000000e+00 0.000000000000000000e+00 1.000000000000000000e+00
1.716278385610071182e+09 -8.643084526062011719e+00 7.150816917419433594e+00 -1.283108592033386230e+00 0.000000000000000000e+00 0.000000000000000000e+00 0.000000000000000000e+00 1.000000000000000000e+00
1.716278385659482718e+09 -8.664299011230468750e+00 7.161326408386231357e+00 -1.273126363754272461e+00 0.000000000000000000e+00 0.000000000000000000e+00 0.000000000000000000e+00 1.000000000000000000e+00
1.716278385709659576e+09 -8.688040733337402344e+00 7.173808097839356357e+00 -1.262571811676025391e+00 0.000000000000000000e+00 0.000000000000000000e+00 0.000000000000000000e+00 1.000000000000000000e+00
1.716278385859945774e+09 -8.771477699279785156e+00 7.222887039184570312e+00 -1.237283110618591309e+00 0.000000000000000000e+00 0.000000000000000000e+00 0.000000000000000000e+00 1.000000000000000000e+00
1.716278385910089731e+09 -8.793635368347167969e+00 7.235161781311035156e+00 -1.227673530578613281e+00 0.000000000000000000e+00 0.000000000000000000e+00 0.000000000000000000e+00 1.000000000000000000e+00
1.716278385960289001e+09 -8.813906669616699219e+00 7.246505260467529297e+00 -1.217943191528320312e+00 0.000000000000000000e+00 0.000000000000000000e+00 0.000000000000000000e+00 1.000000000000000000e+00
1.716278386060959339e+09 -8.870645523071289062e+00 7.285737037658691406e+00 -1.205192923545837402e+00 0.000000000000000000e+00 0.000000000000000000e+00 0.000000000000000000e+00 1.000000000000000000e+00
1.716278386110803604e+09 -8.891454696655273438e+00 7.300327777862548828e+00 -1.197805523872375710e+00 0.000000000000000000e+00 0.000000000000000000e+00 0.000000000000000000e+00 1.000000000000000000e+00
1.716278386161039829e+09 -8.910824775695800781e+00 7.315003395080566406e+00 -1.190493583679199219e+00 0.000000000000000000e+00 0.000000000000000000e+00 0.000000000000000000e+00 1.000000000000000000e+00
1.716278386261749506e+09 -8.945643424987792969e+00 7.342881202697753906e+00 -1.188473105430603027e+00 0.000000000000000000e+00 0.000000000000000000e+00 0.000000000000000000e+00 1.000000000000000000e+00
1.716278386311441183e+09 -8.962867736816406250e+00 7.356635093688964844e+00 -1.181875228881835938e+00 0.000000000000000000e+00 0.000000000000000000e+00 0.000000000000000000e+00 1.000000000000000000e+00
1.716278386362158298e+09 -8.992913246154785156e+00 7.382174491882324219e+00 -1.170955419540405273e+00 0.000000000000000000e+00 0.000000000000000000e+00 0.000000000000000000e+00 1.000000000000000000e+00
1.716278386411868095e+09 -9.007200241088867188e+00 7.395560264587402344e+00 -1.166221141815185547e+00 0.000000000000000000e+00 0.000000000000000000e+00 0.000000000000000000e+00 1.000000000000000000e+00
1.716278386512256622e+09 -9.034680366516111505e+00 7.420292854309082031e+00 -1.166135072708130105e+00 0.000000000000000000e+00 0.000000000000000000e+00 0.000000000000000000e+00 1.000000000000000000e+00
1.716278386563048601e+09 -9.047643661499023438e+00 7.434836864471435547e+00 -1.162617683410644309e+00 0.000000000000000000e+00 0.000000000000000000e+00 0.000000000000000000e+00 1.000000000000000000e+00
1.716278386613387346e+09 -9.072109222412109375e+00 7.464350700378417969e+00 -1.159326672554015891e+00 0.000000000000000000e+00 0.000000000000000000e+00 0.000000000000000000e+00 1.000000000000000000e+00
1.716278386663398504e+09 -9.082264900207519531e+00 7.478366374969482422e+00 -1.157764792442321777e+00 0.000000000000000000e+00 0.000000000000000000e+00 0.000000000000000000e+00 1.000000000000000000e+00
1.716278386763252974e+09 -9.112714767456056464e+00 7.516828536987304688e+00 -1.158671259880065918e+00 0.000000000000000000e+00 0.000000000000000000e+00 0.000000000000000000e+00 1.000000000000000000e+00
1.716278386813849688e+09 -9.120972633361816406e+00 7.531344413757324219e+00 -1.157599806785583496e+00 0.000000000000000000e+00 0.000000000000000000e+00 0.000000000000000000e+00 1.000000000000000000e+00
1.716278386863636971e+09 -9.128165245056152344e+00 7.545641899108886719e+00 -1.156215548515319824e+00 0.000000000000000000e+00 0.000000000000000000e+00 0.000000000000000000e+00 1.000000000000000000e+00
1.716278386963635445e+09 -9.153596878051757812e+00 7.585038185119628906e+00 -1.157849192619323508e+00 0.000000000000000000e+00 0.000000000000000000e+00 0.000000000000000000e+00 1.000000000000000000e+00
1.716278387014016628e+09 -9.159884452819824219e+00 7.600250244140625000e+00 -1.156902194023132324e+00 0.000000000000000000e+00 0.000000000000000000e+00 0.000000000000000000e+00 1.000000000000000000e+00
1.716278387063872337e+09 -9.165724754333496094e+00 7.615880489349365234e+00 -1.156271815299987793e+00 0.000000000000000000e+00 0.000000000000000000e+00 0.000000000000000000e+00 1.000000000000000000e+00
1.716278387164287567e+09 -9.186713218688964844e+00 7.657400131225585938e+00 -1.157723903656006081e+00 0.000000000000000000e+00 0.000000000000000000e+00 0.000000000000000000e+00 1.000000000000000000e+00
1.716278387215356112e+09 -9.191267013549804688e+00 7.674558639526367188e+00 -1.157031536102294922e+00 0.000000000000000000e+00 0.000000000000000000e+00 0.000000000000000000e+00 1.000000000000000000e+00
1.716278387264680147e+09 -9.195902824401855469e+00 7.691539287567138672e+00 -1.156527280807495117e+00 0.000000000000000000e+00 0.000000000000000000e+00 0.000000000000000000e+00 1.000000000000000000e+00
1.716278387364987612e+09 -9.217820167541503906e+00 7.736102104187011719e+00 -1.159501194953918457e+00 0.000000000000000000e+00 0.000000000000000000e+00 0.000000000000000000e+00 1.000000000000000000e+00
1.716278387415424824e+09 -9.223786354064939630e+00 7.752740383148193359e+00 -1.159898400306701660e+00 0.000000000000000000e+00 0.000000000000000000e+00 0.000000000000000000e+00 1.000000000000000000e+00
1.716278387465488195e+09 -9.230129241943359375e+00 7.770444393157958984e+00 -1.160485744476318359e+00 0.000000000000000000e+00 0.000000000000000000e+00 0.000000000000000000e+00 1.000000000000000000e+00
1.716278387565908670e+09 -9.255772590637208808e+00 7.817604064941406250e+00 -1.165866494178771973e+00 0.000000000000000000e+00 0.000000000000000000e+00 0.000000000000000000e+00 1.000000000000000000e+00
1.716278387616888762e+09 -9.261938095092771661e+00 7.835302352905273438e+00 -1.166976928710937500e+00 0.000000000000000000e+00 0.000000000000000000e+00 0.000000000000000000e+00 1.000000000000000000e+00
1.716278387667495251e+09 -9.269249916076660156e+00 7.854566097259521484e+00 -1.168789982795715110e+00 0.000000000000000000e+00 0.000000000000000000e+00 0.000000000000000000e+00 1.000000000000000000e+00
1.716278387768965721e+09 -9.290136337280271661e+00 7.884927749633789062e+00 -1.174652218818664551e+00 0.000000000000000000e+00 0.000000000000000000e+00 0.000000000000000000e+00 1.000000000000000000e+00
1.716278387818691730e+09 -9.304764747619627130e+00 7.922764778137207031e+00 -1.180124402046203613e+00 0.000000000000000000e+00 0.000000000000000000e+00 0.000000000000000000e+00 1.000000000000000000e+00
1.716278387867717743e+09 -9.313346862792968750e+00 7.941692352294921875e+00 -1.183048129081726074e+00 0.000000000000000000e+00 0.000000000000000000e+00 0.000000000000000000e+00 1.000000000000000000e+00
1.716278387918640614e+09 -9.337336540222167969e+00 7.972577571868895596e+00 -1.190475344657897949e+00 0.000000000000000000e+00 0.000000000000000000e+00 0.000000000000000000e+00 1.000000000000000000e+00
1.716278387968917131e+09 -9.349106788635253906e+00 7.992099761962890625e+00 -1.194544076919555664e+00 0.000000000000000000e+00 0.000000000000000000e+00 0.000000000000000000e+00 1.000000000000000000e+00
1.716278388018698692e+09 -9.361308097839355469e+00 8.011148452758789062e+00 -1.198498368263244629e+00 0.000000000000000000e+00 0.000000000000000000e+00 0.000000000000000000e+00 1.000000000000000000e+00
1.716278388070657969e+09 -9.373827934265136719e+00 8.029842376708984375e+00 -1.202387332916259766e+00 0.000000000000000000e+00 0.000000000000000000e+00 0.000000000000000000e+00 1.000000000000000000e+00
1.716278388118429184e+09 -9.404521942138671875e+00 8.063395500183105469e+00 -1.211285829544067383e+00 0.000000000000000000e+00 0.000000000000000000e+00 0.000000000000000000e+00 1.000000000000000000e+00
1.716278388168712139e+09 -9.418401718139648438e+00 8.081915855407714844e+00 -1.215629339218139648e+00 0.000000000000000000e+00 0.000000000000000000e+00 0.000000000000000000e+00 1.000000000000000000e+00
1.716278388219132185e+09 -9.433313369750976562e+00 8.100773811340332031e+00 -1.220056772232055664e+00 0.000000000000000000e+00 0.000000000000000000e+00 0.000000000000000000e+00 1.000000000000000000e+00
1.716278388269047022e+09 -9.449245452880859375e+00 8.119865417480468750e+00 -1.224923729896545410e+00 0.000000000000000000e+00 0.000000000000000000e+00 0.000000000000000000e+00 1.000000000000000000e+00
1.716278388318978071e+09 -9.482379913330078125e+00 8.153356552124023438e+00 -1.234872221946716309e+00 0.000000000000000000e+00 0.000000000000000000e+00 0.000000000000000000e+00 1.000000000000000000e+00
1.716278388370205641e+09 -9.498477935791015625e+00 8.172149658203125000e+00 -1.240043401718139648e+00 0.000000000000000000e+00 0.000000000000000000e+00 0.000000000000000000e+00 1.000000000000000000e+00
1.716278388420689821e+09 -9.516073226928712714e+00 8.192178726196289062e+00 -1.245697021484375000e+00 0.000000000000000000e+00 0.000000000000000000e+00 0.000000000000000000e+00 1.000000000000000000e+00
1.716278388471091032e+09 -9.532863616943359375e+00 8.211686134338378906e+00 -1.251008510589599609e+00 0.000000000000000000e+00 0.000000000000000000e+00 0.000000000000000000e+00 1.000000000000000000e+00
1.716278388522171974e+09 -9.551051139831544745e+00 8.232543945312500000e+00 -1.256808519363403098e+00 0.000000000000000000e+00 0.000000000000000000e+00 0.000000000000000000e+00 1.000000000000000000e+00
1.716278388620273113e+09 -9.589190483093261719e+00 8.270704269409179688e+00 -1.268218994140625000e+00 0.000000000000000000e+00 0.000000000000000000e+00 0.000000000000000000e+00 1.000000000000000000e+00
1.716278388670026302e+09 -9.607115745544433594e+00 8.292084693908691406e+00 -1.273349285125732422e+00 0.000000000000000000e+00 0.000000000000000000e+00 0.000000000000000000e+00 1.000000000000000000e+00
1.716278388720610380e+09 -9.642011642456056464e+00 8.337397575378417969e+00 -1.283933043479919434e+00 0.000000000000000000e+00 0.000000000000000000e+00 0.000000000000000000e+00 1.000000000000000000e+00
1.716278388770208597e+09 -9.658470153808593750e+00 8.359051704406738281e+00 -1.288607358932495117e+00 0.000000000000000000e+00 0.000000000000000000e+00 0.000000000000000000e+00 1.000000000000000000e+00
1.716278388870528221e+09 -9.695780754089355469e+00 8.400085449218750000e+00 -1.298908352851867676e+00 0.000000000000000000e+00 0.000000000000000000e+00 0.000000000000000000e+00 1.000000000000000000e+00
1.716278388920994520e+09 -9.711643218994140625e+00 8.422650337219238281e+00 -1.302881836891174316e+00 0.000000000000000000e+00 0.000000000000000000e+00 0.000000000000000000e+00 1.000000000000000000e+00
1.716278388970849276e+09 -9.742932319641111505e+00 8.471772193908691406e+00 -1.309641718864440918e+00 0.000000000000000000e+00 0.000000000000000000e+00 0.000000000000000000e+00 1.000000000000000000e+00
1.716278389021535635e+09 -9.759270668029783380e+00 8.498767852783203125e+00 -1.312630653381347656e+00 0.000000000000000000e+00 0.000000000000000000e+00 0.000000000000000000e+00 1.000000000000000000e+00
1.716278389124901533e+09 -9.791402816772459161e+00 8.540362358093261719e+00 -1.320249319076538086e+00 0.000000000000000000e+00 0.000000000000000000e+00 0.000000000000000000e+00 1.000000000000000000e+00
1.716278389172169924e+09 -9.818388938903808594e+00 8.591966629028320312e+00 -1.324719667434692383e+00 0.000000000000000000e+00 0.000000000000000000e+00 0.000000000000000000e+00 1.000000000000000000e+00
1.716278389227253914e+09 -9.831814765930175781e+00 8.617906570434570312e+00 -1.326702237129211426e+00 0.000000000000000000e+00 0.000000000000000000e+00 0.000000000000000000e+00 1.000000000000000000e+00
1.716278389323069096e+09 -9.875047683715820312e+00 8.688146591186523438e+00 -1.335853338241577148e+00 0.000000000000000000e+00 0.000000000000000000e+00 0.000000000000000000e+00 1.000000000000000000e+00
1.716278389372556448e+09 -9.886657714843750000e+00 8.714533805847167969e+00 -1.337891101837158203e+00 0.000000000000000000e+00 0.000000000000000000e+00 0.000000000000000000e+00 1.000000000000000000e+00
1.716278389423492908e+09 -9.897606849670410156e+00 8.740183830261230469e+00 -1.339687705039978027e+00 0.000000000000000000e+00 0.000000000000000000e+00 0.000000000000000000e+00 1.000000000000000000e+00
1.716278389523215771e+09 -9.932431221008300781e+00 8.804571151733398438e+00 -1.348152756690979004e+00 0.000000000000000000e+00 0.000000000000000000e+00 0.000000000000000000e+00 1.000000000000000000e+00
1.716278389573407888e+09 -9.940694808959959161e+00 8.826797485351562500e+00 -1.350682854652404785e+00 0.000000000000000000e+00 0.000000000000000000e+00 0.000000000000000000e+00 1.000000000000000000e+00
1.716278389623861313e+09 -9.957404136657716620e+00 8.872159004211425781e+00 -1.356935858726501687e+00 0.000000000000000000e+00 0.000000000000000000e+00 0.000000000000000000e+00 1.000000000000000000e+00
1.716278389724115372e+09 -9.979518890380859375e+00 8.906168937683105469e+00 -1.365183353424072488e+00 0.000000000000000000e+00 0.000000000000000000e+00 0.000000000000000000e+00 1.000000000000000000e+00
1.716278389774066925e+09 -9.987822532653808594e+00 8.924752235412597656e+00 -1.369197010993957520e+00 0.000000000000000000e+00 0.000000000000000000e+00 0.000000000000000000e+00 1.000000000000000000e+00
1.716278389824268818e+09 -9.995403289794921875e+00 8.942641258239746094e+00 -1.373088240623473899e+00 0.000000000000000000e+00 0.000000000000000000e+00 0.000000000000000000e+00 1.000000000000000000e+00
1.716278389874545813e+09 -1.000302600860595525e+01 8.958867073059082031e+00 -1.377218008041381836e+00 0.000000000000000000e+00 0.000000000000000000e+00 0.000000000000000000e+00 1.000000000000000000e+00
1.716278389924874544e+09 -1.002063560485839844e+01 8.982954978942871094e+00 -1.384181261062622070e+00 0.000000000000000000e+00 0.000000000000000000e+00 0.000000000000000000e+00 1.000000000000000000e+00
1.716278389974779844e+09 -1.002684402465820312e+01 8.996197700500488281e+00 -1.388175845146179199e+00 0.000000000000000000e+00 0.000000000000000000e+00 0.000000000000000000e+00 1.000000000000000000e+00
1.716278390024976730e+09 -1.003313541412353516e+01 9.007796287536619317e+00 -1.392226219177246094e+00 0.000000000000000000e+00 0.000000000000000000e+00 0.000000000000000000e+00 1.000000000000000000e+00
1.716278390075203419e+09 -1.003927135467529119e+01 9.018350601196287286e+00 -1.395285248756408691e+00 0.000000000000000000e+00 0.000000000000000000e+00 0.000000000000000000e+00 1.000000000000000000e+00
1.716278390126897335e+09 -1.004410362243652344e+01 9.027502059936523438e+00 -1.397697448730468750e+00 0.000000000000000000e+00 0.000000000000000000e+00 0.000000000000000000e+00 1.000000000000000000e+00
1.716278390225671768e+09 -1.005545043945312322e+01 9.041226387023925781e+00 -1.401405692100524902e+00 0.000000000000000000e+00 0.000000000000000000e+00 0.000000000000000000e+00 1.000000000000000000e+00
1.716278390276073933e+09 -1.006297874450683594e+01 9.052317619323730469e+00 -1.402707815170288086e+00 0.000000000000000000e+00 0.000000000000000000e+00 0.000000000000000000e+00 1.000000000000000000e+00
1.716278390326350451e+09 -1.006634235382080078e+01 9.056587219238279474e+00 -1.401563048362731934e+00 0.000000000000000000e+00 0.000000000000000000e+00 0.000000000000000000e+00 1.000000000000000000e+00
1.716278390426693678e+09 -1.007706356048583984e+01 9.067084312438964844e+00 -1.398370623588562012e+00 0.000000000000000000e+00 0.000000000000000000e+00 0.000000000000000000e+00 1.000000000000000000e+00
1.716278390476688623e+09 -1.008183479309082031e+01 9.070566177368164062e+00 -1.394767284393310325e+00 0.000000000000000000e+00 0.000000000000000000e+00 0.000000000000000000e+00 1.000000000000000000e+00
1.716278390527330399e+09 -1.008550739288330078e+01 9.072195053100585938e+00 -1.391212344169616699e+00 0.000000000000000000e+00 0.000000000000000000e+00 0.000000000000000000e+00 1.000000000000000000e+00
1.716278390626985550e+09 -1.009526062011718750e+01 9.076244354248048651e+00 -1.382770061492919922e+00 0.000000000000000000e+00 0.000000000000000000e+00 0.000000000000000000e+00 1.000000000000000000e+00
1.716278390677411556e+09 -1.009932994842529119e+01 9.076572418212890625e+00 -1.377065420150756836e+00 0.000000000000000000e+00 0.000000000000000000e+00 0.000000000000000000e+00 1.000000000000000000e+00
1.716278390728138208e+09 -1.010452938079833984e+01 9.077193260192872870e+00 -1.371274828910827637e+00 0.000000000000000000e+00 0.000000000000000000e+00 0.000000000000000000e+00 1.000000000000000000e+00
1.716278390828239202e+09 -1.011710166931152344e+01 9.080586433410644531e+00 -1.359691143035888894e+00 0.000000000000000000e+00 0.000000000000000000e+00 0.000000000000000000e+00 1.000000000000000000e+00
1.716278390877860546e+09 -1.012230396270751953e+01 9.082968711853027344e+00 -1.353087425231933594e+00 0.000000000000000000e+00 0.000000000000000000e+00 0.000000000000000000e+00 1.000000000000000000e+00
1.716278390928302526e+09 -1.012713527679443359e+01 9.085936546325683594e+00 -1.345914483070373535e+00 0.000000000000000000e+00 0.000000000000000000e+00 0.000000000000000000e+00 1.000000000000000000e+00
1.716278390978200912e+09 -1.013242816925048828e+01 9.089790344238279474e+00 -1.339130520820617676e+00 0.000000000000000000e+00 0.000000000000000000e+00 0.000000000000000000e+00 1.000000000000000000e+00
1.716278391028890133e+09 -1.014073848724365234e+01 9.096357345581056464e+00 -1.332452774047851562e+00 0.000000000000000000e+00 0.000000000000000000e+00 0.000000000000000000e+00 1.000000000000000000e+00
1.716278391078819275e+09 -1.014634323120117188e+01 9.100244522094728339e+00 -1.324386119842529297e+00 0.000000000000000000e+00 0.000000000000000000e+00 0.000000000000000000e+00 1.000000000000000000e+00
1.716278391129407883e+09 -1.015256214141845525e+01 9.105073928833007812e+00 -1.315966248512268066e+00 0.000000000000000000e+00 0.000000000000000000e+00 0.000000000000000000e+00 1.000000000000000000e+00
1.716278391178852558e+09 -1.015962123870849609e+01 9.110527992248535156e+00 -1.307408452033996582e+00 0.000000000000000000e+00 0.000000000000000000e+00 0.000000000000000000e+00 1.000000000000000000e+00
1.716278391279268503e+09 -1.017058277130126953e+01 9.119249343872070312e+00 -1.298885583877563699e+00 0.000000000000000000e+00 0.000000000000000000e+00 0.000000000000000000e+00 1.000000000000000000e+00
1.716278391329400778e+09 -1.018418598175048828e+01 9.131416320800779474e+00 -1.279307961463928223e+00 0.000000000000000000e+00 0.000000000000000000e+00 0.000000000000000000e+00 1.000000000000000000e+00
1.716278391380073786e+09 -1.019123935699462713e+01 9.138367652893066406e+00 -1.270709156990051270e+00 0.000000000000000000e+00 0.000000000000000000e+00 0.000000000000000000e+00 1.000000000000000000e+00
1.716278391479947567e+09 -1.020552158355712713e+01 9.152271270751951349e+00 -1.262945532798767090e+00 0.000000000000000000e+00 0.000000000000000000e+00 0.000000000000000000e+00 1.000000000000000000e+00
1.716278391530085564e+09 -1.021349620819091797e+01 9.161204338073730469e+00 -1.254413604736327903e+00 0.000000000000000000e+00 0.000000000000000000e+00 0.000000000000000000e+00 1.000000000000000000e+00
1.716278391580158472e+09 -1.022056770324707031e+01 9.169712066650390625e+00 -1.245521306991577148e+00 0.000000000000000000e+00 0.000000000000000000e+00 0.000000000000000000e+00 1.000000000000000000e+00
1.716278391630284309e+09 -1.023716449737548828e+01 9.189073562622070312e+00 -1.231072425842285156e+00 0.000000000000000000e+00 0.000000000000000000e+00 0.000000000000000000e+00 1.000000000000000000e+00
1.716278391731553316e+09 -1.025407695770263672e+01 9.206543922424316406e+00 -1.226929426193237305e+00 0.000000000000000000e+00 0.000000000000000000e+00 0.000000000000000000e+00 1.000000000000000000e+00
1.716278391780880451e+09 -1.027193641662597656e+01 9.227811813354492188e+00 -1.216600775718688965e+00 0.000000000000000000e+00 0.000000000000000000e+00 0.000000000000000000e+00 1.000000000000000000e+00
1.716278391830944777e+09 -1.028171539306640625e+01 9.239321708679199219e+00 -1.212998390197753906e+00 0.000000000000000000e+00 0.000000000000000000e+00 0.000000000000000000e+00 1.000000000000000000e+00
1.716278391933403492e+09 -1.030406188964843750e+01 9.261634826660156250e+00 -1.213235855102539062e+00 0.000000000000000000e+00 0.000000000000000000e+00 0.000000000000000000e+00 1.000000000000000000e+00
1.716278391981642008e+09 -1.032765388488769531e+01 9.287949562072753906e+00 -1.210639119148254395e+00 0.000000000000000000e+00 0.000000000000000000e+00 0.000000000000000000e+00 1.000000000000000000e+00
1.716278392031713963e+09 -1.034091091156006037e+01 9.302124023437500000e+00 -1.210728168487548828e+00 0.000000000000000000e+00 0.000000000000000000e+00 0.000000000000000000e+00 1.000000000000000000e+00
1.716278392133076906e+09 -1.036876487731933594e+01 9.327777862548828125e+00 -1.215066075325012207e+00 0.000000000000000000e+00 0.000000000000000000e+00 0.000000000000000000e+00 1.000000000000000000e+00
1.716278392182420254e+09 -1.039970207214355646e+01 9.355926513671876776e+00 -1.219984054565429688e+00 0.000000000000000000e+00 0.000000000000000000e+00 0.000000000000000000e+00 1.000000000000000000e+00
1.716278392233462811e+09 -1.041656589508056641e+01 9.371223449707031250e+00 -1.223389983177185059e+00 0.000000000000000000e+00 0.000000000000000000e+00 0.000000000000000000e+00 1.000000000000000000e+00
1.716278392333390236e+09 -1.048780345916748047e+01 9.436557769775390625e+00 -1.239718914031982422e+00 0.000000000000000000e+00 0.000000000000000000e+00 0.000000000000000000e+00 1.000000000000000000e+00
1.716278392433876276e+09 -1.050675106048583984e+01 9.453862190246582031e+00 -1.243967533111572488e+00 0.000000000000000000e+00 0.000000000000000000e+00 0.000000000000000000e+00 1.000000000000000000e+00
1.716278392483848810e+09 -1.054629135131835938e+01 9.489553451538085938e+00 -1.252931594848632812e+00 0.000000000000000000e+00 0.000000000000000000e+00 0.000000000000000000e+00 1.000000000000000000e+00
1.716278392534062624e+09 -1.058650207519531250e+01 9.526683807373048651e+00 -1.259592175483703613e+00 0.000000000000000000e+00 0.000000000000000000e+00 0.000000000000000000e+00 1.000000000000000000e+00
1.716278392634506464e+09 -1.060935592651367188e+01 9.549071311950683594e+00 -1.262830257415771706e+00 0.000000000000000000e+00 0.000000000000000000e+00 0.000000000000000000e+00 1.000000000000000000e+00
1.716278392684575558e+09 -1.063163661956787287e+01 9.572082519531250000e+00 -1.266106486320495605e+00 0.000000000000000000e+00 0.000000000000000000e+00 0.000000000000000000e+00 1.000000000000000000e+00
1.716278392734594822e+09 -1.065344715118408203e+01 9.595816612243652344e+00 -1.268682360649108887e+00 0.000000000000000000e+00 0.000000000000000000e+00 0.000000000000000000e+00 1.000000000000000000e+00
1.716278392784522533e+09 -1.071751689910888850e+01 9.663365364074708808e+00 -1.278470993041992188e+00 0.000000000000000000e+00 0.000000000000000000e+00 0.000000000000000000e+00 1.000000000000000000e+00
1.716278392834689140e+09 -1.073950576782226562e+01 9.688743591308593750e+00 -1.279890298843383789e+00 0.000000000000000000e+00 0.000000000000000000e+00 0.000000000000000000e+00 1.000000000000000000e+00
1.716278392935266733e+09 -1.076035213470458984e+01 9.714241027832031250e+00 -1.279976129531860352e+00 0.000000000000000000e+00 0.000000000000000000e+00 0.000000000000000000e+00 1.000000000000000000e+00
1.716278392985140800e+09 -1.080532073974609375e+01 9.761604309082031250e+00 -1.285484433174133301e+00 0.000000000000000000e+00 0.000000000000000000e+00 0.000000000000000000e+00 1.000000000000000000e+00
1.716278393035677671e+09 -1.082595920562743963e+01 9.786103248596191406e+00 -1.284502863883972168e+00 0.000000000000000000e+00 0.000000000000000000e+00 0.000000000000000000e+00 1.000000000000000000e+00
1.716278393086080074e+09 -1.086633682250976562e+01 9.836583137512208808e+00 -1.280737400054931641e+00 0.000000000000000000e+00 0.000000000000000000e+00 0.000000000000000000e+00 1.000000000000000000e+00
1.716278393185987473e+09 -1.090786933898925781e+01 9.881896972656250000e+00 -1.285351872444152832e+00 0.000000000000000000e+00 0.000000000000000000e+00 0.000000000000000000e+00 1.000000000000000000e+00
1.716278393236396551e+09 -1.092682647705077947e+01 9.908357620239257812e+00 -1.283885121345520020e+00 0.000000000000000000e+00 0.000000000000000000e+00 0.000000000000000000e+00 1.000000000000000000e+00
1.716278393286841869e+09 -1.096409225463867188e+01 9.961655616760253906e+00 -1.282055020332336426e+00 0.000000000000000000e+00 0.000000000000000000e+00 0.000000000000000000e+00 1.000000000000000000e+00
1.716278393337171555e+09 -1.098146152496338068e+01 9.986611366271972656e+00 -1.281304359436035156e+00 0.000000000000000000e+00 0.000000000000000000e+00 0.000000000000000000e+00 1.000000000000000000e+00
1.716278393436793804e+09 -1.102235507965088068e+01 1.003220748901367188e+01 -1.287286996841430886e+00 0.000000000000000000e+00 0.000000000000000000e+00 0.000000000000000000e+00 1.000000000000000000e+00
1.716278393487050295e+09 -1.105746269226074219e+01 1.008376216888427557e+01 -1.289173364639282227e+00 0.000000000000000000e+00 0.000000000000000000e+00 0.000000000000000000e+00 1.000000000000000000e+00
1.716278393537622690e+09 -1.107419490814208984e+01 1.010887241363525391e+01 -1.290291428565979004e+00 0.000000000000000000e+00 0.000000000000000000e+00 0.000000000000000000e+00 1.000000000000000000e+00
1.716278393688085079e+09 -1.112792778015136719e+01 1.017842292785644354e+01 -1.300514221191406250e+00 0.000000000000000000e+00 0.000000000000000000e+00 0.000000000000000000e+00 1.000000000000000000e+00
1.716278393738588095e+09 -1.116215038299560369e+01 1.022778987884521662e+01 -1.308198571205139160e+00 0.000000000000000000e+00 0.000000000000000000e+00 0.000000000000000000e+00 1.000000000000000000e+00
1.716278393838321209e+09 -1.120167541503906250e+01 1.027223587036132812e+01 -1.318187236785888894e+00 0.000000000000000000e+00 0.000000000000000000e+00 0.000000000000000000e+00 1.000000000000000000e+00
1.716278393939084053e+09 -1.123640632629394354e+01 1.032020950317382812e+01 -1.328865170478820801e+00 0.000000000000000000e+00 0.000000000000000000e+00 0.000000000000000000e+00 1.000000000000000000e+00
1.716278393989115477e+09 -1.127549171447754084e+01 1.036331653594970881e+01 -1.339973926544189675e+00 0.000000000000000000e+00 0.000000000000000000e+00 0.000000000000000000e+00 1.000000000000000000e+00
1.716278394038899422e+09 -1.129255199432373047e+01 1.038658142089843750e+01 -1.346392154693603516e+00 0.000000000000000000e+00 0.000000000000000000e+00 0.000000000000000000e+00 1.000000000000000000e+00
1.716278394139248371e+09 -1.132882308959960938e+01 1.043394279479980469e+01 -1.358596205711364746e+00 0.000000000000000000e+00 0.000000000000000000e+00 0.000000000000000000e+00 1.000000000000000000e+00
1.716278394189347267e+09 -1.134752559661865234e+01 1.045722866058349609e+01 -1.363876938819885254e+00 0.000000000000000000e+00 0.000000000000000000e+00 0.000000000000000000e+00 1.000000000000000000e+00
1.716278394239490509e+09 -1.138529109954833984e+01 1.049913883209228338e+01 -1.373567342758178711e+00 0.000000000000000000e+00 0.000000000000000000e+00 0.000000000000000000e+00 1.000000000000000000e+00
1.716278394289687157e+09 -1.142123985290527166e+01 1.054513454437256037e+01 -1.380972146987915039e+00 0.000000000000000000e+00 0.000000000000000000e+00 0.000000000000000000e+00 1.000000000000000000e+00
1.716278394339870453e+09 -1.143931674957275391e+01 1.056682968139648438e+01 -1.383529663085937500e+00 0.000000000000000000e+00 0.000000000000000000e+00 0.000000000000000000e+00 1.000000000000000000e+00
1.716278394490498304e+09 -1.151497650146484375e+01 1.065190315246582031e+01 -1.392144203186035156e+00 0.000000000000000000e+00 0.000000000000000000e+00 0.000000000000000000e+00 1.000000000000000000e+00
1.716278394542557955e+09 -1.153453922271728338e+01 1.067411804199218750e+01 -1.392334699630737305e+00 0.000000000000000000e+00 0.000000000000000000e+00 0.000000000000000000e+00 1.000000000000000000e+00
1.716278394592147350e+09 -1.155369853973388850e+01 1.069547557830810369e+01 -1.391756772994995117e+00 0.000000000000000000e+00 0.000000000000000000e+00 0.000000000000000000e+00 1.000000000000000000e+00
1.716278394741953135e+09 -1.162849521636962713e+01 1.077333831787109375e+01 -1.391494989395141602e+00 0.000000000000000000e+00 0.000000000000000000e+00 0.000000000000000000e+00 1.000000000000000000e+00
1.716278394841832161e+09 -1.166453933715820312e+01 1.080888080596923828e+01 -1.392687678337097168e+00 0.000000000000000000e+00 0.000000000000000000e+00 0.000000000000000000e+00 1.000000000000000000e+00
1.716278394892214775e+09 -1.169921588897705078e+01 1.084374713897705078e+01 -1.385040640830993652e+00 0.000000000000000000e+00 0.000000000000000000e+00 0.000000000000000000e+00 1.000000000000000000e+00
1.716278394941970587e+09 -1.171634578704833984e+01 1.085950565338134766e+01 -1.379883408546447754e+00 0.000000000000000000e+00 0.000000000000000000e+00 0.000000000000000000e+00 1.000000000000000000e+00
1.716278394992766857e+09 -1.173491096496582031e+01 1.087530040740966797e+01 -1.374351978302001953e+00 0.000000000000000000e+00 0.000000000000000000e+00 0.000000000000000000e+00 1.000000000000000000e+00
1.716278395092625141e+09 -1.178309345245361150e+01 1.091411876678466797e+01 -1.364213705062866211e+00 0.000000000000000000e+00 0.000000000000000000e+00 0.000000000000000000e+00 1.000000000000000000e+00
1.716278395193229675e+09 -1.181672096252441406e+01 1.093673801422119141e+01 -1.350212335586548074e+00 0.000000000000000000e+00 0.000000000000000000e+00 0.000000000000000000e+00 1.000000000000000000e+00
1.716278395293183088e+09 -1.184537982940673828e+01 1.095783042907714844e+01 -1.345415115356445090e+00 0.000000000000000000e+00 0.000000000000000000e+00 0.000000000000000000e+00 1.000000000000000000e+00
1.716278395343384266e+09 -1.186188220977783203e+01 1.096752834320068359e+01 -1.337160229682922363e+00 0.000000000000000000e+00 0.000000000000000000e+00 0.000000000000000000e+00 1.000000000000000000e+00
1.716278395444186926e+09 -1.189441776275634766e+01 1.098743152618408203e+01 -1.320496320724487305e+00 0.000000000000000000e+00 0.000000000000000000e+00 0.000000000000000000e+00 1.000000000000000000e+00
1.716278395547788143e+09 -1.193491268157958984e+01 1.101317119598388850e+01 -1.305601239204406738e+00 0.000000000000000000e+00 0.000000000000000000e+00 0.000000000000000000e+00 1.000000000000000000e+00
1.716278395594920874e+09 -1.194984149932861150e+01 1.102132701873779119e+01 -1.298095345497131126e+00 0.000000000000000000e+00 0.000000000000000000e+00 0.000000000000000000e+00 1.000000000000000000e+00
1.716278395644550323e+09 -1.196367168426513672e+01 1.102797412872314453e+01 -1.289381027221679688e+00 0.000000000000000000e+00 0.000000000000000000e+00 0.000000000000000000e+00 1.000000000000000000e+00
1.716278395694629669e+09 -1.199107742309570312e+01 1.104246139526367188e+01 -1.274134397506714089e+00 0.000000000000000000e+00 0.000000000000000000e+00 0.000000000000000000e+00 1.000000000000000000e+00
1.716278395749832153e+09 -1.200466060638427557e+01 1.105039596557617188e+01 -1.267201185226440430e+00 0.000000000000000000e+00 0.000000000000000000e+00 0.000000000000000000e+00 1.000000000000000000e+00
1.716278395848798037e+09 -1.204237365722656250e+01 1.107632637023925781e+01 -1.257018804550170898e+00 0.000000000000000000e+00 0.000000000000000000e+00 0.000000000000000000e+00 1.000000000000000000e+00
1.716278395901706696e+09 -1.205587005615234375e+01 1.108563899993896484e+01 -1.250849008560180886e+00 0.000000000000000000e+00 0.000000000000000000e+00 0.000000000000000000e+00 1.000000000000000000e+00
1.716278395946913481e+09 -1.206900978088378729e+01 1.109535980224609375e+01 -1.244566082954406738e+00 0.000000000000000000e+00 0.000000000000000000e+00 0.000000000000000000e+00 1.000000000000000000e+00
1.716278396046990633e+09 -1.209389495849609375e+01 1.111582565307617188e+01 -1.240061879158020020e+00 0.000000000000000000e+00 0.000000000000000000e+00 0.000000000000000000e+00 1.000000000000000000e+00
1.716278396096851349e+09 -1.212127399444580078e+01 1.113911437988281250e+01 -1.225079059600830078e+00 0.000000000000000000e+00 0.000000000000000000e+00 0.000000000000000000e+00 1.000000000000000000e+00
1.716278396197022438e+09 -1.214805316925048828e+01 1.116491985321044922e+01 -1.208411216735839844e+00 0.000000000000000000e+00 0.000000000000000000e+00 0.000000000000000000e+00 1.000000000000000000e+00
1.716278396246960163e+09 -1.217603874206542969e+01 1.119122123718261541e+01 -1.202773809432983398e+00 0.000000000000000000e+00 0.000000000000000000e+00 0.000000000000000000e+00 1.000000000000000000e+00
1.716278396297002077e+09 -1.219160652160644354e+01 1.120483493804931641e+01 -1.193958163261413574e+00 0.000000000000000000e+00 0.000000000000000000e+00 0.000000000000000000e+00 1.000000000000000000e+00
1.716278396346793413e+09 -1.220704746246338068e+01 1.121714782714843750e+01 -1.184844255447387695e+00 0.000000000000000000e+00 0.000000000000000000e+00 0.000000000000000000e+00 1.000000000000000000e+00
1.716278396396737576e+09 -1.222294616699218750e+01 1.122872352600097656e+01 -1.176681041717529297e+00 0.000000000000000000e+00 0.000000000000000000e+00 0.000000000000000000e+00 1.000000000000000000e+00
1.716278396446921825e+09 -1.225283336639404475e+01 1.125285625457763672e+01 -1.171253204345703125e+00 0.000000000000000000e+00 0.000000000000000000e+00 0.000000000000000000e+00 1.000000000000000000e+00
1.716278396497046947e+09 -1.226984119415283203e+01 1.126601314544677557e+01 -1.163864374160766602e+00 0.000000000000000000e+00 0.000000000000000000e+00 0.000000000000000000e+00 1.000000000000000000e+00
1.716278396547487974e+09 -1.228648757934570312e+01 1.127778339385986328e+01 -1.157641649246215820e+00 0.000000000000000000e+00 0.000000000000000000e+00 0.000000000000000000e+00 1.000000000000000000e+00
1.716278396597487926e+09 -1.230349636077880859e+01 1.129045772552490234e+01 -1.152237772941589355e+00 0.000000000000000000e+00 0.000000000000000000e+00 0.000000000000000000e+00 1.000000000000000000e+00
1.716278396697807550e+09 -1.235444545745849609e+01 1.133013153076172053e+01 -1.148486256599426492e+00 0.000000000000000000e+00 0.000000000000000000e+00 0.000000000000000000e+00 1.000000000000000000e+00
1.716278396749229670e+09 -1.237316894531250000e+01 1.134298801422119141e+01 -1.147078037261962891e+00 0.000000000000000000e+00 0.000000000000000000e+00 0.000000000000000000e+00 1.000000000000000000e+00
1.716278396798125982e+09 -1.239191341400146484e+01 1.135548877716064453e+01 -1.147092700004577637e+00 0.000000000000000000e+00 0.000000000000000000e+00 0.000000000000000000e+00 1.000000000000000000e+00
1.716278396898464203e+09 -1.244769954681396484e+01 1.139308357238769531e+01 -1.155296683311462402e+00 0.000000000000000000e+00 0.000000000000000000e+00 0.000000000000000000e+00 1.000000000000000000e+00
1.716278396948454142e+09 -1.246940994262695135e+01 1.140437412261962713e+01 -1.159467458724975586e+00 0.000000000000000000e+00 0.000000000000000000e+00 0.000000000000000000e+00 1.000000000000000000e+00
1.716278396998715401e+09 -1.249234580993652344e+01 1.141548728942871271e+01 -1.165083765983581543e+00 0.000000000000000000e+00 0.000000000000000000e+00 0.000000000000000000e+00 1.000000000000000000e+00
1.716278397099161863e+09 -1.255331420898437678e+01 1.144683361053466797e+01 -1.182113170623779297e+00 0.000000000000000000e+00 0.000000000000000000e+00 0.000000000000000000e+00 1.000000000000000000e+00
1.716278397202507257e+09 -1.259821510314941406e+01 1.146245861053466797e+01 -1.200245141983032227e+00 0.000000000000000000e+00 0.000000000000000000e+00 0.000000000000000000e+00 1.000000000000000000e+00
1.716278397299758196e+09 -1.265461444854736328e+01 1.148774147033691406e+01 -1.225747108459472878e+00 0.000000000000000000e+00 0.000000000000000000e+00 0.000000000000000000e+00 1.000000000000000000e+00
1.716278397349905968e+09 -1.267497158050537287e+01 1.149433898925781250e+01 -1.236800193786621094e+00 0.000000000000000000e+00 0.000000000000000000e+00 0.000000000000000000e+00 1.000000000000000000e+00
1.716278397400119066e+09 -1.269811916351318359e+01 1.150204849243164062e+01 -1.249207139015197754e+00 0.000000000000000000e+00 0.000000000000000000e+00 0.000000000000000000e+00 1.000000000000000000e+00
1.716278397450276852e+09 -1.272151374816894354e+01 1.150928401947021662e+01 -1.262395739555358887e+00 0.000000000000000000e+00 0.000000000000000000e+00 0.000000000000000000e+00 1.000000000000000000e+00
1.716278397500389099e+09 -1.274434852600097656e+01 1.151551628112792969e+01 -1.275975584983825684e+00 0.000000000000000000e+00 0.000000000000000000e+00 0.000000000000000000e+00 1.000000000000000000e+00
1.716278397601191521e+09 -1.278249645233154475e+01 1.153579235076904475e+01 -1.292546391487121582e+00 0.000000000000000000e+00 0.000000000000000000e+00 0.000000000000000000e+00 1.000000000000000000e+00
1.716278397651326180e+09 -1.282513046264648438e+01 1.154559421539306641e+01 -1.319241046905517578e+00 0.000000000000000000e+00 0.000000000000000000e+00 0.000000000000000000e+00 1.000000000000000000e+00
1.716278397701591969e+09 -1.284784412384033203e+01 1.155040168762207031e+01 -1.332697272300720215e+00 0.000000000000000000e+00 0.000000000000000000e+00 0.000000000000000000e+00 1.000000000000000000e+00
1.716278397752736092e+09 -1.288546085357666016e+01 1.156815338134765625e+01 -1.349308609962463379e+00 0.000000000000000000e+00 0.000000000000000000e+00 0.000000000000000000e+00 1.000000000000000000e+00
1.716278397802020073e+09 -1.290648937225341797e+01 1.157045650482177557e+01 -1.361904978752136230e+00 0.000000000000000000e+00 0.000000000000000000e+00 0.000000000000000000e+00 1.000000000000000000e+00
1.716278397852438450e+09 -1.292753410339355646e+01 1.157307147979736328e+01 -1.373081803321838379e+00 0.000000000000000000e+00 0.000000000000000000e+00 0.000000000000000000e+00 1.000000000000000000e+00
1.716278397902682304e+09 -1.294846057891845525e+01 1.157585144042968750e+01 -1.384050846099853516e+00 0.000000000000000000e+00 0.000000000000000000e+00 0.000000000000000000e+00 1.000000000000000000e+00
1.716278397952784538e+09 -1.298233699798583984e+01 1.159266281127929688e+01 -1.396473169326782227e+00 0.000000000000000000e+00 0.000000000000000000e+00 0.000000000000000000e+00 1.000000000000000000e+00
1.716278398003582239e+09 -1.300291156768798828e+01 1.159629058837890625e+01 -1.405494570732116699e+00 0.000000000000000000e+00 0.000000000000000000e+00 0.000000000000000000e+00 1.000000000000000000e+00
1.716278398053196907e+09 -1.302190494537353516e+01 1.159888362884521662e+01 -1.413502812385559082e+00 0.000000000000000000e+00 0.000000000000000000e+00 0.000000000000000000e+00 1.000000000000000000e+00
1.716278398104984522e+09 -1.304157638549804865e+01 1.160217666625976562e+01 -1.421713471412658691e+00 0.000000000000000000e+00 0.000000000000000000e+00 0.000000000000000000e+00 1.000000000000000000e+00
1.716278398153758764e+09 -1.307113170623779119e+01 1.161705875396728338e+01 -1.430599093437194824e+00 0.000000000000000000e+00 0.000000000000000000e+00 0.000000000000000000e+00 1.000000000000000000e+00
1.716278398203681469e+09 -1.308953762054443359e+01 1.162091732025146484e+01 -1.436064958572387695e+00 0.000000000000000000e+00 0.000000000000000000e+00 0.000000000000000000e+00 1.000000000000000000e+00
1.716278398253722906e+09 -1.310704326629638850e+01 1.162458801269531250e+01 -1.440213561058044434e+00 0.000000000000000000e+00 0.000000000000000000e+00 0.000000000000000000e+00 1.000000000000000000e+00
1.716278398303849936e+09 -1.312455558776855646e+01 1.162850379943847656e+01 -1.443321824073791504e+00 0.000000000000000000e+00 0.000000000000000000e+00 0.000000000000000000e+00 1.000000000000000000e+00
1.716278398354464293e+09 -1.315129661560058594e+01 1.164164447784423828e+01 -1.447336077690124290e+00 0.000000000000000000e+00 0.000000000000000000e+00 0.000000000000000000e+00 1.000000000000000000e+00
1.716278398404302120e+09 -1.316687774658203125e+01 1.164530754089355646e+01 -1.447916626930236816e+00 0.000000000000000000e+00 0.000000000000000000e+00 0.000000000000000000e+00 1.000000000000000000e+00
1.716278398454568863e+09 -1.318140602111816406e+01 1.164894771575927557e+01 -1.447214603424072488e+00 0.000000000000000000e+00 0.000000000000000000e+00 0.000000000000000000e+00 1.000000000000000000e+00
1.716278398504946709e+09 -1.319495868682861150e+01 1.165254688262939631e+01 -1.444957375526428223e+00 0.000000000000000000e+00 0.000000000000000000e+00 0.000000000000000000e+00 1.000000000000000000e+00
1.716278398555032730e+09 -1.321757984161376953e+01 1.166516971588134766e+01 -1.445137977600097656e+00 0.000000000000000000e+00 0.000000000000000000e+00 0.000000000000000000e+00 1.000000000000000000e+00
1.716278398605247259e+09 -1.322990322113037287e+01 1.166931438446044922e+01 -1.440115928649902344e+00 0.000000000000000000e+00 0.000000000000000000e+00 0.000000000000000000e+00 1.000000000000000000e+00
1.716278398655530214e+09 -1.324253368377685547e+01 1.167338180541992188e+01 -1.433978676795959695e+00 0.000000000000000000e+00 0.000000000000000000e+00 0.000000000000000000e+00 1.000000000000000000e+00
1.716278398705746412e+09 -1.325479507446289062e+01 1.167664909362792969e+01 -1.426550388336181641e+00 0.000000000000000000e+00 0.000000000000000000e+00 0.000000000000000000e+00 1.000000000000000000e+00
1.716278398755865574e+09 -1.327389240264892578e+01 1.168689155578613281e+01 -1.421477794647216797e+00 0.000000000000000000e+00 0.000000000000000000e+00 0.000000000000000000e+00 1.000000000000000000e+00
1.716278398806002378e+09 -1.328551483154296875e+01 1.168948554992675781e+01 -1.413430571556091309e+00 0.000000000000000000e+00 0.000000000000000000e+00 0.000000000000000000e+00 1.000000000000000000e+00
1.716278398856149435e+09 -1.329708194732666016e+01 1.169216346740722834e+01 -1.405248045921325684e+00 0.000000000000000000e+00 0.000000000000000000e+00 0.000000000000000000e+00 1.000000000000000000e+00
1.716278398906579733e+09 -1.330828952789306641e+01 1.169379615783691406e+01 -1.396697282791137695e+00 0.000000000000000000e+00 0.000000000000000000e+00 0.000000000000000000e+00 1.000000000000000000e+00
1.716278399007050514e+09 -1.333632373809814453e+01 1.170191860198974609e+01 -1.383651494979858398e+00 0.000000000000000000e+00 0.000000000000000000e+00 0.000000000000000000e+00 1.000000000000000000e+00
1.716278399057212353e+09 -1.334723854064941406e+01 1.170338249206542969e+01 -1.377023935317993164e+00 0.000000000000000000e+00 0.000000000000000000e+00 0.000000000000000000e+00 1.000000000000000000e+00
1.716278399107352257e+09 -1.335804939270019531e+01 1.170486545562743963e+01 -1.370774149894714355e+00 0.000000000000000000e+00 0.000000000000000000e+00 0.000000000000000000e+00 1.000000000000000000e+00
1.716278399207853317e+09 -1.338014984130859375e+01 1.170994949340820312e+01 -1.359866499900818093e+00 0.000000000000000000e+00 0.000000000000000000e+00 0.000000000000000000e+00 1.000000000000000000e+00
1.716278399258156300e+09 -1.339950466156006037e+01 1.172090148925781250e+01 -1.356655836105346902e+00 0.000000000000000000e+00 0.000000000000000000e+00 0.000000000000000000e+00 1.000000000000000000e+00
1.716278399309112310e+09 -1.341152477264404475e+01 1.172514629364013672e+01 -1.352232336997985840e+00 0.000000000000000000e+00 0.000000000000000000e+00 0.000000000000000000e+00 1.000000000000000000e+00
1.716278399409034729e+09 -1.344556045532226562e+01 1.174155235290527166e+01 -1.346008539199829102e+00 0.000000000000000000e+00 0.000000000000000000e+00 0.000000000000000000e+00 1.000000000000000000e+00
1.716278399459327459e+09 -1.345870113372802734e+01 1.174602890014648438e+01 -1.341616868972778320e+00 0.000000000000000000e+00 0.000000000000000000e+00 0.000000000000000000e+00 1.000000000000000000e+00
1.716278399559780836e+09 -1.348636817932128729e+01 1.175651264190673828e+01 -1.332605361938476562e+00 0.000000000000000000e+00 0.000000000000000000e+00 0.000000000000000000e+00 1.000000000000000000e+00
1.716278399609951973e+09 -1.350059700012207031e+01 1.176284885406493963e+01 -1.328032493591308594e+00 0.000000000000000000e+00 0.000000000000000000e+00 0.000000000000000000e+00 1.000000000000000000e+00
1.716278399710298538e+09 -1.354106140136718750e+01 1.178762722015380859e+01 -1.320097446441650391e+00 0.000000000000000000e+00 0.000000000000000000e+00 0.000000000000000000e+00 1.000000000000000000e+00
1.716278399760527134e+09 -1.355643939971923828e+01 1.179734134674072443e+01 -1.315138101577758789e+00 0.000000000000000000e+00 0.000000000000000000e+00 0.000000000000000000e+00 1.000000000000000000e+00
1.716278399810952663e+09 -1.357159233093261541e+01 1.180889129638672053e+01 -1.310004711151123047e+00 0.000000000000000000e+00 0.000000000000000000e+00 0.000000000000000000e+00 1.000000000000000000e+00
1.716278399860814810e+09 -1.359908485412597656e+01 1.183207988739013672e+01 -1.306485772132873535e+00 0.000000000000000000e+00 0.000000000000000000e+00 0.000000000000000000e+00 1.000000000000000000e+00
1.716278399911004782e+09 -1.361495018005371271e+01 1.184454536437988459e+01 -1.300485968589782715e+00 0.000000000000000000e+00 0.000000000000000000e+00 0.000000000000000000e+00 1.000000000000000000e+00
1.716278399961159229e+09 -1.363135433197021662e+01 1.185640907287597656e+01 -1.294377446174621582e+00 0.000000000000000000e+00 0.000000000000000000e+00 0.000000000000000000e+00 1.000000000000000000e+00
1.716278400011432409e+09 -1.364708328247070312e+01 1.186780357360839844e+01 -1.286970138549804910e+00 0.000000000000000000e+00 0.000000000000000000e+00 0.000000000000000000e+00 1.000000000000000000e+00
1.716278400061612129e+09 -1.366432189941406250e+01 1.188043308258056641e+01 -1.280000925064086914e+00 0.000000000000000000e+00 0.000000000000000000e+00 0.000000000000000000e+00 1.000000000000000000e+00
1.716278400111814976e+09 -1.369553565979004084e+01 1.190572452545166016e+01 -1.275390982627868874e+00 0.000000000000000000e+00 0.000000000000000000e+00 0.000000000000000000e+00 1.000000000000000000e+00
1.716278400161974430e+09 -1.371194744110107422e+01 1.191809749603271662e+01 -1.266903996467590332e+00 0.000000000000000000e+00 0.000000000000000000e+00 0.000000000000000000e+00 1.000000000000000000e+00
1.716278400212188005e+09 -1.372848224639892578e+01 1.193046760559082031e+01 -1.257754445075988770e+00 0.000000000000000000e+00 0.000000000000000000e+00 0.000000000000000000e+00 1.000000000000000000e+00
1.716278400262546778e+09 -1.374611091613769531e+01 1.194317722320556641e+01 -1.248306751251220703e+00 0.000000000000000000e+00 0.000000000000000000e+00 0.000000000000000000e+00 1.000000000000000000e+00
1.716278400312440395e+09 -1.376457977294922053e+01 1.195507526397705078e+01 -1.238117814064026101e+00 0.000000000000000000e+00 0.000000000000000000e+00 0.000000000000000000e+00 1.000000000000000000e+00
1.716278400413148642e+09 -1.379736614227294922e+01 1.197469043731689631e+01 -1.229903459548950195e+00 0.000000000000000000e+00 0.000000000000000000e+00 0.000000000000000000e+00 1.000000000000000000e+00
1.716278400463105440e+09 -1.383529281616210938e+01 1.199033737182617188e+01 -1.206007242202758789e+00 0.000000000000000000e+00 0.000000000000000000e+00 0.000000000000000000e+00 1.000000000000000000e+00
1.716278400513220787e+09 -1.385498237609863281e+01 1.199678325653076172e+01 -1.192873835563659668e+00 0.000000000000000000e+00 0.000000000000000000e+00 0.000000000000000000e+00 1.000000000000000000e+00
1.716278400613813162e+09 -1.388780879974365234e+01 1.201514911651611150e+01 -1.182747006416320801e+00 0.000000000000000000e+00 0.000000000000000000e+00 0.000000000000000000e+00 1.000000000000000000e+00
1.716278400663967133e+09 -1.392601680755615234e+01 1.202937698364257812e+01 -1.155982255935668945e+00 0.000000000000000000e+00 0.000000000000000000e+00 0.000000000000000000e+00 1.000000000000000000e+00
1.716278400715456009e+09 -1.395739269256591797e+01 1.204660987854004084e+01 -1.144244313240051270e+00 0.000000000000000000e+00 0.000000000000000000e+00 0.000000000000000000e+00 1.000000000000000000e+00
1.716278400766755819e+09 -1.397609043121338068e+01 1.205375099182128729e+01 -1.132607340812683105e+00 0.000000000000000000e+00 0.000000000000000000e+00 0.000000000000000000e+00 1.000000000000000000e+00
1.716278400814508200e+09 -1.399585628509521662e+01 1.205986976623535156e+01 -1.119869470596313699e+00 0.000000000000000000e+00 0.000000000000000000e+00 0.000000000000000000e+00 1.000000000000000000e+00
1.716278400864649296e+09 -1.401576995849609375e+01 1.206558513641357422e+01 -1.108102679252624290e+00 0.000000000000000000e+00 0.000000000000000000e+00 0.000000000000000000e+00 1.000000000000000000e+00
1.716278400964961052e+09 -1.405719089508056641e+01 1.207607936859130859e+01 -1.087197542190551758e+00 0.000000000000000000e+00 0.000000000000000000e+00 0.000000000000000000e+00 1.000000000000000000e+00
1.716278401065484524e+09 -1.409046649932861150e+01 1.209310054779052734e+01 -1.079949855804443359e+00 0.000000000000000000e+00 0.000000000000000000e+00 0.000000000000000000e+00 1.000000000000000000e+00
1.716278401115576744e+09 -1.410987281799316406e+01 1.209866046905517578e+01 -1.071306228637695090e+00 0.000000000000000000e+00 0.000000000000000000e+00 0.000000000000000000e+00 1.000000000000000000e+00
1.716278401165736914e+09 -1.415191268920898438e+01 1.211179065704345525e+01 -1.055826425552368164e+00 0.000000000000000000e+00 0.000000000000000000e+00 0.000000000000000000e+00 1.000000000000000000e+00
1.716278401266520739e+09 -1.418729591369628729e+01 1.213016033172607422e+01 -1.052303194999694824e+00 0.000000000000000000e+00 0.000000000000000000e+00 0.000000000000000000e+00 1.000000000000000000e+00
1.716278401316829681e+09 -1.420803451538085938e+01 1.213677215576172053e+01 -1.045744657516479492e+00 0.000000000000000000e+00 0.000000000000000000e+00 0.000000000000000000e+00 1.000000000000000000e+00
1.716278401366960287e+09 -1.424954986572265625e+01 1.215367984771728338e+01 -1.036969661712646484e+00 0.000000000000000000e+00 0.000000000000000000e+00 0.000000000000000000e+00 1.000000000000000000e+00
1.716278401467348337e+09 -1.428582286834716797e+01 1.217658519744873047e+01 -1.036322712898254395e+00 0.000000000000000000e+00 0.000000000000000000e+00 0.000000000000000000e+00 1.000000000000000000e+00
1.716278401517564058e+09 -1.430834579467773438e+01 1.218788242340088068e+01 -1.034409165382385254e+00 0.000000000000000000e+00 0.000000000000000000e+00 0.000000000000000000e+00 1.000000000000000000e+00
1.716278401567702055e+09 -1.435109329223632812e+01 1.220954895019531250e+01 -1.033018112182617188e+00 0.000000000000000000e+00 0.000000000000000000e+00 0.000000000000000000e+00 1.000000000000000000e+00
1.716278401618730783e+09 -1.437245273590088068e+01 1.222023105621338068e+01 -1.033111214637756348e+00 0.000000000000000000e+00 0.000000000000000000e+00 0.000000000000000000e+00 1.000000000000000000e+00
1.716278401718243361e+09 -1.443505764007568359e+01 1.226054763793945135e+01 -1.039411783218383789e+00 0.000000000000000000e+00 0.000000000000000000e+00 0.000000000000000000e+00 1.000000000000000000e+00
1.716278401768312931e+09 -1.445707416534423828e+01 1.227317142486572443e+01 -1.041422128677368164e+00 0.000000000000000000e+00 0.000000000000000000e+00 0.000000000000000000e+00 1.000000000000000000e+00
1.716278401818645000e+09 -1.447898769378661932e+01 1.228585338592529119e+01 -1.043727874755859375e+00 0.000000000000000000e+00 0.000000000000000000e+00 0.000000000000000000e+00 1.000000000000000000e+00
1.716278401869274378e+09 -1.452175903320312322e+01 1.231663417816161932e+01 -1.050786256790161133e+00 0.000000000000000000e+00 0.000000000000000000e+00 0.000000000000000000e+00 1.000000000000000000e+00
1.716278401919278145e+09 -1.454563713073730469e+01 1.233131217956542969e+01 -1.054855823516845703e+00 0.000000000000000000e+00 0.000000000000000000e+00 0.000000000000000000e+00 1.000000000000000000e+00
1.716278401969051123e+09 -1.456986999511718750e+01 1.234708690643310369e+01 -1.059136867523193359e+00 0.000000000000000000e+00 0.000000000000000000e+00 0.000000000000000000e+00 1.000000000000000000e+00
1.716278402019275665e+09 -1.459469604492187678e+01 1.236206436157226562e+01 -1.063891053199768066e+00 0.000000000000000000e+00 0.000000000000000000e+00 0.000000000000000000e+00 1.000000000000000000e+00
1.716278402069401264e+09 -1.461848258972167969e+01 1.237510681152343750e+01 -1.068831324577331543e+00 0.000000000000000000e+00 0.000000000000000000e+00 0.000000000000000000e+00 1.000000000000000000e+00
1.716278402170220137e+09 -1.468981266021728338e+01 1.242048263549804865e+01 -1.083749771118164062e+00 0.000000000000000000e+00 0.000000000000000000e+00 0.000000000000000000e+00 1.000000000000000000e+00
1.716278402220638514e+09 -1.471354866027832031e+01 1.243348026275634766e+01 -1.089153647422790305e+00 0.000000000000000000e+00 0.000000000000000000e+00 0.000000000000000000e+00 1.000000000000000000e+00
1.716278402270247936e+09 -1.475572776794433594e+01 1.246256732940673828e+01 -1.100166797637939675e+00 0.000000000000000000e+00 0.000000000000000000e+00 0.000000000000000000e+00 1.000000000000000000e+00
1.716278402321161985e+09 -1.477759456634521662e+01 1.247432994842529119e+01 -1.107095956802368164e+00 0.000000000000000000e+00 0.000000000000000000e+00 0.000000000000000000e+00 1.000000000000000000e+00
1.716278402371256828e+09 -1.479962825775146484e+01 1.248571777343750000e+01 -1.114859461784362793e+00 0.000000000000000000e+00 0.000000000000000000e+00 0.000000000000000000e+00 1.000000000000000000e+00
1.716278402422111511e+09 -1.482300567626953125e+01 1.249703216552734375e+01 -1.122825980186462402e+00 0.000000000000000000e+00 0.000000000000000000e+00 0.000000000000000000e+00 1.000000000000000000e+00
1.716278402471006632e+09 -1.486446189880371271e+01 1.252229690551757812e+01 -1.133682489395141602e+00 0.000000000000000000e+00 0.000000000000000000e+00 0.000000000000000000e+00 1.000000000000000000e+00
1.716278402521188021e+09 -1.488698387145995916e+01 1.252999019622802734e+01 -1.141290783882141113e+00 0.000000000000000000e+00 0.000000000000000000e+00 0.000000000000000000e+00 1.000000000000000000e+00
1.716278402571195841e+09 -1.490848445892333984e+01 1.253740310668945135e+01 -1.148517489433288574e+00 0.000000000000000000e+00 0.000000000000000000e+00 0.000000000000000000e+00 1.000000000000000000e+00
1.716278402621562481e+09 -1.492982196807861150e+01 1.254183578491210938e+01 -1.155890583992004395e+00 0.000000000000000000e+00 0.000000000000000000e+00 0.000000000000000000e+00 1.000000000000000000e+00
1.716278402671561003e+09 -1.496546840667724609e+01 1.255841732025146484e+01 -1.166184306144714355e+00 0.000000000000000000e+00 0.000000000000000000e+00 0.000000000000000000e+00 1.000000000000000000e+00
1.716278402721750975e+09 -1.498521423339843750e+01 1.256005191802978338e+01 -1.173380851745605691e+00 0.000000000000000000e+00 0.000000000000000000e+00 0.000000000000000000e+00 1.000000000000000000e+00
1.716278402771836996e+09 -1.500410079956054865e+01 1.256124496459960938e+01 -1.180028796195984109e+00 0.000000000000000000e+00 0.000000000000000000e+00 0.000000000000000000e+00 1.000000000000000000e+00
1.716278402821974993e+09 -1.502385711669922053e+01 1.256134605407714844e+01 -1.186865925788879395e+00 0.000000000000000000e+00 0.000000000000000000e+00 0.000000000000000000e+00 1.000000000000000000e+00
1.716278402872345686e+09 -1.504216289520263672e+01 1.256013774871826172e+01 -1.193145036697387695e+00 0.000000000000000000e+00 0.000000000000000000e+00 0.000000000000000000e+00 1.000000000000000000e+00
1.716278402922486782e+09 -1.506949043273925781e+01 1.256677532196044922e+01 -1.200521469116210938e+00 0.000000000000000000e+00 0.000000000000000000e+00 0.000000000000000000e+00 1.000000000000000000e+00
1.716278402972665548e+09 -1.508474254608154475e+01 1.256471633911132812e+01 -1.205672383308410645e+00 0.000000000000000000e+00 0.000000000000000000e+00 0.000000000000000000e+00 1.000000000000000000e+00
1.716278403023287773e+09 -1.509891605377197266e+01 1.256073093414306641e+01 -1.211078047752380371e+00 0.000000000000000000e+00 0.000000000000000000e+00 0.000000000000000000e+00 1.000000000000000000e+00
1.716278403073182106e+09 -1.511229705810546875e+01 1.255637073516845525e+01 -1.215256333351135254e+00 0.000000000000000000e+00 0.000000000000000000e+00 0.000000000000000000e+00 1.000000000000000000e+00
1.716278403123151064e+09 -1.512840270996093750e+01 1.255337619781493963e+01 -1.219814658164978027e+00 0.000000000000000000e+00 0.000000000000000000e+00 0.000000000000000000e+00 1.000000000000000000e+00
1.716278403173350334e+09 -1.513831901550292969e+01 1.254688262939453125e+01 -1.223812937736511230e+00 0.000000000000000000e+00 0.000000000000000000e+00 0.000000000000000000e+00 1.000000000000000000e+00
1.716278403223469496e+09 -1.514743041992187678e+01 1.253831386566161932e+01 -1.227216601371765137e+00 0.000000000000000000e+00 0.000000000000000000e+00 0.000000000000000000e+00 1.000000000000000000e+00
1.716278403273687363e+09 -1.515549564361572443e+01 1.252939033508300781e+01 -1.230716705322265625e+00 0.000000000000000000e+00 0.000000000000000000e+00 0.000000000000000000e+00 1.000000000000000000e+00
1.716278403373943806e+09 -1.516725921630859375e+01 1.251031684875488459e+01 -1.238362073898315430e+00 0.000000000000000000e+00 0.000000000000000000e+00 0.000000000000000000e+00 1.000000000000000000e+00
1.716278403424161911e+09 -1.516610050201416016e+01 1.249510097503661932e+01 -1.241813898086548074e+00 0.000000000000000000e+00 0.000000000000000000e+00 0.000000000000000000e+00 1.000000000000000000e+00
1.716278403474459887e+09 -1.516728591918945135e+01 1.248165798187256037e+01 -1.245871186256408691e+00 0.000000000000000000e+00 0.000000000000000000e+00 0.000000000000000000e+00 1.000000000000000000e+00
1.716278403524874687e+09 -1.516538047790527166e+01 1.245355319976806641e+01 -1.254112005233764648e+00 0.000000000000000000e+00 0.000000000000000000e+00 0.000000000000000000e+00 1.000000000000000000e+00
1.716278403625179529e+09 -1.515580749511718750e+01 1.243576335906982422e+01 -1.257787227630615234e+00 0.000000000000000000e+00 0.000000000000000000e+00 0.000000000000000000e+00 1.000000000000000000e+00
1.716278403675117493e+09 -1.515206336975097656e+01 1.242494010925292969e+01 -1.262592196464538574e+00 0.000000000000000000e+00 0.000000000000000000e+00 0.000000000000000000e+00 1.000000000000000000e+00
1.716278403776151657e+09 -1.513439750671386719e+01 1.239656162261962713e+01 -1.272270679473876953e+00 0.000000000000000000e+00 0.000000000000000000e+00 0.000000000000000000e+00 1.000000000000000000e+00
1.716278403825675011e+09 -1.512798309326172053e+01 1.238392639160156250e+01 -1.278293609619140625e+00 0.000000000000000000e+00 0.000000000000000000e+00 0.000000000000000000e+00 1.000000000000000000e+00
1.716278403880609512e+09 -1.512099170684814453e+01 1.237033653259277166e+01 -1.284579992294311523e+00 0.000000000000000000e+00 0.000000000000000000e+00 0.000000000000000000e+00 1.000000000000000000e+00
1.716278403929559469e+09 -1.511379623413085938e+01 1.235704326629638850e+01 -1.290623664855957031e+00 0.000000000000000000e+00 0.000000000000000000e+00 0.000000000000000000e+00 1.000000000000000000e+00
1.716278403976670742e+09 -1.510660266876220881e+01 1.234381294250488459e+01 -1.296332836151123047e+00 0.000000000000000000e+00 0.000000000000000000e+00 0.000000000000000000e+00 1.000000000000000000e+00
1.716278404077033997e+09 -1.508020877838134766e+01 1.230880165100097656e+01 -1.304560303688049094e+00 0.000000000000000000e+00 0.000000000000000000e+00 0.000000000000000000e+00 1.000000000000000000e+00
1.716278404127118111e+09 -1.507217884063720881e+01 1.229658603668212713e+01 -1.310229182243347168e+00 0.000000000000000000e+00 0.000000000000000000e+00 0.000000000000000000e+00 1.000000000000000000e+00
1.716278404177561760e+09 -1.506450462341308594e+01 1.228570747375488459e+01 -1.315100193023681641e+00 0.000000000000000000e+00 0.000000000000000000e+00 0.000000000000000000e+00 1.000000000000000000e+00
1.716278404227544785e+09 -1.505664539337158203e+01 1.227511310577392578e+01 -1.319697499275207520e+00 0.000000000000000000e+00 0.000000000000000000e+00 0.000000000000000000e+00 1.000000000000000000e+00
1.716278404277679682e+09 -1.504016113281250000e+01 1.225935554504394354e+01 -1.323201775550842507e+00 0.000000000000000000e+00 0.000000000000000000e+00 0.000000000000000000e+00 1.000000000000000000e+00
1.716278404333850861e+09 -1.503393936157226562e+01 1.225150966644287287e+01 -1.327942728996276855e+00 0.000000000000000000e+00 0.000000000000000000e+00 0.000000000000000000e+00 1.000000000000000000e+00
1.716278404383204460e+09 -1.502674674987792969e+01 1.224348640441894354e+01 -1.331668496131896973e+00 0.000000000000000000e+00 0.000000000000000000e+00 0.000000000000000000e+00 1.000000000000000000e+00
1.716278404641280413e+09 -1.499731731414794922e+01 1.221908664703369141e+01 -1.344367265701293945e+00 0.000000000000000000e+00 0.000000000000000000e+00 0.000000000000000000e+00 1.000000000000000000e+00
1.716278404691630125e+09 -1.499396800994873047e+01 1.221806049346923828e+01 -1.345822811126708984e+00 0.000000000000000000e+00 0.000000000000000000e+00 0.000000000000000000e+00 1.000000000000000000e+00
1.716278404780758858e+09 -1.499035549163818359e+01 1.221857738494873047e+01 -1.348922014236450195e+00 0.000000000000000000e+00 0.000000000000000000e+00 0.000000000000000000e+00 1.000000000000000000e+00
1.716278404829921961e+09 -1.499009990692138850e+01 1.222017574310302734e+01 -1.350285410881042480e+00 0.000000000000000000e+00 0.000000000000000000e+00 0.000000000000000000e+00 1.000000000000000000e+00
1.716278404880132437e+09 -1.498969650268554865e+01 1.222196674346923828e+01 -1.351591229438781516e+00 0.000000000000000000e+00 0.000000000000000000e+00 0.000000000000000000e+00 1.000000000000000000e+00
1.716278404930338860e+09 -1.498960018157958984e+01 1.222519493103027166e+01 -1.351970911026000977e+00 0.000000000000000000e+00 0.000000000000000000e+00 0.000000000000000000e+00 1.000000000000000000e+00
1.716278404980508089e+09 -1.499227619171142578e+01 1.222979927062988459e+01 -1.352445006370544434e+00 0.000000000000000000e+00 0.000000000000000000e+00 0.000000000000000000e+00 1.000000000000000000e+00
1.716278405030730486e+09 -1.499365997314453125e+01 1.223316764831542969e+01 -1.351286530494689941e+00 0.000000000000000000e+00 0.000000000000000000e+00 0.000000000000000000e+00 1.000000000000000000e+00
1.716278405080893278e+09 -1.499624824523925781e+01 1.223531723022460938e+01 -1.349013686180114746e+00 0.000000000000000000e+00 0.000000000000000000e+00 0.000000000000000000e+00 1.000000000000000000e+00
1.716278405131384850e+09 -1.499891948699951172e+01 1.223595237731933594e+01 -1.345935344696044922e+00 0.000000000000000000e+00 0.000000000000000000e+00 0.000000000000000000e+00 1.000000000000000000e+00
1.716278405181570768e+09 -1.500238418579101562e+01 1.223717403411865234e+01 -1.343016386032104492e+00 0.000000000000000000e+00 0.000000000000000000e+00 0.000000000000000000e+00 1.000000000000000000e+00
1.716278405231695890e+09 -1.500499629974365234e+01 1.223794078826904475e+01 -1.339670777320861816e+00 0.000000000000000000e+00 0.000000000000000000e+00 0.000000000000000000e+00 1.000000000000000000e+00
1.716278405281912804e+09 -1.501098728179931641e+01 1.223834228515625000e+01 -1.333798527717590332e+00 0.000000000000000000e+00 0.000000000000000000e+00 0.000000000000000000e+00 1.000000000000000000e+00
1.716278405382233143e+09 -1.501421737670898438e+01 1.223692512512207031e+01 -1.329679012298583984e+00 0.000000000000000000e+00 0.000000000000000000e+00 0.000000000000000000e+00 1.000000000000000000e+00
1.716278405432318211e+09 -1.501673984527588068e+01 1.223466300964355646e+01 -1.326046824455261230e+00 0.000000000000000000e+00 0.000000000000000000e+00 0.000000000000000000e+00 1.000000000000000000e+00
1.716278405482518196e+09 -1.501792049407958984e+01 1.223087596893310369e+01 -1.322281002998352051e+00 0.000000000000000000e+00 0.000000000000000000e+00 0.000000000000000000e+00 1.000000000000000000e+00
1.716278405532768250e+09 -1.501976299285888850e+01 1.222132301330566406e+01 -1.312179088592529297e+00 0.000000000000000000e+00 0.000000000000000000e+00 0.000000000000000000e+00 1.000000000000000000e+00
1.716278405683235645e+09 -1.501678562164306641e+01 1.221215438842773438e+01 -1.305248856544494629e+00 0.000000000000000000e+00 0.000000000000000000e+00 0.000000000000000000e+00 1.000000000000000000e+00
1.716278405733293056e+09 -1.501603889465332031e+01 1.219569778442382812e+01 -1.290101647377014160e+00 0.000000000000000000e+00 0.000000000000000000e+00 0.000000000000000000e+00 1.000000000000000000e+00
1.716278405783386230e+09 -1.501412200927734375e+01 1.217309284210205078e+01 -1.272942304611206055e+00 0.000000000000000000e+00 0.000000000000000000e+00 0.000000000000000000e+00 1.000000000000000000e+00
1.716278405884418249e+09 -1.500271892547607422e+01 1.215268898010254084e+01 -1.262217760086059570e+00 0.000000000000000000e+00 0.000000000000000000e+00 0.000000000000000000e+00 1.000000000000000000e+00
1.716278405934880018e+09 -1.500009918212890625e+01 1.213871765136718750e+01 -1.253101468086242898e+00 0.000000000000000000e+00 0.000000000000000000e+00 0.000000000000000000e+00 1.000000000000000000e+00
1.716278405984402418e+09 -1.499655532836914062e+01 1.212421989440917969e+01 -1.244215607643127441e+00 0.000000000000000000e+00 0.000000000000000000e+00 0.000000000000000000e+00 1.000000000000000000e+00
1.716278406034196377e+09 -1.499263286590576172e+01 1.210860729217529119e+01 -1.235179543495178223e+00 0.000000000000000000e+00 0.000000000000000000e+00 0.000000000000000000e+00 1.000000000000000000e+00
1.716278406085462093e+09 -1.497675704956054865e+01 1.208398151397705078e+01 -1.224769711494445801e+00 0.000000000000000000e+00 0.000000000000000000e+00 0.000000000000000000e+00 1.000000000000000000e+00
1.716278406138463497e+09 -1.497112178802490234e+01 1.206554031372070312e+01 -1.216195225715637207e+00 0.000000000000000000e+00 0.000000000000000000e+00 0.000000000000000000e+00 1.000000000000000000e+00
1.716278407891589642e+09 -1.415016746520995916e+01 1.184128665924072443e+01 -1.102826595306396484e+00 0.000000000000000000e+00 0.000000000000000000e+00 0.000000000000000000e+00 1.000000000000000000e+00
1.716278407941374540e+09 -1.407160949707031250e+01 1.183787822723388850e+01 -1.122646808624267578e+00 0.000000000000000000e+00 0.000000000000000000e+00 0.000000000000000000e+00 1.000000000000000000e+00
1.716278408041446209e+09 -1.400909614562988459e+01 1.181492996215820312e+01 -1.129577755928039551e+00 0.000000000000000000e+00 0.000000000000000000e+00 0.000000000000000000e+00 1.000000000000000000e+00
1.716278408092137098e+09 -1.397022533416748047e+01 1.180980873107910156e+01 -1.141404628753662109e+00 0.000000000000000000e+00 0.000000000000000000e+00 0.000000000000000000e+00 1.000000000000000000e+00
1.716278408191874504e+09 -1.385251617431640625e+01 1.178663444519042969e+01 -1.181032180786132812e+00 0.000000000000000000e+00 0.000000000000000000e+00 0.000000000000000000e+00 1.000000000000000000e+00
1.716278408242063522e+09 -1.381190490722656250e+01 1.177782535552978338e+01 -1.196444034576416016e+00 0.000000000000000000e+00 0.000000000000000000e+00 0.000000000000000000e+00 1.000000000000000000e+00
1.716278408342391968e+09 -1.369929122924804865e+01 1.172947025299072443e+01 -1.221999764442443848e+00 0.000000000000000000e+00 0.000000000000000000e+00 0.000000000000000000e+00 1.000000000000000000e+00
1.716278408442714691e+09 -1.361183834075927557e+01 1.170282363891601562e+01 -1.254020452499389648e+00 0.000000000000000000e+00 0.000000000000000000e+00 0.000000000000000000e+00 1.000000000000000000e+00
1.716278408493387938e+09 -1.353858184814453125e+01 1.166470718383789062e+01 -1.263709425926208496e+00 0.000000000000000000e+00 0.000000000000000000e+00 0.000000000000000000e+00 1.000000000000000000e+00
1.716278408543448210e+09 -1.349556350708007812e+01 1.165194797515869141e+01 -1.279670596122741699e+00 0.000000000000000000e+00 0.000000000000000000e+00 0.000000000000000000e+00 1.000000000000000000e+00
1.716278408593632936e+09 -1.345135593414306641e+01 1.163733005523681641e+01 -1.295918583869934082e+00 0.000000000000000000e+00 0.000000000000000000e+00 0.000000000000000000e+00 1.000000000000000000e+00
1.716278408695502520e+09 -1.340820789337158203e+01 1.162274169921875000e+01 -1.313090920448303223e+00 0.000000000000000000e+00 0.000000000000000000e+00 0.000000000000000000e+00 1.000000000000000000e+00
1.716278408743890285e+09 -1.328863143920898438e+01 1.156076431274414062e+01 -1.340531826019287109e+00 0.000000000000000000e+00 0.000000000000000000e+00 0.000000000000000000e+00 1.000000000000000000e+00
1.716278408794241428e+09 -1.324295425415039062e+01 1.154146957397460938e+01 -1.356408953666687012e+00 0.000000000000000000e+00 0.000000000000000000e+00 0.000000000000000000e+00 1.000000000000000000e+00
1.716278408844488144e+09 -1.319663238525390625e+01 1.152137565612792969e+01 -1.372002243995666504e+00 0.000000000000000000e+00 0.000000000000000000e+00 0.000000000000000000e+00 1.000000000000000000e+00
1.716278408944783449e+09 -1.306909656524658203e+01 1.144967937469482422e+01 -1.392458081245422363e+00 0.000000000000000000e+00 0.000000000000000000e+00 0.000000000000000000e+00 1.000000000000000000e+00
1.716278408995013714e+09 -1.302266693115234375e+01 1.142855358123779119e+01 -1.405772089958190918e+00 0.000000000000000000e+00 0.000000000000000000e+00 0.000000000000000000e+00 1.000000000000000000e+00
1.716278409045223236e+09 -1.297622966766357422e+01 1.140770626068115234e+01 -1.417793393135070801e+00 0.000000000000000000e+00 0.000000000000000000e+00 0.000000000000000000e+00 1.000000000000000000e+00
1.716278409145692348e+09 -1.289496803283691406e+01 1.135647583007812322e+01 -1.421013951301574707e+00 0.000000000000000000e+00 0.000000000000000000e+00 0.000000000000000000e+00 1.000000000000000000e+00
1.716278409196186304e+09 -1.279999828338623047e+01 1.131409263610839844e+01 -1.438056111335754395e+00 0.000000000000000000e+00 0.000000000000000000e+00 0.000000000000000000e+00 1.000000000000000000e+00
1.716278409246061325e+09 -1.275279140472411932e+01 1.129380989074707031e+01 -1.444544076919555664e+00 0.000000000000000000e+00 0.000000000000000000e+00 0.000000000000000000e+00 1.000000000000000000e+00
1.716278409346480131e+09 -1.262209606170654475e+01 1.122148132324218750e+01 -1.442458391189575195e+00 0.000000000000000000e+00 0.000000000000000000e+00 0.000000000000000000e+00 1.000000000000000000e+00
1.716278409447088957e+09 -1.252822589874267578e+01 1.117928028106689631e+01 -1.440824627876281516e+00 0.000000000000000000e+00 0.000000000000000000e+00 0.000000000000000000e+00 1.000000000000000000e+00
1.716278409547106028e+09 -1.240136051177978338e+01 1.110576248168945135e+01 -1.425963759422302246e+00 0.000000000000000000e+00 0.000000000000000000e+00 0.000000000000000000e+00 1.000000000000000000e+00
1.716278409597387552e+09 -1.235784816741943359e+01 1.108530139923095525e+01 -1.422311902046203613e+00 0.000000000000000000e+00 0.000000000000000000e+00 0.000000000000000000e+00 1.000000000000000000e+00
1.716278409647549629e+09 -1.231409740447998047e+01 1.106377410888672053e+01 -1.417870879173278809e+00 0.000000000000000000e+00 0.000000000000000000e+00 0.000000000000000000e+00 1.000000000000000000e+00
1.716278409748056650e+09 -1.223362445831298828e+01 1.100963687896728338e+01 -1.403941869735717773e+00 0.000000000000000000e+00 0.000000000000000000e+00 0.000000000000000000e+00 1.000000000000000000e+00
1.716278409798027515e+09 -1.219101810455322443e+01 1.098725223541259766e+01 -1.397802114486694336e+00 0.000000000000000000e+00 0.000000000000000000e+00 0.000000000000000000e+00 1.000000000000000000e+00
1.716278409848357439e+09 -1.210288429260254084e+01 1.094135284423827947e+01 -1.384670019149780495e+00 0.000000000000000000e+00 0.000000000000000000e+00 0.000000000000000000e+00 1.000000000000000000e+00
1.716278409899760246e+09 -1.205771446228027166e+01 1.091598987579345525e+01 -1.377446651458740234e+00 0.000000000000000000e+00 0.000000000000000000e+00 0.000000000000000000e+00 1.000000000000000000e+00
1.716278409948787451e+09 -1.201628684997558594e+01 1.089205741882324219e+01 -1.372043013572692871e+00 0.000000000000000000e+00 0.000000000000000000e+00 0.000000000000000000e+00 1.000000000000000000e+00
1.716278410049118519e+09 -1.194037055969238459e+01 1.083553886413574219e+01 -1.359215259552001953e+00 0.000000000000000000e+00 0.000000000000000000e+00 0.000000000000000000e+00 1.000000000000000000e+00
1.716278410100595951e+09 -1.190210056304931641e+01 1.081359195709228338e+01 -1.355945825576782227e+00 0.000000000000000000e+00 0.000000000000000000e+00 0.000000000000000000e+00 1.000000000000000000e+00
1.716278410149409056e+09 -1.182377433776855646e+01 1.076984882354736328e+01 -1.350441336631774902e+00 0.000000000000000000e+00 0.000000000000000000e+00 0.000000000000000000e+00 1.000000000000000000e+00
1.716278410199730158e+09 -1.178610038757324219e+01 1.074986171722411932e+01 -1.348571658134460449e+00 0.000000000000000000e+00 0.000000000000000000e+00 0.000000000000000000e+00 1.000000000000000000e+00
1.716278410299973488e+09 -1.171368694305419922e+01 1.069782543182373047e+01 -1.338285207748413086e+00 0.000000000000000000e+00 0.000000000000000000e+00 0.000000000000000000e+00 1.000000000000000000e+00
1.716278410350160837e+09 -1.167459869384765625e+01 1.067500591278076172e+01 -1.335800886154174805e+00 0.000000000000000000e+00 0.000000000000000000e+00 0.000000000000000000e+00 1.000000000000000000e+00
1.716278410400311232e+09 -1.159762382507324219e+01 1.062957000732422053e+01 -1.330665230751037598e+00 0.000000000000000000e+00 0.000000000000000000e+00 0.000000000000000000e+00 1.000000000000000000e+00
1.716278410500618458e+09 -1.152911281585693359e+01 1.058070468902588068e+01 -1.320528507232666016e+00 0.000000000000000000e+00 0.000000000000000000e+00 0.000000000000000000e+00 1.000000000000000000e+00
1.716278410550775290e+09 -1.149055671691894354e+01 1.055886363983154475e+01 -1.317666649818420410e+00 0.000000000000000000e+00 0.000000000000000000e+00 0.000000000000000000e+00 1.000000000000000000e+00
1.716278410600985050e+09 -1.141472911834716797e+01 1.051534938812256037e+01 -1.311567425727844238e+00 0.000000000000000000e+00 0.000000000000000000e+00 0.000000000000000000e+00 1.000000000000000000e+00
1.716278410651727438e+09 -1.137793636322021662e+01 1.049333190917968750e+01 -1.307686686515808105e+00 0.000000000000000000e+00 0.000000000000000000e+00 0.000000000000000000e+00 1.000000000000000000e+00
1.716278410751554489e+09 -1.131094264984130859e+01 1.044299888610839844e+01 -1.296671628952026367e+00 0.000000000000000000e+00 0.000000000000000000e+00 0.000000000000000000e+00 1.000000000000000000e+00
1.716278410801675797e+09 -1.123851394653320312e+01 1.039634132385254084e+01 -1.288277983665466309e+00 0.000000000000000000e+00 0.000000000000000000e+00 0.000000000000000000e+00 1.000000000000000000e+00
1.716278410851817369e+09 -1.120384120941161932e+01 1.037357807159423828e+01 -1.284090042114257812e+00 0.000000000000000000e+00 0.000000000000000000e+00 0.000000000000000000e+00 1.000000000000000000e+00
1.716278410902012110e+09 -1.113874721527099609e+01 1.032281208038330078e+01 -1.272510766983032227e+00 0.000000000000000000e+00 0.000000000000000000e+00 0.000000000000000000e+00 1.000000000000000000e+00
1.716278410952241421e+09 -1.110330772399902344e+01 1.029805183410644354e+01 -1.267664670944214089e+00 0.000000000000000000e+00 0.000000000000000000e+00 0.000000000000000000e+00 1.000000000000000000e+00
1.716278411002485275e+09 -1.106921958923339844e+01 1.027335548400878729e+01 -1.262705683708190918e+00 0.000000000000000000e+00 0.000000000000000000e+00 0.000000000000000000e+00 1.000000000000000000e+00
1.716278411052575588e+09 -1.103496551513672053e+01 1.024746513366699219e+01 -1.257286429405212402e+00 0.000000000000000000e+00 0.000000000000000000e+00 0.000000000000000000e+00 1.000000000000000000e+00
1.716278411152972221e+09 -1.093422794342041016e+01 1.016409873962402344e+01 -1.237373232841491699e+00 0.000000000000000000e+00 0.000000000000000000e+00 0.000000000000000000e+00 1.000000000000000000e+00
1.716278411203083992e+09 -1.090167903900146484e+01 1.013792037963867188e+01 -1.231729388236999512e+00 0.000000000000000000e+00 0.000000000000000000e+00 0.000000000000000000e+00 1.000000000000000000e+00
1.716278411253421783e+09 -1.086936759948730469e+01 1.011009407043457031e+01 -1.225709676742553711e+00 0.000000000000000000e+00 0.000000000000000000e+00 0.000000000000000000e+00 1.000000000000000000e+00
1.716278411353741169e+09 -1.080526638031006037e+01 1.005130195617675781e+01 -1.212145686149597168e+00 0.000000000000000000e+00 0.000000000000000000e+00 0.000000000000000000e+00 1.000000000000000000e+00
1.716278411403908968e+09 -1.074425601959228338e+01 9.992510795593261719e+00 -1.202880859375000000e+00 0.000000000000000000e+00 0.000000000000000000e+00 0.000000000000000000e+00 1.000000000000000000e+00
1.716278411504336119e+09 -1.068421363830566406e+01 9.930768966674804688e+00 -1.195142865180969238e+00 0.000000000000000000e+00 0.000000000000000000e+00 0.000000000000000000e+00 1.000000000000000000e+00
1.716278411554533482e+09 -1.062258434295654475e+01 9.868880271911619317e+00 -1.183184742927551270e+00 0.000000000000000000e+00 0.000000000000000000e+00 0.000000000000000000e+00 1.000000000000000000e+00
1.716278411604782343e+09 -1.059189891815185547e+01 9.835802078247070312e+00 -1.179052591323852317e+00 0.000000000000000000e+00 0.000000000000000000e+00 0.000000000000000000e+00 1.000000000000000000e+00
1.716278411655258179e+09 -1.056175804138183594e+01 9.803424835205078125e+00 -1.175678491592407227e+00 0.000000000000000000e+00 0.000000000000000000e+00 0.000000000000000000e+00 1.000000000000000000e+00
1.716278411705168009e+09 -1.053080654144287287e+01 9.770259857177734375e+00 -1.172902345657348633e+00 0.000000000000000000e+00 0.000000000000000000e+00 0.000000000000000000e+00 1.000000000000000000e+00
1.716278411805555105e+09 -1.046814727783203125e+01 9.707628250122070312e+00 -1.162212967872619629e+00 0.000000000000000000e+00 0.000000000000000000e+00 0.000000000000000000e+00 1.000000000000000000e+00
1.716278411855649710e+09 -1.040657901763916016e+01 9.641973495483398438e+00 -1.158265948295593262e+00 0.000000000000000000e+00 0.000000000000000000e+00 0.000000000000000000e+00 1.000000000000000000e+00
1.716278411905918121e+09 -1.037581443786621271e+01 9.609765052795410156e+00 -1.156658291816711426e+00 0.000000000000000000e+00 0.000000000000000000e+00 0.000000000000000000e+00 1.000000000000000000e+00
1.716278412007231236e+09 -1.027950191497802734e+01 9.513352394104003906e+00 -1.144982814788818359e+00 0.000000000000000000e+00 0.000000000000000000e+00 0.000000000000000000e+00 1.000000000000000000e+00
1.716278412056657314e+09 -1.024551391601562322e+01 9.478528022766111505e+00 -1.143706083297729492e+00 0.000000000000000000e+00 0.000000000000000000e+00 0.000000000000000000e+00 1.000000000000000000e+00
1.716278412106939316e+09 -1.021212387084960938e+01 9.444350242614746094e+00 -1.143146038055419922e+00 0.000000000000000000e+00 0.000000000000000000e+00 0.000000000000000000e+00 1.000000000000000000e+00
1.716278412210512400e+09 -1.011270046234130859e+01 9.347339630126951349e+00 -1.134744286537170410e+00 0.000000000000000000e+00 0.000000000000000000e+00 0.000000000000000000e+00 1.000000000000000000e+00
1.716278412259027719e+09 -1.008028888702392578e+01 9.316206932067872870e+00 -1.135508656501770020e+00 0.000000000000000000e+00 0.000000000000000000e+00 0.000000000000000000e+00 1.000000000000000000e+00
1.716278412307779074e+09 -1.004593944549560369e+01 9.283931732177734375e+00 -1.137079358100891113e+00 0.000000000000000000e+00 0.000000000000000000e+00 0.000000000000000000e+00 1.000000000000000000e+00
1.716278412357996941e+09 -1.001201343536376953e+01 9.252380371093750000e+00 -1.139740228652954102e+00 0.000000000000000000e+00 0.000000000000000000e+00 0.000000000000000000e+00 1.000000000000000000e+00
1.716278412458659410e+09 -9.941518783569335938e+00 9.186515808105468750e+00 -1.133046269416809082e+00 0.000000000000000000e+00 0.000000000000000000e+00 0.000000000000000000e+00 1.000000000000000000e+00
1.716278412509006262e+09 -9.869823455810548651e+00 9.119827270507812500e+00 -1.138947963714599609e+00 0.000000000000000000e+00 0.000000000000000000e+00 0.000000000000000000e+00 1.000000000000000000e+00
1.716278412559099674e+09 -9.834656715393066406e+00 9.087700843811035156e+00 -1.142847418785095215e+00 0.000000000000000000e+00 0.000000000000000000e+00 0.000000000000000000e+00 1.000000000000000000e+00
1.716278412659438610e+09 -9.765491485595703125e+00 9.024372100830078125e+00 -1.137760639190673828e+00 0.000000000000000000e+00 0.000000000000000000e+00 0.000000000000000000e+00 1.000000000000000000e+00
1.716278412709804296e+09 -9.694164276123048651e+00 8.959535598754882812e+00 -1.145767450332641602e+00 0.000000000000000000e+00 0.000000000000000000e+00 0.000000000000000000e+00 1.000000000000000000e+00
1.716278412759963274e+09 -9.658945083618164062e+00 8.927174568176269531e+00 -1.150392770767211914e+00 0.000000000000000000e+00 0.000000000000000000e+00 0.000000000000000000e+00 1.000000000000000000e+00
1.716278412810280800e+09 -9.624108314514160156e+00 8.894269943237304688e+00 -1.155386209487915039e+00 0.000000000000000000e+00 0.000000000000000000e+00 0.000000000000000000e+00 1.000000000000000000e+00
1.716278412910540342e+09 -9.517144203186035156e+00 8.793735504150390625e+00 -1.154764890670776367e+00 0.000000000000000000e+00 0.000000000000000000e+00 0.000000000000000000e+00 1.000000000000000000e+00
1.716278412960868359e+09 -9.482379913330078125e+00 8.760594367980957031e+00 -1.160045742988586426e+00 0.000000000000000000e+00 0.000000000000000000e+00 0.000000000000000000e+00 1.000000000000000000e+00
1.716278413010906696e+09 -9.446067810058593750e+00 8.726152420043945312e+00 -1.165141224861145020e+00 0.000000000000000000e+00 0.000000000000000000e+00 0.000000000000000000e+00 1.000000000000000000e+00
1.716278413112332344e+09 -9.337211608886720526e+00 8.624969482421875000e+00 -1.167773008346557617e+00 0.000000000000000000e+00 0.000000000000000000e+00 0.000000000000000000e+00 1.000000000000000000e+00
1.716278413161694527e+09 -9.300115585327148438e+00 8.591003417968750000e+00 -1.173802018165588379e+00 0.000000000000000000e+00 0.000000000000000000e+00 0.000000000000000000e+00 1.000000000000000000e+00
1.716278413211733818e+09 -9.263218879699708808e+00 8.556739807128906250e+00 -1.179997920989990234e+00 0.000000000000000000e+00 0.000000000000000000e+00 0.000000000000000000e+00 1.000000000000000000e+00
1.716278413312625885e+09 -9.152838706970216620e+00 8.453697204589843750e+00 -1.183398127555847168e+00 0.000000000000000000e+00 0.000000000000000000e+00 0.000000000000000000e+00 1.000000000000000000e+00
1.716278413362459660e+09 -9.114520072937011719e+00 8.418153762817382812e+00 -1.188659906387329102e+00 0.000000000000000000e+00 0.000000000000000000e+00 0.000000000000000000e+00 1.000000000000000000e+00
1.716278413413873672e+09 -9.074456214904783380e+00 8.381361961364746094e+00 -1.194208502769470215e+00 0.000000000000000000e+00 0.000000000000000000e+00 0.000000000000000000e+00 1.000000000000000000e+00
1.716278413513290405e+09 -8.959097862243652344e+00 8.278080940246582031e+00 -1.195471644401550293e+00 0.000000000000000000e+00 0.000000000000000000e+00 0.000000000000000000e+00 1.000000000000000000e+00
1.716278413563078165e+09 -8.920503616333007812e+00 8.244478225708007812e+00 -1.199920654296875000e+00 0.000000000000000000e+00 0.000000000000000000e+00 0.000000000000000000e+00 1.000000000000000000e+00
1.716278413613587618e+09 -8.879305839538574219e+00 8.209215164184570312e+00 -1.204128861427307129e+00 0.000000000000000000e+00 0.000000000000000000e+00 0.000000000000000000e+00 1.000000000000000000e+00
1.716278413714098930e+09 -8.762834548950195312e+00 8.109622001647949219e+00 -1.201603055000305176e+00 0.000000000000000000e+00 0.000000000000000000e+00 0.000000000000000000e+00 1.000000000000000000e+00
1.716278413764112949e+09 -8.722745895385742188e+00 8.077653884887695312e+00 -1.205630898475646973e+00 0.000000000000000000e+00 0.000000000000000000e+00 0.000000000000000000e+00 1.000000000000000000e+00
1.716278413814355373e+09 -8.681636810302734375e+00 8.045516967773437500e+00 -1.208853363990783691e+00 0.000000000000000000e+00 0.000000000000000000e+00 0.000000000000000000e+00 1.000000000000000000e+00
1.716278413864703417e+09 -8.605454444885253906e+00 7.981033802032470703e+00 -1.200826287269592507e+00 0.000000000000000000e+00 0.000000000000000000e+00 0.000000000000000000e+00 1.000000000000000000e+00
1.716278413914914131e+09 -8.564936637878417969e+00 7.949918746948242188e+00 -1.203431725502014160e+00 0.000000000000000000e+00 0.000000000000000000e+00 0.000000000000000000e+00 1.000000000000000000e+00
1.716278413964970350e+09 -8.525156021118164062e+00 7.919687271118164062e+00 -1.205458998680114746e+00 0.000000000000000000e+00 0.000000000000000000e+00 0.000000000000000000e+00 1.000000000000000000e+00
1.716278414015082836e+09 -8.485888481140136719e+00 7.890495777130126953e+00 -1.207165479660034180e+00 0.000000000000000000e+00 0.000000000000000000e+00 0.000000000000000000e+00 1.000000000000000000e+00
1.716278414066298723e+09 -8.415430068969726562e+00 7.832251071929931641e+00 -1.197846412658691406e+00 0.000000000000000000e+00 0.000000000000000000e+00 0.000000000000000000e+00 1.000000000000000000e+00
1.716278414117714882e+09 -8.378873825073242188e+00 7.806395530700683594e+00 -1.198774099349975586e+00 0.000000000000000000e+00 0.000000000000000000e+00 0.000000000000000000e+00 1.000000000000000000e+00
1.716278414165872812e+09 -8.342992782592773438e+00 7.781588077545166016e+00 -1.198874711990356445e+00 0.000000000000000000e+00 0.000000000000000000e+00 0.000000000000000000e+00 1.000000000000000000e+00
1.716278414215949059e+09 -8.274699211120605469e+00 7.732129096984863281e+00 -1.196445584297180176e+00 0.000000000000000000e+00 0.000000000000000000e+00 0.000000000000000000e+00 1.000000000000000000e+00
1.716278414316697836e+09 -8.214128494262695312e+00 7.681484222412109375e+00 -1.186517596244812012e+00 0.000000000000000000e+00 0.000000000000000000e+00 0.000000000000000000e+00 1.000000000000000000e+00
1.716278414366873741e+09 -8.184377670288085938e+00 7.658439159393310547e+00 -1.184162974357604980e+00 0.000000000000000000e+00 0.000000000000000000e+00 0.000000000000000000e+00 1.000000000000000000e+00
1.716278414467130423e+09 -8.105446815490722656e+00 7.593071460723876953e+00 -1.169106602668762207e+00 0.000000000000000000e+00 0.000000000000000000e+00 0.000000000000000000e+00 1.000000000000000000e+00
1.716278414517259121e+09 -8.081635475158691406e+00 7.573708534240722656e+00 -1.163846850395202637e+00 0.000000000000000000e+00 0.000000000000000000e+00 0.000000000000000000e+00 1.000000000000000000e+00
1.716278414567493677e+09 -8.058350563049316406e+00 7.554072380065917969e+00 -1.157756328582763672e+00 0.000000000000000000e+00 0.000000000000000000e+00 0.000000000000000000e+00 1.000000000000000000e+00
1.716278414667802572e+09 -8.002112388610839844e+00 7.500769138336181641e+00 -1.137802958488464355e+00 0.000000000000000000e+00 0.000000000000000000e+00 0.000000000000000000e+00 1.000000000000000000e+00
1.716278414868849516e+09 -7.943503856658934659e+00 7.435245990753173828e+00 -1.112709164619445801e+00 0.000000000000000000e+00 0.000000000000000000e+00 0.000000000000000000e+00 1.000000000000000000e+00
1.716278414918928862e+09 -7.931669712066650391e+00 7.419443607330322266e+00 -1.108000040054321289e+00 0.000000000000000000e+00 0.000000000000000000e+00 0.000000000000000000e+00 1.000000000000000000e+00
1.716278415019201517e+09 -7.908419609069824219e+00 7.392741203308105469e+00 -1.100497364997863770e+00 0.000000000000000000e+00 0.000000000000000000e+00 0.000000000000000000e+00 1.000000000000000000e+00
1.716278415069551468e+09 -7.889457225799559659e+00 7.363754272460937500e+00 -1.095007181167602317e+00 0.000000000000000000e+00 0.000000000000000000e+00 0.000000000000000000e+00 1.000000000000000000e+00
1.716278415119698286e+09 -7.872980117797851562e+00 7.342164993286132812e+00 -1.090887904167175293e+00 0.000000000000000000e+00 0.000000000000000000e+00 0.000000000000000000e+00 1.000000000000000000e+00
1.716278415169955730e+09 -7.866703033447265625e+00 7.330841064453125000e+00 -1.090785145759582297e+00 0.000000000000000000e+00 0.000000000000000000e+00 0.000000000000000000e+00 1.000000000000000000e+00
1.716278415220069885e+09 -7.861201763153076172e+00 7.320027351379393643e+00 -1.091144084930419922e+00 0.000000000000000000e+00 0.000000000000000000e+00 0.000000000000000000e+00 1.000000000000000000e+00
1.716278415270102739e+09 -7.855236530303955078e+00 7.309473514556884766e+00 -1.092169880867004395e+00 0.000000000000000000e+00 0.000000000000000000e+00 0.000000000000000000e+00 1.000000000000000000e+00
1.716278415370557547e+09 -7.844160079956054688e+00 7.289982795715332031e+00 -1.095566749572753906e+00 0.000000000000000000e+00 0.000000000000000000e+00 0.000000000000000000e+00 1.000000000000000000e+00
1.716278415420635939e+09 -7.832382202148436612e+00 7.275267601013183594e+00 -1.096108913421630859e+00 0.000000000000000000e+00 0.000000000000000000e+00 0.000000000000000000e+00 1.000000000000000000e+00
1.716278415470782757e+09 -7.826563835144042969e+00 7.266674995422363281e+00 -1.099640130996704102e+00 0.000000000000000000e+00 0.000000000000000000e+00 0.000000000000000000e+00 1.000000000000000000e+00
1.716278415571124554e+09 -7.807138442993164062e+00 7.246181964874267578e+00 -1.105537772178649902e+00 0.000000000000000000e+00 0.000000000000000000e+00 0.000000000000000000e+00 1.000000000000000000e+00
1.716278415624783039e+09 -7.799849510192871094e+00 7.240136146545410156e+00 -1.110566020011902078e+00 0.000000000000000000e+00 0.000000000000000000e+00 0.000000000000000000e+00 1.000000000000000000e+00
1.716278415672478914e+09 -7.792349338531494141e+00 7.234174728393554688e+00 -1.115973949432373047e+00 0.000000000000000000e+00 0.000000000000000000e+00 0.000000000000000000e+00 1.000000000000000000e+00
1.716278415721702337e+09 -7.777628898620604581e+00 7.224503040313720703e+00 -1.128036260604858398e+00 0.000000000000000000e+00 0.000000000000000000e+00 0.000000000000000000e+00 1.000000000000000000e+00
1.716278415821995735e+09 -7.765693187713623047e+00 7.215877056121826172e+00 -1.133023381233215110e+00 0.000000000000000000e+00 0.000000000000000000e+00 0.000000000000000000e+00 1.000000000000000000e+00
1.716278415872083902e+09 -7.748910903930664062e+00 7.209265708923339844e+00 -1.146773457527160645e+00 0.000000000000000000e+00 0.000000000000000000e+00 0.000000000000000000e+00 1.000000000000000000e+00
1.716278415972401142e+09 -7.736049175262451172e+00 7.202718257904052734e+00 -1.152848720550537109e+00 0.000000000000000000e+00 0.000000000000000000e+00 0.000000000000000000e+00 1.000000000000000000e+00
1.716278416026251793e+09 -7.726679801940917969e+00 7.199659824371337891e+00 -1.159765720367431641e+00 0.000000000000000000e+00 0.000000000000000000e+00 0.000000000000000000e+00 1.000000000000000000e+00
1.716278416122726917e+09 -7.697594165802001953e+00 7.194036006927490234e+00 -1.181695699691772461e+00 0.000000000000000000e+00 0.000000000000000000e+00 0.000000000000000000e+00 1.000000000000000000e+00
1.716278416223041296e+09 -7.683839797973632812e+00 7.189897537231445312e+00 -1.187725305557250977e+00 0.000000000000000000e+00 0.000000000000000000e+00 0.000000000000000000e+00 1.000000000000000000e+00
1.716278416273151398e+09 -7.673923969268798828e+00 7.189956665039063388e+00 -1.195754289627075195e+00 0.000000000000000000e+00 0.000000000000000000e+00 0.000000000000000000e+00 1.000000000000000000e+00
1.716278416323563576e+09 -7.663027286529541016e+00 7.190550327301025391e+00 -1.205101013183593750e+00 0.000000000000000000e+00 0.000000000000000000e+00 0.000000000000000000e+00 1.000000000000000000e+00
1.716278416373574734e+09 -7.653256893157958984e+00 7.190413475036621094e+00 -1.213128447532653809e+00 0.000000000000000000e+00 0.000000000000000000e+00 0.000000000000000000e+00 1.000000000000000000e+00
1.716278416423762321e+09 -7.639300346374511719e+00 7.187211036682128906e+00 -1.221054434776306152e+00 0.000000000000000000e+00 0.000000000000000000e+00 0.000000000000000000e+00 1.000000000000000000e+00
1.716278416474158287e+09 -7.628654479980468750e+00 7.187466621398925781e+00 -1.230401635169982910e+00 0.000000000000000000e+00 0.000000000000000000e+00 0.000000000000000000e+00 1.000000000000000000e+00
1.716278416524379730e+09 -7.617697238922119141e+00 7.187849044799804688e+00 -1.240220665931701660e+00 0.000000000000000000e+00 0.000000000000000000e+00 0.000000000000000000e+00 1.000000000000000000e+00
1.716278416574412346e+09 -7.607666969299316406e+00 7.188838005065917969e+00 -1.249751567840576172e+00 0.000000000000000000e+00 0.000000000000000000e+00 0.000000000000000000e+00 1.000000000000000000e+00
1.716278416624618530e+09 -7.596849441528320312e+00 7.189209461212158203e+00 -1.259076237678527832e+00 0.000000000000000000e+00 0.000000000000000000e+00 0.000000000000000000e+00 1.000000000000000000e+00
1.716278416674906969e+09 -7.583046436309814453e+00 7.187166213989257812e+00 -1.267163276672363281e+00 0.000000000000000000e+00 0.000000000000000000e+00 0.000000000000000000e+00 1.000000000000000000e+00
1.716278416724951744e+09 -7.572671413421630859e+00 7.188657283782958984e+00 -1.276139736175537109e+00 0.000000000000000000e+00 0.000000000000000000e+00 0.000000000000000000e+00 1.000000000000000000e+00
1.716278416775144339e+09 -7.561594486236572266e+00 7.189541339874267578e+00 -1.284646391868591309e+00 0.000000000000000000e+00 0.000000000000000000e+00 0.000000000000000000e+00 1.000000000000000000e+00
1.716278416825639486e+09 -7.550940990447998047e+00 7.191420078277587891e+00 -1.293249607086181641e+00 0.000000000000000000e+00 0.000000000000000000e+00 0.000000000000000000e+00 1.000000000000000000e+00
1.716278416926018238e+09 -7.529516220092773438e+00 7.194179058074951172e+00 -1.309297919273376465e+00 0.000000000000000000e+00 0.000000000000000000e+00 0.000000000000000000e+00 1.000000000000000000e+00
1.716278416976298809e+09 -7.521224975585937500e+00 7.196777820587158203e+00 -1.317222476005554199e+00 0.000000000000000000e+00 0.000000000000000000e+00 0.000000000000000000e+00 1.000000000000000000e+00
1.716278417026752234e+09 -7.512903213500976562e+00 7.199433803558349609e+00 -1.325034737586975098e+00 0.000000000000000000e+00 0.000000000000000000e+00 0.000000000000000000e+00 1.000000000000000000e+00
1.716278417127225637e+09 -7.495203971862792969e+00 7.204359531402587891e+00 -1.340487241744995117e+00 0.000000000000000000e+00 0.000000000000000000e+00 0.000000000000000000e+00 1.000000000000000000e+00
1.716278417177072525e+09 -7.487186431884765625e+00 7.208989143371582031e+00 -1.349938631057739258e+00 0.000000000000000000e+00 0.000000000000000000e+00 0.000000000000000000e+00 1.000000000000000000e+00
1.716278417227241755e+09 -7.479983806610107422e+00 7.213014125823974609e+00 -1.358715415000915527e+00 0.000000000000000000e+00 0.000000000000000000e+00 0.000000000000000000e+00 1.000000000000000000e+00
1.716278417327577591e+09 -7.467678546905517578e+00 7.221769809722900391e+00 -1.376386165618896484e+00 0.000000000000000000e+00 0.000000000000000000e+00 0.000000000000000000e+00 1.000000000000000000e+00
1.716278417377743006e+09 -7.462970256805419922e+00 7.226287364959716797e+00 -1.384798645973205566e+00 0.000000000000000000e+00 0.000000000000000000e+00 0.000000000000000000e+00 1.000000000000000000e+00
1.716278417427776337e+09 -7.458772659301757812e+00 7.230391025543212891e+00 -1.392889261245727539e+00 0.000000000000000000e+00 0.000000000000000000e+00 0.000000000000000000e+00 1.000000000000000000e+00
1.716278417478064537e+09 -7.454908370971679688e+00 7.234194755554199219e+00 -1.400836825370788574e+00 0.000000000000000000e+00 0.000000000000000000e+00 0.000000000000000000e+00 1.000000000000000000e+00
1.716278417578544855e+09 -7.453829288482666016e+00 7.240760803222656250e+00 -1.409576892852783203e+00 0.000000000000000000e+00 0.000000000000000000e+00 0.000000000000000000e+00 1.000000000000000000e+00
1.716278417629780293e+09 -7.449047088623046875e+00 7.249753475189208984e+00 -1.425456166267395020e+00 0.000000000000000000e+00 0.000000000000000000e+00 0.000000000000000000e+00 1.000000000000000000e+00
1.716278417678850889e+09 -7.447601795196533203e+00 7.253787994384765625e+00 -1.433940410614013672e+00 0.000000000000000000e+00 0.000000000000000000e+00 0.000000000000000000e+00 1.000000000000000000e+00
1.716278417729057550e+09 -7.446866035461425781e+00 7.257096290588378906e+00 -1.442394614219665527e+00 0.000000000000000000e+00 0.000000000000000000e+00 0.000000000000000000e+00 1.000000000000000000e+00
1.716278417830440283e+09 -7.451052188873291016e+00 7.263611793518066406e+00 -1.452496528625488503e+00 0.000000000000000000e+00 0.000000000000000000e+00 0.000000000000000000e+00 1.000000000000000000e+00
1.716278417879745722e+09 -7.452250957489013672e+00 7.266415119171142578e+00 -1.460929751396179199e+00 0.000000000000000000e+00 0.000000000000000000e+00 0.000000000000000000e+00 1.000000000000000000e+00
1.716278417929856777e+09 -7.456715106964111328e+00 7.273189067840576172e+00 -1.476984024047851562e+00 0.000000000000000000e+00 0.000000000000000000e+00 0.000000000000000000e+00 1.000000000000000000e+00
1.716278418029994726e+09 -7.463638782501220703e+00 7.280312061309814453e+00 -1.485940337181091309e+00 0.000000000000000000e+00 0.000000000000000000e+00 0.000000000000000000e+00 1.000000000000000000e+00
1.716278418080294371e+09 -7.466826915740966797e+00 7.282943248748779297e+00 -1.493381857872009277e+00 0.000000000000000000e+00 0.000000000000000000e+00 0.000000000000000000e+00 1.000000000000000000e+00
1.716278418133156776e+09 -7.476055145263671875e+00 7.286962985992431641e+00 -1.507758975028991699e+00 0.000000000000000000e+00 0.000000000000000000e+00 0.000000000000000000e+00 1.000000000000000000e+00
1.716278418180623770e+09 -7.481641769409179688e+00 7.288513183593750000e+00 -1.515432953834533691e+00 0.000000000000000000e+00 0.000000000000000000e+00 0.000000000000000000e+00 1.000000000000000000e+00
1.716278418280738592e+09 -7.491278171539306641e+00 7.295545578002929688e+00 -1.525031685829162598e+00 0.000000000000000000e+00 0.000000000000000000e+00 0.000000000000000000e+00 1.000000000000000000e+00
1.716278418330930233e+09 -7.497210502624511719e+00 7.307343006134033203e+00 -1.532285332679748313e+00 0.000000000000000000e+00 0.000000000000000000e+00 0.000000000000000000e+00 1.000000000000000000e+00
1.716278418581863642e+09 -7.512891769409179688e+00 7.325990676879882812e+00 -1.534812450408935547e+00 0.000000000000000000e+00 0.000000000000000000e+00 0.000000000000000000e+00 1.000000000000000000e+00
1.716278418631981373e+09 -7.512376785278320312e+00 7.332568645477294922e+00 -1.538213729858398438e+00 0.000000000000000000e+00 0.000000000000000000e+00 0.000000000000000000e+00 1.000000000000000000e+00
1.716278418682206631e+09 -7.513510227203369141e+00 7.339596271514892578e+00 -1.536410331726074219e+00 0.000000000000000000e+00 0.000000000000000000e+00 0.000000000000000000e+00 1.000000000000000000e+00
1.716278418732695103e+09 -7.516613960266113281e+00 7.342729091644287109e+00 -1.539169549942016602e+00 0.000000000000000000e+00 0.000000000000000000e+00 0.000000000000000000e+00 1.000000000000000000e+00
1.716278418782435417e+09 -7.517572879791259766e+00 7.341911315917968750e+00 -1.538771271705627441e+00 0.000000000000000000e+00 0.000000000000000000e+00 0.000000000000000000e+00 1.000000000000000000e+00
1.716278418833037138e+09 -7.516743659973143643e+00 7.339475631713867188e+00 -1.539514780044555664e+00 0.000000000000000000e+00 0.000000000000000000e+00 0.000000000000000000e+00 1.000000000000000000e+00
1.716278418882796526e+09 -7.515226364135742188e+00 7.338061809539794922e+00 -1.539489269256591797e+00 0.000000000000000000e+00 0.000000000000000000e+00 0.000000000000000000e+00 1.000000000000000000e+00
1.716278418932961941e+09 -7.510946273803710938e+00 7.335394859313964844e+00 -1.538524508476257102e+00 0.000000000000000000e+00 0.000000000000000000e+00 0.000000000000000000e+00 1.000000000000000000e+00
1.716278418983139992e+09 -7.508999347686767578e+00 7.334298133850097656e+00 -1.538797378540039062e+00 0.000000000000000000e+00 0.000000000000000000e+00 0.000000000000000000e+00 1.000000000000000000e+00
1.716278419083402634e+09 -7.505162239074707031e+00 7.330786228179931641e+00 -1.538783073425292969e+00 0.000000000000000000e+00 0.000000000000000000e+00 0.000000000000000000e+00 1.000000000000000000e+00
1.716278419183661222e+09 -7.503936767578125000e+00 7.330567359924316406e+00 -1.538745403289794922e+00 0.000000000000000000e+00 0.000000000000000000e+00 0.000000000000000000e+00 1.000000000000000000e+00
1.716278419234163284e+09 -7.504885673522949219e+00 7.331134796142578125e+00 -1.538624644279479980e+00 0.000000000000000000e+00 0.000000000000000000e+00 0.000000000000000000e+00 1.000000000000000000e+00
1.716278419334439516e+09 -7.505774497985839844e+00 7.331648826599121094e+00 -1.538783907890319824e+00 0.000000000000000000e+00 0.000000000000000000e+00 0.000000000000000000e+00 1.000000000000000000e+00
1.716278419434767008e+09 -7.504692554473876953e+00 7.331349372863769531e+00 -1.538584113121032715e+00 0.000000000000000000e+00 0.000000000000000000e+00 0.000000000000000000e+00 1.000000000000000000e+00
1.716278419484900236e+09 -7.504745483398436612e+00 7.331239223480224609e+00 -1.538719892501831055e+00 0.000000000000000000e+00 0.000000000000000000e+00 0.000000000000000000e+00 1.000000000000000000e+00
1.716278419535120726e+09 -7.504264354705809659e+00 7.330288410186767578e+00 -1.538608074188232422e+00 0.000000000000000000e+00 0.000000000000000000e+00 0.000000000000000000e+00 1.000000000000000000e+00
1.716278419585185051e+09 -7.504168987274169922e+00 7.330367565155029297e+00 -1.538653612136840820e+00 0.000000000000000000e+00 0.000000000000000000e+00 0.000000000000000000e+00 1.000000000000000000e+00
1.716278419635415554e+09 -7.503989696502684659e+00 7.330562591552734375e+00 -1.538625836372375710e+00 0.000000000000000000e+00 0.000000000000000000e+00 0.000000000000000000e+00 1.000000000000000000e+00
1.716278419687952757e+09 -7.504088401794433594e+00 7.330493927001953125e+00 -1.538546562194824219e+00 0.000000000000000000e+00 0.000000000000000000e+00 0.000000000000000000e+00 1.000000000000000000e+00
1.716278419735885143e+09 -7.504984378814697266e+00 7.330959796905517578e+00 -1.538803815841674805e+00 0.000000000000000000e+00 0.000000000000000000e+00 0.000000000000000000e+00 1.000000000000000000e+00
1.716278419785867691e+09 -7.505002498626708984e+00 7.330984592437744141e+00 -1.538698315620422363e+00 0.000000000000000000e+00 0.000000000000000000e+00 0.000000000000000000e+00 1.000000000000000000e+00
1.716278419836197138e+09 -7.504764556884765625e+00 7.331252098083496094e+00 -1.538641571998596191e+00 0.000000000000000000e+00 0.000000000000000000e+00 0.000000000000000000e+00 1.000000000000000000e+00
1.716278419886680365e+09 -7.504742145538330078e+00 7.331261157989501953e+00 -1.538673639297485352e+00 0.000000000000000000e+00 0.000000000000000000e+00 0.000000000000000000e+00 1.000000000000000000e+00
1.716278419936566114e+09 -7.504066467285156250e+00 7.330500125885009766e+00 -1.538585543632507102e+00 0.000000000000000000e+00 0.000000000000000000e+00 0.000000000000000000e+00 1.000000000000000000e+00
1.716278419986693382e+09 -7.504140377044677734e+00 7.330410957336425781e+00 -1.538618445396423118e+00 0.000000000000000000e+00 0.000000000000000000e+00 0.000000000000000000e+00 1.000000000000000000e+00
1.716278420036729097e+09 -7.503895282745361328e+00 7.330683231353759766e+00 -1.538566589355468750e+00 0.000000000000000000e+00 0.000000000000000000e+00 0.000000000000000000e+00 1.000000000000000000e+00
1.716278420086996794e+09 -7.504087448120117188e+00 7.330506324768066406e+00 -1.538519024848937988e+00 0.000000000000000000e+00 0.000000000000000000e+00 0.000000000000000000e+00 1.000000000000000000e+00
1.716278420237286568e+09 -7.504719257354736328e+00 7.331259727478027344e+00 -1.538734912872314453e+00 0.000000000000000000e+00 0.000000000000000000e+00 0.000000000000000000e+00 1.000000000000000000e+00
1.716278420287547112e+09 -7.504067420959472656e+00 7.330514430999755859e+00 -1.538549542427062988e+00 0.000000000000000000e+00 0.000000000000000000e+00 0.000000000000000000e+00 1.000000000000000000e+00
1.716278420337606668e+09 -7.504166126251220703e+00 7.330383777618408203e+00 -1.538620114326477051e+00 0.000000000000000000e+00 0.000000000000000000e+00 0.000000000000000000e+00 1.000000000000000000e+00
1.716278420387917757e+09 -7.504084587097167969e+00 7.330485820770263672e+00 -1.538575530052185059e+00 0.000000000000000000e+00 0.000000000000000000e+00 0.000000000000000000e+00 1.000000000000000000e+00
1.716278420488185167e+09 -7.504802703857421875e+00 7.331169605255126953e+00 -1.538745403289794922e+00 0.000000000000000000e+00 0.000000000000000000e+00 0.000000000000000000e+00 1.000000000000000000e+00
1.716278420538364649e+09 -7.504886627197265625e+00 7.331083774566650391e+00 -1.538746118545532227e+00 0.000000000000000000e+00 0.000000000000000000e+00 0.000000000000000000e+00 1.000000000000000000e+00
1.716278420588682890e+09 -7.504868507385253906e+00 7.331090927124023438e+00 -1.538773775100708008e+00 0.000000000000000000e+00 0.000000000000000000e+00 0.000000000000000000e+00 1.000000000000000000e+00
1.716278420688972473e+09 -7.504098892211914062e+00 7.330470085144042969e+00 -1.538578152656555176e+00 0.000000000000000000e+00 0.000000000000000000e+00 0.000000000000000000e+00 1.000000000000000000e+00
1.716278420739225626e+09 -7.504050254821777344e+00 7.330502033233642578e+00 -1.538622736930847168e+00 0.000000000000000000e+00 0.000000000000000000e+00 0.000000000000000000e+00 1.000000000000000000e+00
1.716278420839352608e+09 -7.504138469696044922e+00 7.330412387847900391e+00 -1.538619756698608398e+00 0.000000000000000000e+00 0.000000000000000000e+00 0.000000000000000000e+00 1.000000000000000000e+00
