# timestamp tx ty tz qx qy qz qw
1.716292610313838959e+09 -3.929233074188231978e+00 -3.895935058593750000e+00 6.856948733329772949e-01 0.000000000000000000e+00 0.000000000000000000e+00 0.000000000000000000e+00 1.000000000000000000e+00
1.716292610363620520e+09 -3.929213285446166992e+00 -3.895938396453857422e+00 6.856136918067932129e-01 0.000000000000000000e+00 0.000000000000000000e+00 0.000000000000000000e+00 1.000000000000000000e+00
1.716292610414860010e+09 -3.929935932159423828e+00 -3.896611690521239790e+00 6.854530572891235352e-01 0.000000000000000000e+00 0.000000000000000000e+00 0.000000000000000000e+00 1.000000000000000000e+00
1.716292610463992596e+09 -3.929738283157348633e+00 -3.896829128265380859e+00 6.855419874191284180e-01 0.000000000000000000e+00 0.000000000000000000e+00 0.000000000000000000e+00 1.000000000000000000e+00
1.716292610514267683e+09 -3.929620027542113814e+00 -3.895552873611450195e+00 6.857341527938842773e-01 0.000000000000000000e+00 0.000000000000000000e+00 0.000000000000000000e+00 1.000000000000000000e+00
1.716292610564418077e+09 -3.930228233337401456e+00 -3.896347999572753906e+00 6.856048703193664551e-01 0.000000000000000000e+00 0.000000000000000000e+00 0.000000000000000000e+00 1.000000000000000000e+00
1.716292610664697886e+09 -3.929939031600952148e+00 -3.896582841873168945e+00 6.853260397911071777e-01 0.000000000000000000e+00 0.000000000000000000e+00 0.000000000000000000e+00 1.000000000000000000e+00
1.716292610716633558e+09 -3.929223775863647905e+00 -3.895923137664794922e+00 6.855900287628173828e-01 0.000000000000000000e+00 0.000000000000000000e+00 0.000000000000000000e+00 1.000000000000000000e+00
1.716292610765129805e+09 -3.929314374923706055e+00 -3.895849466323852983e+00 6.856765151023864746e-01 0.000000000000000000e+00 0.000000000000000000e+00 0.000000000000000000e+00 1.000000000000000000e+00
1.716292610815407276e+09 -3.929459095001220703e+00 -3.895701169967651367e+00 6.856664419174194336e-01 0.000000000000000000e+00 0.000000000000000000e+00 0.000000000000000000e+00 1.000000000000000000e+00
1.716292610865725994e+09 -3.930125951766968218e+00 -3.896414279937744141e+00 6.854242086410522461e-01 0.000000000000000000e+00 0.000000000000000000e+00 0.000000000000000000e+00 1.000000000000000000e+00
1.716292610915748596e+09 -3.930037021636962891e+00 -3.896497488021850586e+00 6.853922605514526367e-01 0.000000000000000000e+00 0.000000000000000000e+00 0.000000000000000000e+00 1.000000000000000000e+00
1.716292610965894699e+09 -3.929515838623046875e+00 -3.895659685134888139e+00 6.857428550720214844e-01 0.000000000000000000e+00 0.000000000000000000e+00 0.000000000000000000e+00 1.000000000000000000e+00
1.716292611066101551e+09 -3.929453372955321822e+00 -3.895732402801513672e+00 6.857901811599731445e-01 0.000000000000000000e+00 0.000000000000000000e+00 0.000000000000000000e+00 1.000000000000000000e+00
1.716292611116219044e+09 -3.929165840148925781e+00 -3.895992040634155273e+00 6.856406927108764648e-01 0.000000000000000000e+00 0.000000000000000000e+00 0.000000000000000000e+00 1.000000000000000000e+00
1.716292611166480303e+09 -3.928437232971191850e+00 -3.896611452102661133e+00 6.850767731666564941e-01 0.000000000000000000e+00 0.000000000000000000e+00 0.000000000000000000e+00 1.000000000000000000e+00
1.716292611216515303e+09 -3.926909685134888139e+00 -3.898098945617675781e+00 6.848221421241760254e-01 0.000000000000000000e+00 0.000000000000000000e+00 0.000000000000000000e+00 1.000000000000000000e+00
1.716292611266721964e+09 -3.926827192306518999e+00 -3.898188829421997070e+00 6.848550438880920410e-01 0.000000000000000000e+00 0.000000000000000000e+00 0.000000000000000000e+00 1.000000000000000000e+00
1.716292611316859484e+09 -3.926801919937133789e+00 -3.898204326629639116e+00 6.848061680793762207e-01 0.000000000000000000e+00 0.000000000000000000e+00 0.000000000000000000e+00 1.000000000000000000e+00
1.716292611417136669e+09 -3.926436185836791992e+00 -3.898536205291748047e+00 6.846275329589843750e-01 0.000000000000000000e+00 0.000000000000000000e+00 0.000000000000000000e+00 1.000000000000000000e+00
1.716292611467278004e+09 -3.926260471343994141e+00 -3.898704767227172852e+00 6.845862865447998047e-01 0.000000000000000000e+00 0.000000000000000000e+00 0.000000000000000000e+00 1.000000000000000000e+00
1.716292611567778349e+09 -3.926274538040161133e+00 -3.898692131042480913e+00 6.845926642417907715e-01 0.000000000000000000e+00 0.000000000000000000e+00 0.000000000000000000e+00 1.000000000000000000e+00
1.716292611618087530e+09 -3.926367044448852983e+00 -3.898581266403198242e+00 6.845064163208007812e-01 0.000000000000000000e+00 0.000000000000000000e+00 0.000000000000000000e+00 1.000000000000000000e+00
1.716292611668274879e+09 -3.926429510116577148e+00 -3.898512840270996094e+00 6.844789385795593262e-01 0.000000000000000000e+00 0.000000000000000000e+00 0.000000000000000000e+00 1.000000000000000000e+00
1.716292611718365431e+09 -3.926552295684815341e+00 -3.898398160934447798e+00 6.845229864120483398e-01 0.000000000000000000e+00 0.000000000000000000e+00 0.000000000000000000e+00 1.000000000000000000e+00
1.716292611818676710e+09 -3.926379442214965820e+00 -3.898566246032714844e+00 6.844946146011352539e-01 0.000000000000000000e+00 0.000000000000000000e+00 0.000000000000000000e+00 1.000000000000000000e+00
1.716292611869001865e+09 -3.926297664642333984e+00 -3.898660659790039062e+00 6.845532655715942383e-01 0.000000000000000000e+00 0.000000000000000000e+00 0.000000000000000000e+00 1.000000000000000000e+00
1.716292611919131041e+09 -3.926083803176879883e+00 -3.898888111114501953e+00 6.846125125885009766e-01 0.000000000000000000e+00 0.000000000000000000e+00 0.000000000000000000e+00 1.000000000000000000e+00
1.716292611969261646e+09 -3.925941467285155806e+00 -3.899030208587647373e+00 6.846067309379577637e-01 0.000000000000000000e+00 0.000000000000000000e+00 0.000000000000000000e+00 1.000000000000000000e+00
1.716292612120005369e+09 -3.925798892974853516e+00 -3.899190902709960938e+00 6.846905350685119629e-01 0.000000000000000000e+00 0.000000000000000000e+00 0.000000000000000000e+00 1.000000000000000000e+00
1.716292612170212507e+09 -3.925884723663330078e+00 -3.899098396301269531e+00 6.846602559089660645e-01 0.000000000000000000e+00 0.000000000000000000e+00 0.000000000000000000e+00 1.000000000000000000e+00
1.716292612220331192e+09 -3.925487518310546875e+00 -3.898066043853760210e+00 6.846670508384704590e-01 0.000000000000000000e+00 0.000000000000000000e+00 0.000000000000000000e+00 1.000000000000000000e+00
1.716292612320644617e+09 -3.926103830337524858e+00 -3.898867845535278320e+00 6.846122145652770996e-01 0.000000000000000000e+00 0.000000000000000000e+00 0.000000000000000000e+00 1.000000000000000000e+00
1.716292612370884657e+09 -3.926124334335327148e+00 -3.898854732513428178e+00 6.846497058868408203e-01 0.000000000000000000e+00 0.000000000000000000e+00 0.000000000000000000e+00 1.000000000000000000e+00
1.716292612421171665e+09 -3.926095724105834961e+00 -3.898873329162597656e+00 6.845983862876892090e-01 0.000000000000000000e+00 0.000000000000000000e+00 0.000000000000000000e+00 1.000000000000000000e+00
1.716292612471339226e+09 -3.925323963165283203e+00 -3.898237943649291992e+00 6.847023367881774902e-01 0.000000000000000000e+00 0.000000000000000000e+00 0.000000000000000000e+00 1.000000000000000000e+00
1.716292612571597338e+09 -3.925800323486328125e+00 -3.899190425872802290e+00 6.846947669982910156e-01 0.000000000000000000e+00 0.000000000000000000e+00 0.000000000000000000e+00 1.000000000000000000e+00
1.716292612621882915e+09 -3.924949884414672852e+00 -3.898637056350708008e+00 6.848134398460388184e-01 0.000000000000000000e+00 0.000000000000000000e+00 0.000000000000000000e+00 1.000000000000000000e+00
1.716292612672169447e+09 -3.925048112869263139e+00 -3.898539304733276811e+00 6.848185658454895020e-01 0.000000000000000000e+00 0.000000000000000000e+00 0.000000000000000000e+00 1.000000000000000000e+00
1.716292612823724508e+09 -3.925135850906372070e+00 -3.898456335067749023e+00 6.848453283309936523e-01 0.000000000000000000e+00 0.000000000000000000e+00 0.000000000000000000e+00 1.000000000000000000e+00
1.716292612873296499e+09 -3.925088167190552202e+00 -3.898503303527832031e+00 6.848403215408325195e-01 0.000000000000000000e+00 0.000000000000000000e+00 0.000000000000000000e+00 1.000000000000000000e+00
1.716292612923619747e+09 -3.925051689147949219e+00 -3.898545503616333008e+00 6.848661303520202637e-01 0.000000000000000000e+00 0.000000000000000000e+00 0.000000000000000000e+00 1.000000000000000000e+00
1.716292612973722935e+09 -3.925079107284545898e+00 -3.898522853851318359e+00 6.848913431167602539e-01 0.000000000000000000e+00 0.000000000000000000e+00 0.000000000000000000e+00 1.000000000000000000e+00
1.716292613074019670e+09 -3.925243139266968218e+00 -3.898360013961791992e+00 6.849021911621093750e-01 0.000000000000000000e+00 0.000000000000000000e+00 0.000000000000000000e+00 1.000000000000000000e+00
1.716292613124139786e+09 -3.925503253936768022e+00 -3.898092985153198242e+00 6.848775148391723633e-01 0.000000000000000000e+00 0.000000000000000000e+00 0.000000000000000000e+00 1.000000000000000000e+00
1.716292613174345493e+09 -3.925774812698363814e+00 -3.897807836532592773e+00 6.848201751708984375e-01 0.000000000000000000e+00 0.000000000000000000e+00 0.000000000000000000e+00 1.000000000000000000e+00
1.716292613224481344e+09 -3.926206111907958984e+00 -3.897360563278198242e+00 6.847572922706604004e-01 0.000000000000000000e+00 0.000000000000000000e+00 0.000000000000000000e+00 1.000000000000000000e+00
1.716292613324939966e+09 -3.928408861160278320e+00 -3.896538734436035156e+00 6.845799684524536133e-01 0.000000000000000000e+00 0.000000000000000000e+00 0.000000000000000000e+00 1.000000000000000000e+00
1.716292613426577091e+09 -3.926550865173339844e+00 -3.895621061325072798e+00 6.849631071090698242e-01 0.000000000000000000e+00 0.000000000000000000e+00 0.000000000000000000e+00 1.000000000000000000e+00
1.716292613525874853e+09 -3.927247524261474609e+00 -3.894892930984497070e+00 6.848376989364624023e-01 0.000000000000000000e+00 0.000000000000000000e+00 0.000000000000000000e+00 1.000000000000000000e+00
1.716292613576071262e+09 -3.930259466171264648e+00 -3.894724845886231357e+00 6.848380565643310547e-01 0.000000000000000000e+00 0.000000000000000000e+00 0.000000000000000000e+00 1.000000000000000000e+00
1.716292613626357794e+09 -3.929867267608642578e+00 -3.892282724380493164e+00 6.849988698959350586e-01 0.000000000000000000e+00 0.000000000000000000e+00 0.000000000000000000e+00 1.000000000000000000e+00
1.716292613676514149e+09 -3.929949045181273526e+00 -3.890785694122314453e+00 6.851044297218322754e-01 0.000000000000000000e+00 0.000000000000000000e+00 0.000000000000000000e+00 1.000000000000000000e+00
1.716292613726624250e+09 -3.930407524108887163e+00 -3.888933897018432617e+00 6.853362321853637695e-01 0.000000000000000000e+00 0.000000000000000000e+00 0.000000000000000000e+00 1.000000000000000000e+00
1.716292613826997280e+09 -3.933141946792602539e+00 -3.888980627059936968e+00 6.850336790084838867e-01 0.000000000000000000e+00 0.000000000000000000e+00 0.000000000000000000e+00 1.000000000000000000e+00
1.716292613877153635e+09 -3.934063434600830078e+00 -3.888039827346801758e+00 6.849911212921142578e-01 0.000000000000000000e+00 0.000000000000000000e+00 0.000000000000000000e+00 1.000000000000000000e+00
1.716292613927505493e+09 -3.932915210723876953e+00 -3.887785673141479936e+00 6.850951313972473145e-01 0.000000000000000000e+00 0.000000000000000000e+00 0.000000000000000000e+00 1.000000000000000000e+00
1.716292613977636814e+09 -3.932005167007446289e+00 -3.888669013977050781e+00 6.849136352539062500e-01 0.000000000000000000e+00 0.000000000000000000e+00 0.000000000000000000e+00 1.000000000000000000e+00
1.716292614077884912e+09 -3.931519746780395952e+00 -3.891979217529296875e+00 6.846545934677124023e-01 0.000000000000000000e+00 0.000000000000000000e+00 0.000000000000000000e+00 1.000000000000000000e+00
1.716292614178637981e+09 -3.930025815963745117e+00 -3.892075538635253906e+00 6.847690939903259277e-01 0.000000000000000000e+00 0.000000000000000000e+00 0.000000000000000000e+00 1.000000000000000000e+00
1.716292614228836536e+09 -3.930135011672973633e+00 -3.890598297119140625e+00 6.851067543029785156e-01 0.000000000000000000e+00 0.000000000000000000e+00 0.000000000000000000e+00 1.000000000000000000e+00
1.716292614329195976e+09 -3.932384252548217773e+00 -3.889737844467163086e+00 6.849901676177978516e-01 0.000000000000000000e+00 0.000000000000000000e+00 0.000000000000000000e+00 1.000000000000000000e+00
1.716292614430745602e+09 -3.932236909866333008e+00 -3.888491153717041016e+00 6.851907968521118164e-01 0.000000000000000000e+00 0.000000000000000000e+00 0.000000000000000000e+00 1.000000000000000000e+00
1.716292614479813814e+09 -3.932244539260863814e+00 -3.888483524322509766e+00 6.851907968521118164e-01 0.000000000000000000e+00 0.000000000000000000e+00 0.000000000000000000e+00 1.000000000000000000e+00
1.716292614580259085e+09 -3.931964635848999023e+00 -3.890163183212279829e+00 6.849955320358276367e-01 0.000000000000000000e+00 0.000000000000000000e+00 0.000000000000000000e+00 1.000000000000000000e+00
1.716292614630647898e+09 -3.931139945983887163e+00 -3.890994548797607866e+00 6.849851608276367188e-01 0.000000000000000000e+00 0.000000000000000000e+00 0.000000000000000000e+00 1.000000000000000000e+00
1.716292614680830717e+09 -3.930458068847655806e+00 -3.891670465469359907e+00 6.849219202995300293e-01 0.000000000000000000e+00 0.000000000000000000e+00 0.000000000000000000e+00 1.000000000000000000e+00
1.716292614831263065e+09 -3.931515216827392578e+00 -3.890648841857910156e+00 6.851491332054138184e-01 0.000000000000000000e+00 0.000000000000000000e+00 0.000000000000000000e+00 1.000000000000000000e+00
1.716292614881337404e+09 -3.930623292922973633e+00 -3.890132427215576172e+00 6.852402687072753906e-01 0.000000000000000000e+00 0.000000000000000000e+00 0.000000000000000000e+00 1.000000000000000000e+00
1.716292614931580782e+09 -3.931032180786132812e+00 -3.891117095947265625e+00 6.850519776344299316e-01 0.000000000000000000e+00 0.000000000000000000e+00 0.000000000000000000e+00 1.000000000000000000e+00
1.716292614981857777e+09 -3.930650234222412109e+00 -3.891501665115356889e+00 6.850455403327941895e-01 0.000000000000000000e+00 0.000000000000000000e+00 0.000000000000000000e+00 1.000000000000000000e+00
1.716292615082218647e+09 -3.930284500122070312e+00 -3.891878843307495117e+00 6.850843429565429688e-01 0.000000000000000000e+00 0.000000000000000000e+00 0.000000000000000000e+00 1.000000000000000000e+00
1.716292615132238865e+09 -3.929863691329956055e+00 -3.892345428466796875e+00 6.852883696556091309e-01 0.000000000000000000e+00 0.000000000000000000e+00 0.000000000000000000e+00 1.000000000000000000e+00
1.716292615182944059e+09 -3.929422140121459961e+00 -3.892798900604248047e+00 6.853268146514892578e-01 0.000000000000000000e+00 0.000000000000000000e+00 0.000000000000000000e+00 1.000000000000000000e+00
1.716292615233083487e+09 -3.928930521011352983e+00 -3.894731998443603960e+00 6.853353977203369141e-01 0.000000000000000000e+00 0.000000000000000000e+00 0.000000000000000000e+00 1.000000000000000000e+00
1.716292615333709240e+09 -3.927998065948486328e+00 -3.895718574523925781e+00 6.855605840682983398e-01 0.000000000000000000e+00 0.000000000000000000e+00 0.000000000000000000e+00 1.000000000000000000e+00
1.716292615484228134e+09 -3.927894115447998047e+00 -3.897343635559082031e+00 6.859817504882812500e-01 0.000000000000000000e+00 0.000000000000000000e+00 0.000000000000000000e+00 1.000000000000000000e+00
1.716292615534482718e+09 -3.928195714950561523e+00 -3.897140502929687944e+00 6.864771842956542969e-01 0.000000000000000000e+00 0.000000000000000000e+00 0.000000000000000000e+00 1.000000000000000000e+00
1.716292615584628105e+09 -3.928227186203002930e+00 -3.897108078002929688e+00 6.864744424819946289e-01 0.000000000000000000e+00 0.000000000000000000e+00 0.000000000000000000e+00 1.000000000000000000e+00
1.716292615634792805e+09 -3.927915811538695845e+00 -3.897365331649779829e+00 6.861959695816040039e-01 0.000000000000000000e+00 0.000000000000000000e+00 0.000000000000000000e+00 1.000000000000000000e+00
1.716292615684994221e+09 -3.928231954574584961e+00 -3.896991968154907227e+00 6.859276294708251953e-01 0.000000000000000000e+00 0.000000000000000000e+00 0.000000000000000000e+00 1.000000000000000000e+00
1.716292615785409212e+09 -3.928725719451903853e+00 -3.896607875823975053e+00 6.864857077598571777e-01 0.000000000000000000e+00 0.000000000000000000e+00 0.000000000000000000e+00 1.000000000000000000e+00
1.716292615836335182e+09 -3.928483724594116211e+00 -3.896837234497070312e+00 6.864144802093505859e-01 0.000000000000000000e+00 0.000000000000000000e+00 0.000000000000000000e+00 1.000000000000000000e+00
1.716292615885689259e+09 -3.928065061569213867e+00 -3.897237777709960938e+00 6.863079071044921875e-01 0.000000000000000000e+00 0.000000000000000000e+00 0.000000000000000000e+00 1.000000000000000000e+00
1.716292615935991764e+09 -3.927287817001343218e+00 -3.898014783859252930e+00 6.862772107124328613e-01 0.000000000000000000e+00 0.000000000000000000e+00 0.000000000000000000e+00 1.000000000000000000e+00
1.716292615986307144e+09 -3.927016496658325195e+00 -3.898297071456909180e+00 6.863216161727905273e-01 0.000000000000000000e+00 0.000000000000000000e+00 0.000000000000000000e+00 1.000000000000000000e+00
1.716292616036366940e+09 -3.926559209823607954e+00 -3.898762941360473633e+00 6.863469481468200684e-01 0.000000000000000000e+00 0.000000000000000000e+00 0.000000000000000000e+00 1.000000000000000000e+00
1.716292616136573792e+09 -3.926450252532958984e+00 -3.898911476135253906e+00 6.865383982658386230e-01 0.000000000000000000e+00 0.000000000000000000e+00 0.000000000000000000e+00 1.000000000000000000e+00
1.716292616186868668e+09 -3.926265478134155273e+00 -3.899131536483764648e+00 6.867057681083679199e-01 0.000000000000000000e+00 0.000000000000000000e+00 0.000000000000000000e+00 1.000000000000000000e+00
1.716292616236987829e+09 -3.925736904144287109e+00 -3.899588346481323242e+00 6.863341927528381348e-01 0.000000000000000000e+00 0.000000000000000000e+00 0.000000000000000000e+00 1.000000000000000000e+00
1.716292616287207127e+09 -3.927528381347655806e+00 -3.897878885269165039e+00 6.868015527725219727e-01 0.000000000000000000e+00 0.000000000000000000e+00 0.000000000000000000e+00 1.000000000000000000e+00
1.716292616337502480e+09 -3.928025960922241211e+00 -3.897352695465087891e+00 6.866793632507324219e-01 0.000000000000000000e+00 0.000000000000000000e+00 0.000000000000000000e+00 1.000000000000000000e+00
1.716292616388216496e+09 -3.928614139556884766e+00 -3.896697044372559038e+00 6.863707304000854492e-01 0.000000000000000000e+00 0.000000000000000000e+00 0.000000000000000000e+00 1.000000000000000000e+00
1.716292616487998247e+09 -3.928456306457519975e+00 -3.895410299301147905e+00 6.863155961036682129e-01 0.000000000000000000e+00 0.000000000000000000e+00 0.000000000000000000e+00 1.000000000000000000e+00
1.716292616538230181e+09 -3.929338932037353516e+00 -3.894474744796752930e+00 6.860944032669067383e-01 0.000000000000000000e+00 0.000000000000000000e+00 0.000000000000000000e+00 1.000000000000000000e+00
1.716292616588371038e+09 -3.929308891296386275e+00 -3.894452810287476030e+00 6.858382821083068848e-01 0.000000000000000000e+00 0.000000000000000000e+00 0.000000000000000000e+00 1.000000000000000000e+00
1.716292616638509035e+09 -3.929605484008789062e+00 -3.894204378128052202e+00 6.860871315002441406e-01 0.000000000000000000e+00 0.000000000000000000e+00 0.000000000000000000e+00 1.000000000000000000e+00
1.716292616688662529e+09 -3.929112195968627930e+00 -3.894654035568236861e+00 6.858504414558410645e-01 0.000000000000000000e+00 0.000000000000000000e+00 0.000000000000000000e+00 1.000000000000000000e+00
1.716292616738793135e+09 -3.928628683090209961e+00 -3.895148515701293945e+00 6.858846545219421387e-01 0.000000000000000000e+00 0.000000000000000000e+00 0.000000000000000000e+00 1.000000000000000000e+00
1.716292616839266777e+09 -3.927989244461060014e+00 -3.895864725112915039e+00 6.862356066703796387e-01 0.000000000000000000e+00 0.000000000000000000e+00 0.000000000000000000e+00 1.000000000000000000e+00
1.716292616889542103e+09 -3.927883148193359819e+00 -3.897431373596191850e+00 6.863589882850646973e-01 0.000000000000000000e+00 0.000000000000000000e+00 0.000000000000000000e+00 1.000000000000000000e+00
1.716292616939601898e+09 -3.927461385726928711e+00 -3.899281024932860884e+00 6.863130927085876465e-01 0.000000000000000000e+00 0.000000000000000000e+00 0.000000000000000000e+00 1.000000000000000000e+00
1.716292616990054607e+09 -3.926926374435424805e+00 -3.899989366531372070e+00 6.871463656425476074e-01 0.000000000000000000e+00 0.000000000000000000e+00 0.000000000000000000e+00 1.000000000000000000e+00
1.716292617040238142e+09 -3.925147533416748047e+00 -3.901852130889892578e+00 6.875029802322387695e-01 0.000000000000000000e+00 0.000000000000000000e+00 0.000000000000000000e+00 1.000000000000000000e+00
1.716292617090531349e+09 -3.925098657608031782e+00 -3.901953697204589844e+00 6.877614855766296387e-01 0.000000000000000000e+00 0.000000000000000000e+00 0.000000000000000000e+00 1.000000000000000000e+00
1.716292617140598774e+09 -3.925535678863524947e+00 -3.901493549346923828e+00 6.876608729362487793e-01 0.000000000000000000e+00 0.000000000000000000e+00 0.000000000000000000e+00 1.000000000000000000e+00
1.716292617240925074e+09 -3.926346778869628906e+00 -3.900569677352904829e+00 6.871306896209716797e-01 0.000000000000000000e+00 0.000000000000000000e+00 0.000000000000000000e+00 1.000000000000000000e+00
1.716292617291284800e+09 -3.926928758621215820e+00 -3.899928569793701172e+00 6.868587136268615723e-01 0.000000000000000000e+00 0.000000000000000000e+00 0.000000000000000000e+00 1.000000000000000000e+00
1.716292617341445446e+09 -3.928090572357177734e+00 -3.897354841232299805e+00 6.870097517967224121e-01 0.000000000000000000e+00 0.000000000000000000e+00 0.000000000000000000e+00 1.000000000000000000e+00
1.716292617391661167e+09 -3.928790092468261719e+00 -3.896692037582397461e+00 6.872178912162780762e-01 0.000000000000000000e+00 0.000000000000000000e+00 0.000000000000000000e+00 1.000000000000000000e+00
1.716292617441876411e+09 -3.928005933761596680e+00 -3.895960330963135210e+00 6.867869496345520020e-01 0.000000000000000000e+00 0.000000000000000000e+00 0.000000000000000000e+00 1.000000000000000000e+00
1.716292617492256165e+09 -3.928132772445679155e+00 -3.895828723907471147e+00 6.867679953575134277e-01 0.000000000000000000e+00 0.000000000000000000e+00 0.000000000000000000e+00 1.000000000000000000e+00
1.716292617542153120e+09 -3.927819252014160156e+00 -3.896119594573975053e+00 6.866446733474731445e-01 0.000000000000000000e+00 0.000000000000000000e+00 0.000000000000000000e+00 1.000000000000000000e+00
1.716292617592451334e+09 -3.927901506423950195e+00 -3.896097660064696822e+00 6.869443655014038086e-01 0.000000000000000000e+00 0.000000000000000000e+00 0.000000000000000000e+00 1.000000000000000000e+00
1.716292617642678022e+09 -3.927554607391356978e+00 -3.896489620208739790e+00 6.871510744094848633e-01 0.000000000000000000e+00 0.000000000000000000e+00 0.000000000000000000e+00 1.000000000000000000e+00
1.716292617692765713e+09 -3.928058862686156782e+00 -3.897447586059569424e+00 6.873087286949157715e-01 0.000000000000000000e+00 0.000000000000000000e+00 0.000000000000000000e+00 1.000000000000000000e+00
1.716292617743358135e+09 -3.926436424255371094e+00 -3.899067401885985440e+00 6.872367262840270996e-01 0.000000000000000000e+00 0.000000000000000000e+00 0.000000000000000000e+00 1.000000000000000000e+00
1.716292617793808937e+09 -3.924984216690063921e+00 -3.900500535964965820e+00 6.870948076248168945e-01 0.000000000000000000e+00 0.000000000000000000e+00 0.000000000000000000e+00 1.000000000000000000e+00
1.716292617894046307e+09 -3.925084114074707031e+00 -3.901860475540161133e+00 6.872300505638122559e-01 0.000000000000000000e+00 0.000000000000000000e+00 0.000000000000000000e+00 1.000000000000000000e+00
1.716292617944335461e+09 -3.924709081649779829e+00 -3.902306556701660156e+00 6.875692605972290039e-01 0.000000000000000000e+00 0.000000000000000000e+00 0.000000000000000000e+00 1.000000000000000000e+00
1.716292617994423151e+09 -3.924286842346191850e+00 -3.902759552001953125e+00 6.877077817916870117e-01 0.000000000000000000e+00 0.000000000000000000e+00 0.000000000000000000e+00 1.000000000000000000e+00
1.716292618044678450e+09 -3.925140142440795898e+00 -3.901888370513916016e+00 6.876450777053833008e-01 0.000000000000000000e+00 0.000000000000000000e+00 0.000000000000000000e+00 1.000000000000000000e+00
1.716292618094852686e+09 -3.925186634063720703e+00 -3.901787281036376953e+00 6.873778700828552246e-01 0.000000000000000000e+00 0.000000000000000000e+00 0.000000000000000000e+00 1.000000000000000000e+00
1.716292618195304871e+09 -3.925319671630859375e+00 -3.900207042694091797e+00 6.873112320899963379e-01 0.000000000000000000e+00 0.000000000000000000e+00 0.000000000000000000e+00 1.000000000000000000e+00
1.716292618245462179e+09 -3.926041841506958008e+00 -3.899525642395019975e+00 6.875370144844055176e-01 0.000000000000000000e+00 0.000000000000000000e+00 0.000000000000000000e+00 1.000000000000000000e+00
1.716292618295913458e+09 -3.925396919250487837e+00 -3.898706912994384766e+00 6.873659491539001465e-01 0.000000000000000000e+00 0.000000000000000000e+00 0.000000000000000000e+00 1.000000000000000000e+00
1.716292618346307039e+09 -3.926057577133178267e+00 -3.898171663284301758e+00 6.880053281784057617e-01 0.000000000000000000e+00 0.000000000000000000e+00 0.000000000000000000e+00 1.000000000000000000e+00
1.716292618396596193e+09 -3.925124406814575195e+00 -3.898989915847777432e+00 6.874092221260070801e-01 0.000000000000000000e+00 0.000000000000000000e+00 0.000000000000000000e+00 1.000000000000000000e+00
1.716292618496888399e+09 -3.926010608673096147e+00 -3.899626731872559038e+00 6.878792047500610352e-01 0.000000000000000000e+00 0.000000000000000000e+00 0.000000000000000000e+00 1.000000000000000000e+00
1.716292618547122955e+09 -3.924835920333862305e+00 -3.900786638259888139e+00 6.877681612968444824e-01 0.000000000000000000e+00 0.000000000000000000e+00 0.000000000000000000e+00 1.000000000000000000e+00
1.716292618597360611e+09 -3.924115419387817383e+00 -3.901576757431030273e+00 6.880897283554077148e-01 0.000000000000000000e+00 0.000000000000000000e+00 0.000000000000000000e+00 1.000000000000000000e+00
1.716292618647614956e+09 -3.923692226409912109e+00 -3.902022838592528853e+00 6.881922483444213867e-01 0.000000000000000000e+00 0.000000000000000000e+00 0.000000000000000000e+00 1.000000000000000000e+00
1.716292618697887659e+09 -3.923227071762084961e+00 -3.902498960494995117e+00 6.882330775260925293e-01 0.000000000000000000e+00 0.000000000000000000e+00 0.000000000000000000e+00 1.000000000000000000e+00
1.716292618747988462e+09 -3.923366069793701172e+00 -3.902444839477539062e+00 6.886558532714843750e-01 0.000000000000000000e+00 0.000000000000000000e+00 0.000000000000000000e+00 1.000000000000000000e+00
1.716292618848323584e+09 -3.924163579940795898e+00 -3.903032779693603960e+00 6.884446740150451660e-01 0.000000000000000000e+00 0.000000000000000000e+00 0.000000000000000000e+00 1.000000000000000000e+00
1.716292618898606300e+09 -3.923338890075684038e+00 -3.902385234832764116e+00 6.882266998291015625e-01 0.000000000000000000e+00 0.000000000000000000e+00 0.000000000000000000e+00 1.000000000000000000e+00
1.716292618948759794e+09 -3.923432350158691406e+00 -3.902291536331176758e+00 6.882278919219970703e-01 0.000000000000000000e+00 0.000000000000000000e+00 0.000000000000000000e+00 1.000000000000000000e+00
1.716292618998856544e+09 -3.923831939697265625e+00 -3.901888370513916016e+00 6.882210373878479004e-01 0.000000000000000000e+00 0.000000000000000000e+00 0.000000000000000000e+00 1.000000000000000000e+00
1.716292619049088001e+09 -3.924224376678466797e+00 -3.901531457901000977e+00 6.884065270423889160e-01 0.000000000000000000e+00 0.000000000000000000e+00 0.000000000000000000e+00 1.000000000000000000e+00
1.716292619099275351e+09 -3.924943923950195312e+00 -3.900833368301392046e+00 6.885337233543395996e-01 0.000000000000000000e+00 0.000000000000000000e+00 0.000000000000000000e+00 1.000000000000000000e+00
1.716292619149519205e+09 -3.925549268722534180e+00 -3.900258302688599077e+00 6.887021660804748535e-01 0.000000000000000000e+00 0.000000000000000000e+00 0.000000000000000000e+00 1.000000000000000000e+00
1.716292619249819756e+09 -3.925606250762939897e+00 -3.898746013641356978e+00 6.885960102081298828e-01 0.000000000000000000e+00 0.000000000000000000e+00 0.000000000000000000e+00 1.000000000000000000e+00
1.716292619299957275e+09 -3.927516937255859375e+00 -3.894061803817749023e+00 6.891357898712158203e-01 0.000000000000000000e+00 0.000000000000000000e+00 0.000000000000000000e+00 1.000000000000000000e+00
1.716292619350883722e+09 -3.927945852279663086e+00 -3.892095565795897549e+00 6.886509656906127930e-01 0.000000000000000000e+00 0.000000000000000000e+00 0.000000000000000000e+00 1.000000000000000000e+00
1.716292619400574446e+09 -3.928968906402587891e+00 -3.889620304107666016e+00 6.886183023452758789e-01 0.000000000000000000e+00 0.000000000000000000e+00 0.000000000000000000e+00 1.000000000000000000e+00
1.716292619450781584e+09 -3.929840326309204102e+00 -3.887309789657592773e+00 6.886492371559143066e-01 0.000000000000000000e+00 0.000000000000000000e+00 0.000000000000000000e+00 1.000000000000000000e+00
1.716292619551547050e+09 -3.931967020034790039e+00 -3.882413387298583984e+00 6.892862319946289062e-01 0.000000000000000000e+00 0.000000000000000000e+00 0.000000000000000000e+00 1.000000000000000000e+00
1.716292619601439714e+09 -3.932792663574218306e+00 -3.880312919616699219e+00 6.901403665542602539e-01 0.000000000000000000e+00 0.000000000000000000e+00 0.000000000000000000e+00 1.000000000000000000e+00
1.716292619651663065e+09 -3.934295892715454102e+00 -3.878910064697265625e+00 6.907358765602111816e-01 0.000000000000000000e+00 0.000000000000000000e+00 0.000000000000000000e+00 1.000000000000000000e+00
1.716292619701988935e+09 -3.935045242309569424e+00 -3.878179311752319336e+00 6.908812522888183594e-01 0.000000000000000000e+00 0.000000000000000000e+00 0.000000000000000000e+00 1.000000000000000000e+00
1.716292619752157450e+09 -3.935193538665771928e+00 -3.878090143203735796e+00 6.911824941635131836e-01 0.000000000000000000e+00 0.000000000000000000e+00 0.000000000000000000e+00 1.000000000000000000e+00
1.716292619802189350e+09 -3.934894800186156782e+00 -3.878533124923706055e+00 6.918700933456420898e-01 0.000000000000000000e+00 0.000000000000000000e+00 0.000000000000000000e+00 1.000000000000000000e+00
1.716292619902608395e+09 -3.934472799301147905e+00 -3.879182100296020952e+00 6.929582357406616211e-01 0.000000000000000000e+00 0.000000000000000000e+00 0.000000000000000000e+00 1.000000000000000000e+00
1.716292619952855825e+09 -3.934582710266112837e+00 -3.880720615386962891e+00 6.940012574195861816e-01 0.000000000000000000e+00 0.000000000000000000e+00 0.000000000000000000e+00 1.000000000000000000e+00
1.716292620003044605e+09 -3.935814142227172852e+00 -3.884519100189208984e+00 6.976276040077209473e-01 0.000000000000000000e+00 0.000000000000000000e+00 0.000000000000000000e+00 1.000000000000000000e+00
1.716292620053125143e+09 -3.935958147048950195e+00 -3.887582302093505859e+00 6.992889642715454102e-01 0.000000000000000000e+00 0.000000000000000000e+00 0.000000000000000000e+00 1.000000000000000000e+00
1.716292620103435516e+09 -3.936033964157104936e+00 -3.890718936920166016e+00 7.009830474853515625e-01 0.000000000000000000e+00 0.000000000000000000e+00 0.000000000000000000e+00 1.000000000000000000e+00
1.716292620203799248e+09 -3.936559438705443892e+00 -3.894836425781250000e+00 7.026857733726501465e-01 0.000000000000000000e+00 0.000000000000000000e+00 0.000000000000000000e+00 1.000000000000000000e+00
1.716292620253898144e+09 -3.936118841171264648e+00 -3.897276401519775835e+00 7.054951786994934082e-01 0.000000000000000000e+00 0.000000000000000000e+00 0.000000000000000000e+00 1.000000000000000000e+00
1.716292620304218054e+09 -3.936417102813720703e+00 -3.900081872940063921e+00 7.139572501182556152e-01 0.000000000000000000e+00 0.000000000000000000e+00 0.000000000000000000e+00 1.000000000000000000e+00
1.716292620354941368e+09 -3.937617778778076172e+00 -3.901481866836547852e+00 7.199779152870178223e-01 0.000000000000000000e+00 0.000000000000000000e+00 0.000000000000000000e+00 1.000000000000000000e+00
1.716292620405155420e+09 -3.938396453857421875e+00 -3.901893615722655806e+00 7.261504530906677246e-01 0.000000000000000000e+00 0.000000000000000000e+00 0.000000000000000000e+00 1.000000000000000000e+00
1.716292620455864429e+09 -3.940065622329711914e+00 -3.903032064437866211e+00 7.333788871765136719e-01 0.000000000000000000e+00 0.000000000000000000e+00 0.000000000000000000e+00 1.000000000000000000e+00
1.716292620555718422e+09 -3.946045398712158203e+00 -3.906120538711547852e+00 7.513349652290344238e-01 0.000000000000000000e+00 0.000000000000000000e+00 0.000000000000000000e+00 1.000000000000000000e+00
1.716292620606385946e+09 -3.950171709060668945e+00 -3.906924724578857422e+00 7.627210021018981934e-01 0.000000000000000000e+00 0.000000000000000000e+00 0.000000000000000000e+00 1.000000000000000000e+00
1.716292620706774712e+09 -3.964602708816527876e+00 -3.906123399734497070e+00 7.998685240745544434e-01 0.000000000000000000e+00 0.000000000000000000e+00 0.000000000000000000e+00 1.000000000000000000e+00
1.716292620807237387e+09 -3.970515966415404829e+00 -3.908351898193359819e+00 8.143319487571716309e-01 0.000000000000000000e+00 0.000000000000000000e+00 0.000000000000000000e+00 1.000000000000000000e+00
1.716292620857335329e+09 -3.974151611328125000e+00 -3.910054206848144975e+00 8.293334841728210449e-01 0.000000000000000000e+00 0.000000000000000000e+00 0.000000000000000000e+00 1.000000000000000000e+00
1.716292620907488346e+09 -3.978810310363769531e+00 -3.912369728088378906e+00 8.460516929626464844e-01 0.000000000000000000e+00 0.000000000000000000e+00 0.000000000000000000e+00 1.000000000000000000e+00
1.716292620957609892e+09 -3.984114646911621094e+00 -3.913981199264526367e+00 8.629542589187622070e-01 0.000000000000000000e+00 0.000000000000000000e+00 0.000000000000000000e+00 1.000000000000000000e+00
1.716292621007692814e+09 -3.989993810653687412e+00 -3.914835214614868164e+00 8.792494535446166992e-01 0.000000000000000000e+00 0.000000000000000000e+00 0.000000000000000000e+00 1.000000000000000000e+00
1.716292621058856249e+09 -3.997118949890136719e+00 -3.915742397308349609e+00 8.952950835227966309e-01 0.000000000000000000e+00 0.000000000000000000e+00 0.000000000000000000e+00 1.000000000000000000e+00
1.716292621158154726e+09 -4.014222621917724609e+00 -3.921335458755493164e+00 9.255012273788452148e-01 0.000000000000000000e+00 0.000000000000000000e+00 0.000000000000000000e+00 1.000000000000000000e+00
1.716292621208317757e+09 -4.020732879638671875e+00 -3.923891305923461914e+00 9.400714039802552380e-01 0.000000000000000000e+00 0.000000000000000000e+00 0.000000000000000000e+00 1.000000000000000000e+00
1.716292621258473635e+09 -4.026749610900878906e+00 -3.926980733871459961e+00 9.552974104881287731e-01 0.000000000000000000e+00 0.000000000000000000e+00 0.000000000000000000e+00 1.000000000000000000e+00
1.716292621308560848e+09 -4.032927989959716797e+00 -3.931134223937987837e+00 9.694097042083740234e-01 0.000000000000000000e+00 0.000000000000000000e+00 0.000000000000000000e+00 1.000000000000000000e+00
1.716292621358764172e+09 -4.039235115051269531e+00 -3.936356067657471147e+00 9.820768833160400391e-01 0.000000000000000000e+00 0.000000000000000000e+00 0.000000000000000000e+00 1.000000000000000000e+00
1.716292621409010649e+09 -4.043490409851074219e+00 -3.940748214721680132e+00 9.946318268775939941e-01 0.000000000000000000e+00 0.000000000000000000e+00 0.000000000000000000e+00 1.000000000000000000e+00
1.716292621509536028e+09 -4.051202297210693359e+00 -3.949950933456420898e+00 1.005304217338562012e+00 0.000000000000000000e+00 0.000000000000000000e+00 0.000000000000000000e+00 1.000000000000000000e+00
1.716292621559592724e+09 -4.057441234588623047e+00 -3.964340448379516602e+00 1.023206710815429688e+00 0.000000000000000000e+00 0.000000000000000000e+00 0.000000000000000000e+00 1.000000000000000000e+00
1.716292621609805584e+09 -4.059445381164550781e+00 -3.973165512084960938e+00 1.030482769012451172e+00 0.000000000000000000e+00 0.000000000000000000e+00 0.000000000000000000e+00 1.000000000000000000e+00
1.716292621659878969e+09 -4.060403823852539062e+00 -3.982919216156005859e+00 1.036716580390930176e+00 0.000000000000000000e+00 0.000000000000000000e+00 0.000000000000000000e+00 1.000000000000000000e+00
1.716292621710182667e+09 -4.061165332794189453e+00 -3.994094133377075195e+00 1.041230797767639160e+00 0.000000000000000000e+00 0.000000000000000000e+00 0.000000000000000000e+00 1.000000000000000000e+00
1.716292621810584068e+09 -4.066048145294189453e+00 -4.010880947113037109e+00 1.044027686119079590e+00 0.000000000000000000e+00 0.000000000000000000e+00 0.000000000000000000e+00 1.000000000000000000e+00
1.716292621861295700e+09 -4.065010547637940341e+00 -4.023577213287353516e+00 1.046166300773620605e+00 0.000000000000000000e+00 0.000000000000000000e+00 0.000000000000000000e+00 1.000000000000000000e+00
1.716292621911439657e+09 -4.063532829284667969e+00 -4.038078308105468750e+00 1.047965764999389648e+00 0.000000000000000000e+00 0.000000000000000000e+00 0.000000000000000000e+00 1.000000000000000000e+00
1.716292621961660624e+09 -4.058231353759765625e+00 -4.069327354431152344e+00 1.051623821258544922e+00 0.000000000000000000e+00 0.000000000000000000e+00 0.000000000000000000e+00 1.000000000000000000e+00
1.716292622012138605e+09 -4.053991794586181641e+00 -4.086553573608398438e+00 1.054306268692016602e+00 0.000000000000000000e+00 0.000000000000000000e+00 0.000000000000000000e+00 1.000000000000000000e+00
1.716292622062160969e+09 -4.050594329833984375e+00 -4.104285240173339844e+00 1.056853532791137695e+00 0.000000000000000000e+00 0.000000000000000000e+00 0.000000000000000000e+00 1.000000000000000000e+00
1.716292622112303972e+09 -4.044933795928955078e+00 -4.124280929565429688e+00 1.060375094413757102e+00 0.000000000000000000e+00 0.000000000000000000e+00 0.000000000000000000e+00 1.000000000000000000e+00
1.716292622212673426e+09 -4.046851158142089844e+00 -4.150700569152832031e+00 1.062833428382873535e+00 0.000000000000000000e+00 0.000000000000000000e+00 0.000000000000000000e+00 1.000000000000000000e+00
1.716292622262770891e+09 -4.040264129638671875e+00 -4.171457290649414062e+00 1.066605806350708008e+00 0.000000000000000000e+00 0.000000000000000000e+00 0.000000000000000000e+00 1.000000000000000000e+00
1.716292622313106060e+09 -4.026454448699951172e+00 -4.217544555664063388e+00 1.075022578239440918e+00 0.000000000000000000e+00 0.000000000000000000e+00 0.000000000000000000e+00 1.000000000000000000e+00
1.716292622363246918e+09 -4.019314289093017578e+00 -4.242721557617188388e+00 1.079259753227234109e+00 0.000000000000000000e+00 0.000000000000000000e+00 0.000000000000000000e+00 1.000000000000000000e+00
1.716292622413878679e+09 -4.010867595672607422e+00 -4.267619132995605469e+00 1.083426117897033691e+00 0.000000000000000000e+00 0.000000000000000000e+00 0.000000000000000000e+00 1.000000000000000000e+00
1.716292622463600397e+09 -4.001943111419677734e+00 -4.292829513549804688e+00 1.087583303451538086e+00 0.000000000000000000e+00 0.000000000000000000e+00 0.000000000000000000e+00 1.000000000000000000e+00
1.716292622564172983e+09 -4.001043319702148438e+00 -4.326802253723144531e+00 1.091063022613525391e+00 0.000000000000000000e+00 0.000000000000000000e+00 0.000000000000000000e+00 1.000000000000000000e+00
1.716292622614738464e+09 -3.992462158203125000e+00 -4.352770805358886719e+00 1.095039606094360352e+00 0.000000000000000000e+00 0.000000000000000000e+00 0.000000000000000000e+00 1.000000000000000000e+00
1.716292622664558172e+09 -3.981774568557739258e+00 -4.379192352294921875e+00 1.099330186843872070e+00 0.000000000000000000e+00 0.000000000000000000e+00 0.000000000000000000e+00 1.000000000000000000e+00
1.716292622714730263e+09 -3.971596240997314453e+00 -4.404999256134033203e+00 1.103630423545837402e+00 0.000000000000000000e+00 0.000000000000000000e+00 0.000000000000000000e+00 1.000000000000000000e+00
1.716292622764976978e+09 -3.951248884201049805e+00 -4.458896636962890625e+00 1.112803459167480469e+00 0.000000000000000000e+00 0.000000000000000000e+00 0.000000000000000000e+00 1.000000000000000000e+00
1.716292622865440369e+09 -3.947988748550415039e+00 -4.496843338012695312e+00 1.116939663887023926e+00 0.000000000000000000e+00 0.000000000000000000e+00 0.000000000000000000e+00 1.000000000000000000e+00
1.716292622915587664e+09 -3.934285163879394531e+00 -4.525207042694091797e+00 1.122297167778015137e+00 0.000000000000000000e+00 0.000000000000000000e+00 0.000000000000000000e+00 1.000000000000000000e+00
1.716292622965634584e+09 -3.921633481979370117e+00 -4.553753376007080078e+00 1.127121090888977051e+00 0.000000000000000000e+00 0.000000000000000000e+00 0.000000000000000000e+00 1.000000000000000000e+00
1.716292623015889645e+09 -3.895782709121704102e+00 -4.608281612396240234e+00 1.138598084449768066e+00 0.000000000000000000e+00 0.000000000000000000e+00 0.000000000000000000e+00 1.000000000000000000e+00
1.716292623066082478e+09 -3.880037307739257812e+00 -4.636384963989257812e+00 1.144927859306335449e+00 0.000000000000000000e+00 0.000000000000000000e+00 0.000000000000000000e+00 1.000000000000000000e+00
1.716292623166474581e+09 -3.873015880584716797e+00 -4.669974327087402344e+00 1.150050401687622070e+00 0.000000000000000000e+00 0.000000000000000000e+00 0.000000000000000000e+00 1.000000000000000000e+00
1.716292623216999054e+09 -3.841626882553100586e+00 -4.726439952850341797e+00 1.163024783134460449e+00 0.000000000000000000e+00 0.000000000000000000e+00 0.000000000000000000e+00 1.000000000000000000e+00
1.716292623317297697e+09 -3.793423652648925781e+00 -4.808617115020751953e+00 1.182406663894653098e+00 0.000000000000000000e+00 0.000000000000000000e+00 0.000000000000000000e+00 1.000000000000000000e+00
1.716292623418262243e+09 -3.785597562789916992e+00 -4.845643043518066406e+00 1.187879562377929688e+00 0.000000000000000000e+00 0.000000000000000000e+00 0.000000000000000000e+00 1.000000000000000000e+00
1.716292623469212770e+09 -3.752465724945068803e+00 -4.901135921478272373e+00 1.200873970985412598e+00 0.000000000000000000e+00 0.000000000000000000e+00 0.000000000000000000e+00 1.000000000000000000e+00
1.716292623568239927e+09 -3.735641956329345703e+00 -4.929428100585937500e+00 1.207604289054870605e+00 0.000000000000000000e+00 0.000000000000000000e+00 0.000000000000000000e+00 1.000000000000000000e+00
1.716292623618814468e+09 -3.718188285827636719e+00 -4.957985401153564453e+00 1.214166045188903809e+00 0.000000000000000000e+00 0.000000000000000000e+00 0.000000000000000000e+00 1.000000000000000000e+00
1.716292623668756485e+09 -3.701473474502563921e+00 -4.985735893249511719e+00 1.219696640968322754e+00 0.000000000000000000e+00 0.000000000000000000e+00 0.000000000000000000e+00 1.000000000000000000e+00
1.716292623718904734e+09 -3.692414045333862305e+00 -5.025032043457031250e+00 1.224627375602722168e+00 0.000000000000000000e+00 0.000000000000000000e+00 0.000000000000000000e+00 1.000000000000000000e+00
1.716292623769151449e+09 -3.675754070281982422e+00 -5.054839134216308594e+00 1.230074882507324219e+00 0.000000000000000000e+00 0.000000000000000000e+00 0.000000000000000000e+00 1.000000000000000000e+00
1.716292623819602728e+09 -3.658588886260985440e+00 -5.086039543151856357e+00 1.235401988029479980e+00 0.000000000000000000e+00 0.000000000000000000e+00 0.000000000000000000e+00 1.000000000000000000e+00
1.716292623869518280e+09 -3.642092466354370117e+00 -5.116527080535888672e+00 1.240122795104980469e+00 0.000000000000000000e+00 0.000000000000000000e+00 0.000000000000000000e+00 1.000000000000000000e+00
1.716292623919590473e+09 -3.618959426879882812e+00 -5.195627212524414062e+00 1.248728871345520020e+00 0.000000000000000000e+00 0.000000000000000000e+00 0.000000000000000000e+00 1.000000000000000000e+00
1.716292623969682932e+09 -3.604290962219238281e+00 -5.226687431335449219e+00 1.253208041191101074e+00 0.000000000000000000e+00 0.000000000000000000e+00 0.000000000000000000e+00 1.000000000000000000e+00
1.716292624070080519e+09 -3.588916063308715820e+00 -5.259253025054931641e+00 1.257335662841796875e+00 0.000000000000000000e+00 0.000000000000000000e+00 0.000000000000000000e+00 1.000000000000000000e+00
1.716292624170464516e+09 -3.584573268890380859e+00 -5.307086944580078125e+00 1.260622143745422363e+00 0.000000000000000000e+00 0.000000000000000000e+00 0.000000000000000000e+00 1.000000000000000000e+00
1.716292624220445633e+09 -3.555459737777709961e+00 -5.372612476348876953e+00 1.268677949905395508e+00 0.000000000000000000e+00 0.000000000000000000e+00 0.000000000000000000e+00 1.000000000000000000e+00
1.716292624270704985e+09 -3.526893377304077148e+00 -5.441842555999755859e+00 1.276240825653076172e+00 0.000000000000000000e+00 0.000000000000000000e+00 0.000000000000000000e+00 1.000000000000000000e+00
1.716292624371051073e+09 -3.523701667785644531e+00 -5.493999004364013672e+00 1.278992652893066406e+00 0.000000000000000000e+00 0.000000000000000000e+00 0.000000000000000000e+00 1.000000000000000000e+00
1.716292624421309233e+09 -3.495628118515014204e+00 -5.560653209686279297e+00 1.285677552223205566e+00 0.000000000000000000e+00 0.000000000000000000e+00 0.000000000000000000e+00 1.000000000000000000e+00
1.716292624472514153e+09 -3.481531620025634766e+00 -5.595539093017578125e+00 1.288872003555298074e+00 0.000000000000000000e+00 0.000000000000000000e+00 0.000000000000000000e+00 1.000000000000000000e+00
1.716292624571745634e+09 -3.477344274520874023e+00 -5.646463871002197266e+00 1.291636466979980469e+00 0.000000000000000000e+00 0.000000000000000000e+00 0.000000000000000000e+00 1.000000000000000000e+00
1.716292624623515606e+09 -3.461431503295898438e+00 -5.679797649383544922e+00 1.295321226119995117e+00 0.000000000000000000e+00 0.000000000000000000e+00 0.000000000000000000e+00 1.000000000000000000e+00
1.716292624672245741e+09 -3.445839405059814453e+00 -5.711582660675048828e+00 1.298489451408386230e+00 0.000000000000000000e+00 0.000000000000000000e+00 0.000000000000000000e+00 1.000000000000000000e+00
1.716292624722490072e+09 -3.430131435394287109e+00 -5.744434833526611328e+00 1.301341056823730469e+00 0.000000000000000000e+00 0.000000000000000000e+00 0.000000000000000000e+00 1.000000000000000000e+00
1.716292624772558451e+09 -3.423781394958496094e+00 -5.792495250701904297e+00 1.303706526756286621e+00 0.000000000000000000e+00 0.000000000000000000e+00 0.000000000000000000e+00 1.000000000000000000e+00
1.716292624822739601e+09 -3.391840219497680664e+00 -5.855382442474365234e+00 1.308888912200927512e+00 0.000000000000000000e+00 0.000000000000000000e+00 0.000000000000000000e+00 1.000000000000000000e+00
1.716292624872815609e+09 -3.374837875366210938e+00 -5.886031150817871094e+00 1.311239838600158691e+00 0.000000000000000000e+00 0.000000000000000000e+00 0.000000000000000000e+00 1.000000000000000000e+00
1.716292624922902822e+09 -3.359325170516968218e+00 -5.916822433471679688e+00 1.313310623168945090e+00 0.000000000000000000e+00 0.000000000000000000e+00 0.000000000000000000e+00 1.000000000000000000e+00
1.716292625073432684e+09 -3.351175785064697266e+00 -5.962812423706054688e+00 1.314303517341613770e+00 0.000000000000000000e+00 0.000000000000000000e+00 0.000000000000000000e+00 1.000000000000000000e+00
1.716292625123511076e+09 -3.301001787185668945e+00 -6.048938751220703125e+00 1.315150141716003418e+00 0.000000000000000000e+00 0.000000000000000000e+00 0.000000000000000000e+00 1.000000000000000000e+00
1.716292625223839998e+09 -3.291672229766845703e+00 -6.091532230377197266e+00 1.313849449157714844e+00 0.000000000000000000e+00 0.000000000000000000e+00 0.000000000000000000e+00 1.000000000000000000e+00
1.716292625324157238e+09 -3.258086204528808594e+00 -6.145756721496582031e+00 1.311727762222290039e+00 0.000000000000000000e+00 0.000000000000000000e+00 0.000000000000000000e+00 1.000000000000000000e+00
1.716292625374354362e+09 -3.242469072341918945e+00 -6.172056198120117188e+00 1.310317635536193848e+00 0.000000000000000000e+00 0.000000000000000000e+00 0.000000000000000000e+00 1.000000000000000000e+00
1.716292625424483299e+09 -3.232826232910155806e+00 -6.212036609649658203e+00 1.308346509933471680e+00 0.000000000000000000e+00 0.000000000000000000e+00 0.000000000000000000e+00 1.000000000000000000e+00
1.716292625475681067e+09 -3.201173782348632812e+00 -6.263193607330322266e+00 1.306245088577270508e+00 0.000000000000000000e+00 0.000000000000000000e+00 0.000000000000000000e+00 1.000000000000000000e+00
1.716292625574886322e+09 -3.185133934020996094e+00 -6.289291381835937500e+00 1.305526375770568848e+00 0.000000000000000000e+00 0.000000000000000000e+00 0.000000000000000000e+00 1.000000000000000000e+00
1.716292625625091314e+09 -3.176593780517578125e+00 -6.329427242279052734e+00 1.304891705513000488e+00 0.000000000000000000e+00 0.000000000000000000e+00 0.000000000000000000e+00 1.000000000000000000e+00
1.716292625675349474e+09 -3.145853519439697266e+00 -6.379407882690429688e+00 1.306828737258911133e+00 0.000000000000000000e+00 0.000000000000000000e+00 0.000000000000000000e+00 1.000000000000000000e+00
1.716292625725497961e+09 -3.131124019622802734e+00 -6.404536247253417969e+00 1.309298515319824219e+00 0.000000000000000000e+00 0.000000000000000000e+00 0.000000000000000000e+00 1.000000000000000000e+00
1.716292625825790644e+09 -3.122628688812255859e+00 -6.443226337432861328e+00 1.311866521835327148e+00 0.000000000000000000e+00 0.000000000000000000e+00 0.000000000000000000e+00 1.000000000000000000e+00
1.716292625875880003e+09 -3.092661619186401367e+00 -6.494492053985595703e+00 1.321746945381164551e+00 0.000000000000000000e+00 0.000000000000000000e+00 0.000000000000000000e+00 1.000000000000000000e+00
1.716292625926159620e+09 -3.078561067581176758e+00 -6.521251201629638672e+00 1.327954888343811035e+00 0.000000000000000000e+00 0.000000000000000000e+00 0.000000000000000000e+00 1.000000000000000000e+00
1.716292625976220608e+09 -3.064502000808715820e+00 -6.547919750213623047e+00 1.335298418998718484e+00 0.000000000000000000e+00 0.000000000000000000e+00 0.000000000000000000e+00 1.000000000000000000e+00
1.716292626076541901e+09 -3.058341979980468750e+00 -6.591786384582520419e+00 1.343183636665344238e+00 0.000000000000000000e+00 0.000000000000000000e+00 0.000000000000000000e+00 1.000000000000000000e+00
1.716292626126831532e+09 -3.030183315277100053e+00 -6.646931171417236328e+00 1.361972570419311523e+00 0.000000000000000000e+00 0.000000000000000000e+00 0.000000000000000000e+00 1.000000000000000000e+00
1.716292626227106333e+09 -3.002839326858520508e+00 -6.700224399566650391e+00 1.382042050361633301e+00 0.000000000000000000e+00 0.000000000000000000e+00 0.000000000000000000e+00 1.000000000000000000e+00
1.716292626327489853e+09 -2.983789443969726562e+00 -6.772428512573242188e+00 1.402444601058959961e+00 0.000000000000000000e+00 0.000000000000000000e+00 0.000000000000000000e+00 1.000000000000000000e+00
1.716292626377634287e+09 -2.970085859298706055e+00 -6.799292564392089844e+00 1.412083745002746582e+00 0.000000000000000000e+00 0.000000000000000000e+00 0.000000000000000000e+00 1.000000000000000000e+00
1.716292626427967787e+09 -2.957008838653564453e+00 -6.827967166900634766e+00 1.421332597732543945e+00 0.000000000000000000e+00 0.000000000000000000e+00 0.000000000000000000e+00 1.000000000000000000e+00
1.716292626478988647e+09 -2.944010972976685014e+00 -6.856513977050781250e+00 1.430405974388122559e+00 0.000000000000000000e+00 0.000000000000000000e+00 0.000000000000000000e+00 1.000000000000000000e+00
1.716292626578451872e+09 -2.926627874374389648e+00 -6.933573722839356357e+00 1.447133183479309082e+00 0.000000000000000000e+00 0.000000000000000000e+00 0.000000000000000000e+00 1.000000000000000000e+00
1.716292626628458977e+09 -2.914880514144897017e+00 -6.963491916656494141e+00 1.454498648643493652e+00 0.000000000000000000e+00 0.000000000000000000e+00 0.000000000000000000e+00 1.000000000000000000e+00
1.716292626678620577e+09 -2.902884244918823242e+00 -6.992348194122314453e+00 1.460654139518737793e+00 0.000000000000000000e+00 0.000000000000000000e+00 0.000000000000000000e+00 1.000000000000000000e+00
1.716292626728778601e+09 -2.900164365768432617e+00 -7.043260097503662109e+00 1.465034604072570801e+00 0.000000000000000000e+00 0.000000000000000000e+00 0.000000000000000000e+00 1.000000000000000000e+00
1.716292626829105854e+09 -2.877289772033691406e+00 -7.105537414550781250e+00 1.470191121101379395e+00 0.000000000000000000e+00 0.000000000000000000e+00 0.000000000000000000e+00 1.000000000000000000e+00
1.716292626879279852e+09 -2.865889549255371094e+00 -7.137091159820556641e+00 1.470516443252563699e+00 0.000000000000000000e+00 0.000000000000000000e+00 0.000000000000000000e+00 1.000000000000000000e+00
1.716292626980311871e+09 -2.852097034454345703e+00 -7.224380970001220703e+00 1.467800140380859375e+00 0.000000000000000000e+00 0.000000000000000000e+00 0.000000000000000000e+00 1.000000000000000000e+00
1.716292627080696583e+09 -2.829275846481323242e+00 -7.290212631225585938e+00 1.460082292556762695e+00 0.000000000000000000e+00 0.000000000000000000e+00 0.000000000000000000e+00 1.000000000000000000e+00
1.716292627180982113e+09 -2.813479900360107422e+00 -7.383034706115722656e+00 1.449520587921142578e+00 0.000000000000000000e+00 0.000000000000000000e+00 0.000000000000000000e+00 1.000000000000000000e+00
1.716292627231212854e+09 -2.800583124160766602e+00 -7.416781902313232422e+00 1.444422006607055664e+00 0.000000000000000000e+00 0.000000000000000000e+00 0.000000000000000000e+00 1.000000000000000000e+00
1.716292627331442833e+09 -2.773744106292724609e+00 -7.484417915344238281e+00 1.433562040328979492e+00 0.000000000000000000e+00 0.000000000000000000e+00 0.000000000000000000e+00 1.000000000000000000e+00
1.716292627381572008e+09 -2.769422054290771484e+00 -7.543531894683837891e+00 1.427778482437133789e+00 0.000000000000000000e+00 0.000000000000000000e+00 0.000000000000000000e+00 1.000000000000000000e+00
1.716292627431701422e+09 -2.755540132522583008e+00 -7.578375816345214844e+00 1.422443985939026101e+00 0.000000000000000000e+00 0.000000000000000000e+00 0.000000000000000000e+00 1.000000000000000000e+00
1.716292627481940746e+09 -2.740921258926392046e+00 -7.613401412963867188e+00 1.417293906211853027e+00 0.000000000000000000e+00 0.000000000000000000e+00 0.000000000000000000e+00 1.000000000000000000e+00
1.716292627532218695e+09 -2.725658416748046875e+00 -7.648566722869873047e+00 1.412094593048095703e+00 0.000000000000000000e+00 0.000000000000000000e+00 0.000000000000000000e+00 1.000000000000000000e+00
1.716292627582184792e+09 -2.719410896301269087e+00 -7.710147380828857422e+00 1.406450152397155762e+00 0.000000000000000000e+00 0.000000000000000000e+00 0.000000000000000000e+00 1.000000000000000000e+00
1.716292627632429123e+09 -2.703487396240234375e+00 -7.745355606079101562e+00 1.400992631912231445e+00 0.000000000000000000e+00 0.000000000000000000e+00 0.000000000000000000e+00 1.000000000000000000e+00
1.716292627682897806e+09 -2.686845064163208008e+00 -7.779656410217285156e+00 1.395299911499023438e+00 0.000000000000000000e+00 0.000000000000000000e+00 0.000000000000000000e+00 1.000000000000000000e+00
1.716292627733025074e+09 -2.669363498687744141e+00 -7.813088417053222656e+00 1.389470577239990234e+00 0.000000000000000000e+00 0.000000000000000000e+00 0.000000000000000000e+00 1.000000000000000000e+00
1.716292627833347082e+09 -2.640471220016479492e+00 -7.905033111572265625e+00 1.377099752426147683e+00 0.000000000000000000e+00 0.000000000000000000e+00 0.000000000000000000e+00 1.000000000000000000e+00
1.716292627883542061e+09 -2.621458292007446289e+00 -7.937609672546386719e+00 1.370846033096313699e+00 0.000000000000000000e+00 0.000000000000000000e+00 0.000000000000000000e+00 1.000000000000000000e+00
1.716292627933780909e+09 -2.600517272949218750e+00 -7.970693588256835938e+00 1.363478183746337891e+00 0.000000000000000000e+00 0.000000000000000000e+00 0.000000000000000000e+00 1.000000000000000000e+00
1.716292627983997107e+09 -2.587760448455810547e+00 -8.027280807495117188e+00 1.355530738830566406e+00 0.000000000000000000e+00 0.000000000000000000e+00 0.000000000000000000e+00 1.000000000000000000e+00
1.716292628034164429e+09 -2.567683219909667969e+00 -8.058794975280761719e+00 1.347703933715820312e+00 0.000000000000000000e+00 0.000000000000000000e+00 0.000000000000000000e+00 1.000000000000000000e+00
1.716292628084389448e+09 -2.549244165420531782e+00 -8.088629722595214844e+00 1.339458942413330078e+00 0.000000000000000000e+00 0.000000000000000000e+00 0.000000000000000000e+00 1.000000000000000000e+00
1.716292628134581327e+09 -2.530109405517578125e+00 -8.121709823608398438e+00 1.330173373222351074e+00 0.000000000000000000e+00 0.000000000000000000e+00 0.000000000000000000e+00 1.000000000000000000e+00
1.716292628184782743e+09 -2.510175228118896484e+00 -8.150738716125488281e+00 1.320701718330383301e+00 0.000000000000000000e+00 0.000000000000000000e+00 0.000000000000000000e+00 1.000000000000000000e+00
1.716292628285231590e+09 -2.476853847503662109e+00 -8.227353096008300781e+00 1.299162626266479492e+00 0.000000000000000000e+00 0.000000000000000000e+00 0.000000000000000000e+00 1.000000000000000000e+00
1.716292628335572958e+09 -2.457408428192138672e+00 -8.255892753601074219e+00 1.288076758384704590e+00 0.000000000000000000e+00 0.000000000000000000e+00 0.000000000000000000e+00 1.000000000000000000e+00
1.716292628385674953e+09 -2.436637163162231445e+00 -8.284711837768554688e+00 1.276553869247436301e+00 0.000000000000000000e+00 0.000000000000000000e+00 0.000000000000000000e+00 1.000000000000000000e+00
1.716292628435870409e+09 -2.421767950057983398e+00 -8.332545280456542969e+00 1.265233278274535911e+00 0.000000000000000000e+00 0.000000000000000000e+00 0.000000000000000000e+00 1.000000000000000000e+00
1.716292628486008644e+09 -2.399832248687744141e+00 -8.359420776367187500e+00 1.254420995712280495e+00 0.000000000000000000e+00 0.000000000000000000e+00 0.000000000000000000e+00 1.000000000000000000e+00
1.716292628536224842e+09 -2.378557920455932617e+00 -8.387050628662109375e+00 1.244002580642700195e+00 0.000000000000000000e+00 0.000000000000000000e+00 0.000000000000000000e+00 1.000000000000000000e+00
1.716292628636592388e+09 -2.342770338058472124e+00 -8.457772254943847656e+00 1.223249793052673118e+00 0.000000000000000000e+00 0.000000000000000000e+00 0.000000000000000000e+00 1.000000000000000000e+00
1.716292628686703920e+09 -2.323078870773315430e+00 -8.484695434570312500e+00 1.213814616203308105e+00 0.000000000000000000e+00 0.000000000000000000e+00 0.000000000000000000e+00 1.000000000000000000e+00
1.716292628736865520e+09 -2.302988290786743164e+00 -8.510622978210449219e+00 1.205061435699462891e+00 0.000000000000000000e+00 0.000000000000000000e+00 0.000000000000000000e+00 1.000000000000000000e+00
1.716292628837581158e+09 -2.261681318283081055e+00 -8.566681861877441406e+00 1.188471436500549094e+00 0.000000000000000000e+00 0.000000000000000000e+00 0.000000000000000000e+00 1.000000000000000000e+00
1.716292628887315750e+09 -2.245854377746582031e+00 -8.615020751953125000e+00 1.179948806762695090e+00 0.000000000000000000e+00 0.000000000000000000e+00 0.000000000000000000e+00 1.000000000000000000e+00
1.716292628987591028e+09 -2.208703756332397017e+00 -8.671628952026367188e+00 1.165989875793457031e+00 0.000000000000000000e+00 0.000000000000000000e+00 0.000000000000000000e+00 1.000000000000000000e+00
1.716292629087991238e+09 -2.174327373504638672e+00 -8.727297782897949219e+00 1.153529286384582297e+00 0.000000000000000000e+00 0.000000000000000000e+00 0.000000000000000000e+00 1.000000000000000000e+00
1.716292629138210535e+09 -2.162762641906738281e+00 -8.779415130615234375e+00 1.147378563880920410e+00 0.000000000000000000e+00 0.000000000000000000e+00 0.000000000000000000e+00 1.000000000000000000e+00
1.716292629188339710e+09 -2.146313428878784180e+00 -8.810049057006835938e+00 1.142565488815307617e+00 0.000000000000000000e+00 0.000000000000000000e+00 0.000000000000000000e+00 1.000000000000000000e+00
1.716292629238499403e+09 -2.129567623138428178e+00 -8.839695930480957031e+00 1.138655781745910645e+00 0.000000000000000000e+00 0.000000000000000000e+00 0.000000000000000000e+00 1.000000000000000000e+00
1.716292629288723946e+09 -2.121154546737670898e+00 -8.896080017089843750e+00 1.134202837944030762e+00 0.000000000000000000e+00 0.000000000000000000e+00 0.000000000000000000e+00 1.000000000000000000e+00
1.716292629338886976e+09 -2.107648611068725586e+00 -8.926948547363281250e+00 1.131493568420410156e+00 0.000000000000000000e+00 0.000000000000000000e+00 0.000000000000000000e+00 1.000000000000000000e+00
1.716292629389124870e+09 -2.096341848373413086e+00 -8.957266807556152344e+00 1.129050731658935547e+00 0.000000000000000000e+00 0.000000000000000000e+00 0.000000000000000000e+00 1.000000000000000000e+00
1.716292629439292908e+09 -2.086707353591918945e+00 -8.990256309509277344e+00 1.126955747604369895e+00 0.000000000000000000e+00 0.000000000000000000e+00 0.000000000000000000e+00 1.000000000000000000e+00
1.716292629539557457e+09 -2.085005998611450195e+00 -9.051123619079589844e+00 1.123715639114380105e+00 0.000000000000000000e+00 0.000000000000000000e+00 0.000000000000000000e+00 1.000000000000000000e+00
1.716292629589693069e+09 -2.072360992431640625e+00 -9.117539405822753906e+00 1.120476841926574707e+00 0.000000000000000000e+00 0.000000000000000000e+00 0.000000000000000000e+00 1.000000000000000000e+00
1.716292629639977217e+09 -2.068236351013184038e+00 -9.153318405151367188e+00 1.119386434555053711e+00 0.000000000000000000e+00 0.000000000000000000e+00 0.000000000000000000e+00 1.000000000000000000e+00
1.716292629690399408e+09 -2.065770864486694336e+00 -9.188683509826660156e+00 1.117615699768066406e+00 0.000000000000000000e+00 0.000000000000000000e+00 0.000000000000000000e+00 1.000000000000000000e+00
1.716292629840507030e+09 -2.074645757675170898e+00 -9.330056190490724433e+00 1.112405300140380859e+00 0.000000000000000000e+00 0.000000000000000000e+00 0.000000000000000000e+00 1.000000000000000000e+00
1.716292629890825510e+09 -2.077827215194702148e+00 -9.368262290954589844e+00 1.111339807510375977e+00 0.000000000000000000e+00 0.000000000000000000e+00 0.000000000000000000e+00 1.000000000000000000e+00
1.716292629940996885e+09 -2.082548379898071733e+00 -9.407176017761230469e+00 1.110946774482727051e+00 0.000000000000000000e+00 0.000000000000000000e+00 0.000000000000000000e+00 1.000000000000000000e+00
1.716292630041226864e+09 -2.098417282104492188e+00 -9.488671302795410156e+00 1.109336256980895996e+00 0.000000000000000000e+00 0.000000000000000000e+00 0.000000000000000000e+00 1.000000000000000000e+00
1.716292630091468334e+09 -2.117095232009888139e+00 -9.574783325195312500e+00 1.110674500465393066e+00 0.000000000000000000e+00 0.000000000000000000e+00 0.000000000000000000e+00 1.000000000000000000e+00
1.716292630191833973e+09 -2.136340856552124023e+00 -9.657657623291015625e+00 1.111070156097412109e+00 0.000000000000000000e+00 0.000000000000000000e+00 0.000000000000000000e+00 1.000000000000000000e+00
1.716292630242035389e+09 -2.148051738739013672e+00 -9.699238777160644531e+00 1.113763451576232910e+00 0.000000000000000000e+00 0.000000000000000000e+00 0.000000000000000000e+00 1.000000000000000000e+00
1.716292630342351913e+09 -2.188238143920898438e+00 -9.838269233703611505e+00 1.123212814331054910e+00 0.000000000000000000e+00 0.000000000000000000e+00 0.000000000000000000e+00 1.000000000000000000e+00
1.716292630392637253e+09 -2.212121486663818359e+00 -9.932485580444335938e+00 1.125910162925720215e+00 0.000000000000000000e+00 0.000000000000000000e+00 0.000000000000000000e+00 1.000000000000000000e+00
1.716292630442885637e+09 -2.226174116134643999e+00 -9.979762077331544745e+00 1.130904316902160645e+00 0.000000000000000000e+00 0.000000000000000000e+00 0.000000000000000000e+00 1.000000000000000000e+00
1.716292630492943764e+09 -2.239137649536132812e+00 -1.002216529846191406e+01 1.136335611343383789e+00 0.000000000000000000e+00 0.000000000000000000e+00 0.000000000000000000e+00 1.000000000000000000e+00
1.716292630593356848e+09 -2.267904281616210938e+00 -1.012172794342041016e+01 1.148156404495239258e+00 0.000000000000000000e+00 0.000000000000000000e+00 0.000000000000000000e+00 1.000000000000000000e+00
1.716292630743812561e+09 -2.324875354766845703e+00 -1.032081413269042969e+01 1.168857097625732422e+00 0.000000000000000000e+00 0.000000000000000000e+00 0.000000000000000000e+00 1.000000000000000000e+00
1.716292630794077635e+09 -2.342324256896972656e+00 -1.037968730926513672e+01 1.177281141281127930e+00 0.000000000000000000e+00 0.000000000000000000e+00 0.000000000000000000e+00 1.000000000000000000e+00
1.716292630895006180e+09 -2.371471405029296875e+00 -1.049023914337158203e+01 1.184870362281799094e+00 0.000000000000000000e+00 0.000000000000000000e+00 0.000000000000000000e+00 1.000000000000000000e+00
1.716292630945174694e+09 -2.401189327239990234e+00 -1.059893989562988459e+01 1.205404162406921387e+00 0.000000000000000000e+00 0.000000000000000000e+00 0.000000000000000000e+00 1.000000000000000000e+00
1.716292630995370865e+09 -2.415655374526977095e+00 -1.065337181091308594e+01 1.216150283813476562e+00 0.000000000000000000e+00 0.000000000000000000e+00 0.000000000000000000e+00 1.000000000000000000e+00
1.716292631045455217e+09 -2.430453777313232422e+00 -1.070772457122802734e+01 1.227385997772216797e+00 0.000000000000000000e+00 0.000000000000000000e+00 0.000000000000000000e+00 1.000000000000000000e+00
1.716292631095628977e+09 -2.457673549652100053e+00 -1.081666088104248047e+01 1.237699270248413086e+00 0.000000000000000000e+00 0.000000000000000000e+00 0.000000000000000000e+00 1.000000000000000000e+00
1.716292631145745754e+09 -2.472997903823852539e+00 -1.087089157104492188e+01 1.250211238861083984e+00 0.000000000000000000e+00 0.000000000000000000e+00 0.000000000000000000e+00 1.000000000000000000e+00
1.716292631196561813e+09 -2.489344835281372070e+00 -1.092487716674804865e+01 1.263049840927124023e+00 0.000000000000000000e+00 0.000000000000000000e+00 0.000000000000000000e+00 1.000000000000000000e+00
1.716292631245923519e+09 -2.518863201141357422e+00 -1.103430747985839844e+01 1.275582551956176758e+00 0.000000000000000000e+00 0.000000000000000000e+00 0.000000000000000000e+00 1.000000000000000000e+00
1.716292631296149254e+09 -2.536231040954589844e+00 -1.108805370330810369e+01 1.290328025817871094e+00 0.000000000000000000e+00 0.000000000000000000e+00 0.000000000000000000e+00 1.000000000000000000e+00
1.716292631346247196e+09 -2.555182218551636186e+00 -1.114142513275146484e+01 1.305866122245788574e+00 0.000000000000000000e+00 0.000000000000000000e+00 0.000000000000000000e+00 1.000000000000000000e+00
1.716292631396755695e+09 -2.574634313583374023e+00 -1.119568538665771662e+01 1.321823477745056152e+00 0.000000000000000000e+00 0.000000000000000000e+00 0.000000000000000000e+00 1.000000000000000000e+00
1.716292631446550846e+09 -2.606936216354370117e+00 -1.130135536193847656e+01 1.338358879089355691e+00 0.000000000000000000e+00 0.000000000000000000e+00 0.000000000000000000e+00 1.000000000000000000e+00
1.716292631546744823e+09 -2.647332191467285156e+00 -1.140326118469238459e+01 1.374530792236327903e+00 0.000000000000000000e+00 0.000000000000000000e+00 0.000000000000000000e+00 1.000000000000000000e+00
1.716292631596899033e+09 -2.669321060180664062e+00 -1.145375251770019531e+01 1.393974542617798074e+00 0.000000000000000000e+00 0.000000000000000000e+00 0.000000000000000000e+00 1.000000000000000000e+00
1.716292631647473574e+09 -2.691530466079711914e+00 -1.150312614440917969e+01 1.414086341857910156e+00 0.000000000000000000e+00 0.000000000000000000e+00 0.000000000000000000e+00 1.000000000000000000e+00
1.716292631747306824e+09 -2.750143289566040039e+00 -1.164872932434082031e+01 1.452174425125122070e+00 0.000000000000000000e+00 0.000000000000000000e+00 0.000000000000000000e+00 1.000000000000000000e+00
1.716292631797603130e+09 -2.776370763778686523e+00 -1.169290542602539062e+01 1.472119092941284180e+00 0.000000000000000000e+00 0.000000000000000000e+00 0.000000000000000000e+00 1.000000000000000000e+00
1.716292631847616196e+09 -2.804196119308472124e+00 -1.173664569854736328e+01 1.490720748901367188e+00 0.000000000000000000e+00 0.000000000000000000e+00 0.000000000000000000e+00 1.000000000000000000e+00
1.716292631948286295e+09 -2.872983217239379883e+00 -1.187328147888183594e+01 1.522512912750243919e+00 0.000000000000000000e+00 0.000000000000000000e+00 0.000000000000000000e+00 1.000000000000000000e+00
1.716292631998557329e+09 -2.903394460678100586e+00 -1.191626071929931641e+01 1.537051200866699219e+00 0.000000000000000000e+00 0.000000000000000000e+00 0.000000000000000000e+00 1.000000000000000000e+00
1.716292632048935890e+09 -2.935391664505004883e+00 -1.196292877197265625e+01 1.550315856933593750e+00 0.000000000000000000e+00 0.000000000000000000e+00 0.000000000000000000e+00 1.000000000000000000e+00
1.716292632098816395e+09 -2.966924905776977095e+00 -1.200452041625976562e+01 1.562500953674316406e+00 0.000000000000000000e+00 0.000000000000000000e+00 0.000000000000000000e+00 1.000000000000000000e+00
1.716292632249393702e+09 -3.078884840011596680e+00 -1.217830371856689631e+01 1.595040798187256081e+00 0.000000000000000000e+00 0.000000000000000000e+00 0.000000000000000000e+00 1.000000000000000000e+00
1.716292632299631357e+09 -3.111038923263549805e+00 -1.221957492828369141e+01 1.604603648185729980e+00 0.000000000000000000e+00 0.000000000000000000e+00 0.000000000000000000e+00 1.000000000000000000e+00
1.716292632600926399e+09 -3.312041044235229048e+00 -1.252853965759277166e+01 1.646342873573303223e+00 0.000000000000000000e+00 0.000000000000000000e+00 0.000000000000000000e+00 1.000000000000000000e+00
1.716292632650670290e+09 -3.346952676773071733e+00 -1.257297801971435547e+01 1.653989553451538086e+00 0.000000000000000000e+00 0.000000000000000000e+00 0.000000000000000000e+00 1.000000000000000000e+00
1.716292632700958252e+09 -3.413811206817626953e+00 -1.265835571289062322e+01 1.670956015586853027e+00 0.000000000000000000e+00 0.000000000000000000e+00 0.000000000000000000e+00 1.000000000000000000e+00
1.716292632751163721e+09 -3.447112321853637695e+00 -1.270515251159667969e+01 1.680171370506286621e+00 0.000000000000000000e+00 0.000000000000000000e+00 0.000000000000000000e+00 1.000000000000000000e+00
1.716292632801425695e+09 -3.479006290435791016e+00 -1.274917507171630859e+01 1.690051078796386719e+00 0.000000000000000000e+00 0.000000000000000000e+00 0.000000000000000000e+00 1.000000000000000000e+00
1.716292632901688576e+09 -3.523935556411743164e+00 -1.284349822998046875e+01 1.700989842414855957e+00 0.000000000000000000e+00 0.000000000000000000e+00 0.000000000000000000e+00 1.000000000000000000e+00
1.716292632951792240e+09 -3.554364919662476030e+00 -1.288472843170166016e+01 1.711681485176086426e+00 0.000000000000000000e+00 0.000000000000000000e+00 0.000000000000000000e+00 1.000000000000000000e+00
1.716292633002128839e+09 -3.610237598419189453e+00 -1.296535491943359375e+01 1.733536481857299805e+00 0.000000000000000000e+00 0.000000000000000000e+00 0.000000000000000000e+00 1.000000000000000000e+00
1.716292633052743435e+09 -3.635731935501098189e+00 -1.300371837615966797e+01 1.744159698486327903e+00 0.000000000000000000e+00 0.000000000000000000e+00 0.000000000000000000e+00 1.000000000000000000e+00
1.716292633152532578e+09 -3.673646450042724609e+00 -1.308322620391845525e+01 1.755643129348754883e+00 0.000000000000000000e+00 0.000000000000000000e+00 0.000000000000000000e+00 1.000000000000000000e+00
1.716292633202641249e+09 -3.697189569473266602e+00 -1.311900711059570312e+01 1.764818549156188965e+00 0.000000000000000000e+00 0.000000000000000000e+00 0.000000000000000000e+00 1.000000000000000000e+00
1.716292633252724648e+09 -3.743415117263793945e+00 -1.318350315093993963e+01 1.782242298126220703e+00 0.000000000000000000e+00 0.000000000000000000e+00 0.000000000000000000e+00 1.000000000000000000e+00
1.716292633303322315e+09 -3.775002241134643999e+00 -1.324608325958251953e+01 1.790407657623291016e+00 0.000000000000000000e+00 0.000000000000000000e+00 0.000000000000000000e+00 1.000000000000000000e+00
1.716292633353146553e+09 -3.795838832855224609e+00 -1.327430343627929688e+01 1.797108173370361106e+00 0.000000000000000000e+00 0.000000000000000000e+00 0.000000000000000000e+00 1.000000000000000000e+00
1.716292633403231382e+09 -3.815293550491333008e+00 -1.330292034149169922e+01 1.803226590156555176e+00 0.000000000000000000e+00 0.000000000000000000e+00 0.000000000000000000e+00 1.000000000000000000e+00
1.716292633453321695e+09 -3.833105802536010298e+00 -1.332785987854004084e+01 1.808385133743285911e+00 0.000000000000000000e+00 0.000000000000000000e+00 0.000000000000000000e+00 1.000000000000000000e+00
1.716292633503537178e+09 -3.856781005859375000e+00 -1.337818813323974609e+01 1.812638521194458008e+00 0.000000000000000000e+00 0.000000000000000000e+00 0.000000000000000000e+00 1.000000000000000000e+00
1.716292633553800821e+09 -3.873462438583374023e+00 -1.340141963958740234e+01 1.815196275711060014e+00 0.000000000000000000e+00 0.000000000000000000e+00 0.000000000000000000e+00 1.000000000000000000e+00
1.716292633604151249e+09 -3.888212919235229492e+00 -1.342005062103271662e+01 1.815553545951843706e+00 0.000000000000000000e+00 0.000000000000000000e+00 0.000000000000000000e+00 1.000000000000000000e+00
1.716292633654172659e+09 -3.903259277343750000e+00 -1.343758773803710938e+01 1.814370393753051980e+00 0.000000000000000000e+00 0.000000000000000000e+00 0.000000000000000000e+00 1.000000000000000000e+00
1.716292634055794239e+09 -3.975257158279418945e+00 -1.353963565826416016e+01 1.763864636421203613e+00 0.000000000000000000e+00 0.000000000000000000e+00 0.000000000000000000e+00 1.000000000000000000e+00
1.716292634105775833e+09 -3.975854158401488814e+00 -1.354174804687500000e+01 1.754031300544738770e+00 0.000000000000000000e+00 0.000000000000000000e+00 0.000000000000000000e+00 1.000000000000000000e+00
1.716292634155888557e+09 -3.974852323532104936e+00 -1.354432487487792969e+01 1.744048118591308594e+00 0.000000000000000000e+00 0.000000000000000000e+00 0.000000000000000000e+00 1.000000000000000000e+00
1.716292634206117630e+09 -3.972265243530273438e+00 -1.354423809051513672e+01 1.733770489692687988e+00 0.000000000000000000e+00 0.000000000000000000e+00 0.000000000000000000e+00 1.000000000000000000e+00
1.716292634256560564e+09 -3.966533422470092773e+00 -1.354298782348632812e+01 1.723057389259338379e+00 0.000000000000000000e+00 0.000000000000000000e+00 0.000000000000000000e+00 1.000000000000000000e+00
1.716292634306356430e+09 -3.958966493606567827e+00 -1.354226016998291016e+01 1.712583780288696289e+00 0.000000000000000000e+00 0.000000000000000000e+00 0.000000000000000000e+00 1.000000000000000000e+00
1.716292634356452703e+09 -3.948642015457152876e+00 -1.353503799438476562e+01 1.701765298843383789e+00 0.000000000000000000e+00 0.000000000000000000e+00 0.000000000000000000e+00 1.000000000000000000e+00
1.716292634406738520e+09 -3.937389373779296875e+00 -1.353120231628417969e+01 1.690642118453979492e+00 0.000000000000000000e+00 0.000000000000000000e+00 0.000000000000000000e+00 1.000000000000000000e+00
1.716292634456829548e+09 -3.924820423126220703e+00 -1.352669048309326172e+01 1.679557442665100098e+00 0.000000000000000000e+00 0.000000000000000000e+00 0.000000000000000000e+00 1.000000000000000000e+00
1.716292634507418871e+09 -3.912128448486328125e+00 -1.352114963531493963e+01 1.668940424919128418e+00 0.000000000000000000e+00 0.000000000000000000e+00 0.000000000000000000e+00 1.000000000000000000e+00
1.716292634557571411e+09 -3.895011901855468750e+00 -1.350125598907470881e+01 1.658269524574279785e+00 0.000000000000000000e+00 0.000000000000000000e+00 0.000000000000000000e+00 1.000000000000000000e+00
1.716292634607804060e+09 -3.879584074020385742e+00 -1.349127292633056641e+01 1.647042274475097656e+00 0.000000000000000000e+00 0.000000000000000000e+00 0.000000000000000000e+00 1.000000000000000000e+00
1.716292634658150911e+09 -3.862839221954345703e+00 -1.347955894470214844e+01 1.636485457420349121e+00 0.000000000000000000e+00 0.000000000000000000e+00 0.000000000000000000e+00 1.000000000000000000e+00
1.716292634708157778e+09 -3.844431400299071822e+00 -1.346829414367675781e+01 1.626434683799743652e+00 0.000000000000000000e+00 0.000000000000000000e+00 0.000000000000000000e+00 1.000000000000000000e+00
1.716292634808356285e+09 -3.799992084503173828e+00 -1.342289638519287287e+01 1.607733249664306641e+00 0.000000000000000000e+00 0.000000000000000000e+00 0.000000000000000000e+00 1.000000000000000000e+00
1.716292634858556747e+09 -3.777386188507080078e+00 -1.340651893615722834e+01 1.596830368041992188e+00 0.000000000000000000e+00 0.000000000000000000e+00 0.000000000000000000e+00 1.000000000000000000e+00
1.716292634908811569e+09 -3.757680892944335938e+00 -1.338824176788330078e+01 1.587941288948059082e+00 0.000000000000000000e+00 0.000000000000000000e+00 0.000000000000000000e+00 1.000000000000000000e+00
1.716292635009136438e+09 -3.713336706161499023e+00 -1.334678745269775391e+01 1.567762970924377441e+00 0.000000000000000000e+00 0.000000000000000000e+00 0.000000000000000000e+00 1.000000000000000000e+00
1.716292635109377384e+09 -3.682755231857299805e+00 -1.329514980316161932e+01 1.556934118270874023e+00 0.000000000000000000e+00 0.000000000000000000e+00 0.000000000000000000e+00 1.000000000000000000e+00
1.716292635159538746e+09 -3.660130500793457031e+00 -1.327033329010009766e+01 1.546641469001770020e+00 0.000000000000000000e+00 0.000000000000000000e+00 0.000000000000000000e+00 1.000000000000000000e+00
1.716292635209737301e+09 -3.611398220062255859e+00 -1.321328926086425781e+01 1.524752020835876465e+00 0.000000000000000000e+00 0.000000000000000000e+00 0.000000000000000000e+00 1.000000000000000000e+00
1.716292635310017347e+09 -3.550536870956420898e+00 -1.311486816406250000e+01 1.502060174942016602e+00 0.000000000000000000e+00 0.000000000000000000e+00 0.000000000000000000e+00 1.000000000000000000e+00
1.716292635410602331e+09 -3.495234251022338867e+00 -1.304485988616943359e+01 1.478717565536499023e+00 0.000000000000000000e+00 0.000000000000000000e+00 0.000000000000000000e+00 1.000000000000000000e+00
1.716292635510935545e+09 -3.429859161376953125e+00 -1.293600559234619141e+01 1.457217812538146973e+00 0.000000000000000000e+00 0.000000000000000000e+00 0.000000000000000000e+00 1.000000000000000000e+00
1.716292635561005592e+09 -3.373461246490478516e+00 -1.286292552947998047e+01 1.438541769981384499e+00 0.000000000000000000e+00 0.000000000000000000e+00 0.000000000000000000e+00 1.000000000000000000e+00
1.716292635711969137e+09 -3.301703691482543945e+00 -1.274308586120605646e+01 1.421610116958618164e+00 0.000000000000000000e+00 0.000000000000000000e+00 0.000000000000000000e+00 1.000000000000000000e+00
1.716292635762113333e+09 -3.270887851715087891e+00 -1.270659637451172053e+01 1.414097189903259277e+00 0.000000000000000000e+00 0.000000000000000000e+00 0.000000000000000000e+00 1.000000000000000000e+00
1.716292635812282085e+09 -3.238545894622802734e+00 -1.266633319854736328e+01 1.407243490219116211e+00 0.000000000000000000e+00 0.000000000000000000e+00 0.000000000000000000e+00 1.000000000000000000e+00
1.716292635862320662e+09 -3.206192970275878906e+00 -1.262913131713867188e+01 1.400886297225951926e+00 0.000000000000000000e+00 0.000000000000000000e+00 0.000000000000000000e+00 1.000000000000000000e+00
1.716292635912605286e+09 -3.163434743881225586e+00 -1.254811000823974609e+01 1.395680189132690430e+00 0.000000000000000000e+00 0.000000000000000000e+00 0.000000000000000000e+00 1.000000000000000000e+00
1.716292635963884830e+09 -3.130666494369506836e+00 -1.250990676879882812e+01 1.390652418136596902e+00 0.000000000000000000e+00 0.000000000000000000e+00 0.000000000000000000e+00 1.000000000000000000e+00
1.716292636012954712e+09 -3.098883152008056641e+00 -1.247554206848144354e+01 1.386155843734741211e+00 0.000000000000000000e+00 0.000000000000000000e+00 0.000000000000000000e+00 1.000000000000000000e+00
1.716292636063052893e+09 -3.065637350082397017e+00 -1.243943786621093750e+01 1.382026672363281250e+00 0.000000000000000000e+00 0.000000000000000000e+00 0.000000000000000000e+00 1.000000000000000000e+00
1.716292636115732431e+09 -3.023324728012084961e+00 -1.236330509185791016e+01 1.379080533981323242e+00 0.000000000000000000e+00 0.000000000000000000e+00 0.000000000000000000e+00 1.000000000000000000e+00
1.716292636163967371e+09 -2.990415096282958984e+00 -1.232909965515136719e+01 1.376636385917663574e+00 0.000000000000000000e+00 0.000000000000000000e+00 0.000000000000000000e+00 1.000000000000000000e+00
1.716292636214294434e+09 -2.957649469375610352e+00 -1.229482173919677557e+01 1.375128865242004395e+00 0.000000000000000000e+00 0.000000000000000000e+00 0.000000000000000000e+00 1.000000000000000000e+00
1.716292636263908148e+09 -2.916402339935302734e+00 -1.222345829010009766e+01 1.374326825141906738e+00 0.000000000000000000e+00 0.000000000000000000e+00 0.000000000000000000e+00 1.000000000000000000e+00
1.716292636314575434e+09 -2.885372638702392578e+00 -1.219176673889160156e+01 1.373781681060791016e+00 0.000000000000000000e+00 0.000000000000000000e+00 0.000000000000000000e+00 1.000000000000000000e+00
1.716292636364192724e+09 -2.853587150573730469e+00 -1.216022300720214844e+01 1.374588489532470703e+00 0.000000000000000000e+00 0.000000000000000000e+00 0.000000000000000000e+00 1.000000000000000000e+00
1.716292636414431095e+09 -2.821737527847290039e+00 -1.212864875793457031e+01 1.375666022300720215e+00 0.000000000000000000e+00 0.000000000000000000e+00 0.000000000000000000e+00 1.000000000000000000e+00
1.716292636464530230e+09 -2.782695770263671875e+00 -1.206277561187743963e+01 1.377789616584777832e+00 0.000000000000000000e+00 0.000000000000000000e+00 0.000000000000000000e+00 1.000000000000000000e+00
1.716292636514716864e+09 -2.753283739089965820e+00 -1.203261375427245916e+01 1.380161285400390625e+00 0.000000000000000000e+00 0.000000000000000000e+00 0.000000000000000000e+00 1.000000000000000000e+00
1.716292636665223837e+09 -2.660228490829468218e+00 -1.193889045715332031e+01 1.391065597534179688e+00 0.000000000000000000e+00 0.000000000000000000e+00 0.000000000000000000e+00 1.000000000000000000e+00
1.716292636715418339e+09 -2.630952358245849609e+00 -1.190854167938232422e+01 1.395429015159606934e+00 0.000000000000000000e+00 0.000000000000000000e+00 0.000000000000000000e+00 1.000000000000000000e+00
1.716292636815706015e+09 -2.565307617187500000e+00 -1.181242370605468750e+01 1.405309677124023438e+00 0.000000000000000000e+00 0.000000000000000000e+00 0.000000000000000000e+00 1.000000000000000000e+00
1.716292636865836382e+09 -2.536426782608031782e+00 -1.177982330322265625e+01 1.410657167434692383e+00 0.000000000000000000e+00 0.000000000000000000e+00 0.000000000000000000e+00 1.000000000000000000e+00
1.716292636916136742e+09 -2.508980989456176758e+00 -1.174891853332519531e+01 1.415853500366210938e+00 0.000000000000000000e+00 0.000000000000000000e+00 0.000000000000000000e+00 1.000000000000000000e+00
1.716292637016349792e+09 -2.446309804916381836e+00 -1.165083122253417969e+01 1.427704930305480957e+00 0.000000000000000000e+00 0.000000000000000000e+00 0.000000000000000000e+00 1.000000000000000000e+00
1.716292637066566706e+09 -2.418968200683593750e+00 -1.161775016784667969e+01 1.433448195457458496e+00 0.000000000000000000e+00 0.000000000000000000e+00 0.000000000000000000e+00 1.000000000000000000e+00
1.716292637116647243e+09 -2.391847610473632812e+00 -1.158356666564941406e+01 1.439457178115844727e+00 0.000000000000000000e+00 0.000000000000000000e+00 0.000000000000000000e+00 1.000000000000000000e+00
1.716292637217417955e+09 -2.330777645111083984e+00 -1.147668075561523438e+01 1.451946735382080078e+00 0.000000000000000000e+00 0.000000000000000000e+00 0.000000000000000000e+00 1.000000000000000000e+00
1.716292637267152071e+09 -2.305497169494628906e+00 -1.144201850891113281e+01 1.458219647407531516e+00 0.000000000000000000e+00 0.000000000000000000e+00 0.000000000000000000e+00 1.000000000000000000e+00
1.716292637317356348e+09 -2.272410392761230469e+00 -1.136605453491210938e+01 1.464420080184936301e+00 0.000000000000000000e+00 0.000000000000000000e+00 0.000000000000000000e+00 1.000000000000000000e+00
1.716292637417592764e+09 -2.198888301849364790e+00 -1.125317859649658203e+01 1.483283638954162598e+00 0.000000000000000000e+00 0.000000000000000000e+00 0.000000000000000000e+00 1.000000000000000000e+00
1.716292637467706680e+09 -2.174669981002808061e+00 -1.121510124206542969e+01 1.489829301834106445e+00 0.000000000000000000e+00 0.000000000000000000e+00 0.000000000000000000e+00 1.000000000000000000e+00
1.716292637618130207e+09 -2.142398834228516069e+00 -1.113373756408691406e+01 1.496302962303161621e+00 0.000000000000000000e+00 0.000000000000000000e+00 0.000000000000000000e+00 1.000000000000000000e+00
1.716292637668261051e+09 -2.118062496185302734e+00 -1.109257125854492188e+01 1.503073811531066895e+00 0.000000000000000000e+00 0.000000000000000000e+00 0.000000000000000000e+00 1.000000000000000000e+00
1.716292637718449116e+09 -2.048441171646118164e+00 -1.097336196899414062e+01 1.522312641143798828e+00 0.000000000000000000e+00 0.000000000000000000e+00 0.000000000000000000e+00 1.000000000000000000e+00
1.716292637868947268e+09 -1.993898510932922363e+00 -1.084509944915771662e+01 1.533989548683166504e+00 0.000000000000000000e+00 0.000000000000000000e+00 0.000000000000000000e+00 1.000000000000000000e+00
1.716292637919203758e+09 -1.972456812858581099e+00 -1.080325222015380859e+01 1.538914084434509277e+00 0.000000000000000000e+00 0.000000000000000000e+00 0.000000000000000000e+00 1.000000000000000000e+00
1.716292637969469786e+09 -1.941726446151733176e+00 -1.071530437469482422e+01 1.543627738952636719e+00 0.000000000000000000e+00 0.000000000000000000e+00 0.000000000000000000e+00 1.000000000000000000e+00
1.716292638069687128e+09 -1.895827889442444070e+00 -1.063103294372558594e+01 1.553342938423156738e+00 0.000000000000000000e+00 0.000000000000000000e+00 0.000000000000000000e+00 1.000000000000000000e+00
1.716292638119859219e+09 -1.849094271659851074e+00 -1.054580211639404475e+01 1.562183499336242898e+00 0.000000000000000000e+00 0.000000000000000000e+00 0.000000000000000000e+00 1.000000000000000000e+00
1.716292638270447254e+09 -1.795017600059509277e+00 -1.041405010223388850e+01 1.570014834403991699e+00 0.000000000000000000e+00 0.000000000000000000e+00 0.000000000000000000e+00 1.000000000000000000e+00
1.716292638320685148e+09 -1.772220730781555176e+00 -1.037125396728515625e+01 1.573798656463623047e+00 0.000000000000000000e+00 0.000000000000000000e+00 0.000000000000000000e+00 1.000000000000000000e+00
1.716292638370830297e+09 -1.748847246170043945e+00 -1.032549095153808594e+01 1.577456355094909668e+00 0.000000000000000000e+00 0.000000000000000000e+00 0.000000000000000000e+00 1.000000000000000000e+00
1.716292638420948267e+09 -1.725713491439819114e+00 -1.028169059753417969e+01 1.581096768379211426e+00 0.000000000000000000e+00 0.000000000000000000e+00 0.000000000000000000e+00 1.000000000000000000e+00
1.716292638471076250e+09 -1.694658875465393066e+00 -1.018951129913330078e+01 1.584315180778503418e+00 0.000000000000000000e+00 0.000000000000000000e+00 0.000000000000000000e+00 1.000000000000000000e+00
1.716292638521175385e+09 -1.671475887298583984e+00 -1.014364624023437678e+01 1.587516307830810325e+00 0.000000000000000000e+00 0.000000000000000000e+00 0.000000000000000000e+00 1.000000000000000000e+00
1.716292638571427584e+09 -1.648652791976928711e+00 -1.009770298004150391e+01 1.590310096740722878e+00 0.000000000000000000e+00 0.000000000000000000e+00 0.000000000000000000e+00 1.000000000000000000e+00
1.716292638621532202e+09 -1.625598192214965820e+00 -1.005177688598632812e+01 1.592731356620788574e+00 0.000000000000000000e+00 0.000000000000000000e+00 0.000000000000000000e+00 1.000000000000000000e+00
1.716292638672298431e+09 -1.574576020240783691e+00 -9.910027503967283380e+00 1.595270633697509766e+00 0.000000000000000000e+00 0.000000000000000000e+00 0.000000000000000000e+00 1.000000000000000000e+00
1.716292638721857071e+09 -1.555709004402160645e+00 -9.862383842468261719e+00 1.595700740814208984e+00 0.000000000000000000e+00 0.000000000000000000e+00 0.000000000000000000e+00 1.000000000000000000e+00
1.716292638822057724e+09 -1.528957843780517578e+00 -9.763335227966308594e+00 1.595127463340759277e+00 0.000000000000000000e+00 0.000000000000000000e+00 0.000000000000000000e+00 1.000000000000000000e+00
1.716292638872315407e+09 -1.510871887207031250e+00 -9.714547157287597656e+00 1.594316363334655762e+00 0.000000000000000000e+00 0.000000000000000000e+00 0.000000000000000000e+00 1.000000000000000000e+00
1.716292638922319889e+09 -1.494522452354431152e+00 -9.665489196777343750e+00 1.592578053474426492e+00 0.000000000000000000e+00 0.000000000000000000e+00 0.000000000000000000e+00 1.000000000000000000e+00
1.716292638972430229e+09 -1.464667677879333496e+00 -9.564915657043455255e+00 1.587080121040344238e+00 0.000000000000000000e+00 0.000000000000000000e+00 0.000000000000000000e+00 1.000000000000000000e+00
1.716292639122953653e+09 -1.430226683616638184e+00 -9.389193534851074219e+00 1.577493906021118164e+00 0.000000000000000000e+00 0.000000000000000000e+00 0.000000000000000000e+00 1.000000000000000000e+00
1.716292639173321009e+09 -1.422376632690429688e+00 -9.340872764587402344e+00 1.572444081306457520e+00 0.000000000000000000e+00 0.000000000000000000e+00 0.000000000000000000e+00 1.000000000000000000e+00
1.716292639223220110e+09 -1.416871309280395508e+00 -9.290176391601562500e+00 1.566577315330505371e+00 0.000000000000000000e+00 0.000000000000000000e+00 0.000000000000000000e+00 1.000000000000000000e+00
1.716292639323620081e+09 -1.412074804306030495e+00 -9.181770324707031250e+00 1.552404522895812988e+00 0.000000000000000000e+00 0.000000000000000000e+00 0.000000000000000000e+00 1.000000000000000000e+00
1.716292639424448729e+09 -1.409022331237792969e+00 -9.017416954040527344e+00 1.534536004066467285e+00 0.000000000000000000e+00 0.000000000000000000e+00 0.000000000000000000e+00 1.000000000000000000e+00
1.716292639474057198e+09 -1.414801836013793945e+00 -8.956837654113769531e+00 1.524866819381714089e+00 0.000000000000000000e+00 0.000000000000000000e+00 0.000000000000000000e+00 1.000000000000000000e+00
1.716292639524929762e+09 -1.422516942024230957e+00 -8.901988983154296875e+00 1.515578746795654297e+00 0.000000000000000000e+00 0.000000000000000000e+00 0.000000000000000000e+00 1.000000000000000000e+00
1.716292639574914455e+09 -1.424386143684387207e+00 -8.800436019897460938e+00 1.505814909934997559e+00 0.000000000000000000e+00 0.000000000000000000e+00 0.000000000000000000e+00 1.000000000000000000e+00
1.716292639674846888e+09 -1.473592042922973633e+00 -8.645311355590820312e+00 1.476706147193908691e+00 0.000000000000000000e+00 0.000000000000000000e+00 0.000000000000000000e+00 1.000000000000000000e+00
1.716292639825973511e+09 -1.513736128807068093e+00 -8.494138717651367188e+00 1.455776691436767578e+00 0.000000000000000000e+00 0.000000000000000000e+00 0.000000000000000000e+00 1.000000000000000000e+00
1.716292639876143932e+09 -1.542574644088745117e+00 -8.449274063110351562e+00 1.445945262908935547e+00 0.000000000000000000e+00 0.000000000000000000e+00 0.000000000000000000e+00 1.000000000000000000e+00
1.716292640177112818e+09 -1.731522560119628906e+00 -8.113798141479492188e+00 1.388804674148559570e+00 0.000000000000000000e+00 0.000000000000000000e+00 0.000000000000000000e+00 1.000000000000000000e+00
1.716292640227360487e+09 -1.766115665435791016e+00 -8.060176849365234375e+00 1.380519747734069824e+00 0.000000000000000000e+00 0.000000000000000000e+00 0.000000000000000000e+00 1.000000000000000000e+00
1.716292640277607441e+09 -1.805695295333862305e+00 -8.024639129638671875e+00 1.371798276901245117e+00 0.000000000000000000e+00 0.000000000000000000e+00 0.000000000000000000e+00 1.000000000000000000e+00
1.716292640327813625e+09 -1.848100543022155984e+00 -7.990217685699462891e+00 1.362738490104675293e+00 0.000000000000000000e+00 0.000000000000000000e+00 0.000000000000000000e+00 1.000000000000000000e+00
1.716292640377942324e+09 -1.933703422546386719e+00 -7.920268535614013672e+00 1.346375823020935059e+00 0.000000000000000000e+00 0.000000000000000000e+00 0.000000000000000000e+00 1.000000000000000000e+00
1.716292640428154707e+09 -1.981410980224609153e+00 -7.886672019958496094e+00 1.338216662406921387e+00 0.000000000000000000e+00 0.000000000000000000e+00 0.000000000000000000e+00 1.000000000000000000e+00
1.716292640578507185e+09 -2.065748214721680132e+00 -7.807862758636474609e+00 1.324930071830749512e+00 0.000000000000000000e+00 0.000000000000000000e+00 0.000000000000000000e+00 1.000000000000000000e+00
1.716292640678947210e+09 -2.203033924102783203e+00 -7.725265979766845703e+00 1.312261462211608887e+00 0.000000000000000000e+00 0.000000000000000000e+00 0.000000000000000000e+00 1.000000000000000000e+00
1.716292640729389429e+09 -2.252465009689331055e+00 -7.697396755218505859e+00 1.309783101081847922e+00 0.000000000000000000e+00 0.000000000000000000e+00 0.000000000000000000e+00 1.000000000000000000e+00
1.716292640829369307e+09 -2.296170949935913086e+00 -7.657321929931640625e+00 1.309593439102172852e+00 0.000000000000000000e+00 0.000000000000000000e+00 0.000000000000000000e+00 1.000000000000000000e+00
1.716292640879370213e+09 -2.390589237213134766e+00 -7.606412887573242188e+00 1.312092542648315430e+00 0.000000000000000000e+00 0.000000000000000000e+00 0.000000000000000000e+00 1.000000000000000000e+00
1.716292640929521561e+09 -2.437335729598999023e+00 -7.582168579101561612e+00 1.314855813980102317e+00 0.000000000000000000e+00 0.000000000000000000e+00 0.000000000000000000e+00 1.000000000000000000e+00
1.716292641079994678e+09 -2.580997467041016069e+00 -7.495648384094238281e+00 1.329168677330017090e+00 0.000000000000000000e+00 0.000000000000000000e+00 0.000000000000000000e+00 1.000000000000000000e+00
1.716292641130190849e+09 -2.630994081497192383e+00 -7.469876766204833984e+00 1.334890961647033691e+00 0.000000000000000000e+00 0.000000000000000000e+00 0.000000000000000000e+00 1.000000000000000000e+00
1.716292641230745316e+09 -2.680074214935302734e+00 -7.433411121368408203e+00 1.342118263244628906e+00 0.000000000000000000e+00 0.000000000000000000e+00 0.000000000000000000e+00 1.000000000000000000e+00
1.716292641331309557e+09 -2.835318803787231445e+00 -7.352442264556884766e+00 1.367220282554626465e+00 0.000000000000000000e+00 0.000000000000000000e+00 0.000000000000000000e+00 1.000000000000000000e+00
1.716292641431596756e+09 -2.884565114974976030e+00 -7.317281723022460938e+00 1.376899480819701926e+00 0.000000000000000000e+00 0.000000000000000000e+00 0.000000000000000000e+00 1.000000000000000000e+00
1.716292641481553555e+09 -2.937622785568237305e+00 -7.287658214569091797e+00 1.387383341789245605e+00 0.000000000000000000e+00 0.000000000000000000e+00 0.000000000000000000e+00 1.000000000000000000e+00
1.716292641533109903e+09 -3.045885324478149414e+00 -7.228139400482177734e+00 1.409855842590332031e+00 0.000000000000000000e+00 0.000000000000000000e+00 0.000000000000000000e+00 1.000000000000000000e+00
1.716292641631957769e+09 -3.154278755187988281e+00 -7.160943031311035156e+00 1.434754252433776855e+00 0.000000000000000000e+00 0.000000000000000000e+00 0.000000000000000000e+00 1.000000000000000000e+00
1.716292641682110310e+09 -3.209989309310913086e+00 -7.129634380340576172e+00 1.447689890861511230e+00 0.000000000000000000e+00 0.000000000000000000e+00 0.000000000000000000e+00 1.000000000000000000e+00
1.716292641732373476e+09 -3.266428709030151811e+00 -7.098498344421386719e+00 1.461024641990661621e+00 0.000000000000000000e+00 0.000000000000000000e+00 0.000000000000000000e+00 1.000000000000000000e+00
1.716292641832748890e+09 -3.380037069320678711e+00 -7.032926559448242188e+00 1.490006089210510476e+00 0.000000000000000000e+00 0.000000000000000000e+00 0.000000000000000000e+00 1.000000000000000000e+00
1.716292641883332968e+09 -3.439517974853516069e+00 -7.001764774322509766e+00 1.504651308059692383e+00 0.000000000000000000e+00 0.000000000000000000e+00 0.000000000000000000e+00 1.000000000000000000e+00
1.716292641933423281e+09 -3.498984575271606445e+00 -6.971047401428222656e+00 1.520061850547790305e+00 0.000000000000000000e+00 0.000000000000000000e+00 0.000000000000000000e+00 1.000000000000000000e+00
1.716292642033508301e+09 -3.618623018264770508e+00 -6.911708354949951172e+00 1.551125049591064453e+00 0.000000000000000000e+00 0.000000000000000000e+00 0.000000000000000000e+00 1.000000000000000000e+00
1.716292642083990574e+09 -3.677992343902587891e+00 -6.882382392883300781e+00 1.567180991172790305e+00 0.000000000000000000e+00 0.000000000000000000e+00 0.000000000000000000e+00 1.000000000000000000e+00
1.716292642133856535e+09 -3.739058971405028853e+00 -6.854866027832031250e+00 1.583573698997497559e+00 0.000000000000000000e+00 0.000000000000000000e+00 0.000000000000000000e+00 1.000000000000000000e+00
1.716292642184143782e+09 -3.799573659896850586e+00 -6.826954841613769531e+00 1.600492715835571289e+00 0.000000000000000000e+00 0.000000000000000000e+00 0.000000000000000000e+00 1.000000000000000000e+00
1.716292642284492493e+09 -3.862352609634399858e+00 -6.803973197937011719e+00 1.617126584053039551e+00 0.000000000000000000e+00 0.000000000000000000e+00 0.000000000000000000e+00 1.000000000000000000e+00
1.716292642334490299e+09 -3.983203172683715820e+00 -6.749431133270263672e+00 1.650848984718322754e+00 0.000000000000000000e+00 0.000000000000000000e+00 0.000000000000000000e+00 1.000000000000000000e+00
1.716292642384745359e+09 -4.041459083557128906e+00 -6.722454547882080078e+00 1.666888952255249023e+00 0.000000000000000000e+00 0.000000000000000000e+00 0.000000000000000000e+00 1.000000000000000000e+00
1.716292642434854746e+09 -4.100322246551513672e+00 -6.695639610290527344e+00 1.682691931724548340e+00 0.000000000000000000e+00 0.000000000000000000e+00 0.000000000000000000e+00 1.000000000000000000e+00
1.716292642535104990e+09 -4.220541477203369141e+00 -6.649167537689208984e+00 1.712892413139343262e+00 0.000000000000000000e+00 0.000000000000000000e+00 0.000000000000000000e+00 1.000000000000000000e+00
1.716292642585269451e+09 -4.278761386871337891e+00 -6.622025489807128906e+00 1.728039860725402832e+00 0.000000000000000000e+00 0.000000000000000000e+00 0.000000000000000000e+00 1.000000000000000000e+00
1.716292642685691833e+09 -4.395121574401856357e+00 -6.576790332794189453e+00 1.755604624748229980e+00 0.000000000000000000e+00 0.000000000000000000e+00 0.000000000000000000e+00 1.000000000000000000e+00
1.716292642735838413e+09 -4.452067852020263672e+00 -6.548692703247070312e+00 1.768940687179565430e+00 0.000000000000000000e+00 0.000000000000000000e+00 0.000000000000000000e+00 1.000000000000000000e+00
1.716292642836074829e+09 -4.566712856292724609e+00 -6.490098953247070312e+00 1.794818878173827903e+00 0.000000000000000000e+00 0.000000000000000000e+00 0.000000000000000000e+00 1.000000000000000000e+00
1.716292642936453819e+09 -4.673853874206542969e+00 -6.444495201110839844e+00 1.815545201301574707e+00 0.000000000000000000e+00 0.000000000000000000e+00 0.000000000000000000e+00 1.000000000000000000e+00
1.716292642986590385e+09 -4.726766109466552734e+00 -6.413943767547607422e+00 1.825873136520385520e+00 0.000000000000000000e+00 0.000000000000000000e+00 0.000000000000000000e+00 1.000000000000000000e+00
1.716292643036920786e+09 -4.776679992675781250e+00 -6.385106086730957031e+00 1.835065603256225586e+00 0.000000000000000000e+00 0.000000000000000000e+00 0.000000000000000000e+00 1.000000000000000000e+00
1.716292643086961985e+09 -4.826369762420654297e+00 -6.355941295623779297e+00 1.843700766563415527e+00 0.000000000000000000e+00 0.000000000000000000e+00 0.000000000000000000e+00 1.000000000000000000e+00
1.716292643137116432e+09 -4.880001068115234375e+00 -6.329571723937988281e+00 1.851629614830017090e+00 0.000000000000000000e+00 0.000000000000000000e+00 0.000000000000000000e+00 1.000000000000000000e+00
1.716292643187343836e+09 -4.930705547332763672e+00 -6.298613071441650391e+00 1.859048604965209961e+00 0.000000000000000000e+00 0.000000000000000000e+00 0.000000000000000000e+00 1.000000000000000000e+00
1.716292643237601995e+09 -4.982367038726806641e+00 -6.267635822296142578e+00 1.866024017333984375e+00 0.000000000000000000e+00 0.000000000000000000e+00 0.000000000000000000e+00 1.000000000000000000e+00
1.716292643287847996e+09 -5.032403945922851562e+00 -6.240012168884277344e+00 1.872208476066589133e+00 0.000000000000000000e+00 0.000000000000000000e+00 0.000000000000000000e+00 1.000000000000000000e+00
1.716292643337875366e+09 -5.081806182861328125e+00 -6.211130142211914062e+00 1.877902984619140847e+00 0.000000000000000000e+00 0.000000000000000000e+00 0.000000000000000000e+00 1.000000000000000000e+00
1.716292643438658476e+09 -5.186441898345947266e+00 -6.162705421447753906e+00 1.887559533119201660e+00 0.000000000000000000e+00 0.000000000000000000e+00 0.000000000000000000e+00 1.000000000000000000e+00
1.716292643489038229e+09 -5.234604358673095703e+00 -6.136121273040772373e+00 1.890734910964965598e+00 0.000000000000000000e+00 0.000000000000000000e+00 0.000000000000000000e+00 1.000000000000000000e+00
1.716292643539228201e+09 -5.282436370849609375e+00 -6.108034133911132812e+00 1.893737196922302468e+00 0.000000000000000000e+00 0.000000000000000000e+00 0.000000000000000000e+00 1.000000000000000000e+00
1.716292643639445066e+09 -5.339796543121337891e+00 -6.089712619781494141e+00 1.897218108177185059e+00 0.000000000000000000e+00 0.000000000000000000e+00 0.000000000000000000e+00 1.000000000000000000e+00
1.716292643689754963e+09 -5.389815330505371094e+00 -6.062745571136474609e+00 1.899684906005859597e+00 0.000000000000000000e+00 0.000000000000000000e+00 0.000000000000000000e+00 1.000000000000000000e+00
1.716292643739862204e+09 -5.482740879058837891e+00 -6.016554355621337891e+00 1.903580188751220703e+00 0.000000000000000000e+00 0.000000000000000000e+00 0.000000000000000000e+00 1.000000000000000000e+00
1.716292643790049314e+09 -5.541359901428222656e+00 -6.004669666290283203e+00 1.907077550888061301e+00 0.000000000000000000e+00 0.000000000000000000e+00 0.000000000000000000e+00 1.000000000000000000e+00
1.716292643840203524e+09 -5.587775230407714844e+00 -5.983211517333984375e+00 1.910289406776428001e+00 0.000000000000000000e+00 0.000000000000000000e+00 0.000000000000000000e+00 1.000000000000000000e+00
1.716292643890431881e+09 -5.631273746490479404e+00 -5.965501785278320312e+00 1.913319230079650879e+00 0.000000000000000000e+00 0.000000000000000000e+00 0.000000000000000000e+00 1.000000000000000000e+00
1.716292643940708160e+09 -5.676735401153564453e+00 -5.946968555450440341e+00 1.916495203971862793e+00 0.000000000000000000e+00 0.000000000000000000e+00 0.000000000000000000e+00 1.000000000000000000e+00
1.716292643990986586e+09 -5.734988212585449219e+00 -5.942091464996337891e+00 1.920853972434997559e+00 0.000000000000000000e+00 0.000000000000000000e+00 0.000000000000000000e+00 1.000000000000000000e+00
1.716292644041109324e+09 -5.779767036437988281e+00 -5.926296710968017578e+00 1.924293875694274902e+00 0.000000000000000000e+00 0.000000000000000000e+00 0.000000000000000000e+00 1.000000000000000000e+00
1.716292644091357708e+09 -5.821842670440673828e+00 -5.911447048187255859e+00 1.927675247192382812e+00 0.000000000000000000e+00 0.000000000000000000e+00 0.000000000000000000e+00 1.000000000000000000e+00
1.716292644141448259e+09 -5.864772796630859375e+00 -5.898333072662353516e+00 1.930556893348693626e+00 0.000000000000000000e+00 0.000000000000000000e+00 0.000000000000000000e+00 1.000000000000000000e+00
1.716292644241807938e+09 -5.963683128356933594e+00 -5.890909194946289062e+00 1.935732960700988770e+00 0.000000000000000000e+00 0.000000000000000000e+00 0.000000000000000000e+00 1.000000000000000000e+00
1.716292644292049170e+09 -6.004168033599853516e+00 -5.882514476776123047e+00 1.936847329139709251e+00 0.000000000000000000e+00 0.000000000000000000e+00 0.000000000000000000e+00 1.000000000000000000e+00
1.716292644342084646e+09 -6.043535709381104404e+00 -5.873714447021484375e+00 1.936895966529846413e+00 0.000000000000000000e+00 0.000000000000000000e+00 0.000000000000000000e+00 1.000000000000000000e+00
1.716292644442517996e+09 -6.119404792785644531e+00 -5.860170841217041016e+00 1.934421181678771973e+00 0.000000000000000000e+00 0.000000000000000000e+00 0.000000000000000000e+00 1.000000000000000000e+00
1.716292644492703915e+09 -6.178047657012940341e+00 -5.878523826599121094e+00 1.934176802635192871e+00 0.000000000000000000e+00 0.000000000000000000e+00 0.000000000000000000e+00 1.000000000000000000e+00
1.716292644542850018e+09 -6.221648693084716797e+00 -5.883723258972167969e+00 1.931119561195373091e+00 0.000000000000000000e+00 0.000000000000000000e+00 0.000000000000000000e+00 1.000000000000000000e+00
1.716292644593090773e+09 -6.255747795104980469e+00 -5.881458759307861328e+00 1.926839590072632058e+00 0.000000000000000000e+00 0.000000000000000000e+00 0.000000000000000000e+00 1.000000000000000000e+00
1.716292644643141031e+09 -6.289515972137451172e+00 -5.879527568817138672e+00 1.921340703964233176e+00 0.000000000000000000e+00 0.000000000000000000e+00 0.000000000000000000e+00 1.000000000000000000e+00
1.716292644743633270e+09 -6.375926971435546875e+00 -5.899206161499023438e+00 1.909796476364135964e+00 0.000000000000000000e+00 0.000000000000000000e+00 0.000000000000000000e+00 1.000000000000000000e+00
1.716292644793931961e+09 -6.407670021057128906e+00 -5.900758266448974609e+00 1.902671813964843972e+00 0.000000000000000000e+00 0.000000000000000000e+00 0.000000000000000000e+00 1.000000000000000000e+00
1.716292644844158888e+09 -6.441009044647216797e+00 -5.904981613159179688e+00 1.894842505455017090e+00 0.000000000000000000e+00 0.000000000000000000e+00 0.000000000000000000e+00 1.000000000000000000e+00
1.716292644944899082e+09 -6.503452777862548828e+00 -5.916408538818359375e+00 1.878505349159240723e+00 0.000000000000000000e+00 0.000000000000000000e+00 0.000000000000000000e+00 1.000000000000000000e+00
1.716292645045347929e+09 -6.587754726409912109e+00 -5.952682495117188388e+00 1.861867070198059082e+00 0.000000000000000000e+00 0.000000000000000000e+00 0.000000000000000000e+00 1.000000000000000000e+00
1.716292645145928383e+09 -6.651045322418212891e+00 -5.973350048065185547e+00 1.842608571052551492e+00 0.000000000000000000e+00 0.000000000000000000e+00 0.000000000000000000e+00 1.000000000000000000e+00
1.716292645246180773e+09 -6.703618049621582031e+00 -6.003697872161865234e+00 1.833764910697937012e+00 0.000000000000000000e+00 0.000000000000000000e+00 0.000000000000000000e+00 1.000000000000000000e+00
1.716292645296502352e+09 -6.735834121704101562e+00 -6.014873981475830078e+00 1.822342753410339578e+00 0.000000000000000000e+00 0.000000000000000000e+00 0.000000000000000000e+00 1.000000000000000000e+00
1.716292645346522093e+09 -6.800783157348632812e+00 -6.041001796722412109e+00 1.799445271492004395e+00 0.000000000000000000e+00 0.000000000000000000e+00 0.000000000000000000e+00 1.000000000000000000e+00
1.716292645396870136e+09 -6.834909915924072266e+00 -6.055938243865966797e+00 1.787224769592285156e+00 0.000000000000000000e+00 0.000000000000000000e+00 0.000000000000000000e+00 1.000000000000000000e+00
1.716292645497331381e+09 -6.927353858947753906e+00 -6.105189323425292969e+00 1.761199474334716797e+00 0.000000000000000000e+00 0.000000000000000000e+00 0.000000000000000000e+00 1.000000000000000000e+00
1.716292645547777653e+09 -6.963336944580078125e+00 -6.117943286895751953e+00 1.746896147727966309e+00 0.000000000000000000e+00 0.000000000000000000e+00 0.000000000000000000e+00 1.000000000000000000e+00
1.716292645597462416e+09 -7.026612758636474609e+00 -6.152585506439208984e+00 1.733082771301269531e+00 0.000000000000000000e+00 0.000000000000000000e+00 0.000000000000000000e+00 1.000000000000000000e+00
1.716292645647643089e+09 -7.066010951995849609e+00 -6.164354324340820312e+00 1.717942357063293679e+00 0.000000000000000000e+00 0.000000000000000000e+00 0.000000000000000000e+00 1.000000000000000000e+00
1.716292645697793722e+09 -7.105847835540772373e+00 -6.175529003143311435e+00 1.702830195426940918e+00 0.000000000000000000e+00 0.000000000000000000e+00 0.000000000000000000e+00 1.000000000000000000e+00
1.716292645747889042e+09 -7.148306846618652344e+00 -6.188158988952636719e+00 1.687949299812316895e+00 0.000000000000000000e+00 0.000000000000000000e+00 0.000000000000000000e+00 1.000000000000000000e+00
1.716292645848601818e+09 -7.234062671661376953e+00 -6.212147712707520419e+00 1.658674478530883789e+00 0.000000000000000000e+00 0.000000000000000000e+00 0.000000000000000000e+00 1.000000000000000000e+00
1.716292645898813009e+09 -7.309347152709960938e+00 -6.250715732574462891e+00 1.644779324531555176e+00 0.000000000000000000e+00 0.000000000000000000e+00 0.000000000000000000e+00 1.000000000000000000e+00
1.716292645948846340e+09 -7.353921413421630859e+00 -6.262017250061035156e+00 1.630245327949523926e+00 0.000000000000000000e+00 0.000000000000000000e+00 0.000000000000000000e+00 1.000000000000000000e+00
1.716292646049430847e+09 -7.483561992645263672e+00 -6.315417289733886719e+00 1.601048111915588379e+00 0.000000000000000000e+00 0.000000000000000000e+00 0.000000000000000000e+00 1.000000000000000000e+00
1.716292646099723339e+09 -7.533126354217529297e+00 -6.326699733734130859e+00 1.585461854934692383e+00 0.000000000000000000e+00 0.000000000000000000e+00 0.000000000000000000e+00 1.000000000000000000e+00
1.716292646149925709e+09 -7.584139823913574219e+00 -6.337687015533447266e+00 1.569425582885742188e+00 0.000000000000000000e+00 0.000000000000000000e+00 0.000000000000000000e+00 1.000000000000000000e+00
1.716292646200399399e+09 -7.636418819427490234e+00 -6.350142002105712891e+00 1.553676247596740723e+00 0.000000000000000000e+00 0.000000000000000000e+00 0.000000000000000000e+00 1.000000000000000000e+00
1.716292646250224352e+09 -7.687044620513916016e+00 -6.361324787139892578e+00 1.538094043731689675e+00 0.000000000000000000e+00 0.000000000000000000e+00 0.000000000000000000e+00 1.000000000000000000e+00
1.716292646350655556e+09 -7.824328899383544922e+00 -6.416633129119873047e+00 1.509302854537964089e+00 0.000000000000000000e+00 0.000000000000000000e+00 0.000000000000000000e+00 1.000000000000000000e+00
1.716292646400869608e+09 -7.874497890472412109e+00 -6.428007602691650391e+00 1.495090007781982422e+00 0.000000000000000000e+00 0.000000000000000000e+00 0.000000000000000000e+00 1.000000000000000000e+00
1.716292646450922251e+09 -7.925199508666992188e+00 -6.440197944641113281e+00 1.481503367424011230e+00 0.000000000000000000e+00 0.000000000000000000e+00 0.000000000000000000e+00 1.000000000000000000e+00
1.716292646551408052e+09 -8.058974266052246094e+00 -6.495816707611083984e+00 1.457520961761474609e+00 0.000000000000000000e+00 0.000000000000000000e+00 0.000000000000000000e+00 1.000000000000000000e+00
1.716292646601746798e+09 -8.107845306396484375e+00 -6.508400440216064453e+00 1.445711493492126465e+00 0.000000000000000000e+00 0.000000000000000000e+00 0.000000000000000000e+00 1.000000000000000000e+00
1.716292646651905537e+09 -8.156321525573730469e+00 -6.521400451660156250e+00 1.435178756713867188e+00 0.000000000000000000e+00 0.000000000000000000e+00 0.000000000000000000e+00 1.000000000000000000e+00
1.716292646752118826e+09 -8.283292770385742188e+00 -6.572102546691895419e+00 1.416730523109436035e+00 0.000000000000000000e+00 0.000000000000000000e+00 0.000000000000000000e+00 1.000000000000000000e+00
1.716292646802433252e+09 -8.328892707824707031e+00 -6.582095623016357422e+00 1.409155607223510742e+00 0.000000000000000000e+00 0.000000000000000000e+00 0.000000000000000000e+00 1.000000000000000000e+00
1.716292646852597237e+09 -8.376479148864746094e+00 -6.594357490539550781e+00 1.402774572372436301e+00 0.000000000000000000e+00 0.000000000000000000e+00 0.000000000000000000e+00 1.000000000000000000e+00
1.716292646902860880e+09 -8.420908927917480469e+00 -6.605732440948486328e+00 1.397567272186279297e+00 0.000000000000000000e+00 0.000000000000000000e+00 0.000000000000000000e+00 1.000000000000000000e+00
1.716292646952862978e+09 -8.464965820312500000e+00 -6.619175910949707031e+00 1.394106507301330566e+00 0.000000000000000000e+00 0.000000000000000000e+00 0.000000000000000000e+00 1.000000000000000000e+00
1.716292647053374052e+09 -8.576752662658691406e+00 -6.670936584472656250e+00 1.391296029090881126e+00 0.000000000000000000e+00 0.000000000000000000e+00 0.000000000000000000e+00 1.000000000000000000e+00
1.716292647103617907e+09 -8.616813659667968750e+00 -6.686205863952636719e+00 1.391594886779785156e+00 0.000000000000000000e+00 0.000000000000000000e+00 0.000000000000000000e+00 1.000000000000000000e+00
1.716292647153746128e+09 -8.654444694519042969e+00 -6.699700832366943359e+00 1.392684817314147949e+00 0.000000000000000000e+00 0.000000000000000000e+00 0.000000000000000000e+00 1.000000000000000000e+00
1.716292647555282593e+09 -8.981771469116210938e+00 -6.853520393371582031e+00 1.436940908432006836e+00 0.000000000000000000e+00 0.000000000000000000e+00 0.000000000000000000e+00 1.000000000000000000e+00
1.716292647655695915e+09 -9.038720130920410156e+00 -6.889385223388671875e+00 1.446276068687438965e+00 0.000000000000000000e+00 0.000000000000000000e+00 0.000000000000000000e+00 1.000000000000000000e+00
1.716292647705968857e+09 -9.094878196716308594e+00 -6.921344280242919922e+00 1.464673757553100586e+00 0.000000000000000000e+00 0.000000000000000000e+00 0.000000000000000000e+00 1.000000000000000000e+00
1.716292647756357908e+09 -9.123060226440429688e+00 -6.938817501068115234e+00 1.474694490432739258e+00 0.000000000000000000e+00 0.000000000000000000e+00 0.000000000000000000e+00 1.000000000000000000e+00
1.716292647806233644e+09 -9.150568962097167969e+00 -6.957160472869873047e+00 1.484818458557128906e+00 0.000000000000000000e+00 0.000000000000000000e+00 0.000000000000000000e+00 1.000000000000000000e+00
1.716292647906738281e+09 -9.198247909545898438e+00 -6.991919040679931641e+00 1.494848847389221191e+00 0.000000000000000000e+00 0.000000000000000000e+00 0.000000000000000000e+00 1.000000000000000000e+00
1.716292647956850767e+09 -9.223613739013671875e+00 -7.009749412536621094e+00 1.504210114479064941e+00 0.000000000000000000e+00 0.000000000000000000e+00 0.000000000000000000e+00 1.000000000000000000e+00
1.716292648007002831e+09 -9.268294334411619317e+00 -7.040113449096679688e+00 1.522844910621643066e+00 0.000000000000000000e+00 0.000000000000000000e+00 0.000000000000000000e+00 1.000000000000000000e+00
1.716292648057114840e+09 -9.288209915161132812e+00 -7.053512096405029297e+00 1.531918168067931907e+00 0.000000000000000000e+00 0.000000000000000000e+00 0.000000000000000000e+00 1.000000000000000000e+00
1.716292648157589912e+09 -9.324703216552734375e+00 -7.079792499542236328e+00 1.540926098823547363e+00 0.000000000000000000e+00 0.000000000000000000e+00 0.000000000000000000e+00 1.000000000000000000e+00
1.716292648207740068e+09 -9.357409477233888495e+00 -7.101048946380615234e+00 1.557411193847656250e+00 0.000000000000000000e+00 0.000000000000000000e+00 0.000000000000000000e+00 1.000000000000000000e+00
1.716292648257793903e+09 -9.372986793518066406e+00 -7.110205650329589844e+00 1.565570473670959695e+00 0.000000000000000000e+00 0.000000000000000000e+00 0.000000000000000000e+00 1.000000000000000000e+00
1.716292648358244419e+09 -9.398629188537597656e+00 -7.127597332000732422e+00 1.573441147804260476e+00 0.000000000000000000e+00 0.000000000000000000e+00 0.000000000000000000e+00 1.000000000000000000e+00
1.716292648408947945e+09 -9.418793678283691406e+00 -7.142174243927001953e+00 1.588210940361022949e+00 0.000000000000000000e+00 0.000000000000000000e+00 0.000000000000000000e+00 1.000000000000000000e+00
1.716292648458660841e+09 -9.426947593688964844e+00 -7.149506568908691406e+00 1.595918536186218484e+00 0.000000000000000000e+00 0.000000000000000000e+00 0.000000000000000000e+00 1.000000000000000000e+00
1.716292648559002161e+09 -9.440457344055175781e+00 -7.161365509033203125e+00 1.602925658226013184e+00 0.000000000000000000e+00 0.000000000000000000e+00 0.000000000000000000e+00 1.000000000000000000e+00
1.716292648609089613e+09 -9.447040557861328125e+00 -7.170658111572265625e+00 1.615693092346191406e+00 0.000000000000000000e+00 0.000000000000000000e+00 0.000000000000000000e+00 1.000000000000000000e+00
1.716292648659368277e+09 -9.447774887084959161e+00 -7.174542903900146484e+00 1.621310114860534890e+00 0.000000000000000000e+00 0.000000000000000000e+00 0.000000000000000000e+00 1.000000000000000000e+00
1.716292648709488630e+09 -9.446531295776367188e+00 -7.177738666534423828e+00 1.626061916351318359e+00 0.000000000000000000e+00 0.000000000000000000e+00 0.000000000000000000e+00 1.000000000000000000e+00
1.716292648759714603e+09 -9.444592475891111505e+00 -7.180198192596436435e+00 1.630520343780517578e+00 0.000000000000000000e+00 0.000000000000000000e+00 0.000000000000000000e+00 1.000000000000000000e+00
1.716292648809768438e+09 -9.439238548278808594e+00 -7.180542469024658203e+00 1.634627223014831543e+00 0.000000000000000000e+00 0.000000000000000000e+00 0.000000000000000000e+00 1.000000000000000000e+00
1.716292648910413504e+09 -9.424399375915527344e+00 -7.181710243225097656e+00 1.641968369483947754e+00 0.000000000000000000e+00 0.000000000000000000e+00 0.000000000000000000e+00 1.000000000000000000e+00
1.716292648960327625e+09 -9.415119171142578125e+00 -7.182263374328613281e+00 1.645167589187622070e+00 0.000000000000000000e+00 0.000000000000000000e+00 0.000000000000000000e+00 1.000000000000000000e+00
1.716292649060599804e+09 -9.395730018615724433e+00 -7.176290988922119141e+00 1.647589325904846191e+00 0.000000000000000000e+00 0.000000000000000000e+00 0.000000000000000000e+00 1.000000000000000000e+00
1.716292649110822439e+09 -9.366875648498535156e+00 -7.171113014221191406e+00 1.651993036270141602e+00 0.000000000000000000e+00 0.000000000000000000e+00 0.000000000000000000e+00 1.000000000000000000e+00
1.716292649161028385e+09 -9.349254608154296875e+00 -7.167769908905029297e+00 1.653319478034973145e+00 0.000000000000000000e+00 0.000000000000000000e+00 0.000000000000000000e+00 1.000000000000000000e+00
1.716292649211274147e+09 -9.331052780151367188e+00 -7.163545131683349609e+00 1.654058814048767090e+00 0.000000000000000000e+00 0.000000000000000000e+00 0.000000000000000000e+00 1.000000000000000000e+00
1.716292649311587572e+09 -9.274418830871582031e+00 -7.140403270721436435e+00 1.653868675231933594e+00 0.000000000000000000e+00 0.000000000000000000e+00 0.000000000000000000e+00 1.000000000000000000e+00
1.716292649361631393e+09 -9.250372886657716620e+00 -7.132317066192626953e+00 1.652554750442504883e+00 0.000000000000000000e+00 0.000000000000000000e+00 0.000000000000000000e+00 1.000000000000000000e+00
1.716292649412015915e+09 -9.226026535034179688e+00 -7.122985839843750000e+00 1.650750041007995605e+00 0.000000000000000000e+00 0.000000000000000000e+00 0.000000000000000000e+00 1.000000000000000000e+00
1.716292649462282419e+09 -9.200793266296388495e+00 -7.113171577453613281e+00 1.648376584053039551e+00 0.000000000000000000e+00 0.000000000000000000e+00 0.000000000000000000e+00 1.000000000000000000e+00
1.716292649512285709e+09 -9.154481887817384589e+00 -7.086498260498046875e+00 1.644590854644775391e+00 0.000000000000000000e+00 0.000000000000000000e+00 0.000000000000000000e+00 1.000000000000000000e+00
1.716292649612647533e+09 -9.094426155090332031e+00 -7.058061122894287109e+00 1.636023879051208496e+00 0.000000000000000000e+00 0.000000000000000000e+00 0.000000000000000000e+00 1.000000000000000000e+00
1.716292649663040161e+09 -9.064982414245603692e+00 -7.043920040130615234e+00 1.630468726158142090e+00 0.000000000000000000e+00 0.000000000000000000e+00 0.000000000000000000e+00 1.000000000000000000e+00
1.716292649763310194e+09 -8.975026130676269531e+00 -6.990441322326660156e+00 1.616992115974426492e+00 0.000000000000000000e+00 0.000000000000000000e+00 0.000000000000000000e+00 1.000000000000000000e+00
1.716292649813456297e+09 -8.941639900207519531e+00 -6.973221778869628906e+00 1.609809041023254395e+00 0.000000000000000000e+00 0.000000000000000000e+00 0.000000000000000000e+00 1.000000000000000000e+00
1.716292649864069223e+09 -8.908304214477539062e+00 -6.955922603607177734e+00 1.602701425552368164e+00 0.000000000000000000e+00 0.000000000000000000e+00 0.000000000000000000e+00 1.000000000000000000e+00
1.716292649963929892e+09 -8.810774803161621094e+00 -6.897452831268311435e+00 1.587167024612426758e+00 0.000000000000000000e+00 0.000000000000000000e+00 0.000000000000000000e+00 1.000000000000000000e+00
1.716292650014145851e+09 -8.776364326477050781e+00 -6.878244876861572266e+00 1.579875946044922097e+00 0.000000000000000000e+00 0.000000000000000000e+00 0.000000000000000000e+00 1.000000000000000000e+00
1.716292650064213991e+09 -8.740398406982421875e+00 -6.857758998870849609e+00 1.573124170303344727e+00 0.000000000000000000e+00 0.000000000000000000e+00 0.000000000000000000e+00 1.000000000000000000e+00
1.716292650114395142e+09 -8.705412864685058594e+00 -6.837627410888671875e+00 1.566820740699768066e+00 0.000000000000000000e+00 0.000000000000000000e+00 0.000000000000000000e+00 1.000000000000000000e+00
1.716292650164436579e+09 -8.635348320007324219e+00 -6.790912151336669922e+00 1.560447096824645996e+00 0.000000000000000000e+00 0.000000000000000000e+00 0.000000000000000000e+00 1.000000000000000000e+00
1.716292650215240002e+09 -8.598350524902343750e+00 -6.770079612731933594e+00 1.554319143295288086e+00 0.000000000000000000e+00 0.000000000000000000e+00 0.000000000000000000e+00 1.000000000000000000e+00
1.716292650264896154e+09 -8.558901786804199219e+00 -6.747502326965332031e+00 1.547934293746948242e+00 0.000000000000000000e+00 0.000000000000000000e+00 0.000000000000000000e+00 1.000000000000000000e+00
1.716292650315143108e+09 -8.517517089843750000e+00 -6.722521305084228516e+00 1.541805267333984375e+00 0.000000000000000000e+00 0.000000000000000000e+00 0.000000000000000000e+00 1.000000000000000000e+00
1.716292650415964842e+09 -8.441747665405273438e+00 -6.670076847076416016e+00 1.535325527191162109e+00 0.000000000000000000e+00 0.000000000000000000e+00 0.000000000000000000e+00 1.000000000000000000e+00
1.716292650465461731e+09 -8.366607666015625000e+00 -6.623309135437011719e+00 1.523604154586791992e+00 0.000000000000000000e+00 0.000000000000000000e+00 0.000000000000000000e+00 1.000000000000000000e+00
1.716292650515679836e+09 -8.326050758361816406e+00 -6.597239494323730469e+00 1.517832398414611816e+00 0.000000000000000000e+00 0.000000000000000000e+00 0.000000000000000000e+00 1.000000000000000000e+00
1.716292650565875292e+09 -8.288409233093261719e+00 -6.573921203613281250e+00 1.512703180313110352e+00 0.000000000000000000e+00 0.000000000000000000e+00 0.000000000000000000e+00 1.000000000000000000e+00
1.716292650666113853e+09 -8.175919532775878906e+00 -6.495320796966552734e+00 1.502508640289306641e+00 0.000000000000000000e+00 0.000000000000000000e+00 0.000000000000000000e+00 1.000000000000000000e+00
1.716292650716225624e+09 -8.138136863708496094e+00 -6.468942642211914062e+00 1.497861742973327637e+00 0.000000000000000000e+00 0.000000000000000000e+00 0.000000000000000000e+00 1.000000000000000000e+00
1.716292650766879559e+09 -8.101378440856933594e+00 -6.441272258758544922e+00 1.493231773376464844e+00 0.000000000000000000e+00 0.000000000000000000e+00 0.000000000000000000e+00 1.000000000000000000e+00
1.716292650867263794e+09 -7.993041038513183594e+00 -6.354195117950440341e+00 1.484585642814636230e+00 0.000000000000000000e+00 0.000000000000000000e+00 0.000000000000000000e+00 1.000000000000000000e+00
1.716292650917313099e+09 -7.959496021270751953e+00 -6.325686931610107422e+00 1.480689287185668945e+00 0.000000000000000000e+00 0.000000000000000000e+00 0.000000000000000000e+00 1.000000000000000000e+00
1.716292650967479229e+09 -7.926788330078125000e+00 -6.296121597290039062e+00 1.476750135421752930e+00 0.000000000000000000e+00 0.000000000000000000e+00 0.000000000000000000e+00 1.000000000000000000e+00
1.716292651067721128e+09 -7.827274799346923828e+00 -6.205945968627929688e+00 1.469094157218933105e+00 0.000000000000000000e+00 0.000000000000000000e+00 0.000000000000000000e+00 1.000000000000000000e+00
1.716292651117977381e+09 -7.796787738800048828e+00 -6.173564434051513672e+00 1.465001344680785911e+00 0.000000000000000000e+00 0.000000000000000000e+00 0.000000000000000000e+00 1.000000000000000000e+00
1.716292651168028116e+09 -7.763980865478515625e+00 -6.137656688690185547e+00 1.460510611534118874e+00 0.000000000000000000e+00 0.000000000000000000e+00 0.000000000000000000e+00 1.000000000000000000e+00
1.716292651218132973e+09 -7.731920242309570312e+00 -6.100790023803710938e+00 1.456095218658447266e+00 0.000000000000000000e+00 0.000000000000000000e+00 0.000000000000000000e+00 1.000000000000000000e+00
1.716292651268305302e+09 -7.668472290039062500e+00 -6.037492752075195312e+00 1.451408147811889648e+00 0.000000000000000000e+00 0.000000000000000000e+00 0.000000000000000000e+00 1.000000000000000000e+00
1.716292651318526506e+09 -7.641774177551268643e+00 -6.001854896545410156e+00 1.446613669395446777e+00 0.000000000000000000e+00 0.000000000000000000e+00 0.000000000000000000e+00 1.000000000000000000e+00
1.716292651369613647e+09 -7.617676258087158203e+00 -5.966114997863769531e+00 1.441779613494873047e+00 0.000000000000000000e+00 0.000000000000000000e+00 0.000000000000000000e+00 1.000000000000000000e+00
1.716292651418759108e+09 -7.592988491058349609e+00 -5.927845478057861328e+00 1.436831116676330566e+00 0.000000000000000000e+00 0.000000000000000000e+00 0.000000000000000000e+00 1.000000000000000000e+00
1.716292651468879223e+09 -7.571671009063720703e+00 -5.890084743499755859e+00 1.431555867195129395e+00 0.000000000000000000e+00 0.000000000000000000e+00 0.000000000000000000e+00 1.000000000000000000e+00
1.716292651518918991e+09 -7.518570899963378906e+00 -5.826352119445800781e+00 1.426542043685913086e+00 0.000000000000000000e+00 0.000000000000000000e+00 0.000000000000000000e+00 1.000000000000000000e+00
1.716292651569215536e+09 -7.499115467071533203e+00 -5.786063194274902344e+00 1.420679330825805664e+00 0.000000000000000000e+00 0.000000000000000000e+00 0.000000000000000000e+00 1.000000000000000000e+00
1.716292651619345665e+09 -7.481221675872802734e+00 -5.745307922363281250e+00 1.414814114570617676e+00 0.000000000000000000e+00 0.000000000000000000e+00 0.000000000000000000e+00 1.000000000000000000e+00
1.716292651669560909e+09 -7.465947151184082031e+00 -5.704328536987304688e+00 1.408702731132507102e+00 0.000000000000000000e+00 0.000000000000000000e+00 0.000000000000000000e+00 1.000000000000000000e+00
1.716292651719603539e+09 -7.422731876373291016e+00 -5.640523910522460938e+00 1.403387904167175293e+00 0.000000000000000000e+00 0.000000000000000000e+00 0.000000000000000000e+00 1.000000000000000000e+00
1.716292651769939423e+09 -7.408660411834716797e+00 -5.597753524780273438e+00 1.398112654685973899e+00 0.000000000000000000e+00 0.000000000000000000e+00 0.000000000000000000e+00 1.000000000000000000e+00
1.716292651820051432e+09 -7.397136211395263672e+00 -5.554801940917968750e+00 1.393076181411743164e+00 0.000000000000000000e+00 0.000000000000000000e+00 0.000000000000000000e+00 1.000000000000000000e+00
1.716292651870326757e+09 -7.386629104614257812e+00 -5.510346889495849609e+00 1.388116359710693359e+00 0.000000000000000000e+00 0.000000000000000000e+00 0.000000000000000000e+00 1.000000000000000000e+00
1.716292651920346260e+09 -7.349007129669188565e+00 -5.446906566619873047e+00 1.384029865264892578e+00 0.000000000000000000e+00 0.000000000000000000e+00 0.000000000000000000e+00 1.000000000000000000e+00
1.716292651970568419e+09 -7.336211204528808594e+00 -5.356132507324218750e+00 1.375552535057068093e+00 0.000000000000000000e+00 0.000000000000000000e+00 0.000000000000000000e+00 1.000000000000000000e+00
1.716292652070897102e+09 -7.330469131469726562e+00 -5.309537887573242188e+00 1.371683478355407493e+00 0.000000000000000000e+00 0.000000000000000000e+00 0.000000000000000000e+00 1.000000000000000000e+00
1.716292652120939493e+09 -7.301275253295898438e+00 -5.245671272277832031e+00 1.368682146072387695e+00 0.000000000000000000e+00 0.000000000000000000e+00 0.000000000000000000e+00 1.000000000000000000e+00
1.716292652171144724e+09 -7.297061443328857422e+00 -5.198219776153564453e+00 1.365947842597961426e+00 0.000000000000000000e+00 0.000000000000000000e+00 0.000000000000000000e+00 1.000000000000000000e+00
1.716292652221386909e+09 -7.291385173797607422e+00 -5.100402832031250000e+00 1.362533330917358398e+00 0.000000000000000000e+00 0.000000000000000000e+00 0.000000000000000000e+00 1.000000000000000000e+00
1.716292652321777344e+09 -7.290610790252684659e+00 -5.052475452423095703e+00 1.361147165298461914e+00 0.000000000000000000e+00 0.000000000000000000e+00 0.000000000000000000e+00 1.000000000000000000e+00
1.716292652421994209e+09 -7.267086029052734375e+00 -4.934711456298828125e+00 1.360370755195617676e+00 0.000000000000000000e+00 0.000000000000000000e+00 0.000000000000000000e+00 1.000000000000000000e+00
1.716292652472229958e+09 -7.275518894195556641e+00 -4.832468509674072266e+00 1.360410809516906738e+00 0.000000000000000000e+00 0.000000000000000000e+00 0.000000000000000000e+00 1.000000000000000000e+00
1.716292652572387934e+09 -7.260920524597167969e+00 -4.767496109008789062e+00 1.361751317977905273e+00 0.000000000000000000e+00 0.000000000000000000e+00 0.000000000000000000e+00 1.000000000000000000e+00
1.716292652622558832e+09 -7.275569915771484375e+00 -4.664143562316895419e+00 1.364691376686096191e+00 0.000000000000000000e+00 0.000000000000000000e+00 0.000000000000000000e+00 1.000000000000000000e+00
1.716292652723746538e+09 -7.284140586853027344e+00 -4.611651897430419922e+00 1.366634488105773926e+00 0.000000000000000000e+00 0.000000000000000000e+00 0.000000000000000000e+00 1.000000000000000000e+00
1.716292652772977829e+09 -7.276701927185058594e+00 -4.548412799835205078e+00 1.369196414947509766e+00 0.000000000000000000e+00 0.000000000000000000e+00 0.000000000000000000e+00 1.000000000000000000e+00
1.716292652823270559e+09 -7.287070274353027344e+00 -4.497665882110595703e+00 1.371815681457519531e+00 0.000000000000000000e+00 0.000000000000000000e+00 0.000000000000000000e+00 1.000000000000000000e+00
1.716292652873505831e+09 -7.309947013854979581e+00 -4.394896984100341797e+00 1.377745747566223145e+00 0.000000000000000000e+00 0.000000000000000000e+00 0.000000000000000000e+00 1.000000000000000000e+00
1.716292652973844290e+09 -7.334829330444335938e+00 -4.286376476287841797e+00 1.383701086044311523e+00 0.000000000000000000e+00 0.000000000000000000e+00 0.000000000000000000e+00 1.000000000000000000e+00
1.716292653074094772e+09 -7.338487625122070312e+00 -4.224331855773925781e+00 1.387015342712402344e+00 0.000000000000000000e+00 0.000000000000000000e+00 0.000000000000000000e+00 1.000000000000000000e+00
1.716292653174487114e+09 -7.390777587890625000e+00 -4.064331054687500000e+00 1.397264957427978294e+00 0.000000000000000000e+00 0.000000000000000000e+00 0.000000000000000000e+00 1.000000000000000000e+00
1.716292653324818611e+09 -7.404590606689453125e+00 -4.005674362182617188e+00 1.401429653167724609e+00 0.000000000000000000e+00 0.000000000000000000e+00 0.000000000000000000e+00 1.000000000000000000e+00
1.716292653375384569e+09 -7.448986053466796875e+00 -3.898994922637939897e+00 1.409917950630187988e+00 0.000000000000000000e+00 0.000000000000000000e+00 0.000000000000000000e+00 1.000000000000000000e+00
1.716292653425317049e+09 -7.471437931060791016e+00 -3.842775106430053711e+00 1.414418935775756836e+00 0.000000000000000000e+00 0.000000000000000000e+00 0.000000000000000000e+00 1.000000000000000000e+00
1.716292653475505352e+09 -7.524788856506347656e+00 -3.732878446578979936e+00 1.423650503158569114e+00 0.000000000000000000e+00 0.000000000000000000e+00 0.000000000000000000e+00 1.000000000000000000e+00
1.716292653575969934e+09 -7.579181671142578125e+00 -3.628263473510742188e+00 1.433951973915100098e+00 0.000000000000000000e+00 0.000000000000000000e+00 0.000000000000000000e+00 1.000000000000000000e+00
1.716292653676198721e+09 -7.613239765167236328e+00 -3.575176954269409180e+00 1.439849853515625000e+00 0.000000000000000000e+00 0.000000000000000000e+00 0.000000000000000000e+00 1.000000000000000000e+00
1.716292653726419210e+09 -7.674216747283934659e+00 -3.474103450775146484e+00 1.452056527137756348e+00 0.000000000000000000e+00 0.000000000000000000e+00 0.000000000000000000e+00 1.000000000000000000e+00
1.716292653827573776e+09 -7.706315994262695312e+00 -3.422112941741943803e+00 1.458590984344482422e+00 0.000000000000000000e+00 0.000000000000000000e+00 0.000000000000000000e+00 1.000000000000000000e+00
1.716292653877061844e+09 -7.780959606170654297e+00 -3.323419570922852007e+00 1.471689701080322488e+00 0.000000000000000000e+00 0.000000000000000000e+00 0.000000000000000000e+00 1.000000000000000000e+00
1.716292653927437305e+09 -7.815301418304443359e+00 -3.273040294647216797e+00 1.478380799293518066e+00 0.000000000000000000e+00 0.000000000000000000e+00 0.000000000000000000e+00 1.000000000000000000e+00
1.716292653977525473e+09 -7.849190711975097656e+00 -3.222638607025146484e+00 1.485304832458496094e+00 0.000000000000000000e+00 0.000000000000000000e+00 0.000000000000000000e+00 1.000000000000000000e+00
1.716292654077776194e+09 -7.897746086120604581e+00 -3.177520036697388139e+00 1.492021560668945090e+00 0.000000000000000000e+00 0.000000000000000000e+00 0.000000000000000000e+00 1.000000000000000000e+00
1.716292654128005266e+09 -7.933917045593261719e+00 -3.127202987670898438e+00 1.498540878295898438e+00 0.000000000000000000e+00 0.000000000000000000e+00 0.000000000000000000e+00 1.000000000000000000e+00
1.716292654178247690e+09 -8.008846282958984375e+00 -3.027401685714721680e+00 1.512584924697875977e+00 0.000000000000000000e+00 0.000000000000000000e+00 0.000000000000000000e+00 1.000000000000000000e+00
1.716292654278585434e+09 -8.063560485839843750e+00 -2.980899810791016069e+00 1.520561575889587402e+00 0.000000000000000000e+00 0.000000000000000000e+00 0.000000000000000000e+00 1.000000000000000000e+00
1.716292654328704357e+09 -8.101076126098632812e+00 -2.930600643157958984e+00 1.528682589530944824e+00 0.000000000000000000e+00 0.000000000000000000e+00 0.000000000000000000e+00 1.000000000000000000e+00
1.716292654378869295e+09 -8.177188873291015625e+00 -2.832134962081909180e+00 1.545604228973388894e+00 0.000000000000000000e+00 0.000000000000000000e+00 0.000000000000000000e+00 1.000000000000000000e+00
1.716292654479329586e+09 -8.235956192016601562e+00 -2.786816835403442383e+00 1.555555224418639915e+00 0.000000000000000000e+00 0.000000000000000000e+00 0.000000000000000000e+00 1.000000000000000000e+00
1.716292654529477596e+09 -8.274679183959960938e+00 -2.736989736557006836e+00 1.564984679222106934e+00 0.000000000000000000e+00 0.000000000000000000e+00 0.000000000000000000e+00 1.000000000000000000e+00
1.716292654579710484e+09 -8.355046272277832031e+00 -2.633845090866088867e+00 1.585717320442199707e+00 0.000000000000000000e+00 0.000000000000000000e+00 0.000000000000000000e+00 1.000000000000000000e+00
1.716292654680422544e+09 -8.436071395874023438e+00 -2.529390573501586914e+00 1.605477690696716309e+00 0.000000000000000000e+00 0.000000000000000000e+00 0.000000000000000000e+00 1.000000000000000000e+00
1.716292654780746937e+09 -8.500742912292480469e+00 -2.483028888702392578e+00 1.615590453147888184e+00 0.000000000000000000e+00 0.000000000000000000e+00 0.000000000000000000e+00 1.000000000000000000e+00
1.716292654830909491e+09 -8.542239189147949219e+00 -2.428770065307617188e+00 1.625410556793212891e+00 0.000000000000000000e+00 0.000000000000000000e+00 0.000000000000000000e+00 1.000000000000000000e+00
1.716292654881310463e+09 -8.627882957458496094e+00 -2.320524930953979492e+00 1.644009709358215110e+00 0.000000000000000000e+00 0.000000000000000000e+00 0.000000000000000000e+00 1.000000000000000000e+00
1.716292654981693029e+09 -8.744804382324218750e+00 -2.219854116439819780e+00 1.662269353866577148e+00 0.000000000000000000e+00 0.000000000000000000e+00 0.000000000000000000e+00 1.000000000000000000e+00
1.716292655082080841e+09 -8.836661338806152344e+00 -2.113270521163940430e+00 1.678112626075744629e+00 0.000000000000000000e+00 0.000000000000000000e+00 0.000000000000000000e+00 1.000000000000000000e+00
1.716292655182351589e+09 -8.957051277160644531e+00 -2.022447824478149414e+00 1.692492365837097168e+00 0.000000000000000000e+00 0.000000000000000000e+00 0.000000000000000000e+00 1.000000000000000000e+00
1.716292655332754612e+09 -9.080392837524414062e+00 -1.930046439170837180e+00 1.706245422363281250e+00 0.000000000000000000e+00 0.000000000000000000e+00 0.000000000000000000e+00 1.000000000000000000e+00
1.716292655433105469e+09 -9.214560508728027344e+00 -1.779554605484008789e+00 1.724120020866394043e+00 0.000000000000000000e+00 0.000000000000000000e+00 0.000000000000000000e+00 1.000000000000000000e+00
1.716292655483328581e+09 -9.259007453918455255e+00 -1.732449889183044434e+00 1.729643464088439941e+00 0.000000000000000000e+00 0.000000000000000000e+00 0.000000000000000000e+00 1.000000000000000000e+00
1.716292655583602428e+09 -9.336508750915527344e+00 -1.691693663597106934e+00 1.736593961715698242e+00 0.000000000000000000e+00 0.000000000000000000e+00 0.000000000000000000e+00 1.000000000000000000e+00
1.716292655633683681e+09 -9.381959915161132812e+00 -1.646688461303710938e+00 1.742825508117675781e+00 0.000000000000000000e+00 0.000000000000000000e+00 0.000000000000000000e+00 1.000000000000000000e+00
1.716292655683884382e+09 -9.466512680053712714e+00 -1.559038639068603516e+00 1.755941748619079590e+00 0.000000000000000000e+00 0.000000000000000000e+00 0.000000000000000000e+00 1.000000000000000000e+00
1.716292655734147310e+09 -9.507598876953123224e+00 -1.517050743103027122e+00 1.762014031410217285e+00 0.000000000000000000e+00 0.000000000000000000e+00 0.000000000000000000e+00 1.000000000000000000e+00
1.716292655834500313e+09 -9.624369621276855469e+00 -1.440250158309936301e+00 1.774754643440246582e+00 0.000000000000000000e+00 0.000000000000000000e+00 0.000000000000000000e+00 1.000000000000000000e+00
1.716292655884583473e+09 -9.665146827697753906e+00 -1.402668356895446777e+00 1.779831886291503906e+00 0.000000000000000000e+00 0.000000000000000000e+00 0.000000000000000000e+00 1.000000000000000000e+00
1.716292655934883356e+09 -9.703079223632812500e+00 -1.362389206886291504e+00 1.784872055053710938e+00 0.000000000000000000e+00 0.000000000000000000e+00 0.000000000000000000e+00 1.000000000000000000e+00
1.716292656035276651e+09 -9.808702468872070312e+00 -1.296528935432434082e+00 1.793943762779235840e+00 0.000000000000000000e+00 0.000000000000000000e+00 0.000000000000000000e+00 1.000000000000000000e+00
1.716292656085391283e+09 -9.843297004699708808e+00 -1.262553930282592773e+00 1.797015786170959695e+00 0.000000000000000000e+00 0.000000000000000000e+00 0.000000000000000000e+00 1.000000000000000000e+00
1.716292656185692787e+09 -9.914003372192384589e+00 -1.195633053779602051e+00 1.801040172576904297e+00 0.000000000000000000e+00 0.000000000000000000e+00 0.000000000000000000e+00 1.000000000000000000e+00
1.716292656235963106e+09 -9.979885101318359375e+00 -1.166318058967590332e+00 1.803121209144592507e+00 0.000000000000000000e+00 0.000000000000000000e+00 0.000000000000000000e+00 1.000000000000000000e+00
1.716292656286258459e+09 -1.001260757446289062e+01 -1.135637402534484863e+00 1.803630948066711648e+00 0.000000000000000000e+00 0.000000000000000000e+00 0.000000000000000000e+00 1.000000000000000000e+00
1.716292656387549162e+09 -1.008139801025390625e+01 -1.077860951423645020e+00 1.803037285804748313e+00 0.000000000000000000e+00 0.000000000000000000e+00 0.000000000000000000e+00 1.000000000000000000e+00
1.716292656537173748e+09 -1.021597290039062322e+01 -1.002257585525512695e+00 1.799807429313659668e+00 0.000000000000000000e+00 0.000000000000000000e+00 0.000000000000000000e+00 1.000000000000000000e+00
1.716292656587207317e+09 -1.025057506561279119e+01 -9.778413772583007812e-01 1.797395348548889160e+00 0.000000000000000000e+00 0.000000000000000000e+00 0.000000000000000000e+00 1.000000000000000000e+00
1.716292656787780046e+09 -1.041925144195556641e+01 -8.941903710365295410e-01 1.785060524940490723e+00 0.000000000000000000e+00 0.000000000000000000e+00 0.000000000000000000e+00 1.000000000000000000e+00
1.716292656838067532e+09 -1.045238113403320312e+01 -8.719373345375061035e-01 1.780822634696960449e+00 0.000000000000000000e+00 0.000000000000000000e+00 0.000000000000000000e+00 1.000000000000000000e+00
1.716292656888139963e+09 -1.052341651916504084e+01 -8.516294956207275391e-01 1.777098774909973145e+00 0.000000000000000000e+00 0.000000000000000000e+00 0.000000000000000000e+00 1.000000000000000000e+00
1.716292656938253403e+09 -1.056038665771484375e+01 -8.300806283950805664e-01 1.772594451904296875e+00 0.000000000000000000e+00 0.000000000000000000e+00 0.000000000000000000e+00 1.000000000000000000e+00
1.716292656988472223e+09 -1.059439277648925781e+01 -8.072353601455688477e-01 1.767849564552307129e+00 0.000000000000000000e+00 0.000000000000000000e+00 0.000000000000000000e+00 1.000000000000000000e+00
1.716292657038684845e+09 -1.063428020477294922e+01 -7.854251861572265625e-01 1.762963652610778809e+00 0.000000000000000000e+00 0.000000000000000000e+00 0.000000000000000000e+00 1.000000000000000000e+00
1.716292657088828564e+09 -1.067405128479004084e+01 -7.642537951469421387e-01 1.758504509925842507e+00 0.000000000000000000e+00 0.000000000000000000e+00 0.000000000000000000e+00 1.000000000000000000e+00
1.716292657189056873e+09 -1.075053596496582031e+01 -7.473699450492858887e-01 1.755353450775146484e+00 0.000000000000000000e+00 0.000000000000000000e+00 0.000000000000000000e+00 1.000000000000000000e+00
1.716292657239302874e+09 -1.082958221435546875e+01 -7.084086537361145020e-01 1.746534466743469238e+00 0.000000000000000000e+00 0.000000000000000000e+00 0.000000000000000000e+00 1.000000000000000000e+00
1.716292657289528608e+09 -1.086704826354980469e+01 -6.886067390441894531e-01 1.742203354835510476e+00 0.000000000000000000e+00 0.000000000000000000e+00 0.000000000000000000e+00 1.000000000000000000e+00
1.716292657440345764e+09 -1.102311229705810369e+01 -6.316837072372436523e-01 1.728817105293273926e+00 0.000000000000000000e+00 0.000000000000000000e+00 0.000000000000000000e+00 1.000000000000000000e+00
1.716292657490456581e+09 -1.106233692169189631e+01 -6.130523085594177246e-01 1.724085450172424316e+00 0.000000000000000000e+00 0.000000000000000000e+00 0.000000000000000000e+00 1.000000000000000000e+00
1.716292657590883493e+09 -1.117652606964111150e+01 -5.789505243301391602e-01 1.716019630432128906e+00 0.000000000000000000e+00 0.000000000000000000e+00 0.000000000000000000e+00 1.000000000000000000e+00
1.716292657640933514e+09 -1.122156715393066406e+01 -5.617778897285461426e-01 1.711242675781250000e+00 0.000000000000000000e+00 0.000000000000000000e+00 0.000000000000000000e+00 1.000000000000000000e+00
1.716292657691100597e+09 -1.126448154449462713e+01 -5.460875034332275391e-01 1.707239508628845215e+00 0.000000000000000000e+00 0.000000000000000000e+00 0.000000000000000000e+00 1.000000000000000000e+00
1.716292657741470814e+09 -1.130538940429687678e+01 -5.301527380943298340e-01 1.702474474906921387e+00 0.000000000000000000e+00 0.000000000000000000e+00 0.000000000000000000e+00 1.000000000000000000e+00
1.716292657842470407e+09 -1.138818645477294922e+01 -5.166615247726440430e-01 1.698804020881652832e+00 0.000000000000000000e+00 0.000000000000000000e+00 0.000000000000000000e+00 1.000000000000000000e+00
1.716292657892554998e+09 -1.146973419189453125e+01 -4.876968860626220148e-01 1.688995718955993652e+00 0.000000000000000000e+00 0.000000000000000000e+00 0.000000000000000000e+00 1.000000000000000000e+00
1.716292657942492247e+09 -1.150943565368652344e+01 -4.740633070468902033e-01 1.683924913406372070e+00 0.000000000000000000e+00 0.000000000000000000e+00 0.000000000000000000e+00 1.000000000000000000e+00
1.716292657992766380e+09 -1.154910850524902344e+01 -4.607695937156677246e-01 1.678429126739501953e+00 0.000000000000000000e+00 0.000000000000000000e+00 0.000000000000000000e+00 1.000000000000000000e+00
1.716292658042921066e+09 -1.162771320343017578e+01 -4.493032693862915039e-01 1.673510432243347168e+00 0.000000000000000000e+00 0.000000000000000000e+00 0.000000000000000000e+00 1.000000000000000000e+00
1.716292658093150377e+09 -1.166732692718506037e+01 -4.366831481456756037e-01 1.667392849922180176e+00 0.000000000000000000e+00 0.000000000000000000e+00 0.000000000000000000e+00 1.000000000000000000e+00
1.716292658143248320e+09 -1.170790195465088068e+01 -4.247433543205261230e-01 1.660846471786499023e+00 0.000000000000000000e+00 0.000000000000000000e+00 0.000000000000000000e+00 1.000000000000000000e+00
1.716292658193473101e+09 -1.178542804718017578e+01 -4.144109785556793213e-01 1.654331445693969505e+00 0.000000000000000000e+00 0.000000000000000000e+00 0.000000000000000000e+00 1.000000000000000000e+00
1.716292658243507147e+09 -1.182596015930175781e+01 -4.032951593399047852e-01 1.646072387695312500e+00 0.000000000000000000e+00 0.000000000000000000e+00 0.000000000000000000e+00 1.000000000000000000e+00
1.716292658293736219e+09 -1.186446380615234375e+01 -3.924663364887236994e-01 1.637651920318603516e+00 0.000000000000000000e+00 0.000000000000000000e+00 0.000000000000000000e+00 1.000000000000000000e+00
1.716292658344767094e+09 -1.190295982360839844e+01 -3.816371858119964044e-01 1.628337621688842773e+00 0.000000000000000000e+00 0.000000000000000000e+00 0.000000000000000000e+00 1.000000000000000000e+00
1.716292658394247770e+09 -1.197940349578857422e+01 -3.724690973758696955e-01 1.619129061698913574e+00 0.000000000000000000e+00 0.000000000000000000e+00 0.000000000000000000e+00 1.000000000000000000e+00
1.716292658444421530e+09 -1.201686477661132812e+01 -3.617606759071350098e-01 1.608922600746154785e+00 0.000000000000000000e+00 0.000000000000000000e+00 0.000000000000000000e+00 1.000000000000000000e+00
1.716292658494646072e+09 -1.205530738830566406e+01 -3.511365056037902832e-01 1.598287463188171387e+00 0.000000000000000000e+00 0.000000000000000000e+00 0.000000000000000000e+00 1.000000000000000000e+00
1.716292658544598341e+09 -1.209271621704101562e+01 -3.408814370632171076e-01 1.587787270545959695e+00 0.000000000000000000e+00 0.000000000000000000e+00 0.000000000000000000e+00 1.000000000000000000e+00
1.716292658594873190e+09 -1.213012695312500000e+01 -3.300273716449736994e-01 1.576576948165893555e+00 0.000000000000000000e+00 0.000000000000000000e+00 0.000000000000000000e+00 1.000000000000000000e+00
1.716292658695372343e+09 -1.220549774169922053e+01 -3.204131126403808039e-01 1.565134167671203613e+00 0.000000000000000000e+00 0.000000000000000000e+00 0.000000000000000000e+00 1.000000000000000000e+00
1.716292658745569229e+09 -1.228215408325195135e+01 -3.011373877525329035e-01 1.541638374328613281e+00 0.000000000000000000e+00 0.000000000000000000e+00 0.000000000000000000e+00 1.000000000000000000e+00
1.716292658796037436e+09 -1.231843280792236328e+01 -2.922329008579254150e-01 1.530012249946594238e+00 0.000000000000000000e+00 0.000000000000000000e+00 0.000000000000000000e+00 1.000000000000000000e+00
1.716292658846213102e+09 -1.235369396209716797e+01 -2.831829488277434748e-01 1.518683910369873047e+00 0.000000000000000000e+00 0.000000000000000000e+00 0.000000000000000000e+00 1.000000000000000000e+00
1.716292658947567940e+09 -1.242393112182617188e+01 -2.747712433338164728e-01 1.507864117622375710e+00 0.000000000000000000e+00 0.000000000000000000e+00 0.000000000000000000e+00 1.000000000000000000e+00
1.716292658996867180e+09 -1.249438285827636719e+01 -2.555760741233825128e-01 1.489411830902099609e+00 0.000000000000000000e+00 0.000000000000000000e+00 0.000000000000000000e+00 1.000000000000000000e+00
1.716292659046936989e+09 -1.253158664703369141e+01 -2.459447085857391080e-01 1.481318116188049094e+00 0.000000000000000000e+00 0.000000000000000000e+00 0.000000000000000000e+00 1.000000000000000000e+00
1.716292659097225428e+09 -1.260075569152832031e+01 -2.377805411815643033e-01 1.474814295768737793e+00 0.000000000000000000e+00 0.000000000000000000e+00 0.000000000000000000e+00 1.000000000000000000e+00
1.716292659147493839e+09 -1.263490867614745916e+01 -2.296462059020996094e-01 1.469516634941101074e+00 0.000000000000000000e+00 0.000000000000000000e+00 0.000000000000000000e+00 1.000000000000000000e+00
1.716292659197701693e+09 -1.266903877258300781e+01 -2.224704176187514981e-01 1.465381145477294922e+00 0.000000000000000000e+00 0.000000000000000000e+00 0.000000000000000000e+00 1.000000000000000000e+00
1.716292659247837782e+09 -1.270414733886718750e+01 -2.162941843271254938e-01 1.462642312049865501e+00 0.000000000000000000e+00 0.000000000000000000e+00 0.000000000000000000e+00 1.000000000000000000e+00
1.716292659297980785e+09 -1.276823616027832031e+01 -2.113863080739974976e-01 1.460840344429015891e+00 0.000000000000000000e+00 0.000000000000000000e+00 0.000000000000000000e+00 1.000000000000000000e+00
1.716292659348030090e+09 -1.280130386352539062e+01 -2.074602693319320124e-01 1.460037231445312500e+00 0.000000000000000000e+00 0.000000000000000000e+00 0.000000000000000000e+00 1.000000000000000000e+00
1.716292659398150921e+09 -1.283433341979980469e+01 -2.059405595064162930e-01 1.460585951805114746e+00 0.000000000000000000e+00 0.000000000000000000e+00 0.000000000000000000e+00 1.000000000000000000e+00
1.716292659448259354e+09 -1.286733436584472834e+01 -2.062166333198547086e-01 1.461417675018310325e+00 0.000000000000000000e+00 0.000000000000000000e+00 0.000000000000000000e+00 1.000000000000000000e+00
1.716292659548546791e+09 -1.293331241607666016e+01 -2.082255184650420865e-01 1.462414026260375977e+00 0.000000000000000000e+00 0.000000000000000000e+00 0.000000000000000000e+00 1.000000000000000000e+00
1.716292659749202490e+09 -1.308976840972900391e+01 -2.416701465845108032e-01 1.475981831550597922e+00 0.000000000000000000e+00 0.000000000000000000e+00 0.000000000000000000e+00 1.000000000000000000e+00
1.716292659799412727e+09 -1.314654541015625000e+01 -2.540664970874785822e-01 1.479925274848937988e+00 0.000000000000000000e+00 0.000000000000000000e+00 0.000000000000000000e+00 1.000000000000000000e+00
1.716292659849645615e+09 -1.317327880859375000e+01 -2.677375078201293945e-01 1.484207630157470703e+00 0.000000000000000000e+00 0.000000000000000000e+00 0.000000000000000000e+00 1.000000000000000000e+00
1.716292659899963379e+09 -1.320096588134765625e+01 -2.829175889492034912e-01 1.488817214965820312e+00 0.000000000000000000e+00 0.000000000000000000e+00 0.000000000000000000e+00 1.000000000000000000e+00
1.716292659949992895e+09 -1.322757530212402344e+01 -3.006713986396788996e-01 1.494366168975830078e+00 0.000000000000000000e+00 0.000000000000000000e+00 0.000000000000000000e+00 1.000000000000000000e+00
1.716292660000261307e+09 -1.328109741210937678e+01 -3.213599920272827148e-01 1.499897003173827903e+00 0.000000000000000000e+00 0.000000000000000000e+00 0.000000000000000000e+00 1.000000000000000000e+00
1.716292660050353050e+09 -1.330655860900878729e+01 -3.428686261177062988e-01 1.505510449409484863e+00 0.000000000000000000e+00 0.000000000000000000e+00 0.000000000000000000e+00 1.000000000000000000e+00
1.716292660100548029e+09 -1.333099555969238459e+01 -3.639872670173645020e-01 1.510996341705322488e+00 0.000000000000000000e+00 0.000000000000000000e+00 0.000000000000000000e+00 1.000000000000000000e+00
1.716292660151113749e+09 -1.335334396362304865e+01 -3.869476914405822754e-01 1.516807556152343750e+00 0.000000000000000000e+00 0.000000000000000000e+00 0.000000000000000000e+00 1.000000000000000000e+00
1.716292660201060295e+09 -1.340062141418457031e+01 -4.112947285175322931e-01 1.522669553756714089e+00 0.000000000000000000e+00 0.000000000000000000e+00 0.000000000000000000e+00 1.000000000000000000e+00
1.716292660251132727e+09 -1.342185306549072443e+01 -4.354308545589447021e-01 1.528017878532409668e+00 0.000000000000000000e+00 0.000000000000000000e+00 0.000000000000000000e+00 1.000000000000000000e+00
1.716292660301351309e+09 -1.344305133819580078e+01 -4.593321979045867920e-01 1.532821655273437500e+00 0.000000000000000000e+00 0.000000000000000000e+00 0.000000000000000000e+00 1.000000000000000000e+00
1.716292660351687193e+09 -1.346526336669922053e+01 -4.818187654018402100e-01 1.536703944206237793e+00 0.000000000000000000e+00 0.000000000000000000e+00 0.000000000000000000e+00 1.000000000000000000e+00
1.716292660401707888e+09 -1.350942611694335938e+01 -5.051689743995666504e-01 1.539824724197387695e+00 0.000000000000000000e+00 0.000000000000000000e+00 0.000000000000000000e+00 1.000000000000000000e+00
1.716292660451801062e+09 -1.353260803222656250e+01 -5.268343687057495117e-01 1.541787981986999512e+00 0.000000000000000000e+00 0.000000000000000000e+00 0.000000000000000000e+00 1.000000000000000000e+00
1.716292660502052307e+09 -1.355485725402832031e+01 -5.461214184761047363e-01 1.542915940284729004e+00 0.000000000000000000e+00 0.000000000000000000e+00 0.000000000000000000e+00 1.000000000000000000e+00
1.716292660552192211e+09 -1.357914352416992188e+01 -5.641273260116577148e-01 1.542402505874633789e+00 0.000000000000000000e+00 0.000000000000000000e+00 0.000000000000000000e+00 1.000000000000000000e+00
1.716292660603398085e+09 -1.360146713256835938e+01 -5.808076262474060059e-01 1.541147947311401367e+00 0.000000000000000000e+00 0.000000000000000000e+00 0.000000000000000000e+00 1.000000000000000000e+00
1.716292660702733517e+09 -1.364577674865722834e+01 -5.979038476943969727e-01 1.539774894714355691e+00 0.000000000000000000e+00 0.000000000000000000e+00 0.000000000000000000e+00 1.000000000000000000e+00
1.716292660752719164e+09 -1.366919803619384766e+01 -6.116902232170104980e-01 1.537873983383178711e+00 0.000000000000000000e+00 0.000000000000000000e+00 0.000000000000000000e+00 1.000000000000000000e+00
1.716292660802988291e+09 -1.371915531158447266e+01 -6.360178589820861816e-01 1.534854173660278320e+00 0.000000000000000000e+00 0.000000000000000000e+00 0.000000000000000000e+00 1.000000000000000000e+00
1.716292660903298855e+09 -1.376570415496826172e+01 -6.470049023628234863e-01 1.532385110855102317e+00 0.000000000000000000e+00 0.000000000000000000e+00 0.000000000000000000e+00 1.000000000000000000e+00
1.716292660953360081e+09 -1.379026699066161932e+01 -6.569685339927673340e-01 1.530508279800415039e+00 0.000000000000000000e+00 0.000000000000000000e+00 0.000000000000000000e+00 1.000000000000000000e+00
1.716292661003566027e+09 -1.384039497375488459e+01 -6.765472888946533203e-01 1.526847243309020996e+00 0.000000000000000000e+00 0.000000000000000000e+00 0.000000000000000000e+00 1.000000000000000000e+00
1.716292661103833199e+09 -1.388885593414306641e+01 -6.887766122817993164e-01 1.525831699371337891e+00 0.000000000000000000e+00 0.000000000000000000e+00 0.000000000000000000e+00 1.000000000000000000e+00
1.716292661153847694e+09 -1.393999099731445135e+01 -7.074782848358154297e-01 1.523513078689575195e+00 0.000000000000000000e+00 0.000000000000000000e+00 0.000000000000000000e+00 1.000000000000000000e+00
1.716292661204141617e+09 -1.396462249755859375e+01 -7.153880000114440918e-01 1.522825121879577637e+00 0.000000000000000000e+00 0.000000000000000000e+00 0.000000000000000000e+00 1.000000000000000000e+00
1.716292661254254341e+09 -1.398824501037597656e+01 -7.233575582504272461e-01 1.522611141204833984e+00 0.000000000000000000e+00 0.000000000000000000e+00 0.000000000000000000e+00 1.000000000000000000e+00
1.716292661304385900e+09 -1.403678035736083984e+01 -7.335855960845947266e-01 1.522268414497375710e+00 0.000000000000000000e+00 0.000000000000000000e+00 0.000000000000000000e+00 1.000000000000000000e+00
1.716292661354413271e+09 -1.405825138092041016e+01 -7.442355751991271973e-01 1.522068858146667703e+00 0.000000000000000000e+00 0.000000000000000000e+00 0.000000000000000000e+00 1.000000000000000000e+00
1.716292661405297518e+09 -1.408063697814941406e+01 -7.563856840133666992e-01 1.521728992462158203e+00 0.000000000000000000e+00 0.000000000000000000e+00 0.000000000000000000e+00 1.000000000000000000e+00
1.716292661455097675e+09 -1.410294723510742188e+01 -7.697547674179077148e-01 1.521574139595031516e+00 0.000000000000000000e+00 0.000000000000000000e+00 0.000000000000000000e+00 1.000000000000000000e+00
1.716292661505009174e+09 -1.414623355865478338e+01 -7.839691638946533203e-01 1.521267414093017578e+00 0.000000000000000000e+00 0.000000000000000000e+00 0.000000000000000000e+00 1.000000000000000000e+00
1.716292661555985689e+09 -1.416648864746093750e+01 -7.978978753089904785e-01 1.521123051643371582e+00 0.000000000000000000e+00 0.000000000000000000e+00 0.000000000000000000e+00 1.000000000000000000e+00
1.716292661606364250e+09 -1.418569374084472834e+01 -8.124912381172180176e-01 1.520522117614746094e+00 0.000000000000000000e+00 0.000000000000000000e+00 0.000000000000000000e+00 1.000000000000000000e+00
1.716292661655560493e+09 -1.422280502319335938e+01 -8.289745450019836426e-01 1.520414590835571289e+00 0.000000000000000000e+00 0.000000000000000000e+00 0.000000000000000000e+00 1.000000000000000000e+00
1.716292661705776453e+09 -1.423987865447998047e+01 -8.452669382095336914e-01 1.520172834396362305e+00 0.000000000000000000e+00 0.000000000000000000e+00 0.000000000000000000e+00 1.000000000000000000e+00
1.716292661755961895e+09 -1.425593662261962713e+01 -8.614996075630187988e-01 1.520169019699096902e+00 0.000000000000000000e+00 0.000000000000000000e+00 0.000000000000000000e+00 1.000000000000000000e+00
1.716292661856564045e+09 -1.430083465576172053e+01 -8.970523476600646973e-01 1.520699262619018555e+00 0.000000000000000000e+00 0.000000000000000000e+00 0.000000000000000000e+00 1.000000000000000000e+00
1.716292661906469345e+09 -1.431380367279052734e+01 -9.137753844261168323e-01 1.521210789680480957e+00 0.000000000000000000e+00 0.000000000000000000e+00 0.000000000000000000e+00 1.000000000000000000e+00
1.716292661956613302e+09 -1.432677841186523438e+01 -9.301240444183349609e-01 1.521633625030517578e+00 0.000000000000000000e+00 0.000000000000000000e+00 0.000000000000000000e+00 1.000000000000000000e+00
1.716292662057315588e+09 -1.435366058349609375e+01 -9.631366729736328125e-01 1.522442340850830078e+00 0.000000000000000000e+00 0.000000000000000000e+00 0.000000000000000000e+00 1.000000000000000000e+00
1.716292662107554913e+09 -1.437853145599365234e+01 -9.806820154190063477e-01 1.522784352302551270e+00 0.000000000000000000e+00 0.000000000000000000e+00 0.000000000000000000e+00 1.000000000000000000e+00
1.716292662157526970e+09 -1.439142990112304865e+01 -9.971620440483092151e-01 1.523396134376526101e+00 0.000000000000000000e+00 0.000000000000000000e+00 0.000000000000000000e+00 1.000000000000000000e+00
1.716292662207933664e+09 -1.440335178375243963e+01 -1.013072848320007102e+00 1.523219347000122070e+00 0.000000000000000000e+00 0.000000000000000000e+00 0.000000000000000000e+00 1.000000000000000000e+00
1.716292662258057356e+09 -1.441328525543212713e+01 -1.028509855270385520e+00 1.523275256156921387e+00 0.000000000000000000e+00 0.000000000000000000e+00 0.000000000000000000e+00 1.000000000000000000e+00
1.716292662308449030e+09 -1.442321395874023438e+01 -1.043807029724121094e+00 1.523351073265075684e+00 0.000000000000000000e+00 0.000000000000000000e+00 0.000000000000000000e+00 1.000000000000000000e+00
1.716292662358462095e+09 -1.444208335876464844e+01 -1.060022830963134766e+00 1.523935198783874290e+00 0.000000000000000000e+00 0.000000000000000000e+00 0.000000000000000000e+00 1.000000000000000000e+00
1.716292662408654451e+09 -1.445007133483886719e+01 -1.074025750160217285e+00 1.524776458740234375e+00 0.000000000000000000e+00 0.000000000000000000e+00 0.000000000000000000e+00 1.000000000000000000e+00
1.716292662458781481e+09 -1.445607471466064453e+01 -1.087570428848266602e+00 1.525699138641357422e+00 0.000000000000000000e+00 0.000000000000000000e+00 0.000000000000000000e+00 1.000000000000000000e+00
1.716292662508996010e+09 -1.446215915679931641e+01 -1.099904179573059082e+00 1.526585936546325684e+00 0.000000000000000000e+00 0.000000000000000000e+00 0.000000000000000000e+00 1.000000000000000000e+00
1.716292662559043169e+09 -1.447025585174560369e+01 -1.112028717994689941e+00 1.527424216270446777e+00 0.000000000000000000e+00 0.000000000000000000e+00 0.000000000000000000e+00 1.000000000000000000e+00
1.716292662610224247e+09 -1.447245311737060369e+01 -1.122529387474060059e+00 1.527813792228698730e+00 0.000000000000000000e+00 0.000000000000000000e+00 0.000000000000000000e+00 1.000000000000000000e+00
1.716292662659366369e+09 -1.447257232666015625e+01 -1.133849501609802246e+00 1.528102636337280495e+00 0.000000000000000000e+00 0.000000000000000000e+00 0.000000000000000000e+00 1.000000000000000000e+00
1.716292662709412098e+09 -1.447078704833984375e+01 -1.143789291381835938e+00 1.528243064880371094e+00 0.000000000000000000e+00 0.000000000000000000e+00 0.000000000000000000e+00 1.000000000000000000e+00
1.716292662809933424e+09 -1.446018409729004084e+01 -1.163483023643493652e+00 1.529259562492370605e+00 0.000000000000000000e+00 0.000000000000000000e+00 0.000000000000000000e+00 1.000000000000000000e+00
1.716292662910360575e+09 -1.443579769134521662e+01 -1.179576516151428223e+00 1.530902028083801270e+00 0.000000000000000000e+00 0.000000000000000000e+00 0.000000000000000000e+00 1.000000000000000000e+00
1.716292662960770845e+09 -1.442326164245605646e+01 -1.185591220855712891e+00 1.531819462776184082e+00 0.000000000000000000e+00 0.000000000000000000e+00 0.000000000000000000e+00 1.000000000000000000e+00
1.716292663011026859e+09 -1.440984058380126953e+01 -1.190119385719299094e+00 1.532935023307800293e+00 0.000000000000000000e+00 0.000000000000000000e+00 0.000000000000000000e+00 1.000000000000000000e+00
1.716292663061190605e+09 -1.437728118896484375e+01 -1.195439219474792480e+00 1.535143256187438965e+00 0.000000000000000000e+00 0.000000000000000000e+00 0.000000000000000000e+00 1.000000000000000000e+00
1.716292663161596775e+09 -1.433823871612548828e+01 -1.194279909133911133e+00 1.536157965660095215e+00 0.000000000000000000e+00 0.000000000000000000e+00 0.000000000000000000e+00 1.000000000000000000e+00
1.716292663211736679e+09 -1.431627750396728338e+01 -1.192846536636352317e+00 1.537117004394531250e+00 0.000000000000000000e+00 0.000000000000000000e+00 0.000000000000000000e+00 1.000000000000000000e+00
1.716292663261868715e+09 -1.429246616363525391e+01 -1.189553856849670410e+00 1.537676453590393066e+00 0.000000000000000000e+00 0.000000000000000000e+00 0.000000000000000000e+00 1.000000000000000000e+00
1.716292663312559128e+09 -1.426578235626220881e+01 -1.184597015380859375e+00 1.538314819335937500e+00 0.000000000000000000e+00 0.000000000000000000e+00 0.000000000000000000e+00 1.000000000000000000e+00
1.716292663462984800e+09 -1.415533638000488459e+01 -1.161038875579833984e+00 1.540395379066467285e+00 0.000000000000000000e+00 0.000000000000000000e+00 0.000000000000000000e+00 1.000000000000000000e+00
1.716292663563400269e+09 -1.406403636932373047e+01 -1.136303067207336426e+00 1.541669011116027832e+00 0.000000000000000000e+00 0.000000000000000000e+00 0.000000000000000000e+00 1.000000000000000000e+00
1.716292663614828587e+09 -1.403305435180664062e+01 -1.122336268424987793e+00 1.541876077651977539e+00 0.000000000000000000e+00 0.000000000000000000e+00 0.000000000000000000e+00 1.000000000000000000e+00
1.716292663663789749e+09 -1.400019264221191406e+01 -1.106676697731018066e+00 1.541699409484863281e+00 0.000000000000000000e+00 0.000000000000000000e+00 0.000000000000000000e+00 1.000000000000000000e+00
1.716292663713981628e+09 -1.396826553344726562e+01 -1.091737031936645508e+00 1.541469931602478027e+00 0.000000000000000000e+00 0.000000000000000000e+00 0.000000000000000000e+00 1.000000000000000000e+00
1.716292663764221430e+09 -1.393548774719238459e+01 -1.074698805809020996e+00 1.541124224662780762e+00 0.000000000000000000e+00 0.000000000000000000e+00 0.000000000000000000e+00 1.000000000000000000e+00
1.716292663814442396e+09 -1.386870098114013672e+01 -1.056286215782165527e+00 1.540554404258728027e+00 0.000000000000000000e+00 0.000000000000000000e+00 0.000000000000000000e+00 1.000000000000000000e+00
1.716292663864691019e+09 -1.383591747283935547e+01 -1.038966774940490723e+00 1.539628267288208008e+00 0.000000000000000000e+00 0.000000000000000000e+00 0.000000000000000000e+00 1.000000000000000000e+00
1.716292663914968491e+09 -1.380320549011230469e+01 -1.020473480224609375e+00 1.538515090942382812e+00 0.000000000000000000e+00 0.000000000000000000e+00 0.000000000000000000e+00 1.000000000000000000e+00
1.716292664015114546e+09 -1.373581027984619141e+01 -9.823002815246582031e-01 1.535206317901611106e+00 0.000000000000000000e+00 0.000000000000000000e+00 0.000000000000000000e+00 1.000000000000000000e+00
1.716292664065445423e+09 -1.367011356353759766e+01 -9.616631269454956055e-01 1.532989382743835449e+00 0.000000000000000000e+00 0.000000000000000000e+00 0.000000000000000000e+00 1.000000000000000000e+00
1.716292664115950823e+09 -1.363626766204833984e+01 -9.440287351608276367e-01 1.530831336975097656e+00 0.000000000000000000e+00 0.000000000000000000e+00 0.000000000000000000e+00 1.000000000000000000e+00
1.716292664165756941e+09 -1.360234546661376953e+01 -9.272527098655699573e-01 1.528533101081847922e+00 0.000000000000000000e+00 0.000000000000000000e+00 0.000000000000000000e+00 1.000000000000000000e+00
1.716292664216015577e+09 -1.356938076019287287e+01 -9.109066724777221680e-01 1.526393175125122070e+00 0.000000000000000000e+00 0.000000000000000000e+00 0.000000000000000000e+00 1.000000000000000000e+00
1.716292664316277027e+09 -1.347237586975097656e+01 -8.777301907539367676e-01 1.520874738693237305e+00 0.000000000000000000e+00 0.000000000000000000e+00 0.000000000000000000e+00 1.000000000000000000e+00
1.716292664366472244e+09 -1.344024848937988459e+01 -8.633120059967041016e-01 1.517919778823852317e+00 0.000000000000000000e+00 0.000000000000000000e+00 0.000000000000000000e+00 1.000000000000000000e+00
1.716292664416706085e+09 -1.340804576873779119e+01 -8.498898744583129883e-01 1.514804601669311523e+00 0.000000000000000000e+00 0.000000000000000000e+00 0.000000000000000000e+00 1.000000000000000000e+00
1.716292664516930103e+09 -1.331249523162841797e+01 -8.239520192146301270e-01 1.508491396903991699e+00 0.000000000000000000e+00 0.000000000000000000e+00 0.000000000000000000e+00 1.000000000000000000e+00
1.716292664567115307e+09 -1.327904701232910156e+01 -8.140555620193481445e-01 1.505270719528198242e+00 0.000000000000000000e+00 0.000000000000000000e+00 0.000000000000000000e+00 1.000000000000000000e+00
1.716292664617475510e+09 -1.324650859832763672e+01 -8.055794835090637207e-01 1.502427101135253906e+00 0.000000000000000000e+00 0.000000000000000000e+00 0.000000000000000000e+00 1.000000000000000000e+00
1.716292664717520237e+09 -1.315029525756835938e+01 -7.897589802742004395e-01 1.496827960014343262e+00 0.000000000000000000e+00 0.000000000000000000e+00 0.000000000000000000e+00 1.000000000000000000e+00
1.716292664817956924e+09 -1.311759185791015625e+01 -7.838809490203857422e-01 1.494390368461608887e+00 0.000000000000000000e+00 0.000000000000000000e+00 0.000000000000000000e+00 1.000000000000000000e+00
1.716292664868236542e+09 -1.305393505096435547e+01 -7.762449383735656738e-01 1.492091298103332297e+00 0.000000000000000000e+00 0.000000000000000000e+00 0.000000000000000000e+00 1.000000000000000000e+00
1.716292664918318987e+09 -1.302016162872314453e+01 -7.714443802833557129e-01 1.490473270416259766e+00 0.000000000000000000e+00 0.000000000000000000e+00 0.000000000000000000e+00 1.000000000000000000e+00
1.716292664968491554e+09 -1.295637416839599609e+01 -7.659917473793029785e-01 1.488449454307556152e+00 0.000000000000000000e+00 0.000000000000000000e+00 0.000000000000000000e+00 1.000000000000000000e+00
1.716292665018742085e+09 -1.292338466644287287e+01 -7.648296356201171875e-01 1.488347172737121582e+00 0.000000000000000000e+00 0.000000000000000000e+00 0.000000000000000000e+00 1.000000000000000000e+00
1.716292665068886280e+09 -1.288935184478759766e+01 -7.643846869468688965e-01 1.488842248916625977e+00 0.000000000000000000e+00 0.000000000000000000e+00 0.000000000000000000e+00 1.000000000000000000e+00
1.716292665169097900e+09 -1.274922847747802734e+01 -7.622260451316833496e-01 1.493090867996215820e+00 0.000000000000000000e+00 0.000000000000000000e+00 0.000000000000000000e+00 1.000000000000000000e+00
1.716292665219877005e+09 -1.271410083770751953e+01 -7.632650136947631836e-01 1.495423793792724609e+00 0.000000000000000000e+00 0.000000000000000000e+00 0.000000000000000000e+00 1.000000000000000000e+00
1.716292665370336771e+09 -1.264303112030029119e+01 -7.622195482254028320e-01 1.498279571533203125e+00 0.000000000000000000e+00 0.000000000000000000e+00 0.000000000000000000e+00 1.000000000000000000e+00
1.716292665420152426e+09 -1.256560420989990234e+01 -7.666947245597839355e-01 1.506145954132080078e+00 0.000000000000000000e+00 0.000000000000000000e+00 0.000000000000000000e+00 1.000000000000000000e+00
1.716292665470273495e+09 -1.252636432647705078e+01 -7.692657709121704102e-01 1.510590672492980957e+00 0.000000000000000000e+00 0.000000000000000000e+00 0.000000000000000000e+00 1.000000000000000000e+00
1.716292665520631313e+09 -1.244913768768310369e+01 -7.703543305397033691e-01 1.515499711036681907e+00 0.000000000000000000e+00 0.000000000000000000e+00 0.000000000000000000e+00 1.000000000000000000e+00
1.716292665570645809e+09 -1.240981483459472834e+01 -7.740674018859863281e-01 1.520963788032531516e+00 0.000000000000000000e+00 0.000000000000000000e+00 0.000000000000000000e+00 1.000000000000000000e+00
1.716292665622142792e+09 -1.236746215820312322e+01 -7.780662178993225098e-01 1.526301622390747070e+00 0.000000000000000000e+00 0.000000000000000000e+00 0.000000000000000000e+00 1.000000000000000000e+00
1.716292665671078444e+09 -1.232606792449951172e+01 -7.826684117317199707e-01 1.531860113143920898e+00 0.000000000000000000e+00 0.000000000000000000e+00 0.000000000000000000e+00 1.000000000000000000e+00
1.716292665721346378e+09 -1.224171161651611150e+01 -7.851645946502685547e-01 1.537379622459411621e+00 0.000000000000000000e+00 0.000000000000000000e+00 0.000000000000000000e+00 1.000000000000000000e+00
1.716292665771460295e+09 -1.219718551635742188e+01 -7.914214134216308594e-01 1.543515086174011230e+00 0.000000000000000000e+00 0.000000000000000000e+00 0.000000000000000000e+00 1.000000000000000000e+00
1.716292665821602583e+09 -1.215357875823974609e+01 -7.988103032112121582e-01 1.549503564834594727e+00 0.000000000000000000e+00 0.000000000000000000e+00 0.000000000000000000e+00 1.000000000000000000e+00
1.716292665871819258e+09 -1.210894870758056641e+01 -8.063582181930541992e-01 1.555145859718322754e+00 0.000000000000000000e+00 0.000000000000000000e+00 0.000000000000000000e+00 1.000000000000000000e+00
1.716292665922417402e+09 -1.201732826232910156e+01 -8.120331168174743652e-01 1.560289978981018066e+00 0.000000000000000000e+00 0.000000000000000000e+00 0.000000000000000000e+00 1.000000000000000000e+00
1.716292665972127199e+09 -1.196957302093506037e+01 -8.210189938545227051e-01 1.565131187438964844e+00 0.000000000000000000e+00 0.000000000000000000e+00 0.000000000000000000e+00 1.000000000000000000e+00
1.716292666028127909e+09 -1.192269229888916016e+01 -8.316459059715270996e-01 1.569912672042846902e+00 0.000000000000000000e+00 0.000000000000000000e+00 0.000000000000000000e+00 1.000000000000000000e+00
1.716292666072390318e+09 -1.187275218963623047e+01 -8.428315520286560059e-01 1.573791503906250000e+00 0.000000000000000000e+00 0.000000000000000000e+00 0.000000000000000000e+00 1.000000000000000000e+00
1.716292666122688293e+09 -1.177782630920410156e+01 -8.520171046257019043e-01 1.576702475547790305e+00 0.000000000000000000e+00 0.000000000000000000e+00 0.000000000000000000e+00 1.000000000000000000e+00
1.716292666172912359e+09 -1.167946624755859375e+01 -8.798901438713073730e-01 1.581124544143676758e+00 0.000000000000000000e+00 0.000000000000000000e+00 0.000000000000000000e+00 1.000000000000000000e+00
1.716292666223101377e+09 -1.163014411926269531e+01 -8.952913284301757812e-01 1.582055091857910156e+00 0.000000000000000000e+00 0.000000000000000000e+00 0.000000000000000000e+00 1.000000000000000000e+00
1.716292666323485613e+09 -1.153187465667724609e+01 -9.078187346458436169e-01 1.581702113151550293e+00 0.000000000000000000e+00 0.000000000000000000e+00 0.000000000000000000e+00 1.000000000000000000e+00
1.716292666373510838e+09 -1.148235321044922053e+01 -9.250858426094056286e-01 1.580860257148742898e+00 0.000000000000000000e+00 0.000000000000000000e+00 0.000000000000000000e+00 1.000000000000000000e+00
1.716292666423896790e+09 -1.138094615936279119e+01 -9.626453518867491566e-01 1.577278017997741699e+00 0.000000000000000000e+00 0.000000000000000000e+00 0.000000000000000000e+00 1.000000000000000000e+00
1.716292666525368929e+09 -1.128125476837158203e+01 -9.784943461418151855e-01 1.573893308639526367e+00 0.000000000000000000e+00 0.000000000000000000e+00 0.000000000000000000e+00 1.000000000000000000e+00
1.716292666574514866e+09 -1.123327541351318359e+01 -9.993211627006531872e-01 1.570368885993957520e+00 0.000000000000000000e+00 0.000000000000000000e+00 0.000000000000000000e+00 1.000000000000000000e+00
1.716292666825464249e+09 -1.091735172271728338e+01 -1.092018961906433105e+00 1.540828108787536621e+00 0.000000000000000000e+00 0.000000000000000000e+00 0.000000000000000000e+00 1.000000000000000000e+00
1.716292666875642300e+09 -1.081302738189697266e+01 -1.129965066909790039e+00 1.524731636047363281e+00 0.000000000000000000e+00 0.000000000000000000e+00 0.000000000000000000e+00 1.000000000000000000e+00
1.716292666927059889e+09 -1.075990867614745916e+01 -1.147662639617919922e+00 1.515606641769409180e+00 0.000000000000000000e+00 0.000000000000000000e+00 0.000000000000000000e+00 1.000000000000000000e+00
1.716292667076797724e+09 -1.065314197540283203e+01 -1.158692479133605957e+00 1.505711078643798828e+00 0.000000000000000000e+00 0.000000000000000000e+00 0.000000000000000000e+00 1.000000000000000000e+00
1.716292667126891613e+09 -1.049987220764160156e+01 -1.206818222999572754e+00 1.474316239356994629e+00 0.000000000000000000e+00 0.000000000000000000e+00 0.000000000000000000e+00 1.000000000000000000e+00
1.716292667176990747e+09 -1.045081901550292969e+01 -1.221720933914184570e+00 1.463657736778259277e+00 0.000000000000000000e+00 0.000000000000000000e+00 0.000000000000000000e+00 1.000000000000000000e+00
1.716292667227311850e+09 -1.035518836975097656e+01 -1.229855298995971680e+00 1.453414201736450195e+00 0.000000000000000000e+00 0.000000000000000000e+00 0.000000000000000000e+00 1.000000000000000000e+00
1.716292667327614069e+09 -1.030433368682861150e+01 -1.242184996604919434e+00 1.443644285202026367e+00 0.000000000000000000e+00 0.000000000000000000e+00 0.000000000000000000e+00 1.000000000000000000e+00
1.716292667377810001e+09 -1.025744152069091797e+01 -1.254735231399535911e+00 1.434262871742248313e+00 0.000000000000000000e+00 0.000000000000000000e+00 0.000000000000000000e+00 1.000000000000000000e+00
1.716292667427926779e+09 -1.020668315887451172e+01 -1.265652537345886230e+00 1.425565719604492188e+00 0.000000000000000000e+00 0.000000000000000000e+00 0.000000000000000000e+00 1.000000000000000000e+00
1.716292667478204966e+09 -1.011130332946777166e+01 -1.270496487617492898e+00 1.417754054069519043e+00 0.000000000000000000e+00 0.000000000000000000e+00 0.000000000000000000e+00 1.000000000000000000e+00
1.716292667528398514e+09 -1.006258869171142578e+01 -1.280699372291564941e+00 1.410315036773681641e+00 0.000000000000000000e+00 0.000000000000000000e+00 0.000000000000000000e+00 1.000000000000000000e+00
1.716292667578578234e+09 -9.968400955200195312e+00 -1.298895716667175293e+00 1.398324489593506081e+00 0.000000000000000000e+00 0.000000000000000000e+00 0.000000000000000000e+00 1.000000000000000000e+00
1.716292667678965807e+09 -9.876144409179687500e+00 -1.302212595939636230e+00 1.393663883209228294e+00 0.000000000000000000e+00 0.000000000000000000e+00 0.000000000000000000e+00 1.000000000000000000e+00
1.716292667729130030e+09 -9.831487655639648438e+00 -1.311551928520202637e+00 1.389169692993164062e+00 0.000000000000000000e+00 0.000000000000000000e+00 0.000000000000000000e+00 1.000000000000000000e+00
1.716292667779437542e+09 -9.738154411315917969e+00 -1.329628586769104004e+00 1.381618022918701172e+00 0.000000000000000000e+00 0.000000000000000000e+00 0.000000000000000000e+00 1.000000000000000000e+00
1.716292667829591274e+09 -9.692441940307615411e+00 -1.338830351829528809e+00 1.378325700759887695e+00 0.000000000000000000e+00 0.000000000000000000e+00 0.000000000000000000e+00 1.000000000000000000e+00
1.716292667929971933e+09 -9.603102684020996094e+00 -1.342093944549560325e+00 1.375079631805419922e+00 0.000000000000000000e+00 0.000000000000000000e+00 0.000000000000000000e+00 1.000000000000000000e+00
1.716292667979985714e+09 -9.512447357177734375e+00 -1.361184954643249512e+00 1.367611527442931907e+00 0.000000000000000000e+00 0.000000000000000000e+00 0.000000000000000000e+00 1.000000000000000000e+00
1.716292668030209541e+09 -9.467554092407228339e+00 -1.370887041091918945e+00 1.363496541976928711e+00 0.000000000000000000e+00 0.000000000000000000e+00 0.000000000000000000e+00 1.000000000000000000e+00
1.716292668130442381e+09 -9.331920623779296875e+00 -1.385133385658264160e+00 1.353961467742919922e+00 0.000000000000000000e+00 0.000000000000000000e+00 0.000000000000000000e+00 1.000000000000000000e+00
1.716292668180604935e+09 -9.284796714782716620e+00 -1.395493745803833008e+00 1.348634481430053711e+00 0.000000000000000000e+00 0.000000000000000000e+00 0.000000000000000000e+00 1.000000000000000000e+00
1.716292668230827332e+09 -9.240466117858888495e+00 -1.407160878181457520e+00 1.342940092086791992e+00 0.000000000000000000e+00 0.000000000000000000e+00 0.000000000000000000e+00 1.000000000000000000e+00
1.716292668381424427e+09 -9.061681747436523438e+00 -1.435624480247497559e+00 1.325480222702026367e+00 0.000000000000000000e+00 0.000000000000000000e+00 0.000000000000000000e+00 1.000000000000000000e+00
1.716292668431528091e+09 -9.015064239501951349e+00 -1.447830557823181152e+00 1.319291234016418457e+00 0.000000000000000000e+00 0.000000000000000000e+00 0.000000000000000000e+00 1.000000000000000000e+00
1.716292668481650591e+09 -8.970313072204589844e+00 -1.460684061050415039e+00 1.312715053558349609e+00 0.000000000000000000e+00 0.000000000000000000e+00 0.000000000000000000e+00 1.000000000000000000e+00
1.716292668581906319e+09 -8.835993766784667969e+00 -1.480854153633117676e+00 1.301641345024108887e+00 0.000000000000000000e+00 0.000000000000000000e+00 0.000000000000000000e+00 1.000000000000000000e+00
1.716292668632177353e+09 -8.786852836608886719e+00 -1.494893908500671387e+00 1.296317815780639648e+00 0.000000000000000000e+00 0.000000000000000000e+00 0.000000000000000000e+00 1.000000000000000000e+00
1.716292668682271957e+09 -8.741511344909667969e+00 -1.510163664817810059e+00 1.291530847549438477e+00 0.000000000000000000e+00 0.000000000000000000e+00 0.000000000000000000e+00 1.000000000000000000e+00
1.716292668732485294e+09 -8.655711174011230469e+00 -1.518584609031677246e+00 1.288519978523254395e+00 0.000000000000000000e+00 0.000000000000000000e+00 0.000000000000000000e+00 1.000000000000000000e+00
1.716292668832770586e+09 -8.561440467834472656e+00 -1.550840735435485840e+00 1.282898306846618874e+00 0.000000000000000000e+00 0.000000000000000000e+00 0.000000000000000000e+00 1.000000000000000000e+00
1.716292668883038044e+09 -8.513592720031738281e+00 -1.567607402801513672e+00 1.280919194221496582e+00 0.000000000000000000e+00 0.000000000000000000e+00 0.000000000000000000e+00 1.000000000000000000e+00
1.716292668933124542e+09 -8.466537475585937500e+00 -1.585199713706970215e+00 1.279141426086425781e+00 0.000000000000000000e+00 0.000000000000000000e+00 0.000000000000000000e+00 1.000000000000000000e+00
1.716292669083665133e+09 -8.284327507019042969e+00 -1.631938576698303223e+00 1.275999784469604492e+00 0.000000000000000000e+00 0.000000000000000000e+00 0.000000000000000000e+00 1.000000000000000000e+00
1.716292669184032679e+09 -8.152521133422851562e+00 -1.663382887840270996e+00 1.275338530540466309e+00 0.000000000000000000e+00 0.000000000000000000e+00 0.000000000000000000e+00 1.000000000000000000e+00
1.716292669234325409e+09 -8.106421470642089844e+00 -1.683897495269775391e+00 1.275189042091369629e+00 0.000000000000000000e+00 0.000000000000000000e+00 0.000000000000000000e+00 1.000000000000000000e+00
1.716292669334639788e+09 -8.012881278991699219e+00 -1.724963784217834473e+00 1.275442004203796387e+00 0.000000000000000000e+00 0.000000000000000000e+00 0.000000000000000000e+00 1.000000000000000000e+00
1.716292669434941292e+09 -7.927282810211181641e+00 -1.737476229667663574e+00 1.276796579360961914e+00 0.000000000000000000e+00 0.000000000000000000e+00 0.000000000000000000e+00 1.000000000000000000e+00
1.716292669485100985e+09 -7.835302352905273438e+00 -1.777848958969116211e+00 1.278348088264465110e+00 0.000000000000000000e+00 0.000000000000000000e+00 0.000000000000000000e+00 1.000000000000000000e+00
1.716292669585477829e+09 -7.704211711883544922e+00 -1.812396645545959695e+00 1.281927704811096191e+00 0.000000000000000000e+00 0.000000000000000000e+00 0.000000000000000000e+00 1.000000000000000000e+00
1.716292669635532379e+09 -7.656792640686035156e+00 -1.834754228591918945e+00 1.283584237098693848e+00 0.000000000000000000e+00 0.000000000000000000e+00 0.000000000000000000e+00 1.000000000000000000e+00
1.716292669685816050e+09 -7.611012458801268643e+00 -1.858281612396240012e+00 1.285444736480712891e+00 0.000000000000000000e+00 0.000000000000000000e+00 0.000000000000000000e+00 1.000000000000000000e+00
1.716292669735928774e+09 -7.563060760498046875e+00 -1.881711125373840332e+00 1.287919998168945090e+00 0.000000000000000000e+00 0.000000000000000000e+00 0.000000000000000000e+00 1.000000000000000000e+00
1.716292669786035061e+09 -7.478938102722167969e+00 -1.896687150001525657e+00 1.291352748870849609e+00 0.000000000000000000e+00 0.000000000000000000e+00 0.000000000000000000e+00 1.000000000000000000e+00
1.716292669836665392e+09 -7.432383060455322266e+00 -1.921547412872314453e+00 1.294580698013305664e+00 0.000000000000000000e+00 0.000000000000000000e+00 0.000000000000000000e+00 1.000000000000000000e+00
1.716292669886431456e+09 -7.386579036712646484e+00 -1.946820378303528054e+00 1.297718405723571777e+00 0.000000000000000000e+00 0.000000000000000000e+00 0.000000000000000000e+00 1.000000000000000000e+00
1.716292669936562538e+09 -7.337400436401367188e+00 -1.972473621368407981e+00 1.301373958587646484e+00 0.000000000000000000e+00 0.000000000000000000e+00 0.000000000000000000e+00 1.000000000000000000e+00
1.716292670037157297e+09 -7.256416320800781250e+00 -1.988674998283386453e+00 1.306017279624938965e+00 0.000000000000000000e+00 0.000000000000000000e+00 0.000000000000000000e+00 1.000000000000000000e+00
1.716292670087257624e+09 -7.165545940399169922e+00 -2.043243169784545898e+00 1.314716458320617676e+00 0.000000000000000000e+00 0.000000000000000000e+00 0.000000000000000000e+00 1.000000000000000000e+00
1.716292670137499809e+09 -7.119162082672119141e+00 -2.070987462997436523e+00 1.319990634918212891e+00 0.000000000000000000e+00 0.000000000000000000e+00 0.000000000000000000e+00 1.000000000000000000e+00
1.716292670238823414e+09 -6.995261669158936435e+00 -2.120106935501098189e+00 1.331055760383605957e+00 0.000000000000000000e+00 0.000000000000000000e+00 0.000000000000000000e+00 1.000000000000000000e+00
1.716292670338092804e+09 -6.906569957733154297e+00 -2.180793046951293945e+00 1.342256546020507812e+00 0.000000000000000000e+00 0.000000000000000000e+00 0.000000000000000000e+00 1.000000000000000000e+00
1.716292670388394356e+09 -6.859788417816162109e+00 -2.212607383728027788e+00 1.348278641700744629e+00 0.000000000000000000e+00 0.000000000000000000e+00 0.000000000000000000e+00 1.000000000000000000e+00
1.716292670488742352e+09 -6.783113002777099609e+00 -2.235248327255249023e+00 1.355529189109802246e+00 0.000000000000000000e+00 0.000000000000000000e+00 0.000000000000000000e+00 1.000000000000000000e+00
1.716292670538732529e+09 -6.694042205810546875e+00 -2.303009271621704102e+00 1.368872046470642090e+00 0.000000000000000000e+00 0.000000000000000000e+00 0.000000000000000000e+00 1.000000000000000000e+00
1.716292670589067459e+09 -6.649598121643066406e+00 -2.336754083633422852e+00 1.375936150550842507e+00 0.000000000000000000e+00 0.000000000000000000e+00 0.000000000000000000e+00 1.000000000000000000e+00
1.716292670639384270e+09 -6.605353355407714844e+00 -2.371975898742675781e+00 1.383051156997680886e+00 0.000000000000000000e+00 0.000000000000000000e+00 0.000000000000000000e+00 1.000000000000000000e+00
1.716292670739629507e+09 -6.530512332916259766e+00 -2.396720647811889648e+00 1.390627622604369895e+00 0.000000000000000000e+00 0.000000000000000000e+00 0.000000000000000000e+00 1.000000000000000000e+00
1.716292670789710522e+09 -6.441667079925537109e+00 -2.468909740447998047e+00 1.405111432075500488e+00 0.000000000000000000e+00 0.000000000000000000e+00 0.000000000000000000e+00 1.000000000000000000e+00
1.716292670839807749e+09 -6.397076129913330078e+00 -2.503950595855712891e+00 1.412541389465332031e+00 0.000000000000000000e+00 0.000000000000000000e+00 0.000000000000000000e+00 1.000000000000000000e+00
1.716292670890193224e+09 -6.324641704559326172e+00 -2.532260417938232422e+00 1.420533418655395508e+00 0.000000000000000000e+00 0.000000000000000000e+00 0.000000000000000000e+00 1.000000000000000000e+00
1.716292670940271139e+09 -6.279382228851318359e+00 -2.569614410400390181e+00 1.428393483161926492e+00 0.000000000000000000e+00 0.000000000000000000e+00 0.000000000000000000e+00 1.000000000000000000e+00
1.716292670990525484e+09 -6.234143733978272373e+00 -2.608479976654052734e+00 1.437027931213378906e+00 0.000000000000000000e+00 0.000000000000000000e+00 0.000000000000000000e+00 1.000000000000000000e+00
1.716292671040518761e+09 -6.188302516937255859e+00 -2.647655248641968218e+00 1.445448756217956321e+00 0.000000000000000000e+00 0.000000000000000000e+00 0.000000000000000000e+00 1.000000000000000000e+00
1.716292671090629101e+09 -6.118112087249755859e+00 -2.676516294479370117e+00 1.454519152641296387e+00 0.000000000000000000e+00 0.000000000000000000e+00 0.000000000000000000e+00 1.000000000000000000e+00
1.716292671140809774e+09 -6.072206497192382812e+00 -2.716088533401489258e+00 1.463426232337951660e+00 0.000000000000000000e+00 0.000000000000000000e+00 0.000000000000000000e+00 1.000000000000000000e+00
1.716292671190917730e+09 -6.026577949523925781e+00 -2.756343841552734375e+00 1.472553253173827903e+00 0.000000000000000000e+00 0.000000000000000000e+00 0.000000000000000000e+00 1.000000000000000000e+00
1.716292671241003036e+09 -5.978919029235839844e+00 -2.797449350357056108e+00 1.481927752494812012e+00 0.000000000000000000e+00 0.000000000000000000e+00 0.000000000000000000e+00 1.000000000000000000e+00
1.716292671291171312e+09 -5.930427074432373047e+00 -2.839108705520629883e+00 1.491078495979309082e+00 0.000000000000000000e+00 0.000000000000000000e+00 0.000000000000000000e+00 1.000000000000000000e+00
1.716292671391505718e+09 -5.812658309936523438e+00 -2.908978700637817383e+00 1.509077310562133789e+00 0.000000000000000000e+00 0.000000000000000000e+00 0.000000000000000000e+00 1.000000000000000000e+00
1.716292671491844654e+09 -5.715203762054443359e+00 -2.993757009506225586e+00 1.526546359062194824e+00 0.000000000000000000e+00 0.000000000000000000e+00 0.000000000000000000e+00 1.000000000000000000e+00
1.716292671543113708e+09 -5.666255950927734375e+00 -3.036867141723632812e+00 1.534959316253662109e+00 0.000000000000000000e+00 0.000000000000000000e+00 0.000000000000000000e+00 1.000000000000000000e+00
1.716292671592156887e+09 -5.595701694488525391e+00 -3.068235158920288086e+00 1.543083548545837402e+00 0.000000000000000000e+00 0.000000000000000000e+00 0.000000000000000000e+00 1.000000000000000000e+00
1.716292671642300367e+09 -5.545477867126464844e+00 -3.111185789108276367e+00 1.551280736923217773e+00 0.000000000000000000e+00 0.000000000000000000e+00 0.000000000000000000e+00 1.000000000000000000e+00
1.716292671692507744e+09 -5.494677066802978516e+00 -3.155905008316040039e+00 1.559708356857299805e+00 0.000000000000000000e+00 0.000000000000000000e+00 0.000000000000000000e+00 1.000000000000000000e+00
1.716292671742699623e+09 -5.444103717803955078e+00 -3.198952913284301758e+00 1.567527294158935547e+00 0.000000000000000000e+00 0.000000000000000000e+00 0.000000000000000000e+00 1.000000000000000000e+00
1.716292671843074083e+09 -5.374151229858398438e+00 -3.232251644134521040e+00 1.575021982192993164e+00 0.000000000000000000e+00 0.000000000000000000e+00 0.000000000000000000e+00 1.000000000000000000e+00
1.716292671893233299e+09 -5.268912315368652344e+00 -3.320658683776855469e+00 1.590590953826904297e+00 0.000000000000000000e+00 0.000000000000000000e+00 0.000000000000000000e+00 1.000000000000000000e+00
1.716292671943457842e+09 -5.218978881835937500e+00 -3.361560344696044922e+00 1.597690582275390625e+00 0.000000000000000000e+00 0.000000000000000000e+00 0.000000000000000000e+00 1.000000000000000000e+00
1.716292672043751001e+09 -5.149963855743408203e+00 -3.393944978713989258e+00 1.604791045188903809e+00 0.000000000000000000e+00 0.000000000000000000e+00 0.000000000000000000e+00 1.000000000000000000e+00
1.716292672093873262e+09 -5.046025753021240234e+00 -3.479567050933837891e+00 1.619265556335449219e+00 0.000000000000000000e+00 0.000000000000000000e+00 0.000000000000000000e+00 1.000000000000000000e+00
1.716292672144558668e+09 -4.996772766113281250e+00 -3.516738414764404297e+00 1.626136660575866699e+00 0.000000000000000000e+00 0.000000000000000000e+00 0.000000000000000000e+00 1.000000000000000000e+00
1.716292672194789410e+09 -4.946618080139160156e+00 -3.557597398757934570e+00 1.633270025253295898e+00 0.000000000000000000e+00 0.000000000000000000e+00 0.000000000000000000e+00 1.000000000000000000e+00
1.716292672295169115e+09 -4.833477020263671875e+00 -3.629838466644287109e+00 1.647278308868408203e+00 0.000000000000000000e+00 0.000000000000000000e+00 0.000000000000000000e+00 1.000000000000000000e+00
1.716292672345263243e+09 -4.785489082336425781e+00 -3.667930603027344194e+00 1.654360055923461914e+00 0.000000000000000000e+00 0.000000000000000000e+00 0.000000000000000000e+00 1.000000000000000000e+00
1.716292672395766020e+09 -4.726453781127929688e+00 -3.698099374771118164e+00 1.660857915878295898e+00 0.000000000000000000e+00 0.000000000000000000e+00 0.000000000000000000e+00 1.000000000000000000e+00
1.716292672446087122e+09 -4.680469512939453125e+00 -3.736600637435913086e+00 1.667313337326049805e+00 0.000000000000000000e+00 0.000000000000000000e+00 0.000000000000000000e+00 1.000000000000000000e+00
1.716292672496233702e+09 -4.634004116058349609e+00 -3.774779319763184038e+00 1.673508882522583008e+00 0.000000000000000000e+00 0.000000000000000000e+00 0.000000000000000000e+00 1.000000000000000000e+00
1.716292672546449900e+09 -4.590220451354980469e+00 -3.810409307479857510e+00 1.679046154022216797e+00 0.000000000000000000e+00 0.000000000000000000e+00 0.000000000000000000e+00 1.000000000000000000e+00
1.716292672596582413e+09 -4.539193153381347656e+00 -3.839906215667724609e+00 1.683586239814758301e+00 0.000000000000000000e+00 0.000000000000000000e+00 0.000000000000000000e+00 1.000000000000000000e+00
1.716292672646898270e+09 -4.496776580810546875e+00 -3.875464677810668945e+00 1.688266396522521973e+00 0.000000000000000000e+00 0.000000000000000000e+00 0.000000000000000000e+00 1.000000000000000000e+00
1.716292672696979761e+09 -4.455642223358154297e+00 -3.911847829818725586e+00 1.692566394805908203e+00 0.000000000000000000e+00 0.000000000000000000e+00 0.000000000000000000e+00 1.000000000000000000e+00
1.716292672747418880e+09 -4.415648460388183594e+00 -3.944725513458251953e+00 1.696365833282470703e+00 0.000000000000000000e+00 0.000000000000000000e+00 0.000000000000000000e+00 1.000000000000000000e+00
1.716292672797572613e+09 -4.375703811645507812e+00 -3.978385448455810547e+00 1.699975490570068359e+00 0.000000000000000000e+00 0.000000000000000000e+00 0.000000000000000000e+00 1.000000000000000000e+00
1.716292672847722292e+09 -4.337419033050537109e+00 -4.011100769042968750e+00 1.702735900878906250e+00 0.000000000000000000e+00 0.000000000000000000e+00 0.000000000000000000e+00 1.000000000000000000e+00
1.716292672948268175e+09 -4.296235084533691406e+00 -4.041933536529541016e+00 1.704822182655334473e+00 0.000000000000000000e+00 0.000000000000000000e+00 0.000000000000000000e+00 1.000000000000000000e+00
1.716292672998538971e+09 -4.226842880249023438e+00 -4.105685234069824219e+00 1.707497119903564453e+00 0.000000000000000000e+00 0.000000000000000000e+00 0.000000000000000000e+00 1.000000000000000000e+00
1.716292673048658371e+09 -4.193407535552978516e+00 -4.136960506439208984e+00 1.707851290702819824e+00 0.000000000000000000e+00 0.000000000000000000e+00 0.000000000000000000e+00 1.000000000000000000e+00
1.716292673098855257e+09 -4.160420894622802734e+00 -4.168743610382080078e+00 1.707401871681213379e+00 0.000000000000000000e+00 0.000000000000000000e+00 0.000000000000000000e+00 1.000000000000000000e+00
1.716292673148881197e+09 -4.127227783203125000e+00 -4.200234413146972656e+00 1.706869959831237793e+00 0.000000000000000000e+00 0.000000000000000000e+00 0.000000000000000000e+00 1.000000000000000000e+00
1.716292673249154329e+09 -4.100145816802978516e+00 -4.228120803833007812e+00 1.705911636352539062e+00 0.000000000000000000e+00 0.000000000000000000e+00 0.000000000000000000e+00 1.000000000000000000e+00
1.716292673299470901e+09 -4.071010589599609375e+00 -4.259031295776367188e+00 1.704361319541931152e+00 0.000000000000000000e+00 0.000000000000000000e+00 0.000000000000000000e+00 1.000000000000000000e+00
1.716292673349766254e+09 -4.011717319488525391e+00 -4.319211006164550781e+00 1.700775384902954102e+00 0.000000000000000000e+00 0.000000000000000000e+00 0.000000000000000000e+00 1.000000000000000000e+00
1.716292673399643660e+09 -3.982753992080688921e+00 -4.348745346069335938e+00 1.698827266693115234e+00 0.000000000000000000e+00 0.000000000000000000e+00 0.000000000000000000e+00 1.000000000000000000e+00
1.716292673450358391e+09 -3.953018903732299805e+00 -4.379943370819091797e+00 1.696680903434753418e+00 0.000000000000000000e+00 0.000000000000000000e+00 0.000000000000000000e+00 1.000000000000000000e+00
1.716292673500153780e+09 -3.924947977066040039e+00 -4.413245201110839844e+00 1.694820404052734375e+00 0.000000000000000000e+00 0.000000000000000000e+00 0.000000000000000000e+00 1.000000000000000000e+00
1.716292673550362587e+09 -3.895468950271606445e+00 -4.444735527038574219e+00 1.692234277725219505e+00 0.000000000000000000e+00 0.000000000000000000e+00 0.000000000000000000e+00 1.000000000000000000e+00
1.716292673602650404e+09 -3.865610122680664062e+00 -4.474846839904785156e+00 1.689028382301330566e+00 0.000000000000000000e+00 0.000000000000000000e+00 0.000000000000000000e+00 1.000000000000000000e+00
1.716292673651770592e+09 -3.837167501449584961e+00 -4.505982398986816406e+00 1.685798287391662598e+00 0.000000000000000000e+00 0.000000000000000000e+00 0.000000000000000000e+00 1.000000000000000000e+00
1.716292673751021385e+09 -3.811592340469359907e+00 -4.540869235992431641e+00 1.682218551635742188e+00 0.000000000000000000e+00 0.000000000000000000e+00 0.000000000000000000e+00 1.000000000000000000e+00
1.716292673801346064e+09 -3.753333806991577148e+00 -4.606284141540527344e+00 1.674049735069274902e+00 0.000000000000000000e+00 0.000000000000000000e+00 0.000000000000000000e+00 1.000000000000000000e+00
1.716292673851768732e+09 -3.722603559494018555e+00 -4.640324115753173828e+00 1.669519186019897683e+00 0.000000000000000000e+00 0.000000000000000000e+00 0.000000000000000000e+00 1.000000000000000000e+00
1.716292673901836872e+09 -3.690012454986571822e+00 -4.674118041992188388e+00 1.664906620979309082e+00 0.000000000000000000e+00 0.000000000000000000e+00 0.000000000000000000e+00 1.000000000000000000e+00
1.716292674002034187e+09 -3.630778312683105469e+00 -4.752149105072021484e+00 1.655537009239196777e+00 0.000000000000000000e+00 0.000000000000000000e+00 0.000000000000000000e+00 1.000000000000000000e+00
1.716292674052144051e+09 -3.599118709564208984e+00 -4.786351680755615234e+00 1.651062965393066406e+00 0.000000000000000000e+00 0.000000000000000000e+00 0.000000000000000000e+00 1.000000000000000000e+00
1.716292674103182077e+09 -3.564775705337524414e+00 -4.823391437530517578e+00 1.645129442214965820e+00 0.000000000000000000e+00 0.000000000000000000e+00 0.000000000000000000e+00 1.000000000000000000e+00
1.716292674152498960e+09 -3.531082391738892046e+00 -4.859408855438232422e+00 1.640255808830261230e+00 0.000000000000000000e+00 0.000000000000000000e+00 0.000000000000000000e+00 1.000000000000000000e+00
1.716292674202683687e+09 -3.497033357620239702e+00 -4.897651195526123047e+00 1.635462880134582297e+00 0.000000000000000000e+00 0.000000000000000000e+00 0.000000000000000000e+00 1.000000000000000000e+00
1.716292674303003311e+09 -3.432147502899169922e+00 -4.981366634368896484e+00 1.624750494956970215e+00 0.000000000000000000e+00 0.000000000000000000e+00 0.000000000000000000e+00 1.000000000000000000e+00
1.716292674353165865e+09 -3.396781682968140093e+00 -5.019001007080078125e+00 1.619082093238830566e+00 0.000000000000000000e+00 0.000000000000000000e+00 0.000000000000000000e+00 1.000000000000000000e+00
1.716292674403267145e+09 -3.360721111297607422e+00 -5.056590080261231357e+00 1.613331079483032227e+00 0.000000000000000000e+00 0.000000000000000000e+00 0.000000000000000000e+00 1.000000000000000000e+00
1.716292674503850460e+09 -3.329874992370605025e+00 -5.102211475372314453e+00 1.607310414314270020e+00 0.000000000000000000e+00 0.000000000000000000e+00 0.000000000000000000e+00 1.000000000000000000e+00
1.716292674554019690e+09 -3.256452560424804688e+00 -5.174529552459716797e+00 1.593949198722839355e+00 0.000000000000000000e+00 0.000000000000000000e+00 0.000000000000000000e+00 1.000000000000000000e+00
1.716292674604226112e+09 -3.220263719558715820e+00 -5.210211753845214844e+00 1.587103843688964844e+00 0.000000000000000000e+00 0.000000000000000000e+00 0.000000000000000000e+00 1.000000000000000000e+00
1.716292674655362606e+09 -3.189732551574707031e+00 -5.254848003387451172e+00 1.580393671989440918e+00 0.000000000000000000e+00 0.000000000000000000e+00 0.000000000000000000e+00 1.000000000000000000e+00
1.716292674705037117e+09 -3.152633428573608398e+00 -5.288961410522460938e+00 1.573559999465942383e+00 0.000000000000000000e+00 0.000000000000000000e+00 0.000000000000000000e+00 1.000000000000000000e+00
1.716292674755018950e+09 -3.115645170211791992e+00 -5.322545528411865234e+00 1.566521286964416504e+00 0.000000000000000000e+00 0.000000000000000000e+00 0.000000000000000000e+00 1.000000000000000000e+00
1.716292674855329275e+09 -3.048471212387084961e+00 -5.395997524261474609e+00 1.552359580993652344e+00 0.000000000000000000e+00 0.000000000000000000e+00 0.000000000000000000e+00 1.000000000000000000e+00
1.716292674905511856e+09 -3.010650157928466797e+00 -5.428717136383056641e+00 1.545429348945617676e+00 0.000000000000000000e+00 0.000000000000000000e+00 0.000000000000000000e+00 1.000000000000000000e+00
1.716292674955591917e+09 -2.974052667617797852e+00 -5.461454391479492188e+00 1.539038062095642090e+00 0.000000000000000000e+00 0.000000000000000000e+00 0.000000000000000000e+00 1.000000000000000000e+00
1.716292675005840302e+09 -2.939640283584594727e+00 -5.492586135864257812e+00 1.533957481384277122e+00 0.000000000000000000e+00 0.000000000000000000e+00 0.000000000000000000e+00 1.000000000000000000e+00
1.716292675056051731e+09 -2.902149200439453125e+00 -5.523833751678466797e+00 1.528884530067443848e+00 0.000000000000000000e+00 0.000000000000000000e+00 0.000000000000000000e+00 1.000000000000000000e+00
1.716292675106268883e+09 -2.864329338073730469e+00 -5.553709506988525391e+00 1.523885965347290039e+00 0.000000000000000000e+00 0.000000000000000000e+00 0.000000000000000000e+00 1.000000000000000000e+00
1.716292675206532001e+09 -2.793744564056396484e+00 -5.620897769927978516e+00 1.515005588531493919e+00 0.000000000000000000e+00 0.000000000000000000e+00 0.000000000000000000e+00 1.000000000000000000e+00
1.716292675256583929e+09 -2.756447315216064453e+00 -5.648208618164063388e+00 1.510993719100951926e+00 0.000000000000000000e+00 0.000000000000000000e+00 0.000000000000000000e+00 1.000000000000000000e+00
1.716292675306705236e+09 -2.720245838165283203e+00 -5.675733089447021484e+00 1.507386445999145508e+00 0.000000000000000000e+00 0.000000000000000000e+00 0.000000000000000000e+00 1.000000000000000000e+00
1.716292675407154799e+09 -2.652789354324340820e+00 -5.738459587097167969e+00 1.501771092414855957e+00 0.000000000000000000e+00 0.000000000000000000e+00 0.000000000000000000e+00 1.000000000000000000e+00
1.716292675457289457e+09 -2.617178916931152344e+00 -5.766875743865966797e+00 1.500119328498840332e+00 0.000000000000000000e+00 0.000000000000000000e+00 0.000000000000000000e+00 1.000000000000000000e+00
1.716292675507478237e+09 -2.581013202667236328e+00 -5.796294212341308594e+00 1.499139785766601562e+00 0.000000000000000000e+00 0.000000000000000000e+00 0.000000000000000000e+00 1.000000000000000000e+00
1.716292675557528019e+09 -2.544425964355468750e+00 -5.824454307556152344e+00 1.499033331871032715e+00 0.000000000000000000e+00 0.000000000000000000e+00 0.000000000000000000e+00 1.000000000000000000e+00
1.716292675607789993e+09 -2.514186143875122070e+00 -5.865869998931884766e+00 1.499066233634948730e+00 0.000000000000000000e+00 0.000000000000000000e+00 0.000000000000000000e+00 1.000000000000000000e+00
1.716292675659023285e+09 -2.479591608047485352e+00 -5.895766735076904297e+00 1.499397516250610352e+00 0.000000000000000000e+00 0.000000000000000000e+00 0.000000000000000000e+00 1.000000000000000000e+00
1.716292675708132267e+09 -2.444748878479003906e+00 -5.924364089965820312e+00 1.499825239181518555e+00 0.000000000000000000e+00 0.000000000000000000e+00 0.000000000000000000e+00 1.000000000000000000e+00
1.716292675808551788e+09 -2.420055389404296875e+00 -5.970117568969726562e+00 1.499865770339965820e+00 0.000000000000000000e+00 0.000000000000000000e+00 0.000000000000000000e+00 1.000000000000000000e+00
1.716292675858772755e+09 -2.359340190887451172e+00 -6.031974315643311435e+00 1.498125553131103516e+00 0.000000000000000000e+00 0.000000000000000000e+00 0.000000000000000000e+00 1.000000000000000000e+00
1.716292675908842564e+09 -2.306863069534301758e+00 -6.096105575561523438e+00 1.494218349456787109e+00 0.000000000000000000e+00 0.000000000000000000e+00 0.000000000000000000e+00 1.000000000000000000e+00
1.716292676109668255e+09 -2.292859077453613281e+00 -6.147304534912109375e+00 1.492967724800110085e+00 0.000000000000000000e+00 0.000000000000000000e+00 0.000000000000000000e+00 1.000000000000000000e+00
1.716292676712484121e+09 -2.127363443374633789e+00 -6.708775997161865234e+00 1.470227479934692383e+00 0.000000000000000000e+00 0.000000000000000000e+00 0.000000000000000000e+00 1.000000000000000000e+00
1.716292676762148380e+09 -2.127495527267456055e+00 -6.768509387969970703e+00 1.471606612205505371e+00 0.000000000000000000e+00 0.000000000000000000e+00 0.000000000000000000e+00 1.000000000000000000e+00
1.716292676812433004e+09 -2.105804920196533203e+00 -6.823447704315185547e+00 1.474525332450866699e+00 0.000000000000000000e+00 0.000000000000000000e+00 0.000000000000000000e+00 1.000000000000000000e+00
1.716292676912867785e+09 -2.111233472824096680e+00 -6.908607006072998047e+00 1.475844264030456321e+00 0.000000000000000000e+00 0.000000000000000000e+00 0.000000000000000000e+00 1.000000000000000000e+00
1.716292676963171244e+09 -2.100601196289062500e+00 -6.945286273956298828e+00 1.477468848228454590e+00 0.000000000000000000e+00 0.000000000000000000e+00 0.000000000000000000e+00 1.000000000000000000e+00
1.716292677013185978e+09 -2.079836845397949219e+00 -7.026653766632080078e+00 1.480208277702331543e+00 0.000000000000000000e+00 0.000000000000000000e+00 0.000000000000000000e+00 1.000000000000000000e+00
1.716292677063505411e+09 -2.067226886749268022e+00 -7.069973468780517578e+00 1.481806039810180886e+00 0.000000000000000000e+00 0.000000000000000000e+00 0.000000000000000000e+00 1.000000000000000000e+00
1.716292677163889885e+09 -2.064172267913818359e+00 -7.146880149841308594e+00 1.483847022056579590e+00 0.000000000000000000e+00 0.000000000000000000e+00 0.000000000000000000e+00 1.000000000000000000e+00
1.716292677264328480e+09 -2.032845497131348100e+00 -7.231709480285644531e+00 1.487969994544982910e+00 0.000000000000000000e+00 0.000000000000000000e+00 0.000000000000000000e+00 1.000000000000000000e+00
1.716292677314411402e+09 -2.013494014739990234e+00 -7.274478435516357422e+00 1.490395188331604004e+00 0.000000000000000000e+00 0.000000000000000000e+00 0.000000000000000000e+00 1.000000000000000000e+00
1.716292677414940834e+09 -1.984451889991760476e+00 -7.399502277374267578e+00 1.495366692543029785e+00 0.000000000000000000e+00 0.000000000000000000e+00 0.000000000000000000e+00 1.000000000000000000e+00
1.716292677465105057e+09 -1.961601734161376953e+00 -7.445924758911132812e+00 1.497955799102783203e+00 0.000000000000000000e+00 0.000000000000000000e+00 0.000000000000000000e+00 1.000000000000000000e+00
1.716292677565335512e+09 -1.910696148872375710e+00 -7.538590908050537109e+00 1.504835963249206321e+00 0.000000000000000000e+00 0.000000000000000000e+00 0.000000000000000000e+00 1.000000000000000000e+00
1.716292677666061401e+09 -1.893343687057495117e+00 -7.627473354339599609e+00 1.507889866828918457e+00 0.000000000000000000e+00 0.000000000000000000e+00 0.000000000000000000e+00 1.000000000000000000e+00
1.716292677716053009e+09 -1.866098761558532715e+00 -7.677401065826416016e+00 1.511499881744384766e+00 0.000000000000000000e+00 0.000000000000000000e+00 0.000000000000000000e+00 1.000000000000000000e+00
1.716292677766189337e+09 -1.808933854103088379e+00 -7.773205757141113281e+00 1.517303943634033203e+00 0.000000000000000000e+00 0.000000000000000000e+00 0.000000000000000000e+00 1.000000000000000000e+00
1.716292677816232681e+09 -1.779077887535095215e+00 -7.820079326629638672e+00 1.520493865013122559e+00 0.000000000000000000e+00 0.000000000000000000e+00 0.000000000000000000e+00 1.000000000000000000e+00
1.716292677916584492e+09 -1.757007241249084473e+00 -7.904973030090332031e+00 1.523977160453796387e+00 0.000000000000000000e+00 0.000000000000000000e+00 0.000000000000000000e+00 1.000000000000000000e+00
1.716292677966957092e+09 -1.695436954498291016e+00 -7.997093677520751953e+00 1.531115412712097168e+00 0.000000000000000000e+00 0.000000000000000000e+00 0.000000000000000000e+00 1.000000000000000000e+00
1.716292678017351151e+09 -1.664928078651428223e+00 -8.042285919189453125e+00 1.534998416900634766e+00 0.000000000000000000e+00 0.000000000000000000e+00 0.000000000000000000e+00 1.000000000000000000e+00
1.716292678067193747e+09 -1.642654776573181152e+00 -8.125409126281738281e+00 1.539199113845825195e+00 0.000000000000000000e+00 0.000000000000000000e+00 0.000000000000000000e+00 1.000000000000000000e+00
1.716292678117287397e+09 -1.612517237663269043e+00 -8.172189712524414062e+00 1.543268799781799094e+00 0.000000000000000000e+00 0.000000000000000000e+00 0.000000000000000000e+00 1.000000000000000000e+00
1.716292678167953491e+09 -1.583344101905822754e+00 -8.218600273132324219e+00 1.547334909439086914e+00 0.000000000000000000e+00 0.000000000000000000e+00 0.000000000000000000e+00 1.000000000000000000e+00
1.716292678217759132e+09 -1.553220868110656738e+00 -8.263999938964843750e+00 1.551375985145568848e+00 0.000000000000000000e+00 0.000000000000000000e+00 0.000000000000000000e+00 1.000000000000000000e+00
1.716292678318132877e+09 -1.507182717323303223e+00 -8.391354560852050781e+00 1.559061765670776367e+00 0.000000000000000000e+00 0.000000000000000000e+00 0.000000000000000000e+00 1.000000000000000000e+00
1.716292678368327618e+09 -1.480286598205566406e+00 -8.433670997619628906e+00 1.563169956207275391e+00 0.000000000000000000e+00 0.000000000000000000e+00 0.000000000000000000e+00 1.000000000000000000e+00
1.716292678418514729e+09 -1.463107824325561523e+00 -8.509698867797851562e+00 1.566972732543945090e+00 0.000000000000000000e+00 0.000000000000000000e+00 0.000000000000000000e+00 1.000000000000000000e+00
1.716292678468750477e+09 -1.439651489257812500e+00 -8.548148155212402344e+00 1.570138454437256081e+00 0.000000000000000000e+00 0.000000000000000000e+00 0.000000000000000000e+00 1.000000000000000000e+00
1.716292678518950462e+09 -1.417499661445617676e+00 -8.584251403808593750e+00 1.573376178741455078e+00 0.000000000000000000e+00 0.000000000000000000e+00 0.000000000000000000e+00 1.000000000000000000e+00
1.716292678569073200e+09 -1.397473216056823508e+00 -8.620934486389160156e+00 1.576474547386169434e+00 0.000000000000000000e+00 0.000000000000000000e+00 0.000000000000000000e+00 1.000000000000000000e+00
1.716292678619462490e+09 -1.362509489059448242e+00 -8.690234184265136719e+00 1.582975149154663086e+00 0.000000000000000000e+00 0.000000000000000000e+00 0.000000000000000000e+00 1.000000000000000000e+00
1.716292678719562054e+09 -1.352362513542175293e+00 -8.752497673034667969e+00 1.586513876914978027e+00 0.000000000000000000e+00 0.000000000000000000e+00 0.000000000000000000e+00 1.000000000000000000e+00
1.716292678769737482e+09 -1.339131593704223633e+00 -8.782814025878906250e+00 1.590117573738097922e+00 0.000000000000000000e+00 0.000000000000000000e+00 0.000000000000000000e+00 1.000000000000000000e+00
1.716292678819956779e+09 -1.328151702880859375e+00 -8.814778327941894531e+00 1.593661069869995117e+00 0.000000000000000000e+00 0.000000000000000000e+00 0.000000000000000000e+00 1.000000000000000000e+00
1.716292678870054722e+09 -1.319133996963500977e+00 -8.844396591186523438e+00 1.597380876541137695e+00 0.000000000000000000e+00 0.000000000000000000e+00 0.000000000000000000e+00 1.000000000000000000e+00
1.716292678970519781e+09 -1.314944744110107422e+00 -8.892488479614257812e+00 1.601087212562561035e+00 0.000000000000000000e+00 0.000000000000000000e+00 0.000000000000000000e+00 1.000000000000000000e+00
1.716292679020689011e+09 -1.306488156318664551e+00 -8.944181442260742188e+00 1.607671141624450906e+00 0.000000000000000000e+00 0.000000000000000000e+00 0.000000000000000000e+00 1.000000000000000000e+00
1.716292679070920944e+09 -1.305353522300720215e+00 -8.969575881958007812e+00 1.610313534736633301e+00 0.000000000000000000e+00 0.000000000000000000e+00 0.000000000000000000e+00 1.000000000000000000e+00
1.716292679121081114e+09 -1.309600114822387695e+00 -9.015412330627439630e+00 1.612719416618347168e+00 0.000000000000000000e+00 0.000000000000000000e+00 0.000000000000000000e+00 1.000000000000000000e+00
