# timestamp tx ty tz qx qy qz qw
1.716291203835075855e+09 -3.151420354843140093e+00 -5.504965305328369141e+00 6.997504234313964844e-01 0.000000000000000000e+00 0.000000000000000000e+00 0.000000000000000000e+00 1.000000000000000000e+00
1.716291203884829521e+09 -3.151419639587402344e+00 -5.504966259002685547e+00 6.997507810592651367e-01 0.000000000000000000e+00 0.000000000000000000e+00 0.000000000000000000e+00 1.000000000000000000e+00
1.716291203985070705e+09 -3.151420116424560547e+00 -5.504966259002685547e+00 6.997537016868591309e-01 0.000000000000000000e+00 0.000000000000000000e+00 0.000000000000000000e+00 1.000000000000000000e+00
1.716291204035456181e+09 -3.151418685913085938e+00 -5.504967212677001953e+00 6.997546553611755371e-01 0.000000000000000000e+00 0.000000000000000000e+00 0.000000000000000000e+00 1.000000000000000000e+00
1.716291204135745049e+09 -3.151419639587402344e+00 -5.504966735839843750e+00 6.997538805007934570e-01 0.000000000000000000e+00 0.000000000000000000e+00 0.000000000000000000e+00 1.000000000000000000e+00
1.716291204236426353e+09 -3.151419639587402344e+00 -5.504965782165527344e+00 6.997508406639099121e-01 0.000000000000000000e+00 0.000000000000000000e+00 0.000000000000000000e+00 1.000000000000000000e+00
1.716291204286322117e+09 -3.151420831680297852e+00 -5.504965305328369141e+00 6.997510194778442383e-01 0.000000000000000000e+00 0.000000000000000000e+00 0.000000000000000000e+00 1.000000000000000000e+00
1.716291204386719465e+09 -3.151431560516357422e+00 -5.504959106445312500e+00 6.997510790824890137e-01 0.000000000000000000e+00 0.000000000000000000e+00 0.000000000000000000e+00 1.000000000000000000e+00
1.716291204487160921e+09 -3.151445150375366211e+00 -5.504951000213623047e+00 6.997470259666442871e-01 0.000000000000000000e+00 0.000000000000000000e+00 0.000000000000000000e+00 1.000000000000000000e+00
1.716291204537290573e+09 -3.151433229446411133e+00 -5.504958152770996094e+00 6.997496485710144043e-01 0.000000000000000000e+00 0.000000000000000000e+00 0.000000000000000000e+00 1.000000000000000000e+00
1.716291204638081312e+09 -3.151419878005981001e+00 -5.504965305328369141e+00 6.997470855712890625e-01 0.000000000000000000e+00 0.000000000000000000e+00 0.000000000000000000e+00 1.000000000000000000e+00
1.716291204687971354e+09 -3.151420354843140093e+00 -5.504965782165527344e+00 6.997506618499755859e-01 0.000000000000000000e+00 0.000000000000000000e+00 0.000000000000000000e+00 1.000000000000000000e+00
1.716291204738332510e+09 -3.151419639587402344e+00 -5.504966259002685547e+00 6.997517347335815430e-01 0.000000000000000000e+00 0.000000000000000000e+00 0.000000000000000000e+00 1.000000000000000000e+00
1.716291204838692188e+09 -3.151419878005981001e+00 -5.504966259002685547e+00 6.997522115707397461e-01 0.000000000000000000e+00 0.000000000000000000e+00 0.000000000000000000e+00 1.000000000000000000e+00
1.716291204889066935e+09 -3.151444673538208008e+00 -5.504951953887940341e+00 6.997517347335815430e-01 0.000000000000000000e+00 0.000000000000000000e+00 0.000000000000000000e+00 1.000000000000000000e+00
1.716291204939378023e+09 -3.151420354843140093e+00 -5.504965305328369141e+00 6.997476220130920410e-01 0.000000000000000000e+00 0.000000000000000000e+00 0.000000000000000000e+00 1.000000000000000000e+00
1.716291205040474653e+09 -3.151419639587402344e+00 -5.504965782165527344e+00 6.997495293617248535e-01 0.000000000000000000e+00 0.000000000000000000e+00 0.000000000000000000e+00 1.000000000000000000e+00
1.716291205090047598e+09 -3.151438236236572266e+00 -5.504955291748046875e+00 6.997488737106323242e-01 0.000000000000000000e+00 0.000000000000000000e+00 0.000000000000000000e+00 1.000000000000000000e+00
1.716291205140251398e+09 -3.151420116424560547e+00 -5.504965305328369141e+00 6.997476220130920410e-01 0.000000000000000000e+00 0.000000000000000000e+00 0.000000000000000000e+00 1.000000000000000000e+00
1.716291205240770578e+09 -3.151420354843140093e+00 -5.504965305328369141e+00 6.997485160827636719e-01 0.000000000000000000e+00 0.000000000000000000e+00 0.000000000000000000e+00 1.000000000000000000e+00
1.716291205291061401e+09 -3.151419162750244141e+00 -5.504965782165527344e+00 6.997485756874084473e-01 0.000000000000000000e+00 0.000000000000000000e+00 0.000000000000000000e+00 1.000000000000000000e+00
1.716291205341284513e+09 -3.151419639587402344e+00 -5.504965782165527344e+00 6.997489929199218750e-01 0.000000000000000000e+00 0.000000000000000000e+00 0.000000000000000000e+00 1.000000000000000000e+00
1.716291205441621304e+09 -3.151446819305419922e+00 -5.504950523376464844e+00 6.997498273849487305e-01 0.000000000000000000e+00 0.000000000000000000e+00 0.000000000000000000e+00 1.000000000000000000e+00
1.716291205491837025e+09 -3.151424646377563477e+00 -5.504963397979736328e+00 6.997512578964233398e-01 0.000000000000000000e+00 0.000000000000000000e+00 0.000000000000000000e+00 1.000000000000000000e+00
1.716291205541965961e+09 -3.151420354843140093e+00 -5.504966259002685547e+00 6.997535228729248047e-01 0.000000000000000000e+00 0.000000000000000000e+00 0.000000000000000000e+00 1.000000000000000000e+00
1.716291205642547131e+09 -3.151419878005981001e+00 -5.504966259002685547e+00 6.997522115707397461e-01 0.000000000000000000e+00 0.000000000000000000e+00 0.000000000000000000e+00 1.000000000000000000e+00
1.716291205742956400e+09 -3.151421546936035156e+00 -5.504969596862792969e+00 6.997828483581542969e-01 0.000000000000000000e+00 0.000000000000000000e+00 0.000000000000000000e+00 1.000000000000000000e+00
1.716291205793143272e+09 -3.151420116424560547e+00 -5.504966735839843750e+00 6.997584700584411621e-01 0.000000000000000000e+00 0.000000000000000000e+00 0.000000000000000000e+00 1.000000000000000000e+00
1.716291205843410254e+09 -3.151420354843140093e+00 -5.504965782165527344e+00 6.997510790824890137e-01 0.000000000000000000e+00 0.000000000000000000e+00 0.000000000000000000e+00 1.000000000000000000e+00
1.716291205943846464e+09 -3.151419401168823242e+00 -5.504965782165527344e+00 6.997467875480651855e-01 0.000000000000000000e+00 0.000000000000000000e+00 0.000000000000000000e+00 1.000000000000000000e+00
1.716291205994277716e+09 -3.151418685913085938e+00 -5.504966259002685547e+00 6.997493505477905273e-01 0.000000000000000000e+00 0.000000000000000000e+00 0.000000000000000000e+00 1.000000000000000000e+00
1.716291206044131279e+09 -3.151420831680297852e+00 -5.504964828491210938e+00 6.997473835945129395e-01 0.000000000000000000e+00 0.000000000000000000e+00 0.000000000000000000e+00 1.000000000000000000e+00
1.716291206094615698e+09 -3.151419639587402344e+00 -5.504965782165527344e+00 6.997483372688293457e-01 0.000000000000000000e+00 0.000000000000000000e+00 0.000000000000000000e+00 1.000000000000000000e+00
1.716291206145368338e+09 -3.151419401168823242e+00 -5.504965782165527344e+00 6.997485160827636719e-01 0.000000000000000000e+00 0.000000000000000000e+00 0.000000000000000000e+00 1.000000000000000000e+00
1.716291206245203733e+09 -3.151419401168823242e+00 -5.504966735839843750e+00 6.997546553611755371e-01 0.000000000000000000e+00 0.000000000000000000e+00 0.000000000000000000e+00 1.000000000000000000e+00
1.716291206345492125e+09 -3.151419639587402344e+00 -5.504966259002685547e+00 6.997533440589904785e-01 0.000000000000000000e+00 0.000000000000000000e+00 0.000000000000000000e+00 1.000000000000000000e+00
1.716291206445923328e+09 -3.151419639587402344e+00 -5.504966259002685547e+00 6.997516751289367676e-01 0.000000000000000000e+00 0.000000000000000000e+00 0.000000000000000000e+00 1.000000000000000000e+00
1.716291206496244192e+09 -3.151420831680297852e+00 -5.504965305328369141e+00 6.997513771057128906e-01 0.000000000000000000e+00 0.000000000000000000e+00 0.000000000000000000e+00 1.000000000000000000e+00
1.716291206546644926e+09 -3.151420593261718750e+00 -5.504965305328369141e+00 6.997505426406860352e-01 0.000000000000000000e+00 0.000000000000000000e+00 0.000000000000000000e+00 1.000000000000000000e+00
1.716291206647007465e+09 -3.151420354843140093e+00 -5.504965782165527344e+00 6.997506022453308105e-01 0.000000000000000000e+00 0.000000000000000000e+00 0.000000000000000000e+00 1.000000000000000000e+00
1.716291206698010921e+09 -3.151419639587402344e+00 -5.504965782165527344e+00 6.997495293617248535e-01 0.000000000000000000e+00 0.000000000000000000e+00 0.000000000000000000e+00 1.000000000000000000e+00
1.716291206747518063e+09 -3.151418685913085938e+00 -5.504966735839843750e+00 6.997501850128173828e-01 0.000000000000000000e+00 0.000000000000000000e+00 0.000000000000000000e+00 1.000000000000000000e+00
1.716291206797670841e+09 -3.151419162750244141e+00 -5.504966259002685547e+00 6.997503638267517090e-01 0.000000000000000000e+00 0.000000000000000000e+00 0.000000000000000000e+00 1.000000000000000000e+00
1.716291206847767830e+09 -3.151419162750244141e+00 -5.504966259002685547e+00 6.997506022453308105e-01 0.000000000000000000e+00 0.000000000000000000e+00 0.000000000000000000e+00 1.000000000000000000e+00
1.716291206898112774e+09 -3.151420831680297852e+00 -5.504965305328369141e+00 6.997496485710144043e-01 0.000000000000000000e+00 0.000000000000000000e+00 0.000000000000000000e+00 1.000000000000000000e+00
1.716291206948382139e+09 -3.151419401168823242e+00 -5.504965782165527344e+00 6.997492313385009766e-01 0.000000000000000000e+00 0.000000000000000000e+00 0.000000000000000000e+00 1.000000000000000000e+00
1.716291206998712063e+09 -3.151420116424560547e+00 -5.504965782165527344e+00 6.997491717338562012e-01 0.000000000000000000e+00 0.000000000000000000e+00 0.000000000000000000e+00 1.000000000000000000e+00
1.716291207048837423e+09 -3.151419639587402344e+00 -5.504966259002685547e+00 6.997514367103576660e-01 0.000000000000000000e+00 0.000000000000000000e+00 0.000000000000000000e+00 1.000000000000000000e+00
1.716291207099487543e+09 -3.151417970657348633e+00 -5.504966735839843750e+00 6.997489333152770996e-01 0.000000000000000000e+00 0.000000000000000000e+00 0.000000000000000000e+00 1.000000000000000000e+00
1.716291207200222015e+09 -3.151446104049682617e+00 -5.504950046539306641e+00 6.997463107109069824e-01 0.000000000000000000e+00 0.000000000000000000e+00 0.000000000000000000e+00 1.000000000000000000e+00
1.716291207300723791e+09 -3.151422977447509766e+00 -5.504963397979736328e+00 6.997454762458801270e-01 0.000000000000000000e+00 0.000000000000000000e+00 0.000000000000000000e+00 1.000000000000000000e+00
1.716291207350690365e+09 -3.151419878005981001e+00 -5.504964828491210938e+00 6.997440457344055176e-01 0.000000000000000000e+00 0.000000000000000000e+00 0.000000000000000000e+00 1.000000000000000000e+00
1.716291207400917292e+09 -3.151421546936035156e+00 -5.504964351654052734e+00 6.997452378273010254e-01 0.000000000000000000e+00 0.000000000000000000e+00 0.000000000000000000e+00 1.000000000000000000e+00
1.716291207450950861e+09 -3.151419878005981001e+00 -5.504966735839843750e+00 6.997559070587158203e-01 0.000000000000000000e+00 0.000000000000000000e+00 0.000000000000000000e+00 1.000000000000000000e+00
1.716291207501559496e+09 -3.151419878005981001e+00 -5.504966735839843750e+00 6.997554302215576172e-01 0.000000000000000000e+00 0.000000000000000000e+00 0.000000000000000000e+00 1.000000000000000000e+00
1.716291207551146984e+09 -3.151419878005981001e+00 -5.504966735839843750e+00 6.997560858726501465e-01 0.000000000000000000e+00 0.000000000000000000e+00 0.000000000000000000e+00 1.000000000000000000e+00
1.716291207602210999e+09 -3.151421308517456055e+00 -5.504965782165527344e+00 6.997559070587158203e-01 0.000000000000000000e+00 0.000000000000000000e+00 0.000000000000000000e+00 1.000000000000000000e+00
1.716291207651783466e+09 -3.151419401168823242e+00 -5.504966735839843750e+00 6.997547745704650879e-01 0.000000000000000000e+00 0.000000000000000000e+00 0.000000000000000000e+00 1.000000000000000000e+00
1.716291207752882004e+09 -3.151419401168823242e+00 -5.504967212677001953e+00 6.997572779655456543e-01 0.000000000000000000e+00 0.000000000000000000e+00 0.000000000000000000e+00 1.000000000000000000e+00
1.716291207802623510e+09 -3.151419639587402344e+00 -5.504967212677001953e+00 6.997584700584411621e-01 0.000000000000000000e+00 0.000000000000000000e+00 0.000000000000000000e+00 1.000000000000000000e+00
1.716291207852061510e+09 -3.151418447494506836e+00 -5.504967689514160156e+00 6.997574567794799805e-01 0.000000000000000000e+00 0.000000000000000000e+00 0.000000000000000000e+00 1.000000000000000000e+00
1.716291207902797222e+09 -3.151418924331665039e+00 -5.504967212677001953e+00 6.997572779655456543e-01 0.000000000000000000e+00 0.000000000000000000e+00 0.000000000000000000e+00 1.000000000000000000e+00
1.716291207953056812e+09 -3.151419639587402344e+00 -5.504966735839843750e+00 6.997569799423217773e-01 0.000000000000000000e+00 0.000000000000000000e+00 0.000000000000000000e+00 1.000000000000000000e+00
1.716291208002955675e+09 -3.151419401168823242e+00 -5.504967212677001953e+00 6.997565627098083496e-01 0.000000000000000000e+00 0.000000000000000000e+00 0.000000000000000000e+00 1.000000000000000000e+00
1.716291208053491354e+09 -3.151419401168823242e+00 -5.504966735839843750e+00 6.997563838958740234e-01 0.000000000000000000e+00 0.000000000000000000e+00 0.000000000000000000e+00 1.000000000000000000e+00
1.716291208103353739e+09 -3.151419401168823242e+00 -5.504967212677001953e+00 6.997568011283874512e-01 0.000000000000000000e+00 0.000000000000000000e+00 0.000000000000000000e+00 1.000000000000000000e+00
1.716291208153592110e+09 -3.151419639587402344e+00 -5.504966735839843750e+00 6.997556686401367188e-01 0.000000000000000000e+00 0.000000000000000000e+00 0.000000000000000000e+00 1.000000000000000000e+00
1.716291208203908205e+09 -3.151419639587402344e+00 -5.504966259002685547e+00 6.997513771057128906e-01 0.000000000000000000e+00 0.000000000000000000e+00 0.000000000000000000e+00 1.000000000000000000e+00
1.716291208254318953e+09 -3.151420354843140093e+00 -5.504965782165527344e+00 6.997514963150024414e-01 0.000000000000000000e+00 0.000000000000000000e+00 0.000000000000000000e+00 1.000000000000000000e+00
1.716291208304523230e+09 -3.151420116424560547e+00 -5.504966259002685547e+00 6.997526288032531738e-01 0.000000000000000000e+00 0.000000000000000000e+00 0.000000000000000000e+00 1.000000000000000000e+00
1.716291208354651928e+09 -3.151419639587402344e+00 -5.504966259002685547e+00 6.997511982917785645e-01 0.000000000000000000e+00 0.000000000000000000e+00 0.000000000000000000e+00 1.000000000000000000e+00
1.716291208404580355e+09 -3.151419401168823242e+00 -5.504966259002685547e+00 6.997507214546203613e-01 0.000000000000000000e+00 0.000000000000000000e+00 0.000000000000000000e+00 1.000000000000000000e+00
1.716291208454768658e+09 -3.151419401168823242e+00 -5.504966259002685547e+00 6.997527480125427246e-01 0.000000000000000000e+00 0.000000000000000000e+00 0.000000000000000000e+00 1.000000000000000000e+00
1.716291208505371332e+09 -3.151418685913085938e+00 -5.504967212677001953e+00 6.997546553611755371e-01 0.000000000000000000e+00 0.000000000000000000e+00 0.000000000000000000e+00 1.000000000000000000e+00
1.716291208605436325e+09 -3.151419639587402344e+00 -5.504966259002685547e+00 6.997526288032531738e-01 0.000000000000000000e+00 0.000000000000000000e+00 0.000000000000000000e+00 1.000000000000000000e+00
1.716291208655623674e+09 -3.151420593261718750e+00 -5.504965782165527344e+00 6.997524499893188477e-01 0.000000000000000000e+00 0.000000000000000000e+00 0.000000000000000000e+00 1.000000000000000000e+00
1.716291208706604242e+09 -3.151419878005981001e+00 -5.504966259002685547e+00 6.997527480125427246e-01 0.000000000000000000e+00 0.000000000000000000e+00 0.000000000000000000e+00 1.000000000000000000e+00
1.716291208756266594e+09 -3.151419639587402344e+00 -5.504966259002685547e+00 6.997517943382263184e-01 0.000000000000000000e+00 0.000000000000000000e+00 0.000000000000000000e+00 1.000000000000000000e+00
1.716291208806728363e+09 -3.151419639587402344e+00 -5.504966259002685547e+00 6.997523307800292969e-01 0.000000000000000000e+00 0.000000000000000000e+00 0.000000000000000000e+00 1.000000000000000000e+00
1.716291208856746435e+09 -3.151419878005981001e+00 -5.504966259002685547e+00 6.997517943382263184e-01 0.000000000000000000e+00 0.000000000000000000e+00 0.000000000000000000e+00 1.000000000000000000e+00
1.716291208906919956e+09 -3.151419878005981001e+00 -5.504966259002685547e+00 6.997520327568054199e-01 0.000000000000000000e+00 0.000000000000000000e+00 0.000000000000000000e+00 1.000000000000000000e+00
1.716291208957025766e+09 -3.151419401168823242e+00 -5.504966259002685547e+00 6.997522115707397461e-01 0.000000000000000000e+00 0.000000000000000000e+00 0.000000000000000000e+00 1.000000000000000000e+00
1.716291209007834196e+09 -3.151419639587402344e+00 -5.504966259002685547e+00 6.997522115707397461e-01 0.000000000000000000e+00 0.000000000000000000e+00 0.000000000000000000e+00 1.000000000000000000e+00
1.716291209057703733e+09 -3.151420116424560547e+00 -5.504965782165527344e+00 6.997519135475158691e-01 0.000000000000000000e+00 0.000000000000000000e+00 0.000000000000000000e+00 1.000000000000000000e+00
1.716291209107900858e+09 -3.151420354843140093e+00 -5.504965782165527344e+00 6.997530460357666016e-01 0.000000000000000000e+00 0.000000000000000000e+00 0.000000000000000000e+00 1.000000000000000000e+00
1.716291209158159256e+09 -3.151421546936035156e+00 -5.504965782165527344e+00 6.997551321983337402e-01 0.000000000000000000e+00 0.000000000000000000e+00 0.000000000000000000e+00 1.000000000000000000e+00
1.716291209258506060e+09 -3.151419878005981001e+00 -5.504970550537109375e+00 6.997838616371154785e-01 0.000000000000000000e+00 0.000000000000000000e+00 0.000000000000000000e+00 1.000000000000000000e+00
1.716291209309389114e+09 -3.151419162750244141e+00 -5.504966735839843750e+00 6.997526884078979492e-01 0.000000000000000000e+00 0.000000000000000000e+00 0.000000000000000000e+00 1.000000000000000000e+00
1.716291209359274149e+09 -3.151420831680297852e+00 -5.504967689514160156e+00 6.997663378715515137e-01 0.000000000000000000e+00 0.000000000000000000e+00 0.000000000000000000e+00 1.000000000000000000e+00
1.716291209409489870e+09 -3.151420831680297852e+00 -5.504969596862792969e+00 6.997823715209960938e-01 0.000000000000000000e+00 0.000000000000000000e+00 0.000000000000000000e+00 1.000000000000000000e+00
1.716291209459755659e+09 -3.151419639587402344e+00 -5.504966735839843750e+00 6.997572779655456543e-01 0.000000000000000000e+00 0.000000000000000000e+00 0.000000000000000000e+00 1.000000000000000000e+00
1.716291209510565996e+09 -3.151420354843140093e+00 -5.504971027374267578e+00 6.997890472412109375e-01 0.000000000000000000e+00 0.000000000000000000e+00 0.000000000000000000e+00 1.000000000000000000e+00
1.716291209560536623e+09 -3.151418209075928178e+00 -5.504968166351318359e+00 6.997585892677307129e-01 0.000000000000000000e+00 0.000000000000000000e+00 0.000000000000000000e+00 1.000000000000000000e+00
1.716291209610576630e+09 -3.151410102844238281e+00 -5.504972457885742188e+00 6.997576951980590820e-01 0.000000000000000000e+00 0.000000000000000000e+00 0.000000000000000000e+00 1.000000000000000000e+00
1.716291209711154222e+09 -3.151419639587402344e+00 -5.504966735839843750e+00 6.997554898262023926e-01 0.000000000000000000e+00 0.000000000000000000e+00 0.000000000000000000e+00 1.000000000000000000e+00
1.716291209760984659e+09 -3.151419401168823242e+00 -5.504966735839843750e+00 6.997541785240173340e-01 0.000000000000000000e+00 0.000000000000000000e+00 0.000000000000000000e+00 1.000000000000000000e+00
1.716291209811458588e+09 -3.151420593261718750e+00 -5.504966259002685547e+00 6.997544765472412109e-01 0.000000000000000000e+00 0.000000000000000000e+00 0.000000000000000000e+00 1.000000000000000000e+00
1.716291209861509800e+09 -3.151419878005981001e+00 -5.504966735839843750e+00 6.997549533843994141e-01 0.000000000000000000e+00 0.000000000000000000e+00 0.000000000000000000e+00 1.000000000000000000e+00
1.716291209912207603e+09 -3.151420593261718750e+00 -5.504966259002685547e+00 6.997554898262023926e-01 0.000000000000000000e+00 0.000000000000000000e+00 0.000000000000000000e+00 1.000000000000000000e+00
1.716291209962023020e+09 -3.151419401168823242e+00 -5.504967212677001953e+00 6.997575759887695312e-01 0.000000000000000000e+00 0.000000000000000000e+00 0.000000000000000000e+00 1.000000000000000000e+00
1.716291210013314009e+09 -3.151420354843140093e+00 -5.504966259002685547e+00 6.997562646865844727e-01 0.000000000000000000e+00 0.000000000000000000e+00 0.000000000000000000e+00 1.000000000000000000e+00
1.716291210062419891e+09 -3.151419639587402344e+00 -5.504966735839843750e+00 6.997554898262023926e-01 0.000000000000000000e+00 0.000000000000000000e+00 0.000000000000000000e+00 1.000000000000000000e+00
1.716291210112670660e+09 -3.151419401168823242e+00 -5.504967212677001953e+00 6.997572779655456543e-01 0.000000000000000000e+00 0.000000000000000000e+00 0.000000000000000000e+00 1.000000000000000000e+00
1.716291210162914276e+09 -3.151419639587402344e+00 -5.504967212677001953e+00 6.997582316398620605e-01 0.000000000000000000e+00 0.000000000000000000e+00 0.000000000000000000e+00 1.000000000000000000e+00
1.716291210263290167e+09 -3.151420116424560547e+00 -5.504966735839843750e+00 6.997565031051635742e-01 0.000000000000000000e+00 0.000000000000000000e+00 0.000000000000000000e+00 1.000000000000000000e+00
1.716291210314171791e+09 -3.151419878005981001e+00 -5.504966735839843750e+00 6.997566223144531250e-01 0.000000000000000000e+00 0.000000000000000000e+00 0.000000000000000000e+00 1.000000000000000000e+00
1.716291210365709066e+09 -3.151418924331665039e+00 -5.504967212677001953e+00 6.997554898262023926e-01 0.000000000000000000e+00 0.000000000000000000e+00 0.000000000000000000e+00 1.000000000000000000e+00
1.716291210414207220e+09 -3.151419878005981001e+00 -5.504967212677001953e+00 6.997582912445068359e-01 0.000000000000000000e+00 0.000000000000000000e+00 0.000000000000000000e+00 1.000000000000000000e+00
1.716291210464335203e+09 -3.151419639587402344e+00 -5.504966735839843750e+00 6.997546553611755371e-01 0.000000000000000000e+00 0.000000000000000000e+00 0.000000000000000000e+00 1.000000000000000000e+00
1.716291210515133858e+09 -3.151420593261718750e+00 -5.504966259002685547e+00 6.997553110122680664e-01 0.000000000000000000e+00 0.000000000000000000e+00 0.000000000000000000e+00 1.000000000000000000e+00
1.716291210614975452e+09 -3.151420354843140093e+00 -5.504966259002685547e+00 6.997541785240173340e-01 0.000000000000000000e+00 0.000000000000000000e+00 0.000000000000000000e+00 1.000000000000000000e+00
1.716291210665231705e+09 -3.151409864425659180e+00 -5.504971981048583984e+00 6.997541189193725586e-01 0.000000000000000000e+00 0.000000000000000000e+00 0.000000000000000000e+00 1.000000000000000000e+00
1.716291210715710640e+09 -3.151393175125122070e+00 -5.504981517791748047e+00 6.997534036636352539e-01 0.000000000000000000e+00 0.000000000000000000e+00 0.000000000000000000e+00 1.000000000000000000e+00
1.716291210816021204e+09 -3.151420831680297852e+00 -5.504968643188476562e+00 6.997746229171752930e-01 0.000000000000000000e+00 0.000000000000000000e+00 0.000000000000000000e+00 1.000000000000000000e+00
1.716291210865939140e+09 -3.151419401168823242e+00 -5.504966735839843750e+00 6.997553110122680664e-01 0.000000000000000000e+00 0.000000000000000000e+00 0.000000000000000000e+00 1.000000000000000000e+00
1.716291210916370630e+09 -3.151419401168823242e+00 -5.504966735839843750e+00 6.997544169425964355e-01 0.000000000000000000e+00 0.000000000000000000e+00 0.000000000000000000e+00 1.000000000000000000e+00
1.716291210966512918e+09 -3.151420593261718750e+00 -5.504966259002685547e+00 6.997554898262023926e-01 0.000000000000000000e+00 0.000000000000000000e+00 0.000000000000000000e+00 1.000000000000000000e+00
1.716291211066784143e+09 -3.151419878005981001e+00 -5.504966735839843750e+00 6.997563242912292480e-01 0.000000000000000000e+00 0.000000000000000000e+00 0.000000000000000000e+00 1.000000000000000000e+00
1.716291211117237568e+09 -3.151419639587402344e+00 -5.504966735839843750e+00 6.997550725936889648e-01 0.000000000000000000e+00 0.000000000000000000e+00 0.000000000000000000e+00 1.000000000000000000e+00
1.716291211167645693e+09 -3.151420116424560547e+00 -5.504966735839843750e+00 6.997566819190979004e-01 0.000000000000000000e+00 0.000000000000000000e+00 0.000000000000000000e+00 1.000000000000000000e+00
1.716291211267967463e+09 -3.151419878005981001e+00 -5.504966735839843750e+00 6.997567415237426758e-01 0.000000000000000000e+00 0.000000000000000000e+00 0.000000000000000000e+00 1.000000000000000000e+00
1.716291211318421841e+09 -3.151420831680297852e+00 -5.504966259002685547e+00 6.997570395469665527e-01 0.000000000000000000e+00 0.000000000000000000e+00 0.000000000000000000e+00 1.000000000000000000e+00
1.716291211368423223e+09 -3.151394367218017578e+00 -5.504981040954589844e+00 6.997544765472412109e-01 0.000000000000000000e+00 0.000000000000000000e+00 0.000000000000000000e+00 1.000000000000000000e+00
1.716291211469321728e+09 -3.151418924331665039e+00 -5.504967212677001953e+00 6.997569203376770020e-01 0.000000000000000000e+00 0.000000000000000000e+00 0.000000000000000000e+00 1.000000000000000000e+00
1.716291211520162344e+09 -3.151420116424560547e+00 -5.504966735839843750e+00 6.997575759887695312e-01 0.000000000000000000e+00 0.000000000000000000e+00 0.000000000000000000e+00 1.000000000000000000e+00
1.716291211569431782e+09 -3.151420116424560547e+00 -5.504966735839843750e+00 6.997583508491516113e-01 0.000000000000000000e+00 0.000000000000000000e+00 0.000000000000000000e+00 1.000000000000000000e+00
1.716291211619589090e+09 -3.151419878005981001e+00 -5.504966735839843750e+00 6.997565627098083496e-01 0.000000000000000000e+00 0.000000000000000000e+00 0.000000000000000000e+00 1.000000000000000000e+00
1.716291211720634699e+09 -3.151419878005981001e+00 -5.504966735839843750e+00 6.997558474540710449e-01 0.000000000000000000e+00 0.000000000000000000e+00 0.000000000000000000e+00 1.000000000000000000e+00
1.716291211770469904e+09 -3.151419878005981001e+00 -5.504966735839843750e+00 6.997566223144531250e-01 0.000000000000000000e+00 0.000000000000000000e+00 0.000000000000000000e+00 1.000000000000000000e+00
1.716291211821042776e+09 -3.151419639587402344e+00 -5.504966735839843750e+00 6.997566819190979004e-01 0.000000000000000000e+00 0.000000000000000000e+00 0.000000000000000000e+00 1.000000000000000000e+00
1.716291211921174526e+09 -3.151418685913085938e+00 -5.504967689514160156e+00 6.997569203376770020e-01 0.000000000000000000e+00 0.000000000000000000e+00 0.000000000000000000e+00 1.000000000000000000e+00
1.716291211971518278e+09 -3.151399135589600053e+00 -5.504978179931640625e+00 6.997547745704650879e-01 0.000000000000000000e+00 0.000000000000000000e+00 0.000000000000000000e+00 1.000000000000000000e+00
1.716291212022081852e+09 -3.151420116424560547e+00 -5.504966259002685547e+00 6.997531652450561523e-01 0.000000000000000000e+00 0.000000000000000000e+00 0.000000000000000000e+00 1.000000000000000000e+00
1.716291212071806431e+09 -3.151420116424560547e+00 -5.504966259002685547e+00 6.997550129890441895e-01 0.000000000000000000e+00 0.000000000000000000e+00 0.000000000000000000e+00 1.000000000000000000e+00
1.716291212121997833e+09 -3.151419639587402344e+00 -5.504966735839843750e+00 6.997545361518859863e-01 0.000000000000000000e+00 0.000000000000000000e+00 0.000000000000000000e+00 1.000000000000000000e+00
1.716291212172287464e+09 -3.151420116424560547e+00 -5.504966735839843750e+00 6.997565031051635742e-01 0.000000000000000000e+00 0.000000000000000000e+00 0.000000000000000000e+00 1.000000000000000000e+00
1.716291212222663164e+09 -3.151419878005981001e+00 -5.504966259002685547e+00 6.997530460357666016e-01 0.000000000000000000e+00 0.000000000000000000e+00 0.000000000000000000e+00 1.000000000000000000e+00
1.716291212272721291e+09 -3.151419878005981001e+00 -5.504966735839843750e+00 6.997548937797546387e-01 0.000000000000000000e+00 0.000000000000000000e+00 0.000000000000000000e+00 1.000000000000000000e+00
1.716291212322801352e+09 -3.151419401168823242e+00 -5.504966735839843750e+00 6.997531056404113770e-01 0.000000000000000000e+00 0.000000000000000000e+00 0.000000000000000000e+00 1.000000000000000000e+00
1.716291212372957468e+09 -3.151394128799438477e+00 -5.504981040954589844e+00 6.997535228729248047e-01 0.000000000000000000e+00 0.000000000000000000e+00 0.000000000000000000e+00 1.000000000000000000e+00
1.716291212473383188e+09 -3.151419639587402344e+00 -5.504967212677001953e+00 6.997573375701904297e-01 0.000000000000000000e+00 0.000000000000000000e+00 0.000000000000000000e+00 1.000000000000000000e+00
1.716291212524127245e+09 -3.151419401168823242e+00 -5.504966735839843750e+00 6.997551321983337402e-01 0.000000000000000000e+00 0.000000000000000000e+00 0.000000000000000000e+00 1.000000000000000000e+00
1.716291212573697805e+09 -3.151419401168823242e+00 -5.504966735839843750e+00 6.997557282447814941e-01 0.000000000000000000e+00 0.000000000000000000e+00 0.000000000000000000e+00 1.000000000000000000e+00
1.716291212674345493e+09 -3.151419401168823242e+00 -5.504966735839843750e+00 6.997565627098083496e-01 0.000000000000000000e+00 0.000000000000000000e+00 0.000000000000000000e+00 1.000000000000000000e+00
1.716291212724892855e+09 -3.151419401168823242e+00 -5.504966735839843750e+00 6.997546553611755371e-01 0.000000000000000000e+00 0.000000000000000000e+00 0.000000000000000000e+00 1.000000000000000000e+00
1.716291212824899912e+09 -3.151420116424560547e+00 -5.504966259002685547e+00 6.997540593147277832e-01 0.000000000000000000e+00 0.000000000000000000e+00 0.000000000000000000e+00 1.000000000000000000e+00
1.716291212875031233e+09 -3.151420593261718750e+00 -5.504965782165527344e+00 6.997544169425964355e-01 0.000000000000000000e+00 0.000000000000000000e+00 0.000000000000000000e+00 1.000000000000000000e+00
1.716291212925549746e+09 -3.151420116424560547e+00 -5.504966259002685547e+00 6.997553706169128418e-01 0.000000000000000000e+00 0.000000000000000000e+00 0.000000000000000000e+00 1.000000000000000000e+00
1.716291212975663662e+09 -3.151421070098876953e+00 -5.504966259002685547e+00 6.997570991516113281e-01 0.000000000000000000e+00 0.000000000000000000e+00 0.000000000000000000e+00 1.000000000000000000e+00
1.716291213025725365e+09 -3.151420116424560547e+00 -5.504966735839843750e+00 6.997561454772949219e-01 0.000000000000000000e+00 0.000000000000000000e+00 0.000000000000000000e+00 1.000000000000000000e+00
1.716291213075937986e+09 -3.151419401168823242e+00 -5.504967212677001953e+00 6.997584104537963867e-01 0.000000000000000000e+00 0.000000000000000000e+00 0.000000000000000000e+00 1.000000000000000000e+00
1.716291213126289606e+09 -3.151420593261718750e+00 -5.504966259002685547e+00 6.997570991516113281e-01 0.000000000000000000e+00 0.000000000000000000e+00 0.000000000000000000e+00 1.000000000000000000e+00
1.716291213226591825e+09 -3.151419401168823242e+00 -5.504966735839843750e+00 6.997541785240173340e-01 0.000000000000000000e+00 0.000000000000000000e+00 0.000000000000000000e+00 1.000000000000000000e+00
1.716291213276774883e+09 -3.151419639587402344e+00 -5.504966735839843750e+00 6.997539997100830078e-01 0.000000000000000000e+00 0.000000000000000000e+00 0.000000000000000000e+00 1.000000000000000000e+00
1.716291213326865911e+09 -3.151419401168823242e+00 -5.504966735839843750e+00 6.997554302215576172e-01 0.000000000000000000e+00 0.000000000000000000e+00 0.000000000000000000e+00 1.000000000000000000e+00
1.716291213428470373e+09 -3.151420593261718750e+00 -5.504966259002685547e+00 6.997553110122680664e-01 0.000000000000000000e+00 0.000000000000000000e+00 0.000000000000000000e+00 1.000000000000000000e+00
1.716291213478015423e+09 -3.151419639587402344e+00 -5.504966735839843750e+00 6.997550725936889648e-01 0.000000000000000000e+00 0.000000000000000000e+00 0.000000000000000000e+00 1.000000000000000000e+00
1.716291213528186560e+09 -3.151419639587402344e+00 -5.504966735839843750e+00 6.997550725936889648e-01 0.000000000000000000e+00 0.000000000000000000e+00 0.000000000000000000e+00 1.000000000000000000e+00
1.716291213578123569e+09 -3.151419878005981001e+00 -5.504966735839843750e+00 6.997563838958740234e-01 0.000000000000000000e+00 0.000000000000000000e+00 0.000000000000000000e+00 1.000000000000000000e+00
1.716291213628190756e+09 -3.151419878005981001e+00 -5.504966735839843750e+00 6.997560262680053711e-01 0.000000000000000000e+00 0.000000000000000000e+00 0.000000000000000000e+00 1.000000000000000000e+00
1.716291213678417921e+09 -3.151419401168823242e+00 -5.504966735839843750e+00 6.997553706169128418e-01 0.000000000000000000e+00 0.000000000000000000e+00 0.000000000000000000e+00 1.000000000000000000e+00
1.716291213728769302e+09 -3.151420354843140093e+00 -5.504966259002685547e+00 6.997564435005187988e-01 0.000000000000000000e+00 0.000000000000000000e+00 0.000000000000000000e+00 1.000000000000000000e+00
1.716291213779042006e+09 -3.151419401168823242e+00 -5.504966735839843750e+00 6.997553706169128418e-01 0.000000000000000000e+00 0.000000000000000000e+00 0.000000000000000000e+00 1.000000000000000000e+00
1.716291213829831839e+09 -3.151395320892333984e+00 -5.504980564117431641e+00 6.997540593147277832e-01 0.000000000000000000e+00 0.000000000000000000e+00 0.000000000000000000e+00 1.000000000000000000e+00
1.716291213879648209e+09 -3.151393651962280273e+00 -5.504981517791748047e+00 6.997561454772949219e-01 0.000000000000000000e+00 0.000000000000000000e+00 0.000000000000000000e+00 1.000000000000000000e+00
1.716291213929580450e+09 -3.151399374008178711e+00 -5.504978179931640625e+00 6.997538208961486816e-01 0.000000000000000000e+00 0.000000000000000000e+00 0.000000000000000000e+00 1.000000000000000000e+00
1.716291213979884148e+09 -3.151419639587402344e+00 -5.504966735839843750e+00 6.997553706169128418e-01 0.000000000000000000e+00 0.000000000000000000e+00 0.000000000000000000e+00 1.000000000000000000e+00
1.716291214030095577e+09 -3.151463985443115234e+00 -5.504941463470458984e+00 6.997567415237426758e-01 0.000000000000000000e+00 0.000000000000000000e+00 0.000000000000000000e+00 1.000000000000000000e+00
1.716291214080490589e+09 -3.151473045349121094e+00 -5.504936218261718750e+00 6.997544765472412109e-01 0.000000000000000000e+00 0.000000000000000000e+00 0.000000000000000000e+00 1.000000000000000000e+00
1.716291214130325556e+09 -3.151379585266113281e+00 -5.504989624023437500e+00 6.997541189193725586e-01 0.000000000000000000e+00 0.000000000000000000e+00 0.000000000000000000e+00 1.000000000000000000e+00
1.716291214231309891e+09 -3.151337862014770508e+00 -5.505014419555664062e+00 6.997599005699157715e-01 0.000000000000000000e+00 0.000000000000000000e+00 0.000000000000000000e+00 1.000000000000000000e+00
1.716291214281704426e+09 -3.151318550109863725e+00 -5.505028724670410156e+00 6.997832655906677246e-01 0.000000000000000000e+00 0.000000000000000000e+00 0.000000000000000000e+00 1.000000000000000000e+00
1.716291214381660938e+09 -3.151483058929443803e+00 -5.504929542541503906e+00 6.997501254081726074e-01 0.000000000000000000e+00 0.000000000000000000e+00 0.000000000000000000e+00 1.000000000000000000e+00
1.716291214482278347e+09 -3.151523113250732422e+00 -5.504903316497802734e+00 6.997248530387878418e-01 0.000000000000000000e+00 0.000000000000000000e+00 0.000000000000000000e+00 1.000000000000000000e+00
1.716291214532502174e+09 -3.151540994644165039e+00 -5.504894733428955078e+00 6.997368335723876953e-01 0.000000000000000000e+00 0.000000000000000000e+00 0.000000000000000000e+00 1.000000000000000000e+00
1.716291214582777739e+09 -3.151393175125122070e+00 -5.504981517791748047e+00 6.997541785240173340e-01 0.000000000000000000e+00 0.000000000000000000e+00 0.000000000000000000e+00 1.000000000000000000e+00
1.716291214683195114e+09 -3.151287794113159180e+00 -5.505050182342529297e+00 6.998137831687927246e-01 0.000000000000000000e+00 0.000000000000000000e+00 0.000000000000000000e+00 1.000000000000000000e+00
1.716291214733405113e+09 -3.151041746139526367e+00 -5.505194187164306641e+00 6.998339891433715820e-01 0.000000000000000000e+00 0.000000000000000000e+00 0.000000000000000000e+00 1.000000000000000000e+00
1.716291214783654213e+09 -3.151077985763549805e+00 -5.505168437957763672e+00 6.997987031936645508e-01 0.000000000000000000e+00 0.000000000000000000e+00 0.000000000000000000e+00 1.000000000000000000e+00
1.716291214884256601e+09 -3.151766777038574219e+00 -5.504767894744873047e+00 6.997565031051635742e-01 0.000000000000000000e+00 0.000000000000000000e+00 0.000000000000000000e+00 1.000000000000000000e+00
1.716291214934165478e+09 -3.151447057723999023e+00 -5.504951953887940341e+00 6.997619271278381348e-01 0.000000000000000000e+00 0.000000000000000000e+00 0.000000000000000000e+00 1.000000000000000000e+00
1.716291214984266758e+09 -3.151522874832153320e+00 -5.506059169769287109e+00 6.996896266937255859e-01 0.000000000000000000e+00 0.000000000000000000e+00 0.000000000000000000e+00 1.000000000000000000e+00
1.716291215084785223e+09 -3.151514768600463867e+00 -5.506066799163818359e+00 6.997087001800537109e-01 0.000000000000000000e+00 0.000000000000000000e+00 0.000000000000000000e+00 1.000000000000000000e+00
1.716291215134883642e+09 -3.151310682296752930e+00 -5.505035877227783203e+00 6.998032331466674805e-01 0.000000000000000000e+00 0.000000000000000000e+00 0.000000000000000000e+00 1.000000000000000000e+00
1.716291215235211372e+09 -3.151408910751342773e+00 -5.504979610443115234e+00 6.998014450073242188e-01 0.000000000000000000e+00 0.000000000000000000e+00 0.000000000000000000e+00 1.000000000000000000e+00
1.716291215335655451e+09 -3.151318073272705078e+00 -5.505031108856201172e+00 6.997981667518615723e-01 0.000000000000000000e+00 0.000000000000000000e+00 0.000000000000000000e+00 1.000000000000000000e+00
1.716291215435981274e+09 -3.150946140289306197e+00 -5.505255699157714844e+00 6.998814344406127930e-01 0.000000000000000000e+00 0.000000000000000000e+00 0.000000000000000000e+00 1.000000000000000000e+00
1.716291215486370802e+09 -3.150897741317749023e+00 -5.505298614501953125e+00 6.999884843826293945e-01 0.000000000000000000e+00 0.000000000000000000e+00 0.000000000000000000e+00 1.000000000000000000e+00
1.716291215536507607e+09 -3.151129484176636186e+00 -5.505149841308593750e+00 6.998743414878845215e-01 0.000000000000000000e+00 0.000000000000000000e+00 0.000000000000000000e+00 1.000000000000000000e+00
1.716291215588126659e+09 -3.152033090591430664e+00 -5.505778789520263672e+00 6.997720003128051758e-01 0.000000000000000000e+00 0.000000000000000000e+00 0.000000000000000000e+00 1.000000000000000000e+00
1.716291215687603951e+09 -3.151202201843261719e+00 -5.505120754241943359e+00 6.999633312225341797e-01 0.000000000000000000e+00 0.000000000000000000e+00 0.000000000000000000e+00 1.000000000000000000e+00
1.716291215737438679e+09 -3.150963783264160156e+00 -5.505257129669189453e+00 6.999620795249938965e-01 0.000000000000000000e+00 0.000000000000000000e+00 0.000000000000000000e+00 1.000000000000000000e+00
1.716291215787689447e+09 -3.150882244110107422e+00 -5.505309104919433594e+00 7.000012993812561035e-01 0.000000000000000000e+00 0.000000000000000000e+00 0.000000000000000000e+00 1.000000000000000000e+00
1.716291215837859392e+09 -3.150936841964721680e+00 -5.505281448364257812e+00 7.000260949134826660e-01 0.000000000000000000e+00 0.000000000000000000e+00 0.000000000000000000e+00 1.000000000000000000e+00
1.716291215888131618e+09 -3.151457309722900391e+00 -5.506134033203125000e+00 6.999540328979492188e-01 0.000000000000000000e+00 0.000000000000000000e+00 0.000000000000000000e+00 1.000000000000000000e+00
1.716291215938315630e+09 -3.150911808013916016e+00 -5.505302429199218750e+00 7.000727653503417969e-01 0.000000000000000000e+00 0.000000000000000000e+00 0.000000000000000000e+00 1.000000000000000000e+00
1.716291215988512278e+09 -3.151048421859741211e+00 -5.505224704742431641e+00 7.000752687454223633e-01 0.000000000000000000e+00 0.000000000000000000e+00 0.000000000000000000e+00 1.000000000000000000e+00
1.716291216038828373e+09 -3.151144504547119141e+00 -5.505180358886718750e+00 7.001525759696960449e-01 0.000000000000000000e+00 0.000000000000000000e+00 0.000000000000000000e+00 1.000000000000000000e+00
1.716291216089040756e+09 -3.151155948638916016e+00 -5.505172729492188388e+00 7.001453638076782227e-01 0.000000000000000000e+00 0.000000000000000000e+00 0.000000000000000000e+00 1.000000000000000000e+00
1.716291216189584970e+09 -3.150912046432495117e+00 -5.505311965942382812e+00 7.001427412033081055e-01 0.000000000000000000e+00 0.000000000000000000e+00 0.000000000000000000e+00 1.000000000000000000e+00
1.716291216239638567e+09 -3.150719642639160156e+00 -5.505446434020996094e+00 7.003144025802612305e-01 0.000000000000000000e+00 0.000000000000000000e+00 0.000000000000000000e+00 1.000000000000000000e+00
1.716291216289874792e+09 -3.149575471878052202e+00 -5.507273197174072266e+00 7.003951072692871094e-01 0.000000000000000000e+00 0.000000000000000000e+00 0.000000000000000000e+00 1.000000000000000000e+00
1.716291216390426397e+09 -3.147648811340332031e+00 -5.507244110107421875e+00 7.006064057350158691e-01 0.000000000000000000e+00 0.000000000000000000e+00 0.000000000000000000e+00 1.000000000000000000e+00
1.716291216440734863e+09 -3.147253036499023438e+00 -5.507504463195800781e+00 7.008467316627502441e-01 0.000000000000000000e+00 0.000000000000000000e+00 0.000000000000000000e+00 1.000000000000000000e+00
1.716291216491028309e+09 -3.148998737335205078e+00 -5.505341529846191406e+00 7.008165717124938965e-01 0.000000000000000000e+00 0.000000000000000000e+00 0.000000000000000000e+00 1.000000000000000000e+00
1.716291216541059256e+09 -3.157764673233031782e+00 -5.500281333923339844e+00 7.005556225776672363e-01 0.000000000000000000e+00 0.000000000000000000e+00 0.000000000000000000e+00 1.000000000000000000e+00
1.716291216641457081e+09 -3.163004636764526367e+00 -5.498450756072998047e+00 7.006886601448059082e-01 0.000000000000000000e+00 0.000000000000000000e+00 0.000000000000000000e+00 1.000000000000000000e+00
1.716291216691593409e+09 -3.166824340820312500e+00 -5.496276378631591797e+00 7.008619904518127441e-01 0.000000000000000000e+00 0.000000000000000000e+00 0.000000000000000000e+00 1.000000000000000000e+00
1.716291216791963816e+09 -3.171133995056152344e+00 -5.493806838989257812e+00 7.009738087654113770e-01 0.000000000000000000e+00 0.000000000000000000e+00 0.000000000000000000e+00 1.000000000000000000e+00
1.716291216842237949e+09 -3.171544790267944336e+00 -5.493536949157714844e+00 7.007429003715515137e-01 0.000000000000000000e+00 0.000000000000000000e+00 0.000000000000000000e+00 1.000000000000000000e+00
1.716291216892622948e+09 -3.171168565750122070e+00 -5.493773460388183594e+00 7.008800506591796875e-01 0.000000000000000000e+00 0.000000000000000000e+00 0.000000000000000000e+00 1.000000000000000000e+00
1.716291216942826986e+09 -3.167520046234130859e+00 -5.495872020721436435e+00 7.008385658264160156e-01 0.000000000000000000e+00 0.000000000000000000e+00 0.000000000000000000e+00 1.000000000000000000e+00
1.716291217043813944e+09 -3.164683103561401367e+00 -5.497470378875732422e+00 7.005848288536071777e-01 0.000000000000000000e+00 0.000000000000000000e+00 0.000000000000000000e+00 1.000000000000000000e+00
1.716291217093246460e+09 -3.161008358001708984e+00 -5.498409748077392578e+00 7.004978060722351074e-01 0.000000000000000000e+00 0.000000000000000000e+00 0.000000000000000000e+00 1.000000000000000000e+00
1.716291217143691540e+09 -3.155472993850708008e+00 -5.500446319580078125e+00 7.006364464759826660e-01 0.000000000000000000e+00 0.000000000000000000e+00 0.000000000000000000e+00 1.000000000000000000e+00
1.716291217244001865e+09 -3.154451847076416016e+00 -5.502201557159423828e+00 7.006941437721252441e-01 0.000000000000000000e+00 0.000000000000000000e+00 0.000000000000000000e+00 1.000000000000000000e+00
1.716291217294229984e+09 -3.153399467468261719e+00 -5.501679897308349609e+00 7.009508013725280762e-01 0.000000000000000000e+00 0.000000000000000000e+00 0.000000000000000000e+00 1.000000000000000000e+00
1.716291217344441414e+09 -3.153310537338256836e+00 -5.501717090606689453e+00 7.008553743362426758e-01 0.000000000000000000e+00 0.000000000000000000e+00 0.000000000000000000e+00 1.000000000000000000e+00
1.716291217394693136e+09 -3.154111385345458984e+00 -5.501248836517333984e+00 7.007905840873718262e-01 0.000000000000000000e+00 0.000000000000000000e+00 0.000000000000000000e+00 1.000000000000000000e+00
1.716291217494835615e+09 -3.154622316360473633e+00 -5.500945568084716797e+00 7.007182836532592773e-01 0.000000000000000000e+00 0.000000000000000000e+00 0.000000000000000000e+00 1.000000000000000000e+00
1.716291217544849634e+09 -3.158073186874389648e+00 -5.500112056732177734e+00 7.006124258041381836e-01 0.000000000000000000e+00 0.000000000000000000e+00 0.000000000000000000e+00 1.000000000000000000e+00
1.716291217595112562e+09 -3.160017490386962891e+00 -5.499011993408203125e+00 7.007288336753845215e-01 0.000000000000000000e+00 0.000000000000000000e+00 0.000000000000000000e+00 1.000000000000000000e+00
1.716291217695474148e+09 -3.162435054779052734e+00 -5.498766899108886719e+00 7.006089687347412109e-01 0.000000000000000000e+00 0.000000000000000000e+00 0.000000000000000000e+00 1.000000000000000000e+00
1.716291217745414495e+09 -3.166422128677368164e+00 -5.496503829956054688e+00 7.008328437805175781e-01 0.000000000000000000e+00 0.000000000000000000e+00 0.000000000000000000e+00 1.000000000000000000e+00
1.716291217796156168e+09 -3.167243003845214844e+00 -5.496026992797851562e+00 7.008038163185119629e-01 0.000000000000000000e+00 0.000000000000000000e+00 0.000000000000000000e+00 1.000000000000000000e+00
1.716291217845677853e+09 -3.167546510696411133e+00 -5.495861053466796875e+00 7.008691430091857910e-01 0.000000000000000000e+00 0.000000000000000000e+00 0.000000000000000000e+00 1.000000000000000000e+00
1.716291217996553183e+09 -3.165376663208007812e+00 -5.497107982635498047e+00 7.008466720581054688e-01 0.000000000000000000e+00 0.000000000000000000e+00 0.000000000000000000e+00 1.000000000000000000e+00
1.716291218046717644e+09 -3.164753913879394531e+00 -5.497461795806884766e+00 7.008119821548461914e-01 0.000000000000000000e+00 0.000000000000000000e+00 0.000000000000000000e+00 1.000000000000000000e+00
1.716291218098611355e+09 -3.163973093032836914e+00 -5.496769905090332031e+00 7.009643316268920898e-01 0.000000000000000000e+00 0.000000000000000000e+00 0.000000000000000000e+00 1.000000000000000000e+00
1.716291218148014545e+09 -3.163744926452636719e+00 -5.496901988983154297e+00 7.009655833244323730e-01 0.000000000000000000e+00 0.000000000000000000e+00 0.000000000000000000e+00 1.000000000000000000e+00
1.716291218247502089e+09 -3.163950920104980469e+00 -5.496795177459716797e+00 7.010499835014343262e-01 0.000000000000000000e+00 0.000000000000000000e+00 0.000000000000000000e+00 1.000000000000000000e+00
1.716291218297683716e+09 -3.164874076843261719e+00 -5.497414112091064453e+00 7.009656429290771484e-01 0.000000000000000000e+00 0.000000000000000000e+00 0.000000000000000000e+00 1.000000000000000000e+00
1.716291218347927332e+09 -3.164871692657470703e+00 -5.496296405792236328e+00 7.012718319892883301e-01 0.000000000000000000e+00 0.000000000000000000e+00 0.000000000000000000e+00 1.000000000000000000e+00
1.716291218398389101e+09 -3.165425777435302734e+00 -5.496003627777099609e+00 7.014577984809875488e-01 0.000000000000000000e+00 0.000000000000000000e+00 0.000000000000000000e+00 1.000000000000000000e+00
1.716291218498906612e+09 -3.167328119277954102e+00 -5.493806362152099609e+00 7.018942832946777344e-01 0.000000000000000000e+00 0.000000000000000000e+00 0.000000000000000000e+00 1.000000000000000000e+00
1.716291218548844814e+09 -3.169185876846313032e+00 -5.492742538452148438e+00 7.019473910331726074e-01 0.000000000000000000e+00 0.000000000000000000e+00 0.000000000000000000e+00 1.000000000000000000e+00
1.716291218598972082e+09 -3.170887947082519531e+00 -5.490642547607421875e+00 7.022722959518432617e-01 0.000000000000000000e+00 0.000000000000000000e+00 0.000000000000000000e+00 1.000000000000000000e+00
1.716291218649084568e+09 -3.173424005508422852e+00 -5.489220619201660156e+00 7.025786042213439941e-01 0.000000000000000000e+00 0.000000000000000000e+00 0.000000000000000000e+00 1.000000000000000000e+00
1.716291218749542475e+09 -3.179200887680053711e+00 -5.483701705932617188e+00 7.036639451980590820e-01 0.000000000000000000e+00 0.000000000000000000e+00 0.000000000000000000e+00 1.000000000000000000e+00
1.716291218799733400e+09 -3.182237386703491211e+00 -5.479710102081298828e+00 7.043687701225280762e-01 0.000000000000000000e+00 0.000000000000000000e+00 0.000000000000000000e+00 1.000000000000000000e+00
1.716291218849897146e+09 -3.186767816543579102e+00 -5.476074218750000000e+00 7.055240869522094727e-01 0.000000000000000000e+00 0.000000000000000000e+00 0.000000000000000000e+00 1.000000000000000000e+00
1.716291218900144577e+09 -3.191250801086425781e+00 -5.471361637115479404e+00 7.071561813354492188e-01 0.000000000000000000e+00 0.000000000000000000e+00 0.000000000000000000e+00 1.000000000000000000e+00
1.716291218950167894e+09 -3.196025133132934570e+00 -5.465229988098144531e+00 7.082661986351013184e-01 0.000000000000000000e+00 0.000000000000000000e+00 0.000000000000000000e+00 1.000000000000000000e+00
1.716291219000400543e+09 -3.199287652969360352e+00 -5.455255985260009766e+00 7.090367674827575684e-01 0.000000000000000000e+00 0.000000000000000000e+00 0.000000000000000000e+00 1.000000000000000000e+00
1.716291219050902128e+09 -3.205236911773681641e+00 -5.447196483612060547e+00 7.098063230514526367e-01 0.000000000000000000e+00 0.000000000000000000e+00 0.000000000000000000e+00 1.000000000000000000e+00
1.716291219100970268e+09 -3.211568832397460938e+00 -5.440376758575440341e+00 7.127790451049804688e-01 0.000000000000000000e+00 0.000000000000000000e+00 0.000000000000000000e+00 1.000000000000000000e+00
1.716291219151267052e+09 -3.216742753982543945e+00 -5.429456233978272373e+00 7.151303291320800781e-01 0.000000000000000000e+00 0.000000000000000000e+00 0.000000000000000000e+00 1.000000000000000000e+00
1.716291219201385260e+09 -3.221801042556762695e+00 -5.419653415679931641e+00 7.167447805404663086e-01 0.000000000000000000e+00 0.000000000000000000e+00 0.000000000000000000e+00 1.000000000000000000e+00
1.716291219251896381e+09 -3.227245569229125977e+00 -5.408377170562744141e+00 7.179724574089050293e-01 0.000000000000000000e+00 0.000000000000000000e+00 0.000000000000000000e+00 1.000000000000000000e+00
1.716291219301859140e+09 -3.231975078582764116e+00 -5.397359848022460938e+00 7.181484103202819824e-01 0.000000000000000000e+00 0.000000000000000000e+00 0.000000000000000000e+00 1.000000000000000000e+00
1.716291219402316570e+09 -3.234379053115844727e+00 -5.380568981170654297e+00 7.176017761230468750e-01 0.000000000000000000e+00 0.000000000000000000e+00 0.000000000000000000e+00 1.000000000000000000e+00
1.716291219452307463e+09 -3.240679025650024414e+00 -5.368424892425537109e+00 7.167770266532897949e-01 0.000000000000000000e+00 0.000000000000000000e+00 0.000000000000000000e+00 1.000000000000000000e+00
1.716291219502652884e+09 -3.256104469299316406e+00 -5.341386795043945312e+00 7.167309522628784180e-01 0.000000000000000000e+00 0.000000000000000000e+00 0.000000000000000000e+00 1.000000000000000000e+00
1.716291219552773714e+09 -3.263894319534301758e+00 -5.325020313262940341e+00 7.181464433670043945e-01 0.000000000000000000e+00 0.000000000000000000e+00 0.000000000000000000e+00 1.000000000000000000e+00
1.716291219653180599e+09 -3.272246360778808594e+00 -5.283214092254638672e+00 7.265699505805969238e-01 0.000000000000000000e+00 0.000000000000000000e+00 0.000000000000000000e+00 1.000000000000000000e+00
1.716291219703540325e+09 -3.279922246932983398e+00 -5.268501281738281250e+00 7.316633462905883789e-01 0.000000000000000000e+00 0.000000000000000000e+00 0.000000000000000000e+00 1.000000000000000000e+00
1.716291219753613472e+09 -3.286188125610352007e+00 -5.251480102539063388e+00 7.396965026855468750e-01 0.000000000000000000e+00 0.000000000000000000e+00 0.000000000000000000e+00 1.000000000000000000e+00
1.716291219854733229e+09 -3.285174846649169922e+00 -5.223745346069335938e+00 7.493066191673278809e-01 0.000000000000000000e+00 0.000000000000000000e+00 0.000000000000000000e+00 1.000000000000000000e+00
1.716291219904367208e+09 -3.297589540481567383e+00 -5.187787532806396484e+00 7.699920535087585449e-01 0.000000000000000000e+00 0.000000000000000000e+00 0.000000000000000000e+00 1.000000000000000000e+00
1.716291219954489231e+09 -3.304439306259155718e+00 -5.169599533081054688e+00 7.824668288230895996e-01 0.000000000000000000e+00 0.000000000000000000e+00 0.000000000000000000e+00 1.000000000000000000e+00
1.716291220004958630e+09 -3.309825658798217773e+00 -5.151241779327392578e+00 7.961230278015136719e-01 0.000000000000000000e+00 0.000000000000000000e+00 0.000000000000000000e+00 1.000000000000000000e+00
1.716291220105426788e+09 -3.308763742446899414e+00 -5.124193668365479404e+00 8.127503991127014160e-01 0.000000000000000000e+00 0.000000000000000000e+00 0.000000000000000000e+00 1.000000000000000000e+00
1.716291220155234337e+09 -3.313330173492432085e+00 -5.107814788818359375e+00 8.294596076011657715e-01 0.000000000000000000e+00 0.000000000000000000e+00 0.000000000000000000e+00 1.000000000000000000e+00
1.716291220205328941e+09 -3.323643207550048828e+00 -5.076797008514404297e+00 8.657252788543701172e-01 0.000000000000000000e+00 0.000000000000000000e+00 0.000000000000000000e+00 1.000000000000000000e+00
1.716291220257446289e+09 -3.329208374023437056e+00 -5.061047554016113281e+00 8.852401375770568848e-01 0.000000000000000000e+00 0.000000000000000000e+00 0.000000000000000000e+00 1.000000000000000000e+00
1.716291220356369495e+09 -3.333974361419677734e+00 -5.023149013519287109e+00 9.290862679481506348e-01 0.000000000000000000e+00 0.000000000000000000e+00 0.000000000000000000e+00 1.000000000000000000e+00
1.716291220406570196e+09 -3.339133024215698242e+00 -5.010019779205322266e+00 9.510066509246826172e-01 0.000000000000000000e+00 0.000000000000000000e+00 0.000000000000000000e+00 1.000000000000000000e+00
1.716291220457627296e+09 -3.344503402709960938e+00 -4.996689319610595703e+00 9.734881520271300159e-01 0.000000000000000000e+00 0.000000000000000000e+00 0.000000000000000000e+00 1.000000000000000000e+00
1.716291220508752823e+09 -3.344333887100220171e+00 -4.974948406219482422e+00 9.967616200447083630e-01 0.000000000000000000e+00 0.000000000000000000e+00 0.000000000000000000e+00 1.000000000000000000e+00
1.716291220557583809e+09 -3.350863695144653320e+00 -4.963034152984619141e+00 1.019516825675964355e+00 0.000000000000000000e+00 0.000000000000000000e+00 0.000000000000000000e+00 1.000000000000000000e+00
1.716291220608038902e+09 -3.356935024261474609e+00 -4.951242923736572266e+00 1.041606426239013672e+00 0.000000000000000000e+00 0.000000000000000000e+00 0.000000000000000000e+00 1.000000000000000000e+00
1.716291220658379793e+09 -3.362800836563110352e+00 -4.939411163330078125e+00 1.062996506690979004e+00 0.000000000000000000e+00 0.000000000000000000e+00 0.000000000000000000e+00 1.000000000000000000e+00
1.716291220757570505e+09 -3.371383666992187500e+00 -4.911288261413574219e+00 1.103193521499633789e+00 0.000000000000000000e+00 0.000000000000000000e+00 0.000000000000000000e+00 1.000000000000000000e+00
1.716291220808069229e+09 -3.377548694610596147e+00 -4.901077747344970703e+00 1.120868682861327903e+00 0.000000000000000000e+00 0.000000000000000000e+00 0.000000000000000000e+00 1.000000000000000000e+00
1.716291220858564854e+09 -3.383796453475952148e+00 -4.891858100891113281e+00 1.137348651885986328e+00 0.000000000000000000e+00 0.000000000000000000e+00 0.000000000000000000e+00 1.000000000000000000e+00
1.716291220910427332e+09 -3.389398336410522461e+00 -4.884093284606933594e+00 1.151782155036926492e+00 0.000000000000000000e+00 0.000000000000000000e+00 0.000000000000000000e+00 1.000000000000000000e+00
1.716291221009455919e+09 -3.393335342407226562e+00 -4.873791217803955078e+00 1.166555404663085938e+00 0.000000000000000000e+00 0.000000000000000000e+00 0.000000000000000000e+00 1.000000000000000000e+00
1.716291221058997393e+09 -3.398871421813964844e+00 -4.867072105407714844e+00 1.179298043251037598e+00 0.000000000000000000e+00 0.000000000000000000e+00 0.000000000000000000e+00 1.000000000000000000e+00
1.716291221109444380e+09 -3.404346942901611772e+00 -4.861501216888427734e+00 1.190875649452209695e+00 0.000000000000000000e+00 0.000000000000000000e+00 0.000000000000000000e+00 1.000000000000000000e+00
1.716291221159413338e+09 -3.416034936904907227e+00 -4.849529266357421875e+00 1.210525989532470703e+00 0.000000000000000000e+00 0.000000000000000000e+00 0.000000000000000000e+00 1.000000000000000000e+00
1.716291221209505320e+09 -3.420928955078125000e+00 -4.842844009399414062e+00 1.218590974807739258e+00 0.000000000000000000e+00 0.000000000000000000e+00 0.000000000000000000e+00 1.000000000000000000e+00
1.716291221259624720e+09 -3.426775932312012163e+00 -4.837846755981445312e+00 1.225431919097900391e+00 0.000000000000000000e+00 0.000000000000000000e+00 0.000000000000000000e+00 1.000000000000000000e+00
1.716291221309955120e+09 -3.432724952697753906e+00 -4.833904266357421875e+00 1.230745792388916016e+00 0.000000000000000000e+00 0.000000000000000000e+00 0.000000000000000000e+00 1.000000000000000000e+00
1.716291221360188246e+09 -3.438046216964721680e+00 -4.830337047576904297e+00 1.234973788261413574e+00 0.000000000000000000e+00 0.000000000000000000e+00 0.000000000000000000e+00 1.000000000000000000e+00
1.716291221411279678e+09 -3.442363977432250977e+00 -4.827411174774169922e+00 1.237944602966308594e+00 0.000000000000000000e+00 0.000000000000000000e+00 0.000000000000000000e+00 1.000000000000000000e+00
1.716291221460455656e+09 -3.447130441665649414e+00 -4.826563835144042969e+00 1.239857912063598633e+00 0.000000000000000000e+00 0.000000000000000000e+00 0.000000000000000000e+00 1.000000000000000000e+00
1.716291221516206264e+09 -3.451375246047973633e+00 -4.826031684875488281e+00 1.240679621696472168e+00 0.000000000000000000e+00 0.000000000000000000e+00 0.000000000000000000e+00 1.000000000000000000e+00
1.716291221611392736e+09 -3.457336902618408203e+00 -4.825353145599365234e+00 1.238606929779052734e+00 0.000000000000000000e+00 0.000000000000000000e+00 0.000000000000000000e+00 1.000000000000000000e+00
1.716291221711467981e+09 -3.465657234191894531e+00 -4.833909034729003906e+00 1.233517765998840332e+00 0.000000000000000000e+00 0.000000000000000000e+00 0.000000000000000000e+00 1.000000000000000000e+00
1.716291221811650038e+09 -3.468306541442871094e+00 -4.840233802795410156e+00 1.225856661796569824e+00 0.000000000000000000e+00 0.000000000000000000e+00 0.000000000000000000e+00 1.000000000000000000e+00
1.716291221862010002e+09 -3.469858884811401367e+00 -4.845060825347900391e+00 1.221749186515808105e+00 0.000000000000000000e+00 0.000000000000000000e+00 0.000000000000000000e+00 1.000000000000000000e+00
1.716291221912302017e+09 -3.470067977905272993e+00 -4.850816249847412109e+00 1.217113137245178223e+00 0.000000000000000000e+00 0.000000000000000000e+00 0.000000000000000000e+00 1.000000000000000000e+00
1.716291221962034702e+09 -3.469904661178588867e+00 -4.856825828552246094e+00 1.212360143661499023e+00 0.000000000000000000e+00 0.000000000000000000e+00 0.000000000000000000e+00 1.000000000000000000e+00
1.716291222062324286e+09 -3.472518682479858398e+00 -4.868225097656250000e+00 1.207612872123718484e+00 0.000000000000000000e+00 0.000000000000000000e+00 0.000000000000000000e+00 1.000000000000000000e+00
1.716291222112854004e+09 -3.471149444580078125e+00 -4.876310825347900391e+00 1.202905535697937012e+00 0.000000000000000000e+00 0.000000000000000000e+00 0.000000000000000000e+00 1.000000000000000000e+00
1.716291222162805080e+09 -3.470280885696411133e+00 -4.886512756347656250e+00 1.198673009872436301e+00 0.000000000000000000e+00 0.000000000000000000e+00 0.000000000000000000e+00 1.000000000000000000e+00
1.716291222213063717e+09 -3.465511083602905273e+00 -4.906618595123291016e+00 1.190995693206787109e+00 0.000000000000000000e+00 0.000000000000000000e+00 0.000000000000000000e+00 1.000000000000000000e+00
1.716291222313489437e+09 -3.467000484466552734e+00 -4.923720836639404297e+00 1.187215447425842507e+00 0.000000000000000000e+00 0.000000000000000000e+00 0.000000000000000000e+00 1.000000000000000000e+00
1.716291222363507748e+09 -3.459065198898315430e+00 -4.947123050689697266e+00 1.178700327873229980e+00 0.000000000000000000e+00 0.000000000000000000e+00 0.000000000000000000e+00 1.000000000000000000e+00
1.716291222413795948e+09 -3.456051826477050781e+00 -4.957630634307861328e+00 1.176343083381652832e+00 0.000000000000000000e+00 0.000000000000000000e+00 0.000000000000000000e+00 1.000000000000000000e+00
1.716291222564114094e+09 -3.454209804534912109e+00 -4.997488975524902344e+00 1.169468998908996582e+00 0.000000000000000000e+00 0.000000000000000000e+00 0.000000000000000000e+00 1.000000000000000000e+00
1.716291222614590883e+09 -3.447035551071166992e+00 -5.034911632537841797e+00 1.164226651191711426e+00 0.000000000000000000e+00 0.000000000000000000e+00 0.000000000000000000e+00 1.000000000000000000e+00
1.716291222664529562e+09 -3.439532995223999023e+00 -5.049605846405029297e+00 1.162167549133300781e+00 0.000000000000000000e+00 0.000000000000000000e+00 0.000000000000000000e+00 1.000000000000000000e+00
1.716291222764891863e+09 -3.434422254562377930e+00 -5.069933891296386719e+00 1.160717368125915527e+00 0.000000000000000000e+00 0.000000000000000000e+00 0.000000000000000000e+00 1.000000000000000000e+00
1.716291222815083981e+09 -3.418917655944824219e+00 -5.105629444122314453e+00 1.159121870994568093e+00 0.000000000000000000e+00 0.000000000000000000e+00 0.000000000000000000e+00 1.000000000000000000e+00
1.716291222865139484e+09 -3.409884691238403764e+00 -5.123659610748291016e+00 1.158492207527160645e+00 0.000000000000000000e+00 0.000000000000000000e+00 0.000000000000000000e+00 1.000000000000000000e+00
1.716291222915632725e+09 -3.400321960449218750e+00 -5.141986846923828125e+00 1.157956004142761230e+00 0.000000000000000000e+00 0.000000000000000000e+00 0.000000000000000000e+00 1.000000000000000000e+00
1.716291223015829802e+09 -3.380490541458129883e+00 -5.178910255432128906e+00 1.156854271888732910e+00 0.000000000000000000e+00 0.000000000000000000e+00 0.000000000000000000e+00 1.000000000000000000e+00
1.716291223066098690e+09 -3.375260591506958008e+00 -5.206152439117431641e+00 1.156017065048217773e+00 0.000000000000000000e+00 0.000000000000000000e+00 0.000000000000000000e+00 1.000000000000000000e+00
1.716291223116507053e+09 -3.364676237106323242e+00 -5.224899768829345703e+00 1.155801057815551758e+00 0.000000000000000000e+00 0.000000000000000000e+00 0.000000000000000000e+00 1.000000000000000000e+00
1.716291223216685772e+09 -3.345393896102905273e+00 -5.271630287170410156e+00 1.154790401458740234e+00 0.000000000000000000e+00 0.000000000000000000e+00 0.000000000000000000e+00 1.000000000000000000e+00
1.716291223268237352e+09 -3.332606792449951172e+00 -5.291570186614990234e+00 1.154945373535156250e+00 0.000000000000000000e+00 0.000000000000000000e+00 0.000000000000000000e+00 1.000000000000000000e+00
1.716291223317236423e+09 -3.318652391433715820e+00 -5.310992717742919922e+00 1.155429959297180176e+00 0.000000000000000000e+00 0.000000000000000000e+00 0.000000000000000000e+00 1.000000000000000000e+00
1.716291223418175697e+09 -3.289578914642333984e+00 -5.351467609405517578e+00 1.156630158424377441e+00 0.000000000000000000e+00 0.000000000000000000e+00 0.000000000000000000e+00 1.000000000000000000e+00
1.716291223467561722e+09 -3.278566837310791016e+00 -5.379388809204101562e+00 1.157448768615722878e+00 0.000000000000000000e+00 0.000000000000000000e+00 0.000000000000000000e+00 1.000000000000000000e+00
1.716291223518253803e+09 -3.261908054351806197e+00 -5.398969650268554688e+00 1.159155249595642090e+00 0.000000000000000000e+00 0.000000000000000000e+00 0.000000000000000000e+00 1.000000000000000000e+00
1.716291223567940950e+09 -3.244590282440185103e+00 -5.418841361999511719e+00 1.160984277725219505e+00 0.000000000000000000e+00 0.000000000000000000e+00 0.000000000000000000e+00 1.000000000000000000e+00
1.716291223668268442e+09 -3.212113618850708008e+00 -5.463965892791748047e+00 1.165161848068237305e+00 0.000000000000000000e+00 0.000000000000000000e+00 0.000000000000000000e+00 1.000000000000000000e+00
1.716291223719407082e+09 -3.193189382553100586e+00 -5.483313560485839844e+00 1.167872309684753418e+00 0.000000000000000000e+00 0.000000000000000000e+00 0.000000000000000000e+00 1.000000000000000000e+00
1.716291223768671751e+09 -3.173999071121215820e+00 -5.502708435058593750e+00 1.170920610427856445e+00 0.000000000000000000e+00 0.000000000000000000e+00 0.000000000000000000e+00 1.000000000000000000e+00
1.716291223869108438e+09 -3.134344577789306197e+00 -5.540736198425292969e+00 1.177909851074218750e+00 0.000000000000000000e+00 0.000000000000000000e+00 0.000000000000000000e+00 1.000000000000000000e+00
1.716291223969753265e+09 -3.094259023666381836e+00 -5.584274768829345703e+00 1.186200976371765137e+00 0.000000000000000000e+00 0.000000000000000000e+00 0.000000000000000000e+00 1.000000000000000000e+00
1.716291224070454597e+09 -3.051609754562377930e+00 -5.626445293426513672e+00 1.196374535560607910e+00 0.000000000000000000e+00 0.000000000000000000e+00 0.000000000000000000e+00 1.000000000000000000e+00
1.716291224120877028e+09 -3.028851747512817383e+00 -5.644684314727783203e+00 1.201891899108886719e+00 0.000000000000000000e+00 0.000000000000000000e+00 0.000000000000000000e+00 1.000000000000000000e+00
1.716291224170485020e+09 -3.006077527999877930e+00 -5.662806034088134766e+00 1.207940816879272461e+00 0.000000000000000000e+00 0.000000000000000000e+00 0.000000000000000000e+00 1.000000000000000000e+00
1.716291224220872641e+09 -2.982332468032836914e+00 -5.680151462554931641e+00 1.213888049125671387e+00 0.000000000000000000e+00 0.000000000000000000e+00 0.000000000000000000e+00 1.000000000000000000e+00
1.716291224270912409e+09 -2.960988044738769087e+00 -5.696081638336181641e+00 1.219562768936157227e+00 0.000000000000000000e+00 0.000000000000000000e+00 0.000000000000000000e+00 1.000000000000000000e+00
1.716291224371104240e+09 -2.941073894500732422e+00 -5.717910766601562500e+00 1.225427985191345215e+00 0.000000000000000000e+00 0.000000000000000000e+00 0.000000000000000000e+00 1.000000000000000000e+00
1.716291224421321154e+09 -2.918387174606323242e+00 -5.734275817871093750e+00 1.231360197067260742e+00 0.000000000000000000e+00 0.000000000000000000e+00 0.000000000000000000e+00 1.000000000000000000e+00
1.716291224471530199e+09 -2.871688604354858398e+00 -5.766129016876220703e+00 1.243192553520202637e+00 0.000000000000000000e+00 0.000000000000000000e+00 0.000000000000000000e+00 1.000000000000000000e+00
1.716291224521550894e+09 -2.848057031631469727e+00 -5.782546520233154297e+00 1.249286651611327903e+00 0.000000000000000000e+00 0.000000000000000000e+00 0.000000000000000000e+00 1.000000000000000000e+00
1.716291224571937323e+09 -2.824038982391357422e+00 -5.798987865447998047e+00 1.254925012588500977e+00 0.000000000000000000e+00 0.000000000000000000e+00 0.000000000000000000e+00 1.000000000000000000e+00
1.716291224622227907e+09 -2.802898168563842773e+00 -5.817216873168945312e+00 1.260289549827575684e+00 0.000000000000000000e+00 0.000000000000000000e+00 0.000000000000000000e+00 1.000000000000000000e+00
1.716291224672468662e+09 -2.779741048812866211e+00 -5.831839084625244141e+00 1.265546798706054910e+00 0.000000000000000000e+00 0.000000000000000000e+00 0.000000000000000000e+00 1.000000000000000000e+00
1.716291224722722530e+09 -2.756839752197265625e+00 -5.846197605133056641e+00 1.270486831665039062e+00 0.000000000000000000e+00 0.000000000000000000e+00 0.000000000000000000e+00 1.000000000000000000e+00
1.716291224772969246e+09 -2.733389854431152344e+00 -5.860689163208007812e+00 1.275537371635437012e+00 0.000000000000000000e+00 0.000000000000000000e+00 0.000000000000000000e+00 1.000000000000000000e+00
1.716291224823124170e+09 -2.712405681610107422e+00 -5.877198696136474609e+00 1.280076622962951660e+00 0.000000000000000000e+00 0.000000000000000000e+00 0.000000000000000000e+00 1.000000000000000000e+00
1.716291224873321295e+09 -2.689534664154052734e+00 -5.891150474548339844e+00 1.284573793411254883e+00 0.000000000000000000e+00 0.000000000000000000e+00 0.000000000000000000e+00 1.000000000000000000e+00
1.716291224923423529e+09 -2.666926383972167969e+00 -5.904858589172363281e+00 1.289023399353027122e+00 0.000000000000000000e+00 0.000000000000000000e+00 0.000000000000000000e+00 1.000000000000000000e+00
1.716291224973848581e+09 -2.643962621688842773e+00 -5.918596744537353516e+00 1.293181061744689941e+00 0.000000000000000000e+00 0.000000000000000000e+00 0.000000000000000000e+00 1.000000000000000000e+00
1.716291225024229527e+09 -2.622720241546630859e+00 -5.933624744415283203e+00 1.296876430511474609e+00 0.000000000000000000e+00 0.000000000000000000e+00 0.000000000000000000e+00 1.000000000000000000e+00
1.716291225074262857e+09 -2.599863290786743164e+00 -5.947061061859130859e+00 1.300483465194701926e+00 0.000000000000000000e+00 0.000000000000000000e+00 0.000000000000000000e+00 1.000000000000000000e+00
1.716291225124279022e+09 -2.577110767364501953e+00 -5.960332870483398438e+00 1.304071426391601562e+00 0.000000000000000000e+00 0.000000000000000000e+00 0.000000000000000000e+00 1.000000000000000000e+00
1.716291225174446106e+09 -2.554159641265869141e+00 -5.973566055297851562e+00 1.307429432868957520e+00 0.000000000000000000e+00 0.000000000000000000e+00 0.000000000000000000e+00 1.000000000000000000e+00
1.716291225224543571e+09 -2.534346342086791992e+00 -5.988621711730957031e+00 1.311107397079467773e+00 0.000000000000000000e+00 0.000000000000000000e+00 0.000000000000000000e+00 1.000000000000000000e+00
1.716291225275273561e+09 -2.512321949005126953e+00 -6.002353191375732422e+00 1.315443873405456321e+00 0.000000000000000000e+00 0.000000000000000000e+00 0.000000000000000000e+00 1.000000000000000000e+00
1.716291225325016260e+09 -2.490200042724609375e+00 -6.014941692352294922e+00 1.320232033729553223e+00 0.000000000000000000e+00 0.000000000000000000e+00 0.000000000000000000e+00 1.000000000000000000e+00
1.716291225375189304e+09 -2.468012571334838867e+00 -6.028542995452880859e+00 1.325600028038024902e+00 0.000000000000000000e+00 0.000000000000000000e+00 0.000000000000000000e+00 1.000000000000000000e+00
1.716291225425289631e+09 -2.448059797286987749e+00 -6.043282985687255859e+00 1.330935478210449219e+00 0.000000000000000000e+00 0.000000000000000000e+00 0.000000000000000000e+00 1.000000000000000000e+00
1.716291225525675774e+09 -2.382407665252685103e+00 -6.080684185028076172e+00 1.351792097091674805e+00 0.000000000000000000e+00 0.000000000000000000e+00 0.000000000000000000e+00 1.000000000000000000e+00
1.716291225626125813e+09 -2.363276958465576172e+00 -6.096882343292236328e+00 1.359378099441528320e+00 0.000000000000000000e+00 0.000000000000000000e+00 0.000000000000000000e+00 1.000000000000000000e+00
1.716291225676271677e+09 -2.341968536376953125e+00 -6.109544277191162109e+00 1.367804288864135520e+00 0.000000000000000000e+00 0.000000000000000000e+00 0.000000000000000000e+00 1.000000000000000000e+00
1.716291225726440191e+09 -2.320815324783325195e+00 -6.122042179107666016e+00 1.376447439193725586e+00 0.000000000000000000e+00 0.000000000000000000e+00 0.000000000000000000e+00 1.000000000000000000e+00
1.716291225776573420e+09 -2.299973249435424805e+00 -6.134326457977294922e+00 1.385825157165527122e+00 0.000000000000000000e+00 0.000000000000000000e+00 0.000000000000000000e+00 1.000000000000000000e+00
1.716291225828186512e+09 -2.281481266021728516e+00 -6.148831844329833984e+00 1.395194411277770996e+00 0.000000000000000000e+00 0.000000000000000000e+00 0.000000000000000000e+00 1.000000000000000000e+00
1.716291225876992702e+09 -2.262046098709106445e+00 -6.161463737487792969e+00 1.405124664306640625e+00 0.000000000000000000e+00 0.000000000000000000e+00 0.000000000000000000e+00 1.000000000000000000e+00
1.716291225927204847e+09 -2.242279052734375000e+00 -6.174122333526611328e+00 1.415515661239624023e+00 0.000000000000000000e+00 0.000000000000000000e+00 0.000000000000000000e+00 1.000000000000000000e+00
1.716291225977911711e+09 -2.222246408462524414e+00 -6.187843799591064453e+00 1.426763415336608887e+00 0.000000000000000000e+00 0.000000000000000000e+00 0.000000000000000000e+00 1.000000000000000000e+00
1.716291226027999401e+09 -2.203293323516845703e+00 -6.201071739196777344e+00 1.437939643859863281e+00 0.000000000000000000e+00 0.000000000000000000e+00 0.000000000000000000e+00 1.000000000000000000e+00
1.716291226077859879e+09 -2.184507131576538086e+00 -6.214143276214599609e+00 1.449634671211242898e+00 0.000000000000000000e+00 0.000000000000000000e+00 0.000000000000000000e+00 1.000000000000000000e+00
1.716291226128452539e+09 -2.167475938796997070e+00 -6.232859134674072266e+00 1.462163567543029785e+00 0.000000000000000000e+00 0.000000000000000000e+00 0.000000000000000000e+00 1.000000000000000000e+00
1.716291226178153992e+09 -2.149554967880249023e+00 -6.244373321533203125e+00 1.474287986755371094e+00 0.000000000000000000e+00 0.000000000000000000e+00 0.000000000000000000e+00 1.000000000000000000e+00
1.716291226228293180e+09 -2.132300376892089844e+00 -6.256624698638916016e+00 1.486333012580871582e+00 0.000000000000000000e+00 0.000000000000000000e+00 0.000000000000000000e+00 1.000000000000000000e+00
1.716291226278894424e+09 -2.115837335586547852e+00 -6.268521785736083984e+00 1.497889041900634766e+00 0.000000000000000000e+00 0.000000000000000000e+00 0.000000000000000000e+00 1.000000000000000000e+00
1.716291226328890085e+09 -2.102083683013916016e+00 -6.285763263702392578e+00 1.508426070213318093e+00 0.000000000000000000e+00 0.000000000000000000e+00 0.000000000000000000e+00 1.000000000000000000e+00
1.716291226378969193e+09 -2.085870265960693359e+00 -6.297427654266357422e+00 1.518827676773071289e+00 0.000000000000000000e+00 0.000000000000000000e+00 0.000000000000000000e+00 1.000000000000000000e+00
1.716291226429147243e+09 -2.070893049240112305e+00 -6.309672355651856357e+00 1.528175711631774902e+00 0.000000000000000000e+00 0.000000000000000000e+00 0.000000000000000000e+00 1.000000000000000000e+00
1.716291226479203939e+09 -2.055272817611694336e+00 -6.321018218994140625e+00 1.536467909812927246e+00 0.000000000000000000e+00 0.000000000000000000e+00 0.000000000000000000e+00 1.000000000000000000e+00
1.716291226529471159e+09 -2.041886806488037109e+00 -6.338947296142578125e+00 1.543575644493103027e+00 0.000000000000000000e+00 0.000000000000000000e+00 0.000000000000000000e+00 1.000000000000000000e+00
1.716291226579581261e+09 -2.027587890625000000e+00 -6.350824356079101562e+00 1.549343109130859375e+00 0.000000000000000000e+00 0.000000000000000000e+00 0.000000000000000000e+00 1.000000000000000000e+00
1.716291226630167484e+09 -2.014835834503173828e+00 -6.361126899719238281e+00 1.553672432899475098e+00 0.000000000000000000e+00 0.000000000000000000e+00 0.000000000000000000e+00 1.000000000000000000e+00
1.716291226680185318e+09 -2.001733541488647461e+00 -6.371511936187744141e+00 1.557051420211791992e+00 0.000000000000000000e+00 0.000000000000000000e+00 0.000000000000000000e+00 1.000000000000000000e+00
1.716291226730240822e+09 -1.989961743354797141e+00 -6.386691570281982422e+00 1.559516310691833496e+00 0.000000000000000000e+00 0.000000000000000000e+00 0.000000000000000000e+00 1.000000000000000000e+00
1.716291226780411720e+09 -1.977575898170471191e+00 -6.396799564361572266e+00 1.561012387275695801e+00 0.000000000000000000e+00 0.000000000000000000e+00 0.000000000000000000e+00 1.000000000000000000e+00
1.716291226831030130e+09 -1.965735554695129172e+00 -6.405672073364257812e+00 1.561558246612548828e+00 0.000000000000000000e+00 0.000000000000000000e+00 0.000000000000000000e+00 1.000000000000000000e+00
1.716291226880716801e+09 -1.954067468643188477e+00 -6.416565895080566406e+00 1.561023950576782227e+00 0.000000000000000000e+00 0.000000000000000000e+00 0.000000000000000000e+00 1.000000000000000000e+00
1.716291226930954456e+09 -1.942977190017699973e+00 -6.426220417022705078e+00 1.559529900550842507e+00 0.000000000000000000e+00 0.000000000000000000e+00 0.000000000000000000e+00 1.000000000000000000e+00
1.716291226981058359e+09 -1.933470249176025169e+00 -6.442697525024414062e+00 1.556635856628417969e+00 0.000000000000000000e+00 0.000000000000000000e+00 0.000000000000000000e+00 1.000000000000000000e+00
1.716291227031334877e+09 -1.924286961555480957e+00 -6.452795982360839844e+00 1.552817821502685547e+00 0.000000000000000000e+00 0.000000000000000000e+00 0.000000000000000000e+00 1.000000000000000000e+00
1.716291227081526279e+09 -1.913803339004516824e+00 -6.459093570709228516e+00 1.548066616058349609e+00 0.000000000000000000e+00 0.000000000000000000e+00 0.000000000000000000e+00 1.000000000000000000e+00
1.716291227131770849e+09 -1.904077053070068359e+00 -6.467231750488281250e+00 1.542993426322937012e+00 0.000000000000000000e+00 0.000000000000000000e+00 0.000000000000000000e+00 1.000000000000000000e+00
1.716291227182030916e+09 -1.894112229347229004e+00 -6.475413799285888672e+00 1.537972450256347656e+00 0.000000000000000000e+00 0.000000000000000000e+00 0.000000000000000000e+00 1.000000000000000000e+00
1.716291227232429743e+09 -1.884247064590454102e+00 -6.482499599456787109e+00 1.533020973205566406e+00 0.000000000000000000e+00 0.000000000000000000e+00 0.000000000000000000e+00 1.000000000000000000e+00
1.716291227332462788e+09 -1.875766158103942871e+00 -6.495407104492188388e+00 1.528071045875549094e+00 0.000000000000000000e+00 0.000000000000000000e+00 0.000000000000000000e+00 1.000000000000000000e+00
1.716291227382685900e+09 -1.857598781585693137e+00 -6.510052680969238281e+00 1.517936110496520996e+00 0.000000000000000000e+00 0.000000000000000000e+00 0.000000000000000000e+00 1.000000000000000000e+00
1.716291227432892561e+09 -1.849200367927551492e+00 -6.517667770385742188e+00 1.513038158416748047e+00 0.000000000000000000e+00 0.000000000000000000e+00 0.000000000000000000e+00 1.000000000000000000e+00
1.716291227483090401e+09 -1.842754483222961204e+00 -6.530947685241699219e+00 1.507841706275939941e+00 0.000000000000000000e+00 0.000000000000000000e+00 0.000000000000000000e+00 1.000000000000000000e+00
1.716291227533163309e+09 -1.835051655769347922e+00 -6.538330078125000000e+00 1.502542495727539062e+00 0.000000000000000000e+00 0.000000000000000000e+00 0.000000000000000000e+00 1.000000000000000000e+00
1.716291227583318710e+09 -1.827423334121704102e+00 -6.546714305877685547e+00 1.496360421180725098e+00 0.000000000000000000e+00 0.000000000000000000e+00 0.000000000000000000e+00 1.000000000000000000e+00
1.716291227633472443e+09 -1.820707559585571511e+00 -6.555861949920654297e+00 1.490564465522765891e+00 0.000000000000000000e+00 0.000000000000000000e+00 0.000000000000000000e+00 1.000000000000000000e+00
1.716291227683640718e+09 -1.814869642257690430e+00 -6.569938182830810547e+00 1.484229445457458496e+00 0.000000000000000000e+00 0.000000000000000000e+00 0.000000000000000000e+00 1.000000000000000000e+00
1.716291227734051466e+09 -1.807379603385925293e+00 -6.579263210296630859e+00 1.477970123291015625e+00 0.000000000000000000e+00 0.000000000000000000e+00 0.000000000000000000e+00 1.000000000000000000e+00
1.716291227783883333e+09 -1.799233555793762207e+00 -6.588745594024658203e+00 1.470617651939392090e+00 0.000000000000000000e+00 0.000000000000000000e+00 0.000000000000000000e+00 1.000000000000000000e+00
1.716291227834040642e+09 -1.792314171791076882e+00 -6.597872734069824219e+00 1.464076519012451172e+00 0.000000000000000000e+00 0.000000000000000000e+00 0.000000000000000000e+00 1.000000000000000000e+00
1.716291227884146452e+09 -1.779239773750305176e+00 -6.618970394134521484e+00 1.450844407081604004e+00 0.000000000000000000e+00 0.000000000000000000e+00 0.000000000000000000e+00 1.000000000000000000e+00
1.716291227984414101e+09 -1.773228764533996582e+00 -6.629868984222412109e+00 1.444458723068237305e+00 0.000000000000000000e+00 0.000000000000000000e+00 0.000000000000000000e+00 1.000000000000000000e+00
1.716291228034435987e+09 -1.769451141357422097e+00 -6.649472236633300781e+00 1.438527464866638184e+00 0.000000000000000000e+00 0.000000000000000000e+00 0.000000000000000000e+00 1.000000000000000000e+00
1.716291228084656239e+09 -1.763488769531250000e+00 -6.660327911376953125e+00 1.432679057121276855e+00 0.000000000000000000e+00 0.000000000000000000e+00 0.000000000000000000e+00 1.000000000000000000e+00
1.716291228134783268e+09 -1.757927298545837402e+00 -6.672096729278564453e+00 1.426920890808105691e+00 0.000000000000000000e+00 0.000000000000000000e+00 0.000000000000000000e+00 1.000000000000000000e+00
1.716291228185199499e+09 -1.752564549446105957e+00 -6.683805465698242188e+00 1.422037601470947266e+00 0.000000000000000000e+00 0.000000000000000000e+00 0.000000000000000000e+00 1.000000000000000000e+00
1.716291228285874367e+09 -1.745761632919311523e+00 -6.719601154327392578e+00 1.412701010704040305e+00 0.000000000000000000e+00 0.000000000000000000e+00 0.000000000000000000e+00 1.000000000000000000e+00
1.716291228385947704e+09 -1.736718058586120605e+00 -6.746657371520996094e+00 1.405741810798645020e+00 0.000000000000000000e+00 0.000000000000000000e+00 0.000000000000000000e+00 1.000000000000000000e+00
1.716291228436833858e+09 -1.732181787490844727e+00 -6.761211872100830078e+00 1.402778267860412598e+00 0.000000000000000000e+00 0.000000000000000000e+00 0.000000000000000000e+00 1.000000000000000000e+00
1.716291228536473274e+09 -1.731267213821411133e+00 -6.789290428161621094e+00 1.400634765625000000e+00 0.000000000000000000e+00 0.000000000000000000e+00 0.000000000000000000e+00 1.000000000000000000e+00
1.716291228586770058e+09 -1.723202347755431907e+00 -6.821225643157958984e+00 1.397830486297607422e+00 0.000000000000000000e+00 0.000000000000000000e+00 0.000000000000000000e+00 1.000000000000000000e+00
1.716291228636639118e+09 -1.722891569137573242e+00 -6.853265762329101562e+00 1.397022843360900879e+00 0.000000000000000000e+00 0.000000000000000000e+00 0.000000000000000000e+00 1.000000000000000000e+00
1.716291228737194061e+09 -1.715862870216369629e+00 -6.888020038604736328e+00 1.397553443908691406e+00 0.000000000000000000e+00 0.000000000000000000e+00 0.000000000000000000e+00 1.000000000000000000e+00
1.716291228787292719e+09 -1.712276101112365501e+00 -6.906442642211914062e+00 1.398656010627746582e+00 0.000000000000000000e+00 0.000000000000000000e+00 0.000000000000000000e+00 1.000000000000000000e+00
1.716291228837391853e+09 -1.705871939659118874e+00 -6.946167945861816406e+00 1.401504874229431152e+00 0.000000000000000000e+00 0.000000000000000000e+00 0.000000000000000000e+00 1.000000000000000000e+00
1.716291228988382816e+09 -1.706723570823669434e+00 -6.984073638916015625e+00 1.403134346008300781e+00 0.000000000000000000e+00 0.000000000000000000e+00 0.000000000000000000e+00 1.000000000000000000e+00
1.716291229038883924e+09 -1.699118137359619141e+00 -7.027133941650390625e+00 1.407303333282470703e+00 0.000000000000000000e+00 0.000000000000000000e+00 0.000000000000000000e+00 1.000000000000000000e+00
1.716291229088740110e+09 -1.699153780937194824e+00 -7.068296909332275391e+00 1.409615516662597656e+00 0.000000000000000000e+00 0.000000000000000000e+00 0.000000000000000000e+00 1.000000000000000000e+00
1.716291229139240980e+09 -1.693658113479614480e+00 -7.089177131652832031e+00 1.412092685699462891e+00 0.000000000000000000e+00 0.000000000000000000e+00 0.000000000000000000e+00 1.000000000000000000e+00
1.716291229189458132e+09 -1.683221101760864480e+00 -7.136920928955078125e+00 1.416624426841735840e+00 0.000000000000000000e+00 0.000000000000000000e+00 0.000000000000000000e+00 1.000000000000000000e+00
1.716291229290016413e+09 -1.683285355567931907e+00 -7.184176445007324219e+00 1.418364882469177246e+00 0.000000000000000000e+00 0.000000000000000000e+00 0.000000000000000000e+00 1.000000000000000000e+00
1.716291229340161800e+09 -1.677836537361145020e+00 -7.210110664367675781e+00 1.420171499252319114e+00 0.000000000000000000e+00 0.000000000000000000e+00 0.000000000000000000e+00 1.000000000000000000e+00
1.716291229440545321e+09 -1.671551823616027832e+00 -7.236215591430664062e+00 1.421421647071838379e+00 0.000000000000000000e+00 0.000000000000000000e+00 0.000000000000000000e+00 1.000000000000000000e+00
1.716291229490727663e+09 -1.651681542396545410e+00 -7.314601421356201172e+00 1.420369982719421387e+00 0.000000000000000000e+00 0.000000000000000000e+00 0.000000000000000000e+00 1.000000000000000000e+00
1.716291229641595602e+09 -1.642391204833984375e+00 -7.389405250549316406e+00 1.415659308433532715e+00 0.000000000000000000e+00 0.000000000000000000e+00 0.000000000000000000e+00 1.000000000000000000e+00
1.716291229691689730e+09 -1.634563088417053223e+00 -7.415690898895263672e+00 1.412395358085632324e+00 0.000000000000000000e+00 0.000000000000000000e+00 0.000000000000000000e+00 1.000000000000000000e+00
1.716291229742666960e+09 -1.627212643623352051e+00 -7.444918632507324219e+00 1.409243822097778320e+00 0.000000000000000000e+00 0.000000000000000000e+00 0.000000000000000000e+00 1.000000000000000000e+00
1.716291229792986870e+09 -1.618871808052062988e+00 -7.472269058227539062e+00 1.404076576232910156e+00 0.000000000000000000e+00 0.000000000000000000e+00 0.000000000000000000e+00 1.000000000000000000e+00
1.716291229842283487e+09 -1.605595350265502930e+00 -7.543541431427001953e+00 1.393876194953918457e+00 0.000000000000000000e+00 0.000000000000000000e+00 0.000000000000000000e+00 1.000000000000000000e+00
1.716291229892249346e+09 -1.598119974136352317e+00 -7.569601058959960938e+00 1.388755321502685547e+00 0.000000000000000000e+00 0.000000000000000000e+00 0.000000000000000000e+00 1.000000000000000000e+00
1.716291229992592096e+09 -1.580897092819214089e+00 -7.619045257568359375e+00 1.377824068069458008e+00 0.000000000000000000e+00 0.000000000000000000e+00 0.000000000000000000e+00 1.000000000000000000e+00
1.716291230092864275e+09 -1.576898932456970215e+00 -7.667780399322509766e+00 1.371492147445678711e+00 0.000000000000000000e+00 0.000000000000000000e+00 0.000000000000000000e+00 1.000000000000000000e+00
1.716291230143300056e+09 -1.568257451057434082e+00 -7.692941188812255859e+00 1.365428090095520020e+00 0.000000000000000000e+00 0.000000000000000000e+00 0.000000000000000000e+00 1.000000000000000000e+00
1.716291230193167448e+09 -1.552638530731201172e+00 -7.745913028717041016e+00 1.353717327117919922e+00 0.000000000000000000e+00 0.000000000000000000e+00 0.000000000000000000e+00 1.000000000000000000e+00
1.716291230293612003e+09 -1.549682378768920898e+00 -7.792308807373046875e+00 1.348386645317077637e+00 0.000000000000000000e+00 0.000000000000000000e+00 0.000000000000000000e+00 1.000000000000000000e+00
1.716291230343682289e+09 -1.536230921745300293e+00 -7.837652206420898438e+00 1.340890169143676758e+00 0.000000000000000000e+00 0.000000000000000000e+00 0.000000000000000000e+00 1.000000000000000000e+00
1.716291230393919945e+09 -1.530872702598571777e+00 -7.861075878143310547e+00 1.338525295257568359e+00 0.000000000000000000e+00 0.000000000000000000e+00 0.000000000000000000e+00 1.000000000000000000e+00
1.716291230500118732e+09 -1.529853940010070801e+00 -7.905052185058593750e+00 1.336784839630126953e+00 0.000000000000000000e+00 0.000000000000000000e+00 0.000000000000000000e+00 1.000000000000000000e+00
1.716291230544511318e+09 -1.521877408027648926e+00 -7.948350906372070312e+00 1.337021470069885254e+00 0.000000000000000000e+00 0.000000000000000000e+00 0.000000000000000000e+00 1.000000000000000000e+00
1.716291230594784260e+09 -1.519731760025024414e+00 -7.970165729522705078e+00 1.338214993476867676e+00 0.000000000000000000e+00 0.000000000000000000e+00 0.000000000000000000e+00 1.000000000000000000e+00
1.716291230695191145e+09 -1.522785902023315430e+00 -8.013395309448242188e+00 1.340052723884582297e+00 0.000000000000000000e+00 0.000000000000000000e+00 0.000000000000000000e+00 1.000000000000000000e+00
1.716291230745370150e+09 -1.522859454154968484e+00 -8.035814285278320312e+00 1.342195034027099609e+00 0.000000000000000000e+00 0.000000000000000000e+00 0.000000000000000000e+00 1.000000000000000000e+00
1.716291230795626402e+09 -1.527289628982543945e+00 -8.078837394714355469e+00 1.347687125205993652e+00 0.000000000000000000e+00 0.000000000000000000e+00 0.000000000000000000e+00 1.000000000000000000e+00
1.716291230845781565e+09 -1.531701087951660156e+00 -8.100448608398437500e+00 1.350949645042419434e+00 0.000000000000000000e+00 0.000000000000000000e+00 0.000000000000000000e+00 1.000000000000000000e+00
1.716291230895984173e+09 -1.536639213562011497e+00 -8.119921684265136719e+00 1.354125976562500000e+00 0.000000000000000000e+00 0.000000000000000000e+00 0.000000000000000000e+00 1.000000000000000000e+00
1.716291230996189117e+09 -1.552996754646301270e+00 -8.180047035217285156e+00 1.361842751502990723e+00 0.000000000000000000e+00 0.000000000000000000e+00 0.000000000000000000e+00 1.000000000000000000e+00
1.716291231046432257e+09 -1.561157584190368874e+00 -8.199933052062988281e+00 1.366035819053649902e+00 0.000000000000000000e+00 0.000000000000000000e+00 0.000000000000000000e+00 1.000000000000000000e+00
1.716291231096531391e+09 -1.569958925247192383e+00 -8.218674659729003906e+00 1.370232105255126953e+00 0.000000000000000000e+00 0.000000000000000000e+00 0.000000000000000000e+00 1.000000000000000000e+00
1.716291231146733522e+09 -1.580266714096069114e+00 -8.238143920898437500e+00 1.374778866767883301e+00 0.000000000000000000e+00 0.000000000000000000e+00 0.000000000000000000e+00 1.000000000000000000e+00
1.716291231247014999e+09 -1.594651341438293679e+00 -8.280239105224609375e+00 1.378927826881408691e+00 0.000000000000000000e+00 0.000000000000000000e+00 0.000000000000000000e+00 1.000000000000000000e+00
1.716291231297339916e+09 -1.605496764183044434e+00 -8.302639961242675781e+00 1.383051753044128418e+00 0.000000000000000000e+00 0.000000000000000000e+00 0.000000000000000000e+00 1.000000000000000000e+00
1.716291231347483873e+09 -1.615796923637389915e+00 -8.325144767761230469e+00 1.387687921524048074e+00 0.000000000000000000e+00 0.000000000000000000e+00 0.000000000000000000e+00 1.000000000000000000e+00
1.716291231398019791e+09 -1.625709176063537598e+00 -8.348736763000488281e+00 1.392237305641174316e+00 0.000000000000000000e+00 0.000000000000000000e+00 0.000000000000000000e+00 1.000000000000000000e+00
1.716291231447775602e+09 -1.639277815818786621e+00 -8.396059989929199219e+00 1.396512746810913086e+00 0.000000000000000000e+00 0.000000000000000000e+00 0.000000000000000000e+00 1.000000000000000000e+00
1.716291231498054028e+09 -1.656202197074889915e+00 -8.442749023437500000e+00 1.403875589370727539e+00 0.000000000000000000e+00 0.000000000000000000e+00 0.000000000000000000e+00 1.000000000000000000e+00
1.716291231548536301e+09 -1.664421200752258301e+00 -8.467659950256347656e+00 1.406988859176635520e+00 0.000000000000000000e+00 0.000000000000000000e+00 0.000000000000000000e+00 1.000000000000000000e+00
1.716291231598777533e+09 -1.672174930572509766e+00 -8.491641998291015625e+00 1.410173296928405762e+00 0.000000000000000000e+00 0.000000000000000000e+00 0.000000000000000000e+00 1.000000000000000000e+00
1.716291231749433041e+09 -1.696548342704772949e+00 -8.601062774658203125e+00 1.418858289718627930e+00 0.000000000000000000e+00 0.000000000000000000e+00 0.000000000000000000e+00 1.000000000000000000e+00
1.716291231799647093e+09 -1.700594544410705566e+00 -8.631879806518554688e+00 1.421351432800292969e+00 0.000000000000000000e+00 0.000000000000000000e+00 0.000000000000000000e+00 1.000000000000000000e+00
1.716291231849853516e+09 -1.704340338706970215e+00 -8.661732673645019531e+00 1.423519611358642578e+00 0.000000000000000000e+00 0.000000000000000000e+00 0.000000000000000000e+00 1.000000000000000000e+00
1.716291232000554085e+09 -1.717883467674255371e+00 -8.773241043090820312e+00 1.427925586700439675e+00 0.000000000000000000e+00 0.000000000000000000e+00 0.000000000000000000e+00 1.000000000000000000e+00
1.716291232051312447e+09 -1.720639944076538086e+00 -8.800221443176269531e+00 1.429170608520507812e+00 0.000000000000000000e+00 0.000000000000000000e+00 0.000000000000000000e+00 1.000000000000000000e+00
1.716291232101233006e+09 -1.727367401123046875e+00 -8.853931427001953125e+00 1.429630398750305176e+00 0.000000000000000000e+00 0.000000000000000000e+00 0.000000000000000000e+00 1.000000000000000000e+00
1.716291232151281834e+09 -1.728644847869873047e+00 -8.881197929382324219e+00 1.430818557739257812e+00 0.000000000000000000e+00 0.000000000000000000e+00 0.000000000000000000e+00 1.000000000000000000e+00
1.716291232201572657e+09 -1.729370355606079102e+00 -8.908569335937500000e+00 1.432001829147338867e+00 0.000000000000000000e+00 0.000000000000000000e+00 0.000000000000000000e+00 1.000000000000000000e+00
1.716291232251470804e+09 -1.731086134910583496e+00 -8.937782287597656250e+00 1.433057904243469238e+00 0.000000000000000000e+00 0.000000000000000000e+00 0.000000000000000000e+00 1.000000000000000000e+00
1.716291232301856279e+09 -1.733148813247680886e+00 -8.964888572692871094e+00 1.433781147003173828e+00 0.000000000000000000e+00 0.000000000000000000e+00 0.000000000000000000e+00 1.000000000000000000e+00
1.716291232351887465e+09 -1.741184353828430176e+00 -9.015281677246093750e+00 1.434186697006225586e+00 0.000000000000000000e+00 0.000000000000000000e+00 0.000000000000000000e+00 1.000000000000000000e+00
1.716291232402055264e+09 -1.744998693466186301e+00 -9.037976264953611505e+00 1.435358166694641113e+00 0.000000000000000000e+00 0.000000000000000000e+00 0.000000000000000000e+00 1.000000000000000000e+00
1.716291232452089310e+09 -1.750138401985168457e+00 -9.061429023742675781e+00 1.435649991035461426e+00 0.000000000000000000e+00 0.000000000000000000e+00 0.000000000000000000e+00 1.000000000000000000e+00
1.716291232502241611e+09 -1.755955457687377930e+00 -9.083733558654783380e+00 1.436214804649353027e+00 0.000000000000000000e+00 0.000000000000000000e+00 0.000000000000000000e+00 1.000000000000000000e+00
1.716291232552549124e+09 -1.766271114349365234e+00 -9.128594398498535156e+00 1.436970591545104980e+00 0.000000000000000000e+00 0.000000000000000000e+00 0.000000000000000000e+00 1.000000000000000000e+00
1.716291232602709293e+09 -1.772816658020019531e+00 -9.150760650634765625e+00 1.438295602798461914e+00 0.000000000000000000e+00 0.000000000000000000e+00 0.000000000000000000e+00 1.000000000000000000e+00
1.716291232653073072e+09 -1.779176712036132812e+00 -9.171941757202148438e+00 1.439261198043823242e+00 0.000000000000000000e+00 0.000000000000000000e+00 0.000000000000000000e+00 1.000000000000000000e+00
1.716291232703027248e+09 -1.786846041679382324e+00 -9.193886756896972656e+00 1.440183520317077637e+00 0.000000000000000000e+00 0.000000000000000000e+00 0.000000000000000000e+00 1.000000000000000000e+00
1.716291232753508091e+09 -1.795999526977539062e+00 -9.216559410095216620e+00 1.441101670265197754e+00 0.000000000000000000e+00 0.000000000000000000e+00 0.000000000000000000e+00 1.000000000000000000e+00
1.716291232853825331e+09 -1.821503162384032759e+00 -9.280864715576171875e+00 1.442005276679992898e+00 0.000000000000000000e+00 0.000000000000000000e+00 0.000000000000000000e+00 1.000000000000000000e+00
1.716291232903968811e+09 -1.833027362823486328e+00 -9.301021575927734375e+00 1.442353844642639160e+00 0.000000000000000000e+00 0.000000000000000000e+00 0.000000000000000000e+00 1.000000000000000000e+00
1.716291233004669189e+09 -1.861416459083556907e+00 -9.362678527832031250e+00 1.441209316253662109e+00 0.000000000000000000e+00 0.000000000000000000e+00 0.000000000000000000e+00 1.000000000000000000e+00
1.716291233054630756e+09 -1.872369885444640891e+00 -9.384965896606443536e+00 1.440757393836975098e+00 0.000000000000000000e+00 0.000000000000000000e+00 0.000000000000000000e+00 1.000000000000000000e+00
1.716291233104744196e+09 -1.884650111198425293e+00 -9.405964851379396308e+00 1.440343737602234109e+00 0.000000000000000000e+00 0.000000000000000000e+00 0.000000000000000000e+00 1.000000000000000000e+00
1.716291233154985905e+09 -1.896609544754028320e+00 -9.429059982299804688e+00 1.439779996871948242e+00 0.000000000000000000e+00 0.000000000000000000e+00 0.000000000000000000e+00 1.000000000000000000e+00
1.716291233255268335e+09 -1.914060592651367188e+00 -9.477563858032228339e+00 1.438458681106567383e+00 0.000000000000000000e+00 0.000000000000000000e+00 0.000000000000000000e+00 1.000000000000000000e+00
1.716291233305592775e+09 -1.938484072685241699e+00 -9.529743194580078125e+00 1.436501383781433105e+00 0.000000000000000000e+00 0.000000000000000000e+00 0.000000000000000000e+00 1.000000000000000000e+00
1.716291233355854511e+09 -1.950822234153748003e+00 -9.556818008422851562e+00 1.434923768043518066e+00 0.000000000000000000e+00 0.000000000000000000e+00 0.000000000000000000e+00 1.000000000000000000e+00
1.716291233406088114e+09 -1.962254405021667703e+00 -9.583051681518556464e+00 1.433121442794799805e+00 0.000000000000000000e+00 0.000000000000000000e+00 0.000000000000000000e+00 1.000000000000000000e+00
1.716291233456399679e+09 -1.980511426925659180e+00 -9.637484550476074219e+00 1.431136965751647949e+00 0.000000000000000000e+00 0.000000000000000000e+00 0.000000000000000000e+00 1.000000000000000000e+00
1.716291233556546211e+09 -2.003812551498413086e+00 -9.691876411437988281e+00 1.426395177841186301e+00 0.000000000000000000e+00 0.000000000000000000e+00 0.000000000000000000e+00 1.000000000000000000e+00
1.716291233606780052e+09 -2.015328168869018555e+00 -9.720115661621093750e+00 1.424077391624450906e+00 0.000000000000000000e+00 0.000000000000000000e+00 0.000000000000000000e+00 1.000000000000000000e+00
1.716291233708379984e+09 -2.043308496475220171e+00 -9.807211875915527344e+00 1.418339610099792480e+00 0.000000000000000000e+00 0.000000000000000000e+00 0.000000000000000000e+00 1.000000000000000000e+00
1.716291233757706165e+09 -2.053542852401733398e+00 -9.837747573852540839e+00 1.415299654006958008e+00 0.000000000000000000e+00 0.000000000000000000e+00 0.000000000000000000e+00 1.000000000000000000e+00
1.716291233808057547e+09 -2.063318014144897017e+00 -9.868376731872560370e+00 1.412286996841430886e+00 0.000000000000000000e+00 0.000000000000000000e+00 0.000000000000000000e+00 1.000000000000000000e+00
1.716291233908240080e+09 -2.086089611053466797e+00 -9.962675094604492188e+00 1.406702399253845215e+00 0.000000000000000000e+00 0.000000000000000000e+00 0.000000000000000000e+00 1.000000000000000000e+00
1.716291233958138704e+09 -2.092765569686889648e+00 -9.992930412292480469e+00 1.404047489166259766e+00 0.000000000000000000e+00 0.000000000000000000e+00 0.000000000000000000e+00 1.000000000000000000e+00
1.716291234008277416e+09 -2.098713397979736328e+00 -1.002435970306396484e+01 1.401373267173767090e+00 0.000000000000000000e+00 0.000000000000000000e+00 0.000000000000000000e+00 1.000000000000000000e+00
1.716291234108688593e+09 -2.115289926528930664e+00 -1.012199783325195135e+01 1.396338224411010742e+00 0.000000000000000000e+00 0.000000000000000000e+00 0.000000000000000000e+00 1.000000000000000000e+00
1.716291234159419060e+09 -2.118108272552490234e+00 -1.015510082244873047e+01 1.393813371658325195e+00 0.000000000000000000e+00 0.000000000000000000e+00 0.000000000000000000e+00 1.000000000000000000e+00
1.716291234209233046e+09 -2.122105836868286133e+00 -1.018693733215332031e+01 1.391641974449157493e+00 0.000000000000000000e+00 0.000000000000000000e+00 0.000000000000000000e+00 1.000000000000000000e+00
1.716291234309701204e+09 -2.132006645202636719e+00 -1.028289222717285156e+01 1.386791825294494629e+00 0.000000000000000000e+00 0.000000000000000000e+00 0.000000000000000000e+00 1.000000000000000000e+00
1.716291234359506845e+09 -2.131600141525268999e+00 -1.031461906433105646e+01 1.385128617286681907e+00 0.000000000000000000e+00 0.000000000000000000e+00 0.000000000000000000e+00 1.000000000000000000e+00
1.716291234409735203e+09 -2.130995750427246094e+00 -1.034638404846191406e+01 1.383611917495727539e+00 0.000000000000000000e+00 0.000000000000000000e+00 0.000000000000000000e+00 1.000000000000000000e+00
1.716291234460336208e+09 -2.130168437957764116e+00 -1.037717247009277166e+01 1.382501721382141113e+00 0.000000000000000000e+00 0.000000000000000000e+00 0.000000000000000000e+00 1.000000000000000000e+00
1.716291234512816429e+09 -2.134128332138061079e+00 -1.043249702453613281e+01 1.381495714187622070e+00 0.000000000000000000e+00 0.000000000000000000e+00 0.000000000000000000e+00 1.000000000000000000e+00
1.716291234560502052e+09 -2.131790876388549805e+00 -1.045950508117675781e+01 1.380718827247619629e+00 0.000000000000000000e+00 0.000000000000000000e+00 0.000000000000000000e+00 1.000000000000000000e+00
1.716291234612430334e+09 -2.128601551055908203e+00 -1.048464393615722834e+01 1.380460977554321289e+00 0.000000000000000000e+00 0.000000000000000000e+00 0.000000000000000000e+00 1.000000000000000000e+00
1.716291234660734415e+09 -2.130162477493286133e+00 -1.053228187561035156e+01 1.380218505859375000e+00 0.000000000000000000e+00 0.000000000000000000e+00 0.000000000000000000e+00 1.000000000000000000e+00
1.716291234712063313e+09 -2.127737283706665039e+00 -1.055521869659423828e+01 1.380359411239624023e+00 0.000000000000000000e+00 0.000000000000000000e+00 0.000000000000000000e+00 1.000000000000000000e+00
1.716291234761106491e+09 -2.126307010650634766e+00 -1.057590675354004084e+01 1.380234837532043679e+00 0.000000000000000000e+00 0.000000000000000000e+00 0.000000000000000000e+00 1.000000000000000000e+00
1.716291234811544180e+09 -2.126217603683472124e+00 -1.059530735015869141e+01 1.380488157272338867e+00 0.000000000000000000e+00 0.000000000000000000e+00 0.000000000000000000e+00 1.000000000000000000e+00
1.716291234861866236e+09 -2.129671573638916016e+00 -1.062929058074951172e+01 1.380188107490539551e+00 0.000000000000000000e+00 0.000000000000000000e+00 0.000000000000000000e+00 1.000000000000000000e+00
1.716291234911587477e+09 -2.130068540573120117e+00 -1.064553260803222834e+01 1.380507707595825195e+00 0.000000000000000000e+00 0.000000000000000000e+00 0.000000000000000000e+00 1.000000000000000000e+00
1.716291234961772442e+09 -2.130841016769409180e+00 -1.065966129302978338e+01 1.381123781204223633e+00 0.000000000000000000e+00 0.000000000000000000e+00 0.000000000000000000e+00 1.000000000000000000e+00
1.716291235011991262e+09 -2.132760524749755859e+00 -1.067152309417724609e+01 1.381886363029479980e+00 0.000000000000000000e+00 0.000000000000000000e+00 0.000000000000000000e+00 1.000000000000000000e+00
1.716291235062105656e+09 -2.138383150100708008e+00 -1.069284534454345525e+01 1.383072733879089355e+00 0.000000000000000000e+00 0.000000000000000000e+00 0.000000000000000000e+00 1.000000000000000000e+00
1.716291235112171173e+09 -2.143227815628052202e+00 -1.070209407806396484e+01 1.385240197181701660e+00 0.000000000000000000e+00 0.000000000000000000e+00 0.000000000000000000e+00 1.000000000000000000e+00
1.716291235162538052e+09 -2.149788141250610352e+00 -1.071100330352783203e+01 1.388135313987731934e+00 0.000000000000000000e+00 0.000000000000000000e+00 0.000000000000000000e+00 1.000000000000000000e+00
1.716291235915190220e+09 -2.453509092330932617e+00 -1.080178928375243963e+01 1.440304279327392578e+00 0.000000000000000000e+00 0.000000000000000000e+00 0.000000000000000000e+00 1.000000000000000000e+00
1.716291235965958357e+09 -2.482569932937622070e+00 -1.080850219726562322e+01 1.444889545440673828e+00 0.000000000000000000e+00 0.000000000000000000e+00 0.000000000000000000e+00 1.000000000000000000e+00
1.716291236066242933e+09 -2.514957427978516069e+00 -1.083182621002197266e+01 1.449484586715698242e+00 0.000000000000000000e+00 0.000000000000000000e+00 0.000000000000000000e+00 1.000000000000000000e+00
1.716291236166054964e+09 -2.609484910964965820e+00 -1.085987758636474609e+01 1.465366721153259277e+00 0.000000000000000000e+00 0.000000000000000000e+00 0.000000000000000000e+00 1.000000000000000000e+00
1.716291236216302395e+09 -2.640138387680053711e+00 -1.086893749237060369e+01 1.470460534095764160e+00 0.000000000000000000e+00 0.000000000000000000e+00 0.000000000000000000e+00 1.000000000000000000e+00
1.716291236316722393e+09 -2.676907062530517578e+00 -1.089701747894287287e+01 1.475676894187927246e+00 0.000000000000000000e+00 0.000000000000000000e+00 0.000000000000000000e+00 1.000000000000000000e+00
1.716291236366934776e+09 -2.738822221755981001e+00 -1.091976928710937678e+01 1.486823558807373047e+00 0.000000000000000000e+00 0.000000000000000000e+00 0.000000000000000000e+00 1.000000000000000000e+00
1.716291236416991472e+09 -2.769208192825317383e+00 -1.093066787719726562e+01 1.492689371109008789e+00 0.000000000000000000e+00 0.000000000000000000e+00 0.000000000000000000e+00 1.000000000000000000e+00
1.716291236467498541e+09 -2.804914236068725586e+00 -1.096181106567382812e+01 1.499232053756714089e+00 0.000000000000000000e+00 0.000000000000000000e+00 0.000000000000000000e+00 1.000000000000000000e+00
1.716291236517813921e+09 -2.834475278854370117e+00 -1.097588062286376953e+01 1.506304264068603516e+00 0.000000000000000000e+00 0.000000000000000000e+00 0.000000000000000000e+00 1.000000000000000000e+00
1.716291236567942142e+09 -2.863494873046875000e+00 -1.099002742767333984e+01 1.513699173927307129e+00 0.000000000000000000e+00 0.000000000000000000e+00 0.000000000000000000e+00 1.000000000000000000e+00
1.716291236618415833e+09 -2.891824483871459961e+00 -1.100429725646972834e+01 1.520884633064270020e+00 0.000000000000000000e+00 0.000000000000000000e+00 0.000000000000000000e+00 1.000000000000000000e+00
1.716291236668290138e+09 -2.918683528900146484e+00 -1.101786804199218750e+01 1.527771830558776855e+00 0.000000000000000000e+00 0.000000000000000000e+00 0.000000000000000000e+00 1.000000000000000000e+00
1.716291236718395472e+09 -2.951133012771606445e+00 -1.104851913452148438e+01 1.535915851593017578e+00 0.000000000000000000e+00 0.000000000000000000e+00 0.000000000000000000e+00 1.000000000000000000e+00
1.716291236769681692e+09 -2.977974414825439453e+00 -1.106198024749756037e+01 1.544786930084228294e+00 0.000000000000000000e+00 0.000000000000000000e+00 0.000000000000000000e+00 1.000000000000000000e+00
1.716291236819907665e+09 -3.002646446228027788e+00 -1.107286834716796875e+01 1.553655624389648438e+00 0.000000000000000000e+00 0.000000000000000000e+00 0.000000000000000000e+00 1.000000000000000000e+00
1.716291236869715452e+09 -3.027176618576049805e+00 -1.108582115173339844e+01 1.562725186347961426e+00 0.000000000000000000e+00 0.000000000000000000e+00 0.000000000000000000e+00 1.000000000000000000e+00
1.716291236970700026e+09 -3.078114271163940430e+00 -1.112351512908935547e+01 1.581905126571655273e+00 0.000000000000000000e+00 0.000000000000000000e+00 0.000000000000000000e+00 1.000000000000000000e+00
1.716291237020832777e+09 -3.098216533660888672e+00 -1.113030433654785156e+01 1.590870738029479980e+00 0.000000000000000000e+00 0.000000000000000000e+00 0.000000000000000000e+00 1.000000000000000000e+00
1.716291237070839882e+09 -3.139169454574584961e+00 -1.114251327514648438e+01 1.610140919685363770e+00 0.000000000000000000e+00 0.000000000000000000e+00 0.000000000000000000e+00 1.000000000000000000e+00
1.716291237171405792e+09 -3.161417007446289062e+00 -1.115793895721435547e+01 1.619405031204223633e+00 0.000000000000000000e+00 0.000000000000000000e+00 0.000000000000000000e+00 1.000000000000000000e+00
1.716291237222717285e+09 -3.179764270782470703e+00 -1.116403961181640625e+01 1.629001498222351074e+00 0.000000000000000000e+00 0.000000000000000000e+00 0.000000000000000000e+00 1.000000000000000000e+00
1.716291237272217512e+09 -3.197006940841674805e+00 -1.117146682739257812e+01 1.638493299484252930e+00 0.000000000000000000e+00 0.000000000000000000e+00 0.000000000000000000e+00 1.000000000000000000e+00
1.716291237322391987e+09 -3.212349891662597656e+00 -1.117943000793457031e+01 1.646881341934204102e+00 0.000000000000000000e+00 0.000000000000000000e+00 0.000000000000000000e+00 1.000000000000000000e+00
1.716291237371361256e+09 -3.226926803588867188e+00 -1.118655967712402344e+01 1.654808640480041504e+00 0.000000000000000000e+00 0.000000000000000000e+00 0.000000000000000000e+00 1.000000000000000000e+00
1.716291237471508741e+09 -3.242458820343017578e+00 -1.119550037384033203e+01 1.661312103271484375e+00 0.000000000000000000e+00 0.000000000000000000e+00 0.000000000000000000e+00 1.000000000000000000e+00
1.716291237522285461e+09 -3.268847227096557617e+00 -1.119598102569580078e+01 1.671998381614685059e+00 0.000000000000000000e+00 0.000000000000000000e+00 0.000000000000000000e+00 1.000000000000000000e+00
1.716291237572258472e+09 -3.280462265014648438e+00 -1.119458866119384766e+01 1.676559805870056152e+00 0.000000000000000000e+00 0.000000000000000000e+00 0.000000000000000000e+00 1.000000000000000000e+00
1.716291237622426033e+09 -3.291504621505737305e+00 -1.119648075103759766e+01 1.680979251861572488e+00 0.000000000000000000e+00 0.000000000000000000e+00 0.000000000000000000e+00 1.000000000000000000e+00
1.716291237672137499e+09 -3.299904346466064453e+00 -1.119498538970947266e+01 1.684596538543701172e+00 0.000000000000000000e+00 0.000000000000000000e+00 0.000000000000000000e+00 1.000000000000000000e+00
1.716291237723159790e+09 -3.306926727294921875e+00 -1.119285678863525391e+01 1.687621593475341797e+00 0.000000000000000000e+00 0.000000000000000000e+00 0.000000000000000000e+00 1.000000000000000000e+00
1.716291237772191763e+09 -3.312965154647827148e+00 -1.119103240966796875e+01 1.689704179763793945e+00 0.000000000000000000e+00 0.000000000000000000e+00 0.000000000000000000e+00 1.000000000000000000e+00
1.716291237872523069e+09 -3.317390918731689009e+00 -1.118760681152343750e+01 1.691187024116515891e+00 0.000000000000000000e+00 0.000000000000000000e+00 0.000000000000000000e+00 1.000000000000000000e+00
1.716291237922805071e+09 -3.320242166519165039e+00 -1.118570899963378729e+01 1.691674351692199707e+00 0.000000000000000000e+00 0.000000000000000000e+00 0.000000000000000000e+00 1.000000000000000000e+00
1.716291237972895145e+09 -3.320313692092895508e+00 -1.118153381347656250e+01 1.690626144409179688e+00 0.000000000000000000e+00 0.000000000000000000e+00 0.000000000000000000e+00 1.000000000000000000e+00
1.716291238073205948e+09 -3.318063974380493164e+00 -1.117702388763427557e+01 1.688597917556762695e+00 0.000000000000000000e+00 0.000000000000000000e+00 0.000000000000000000e+00 1.000000000000000000e+00
1.716291238123842955e+09 -3.315890550613403764e+00 -1.117354774475097656e+01 1.685760617256164551e+00 0.000000000000000000e+00 0.000000000000000000e+00 0.000000000000000000e+00 1.000000000000000000e+00
1.716291238273978710e+09 -3.297932863235473633e+00 -1.114784622192382812e+01 1.670509696006774902e+00 0.000000000000000000e+00 0.000000000000000000e+00 0.000000000000000000e+00 1.000000000000000000e+00
1.716291238324939728e+09 -3.289345502853393555e+00 -1.114006614685058594e+01 1.663905024528503418e+00 0.000000000000000000e+00 0.000000000000000000e+00 0.000000000000000000e+00 1.000000000000000000e+00
1.716291238374504566e+09 -3.268529176712036133e+00 -1.112141895294189631e+01 1.648502707481384499e+00 0.000000000000000000e+00 0.000000000000000000e+00 0.000000000000000000e+00 1.000000000000000000e+00
1.716291238425273657e+09 -3.256739139556884766e+00 -1.110936927795410156e+01 1.640137076377868874e+00 0.000000000000000000e+00 0.000000000000000000e+00 0.000000000000000000e+00 1.000000000000000000e+00
1.716291238526415586e+09 -3.239156246185302734e+00 -1.108131122589111150e+01 1.630053997039794922e+00 0.000000000000000000e+00 0.000000000000000000e+00 0.000000000000000000e+00 1.000000000000000000e+00
1.716291238575086355e+09 -3.210844039916992188e+00 -1.105337524414062322e+01 1.608447670936584473e+00 0.000000000000000000e+00 0.000000000000000000e+00 0.000000000000000000e+00 1.000000000000000000e+00
1.716291238625785828e+09 -3.195221900939941406e+00 -1.103720569610595525e+01 1.597186803817749023e+00 0.000000000000000000e+00 0.000000000000000000e+00 0.000000000000000000e+00 1.000000000000000000e+00
1.716291238726953030e+09 -3.154930591583251953e+00 -1.098141765594482422e+01 1.571367263793945090e+00 0.000000000000000000e+00 0.000000000000000000e+00 0.000000000000000000e+00 1.000000000000000000e+00
1.716291238775957584e+09 -3.136720657348632812e+00 -1.096178054809570312e+01 1.557194352149963379e+00 0.000000000000000000e+00 0.000000000000000000e+00 0.000000000000000000e+00 1.000000000000000000e+00
1.716291238826274395e+09 -3.118376255035400391e+00 -1.094007110595703125e+01 1.542905449867248313e+00 0.000000000000000000e+00 0.000000000000000000e+00 0.000000000000000000e+00 1.000000000000000000e+00
1.716291238876941919e+09 -3.092434883117675781e+00 -1.089242458343506037e+01 1.527641773223876953e+00 0.000000000000000000e+00 0.000000000000000000e+00 0.000000000000000000e+00 1.000000000000000000e+00
1.716291238926591635e+09 -3.074339628219604492e+00 -1.087266349792480469e+01 1.512141466140747070e+00 0.000000000000000000e+00 0.000000000000000000e+00 0.000000000000000000e+00 1.000000000000000000e+00
1.716291238976694345e+09 -3.054931163787841797e+00 -1.084804344177245916e+01 1.495890021324157493e+00 0.000000000000000000e+00 0.000000000000000000e+00 0.000000000000000000e+00 1.000000000000000000e+00
1.716291239026893854e+09 -3.036532163619995117e+00 -1.082310295104980469e+01 1.479787588119506836e+00 0.000000000000000000e+00 0.000000000000000000e+00 0.000000000000000000e+00 1.000000000000000000e+00
1.716291239077480555e+09 -3.017672777175903764e+00 -1.079617786407470881e+01 1.462650895118713379e+00 0.000000000000000000e+00 0.000000000000000000e+00 0.000000000000000000e+00 1.000000000000000000e+00
1.716291239177508116e+09 -2.973118305206298828e+00 -1.071401309967041016e+01 1.428577423095703125e+00 0.000000000000000000e+00 0.000000000000000000e+00 0.000000000000000000e+00 1.000000000000000000e+00
1.716291239227640867e+09 -2.954739809036254883e+00 -1.068579959869384766e+01 1.410898327827453613e+00 0.000000000000000000e+00 0.000000000000000000e+00 0.000000000000000000e+00 1.000000000000000000e+00
1.716291239277789116e+09 -2.936401128768920898e+00 -1.065650081634521662e+01 1.393589377403259277e+00 0.000000000000000000e+00 0.000000000000000000e+00 0.000000000000000000e+00 1.000000000000000000e+00
1.716291239378626823e+09 -2.891103029251098189e+00 -1.056386566162109375e+01 1.359669089317321777e+00 0.000000000000000000e+00 0.000000000000000000e+00 0.000000000000000000e+00 1.000000000000000000e+00
1.716291239428773880e+09 -2.872965097427368164e+00 -1.053440856933593750e+01 1.343201518058776855e+00 0.000000000000000000e+00 0.000000000000000000e+00 0.000000000000000000e+00 1.000000000000000000e+00
1.716291239479238987e+09 -2.854645967483520508e+00 -1.050600624084472834e+01 1.327100992202758789e+00 0.000000000000000000e+00 0.000000000000000000e+00 0.000000000000000000e+00 1.000000000000000000e+00
1.716291239579484224e+09 -2.827374935150146484e+00 -1.044581890106201172e+01 1.312226057052612305e+00 0.000000000000000000e+00 0.000000000000000000e+00 0.000000000000000000e+00 1.000000000000000000e+00
1.716291239629475117e+09 -2.808638334274291992e+00 -1.041748332977294922e+01 1.297577738761902078e+00 0.000000000000000000e+00 0.000000000000000000e+00 0.000000000000000000e+00 1.000000000000000000e+00
1.716291239679903984e+09 -2.772656679153442383e+00 -1.035830783843993963e+01 1.271511077880859375e+00 0.000000000000000000e+00 0.000000000000000000e+00 0.000000000000000000e+00 1.000000000000000000e+00
1.716291239729899883e+09 -2.755245208740234375e+00 -1.033060073852539062e+01 1.258743405342102051e+00 0.000000000000000000e+00 0.000000000000000000e+00 0.000000000000000000e+00 1.000000000000000000e+00
1.716291239780036688e+09 -2.729668140411376953e+00 -1.027403354644775391e+01 1.247959971427917703e+00 0.000000000000000000e+00 0.000000000000000000e+00 0.000000000000000000e+00 1.000000000000000000e+00
1.716291239830214262e+09 -2.711218118667602539e+00 -1.024662017822265625e+01 1.238184809684753418e+00 0.000000000000000000e+00 0.000000000000000000e+00 0.000000000000000000e+00 1.000000000000000000e+00
1.716291239880419493e+09 -2.692020416259765625e+00 -1.021941280364990234e+01 1.229668259620666504e+00 0.000000000000000000e+00 0.000000000000000000e+00 0.000000000000000000e+00 1.000000000000000000e+00
1.716291239930611849e+09 -2.673005580902100053e+00 -1.019424819946289062e+01 1.222878098487854004e+00 0.000000000000000000e+00 0.000000000000000000e+00 0.000000000000000000e+00 1.000000000000000000e+00
1.716291239980762005e+09 -2.646926879882812500e+00 -1.014096832275390625e+01 1.217700123786926492e+00 0.000000000000000000e+00 0.000000000000000000e+00 0.000000000000000000e+00 1.000000000000000000e+00
1.716291240031133652e+09 -2.626701116561889648e+00 -1.011514186859130859e+01 1.214546084403991699e+00 0.000000000000000000e+00 0.000000000000000000e+00 0.000000000000000000e+00 1.000000000000000000e+00
1.716291240080973625e+09 -2.608336448669433594e+00 -1.009194087982177557e+01 1.212319731712341309e+00 0.000000000000000000e+00 0.000000000000000000e+00 0.000000000000000000e+00 1.000000000000000000e+00
1.716291240131320477e+09 -2.588731050491333008e+00 -1.006805419921875000e+01 1.211745381355285645e+00 0.000000000000000000e+00 0.000000000000000000e+00 0.000000000000000000e+00 1.000000000000000000e+00
1.716291240181519032e+09 -2.561218738555908203e+00 -1.001834869384765625e+01 1.213194727897644043e+00 0.000000000000000000e+00 0.000000000000000000e+00 0.000000000000000000e+00 1.000000000000000000e+00
1.716291240231730223e+09 -2.541395425796508789e+00 -9.996620178222656250e+00 1.215398907661437988e+00 0.000000000000000000e+00 0.000000000000000000e+00 0.000000000000000000e+00 1.000000000000000000e+00
1.716291240281778097e+09 -2.521465539932250977e+00 -9.974928855895996094e+00 1.218697309494018555e+00 0.000000000000000000e+00 0.000000000000000000e+00 0.000000000000000000e+00 1.000000000000000000e+00
1.716291240332028627e+09 -2.501983642578125000e+00 -9.954163551330566406e+00 1.223083615303039551e+00 0.000000000000000000e+00 0.000000000000000000e+00 0.000000000000000000e+00 1.000000000000000000e+00
1.716291240683310747e+09 -2.372804880142211914e+00 -9.790353775024414062e+00 1.268939137458801270e+00 0.000000000000000000e+00 0.000000000000000000e+00 0.000000000000000000e+00 1.000000000000000000e+00
1.716291240733554602e+09 -2.333979129791260210e+00 -9.754855155944824219e+00 1.289276599884033203e+00 0.000000000000000000e+00 0.000000000000000000e+00 0.000000000000000000e+00 1.000000000000000000e+00
1.716291240783875942e+09 -2.314689397811889648e+00 -9.737040519714355469e+00 1.300091862678527832e+00 0.000000000000000000e+00 0.000000000000000000e+00 0.000000000000000000e+00 1.000000000000000000e+00
1.716291240884056807e+09 -2.290263891220092773e+00 -9.698843002319335938e+00 1.311971068382263184e+00 0.000000000000000000e+00 0.000000000000000000e+00 0.000000000000000000e+00 1.000000000000000000e+00
1.716291240934287786e+09 -2.250077486038208008e+00 -9.665514945983888495e+00 1.336483359336853027e+00 0.000000000000000000e+00 0.000000000000000000e+00 0.000000000000000000e+00 1.000000000000000000e+00
1.716291240984579325e+09 -2.229801177978516069e+00 -9.649870872497560370e+00 1.349626183509826882e+00 0.000000000000000000e+00 0.000000000000000000e+00 0.000000000000000000e+00 1.000000000000000000e+00
1.716291241086371899e+09 -2.204436302185058594e+00 -9.612788200378417969e+00 1.363630175590515137e+00 0.000000000000000000e+00 0.000000000000000000e+00 0.000000000000000000e+00 1.000000000000000000e+00
1.716291241135209799e+09 -2.163318634033203125e+00 -9.581422805786132812e+00 1.392175436019897683e+00 0.000000000000000000e+00 0.000000000000000000e+00 0.000000000000000000e+00 1.000000000000000000e+00
1.716291241185362339e+09 -2.142062187194824219e+00 -9.564804077148437500e+00 1.407213091850280762e+00 0.000000000000000000e+00 0.000000000000000000e+00 0.000000000000000000e+00 1.000000000000000000e+00
1.716291241235637903e+09 -2.116411685943603516e+00 -9.529644966125488281e+00 1.422478914260864480e+00 0.000000000000000000e+00 0.000000000000000000e+00 0.000000000000000000e+00 1.000000000000000000e+00
1.716291241285861492e+09 -2.094431877136230469e+00 -9.513079643249511719e+00 1.438090920448303223e+00 0.000000000000000000e+00 0.000000000000000000e+00 0.000000000000000000e+00 1.000000000000000000e+00
1.716291241335995436e+09 -2.072300672531127930e+00 -9.497511863708496094e+00 1.453850388526916504e+00 0.000000000000000000e+00 0.000000000000000000e+00 0.000000000000000000e+00 1.000000000000000000e+00
1.716291241386234283e+09 -2.044861555099487749e+00 -9.459499359130859375e+00 1.469973325729369895e+00 0.000000000000000000e+00 0.000000000000000000e+00 0.000000000000000000e+00 1.000000000000000000e+00
1.716291241486598969e+09 -2.002334356307983398e+00 -9.422574996948242188e+00 1.500465750694274902e+00 0.000000000000000000e+00 0.000000000000000000e+00 0.000000000000000000e+00 1.000000000000000000e+00
1.716291241536719561e+09 -1.980930805206298828e+00 -9.404569625854492188e+00 1.516134977340698242e+00 0.000000000000000000e+00 0.000000000000000000e+00 0.000000000000000000e+00 1.000000000000000000e+00
1.716291241586987019e+09 -1.937533974647521973e+00 -9.371570587158203125e+00 1.547327160835265891e+00 0.000000000000000000e+00 0.000000000000000000e+00 0.000000000000000000e+00 1.000000000000000000e+00
1.716291241687174320e+09 -1.911963582038879617e+00 -9.334857940673828125e+00 1.561625599861145020e+00 0.000000000000000000e+00 0.000000000000000000e+00 0.000000000000000000e+00 1.000000000000000000e+00
1.716291241737468958e+09 -1.890887141227722390e+00 -9.316574096679687500e+00 1.575091123580932617e+00 0.000000000000000000e+00 0.000000000000000000e+00 0.000000000000000000e+00 1.000000000000000000e+00
1.716291241787737846e+09 -1.870275616645812988e+00 -9.296116828918455255e+00 1.587558865547180176e+00 0.000000000000000000e+00 0.000000000000000000e+00 0.000000000000000000e+00 1.000000000000000000e+00
1.716291241837835073e+09 -1.850236058235168457e+00 -9.274492263793943536e+00 1.599088311195373535e+00 0.000000000000000000e+00 0.000000000000000000e+00 0.000000000000000000e+00 1.000000000000000000e+00
1.716291241887989759e+09 -1.826142191886901633e+00 -9.229176521301269531e+00 1.609524488449096902e+00 0.000000000000000000e+00 0.000000000000000000e+00 0.000000000000000000e+00 1.000000000000000000e+00
1.716291241938207388e+09 -1.807686805725097656e+00 -9.208206176757812500e+00 1.619376778602600098e+00 0.000000000000000000e+00 0.000000000000000000e+00 0.000000000000000000e+00 1.000000000000000000e+00
1.716291241988458157e+09 -1.790277361869812012e+00 -9.188033103942872870e+00 1.628298878669738770e+00 0.000000000000000000e+00 0.000000000000000000e+00 0.000000000000000000e+00 1.000000000000000000e+00
1.716291242038528919e+09 -1.773625850677490234e+00 -9.165662765502929688e+00 1.636341094970703125e+00 0.000000000000000000e+00 0.000000000000000000e+00 0.000000000000000000e+00 1.000000000000000000e+00
1.716291242088653564e+09 -1.753472208976745605e+00 -9.118504524230955255e+00 1.643017172813415527e+00 0.000000000000000000e+00 0.000000000000000000e+00 0.000000000000000000e+00 1.000000000000000000e+00
1.716291242138852835e+09 -1.725674033164978027e+00 -9.070663452148437500e+00 1.654152393341064453e+00 0.000000000000000000e+00 0.000000000000000000e+00 0.000000000000000000e+00 1.000000000000000000e+00
1.716291242239444256e+09 -1.713530778884887695e+00 -9.046420097351074219e+00 1.658229827880859375e+00 0.000000000000000000e+00 0.000000000000000000e+00 0.000000000000000000e+00 1.000000000000000000e+00
1.716291242289328337e+09 -1.697571516036987305e+00 -8.994417190551757812e+00 1.660902976989746094e+00 0.000000000000000000e+00 0.000000000000000000e+00 0.000000000000000000e+00 1.000000000000000000e+00
1.716291242339533567e+09 -1.678318262100219505e+00 -8.935895919799804688e+00 1.663979649543762207e+00 0.000000000000000000e+00 0.000000000000000000e+00 0.000000000000000000e+00 1.000000000000000000e+00
1.716291242440021992e+09 -1.671144008636474609e+00 -8.908737182617187500e+00 1.664458990097045898e+00 0.000000000000000000e+00 0.000000000000000000e+00 0.000000000000000000e+00 1.000000000000000000e+00
1.716291242490058422e+09 -1.659683465957641602e+00 -8.850852966308593750e+00 1.664099216461181641e+00 0.000000000000000000e+00 0.000000000000000000e+00 0.000000000000000000e+00 1.000000000000000000e+00
1.716291242540179253e+09 -1.655263423919677512e+00 -8.821146965026855469e+00 1.664388656616210938e+00 0.000000000000000000e+00 0.000000000000000000e+00 0.000000000000000000e+00 1.000000000000000000e+00
1.716291242590420723e+09 -1.651505470275878906e+00 -8.791313171386718750e+00 1.664783716201782227e+00 0.000000000000000000e+00 0.000000000000000000e+00 0.000000000000000000e+00 1.000000000000000000e+00
1.716291242640601635e+09 -1.650143742561340332e+00 -8.761031150817871094e+00 1.665055513381958008e+00 0.000000000000000000e+00 0.000000000000000000e+00 0.000000000000000000e+00 1.000000000000000000e+00
1.716291242690749407e+09 -1.643797039985656738e+00 -8.700148582458496094e+00 1.664596557617187500e+00 0.000000000000000000e+00 0.000000000000000000e+00 0.000000000000000000e+00 1.000000000000000000e+00
1.716291242740811825e+09 -1.644478917121887207e+00 -8.668466567993164062e+00 1.664396882057189941e+00 0.000000000000000000e+00 0.000000000000000000e+00 0.000000000000000000e+00 1.000000000000000000e+00
1.716291242791108847e+09 -1.646243572235107422e+00 -8.637597084045410156e+00 1.663889408111572488e+00 0.000000000000000000e+00 0.000000000000000000e+00 0.000000000000000000e+00 1.000000000000000000e+00
1.716291242841229677e+09 -1.648467659950256348e+00 -8.605621337890625000e+00 1.663104176521301270e+00 0.000000000000000000e+00 0.000000000000000000e+00 0.000000000000000000e+00 1.000000000000000000e+00
1.716291242891423702e+09 -1.645716905593872070e+00 -8.542020797729492188e+00 1.661364555358886719e+00 0.000000000000000000e+00 0.000000000000000000e+00 0.000000000000000000e+00 1.000000000000000000e+00
1.716291242941617250e+09 -1.650216341018676758e+00 -8.507562637329101562e+00 1.659976959228515625e+00 0.000000000000000000e+00 0.000000000000000000e+00 0.000000000000000000e+00 1.000000000000000000e+00
1.716291242991710424e+09 -1.656827330589294434e+00 -8.474723815917968750e+00 1.658164381980895996e+00 0.000000000000000000e+00 0.000000000000000000e+00 0.000000000000000000e+00 1.000000000000000000e+00
1.716291243042515516e+09 -1.664402127265930176e+00 -8.443715095520019531e+00 1.656345129013061523e+00 0.000000000000000000e+00 0.000000000000000000e+00 0.000000000000000000e+00 1.000000000000000000e+00
1.716291243142415047e+09 -1.678889036178588867e+00 -8.351171493530273438e+00 1.652241349220276101e+00 0.000000000000000000e+00 0.000000000000000000e+00 0.000000000000000000e+00 1.000000000000000000e+00
1.716291243192604303e+09 -1.690452456474304199e+00 -8.319317817687988281e+00 1.648532748222351074e+00 0.000000000000000000e+00 0.000000000000000000e+00 0.000000000000000000e+00 1.000000000000000000e+00
1.716291243243018150e+09 -1.702353477478027122e+00 -8.294467926025390625e+00 1.646592378616333008e+00 0.000000000000000000e+00 0.000000000000000000e+00 0.000000000000000000e+00 1.000000000000000000e+00
1.716291243744796276e+09 -1.859308362007140891e+00 -7.878167629241943359e+00 1.630541324615478294e+00 0.000000000000000000e+00 0.000000000000000000e+00 0.000000000000000000e+00 1.000000000000000000e+00
1.716291243794933319e+09 -1.914956688880920410e+00 -7.831877708435058594e+00 1.630744099617004395e+00 0.000000000000000000e+00 0.000000000000000000e+00 0.000000000000000000e+00 1.000000000000000000e+00
1.716291243895521879e+09 -1.940819978713989258e+00 -7.794593811035156250e+00 1.630588054656982422e+00 0.000000000000000000e+00 0.000000000000000000e+00 0.000000000000000000e+00 1.000000000000000000e+00
1.716291243945559263e+09 -1.969123721122741699e+00 -7.757574081420898438e+00 1.630386829376220703e+00 0.000000000000000000e+00 0.000000000000000000e+00 0.000000000000000000e+00 1.000000000000000000e+00
1.716291243995726347e+09 -1.994236588478088379e+00 -7.701583862304686612e+00 1.629904508590698242e+00 0.000000000000000000e+00 0.000000000000000000e+00 0.000000000000000000e+00 1.000000000000000000e+00
1.716291244045917511e+09 -2.023700475692749023e+00 -7.669077396392822266e+00 1.629573464393615501e+00 0.000000000000000000e+00 0.000000000000000000e+00 0.000000000000000000e+00 1.000000000000000000e+00
1.716291244096158743e+09 -2.088269233703613281e+00 -7.601987838745117188e+00 1.628789186477661133e+00 0.000000000000000000e+00 0.000000000000000000e+00 0.000000000000000000e+00 1.000000000000000000e+00
1.716291244196343899e+09 -2.120869398117064986e+00 -7.571135044097900391e+00 1.629404544830322488e+00 0.000000000000000000e+00 0.000000000000000000e+00 0.000000000000000000e+00 1.000000000000000000e+00
1.716291244246584415e+09 -2.146744251251220703e+00 -7.516002655029296875e+00 1.629390120506286621e+00 0.000000000000000000e+00 0.000000000000000000e+00 0.000000000000000000e+00 1.000000000000000000e+00
1.716291244296877384e+09 -2.214936971664428711e+00 -7.450284481048583984e+00 1.629626035690307617e+00 0.000000000000000000e+00 0.000000000000000000e+00 0.000000000000000000e+00 1.000000000000000000e+00
1.716291244397181511e+09 -2.243588447570800781e+00 -7.399911403656005859e+00 1.629587054252624290e+00 0.000000000000000000e+00 0.000000000000000000e+00 0.000000000000000000e+00 1.000000000000000000e+00
1.716291244497671604e+09 -2.350707530975341797e+00 -7.308804988861083984e+00 1.630286335945129395e+00 0.000000000000000000e+00 0.000000000000000000e+00 0.000000000000000000e+00 1.000000000000000000e+00
1.716291244547828913e+09 -2.387517929077148438e+00 -7.278962135314941406e+00 1.630693197250366211e+00 0.000000000000000000e+00 0.000000000000000000e+00 0.000000000000000000e+00 1.000000000000000000e+00
1.716291244648141861e+09 -2.455501794815063477e+00 -7.205588817596436435e+00 1.631631493568420410e+00 0.000000000000000000e+00 0.000000000000000000e+00 0.000000000000000000e+00 1.000000000000000000e+00
1.716291244749588728e+09 -2.529991149902344194e+00 -7.146860122680664062e+00 1.633051156997680886e+00 0.000000000000000000e+00 0.000000000000000000e+00 0.000000000000000000e+00 1.000000000000000000e+00
1.716291244798654556e+09 -2.566636562347412109e+00 -7.116748332977294922e+00 1.634123563766479492e+00 0.000000000000000000e+00 0.000000000000000000e+00 0.000000000000000000e+00 1.000000000000000000e+00
1.716291244848881245e+09 -2.598414182662963867e+00 -7.073227882385253906e+00 1.635104298591613770e+00 0.000000000000000000e+00 0.000000000000000000e+00 0.000000000000000000e+00 1.000000000000000000e+00
1.716291244899079561e+09 -2.637322664260864258e+00 -7.043842315673828125e+00 1.636013150215148926e+00 0.000000000000000000e+00 0.000000000000000000e+00 0.000000000000000000e+00 1.000000000000000000e+00
1.716291244999381781e+09 -2.712552309036254883e+00 -6.986157894134521484e+00 1.640235304832458496e+00 0.000000000000000000e+00 0.000000000000000000e+00 0.000000000000000000e+00 1.000000000000000000e+00
1.716291245049565792e+09 -2.750714063644409180e+00 -6.956125736236572266e+00 1.641892313957214355e+00 0.000000000000000000e+00 0.000000000000000000e+00 0.000000000000000000e+00 1.000000000000000000e+00
1.716291245150042534e+09 -2.783948421478271484e+00 -6.914816856384277344e+00 1.643927335739135520e+00 0.000000000000000000e+00 0.000000000000000000e+00 0.000000000000000000e+00 1.000000000000000000e+00
1.716291245250407696e+09 -2.897242784500122070e+00 -6.827753543853759766e+00 1.651253461837768555e+00 0.000000000000000000e+00 0.000000000000000000e+00 0.000000000000000000e+00 1.000000000000000000e+00
1.716291245351117611e+09 -2.931320428848266602e+00 -6.789152622222900391e+00 1.654285073280334473e+00 0.000000000000000000e+00 0.000000000000000000e+00 0.000000000000000000e+00 1.000000000000000000e+00
1.716291245401308060e+09 -2.970010519027709961e+00 -6.760251522064208984e+00 1.656159043312072754e+00 0.000000000000000000e+00 0.000000000000000000e+00 0.000000000000000000e+00 1.000000000000000000e+00
1.716291245501738310e+09 -3.085363149642944336e+00 -6.671796321868896484e+00 1.665139436721801758e+00 0.000000000000000000e+00 0.000000000000000000e+00 0.000000000000000000e+00 1.000000000000000000e+00
1.716291245602069855e+09 -3.119781970977783203e+00 -6.634706497192382812e+00 1.667576551437377930e+00 0.000000000000000000e+00 0.000000000000000000e+00 0.000000000000000000e+00 1.000000000000000000e+00
1.716291245652381182e+09 -3.195630311965942383e+00 -6.578362941741943359e+00 1.672210216522216797e+00 0.000000000000000000e+00 0.000000000000000000e+00 0.000000000000000000e+00 1.000000000000000000e+00
1.716291245754210234e+09 -3.226782083511352539e+00 -6.543026447296142578e+00 1.673618316650390625e+00 0.000000000000000000e+00 0.000000000000000000e+00 0.000000000000000000e+00 1.000000000000000000e+00
1.716291245802794218e+09 -3.262927293777465820e+00 -6.514967441558837891e+00 1.675000190734863281e+00 0.000000000000000000e+00 0.000000000000000000e+00 0.000000000000000000e+00 1.000000000000000000e+00
1.716291245853285551e+09 -3.299320697784423828e+00 -6.486482143402099609e+00 1.676036715507507102e+00 0.000000000000000000e+00 0.000000000000000000e+00 0.000000000000000000e+00 1.000000000000000000e+00
1.716291245903383255e+09 -3.367581367492675781e+00 -6.430990219116210938e+00 1.675961732864380105e+00 0.000000000000000000e+00 0.000000000000000000e+00 0.000000000000000000e+00 1.000000000000000000e+00
1.716291245953543901e+09 -3.401296377182006836e+00 -6.403071880340576172e+00 1.674585700035095215e+00 0.000000000000000000e+00 0.000000000000000000e+00 0.000000000000000000e+00 1.000000000000000000e+00
1.716291246003351212e+09 -3.430854558944702148e+00 -6.368042469024658203e+00 1.672272920608520508e+00 0.000000000000000000e+00 0.000000000000000000e+00 0.000000000000000000e+00 1.000000000000000000e+00
1.716291246053615808e+09 -3.463381052017211914e+00 -6.340237617492675781e+00 1.669487714767456055e+00 0.000000000000000000e+00 0.000000000000000000e+00 0.000000000000000000e+00 1.000000000000000000e+00
1.716291246103824615e+09 -3.495996713638305664e+00 -6.314414024353027344e+00 1.665960669517517090e+00 0.000000000000000000e+00 0.000000000000000000e+00 0.000000000000000000e+00 1.000000000000000000e+00
1.716291246154382944e+09 -3.527258157730102539e+00 -6.287951946258544922e+00 1.661810874938964844e+00 0.000000000000000000e+00 0.000000000000000000e+00 0.000000000000000000e+00 1.000000000000000000e+00
1.716291246204277277e+09 -3.556830406188964844e+00 -6.259915828704833984e+00 1.656670928001403809e+00 0.000000000000000000e+00 0.000000000000000000e+00 0.000000000000000000e+00 1.000000000000000000e+00
1.716291246254411221e+09 -3.581737756729125977e+00 -6.225095272064208984e+00 1.650875329971313699e+00 0.000000000000000000e+00 0.000000000000000000e+00 0.000000000000000000e+00 1.000000000000000000e+00
1.716291246304565907e+09 -3.611293554306030273e+00 -6.197753429412841797e+00 1.644413352012634499e+00 0.000000000000000000e+00 0.000000000000000000e+00 0.000000000000000000e+00 1.000000000000000000e+00
1.716291246354748964e+09 -3.640330076217651367e+00 -6.170479774475097656e+00 1.637255072593688965e+00 0.000000000000000000e+00 0.000000000000000000e+00 0.000000000000000000e+00 1.000000000000000000e+00
1.716291246404875278e+09 -3.667922019958496094e+00 -6.144992351531982422e+00 1.629605770111083984e+00 0.000000000000000000e+00 0.000000000000000000e+00 0.000000000000000000e+00 1.000000000000000000e+00
1.716291246454970837e+09 -3.691518545150756836e+00 -6.111181259155273438e+00 1.621533632278442383e+00 0.000000000000000000e+00 0.000000000000000000e+00 0.000000000000000000e+00 1.000000000000000000e+00
1.716291246505232334e+09 -3.718373298645019975e+00 -6.085688591003417969e+00 1.613340377807617188e+00 0.000000000000000000e+00 0.000000000000000000e+00 0.000000000000000000e+00 1.000000000000000000e+00
1.716291246555394650e+09 -3.744987487792968750e+00 -6.060125350952148438e+00 1.604786515235900879e+00 0.000000000000000000e+00 0.000000000000000000e+00 0.000000000000000000e+00 1.000000000000000000e+00
1.716291246605491161e+09 -3.772260427474976030e+00 -6.033934593200683594e+00 1.595635414123535156e+00 0.000000000000000000e+00 0.000000000000000000e+00 0.000000000000000000e+00 1.000000000000000000e+00
1.716291246655848265e+09 -3.792118787765502930e+00 -6.001542568206787109e+00 1.586407542228698730e+00 0.000000000000000000e+00 0.000000000000000000e+00 0.000000000000000000e+00 1.000000000000000000e+00
1.716291246706072569e+09 -3.817128658294677734e+00 -5.975169181823730469e+00 1.575733661651611106e+00 0.000000000000000000e+00 0.000000000000000000e+00 0.000000000000000000e+00 1.000000000000000000e+00
1.716291246757351398e+09 -3.841897726058959961e+00 -5.948748588562011719e+00 1.563274860382080078e+00 0.000000000000000000e+00 0.000000000000000000e+00 0.000000000000000000e+00 1.000000000000000000e+00
1.716291246806373358e+09 -3.864705801010131836e+00 -5.924571990966796875e+00 1.550526738166809082e+00 0.000000000000000000e+00 0.000000000000000000e+00 0.000000000000000000e+00 1.000000000000000000e+00
1.716291246906574965e+09 -3.883758544921875000e+00 -5.894293785095214844e+00 1.536563754081726074e+00 0.000000000000000000e+00 0.000000000000000000e+00 0.000000000000000000e+00 1.000000000000000000e+00
1.716291246956726551e+09 -3.906429290771484819e+00 -5.871016502380371094e+00 1.520978331565856934e+00 0.000000000000000000e+00 0.000000000000000000e+00 0.000000000000000000e+00 1.000000000000000000e+00
1.716291247006955862e+09 -3.951965332031250000e+00 -5.821267127990722656e+00 1.490708827972412109e+00 0.000000000000000000e+00 0.000000000000000000e+00 0.000000000000000000e+00 1.000000000000000000e+00
1.716291247057239056e+09 -3.974446535110473633e+00 -5.796252727508544922e+00 1.476325273513793945e+00 0.000000000000000000e+00 0.000000000000000000e+00 0.000000000000000000e+00 1.000000000000000000e+00
1.716291247157549381e+09 -3.992259979248046875e+00 -5.765738964080810547e+00 1.463158488273620605e+00 0.000000000000000000e+00 0.000000000000000000e+00 0.000000000000000000e+00 1.000000000000000000e+00
1.716291247208374739e+09 -4.034253120422363281e+00 -5.717985153198242188e+00 1.441912889480590820e+00 0.000000000000000000e+00 0.000000000000000000e+00 0.000000000000000000e+00 1.000000000000000000e+00
1.716291247257894516e+09 -4.054900169372558594e+00 -5.693478584289550781e+00 1.433227539062500000e+00 0.000000000000000000e+00 0.000000000000000000e+00 0.000000000000000000e+00 1.000000000000000000e+00
1.716291247358290911e+09 -4.091845512390136719e+00 -5.638461589813232422e+00 1.419678211212158203e+00 0.000000000000000000e+00 0.000000000000000000e+00 0.000000000000000000e+00 1.000000000000000000e+00
1.716291247408573151e+09 -4.111755371093750000e+00 -5.613988876342773438e+00 1.414598703384399414e+00 0.000000000000000000e+00 0.000000000000000000e+00 0.000000000000000000e+00 1.000000000000000000e+00
1.716291247459218025e+09 -4.132244586944580078e+00 -5.590174674987792969e+00 1.410659790039062500e+00 0.000000000000000000e+00 0.000000000000000000e+00 0.000000000000000000e+00 1.000000000000000000e+00
1.716291247558760405e+09 -4.147429943084716797e+00 -5.561421871185302734e+00 1.407506227493285911e+00 0.000000000000000000e+00 0.000000000000000000e+00 0.000000000000000000e+00 1.000000000000000000e+00
1.716291247608955860e+09 -4.166920661926269531e+00 -5.538042068481445312e+00 1.405008673667907493e+00 0.000000000000000000e+00 0.000000000000000000e+00 0.000000000000000000e+00 1.000000000000000000e+00
1.716291247659089088e+09 -4.202341556549072266e+00 -5.492291450500488281e+00 1.401799678802490234e+00 0.000000000000000000e+00 0.000000000000000000e+00 0.000000000000000000e+00 1.000000000000000000e+00
1.716291247760656595e+09 -4.217163562774658203e+00 -5.463231086730957031e+00 1.401018142700195090e+00 0.000000000000000000e+00 0.000000000000000000e+00 0.000000000000000000e+00 1.000000000000000000e+00
1.716291247809620142e+09 -4.236256122589111328e+00 -5.439565181732177734e+00 1.400691390037536621e+00 0.000000000000000000e+00 0.000000000000000000e+00 0.000000000000000000e+00 1.000000000000000000e+00
1.716291247859776497e+09 -4.275849342346191406e+00 -5.391940116882324219e+00 1.402408838272094727e+00 0.000000000000000000e+00 0.000000000000000000e+00 0.000000000000000000e+00 1.000000000000000000e+00
1.716291247909860373e+09 -4.296377182006835938e+00 -5.367942810058593750e+00 1.404448270797729492e+00 0.000000000000000000e+00 0.000000000000000000e+00 0.000000000000000000e+00 1.000000000000000000e+00
1.716291247959986925e+09 -4.313749313354492188e+00 -5.338608741760253906e+00 1.407057642936706321e+00 0.000000000000000000e+00 0.000000000000000000e+00 0.000000000000000000e+00 1.000000000000000000e+00
1.716291248060468674e+09 -4.358131408691406250e+00 -5.288282394409179688e+00 1.413912892341613770e+00 0.000000000000000000e+00 0.000000000000000000e+00 0.000000000000000000e+00 1.000000000000000000e+00
1.716291248110860586e+09 -4.380839347839356357e+00 -5.263033866882324219e+00 1.418173313140869141e+00 0.000000000000000000e+00 0.000000000000000000e+00 0.000000000000000000e+00 1.000000000000000000e+00
1.716291248210980415e+09 -4.401660919189453125e+00 -5.235239982604980469e+00 1.423072099685668945e+00 0.000000000000000000e+00 0.000000000000000000e+00 0.000000000000000000e+00 1.000000000000000000e+00
1.716291248261142015e+09 -4.449697494506835938e+00 -5.184045314788818359e+00 1.434260129928588867e+00 0.000000000000000000e+00 0.000000000000000000e+00 0.000000000000000000e+00 1.000000000000000000e+00
1.716291248311331272e+09 -4.474926948547363281e+00 -5.158363342285156250e+00 1.440520644187927246e+00 0.000000000000000000e+00 0.000000000000000000e+00 0.000000000000000000e+00 1.000000000000000000e+00
1.716291248361571550e+09 -4.500880718231201172e+00 -5.131789207458496094e+00 1.447062611579895020e+00 0.000000000000000000e+00 0.000000000000000000e+00 0.000000000000000000e+00 1.000000000000000000e+00
1.716291248461956024e+09 -4.554630279541015625e+00 -5.076160907745361328e+00 1.461818695068359375e+00 0.000000000000000000e+00 0.000000000000000000e+00 0.000000000000000000e+00 1.000000000000000000e+00
1.716291248512247324e+09 -4.583824634552001953e+00 -5.048486232757568359e+00 1.469896316528320312e+00 0.000000000000000000e+00 0.000000000000000000e+00 0.000000000000000000e+00 1.000000000000000000e+00
1.716291248562387943e+09 -4.614336013793945312e+00 -5.019265174865722656e+00 1.478551506996154785e+00 0.000000000000000000e+00 0.000000000000000000e+00 0.000000000000000000e+00 1.000000000000000000e+00
1.716291248663799763e+09 -4.646014690399169922e+00 -4.989950656890869141e+00 1.487919092178344727e+00 0.000000000000000000e+00 0.000000000000000000e+00 0.000000000000000000e+00 1.000000000000000000e+00
1.716291248712899923e+09 -4.709287166595458984e+00 -4.935740947723388672e+00 1.507585167884826882e+00 0.000000000000000000e+00 0.000000000000000000e+00 0.000000000000000000e+00 1.000000000000000000e+00
1.716291248763227701e+09 -4.740050315856933594e+00 -4.908914089202880859e+00 1.518215179443359375e+00 0.000000000000000000e+00 0.000000000000000000e+00 0.000000000000000000e+00 1.000000000000000000e+00
1.716291248863580465e+09 -4.773737907409667969e+00 -4.887259483337402344e+00 1.528414726257324219e+00 0.000000000000000000e+00 0.000000000000000000e+00 0.000000000000000000e+00 1.000000000000000000e+00
1.716291248913809299e+09 -4.832270622253417969e+00 -4.843336105346679688e+00 1.544973015785217285e+00 0.000000000000000000e+00 0.000000000000000000e+00 0.000000000000000000e+00 1.000000000000000000e+00
1.716291248963915110e+09 -4.861281871795654297e+00 -4.821230411529541016e+00 1.551319956779479980e+00 0.000000000000000000e+00 0.000000000000000000e+00 0.000000000000000000e+00 1.000000000000000000e+00
1.716291249064247608e+09 -4.893987655639648438e+00 -4.802235126495361328e+00 1.556646347045898438e+00 0.000000000000000000e+00 0.000000000000000000e+00 0.000000000000000000e+00 1.000000000000000000e+00
1.716291249114570856e+09 -4.949335098266601562e+00 -4.763825893402099609e+00 1.563332200050354004e+00 0.000000000000000000e+00 0.000000000000000000e+00 0.000000000000000000e+00 1.000000000000000000e+00
1.716291249164562464e+09 -4.976354598999023438e+00 -4.747149467468261719e+00 1.565748929977416992e+00 0.000000000000000000e+00 0.000000000000000000e+00 0.000000000000000000e+00 1.000000000000000000e+00
1.716291249214846611e+09 -5.001140594482421875e+00 -4.731182098388671875e+00 1.567928910255431907e+00 0.000000000000000000e+00 0.000000000000000000e+00 0.000000000000000000e+00 1.000000000000000000e+00
1.716291249315121889e+09 -5.030182361602783203e+00 -4.723673343658447266e+00 1.569313406944274902e+00 0.000000000000000000e+00 0.000000000000000000e+00 0.000000000000000000e+00 1.000000000000000000e+00
1.716291249365694523e+09 -5.053551673889160156e+00 -4.711847782135009766e+00 1.570581555366515891e+00 0.000000000000000000e+00 0.000000000000000000e+00 0.000000000000000000e+00 1.000000000000000000e+00
1.716291249415620327e+09 -5.097095489501953125e+00 -4.691291332244873047e+00 1.572652220726013184e+00 0.000000000000000000e+00 0.000000000000000000e+00 0.000000000000000000e+00 1.000000000000000000e+00
1.716291249465675831e+09 -5.124357700347900391e+00 -4.691165447235107422e+00 1.572889566421508789e+00 0.000000000000000000e+00 0.000000000000000000e+00 0.000000000000000000e+00 1.000000000000000000e+00
1.716291249566149712e+09 -5.159352302551269531e+00 -4.682482719421386719e+00 1.571997642517089844e+00 0.000000000000000000e+00 0.000000000000000000e+00 0.000000000000000000e+00 1.000000000000000000e+00
1.716291249617125034e+09 -5.176225662231445312e+00 -4.680253982543945312e+00 1.571388959884643555e+00 0.000000000000000000e+00 0.000000000000000000e+00 0.000000000000000000e+00 1.000000000000000000e+00
1.716291249666498423e+09 -5.191972255706787109e+00 -4.679236888885498047e+00 1.570922970771789551e+00 0.000000000000000000e+00 0.000000000000000000e+00 0.000000000000000000e+00 1.000000000000000000e+00
1.716291249766852856e+09 -5.230612277984619141e+00 -4.688646793365479404e+00 1.568955302238464355e+00 0.000000000000000000e+00 0.000000000000000000e+00 0.000000000000000000e+00 1.000000000000000000e+00
1.716291249817087889e+09 -5.245602130889892578e+00 -4.691426277160644531e+00 1.567312955856323242e+00 0.000000000000000000e+00 0.000000000000000000e+00 0.000000000000000000e+00 1.000000000000000000e+00
1.716291249867734671e+09 -5.259443283081054688e+00 -4.695490837097167969e+00 1.564995408058166504e+00 0.000000000000000000e+00 0.000000000000000000e+00 0.000000000000000000e+00 1.000000000000000000e+00
1.716291249917649984e+09 -5.273127555847167969e+00 -4.699733734130859375e+00 1.562012553215026855e+00 0.000000000000000000e+00 0.000000000000000000e+00 0.000000000000000000e+00 1.000000000000000000e+00
1.716291249967643499e+09 -5.297913074493408203e+00 -4.714057922363281250e+00 1.558992147445678711e+00 0.000000000000000000e+00 0.000000000000000000e+00 0.000000000000000000e+00 1.000000000000000000e+00
1.716291250018106699e+09 -5.312721729278564453e+00 -4.720041751861572266e+00 1.555103659629821777e+00 0.000000000000000000e+00 0.000000000000000000e+00 0.000000000000000000e+00 1.000000000000000000e+00
1.716291250068214893e+09 -5.327823162078857422e+00 -4.727200508117675781e+00 1.550738215446472168e+00 0.000000000000000000e+00 0.000000000000000000e+00 0.000000000000000000e+00 1.000000000000000000e+00
1.716291250118497372e+09 -5.342273712158203125e+00 -4.733585357666015625e+00 1.545771718025207520e+00 0.000000000000000000e+00 0.000000000000000000e+00 0.000000000000000000e+00 1.000000000000000000e+00
1.716291250218932390e+09 -5.371174335479736328e+00 -4.752306938171386719e+00 1.540374398231506348e+00 0.000000000000000000e+00 0.000000000000000000e+00 0.000000000000000000e+00 1.000000000000000000e+00
1.716291250269811153e+09 -5.405103683471679688e+00 -4.769937992095947266e+00 1.527198553085327148e+00 0.000000000000000000e+00 0.000000000000000000e+00 0.000000000000000000e+00 1.000000000000000000e+00
1.716291250319633245e+09 -5.422788143157958984e+00 -4.780189514160156250e+00 1.519994497299194336e+00 0.000000000000000000e+00 0.000000000000000000e+00 0.000000000000000000e+00 1.000000000000000000e+00
1.716291250369888067e+09 -5.439846515655517578e+00 -4.789629459381104404e+00 1.511965155601501687e+00 0.000000000000000000e+00 0.000000000000000000e+00 0.000000000000000000e+00 1.000000000000000000e+00
1.716291250470086098e+09 -5.492294788360595703e+00 -4.822443485260009766e+00 1.494694113731384499e+00 0.000000000000000000e+00 0.000000000000000000e+00 0.000000000000000000e+00 1.000000000000000000e+00
1.716291250520428896e+09 -5.512753963470458984e+00 -4.832501411437988281e+00 1.485700726509094238e+00 0.000000000000000000e+00 0.000000000000000000e+00 0.000000000000000000e+00 1.000000000000000000e+00
1.716291250570840120e+09 -5.534365653991699219e+00 -4.842737197875976562e+00 1.476800084114074707e+00 0.000000000000000000e+00 0.000000000000000000e+00 0.000000000000000000e+00 1.000000000000000000e+00
1.716291250621015549e+09 -5.557446002960205078e+00 -4.852786064147949219e+00 1.467845439910888894e+00 0.000000000000000000e+00 0.000000000000000000e+00 0.000000000000000000e+00 1.000000000000000000e+00
1.716291250671172142e+09 -5.581910610198974609e+00 -4.862741470336914062e+00 1.459300994873046875e+00 0.000000000000000000e+00 0.000000000000000000e+00 0.000000000000000000e+00 1.000000000000000000e+00
1.716291250771637917e+09 -5.647573947906494141e+00 -4.890731811523437500e+00 1.441354751586914062e+00 0.000000000000000000e+00 0.000000000000000000e+00 0.000000000000000000e+00 1.000000000000000000e+00
1.716291250821738243e+09 -5.673454761505126953e+00 -4.895885467529296875e+00 1.432507753372192383e+00 0.000000000000000000e+00 0.000000000000000000e+00 0.000000000000000000e+00 1.000000000000000000e+00
1.716291250871964216e+09 -5.698694229125976562e+00 -4.900211811065673828e+00 1.424632906913757102e+00 0.000000000000000000e+00 0.000000000000000000e+00 0.000000000000000000e+00 1.000000000000000000e+00
1.716291250972315311e+09 -5.771777629852294922e+00 -4.923848152160644531e+00 1.410197019577026367e+00 0.000000000000000000e+00 0.000000000000000000e+00 0.000000000000000000e+00 1.000000000000000000e+00
1.716291251022439003e+09 -5.800576686859130859e+00 -4.926955699920654297e+00 1.404259562492370605e+00 0.000000000000000000e+00 0.000000000000000000e+00 0.000000000000000000e+00 1.000000000000000000e+00
1.716291251072691202e+09 -5.829923629760742188e+00 -4.929364681243896484e+00 1.398892402648925781e+00 0.000000000000000000e+00 0.000000000000000000e+00 0.000000000000000000e+00 1.000000000000000000e+00
1.716291251173184156e+09 -5.879295349121093750e+00 -4.949854850769042969e+00 1.393876910209655762e+00 0.000000000000000000e+00 0.000000000000000000e+00 0.000000000000000000e+00 1.000000000000000000e+00
1.716291251223858833e+09 -5.940986156463623047e+00 -4.955471515655517578e+00 1.384337663650512695e+00 0.000000000000000000e+00 0.000000000000000000e+00 0.000000000000000000e+00 1.000000000000000000e+00
1.716291251273498297e+09 -5.973648548126220703e+00 -4.958340644836425781e+00 1.379593372344970703e+00 0.000000000000000000e+00 0.000000000000000000e+00 0.000000000000000000e+00 1.000000000000000000e+00
1.716291251323601484e+09 -6.006190776824951172e+00 -4.959712028503417969e+00 1.374974846839904785e+00 0.000000000000000000e+00 0.000000000000000000e+00 0.000000000000000000e+00 1.000000000000000000e+00
1.716291251373910189e+09 -6.039264202117919922e+00 -4.960363864898681641e+00 1.370743274688720703e+00 0.000000000000000000e+00 0.000000000000000000e+00 0.000000000000000000e+00 1.000000000000000000e+00
1.716291251474281549e+09 -6.092092514038085938e+00 -4.977845668792724609e+00 1.366487503051757812e+00 0.000000000000000000e+00 0.000000000000000000e+00 0.000000000000000000e+00 1.000000000000000000e+00
1.716291251524748087e+09 -6.154633522033691406e+00 -4.980031013488769531e+00 1.359583377838134766e+00 0.000000000000000000e+00 0.000000000000000000e+00 0.000000000000000000e+00 1.000000000000000000e+00
1.716291251574645281e+09 -6.186380863189697266e+00 -4.982022762298583984e+00 1.356376409530639648e+00 0.000000000000000000e+00 0.000000000000000000e+00 0.000000000000000000e+00 1.000000000000000000e+00
1.716291251675060034e+09 -6.240801334381104404e+00 -5.003620147705078125e+00 1.352777600288391113e+00 0.000000000000000000e+00 0.000000000000000000e+00 0.000000000000000000e+00 1.000000000000000000e+00
1.716291251725283623e+09 -6.305623531341552734e+00 -5.013672828674316406e+00 1.347897887229919434e+00 0.000000000000000000e+00 0.000000000000000000e+00 0.000000000000000000e+00 1.000000000000000000e+00
1.716291251775410414e+09 -6.338481426239013672e+00 -5.018874168395996094e+00 1.346019744873046875e+00 0.000000000000000000e+00 0.000000000000000000e+00 0.000000000000000000e+00 1.000000000000000000e+00
1.716291251825573444e+09 -6.371543884277343750e+00 -5.025387763977050781e+00 1.344487547874450906e+00 0.000000000000000000e+00 0.000000000000000000e+00 0.000000000000000000e+00 1.000000000000000000e+00
1.716291251925953388e+09 -6.429274082183837891e+00 -5.052260875701904297e+00 1.342951178550720215e+00 0.000000000000000000e+00 0.000000000000000000e+00 0.000000000000000000e+00 1.000000000000000000e+00
1.716291251976208210e+09 -6.461607933044433594e+00 -5.059652805328369141e+00 1.342882156372070312e+00 0.000000000000000000e+00 0.000000000000000000e+00 0.000000000000000000e+00 1.000000000000000000e+00
1.716291252026179075e+09 -6.525925636291503906e+00 -5.078055381774902344e+00 1.343799591064453125e+00 0.000000000000000000e+00 0.000000000000000000e+00 0.000000000000000000e+00 1.000000000000000000e+00
1.716291252076319695e+09 -6.557761669158936435e+00 -5.089281082153320312e+00 1.345135807991027832e+00 0.000000000000000000e+00 0.000000000000000000e+00 0.000000000000000000e+00 1.000000000000000000e+00
1.716291252176885843e+09 -6.648736000061035156e+00 -5.135289669036865234e+00 1.350728511810302734e+00 0.000000000000000000e+00 0.000000000000000000e+00 0.000000000000000000e+00 1.000000000000000000e+00
1.716291252227097273e+09 -6.680696964263916016e+00 -5.149623870849609375e+00 1.354462027549743652e+00 0.000000000000000000e+00 0.000000000000000000e+00 0.000000000000000000e+00 1.000000000000000000e+00
1.716291252277296543e+09 -6.710947036743164062e+00 -5.162897109985351562e+00 1.358723282814026101e+00 0.000000000000000000e+00 0.000000000000000000e+00 0.000000000000000000e+00 1.000000000000000000e+00
1.716291252377710819e+09 -6.768260955810546875e+00 -5.196730136871337891e+00 1.362535595893860085e+00 0.000000000000000000e+00 0.000000000000000000e+00 0.000000000000000000e+00 1.000000000000000000e+00
1.716291252427730799e+09 -6.832620143890380859e+00 -5.224719524383544922e+00 1.370401144027709961e+00 0.000000000000000000e+00 0.000000000000000000e+00 0.000000000000000000e+00 1.000000000000000000e+00
1.716291252477946997e+09 -6.865035057067871094e+00 -5.240025997161865234e+00 1.374196648597717285e+00 0.000000000000000000e+00 0.000000000000000000e+00 0.000000000000000000e+00 1.000000000000000000e+00
1.716291252578351974e+09 -6.922224521636962891e+00 -5.275604724884033203e+00 1.377934575080871582e+00 0.000000000000000000e+00 0.000000000000000000e+00 0.000000000000000000e+00 1.000000000000000000e+00
1.716291252628438234e+09 -6.984089851379394531e+00 -5.308408737182617188e+00 1.386102318763732910e+00 0.000000000000000000e+00 0.000000000000000000e+00 0.000000000000000000e+00 1.000000000000000000e+00
1.716291252678686857e+09 -7.015843868255615234e+00 -5.326184272766113281e+00 1.389580607414245605e+00 0.000000000000000000e+00 0.000000000000000000e+00 0.000000000000000000e+00 1.000000000000000000e+00
1.716291252728991032e+09 -7.045575618743896484e+00 -5.343307018280029297e+00 1.392903685569763184e+00 0.000000000000000000e+00 0.000000000000000000e+00 0.000000000000000000e+00 1.000000000000000000e+00
1.716291252829150677e+09 -7.131233215332031250e+00 -5.399256229400634766e+00 1.398939371109008789e+00 0.000000000000000000e+00 0.000000000000000000e+00 0.000000000000000000e+00 1.000000000000000000e+00
1.716291252879245281e+09 -7.160250663757324219e+00 -5.417299747467041016e+00 1.401789665222167969e+00 0.000000000000000000e+00 0.000000000000000000e+00 0.000000000000000000e+00 1.000000000000000000e+00
1.716291252929555655e+09 -7.187475204467773438e+00 -5.434392929077148438e+00 1.404524922370910645e+00 0.000000000000000000e+00 0.000000000000000000e+00 0.000000000000000000e+00 1.000000000000000000e+00
1.716291253029812336e+09 -7.268950939178466797e+00 -5.487555503845214844e+00 1.411074399948119895e+00 0.000000000000000000e+00 0.000000000000000000e+00 0.000000000000000000e+00 1.000000000000000000e+00
1.716291253080180168e+09 -7.296495914459228516e+00 -5.504227638244628906e+00 1.415027856826782227e+00 0.000000000000000000e+00 0.000000000000000000e+00 0.000000000000000000e+00 1.000000000000000000e+00
1.716291253130349398e+09 -7.323846340179443359e+00 -5.521153450012207031e+00 1.418974995613097922e+00 0.000000000000000000e+00 0.000000000000000000e+00 0.000000000000000000e+00 1.000000000000000000e+00
1.716291253230584621e+09 -7.402599811553955078e+00 -5.571257591247558594e+00 1.426799297332763672e+00 0.000000000000000000e+00 0.000000000000000000e+00 0.000000000000000000e+00 1.000000000000000000e+00
1.716291253280907869e+09 -7.428557872772216797e+00 -5.586688041687011719e+00 1.430296897888183594e+00 0.000000000000000000e+00 0.000000000000000000e+00 0.000000000000000000e+00 1.000000000000000000e+00
1.716291253330946207e+09 -7.453997611999511719e+00 -5.601140975952148438e+00 1.433983564376831055e+00 0.000000000000000000e+00 0.000000000000000000e+00 0.000000000000000000e+00 1.000000000000000000e+00
1.716291253381236792e+09 -7.479514598846435547e+00 -5.615489006042480469e+00 1.438138842582702637e+00 0.000000000000000000e+00 0.000000000000000000e+00 0.000000000000000000e+00 1.000000000000000000e+00
1.716291253431523800e+09 -7.525916576385498047e+00 -5.645325660705566406e+00 1.443285107612610085e+00 0.000000000000000000e+00 0.000000000000000000e+00 0.000000000000000000e+00 1.000000000000000000e+00
1.716291253481830359e+09 -7.548419952392578125e+00 -5.658687114715576172e+00 1.448765635490417703e+00 0.000000000000000000e+00 0.000000000000000000e+00 0.000000000000000000e+00 1.000000000000000000e+00
1.716291253532059431e+09 -7.571361541748046875e+00 -5.673126220703125000e+00 1.454661846160888894e+00 0.000000000000000000e+00 0.000000000000000000e+00 0.000000000000000000e+00 1.000000000000000000e+00
1.716291253582313299e+09 -7.593371391296386719e+00 -5.687132835388183594e+00 1.460038542747497559e+00 0.000000000000000000e+00 0.000000000000000000e+00 0.000000000000000000e+00 1.000000000000000000e+00
1.716291253682782650e+09 -7.656034946441650391e+00 -5.730270862579345703e+00 1.470367670059204102e+00 0.000000000000000000e+00 0.000000000000000000e+00 0.000000000000000000e+00 1.000000000000000000e+00
1.716291253733065367e+09 -7.676234245300292969e+00 -5.743341922760009766e+00 1.475260019302368164e+00 0.000000000000000000e+00 0.000000000000000000e+00 0.000000000000000000e+00 1.000000000000000000e+00
1.716291253784364223e+09 -7.695126533508300781e+00 -5.754816055297851562e+00 1.480248808860778809e+00 0.000000000000000000e+00 0.000000000000000000e+00 0.000000000000000000e+00 1.000000000000000000e+00
1.716291253883680344e+09 -7.748901844024658203e+00 -5.793102264404296875e+00 1.490400552749633789e+00 0.000000000000000000e+00 0.000000000000000000e+00 0.000000000000000000e+00 1.000000000000000000e+00
1.716291253933712959e+09 -7.765938282012939453e+00 -5.807041168212890625e+00 1.496794223785400391e+00 0.000000000000000000e+00 0.000000000000000000e+00 0.000000000000000000e+00 1.000000000000000000e+00
1.716291253983978033e+09 -7.782460212707518643e+00 -5.821662425994873047e+00 1.502834200859069824e+00 0.000000000000000000e+00 0.000000000000000000e+00 0.000000000000000000e+00 1.000000000000000000e+00
1.716291254084458590e+09 -7.830233573913574219e+00 -5.864574909210205078e+00 1.515941858291625977e+00 0.000000000000000000e+00 0.000000000000000000e+00 0.000000000000000000e+00 1.000000000000000000e+00
1.716291254134589672e+09 -7.844073295593261719e+00 -5.879415512084960938e+00 1.522388696670532227e+00 0.000000000000000000e+00 0.000000000000000000e+00 0.000000000000000000e+00 1.000000000000000000e+00
1.716291254184851885e+09 -7.858676433563232422e+00 -5.894892215728759766e+00 1.529249787330627441e+00 0.000000000000000000e+00 0.000000000000000000e+00 0.000000000000000000e+00 1.000000000000000000e+00
1.716291254235060692e+09 -7.871685504913330078e+00 -5.910816669464111328e+00 1.536162614822387695e+00 0.000000000000000000e+00 0.000000000000000000e+00 0.000000000000000000e+00 1.000000000000000000e+00
1.716291254285340786e+09 -7.901468753814697266e+00 -5.939359664916992188e+00 1.543415546417236328e+00 0.000000000000000000e+00 0.000000000000000000e+00 0.000000000000000000e+00 1.000000000000000000e+00
1.716291254335523844e+09 -7.914932727813720703e+00 -5.956306934356689453e+00 1.551275610923767090e+00 0.000000000000000000e+00 0.000000000000000000e+00 0.000000000000000000e+00 1.000000000000000000e+00
1.716291254385630369e+09 -7.941410064697265625e+00 -5.992384910583496094e+00 1.569014310836791992e+00 0.000000000000000000e+00 0.000000000000000000e+00 0.000000000000000000e+00 1.000000000000000000e+00
1.716291254485989809e+09 -7.971888542175292969e+00 -6.024890899658203125e+00 1.578650951385498047e+00 0.000000000000000000e+00 0.000000000000000000e+00 0.000000000000000000e+00 1.000000000000000000e+00
1.716291254536022425e+09 -7.983576297760009766e+00 -6.044077873229980469e+00 1.588759660720825195e+00 0.000000000000000000e+00 0.000000000000000000e+00 0.000000000000000000e+00 1.000000000000000000e+00
1.716291254586423874e+09 -7.996455192565917969e+00 -6.064973354339599609e+00 1.599047183990478294e+00 0.000000000000000000e+00 0.000000000000000000e+00 0.000000000000000000e+00 1.000000000000000000e+00
1.716291254636514187e+09 -8.008490562438964844e+00 -6.085297584533691406e+00 1.609278321266174316e+00 0.000000000000000000e+00 0.000000000000000000e+00 0.000000000000000000e+00 1.000000000000000000e+00
1.716291254686737299e+09 -8.037692070007324219e+00 -6.119359970092773438e+00 1.619803309440612793e+00 0.000000000000000000e+00 0.000000000000000000e+00 0.000000000000000000e+00 1.000000000000000000e+00
1.716291254736947775e+09 -8.050218582153320312e+00 -6.140630722045898438e+00 1.630050659179687500e+00 0.000000000000000000e+00 0.000000000000000000e+00 0.000000000000000000e+00 1.000000000000000000e+00
1.716291254787031412e+09 -8.076195716857910156e+00 -6.183547496795654297e+00 1.649484753608703613e+00 0.000000000000000000e+00 0.000000000000000000e+00 0.000000000000000000e+00 1.000000000000000000e+00
1.716291254887530804e+09 -8.107823371887207031e+00 -6.219298839569091797e+00 1.658654928207397683e+00 0.000000000000000000e+00 0.000000000000000000e+00 0.000000000000000000e+00 1.000000000000000000e+00
1.716291254937710285e+09 -8.121523857116699219e+00 -6.240617752075195312e+00 1.667271852493285911e+00 0.000000000000000000e+00 0.000000000000000000e+00 0.000000000000000000e+00 1.000000000000000000e+00
1.716291254988061666e+09 -8.136079788208007812e+00 -6.260829925537109375e+00 1.675033688545227051e+00 0.000000000000000000e+00 0.000000000000000000e+00 0.000000000000000000e+00 1.000000000000000000e+00
1.716291255038173199e+09 -8.151346206665039062e+00 -6.280128955841064453e+00 1.681978583335876465e+00 0.000000000000000000e+00 0.000000000000000000e+00 0.000000000000000000e+00 1.000000000000000000e+00
1.716291255088597298e+09 -8.186831474304199219e+00 -6.314162254333496094e+00 1.688366889953613281e+00 0.000000000000000000e+00 0.000000000000000000e+00 0.000000000000000000e+00 1.000000000000000000e+00
1.716291255138502598e+09 -8.204156875610351562e+00 -6.334093093872070312e+00 1.693932414054870605e+00 0.000000000000000000e+00 0.000000000000000000e+00 0.000000000000000000e+00 1.000000000000000000e+00
1.716291255188698053e+09 -8.220659255981445312e+00 -6.353475570678710938e+00 1.698558568954467773e+00 0.000000000000000000e+00 0.000000000000000000e+00 0.000000000000000000e+00 1.000000000000000000e+00
1.716291255238833189e+09 -8.238226890563964844e+00 -6.373148918151856357e+00 1.702063202857971191e+00 0.000000000000000000e+00 0.000000000000000000e+00 0.000000000000000000e+00 1.000000000000000000e+00
1.716291255289135933e+09 -8.278438568115234375e+00 -6.409321784973144531e+00 1.705449700355529785e+00 0.000000000000000000e+00 0.000000000000000000e+00 0.000000000000000000e+00 1.000000000000000000e+00
1.716291255339455605e+09 -8.299798965454101562e+00 -6.429056167602539062e+00 1.707103013992309570e+00 0.000000000000000000e+00 0.000000000000000000e+00 0.000000000000000000e+00 1.000000000000000000e+00
1.716291255389833212e+09 -8.320281982421875000e+00 -6.446705341339111328e+00 1.707349300384521706e+00 0.000000000000000000e+00 0.000000000000000000e+00 0.000000000000000000e+00 1.000000000000000000e+00
1.716291255439671755e+09 -8.341611862182617188e+00 -6.463274478912353516e+00 1.707181334495544434e+00 0.000000000000000000e+00 0.000000000000000000e+00 0.000000000000000000e+00 1.000000000000000000e+00
1.716291255489917755e+09 -8.389129638671875000e+00 -6.498313903808593750e+00 1.706750631332397683e+00 0.000000000000000000e+00 0.000000000000000000e+00 0.000000000000000000e+00 1.000000000000000000e+00
1.716291255640892267e+09 -8.490640640258789062e+00 -6.562036991119384766e+00 1.694420576095581055e+00 0.000000000000000000e+00 0.000000000000000000e+00 0.000000000000000000e+00 1.000000000000000000e+00
1.716291255741115570e+09 -8.517618179321289062e+00 -6.577994346618652344e+00 1.689426779747009277e+00 0.000000000000000000e+00 0.000000000000000000e+00 0.000000000000000000e+00 1.000000000000000000e+00
1.716291255791437626e+09 -8.599875450134277344e+00 -6.630538940429688388e+00 1.678517937660217285e+00 0.000000000000000000e+00 0.000000000000000000e+00 0.000000000000000000e+00 1.000000000000000000e+00
1.716291255841626644e+09 -8.631837844848632812e+00 -6.648258209228515625e+00 1.671448707580566406e+00 0.000000000000000000e+00 0.000000000000000000e+00 0.000000000000000000e+00 1.000000000000000000e+00
1.716291255891839266e+09 -8.659511566162109375e+00 -6.663362979888916016e+00 1.663387179374694824e+00 0.000000000000000000e+00 0.000000000000000000e+00 0.000000000000000000e+00 1.000000000000000000e+00
1.716291256042402983e+09 -8.781262397766113281e+00 -6.737009525299072266e+00 1.637786269187927246e+00 0.000000000000000000e+00 0.000000000000000000e+00 0.000000000000000000e+00 1.000000000000000000e+00
1.716291256092527390e+09 -8.813907623291015625e+00 -6.757097244262695312e+00 1.628740787506103516e+00 0.000000000000000000e+00 0.000000000000000000e+00 0.000000000000000000e+00 1.000000000000000000e+00
1.716291256243173122e+09 -8.940917015075683594e+00 -6.843437194824218750e+00 1.602389693260192871e+00 0.000000000000000000e+00 0.000000000000000000e+00 0.000000000000000000e+00 1.000000000000000000e+00
1.716291256343995810e+09 -9.004160881042480469e+00 -6.889283657073974609e+00 1.594475269317626953e+00 0.000000000000000000e+00 0.000000000000000000e+00 0.000000000000000000e+00 1.000000000000000000e+00
1.716291256393751383e+09 -9.069102287292480469e+00 -6.934673786163330078e+00 1.577833056449889915e+00 0.000000000000000000e+00 0.000000000000000000e+00 0.000000000000000000e+00 1.000000000000000000e+00
1.716291256443870783e+09 -9.101665496826171875e+00 -6.958046913146972656e+00 1.570120096206665039e+00 0.000000000000000000e+00 0.000000000000000000e+00 0.000000000000000000e+00 1.000000000000000000e+00
1.716291256494058609e+09 -9.133786201477050781e+00 -6.980343341827392578e+00 1.562323093414306641e+00 0.000000000000000000e+00 0.000000000000000000e+00 0.000000000000000000e+00 1.000000000000000000e+00
1.716291256594341278e+09 -9.197649955749511719e+00 -7.026967525482177734e+00 1.554759979248046875e+00 0.000000000000000000e+00 0.000000000000000000e+00 0.000000000000000000e+00 1.000000000000000000e+00
1.716291256644840479e+09 -9.231059074401855469e+00 -7.050848007202148438e+00 1.547435283660888894e+00 0.000000000000000000e+00 0.000000000000000000e+00 0.000000000000000000e+00 1.000000000000000000e+00
1.716291256744829178e+09 -9.262606620788574219e+00 -7.073855876922607422e+00 1.540877699851989524e+00 0.000000000000000000e+00 0.000000000000000000e+00 0.000000000000000000e+00 1.000000000000000000e+00
1.716291256796243668e+09 -9.358764648437500000e+00 -7.145742893218994141e+00 1.530097126960754395e+00 0.000000000000000000e+00 0.000000000000000000e+00 0.000000000000000000e+00 1.000000000000000000e+00
1.716291256845153093e+09 -9.417221069335937500e+00 -7.187882423400878906e+00 1.521153330802917703e+00 0.000000000000000000e+00 0.000000000000000000e+00 0.000000000000000000e+00 1.000000000000000000e+00
1.716291256895307064e+09 -9.452127456665040839e+00 -7.211395263671875000e+00 1.517169475555419922e+00 0.000000000000000000e+00 0.000000000000000000e+00 0.000000000000000000e+00 1.000000000000000000e+00
1.716291256995665312e+09 -9.483927726745603692e+00 -7.230730056762695312e+00 1.513646483421325684e+00 0.000000000000000000e+00 0.000000000000000000e+00 0.000000000000000000e+00 1.000000000000000000e+00
1.716291257045772314e+09 -9.573244094848632812e+00 -7.286779403686523438e+00 1.508168339729309082e+00 0.000000000000000000e+00 0.000000000000000000e+00 0.000000000000000000e+00 1.000000000000000000e+00
1.716291257146146536e+09 -9.632624626159667969e+00 -7.321040630340576172e+00 1.506514668464660645e+00 0.000000000000000000e+00 0.000000000000000000e+00 0.000000000000000000e+00 1.000000000000000000e+00
1.716291257246577978e+09 -9.685489654541015625e+00 -7.357250690460205078e+00 1.506959676742553711e+00 0.000000000000000000e+00 0.000000000000000000e+00 0.000000000000000000e+00 1.000000000000000000e+00
1.716291257296719313e+09 -9.734621047973632812e+00 -7.393408298492431641e+00 1.509121656417846902e+00 0.000000000000000000e+00 0.000000000000000000e+00 0.000000000000000000e+00 1.000000000000000000e+00
1.716291257397060394e+09 -9.758515357971191406e+00 -7.413195133209228516e+00 1.510591149330139160e+00 0.000000000000000000e+00 0.000000000000000000e+00 0.000000000000000000e+00 1.000000000000000000e+00
1.716291257447091103e+09 -9.803549766540527344e+00 -7.449788570404052734e+00 1.511927723884582297e+00 0.000000000000000000e+00 0.000000000000000000e+00 0.000000000000000000e+00 1.000000000000000000e+00
1.716291257497320414e+09 -9.838921546936035156e+00 -7.482554912567138672e+00 1.516298890113830566e+00 0.000000000000000000e+00 0.000000000000000000e+00 0.000000000000000000e+00 1.000000000000000000e+00
1.716291257547375917e+09 -9.855599403381347656e+00 -7.500257492065429688e+00 1.519125223159790039e+00 0.000000000000000000e+00 0.000000000000000000e+00 0.000000000000000000e+00 1.000000000000000000e+00
1.716291257597590446e+09 -9.869820594787597656e+00 -7.517877578735351562e+00 1.522455930709838867e+00 0.000000000000000000e+00 0.000000000000000000e+00 0.000000000000000000e+00 1.000000000000000000e+00
1.716291257747937202e+09 -9.923354148864746094e+00 -7.582814216613769531e+00 1.535656809806823508e+00 0.000000000000000000e+00 0.000000000000000000e+00 0.000000000000000000e+00 1.000000000000000000e+00
1.716291257798130512e+09 -9.931309700012208808e+00 -7.597068786621093750e+00 1.540343403816223145e+00 0.000000000000000000e+00 0.000000000000000000e+00 0.000000000000000000e+00 1.000000000000000000e+00
1.716291257898596764e+09 -9.950525283813476562e+00 -7.637661457061767578e+00 1.551472306251526101e+00 0.000000000000000000e+00 0.000000000000000000e+00 0.000000000000000000e+00 1.000000000000000000e+00
1.716291257998889208e+09 -9.950971603393556464e+00 -7.673027515411376953e+00 1.564685583114624023e+00 0.000000000000000000e+00 0.000000000000000000e+00 0.000000000000000000e+00 1.000000000000000000e+00
1.716291258098994732e+09 -9.953867912292480469e+00 -7.708367347717285156e+00 1.578389883041381836e+00 0.000000000000000000e+00 0.000000000000000000e+00 0.000000000000000000e+00 1.000000000000000000e+00
1.716291258149204016e+09 -9.949518203735351562e+00 -7.722044944763183594e+00 1.585518836975097656e+00 0.000000000000000000e+00 0.000000000000000000e+00 0.000000000000000000e+00 1.000000000000000000e+00
1.716291258249713898e+09 -9.943421363830566406e+00 -7.734683513641357422e+00 1.592457652091979980e+00 0.000000000000000000e+00 0.000000000000000000e+00 0.000000000000000000e+00 1.000000000000000000e+00
1.716291258299934387e+09 -9.931861877441406250e+00 -7.754184246063232422e+00 1.606276392936706321e+00 0.000000000000000000e+00 0.000000000000000000e+00 0.000000000000000000e+00 1.000000000000000000e+00
1.716291258349991322e+09 -9.924716949462890625e+00 -7.758352279663085938e+00 1.612501025199889915e+00 0.000000000000000000e+00 0.000000000000000000e+00 0.000000000000000000e+00 1.000000000000000000e+00
1.716291258400192261e+09 -9.918920516967771661e+00 -7.760778903961181641e+00 1.619127511978149414e+00 0.000000000000000000e+00 0.000000000000000000e+00 0.000000000000000000e+00 1.000000000000000000e+00
1.716291258450272322e+09 -9.911773681640623224e+00 -7.761682987213134766e+00 1.625354647636413574e+00 0.000000000000000000e+00 0.000000000000000000e+00 0.000000000000000000e+00 1.000000000000000000e+00
1.716291258500635624e+09 -9.897455215454101562e+00 -7.757143497467041016e+00 1.631229639053344727e+00 0.000000000000000000e+00 0.000000000000000000e+00 0.000000000000000000e+00 1.000000000000000000e+00
1.716291258550600290e+09 -9.886888504028320312e+00 -7.755893230438232422e+00 1.638223171234130859e+00 0.000000000000000000e+00 0.000000000000000000e+00 0.000000000000000000e+00 1.000000000000000000e+00
1.716291258601295948e+09 -9.878197669982910156e+00 -7.753871440887451172e+00 1.644796013832092507e+00 0.000000000000000000e+00 0.000000000000000000e+00 0.000000000000000000e+00 1.000000000000000000e+00
1.716291258651008844e+09 -9.869170188903808594e+00 -7.749035358428955078e+00 1.651243805885314941e+00 0.000000000000000000e+00 0.000000000000000000e+00 0.000000000000000000e+00 1.000000000000000000e+00
1.716291258701184988e+09 -9.851662635803224433e+00 -7.735578536987304688e+00 1.656922698020935059e+00 0.000000000000000000e+00 0.000000000000000000e+00 0.000000000000000000e+00 1.000000000000000000e+00
1.716291258751388311e+09 -9.842621803283691406e+00 -7.727514266967773438e+00 1.663134455680847168e+00 0.000000000000000000e+00 0.000000000000000000e+00 0.000000000000000000e+00 1.000000000000000000e+00
1.716291258802296877e+09 -9.834307670593261719e+00 -7.718518733978270596e+00 1.669387102127075195e+00 0.000000000000000000e+00 0.000000000000000000e+00 0.000000000000000000e+00 1.000000000000000000e+00
1.716291258902084589e+09 -9.814750671386720526e+00 -7.699578762054443359e+00 1.674264907836914062e+00 0.000000000000000000e+00 0.000000000000000000e+00 0.000000000000000000e+00 1.000000000000000000e+00
1.716291259052159548e+09 -9.787286758422851562e+00 -7.633477210998535156e+00 1.695481538772583008e+00 0.000000000000000000e+00 0.000000000000000000e+00 0.000000000000000000e+00 1.000000000000000000e+00
1.716291259102515459e+09 -9.780425071716308594e+00 -7.614465236663818359e+00 1.700929760932922363e+00 0.000000000000000000e+00 0.000000000000000000e+00 0.000000000000000000e+00 1.000000000000000000e+00
1.716291259252817392e+09 -9.749200820922851562e+00 -7.541556835174559659e+00 1.719954848289489524e+00 0.000000000000000000e+00 0.000000000000000000e+00 0.000000000000000000e+00 1.000000000000000000e+00
1.716291259303318262e+09 -9.742574691772459161e+00 -7.518831253051757812e+00 1.726773977279663086e+00 0.000000000000000000e+00 0.000000000000000000e+00 0.000000000000000000e+00 1.000000000000000000e+00
1.716291259353270292e+09 -9.737584114074708808e+00 -7.497209548950195312e+00 1.734081506729125977e+00 0.000000000000000000e+00 0.000000000000000000e+00 0.000000000000000000e+00 1.000000000000000000e+00
1.716291259453565359e+09 -9.713262557983398438e+00 -7.442957878112792969e+00 1.749249100685119629e+00 0.000000000000000000e+00 0.000000000000000000e+00 0.000000000000000000e+00 1.000000000000000000e+00
1.716291259503962994e+09 -9.707935333251951349e+00 -7.419985771179199219e+00 1.757632374763488770e+00 0.000000000000000000e+00 0.000000000000000000e+00 0.000000000000000000e+00 1.000000000000000000e+00
1.716291259554138184e+09 -9.701761245727540839e+00 -7.396412372589111328e+00 1.766554236412048340e+00 0.000000000000000000e+00 0.000000000000000000e+00 0.000000000000000000e+00 1.000000000000000000e+00
1.716291259604220152e+09 -9.680929183959959161e+00 -7.362323760986328125e+00 1.775549650192260742e+00 0.000000000000000000e+00 0.000000000000000000e+00 0.000000000000000000e+00 1.000000000000000000e+00
1.716291259654695272e+09 -9.672739982604980469e+00 -7.339642524719238281e+00 1.785057663917541504e+00 0.000000000000000000e+00 0.000000000000000000e+00 0.000000000000000000e+00 1.000000000000000000e+00
1.716291259704495668e+09 -9.665289878845216620e+00 -7.317570209503173828e+00 1.795367002487182617e+00 0.000000000000000000e+00 0.000000000000000000e+00 0.000000000000000000e+00 1.000000000000000000e+00
1.716291259754673243e+09 -9.657564163208007812e+00 -7.295826911926268643e+00 1.805617094039916992e+00 0.000000000000000000e+00 0.000000000000000000e+00 0.000000000000000000e+00 1.000000000000000000e+00
1.716291259804787874e+09 -9.632348060607910156e+00 -7.260714530944824219e+00 1.815233945846557617e+00 0.000000000000000000e+00 0.000000000000000000e+00 0.000000000000000000e+00 1.000000000000000000e+00
1.716291259855028629e+09 -9.623646736145019531e+00 -7.238560199737548828e+00 1.824768304824829102e+00 0.000000000000000000e+00 0.000000000000000000e+00 0.000000000000000000e+00 1.000000000000000000e+00
1.716291259905098677e+09 -9.614267349243164062e+00 -7.215623378753662109e+00 1.833984494209289551e+00 0.000000000000000000e+00 0.000000000000000000e+00 0.000000000000000000e+00 1.000000000000000000e+00
1.716291259955090761e+09 -9.605741500854492188e+00 -7.193181037902832031e+00 1.843192577362060325e+00 0.000000000000000000e+00 0.000000000000000000e+00 0.000000000000000000e+00 1.000000000000000000e+00
1.716291260055547237e+09 -9.570149421691896308e+00 -7.134709358215332031e+00 1.858683824539184792e+00 0.000000000000000000e+00 0.000000000000000000e+00 0.000000000000000000e+00 1.000000000000000000e+00
1.716291260105920076e+09 -9.559677124023437500e+00 -7.111588478088378906e+00 1.864854931831360085e+00 0.000000000000000000e+00 0.000000000000000000e+00 0.000000000000000000e+00 1.000000000000000000e+00
1.716291260156058550e+09 -9.548842430114746094e+00 -7.089004993438720703e+00 1.869638919830322488e+00 0.000000000000000000e+00 0.000000000000000000e+00 0.000000000000000000e+00 1.000000000000000000e+00
1.716291260206294775e+09 -9.536575317382812500e+00 -7.065042495727539062e+00 1.873091340065002441e+00 0.000000000000000000e+00 0.000000000000000000e+00 0.000000000000000000e+00 1.000000000000000000e+00
1.716291260256689548e+09 -9.507811546325683594e+00 -7.029812812805175781e+00 1.874732017517089622e+00 0.000000000000000000e+00 0.000000000000000000e+00 0.000000000000000000e+00 1.000000000000000000e+00
1.716291260306744099e+09 -9.496433258056640625e+00 -7.008097171783447266e+00 1.875986576080322488e+00 0.000000000000000000e+00 0.000000000000000000e+00 0.000000000000000000e+00 1.000000000000000000e+00
1.716291260407068729e+09 -9.484803199768066406e+00 -6.986806392669677734e+00 1.875485777854919656e+00 0.000000000000000000e+00 0.000000000000000000e+00 0.000000000000000000e+00 1.000000000000000000e+00
1.716291260457237959e+09 -9.460681915283203125e+00 -6.943902492523193359e+00 1.870213508605957031e+00 0.000000000000000000e+00 0.000000000000000000e+00 0.000000000000000000e+00 1.000000000000000000e+00
1.716291260808489799e+09 -9.342990875244140625e+00 -6.778353691101074219e+00 1.824597716331481934e+00 0.000000000000000000e+00 0.000000000000000000e+00 0.000000000000000000e+00 1.000000000000000000e+00
1.716291260859196424e+09 -9.311658859252929688e+00 -6.730547904968261719e+00 1.803668856620788796e+00 0.000000000000000000e+00 0.000000000000000000e+00 0.000000000000000000e+00 1.000000000000000000e+00
1.716291260908957243e+09 -9.295810699462890625e+00 -6.706891536712647373e+00 1.792405724525451660e+00 0.000000000000000000e+00 0.000000000000000000e+00 0.000000000000000000e+00 1.000000000000000000e+00
1.716291261009255409e+09 -9.257825851440429688e+00 -6.667788028717041016e+00 1.779720902442931907e+00 0.000000000000000000e+00 0.000000000000000000e+00 0.000000000000000000e+00 1.000000000000000000e+00
1.716291261059774399e+09 -9.224081039428712714e+00 -6.621583938598632812e+00 1.754059672355652078e+00 0.000000000000000000e+00 0.000000000000000000e+00 0.000000000000000000e+00 1.000000000000000000e+00
1.716291261110005140e+09 -9.205759048461914062e+00 -6.597909450531005859e+00 1.740446925163269043e+00 0.000000000000000000e+00 0.000000000000000000e+00 0.000000000000000000e+00 1.000000000000000000e+00
1.716291261160253763e+09 -9.186420440673828125e+00 -6.573936462402343750e+00 1.725842714309692383e+00 0.000000000000000000e+00 0.000000000000000000e+00 0.000000000000000000e+00 1.000000000000000000e+00
1.716291261210327387e+09 -9.139971733093261719e+00 -6.531130790710449219e+00 1.710088610649108887e+00 0.000000000000000000e+00 0.000000000000000000e+00 0.000000000000000000e+00 1.000000000000000000e+00
1.716291261260620117e+09 -9.118418693542480469e+00 -6.506781101226806641e+00 1.694149494171142578e+00 0.000000000000000000e+00 0.000000000000000000e+00 0.000000000000000000e+00 1.000000000000000000e+00
1.716291261311718941e+09 -9.095484733581544745e+00 -6.482587337493896484e+00 1.678641796112060325e+00 0.000000000000000000e+00 0.000000000000000000e+00 0.000000000000000000e+00 1.000000000000000000e+00
1.716291261362365246e+09 -9.072739601135253906e+00 -6.458122730255126953e+00 1.661882996559143066e+00 0.000000000000000000e+00 0.000000000000000000e+00 0.000000000000000000e+00 1.000000000000000000e+00
1.716291261461513281e+09 -9.020600318908691406e+00 -6.412835121154785156e+00 1.644509553909301758e+00 0.000000000000000000e+00 0.000000000000000000e+00 0.000000000000000000e+00 1.000000000000000000e+00
1.716291261511689186e+09 -8.971229553222656250e+00 -6.362198829650878906e+00 1.612155318260192871e+00 0.000000000000000000e+00 0.000000000000000000e+00 0.000000000000000000e+00 1.000000000000000000e+00
1.716291261561871767e+09 -8.944155693054199219e+00 -6.335007190704345703e+00 1.595253229141235352e+00 0.000000000000000000e+00 0.000000000000000000e+00 0.000000000000000000e+00 1.000000000000000000e+00
1.716291261662333250e+09 -8.887474060058593750e+00 -6.287292003631591797e+00 1.577610135078430176e+00 0.000000000000000000e+00 0.000000000000000000e+00 0.000000000000000000e+00 1.000000000000000000e+00
1.716291261712623596e+09 -8.831679344177246094e+00 -6.234987735748291016e+00 1.543986797332763672e+00 0.000000000000000000e+00 0.000000000000000000e+00 0.000000000000000000e+00 1.000000000000000000e+00
1.716291261762757063e+09 -8.801201820373535156e+00 -6.207214355468750000e+00 1.527298808097839355e+00 0.000000000000000000e+00 0.000000000000000000e+00 0.000000000000000000e+00 1.000000000000000000e+00
1.716291261812853336e+09 -8.772462844848632812e+00 -6.180398464202880859e+00 1.510574579238891602e+00 0.000000000000000000e+00 0.000000000000000000e+00 0.000000000000000000e+00 1.000000000000000000e+00
1.716291261913353920e+09 -8.682332992553710938e+00 -6.103512287139892578e+00 1.479687094688415527e+00 0.000000000000000000e+00 0.000000000000000000e+00 0.000000000000000000e+00 1.000000000000000000e+00
1.716291261963393688e+09 -8.653189659118652344e+00 -6.075393199920654297e+00 1.464733600616455078e+00 0.000000000000000000e+00 0.000000000000000000e+00 0.000000000000000000e+00 1.000000000000000000e+00
1.716291262013620853e+09 -8.624613761901855469e+00 -6.046420574188232422e+00 1.449535369873046875e+00 0.000000000000000000e+00 0.000000000000000000e+00 0.000000000000000000e+00 1.000000000000000000e+00
1.716291262115141153e+09 -8.536966323852539062e+00 -5.965637207031250000e+00 1.419974684715270996e+00 0.000000000000000000e+00 0.000000000000000000e+00 0.000000000000000000e+00 1.000000000000000000e+00
1.716291262164239407e+09 -8.508794784545898438e+00 -5.935966968536376953e+00 1.406986832618713379e+00 0.000000000000000000e+00 0.000000000000000000e+00 0.000000000000000000e+00 1.000000000000000000e+00
1.716291262214347839e+09 -8.483386993408203125e+00 -5.905772209167480469e+00 1.393007993698119895e+00 0.000000000000000000e+00 0.000000000000000000e+00 0.000000000000000000e+00 1.000000000000000000e+00
1.716291262314839602e+09 -8.400863647460937500e+00 -5.820872306823730469e+00 1.371441721916198730e+00 0.000000000000000000e+00 0.000000000000000000e+00 0.000000000000000000e+00 1.000000000000000000e+00
1.716291262364900589e+09 -8.377730369567871094e+00 -5.789083003997802734e+00 1.361641407012939675e+00 0.000000000000000000e+00 0.000000000000000000e+00 0.000000000000000000e+00 1.000000000000000000e+00
1.716291262415161133e+09 -8.354639053344726562e+00 -5.755437374114990234e+00 1.352448821067810059e+00 0.000000000000000000e+00 0.000000000000000000e+00 0.000000000000000000e+00 1.000000000000000000e+00
1.716291262515458584e+09 -8.281193733215332031e+00 -5.667685031890869141e+00 1.336921453475951926e+00 0.000000000000000000e+00 0.000000000000000000e+00 0.000000000000000000e+00 1.000000000000000000e+00
1.716291262565602779e+09 -8.261574745178222656e+00 -5.634162425994873047e+00 1.329655408859252930e+00 0.000000000000000000e+00 0.000000000000000000e+00 0.000000000000000000e+00 1.000000000000000000e+00
1.716291262615981340e+09 -8.241616249084472656e+00 -5.599316120147705078e+00 1.323014259338378906e+00 0.000000000000000000e+00 0.000000000000000000e+00 0.000000000000000000e+00 1.000000000000000000e+00
1.716291262666084290e+09 -8.221542358398437500e+00 -5.564608097076416016e+00 1.317435979843139648e+00 0.000000000000000000e+00 0.000000000000000000e+00 0.000000000000000000e+00 1.000000000000000000e+00
1.716291262716266155e+09 -8.172424316406250000e+00 -5.508543014526367188e+00 1.313008189201354980e+00 0.000000000000000000e+00 0.000000000000000000e+00 0.000000000000000000e+00 1.000000000000000000e+00
1.716291262766383410e+09 -8.154451370239257812e+00 -5.472391605377197266e+00 1.308116912841796875e+00 0.000000000000000000e+00 0.000000000000000000e+00 0.000000000000000000e+00 1.000000000000000000e+00
1.716291262816613674e+09 -8.137164115905761719e+00 -5.435142040252685547e+00 1.303470015525818093e+00 0.000000000000000000e+00 0.000000000000000000e+00 0.000000000000000000e+00 1.000000000000000000e+00
1.716291262866826773e+09 -8.120524406433105469e+00 -5.398652076721191406e+00 1.299291372299194336e+00 0.000000000000000000e+00 0.000000000000000000e+00 0.000000000000000000e+00 1.000000000000000000e+00
1.716291262967495680e+09 -8.073672294616699219e+00 -5.340688228607177734e+00 1.295612096786499023e+00 0.000000000000000000e+00 0.000000000000000000e+00 0.000000000000000000e+00 1.000000000000000000e+00
1.716291263019425392e+09 -8.056986808776855469e+00 -5.304099082946777344e+00 1.291842818260192871e+00 0.000000000000000000e+00 0.000000000000000000e+00 0.000000000000000000e+00 1.000000000000000000e+00
1.716291263067737579e+09 -8.021780014038085938e+00 -5.231677532196044922e+00 1.285484313964843750e+00 0.000000000000000000e+00 0.000000000000000000e+00 0.000000000000000000e+00 1.000000000000000000e+00
1.716291263168294907e+09 -7.974581241607666016e+00 -5.175765514373779297e+00 1.283557415008544922e+00 0.000000000000000000e+00 0.000000000000000000e+00 0.000000000000000000e+00 1.000000000000000000e+00
1.716291263218488693e+09 -7.954224109649658203e+00 -5.137193202972412109e+00 1.281484842300415039e+00 0.000000000000000000e+00 0.000000000000000000e+00 0.000000000000000000e+00 1.000000000000000000e+00
1.716291263268656731e+09 -7.916267871856689453e+00 -5.062995910644531250e+00 1.280059099197387695e+00 0.000000000000000000e+00 0.000000000000000000e+00 0.000000000000000000e+00 1.000000000000000000e+00
1.716291263318789721e+09 -7.896820068359375000e+00 -5.026555538177490234e+00 1.280641674995422363e+00 0.000000000000000000e+00 0.000000000000000000e+00 0.000000000000000000e+00 1.000000000000000000e+00
1.716291263419239521e+09 -7.845671653747558594e+00 -4.970987319946289062e+00 1.282967805862426758e+00 0.000000000000000000e+00 0.000000000000000000e+00 0.000000000000000000e+00 1.000000000000000000e+00
1.716291263469269753e+09 -7.803054332733154297e+00 -4.900022983551025391e+00 1.288234829902648926e+00 0.000000000000000000e+00 0.000000000000000000e+00 0.000000000000000000e+00 1.000000000000000000e+00
1.716291263519570112e+09 -7.781488418579101562e+00 -4.864908218383789062e+00 1.292516231536865234e+00 0.000000000000000000e+00 0.000000000000000000e+00 0.000000000000000000e+00 1.000000000000000000e+00
1.716291263569739342e+09 -7.725608348846435547e+00 -4.809198856353759766e+00 1.298385858535766602e+00 0.000000000000000000e+00 0.000000000000000000e+00 0.000000000000000000e+00 1.000000000000000000e+00
1.716291263619788885e+09 -7.702672958374023438e+00 -4.774299621582031250e+00 1.303953528404235840e+00 0.000000000000000000e+00 0.000000000000000000e+00 0.000000000000000000e+00 1.000000000000000000e+00
1.716291263670293570e+09 -7.677361011505126953e+00 -4.739404678344726562e+00 1.310440659523010476e+00 0.000000000000000000e+00 0.000000000000000000e+00 0.000000000000000000e+00 1.000000000000000000e+00
1.716291263721202135e+09 -7.652187824249267578e+00 -4.704266071319580078e+00 1.318258404731750488e+00 0.000000000000000000e+00 0.000000000000000000e+00 0.000000000000000000e+00 1.000000000000000000e+00
1.716291263820916414e+09 -7.592727661132812500e+00 -4.648486137390136719e+00 1.327422976493835449e+00 0.000000000000000000e+00 0.000000000000000000e+00 0.000000000000000000e+00 1.000000000000000000e+00
1.716291263871795177e+09 -7.565442562103270596e+00 -4.612872123718261719e+00 1.336694955825805664e+00 0.000000000000000000e+00 0.000000000000000000e+00 0.000000000000000000e+00 1.000000000000000000e+00
1.716291263922421694e+09 -7.512142181396484375e+00 -4.545133113861083984e+00 1.355708837509155273e+00 0.000000000000000000e+00 0.000000000000000000e+00 0.000000000000000000e+00 1.000000000000000000e+00
1.716291264022054672e+09 -7.450570583343505859e+00 -4.490689277648925781e+00 1.367276310920715110e+00 0.000000000000000000e+00 0.000000000000000000e+00 0.000000000000000000e+00 1.000000000000000000e+00
1.716291264071931601e+09 -7.424573898315429688e+00 -4.458522319793701172e+00 1.378989934921264648e+00 0.000000000000000000e+00 0.000000000000000000e+00 0.000000000000000000e+00 1.000000000000000000e+00
1.716291264122643232e+09 -7.367881298065185547e+00 -4.394033432006835938e+00 1.402310729026794434e+00 0.000000000000000000e+00 0.000000000000000000e+00 0.000000000000000000e+00 1.000000000000000000e+00
1.716291264172584534e+09 -7.341137886047363281e+00 -4.362911701202392578e+00 1.414477705955505371e+00 0.000000000000000000e+00 0.000000000000000000e+00 0.000000000000000000e+00 1.000000000000000000e+00
1.716291264223513126e+09 -7.279022693634033203e+00 -4.310990810394287109e+00 1.427223086357116699e+00 0.000000000000000000e+00 0.000000000000000000e+00 0.000000000000000000e+00 1.000000000000000000e+00
1.716291264272915363e+09 -7.249929904937744141e+00 -4.279769897460937500e+00 1.439405798912048340e+00 0.000000000000000000e+00 0.000000000000000000e+00 0.000000000000000000e+00 1.000000000000000000e+00
1.716291264323309422e+09 -7.222198963165283203e+00 -4.250107765197753906e+00 1.451295256614685059e+00 0.000000000000000000e+00 0.000000000000000000e+00 0.000000000000000000e+00 1.000000000000000000e+00
1.716291264373210430e+09 -7.194401741027832031e+00 -4.220495700836181641e+00 1.463280200958251953e+00 0.000000000000000000e+00 0.000000000000000000e+00 0.000000000000000000e+00 1.000000000000000000e+00
1.716291264473510981e+09 -7.103100299835205078e+00 -4.142905235290527344e+00 1.485648036003112793e+00 0.000000000000000000e+00 0.000000000000000000e+00 0.000000000000000000e+00 1.000000000000000000e+00
1.716291264523890972e+09 -7.076062202453613281e+00 -4.115784645080566406e+00 1.495891451835632324e+00 0.000000000000000000e+00 0.000000000000000000e+00 0.000000000000000000e+00 1.000000000000000000e+00
1.716291264573880911e+09 -7.046595096588134766e+00 -4.086823940277099609e+00 1.506089329719543679e+00 0.000000000000000000e+00 0.000000000000000000e+00 0.000000000000000000e+00 1.000000000000000000e+00
1.716291264624591351e+09 -7.018902778625488281e+00 -4.058740615844726562e+00 1.515933036804199219e+00 0.000000000000000000e+00 0.000000000000000000e+00 0.000000000000000000e+00 1.000000000000000000e+00
1.716291264724586964e+09 -6.933341503143311435e+00 -3.986711502075195312e+00 1.533964037895202637e+00 0.000000000000000000e+00 0.000000000000000000e+00 0.000000000000000000e+00 1.000000000000000000e+00
1.716291264774682283e+09 -6.908469676971436435e+00 -3.961625576019287109e+00 1.542172908782958984e+00 0.000000000000000000e+00 0.000000000000000000e+00 0.000000000000000000e+00 1.000000000000000000e+00
1.716291264874832153e+09 -6.834583282470703125e+00 -3.897180795669556108e+00 1.556646108627319114e+00 0.000000000000000000e+00 0.000000000000000000e+00 0.000000000000000000e+00 1.000000000000000000e+00
1.716291264924960613e+09 -6.813100337982177734e+00 -3.874146938323975053e+00 1.563040375709533691e+00 0.000000000000000000e+00 0.000000000000000000e+00 0.000000000000000000e+00 1.000000000000000000e+00
1.716291264975131273e+09 -6.790645599365234375e+00 -3.850775480270385742e+00 1.568917870521545410e+00 0.000000000000000000e+00 0.000000000000000000e+00 0.000000000000000000e+00 1.000000000000000000e+00
1.716291265025676012e+09 -6.769973278045654297e+00 -3.828297376632689542e+00 1.574267029762268066e+00 0.000000000000000000e+00 0.000000000000000000e+00 0.000000000000000000e+00 1.000000000000000000e+00
1.716291265075861216e+09 -6.748459339141845703e+00 -3.805263757705688921e+00 1.578824520111083984e+00 0.000000000000000000e+00 0.000000000000000000e+00 0.000000000000000000e+00 1.000000000000000000e+00
1.716291265127728224e+09 -6.728681087493896484e+00 -3.783210039138793945e+00 1.582834839820861816e+00 0.000000000000000000e+00 0.000000000000000000e+00 0.000000000000000000e+00 1.000000000000000000e+00
1.716291265226794004e+09 -6.669786453247070312e+00 -3.726520538330078125e+00 1.588966846466064453e+00 0.000000000000000000e+00 0.000000000000000000e+00 0.000000000000000000e+00 1.000000000000000000e+00
1.716291265326960087e+09 -6.621402740478515625e+00 -3.675582885742187944e+00 1.592218637466430886e+00 0.000000000000000000e+00 0.000000000000000000e+00 0.000000000000000000e+00 1.000000000000000000e+00
1.716291265377263546e+09 -6.609559059143066406e+00 -3.655656814575195312e+00 1.593222618103027122e+00 0.000000000000000000e+00 0.000000000000000000e+00 0.000000000000000000e+00 1.000000000000000000e+00
1.716291265427402735e+09 -6.596940040588378906e+00 -3.635047197341918945e+00 1.593598484992980957e+00 0.000000000000000000e+00 0.000000000000000000e+00 0.000000000000000000e+00 1.000000000000000000e+00
1.716291265527557373e+09 -6.561677932739257812e+00 -3.587057590484619141e+00 1.593319654464721680e+00 0.000000000000000000e+00 0.000000000000000000e+00 0.000000000000000000e+00 1.000000000000000000e+00
1.716291265628089666e+09 -6.545261383056640625e+00 -3.548241376876831055e+00 1.591583967208862305e+00 0.000000000000000000e+00 0.000000000000000000e+00 0.000000000000000000e+00 1.000000000000000000e+00
1.716291265678174734e+09 -6.538668155670166016e+00 -3.528939962387084961e+00 1.590278506278991699e+00 0.000000000000000000e+00 0.000000000000000000e+00 0.000000000000000000e+00 1.000000000000000000e+00
1.716291265728436947e+09 -6.533246994018554688e+00 -3.509519815444946289e+00 1.588823437690734863e+00 0.000000000000000000e+00 0.000000000000000000e+00 0.000000000000000000e+00 1.000000000000000000e+00
1.716291265778527737e+09 -6.528873920440673828e+00 -3.490224361419677734e+00 1.586548089981079102e+00 0.000000000000000000e+00 0.000000000000000000e+00 0.000000000000000000e+00 1.000000000000000000e+00
1.716291265828991175e+09 -6.515022754669189453e+00 -3.465276718139648438e+00 1.583627223968506081e+00 0.000000000000000000e+00 0.000000000000000000e+00 0.000000000000000000e+00 1.000000000000000000e+00
1.716291265878845215e+09 -6.512602329254150391e+00 -3.446457386016845703e+00 1.580504536628723145e+00 0.000000000000000000e+00 0.000000000000000000e+00 0.000000000000000000e+00 1.000000000000000000e+00
1.716291265928927898e+09 -6.510737895965576172e+00 -3.426529645919799805e+00 1.576692700386047363e+00 0.000000000000000000e+00 0.000000000000000000e+00 0.000000000000000000e+00 1.000000000000000000e+00
1.716291265979014874e+09 -6.510402679443359375e+00 -3.405762195587158203e+00 1.572427988052368164e+00 0.000000000000000000e+00 0.000000000000000000e+00 0.000000000000000000e+00 1.000000000000000000e+00
1.716291266029557467e+09 -6.504475116729736328e+00 -3.380491971969604492e+00 1.567407846450805664e+00 0.000000000000000000e+00 0.000000000000000000e+00 0.000000000000000000e+00 1.000000000000000000e+00
1.716291266079586506e+09 -6.505326271057128906e+00 -3.359410762786864790e+00 1.562285780906677246e+00 0.000000000000000000e+00 0.000000000000000000e+00 0.000000000000000000e+00 1.000000000000000000e+00
1.716291266129731655e+09 -6.510315895080566406e+00 -3.336741447448730469e+00 1.556138277053833008e+00 0.000000000000000000e+00 0.000000000000000000e+00 0.000000000000000000e+00 1.000000000000000000e+00
1.716291266179878473e+09 -6.514494419097900391e+00 -3.315513372421264648e+00 1.549533843994140625e+00 0.000000000000000000e+00 0.000000000000000000e+00 0.000000000000000000e+00 1.000000000000000000e+00
1.716291266280193090e+09 -6.515411853790283203e+00 -3.289517641067504883e+00 1.542316436767577903e+00 0.000000000000000000e+00 0.000000000000000000e+00 0.000000000000000000e+00 1.000000000000000000e+00
1.716291266330416918e+09 -6.531054973602294922e+00 -3.242846012115478516e+00 1.530341148376464844e+00 0.000000000000000000e+00 0.000000000000000000e+00 0.000000000000000000e+00 1.000000000000000000e+00
1.716291266380619764e+09 -6.540957450866699219e+00 -3.218394279479980469e+00 1.523709058761596902e+00 0.000000000000000000e+00 0.000000000000000000e+00 0.000000000000000000e+00 1.000000000000000000e+00
1.716291266430880785e+09 -6.551331996917724609e+00 -3.192743778228760210e+00 1.517108798027038574e+00 0.000000000000000000e+00 0.000000000000000000e+00 0.000000000000000000e+00 1.000000000000000000e+00
1.716291266531484365e+09 -6.576323986053466797e+00 -3.143386363983154297e+00 1.504553914070129395e+00 0.000000000000000000e+00 0.000000000000000000e+00 0.000000000000000000e+00 1.000000000000000000e+00
1.716291266581483603e+09 -6.590942382812500000e+00 -3.117342472076416016e+00 1.498358488082885520e+00 0.000000000000000000e+00 0.000000000000000000e+00 0.000000000000000000e+00 1.000000000000000000e+00
1.716291266631564379e+09 -6.606786727905273438e+00 -3.090734243392944336e+00 1.492887258529663086e+00 0.000000000000000000e+00 0.000000000000000000e+00 0.000000000000000000e+00 1.000000000000000000e+00
1.716291266731860876e+09 -6.645834922790527344e+00 -3.037288188934326172e+00 1.483162522315979004e+00 0.000000000000000000e+00 0.000000000000000000e+00 0.000000000000000000e+00 1.000000000000000000e+00
1.716291266782032013e+09 -6.666583538055419922e+00 -3.008530616760253906e+00 1.478627204895019531e+00 0.000000000000000000e+00 0.000000000000000000e+00 0.000000000000000000e+00 1.000000000000000000e+00
1.716291266832332611e+09 -6.687115669250488281e+00 -2.979848623275756836e+00 1.474642515182495117e+00 0.000000000000000000e+00 0.000000000000000000e+00 0.000000000000000000e+00 1.000000000000000000e+00
1.716291266932624817e+09 -6.739610671997070312e+00 -2.927559375762939453e+00 1.467871069908142090e+00 0.000000000000000000e+00 0.000000000000000000e+00 0.000000000000000000e+00 1.000000000000000000e+00
1.716291266982809544e+09 -6.764228343963623047e+00 -2.898251295089721680e+00 1.464577317237854004e+00 0.000000000000000000e+00 0.000000000000000000e+00 0.000000000000000000e+00 1.000000000000000000e+00
1.716291267033012629e+09 -6.789262294769287109e+00 -2.867485284805297852e+00 1.461361527442931907e+00 0.000000000000000000e+00 0.000000000000000000e+00 0.000000000000000000e+00 1.000000000000000000e+00
1.716291267133632183e+09 -6.826726436614990234e+00 -2.842775344848632812e+00 1.458553791046142578e+00 0.000000000000000000e+00 0.000000000000000000e+00 0.000000000000000000e+00 1.000000000000000000e+00
1.716291267183669090e+09 -6.852436542510986328e+00 -2.811970233917236328e+00 1.455849766731262207e+00 0.000000000000000000e+00 0.000000000000000000e+00 0.000000000000000000e+00 1.000000000000000000e+00
1.716291267233962774e+09 -6.881851673126220703e+00 -2.782147884368896484e+00 1.453590631484985352e+00 0.000000000000000000e+00 0.000000000000000000e+00 0.000000000000000000e+00 1.000000000000000000e+00
1.716291267284015894e+09 -6.938244819641113281e+00 -2.718846559524536133e+00 1.449396252632141113e+00 0.000000000000000000e+00 0.000000000000000000e+00 0.000000000000000000e+00 1.000000000000000000e+00
1.716291267384352207e+09 -6.983699798583984375e+00 -2.692975997924804688e+00 1.447754740715026855e+00 0.000000000000000000e+00 0.000000000000000000e+00 0.000000000000000000e+00 1.000000000000000000e+00
1.716291267434634209e+09 -7.046876907348632812e+00 -2.627887248992919922e+00 1.445702910423278809e+00 0.000000000000000000e+00 0.000000000000000000e+00 0.000000000000000000e+00 1.000000000000000000e+00
1.716291267484670639e+09 -7.099343299865722656e+00 -2.601315259933472124e+00 1.445252180099487305e+00 0.000000000000000000e+00 0.000000000000000000e+00 0.000000000000000000e+00 1.000000000000000000e+00
1.716291267534860373e+09 -7.133728504180908203e+00 -2.568158388137817383e+00 1.445268154144287109e+00 0.000000000000000000e+00 0.000000000000000000e+00 0.000000000000000000e+00 1.000000000000000000e+00
1.716291267584879875e+09 -7.167159557342529297e+00 -2.533975362777709961e+00 1.445389032363891602e+00 0.000000000000000000e+00 0.000000000000000000e+00 0.000000000000000000e+00 1.000000000000000000e+00
1.716291267635101557e+09 -7.202730178833007812e+00 -2.498975753784180132e+00 1.445681214332580566e+00 0.000000000000000000e+00 0.000000000000000000e+00 0.000000000000000000e+00 1.000000000000000000e+00
1.716291267685239315e+09 -7.259448051452636719e+00 -2.472412347793579102e+00 1.446047782897949219e+00 0.000000000000000000e+00 0.000000000000000000e+00 0.000000000000000000e+00 1.000000000000000000e+00
1.716291267735386133e+09 -7.294492244720458984e+00 -2.440521240234375000e+00 1.446786165237426758e+00 0.000000000000000000e+00 0.000000000000000000e+00 0.000000000000000000e+00 1.000000000000000000e+00
1.716291267785447121e+09 -7.331258773803710938e+00 -2.405880689620972124e+00 1.447737455368041992e+00 0.000000000000000000e+00 0.000000000000000000e+00 0.000000000000000000e+00 1.000000000000000000e+00
1.716291267835622311e+09 -7.368756294250488281e+00 -2.368143320083618164e+00 1.449557423591613770e+00 0.000000000000000000e+00 0.000000000000000000e+00 0.000000000000000000e+00 1.000000000000000000e+00
1.716291267936032772e+09 -7.441517353057861328e+00 -2.300354480743408203e+00 1.453351140022277832e+00 0.000000000000000000e+00 0.000000000000000000e+00 0.000000000000000000e+00 1.000000000000000000e+00
1.716291267986188173e+09 -7.503401279449462891e+00 -2.272444725036621094e+00 1.456287622451782227e+00 0.000000000000000000e+00 0.000000000000000000e+00 0.000000000000000000e+00 1.000000000000000000e+00
1.716291268036465883e+09 -7.541466712951660156e+00 -2.236028432846069336e+00 1.459734439849853516e+00 0.000000000000000000e+00 0.000000000000000000e+00 0.000000000000000000e+00 1.000000000000000000e+00
1.716291268086688995e+09 -7.618843078613281250e+00 -2.166871309280395508e+00 1.468066215515136719e+00 0.000000000000000000e+00 0.000000000000000000e+00 0.000000000000000000e+00 1.000000000000000000e+00
1.716291268187272549e+09 -7.686635017395019531e+00 -2.140102148056030273e+00 1.473236203193664551e+00 0.000000000000000000e+00 0.000000000000000000e+00 0.000000000000000000e+00 1.000000000000000000e+00
1.716291268237249136e+09 -7.727429866790771484e+00 -2.104971408843994141e+00 1.479170322418212891e+00 0.000000000000000000e+00 0.000000000000000000e+00 0.000000000000000000e+00 1.000000000000000000e+00
1.716291268288065434e+09 -7.766729354858398438e+00 -2.070588350296020508e+00 1.485027909278869629e+00 0.000000000000000000e+00 0.000000000000000000e+00 0.000000000000000000e+00 1.000000000000000000e+00
1.716291268337943077e+09 -7.805558681488037109e+00 -2.037059307098388672e+00 1.491567969322204590e+00 0.000000000000000000e+00 0.000000000000000000e+00 0.000000000000000000e+00 1.000000000000000000e+00
1.716291268388144493e+09 -7.874601840972900391e+00 -2.009583473205566406e+00 1.498700261116027832e+00 0.000000000000000000e+00 0.000000000000000000e+00 0.000000000000000000e+00 1.000000000000000000e+00
1.716291268440044880e+09 -7.911869525909423828e+00 -1.976278781890868697e+00 1.505884170532226562e+00 0.000000000000000000e+00 0.000000000000000000e+00 0.000000000000000000e+00 1.000000000000000000e+00
1.716291268488736629e+09 -7.986865997314453125e+00 -1.913539767265320046e+00 1.521281242370605691e+00 0.000000000000000000e+00 0.000000000000000000e+00 0.000000000000000000e+00 1.000000000000000000e+00
1.716291268539106131e+09 -8.025053977966308594e+00 -1.882314682006835938e+00 1.529479026794433594e+00 0.000000000000000000e+00 0.000000000000000000e+00 0.000000000000000000e+00 1.000000000000000000e+00
1.716291268639627457e+09 -8.090211868286132812e+00 -1.857877373695373091e+00 1.537987709045410156e+00 0.000000000000000000e+00 0.000000000000000000e+00 0.000000000000000000e+00 1.000000000000000000e+00
1.716291268739757299e+09 -8.166811943054199219e+00 -1.799268603324889915e+00 1.554762363433837891e+00 0.000000000000000000e+00 0.000000000000000000e+00 0.000000000000000000e+00 1.000000000000000000e+00
1.716291268839910030e+09 -8.266663551330566406e+00 -1.748322367668152078e+00 1.570229768753051758e+00 0.000000000000000000e+00 0.000000000000000000e+00 0.000000000000000000e+00 1.000000000000000000e+00
1.716291268890121937e+09 -8.301034927368164062e+00 -1.720437765121459961e+00 1.576927542686462402e+00 0.000000000000000000e+00 0.000000000000000000e+00 0.000000000000000000e+00 1.000000000000000000e+00
1.716291268940361023e+09 -8.335169792175292969e+00 -1.693060159683227539e+00 1.582581758499145508e+00 0.000000000000000000e+00 0.000000000000000000e+00 0.000000000000000000e+00 1.000000000000000000e+00
1.716291268990433216e+09 -8.401624679565429688e+00 -1.640373229980468750e+00 1.592220425605773926e+00 0.000000000000000000e+00 0.000000000000000000e+00 0.000000000000000000e+00 1.000000000000000000e+00
1.716291269041866541e+09 -8.434029579162597656e+00 -1.614769458770751953e+00 1.595818161964416504e+00 0.000000000000000000e+00 0.000000000000000000e+00 0.000000000000000000e+00 1.000000000000000000e+00
1.716291269140964746e+09 -8.493649482727050781e+00 -1.595334291458130105e+00 1.599493265151977539e+00 0.000000000000000000e+00 0.000000000000000000e+00 0.000000000000000000e+00 1.000000000000000000e+00
1.716291269191128254e+09 -8.558225631713867188e+00 -1.547928214073181152e+00 1.606088042259216309e+00 0.000000000000000000e+00 0.000000000000000000e+00 0.000000000000000000e+00 1.000000000000000000e+00
1.716291269291422606e+09 -8.616317749023437500e+00 -1.529620409011840820e+00 1.609713196754455566e+00 0.000000000000000000e+00 0.000000000000000000e+00 0.000000000000000000e+00 1.000000000000000000e+00
1.716291269341546774e+09 -8.646737098693847656e+00 -1.506541132926940918e+00 1.612506389617919922e+00 0.000000000000000000e+00 0.000000000000000000e+00 0.000000000000000000e+00 1.000000000000000000e+00
1.716291269442069769e+09 -8.710124969482421875e+00 -1.461725831031799094e+00 1.617733359336853027e+00 0.000000000000000000e+00 0.000000000000000000e+00 0.000000000000000000e+00 1.000000000000000000e+00
1.716291269492346525e+09 -8.766765594482421875e+00 -1.443974614143371582e+00 1.620530605316162109e+00 0.000000000000000000e+00 0.000000000000000000e+00 0.000000000000000000e+00 1.000000000000000000e+00
1.716291269542419434e+09 -8.796566009521484375e+00 -1.422606587409973145e+00 1.622676253318786621e+00 0.000000000000000000e+00 0.000000000000000000e+00 0.000000000000000000e+00 1.000000000000000000e+00
1.716291269592801809e+09 -8.858148574829101562e+00 -1.378721356391906738e+00 1.626570463180541992e+00 0.000000000000000000e+00 0.000000000000000000e+00 0.000000000000000000e+00 1.000000000000000000e+00
1.716291269642855167e+09 -8.887544631958007812e+00 -1.358571887016296387e+00 1.627988576889038086e+00 0.000000000000000000e+00 0.000000000000000000e+00 0.000000000000000000e+00 1.000000000000000000e+00
1.716291269793359518e+09 -8.945775985717773438e+00 -1.341194272041320801e+00 1.630010008811950906e+00 0.000000000000000000e+00 0.000000000000000000e+00 0.000000000000000000e+00 1.000000000000000000e+00
1.716291269843794107e+09 -9.039241790771484375e+00 -1.274956107139587402e+00 1.633293151855468750e+00 0.000000000000000000e+00 0.000000000000000000e+00 0.000000000000000000e+00 1.000000000000000000e+00
1.716291269994654894e+09 -9.098311424255372870e+00 -1.256792306900024414e+00 1.634252190589904785e+00 0.000000000000000000e+00 0.000000000000000000e+00 0.000000000000000000e+00 1.000000000000000000e+00
1.716291270044687510e+09 -9.199404716491699219e+00 -1.187513113021850586e+00 1.633247852325439675e+00 0.000000000000000000e+00 0.000000000000000000e+00 0.000000000000000000e+00 1.000000000000000000e+00
1.716291270094358206e+09 -9.233765602111816406e+00 -1.163336038589477539e+00 1.631916284561157227e+00 0.000000000000000000e+00 0.000000000000000000e+00 0.000000000000000000e+00 1.000000000000000000e+00
1.716291270144538164e+09 -9.270070075988769531e+00 -1.138989925384521706e+00 1.630928993225097656e+00 0.000000000000000000e+00 0.000000000000000000e+00 0.000000000000000000e+00 1.000000000000000000e+00
1.716291270245805979e+09 -9.337126731872560370e+00 -1.117988348007201926e+00 1.628967642784118874e+00 0.000000000000000000e+00 0.000000000000000000e+00 0.000000000000000000e+00 1.000000000000000000e+00
1.716291270295244217e+09 -9.405410766601562500e+00 -1.068425178527832031e+00 1.624258160591125710e+00 0.000000000000000000e+00 0.000000000000000000e+00 0.000000000000000000e+00 1.000000000000000000e+00
1.716291270345684052e+09 -9.439508438110351562e+00 -1.042939543724060059e+00 1.621251940727234109e+00 0.000000000000000000e+00 0.000000000000000000e+00 0.000000000000000000e+00 1.000000000000000000e+00
1.716291270446613312e+09 -9.506398200988769531e+00 -1.020339488983154297e+00 1.618355631828308105e+00 0.000000000000000000e+00 0.000000000000000000e+00 0.000000000000000000e+00 1.000000000000000000e+00
1.716291270495838404e+09 -9.579215049743652344e+00 -9.691558480262756348e-01 1.610408663749694824e+00 0.000000000000000000e+00 0.000000000000000000e+00 0.000000000000000000e+00 1.000000000000000000e+00
1.716291270596068144e+09 -9.652833938598632812e+00 -9.165931940078736462e-01 1.600248456001281516e+00 0.000000000000000000e+00 0.000000000000000000e+00 0.000000000000000000e+00 1.000000000000000000e+00
1.716291270746617079e+09 -9.755047798156738281e+00 -8.657500147819519043e-01 1.589368581771850586e+00 0.000000000000000000e+00 0.000000000000000000e+00 0.000000000000000000e+00 1.000000000000000000e+00
1.716291270796891689e+09 -9.788285255432127130e+00 -8.423637747764587402e-01 1.582528829574584961e+00 0.000000000000000000e+00 0.000000000000000000e+00 0.000000000000000000e+00 1.000000000000000000e+00
1.716291270846978903e+09 -9.854749679565429688e+00 -8.167008161544799805e-01 1.576016306877136230e+00 0.000000000000000000e+00 0.000000000000000000e+00 0.000000000000000000e+00 1.000000000000000000e+00
1.716291270897601128e+09 -9.923312187194824219e+00 -7.638006806373596191e-01 1.561776638031006081e+00 0.000000000000000000e+00 0.000000000000000000e+00 0.000000000000000000e+00 1.000000000000000000e+00
1.716291270997618914e+09 -9.956315040588380683e+00 -7.391887307167053223e-01 1.555146336555480957e+00 0.000000000000000000e+00 0.000000000000000000e+00 0.000000000000000000e+00 1.000000000000000000e+00
1.716291271047707319e+09 -1.002133655548095525e+01 -7.144794464111328125e-01 1.547353386878967285e+00 0.000000000000000000e+00 0.000000000000000000e+00 0.000000000000000000e+00 1.000000000000000000e+00
1.716291271098064661e+09 -1.009019088745117188e+01 -6.617533564567565918e-01 1.531682372093200906e+00 0.000000000000000000e+00 0.000000000000000000e+00 0.000000000000000000e+00 1.000000000000000000e+00
1.716291271148134947e+09 -1.012302589416504084e+01 -6.347115039825439453e-01 1.523908019065856934e+00 0.000000000000000000e+00 0.000000000000000000e+00 0.000000000000000000e+00 1.000000000000000000e+00
1.716291271248401165e+09 -1.018943595886230469e+01 -5.805317759513854980e-01 1.508540630340576172e+00 0.000000000000000000e+00 0.000000000000000000e+00 0.000000000000000000e+00 1.000000000000000000e+00
1.716291271348841190e+09 -1.025497245788574219e+01 -5.549746155738830566e-01 1.501233935356139915e+00 0.000000000000000000e+00 0.000000000000000000e+00 0.000000000000000000e+00 1.000000000000000000e+00
1.716291271399220228e+09 -1.028849124908447266e+01 -5.272259116172790527e-01 1.493702173233032227e+00 0.000000000000000000e+00 0.000000000000000000e+00 0.000000000000000000e+00 1.000000000000000000e+00
1.716291271449220181e+09 -1.032196426391601562e+01 -4.985760748386383057e-01 1.486098647117614746e+00 0.000000000000000000e+00 0.000000000000000000e+00 0.000000000000000000e+00 1.000000000000000000e+00
1.716291271499568224e+09 -1.042055511474609375e+01 -4.436953067779541016e-01 1.472520112991333008e+00 0.000000000000000000e+00 0.000000000000000000e+00 0.000000000000000000e+00 1.000000000000000000e+00
1.716291271549675703e+09 -1.045475196838378729e+01 -4.151262044906616211e-01 1.465936422348022461e+00 0.000000000000000000e+00 0.000000000000000000e+00 0.000000000000000000e+00 1.000000000000000000e+00
1.716291271600014687e+09 -1.048987865447998047e+01 -3.860525488853454035e-01 1.459489941596984863e+00 0.000000000000000000e+00 0.000000000000000000e+00 0.000000000000000000e+00 1.000000000000000000e+00
1.716291271650127172e+09 -1.052391910552978338e+01 -3.568517565727233887e-01 1.453706026077270508e+00 0.000000000000000000e+00 0.000000000000000000e+00 0.000000000000000000e+00 1.000000000000000000e+00
1.716291271750491381e+09 -1.059180545806884766e+01 -3.302272558212280273e-01 1.448179721832275391e+00 0.000000000000000000e+00 0.000000000000000000e+00 0.000000000000000000e+00 1.000000000000000000e+00
1.716291271801036835e+09 -1.066147327423095525e+01 -2.708087861537932794e-01 1.436624169349670410e+00 0.000000000000000000e+00 0.000000000000000000e+00 0.000000000000000000e+00 1.000000000000000000e+00
1.716291271850790501e+09 -1.069517707824707031e+01 -2.408682405948638916e-01 1.431166291236877441e+00 0.000000000000000000e+00 0.000000000000000000e+00 0.000000000000000000e+00 1.000000000000000000e+00
1.716291272001677036e+09 -1.083669567108154475e+01 -1.554144173860549927e-01 1.415859460830688477e+00 0.000000000000000000e+00 0.000000000000000000e+00 0.000000000000000000e+00 1.000000000000000000e+00
1.716291272051888466e+09 -1.087403678894042969e+01 -1.270493865013122003e-01 1.410660624504089355e+00 0.000000000000000000e+00 0.000000000000000000e+00 0.000000000000000000e+00 1.000000000000000000e+00
1.716291272102042675e+09 -1.090930366516113281e+01 -9.842903167009349474e-02 1.405751585960388184e+00 0.000000000000000000e+00 0.000000000000000000e+00 0.000000000000000000e+00 1.000000000000000000e+00
1.716291272252597094e+09 -1.105364990234375000e+01 -1.911227032542220025e-02 1.394168376922607422e+00 0.000000000000000000e+00 0.000000000000000000e+00 0.000000000000000000e+00 1.000000000000000000e+00
1.716291272302674770e+09 -1.109164047241210938e+01 6.003530696034400232e-03 1.390866160392761230e+00 0.000000000000000000e+00 0.000000000000000000e+00 0.000000000000000000e+00 1.000000000000000000e+00
1.716291272403268337e+09 -1.116257381439208984e+01 3.129585832357399677e-02 1.387650847434997559e+00 0.000000000000000000e+00 0.000000000000000000e+00 0.000000000000000000e+00 1.000000000000000000e+00
1.716291272503451824e+09 -1.127010631561279119e+01 1.023108139634131969e-01 1.381647229194641113e+00 0.000000000000000000e+00 0.000000000000000000e+00 0.000000000000000000e+00 1.000000000000000000e+00
1.716291272553766489e+09 -1.130688285827636719e+01 1.239085718989371976e-01 1.380438566207885520e+00 0.000000000000000000e+00 0.000000000000000000e+00 0.000000000000000000e+00 1.000000000000000000e+00
1.716291272654103518e+09 -1.137863349914550781e+01 1.447974294424057007e-01 1.379321217536926492e+00 0.000000000000000000e+00 0.000000000000000000e+00 0.000000000000000000e+00 1.000000000000000000e+00
1.716291272704247236e+09 -1.144911384582519531e+01 1.819283664226531982e-01 1.379521131515502930e+00 0.000000000000000000e+00 0.000000000000000000e+00 0.000000000000000000e+00 1.000000000000000000e+00
1.716291272754673004e+09 -1.148482608795166016e+01 1.997633874416351041e-01 1.379777908325195090e+00 0.000000000000000000e+00 0.000000000000000000e+00 0.000000000000000000e+00 1.000000000000000000e+00
1.716291272856442451e+09 -1.155653858184814453e+01 2.168082147836684903e-01 1.380535721778869629e+00 0.000000000000000000e+00 0.000000000000000000e+00 0.000000000000000000e+00 1.000000000000000000e+00
1.716291272905348539e+09 -1.162596416473388850e+01 2.469601333141326904e-01 1.381947517395019531e+00 0.000000000000000000e+00 0.000000000000000000e+00 0.000000000000000000e+00 1.000000000000000000e+00
1.716291272955603123e+09 -1.166071701049804865e+01 2.593881785869597834e-01 1.383567571640014648e+00 0.000000000000000000e+00 0.000000000000000000e+00 0.000000000000000000e+00 1.000000000000000000e+00
1.716291273056229591e+09 -1.172844409942626953e+01 2.726705074310302734e-01 1.384767055511474609e+00 0.000000000000000000e+00 0.000000000000000000e+00 0.000000000000000000e+00 1.000000000000000000e+00
1.716291273107233286e+09 -1.179702186584472834e+01 2.922423779964447021e-01 1.387897491455077903e+00 0.000000000000000000e+00 0.000000000000000000e+00 0.000000000000000000e+00 1.000000000000000000e+00
1.716291273156617641e+09 -1.183282089233398438e+01 3.012968599796295166e-01 1.389715433120727539e+00 0.000000000000000000e+00 0.000000000000000000e+00 0.000000000000000000e+00 1.000000000000000000e+00
1.716291273206794739e+09 -1.186665725708007812e+01 3.087076246738433838e-01 1.391780614852905273e+00 0.000000000000000000e+00 0.000000000000000000e+00 0.000000000000000000e+00 1.000000000000000000e+00
1.716291273307163954e+09 -1.193748283386230469e+01 3.169091641902923029e-01 1.393792986869812012e+00 0.000000000000000000e+00 0.000000000000000000e+00 0.000000000000000000e+00 1.000000000000000000e+00
1.716291273357452869e+09 -1.197033405303955078e+01 3.235602080821990967e-01 1.396047234535217285e+00 0.000000000000000000e+00 0.000000000000000000e+00 0.000000000000000000e+00 1.000000000000000000e+00
1.716291273407500982e+09 -1.203611373901367188e+01 3.339051008224486750e-01 1.401595354080200195e+00 0.000000000000000000e+00 0.000000000000000000e+00 0.000000000000000000e+00 1.000000000000000000e+00
1.716291273507772923e+09 -1.213395023345947266e+01 3.422938585281372070e-01 1.406417250633239524e+00 0.000000000000000000e+00 0.000000000000000000e+00 0.000000000000000000e+00 1.000000000000000000e+00
1.716291273558052540e+09 -1.216790866851806641e+01 3.447578549385070801e-01 1.408775568008422852e+00 0.000000000000000000e+00 0.000000000000000000e+00 0.000000000000000000e+00 1.000000000000000000e+00
1.716291273758890867e+09 -1.233499431610107422e+01 3.458504676818847101e-01 1.417487859725951926e+00 0.000000000000000000e+00 0.000000000000000000e+00 0.000000000000000000e+00 1.000000000000000000e+00
1.716291273809428453e+09 -1.236804962158203125e+01 3.445880115032196045e-01 1.418936729431152344e+00 0.000000000000000000e+00 0.000000000000000000e+00 0.000000000000000000e+00 1.000000000000000000e+00
1.716291273859218597e+09 -1.243414020538330078e+01 3.425052762031555176e-01 1.420216798782348633e+00 0.000000000000000000e+00 0.000000000000000000e+00 0.000000000000000000e+00 1.000000000000000000e+00
1.716291273909303188e+09 -1.246728229522705078e+01 3.380669355392456055e-01 1.422007799148559570e+00 0.000000000000000000e+00 0.000000000000000000e+00 0.000000000000000000e+00 1.000000000000000000e+00
1.716291273960546732e+09 -1.250044155120849609e+01 3.328744769096373957e-01 1.423694252967834473e+00 0.000000000000000000e+00 0.000000000000000000e+00 0.000000000000000000e+00 1.000000000000000000e+00
1.716291274009621143e+09 -1.253262138366699219e+01 3.268696367740631104e-01 1.425974249839782715e+00 0.000000000000000000e+00 0.000000000000000000e+00 0.000000000000000000e+00 1.000000000000000000e+00
1.716291274059950352e+09 -1.259780597686767578e+01 3.209659159183502197e-01 1.428289771080017090e+00 0.000000000000000000e+00 0.000000000000000000e+00 0.000000000000000000e+00 1.000000000000000000e+00
1.716291274110464573e+09 -1.263200569152832031e+01 3.138952255249022882e-01 1.430949568748473899e+00 0.000000000000000000e+00 0.000000000000000000e+00 0.000000000000000000e+00 1.000000000000000000e+00
1.716291274160599709e+09 -1.266321372985839844e+01 3.062029778957366943e-01 1.433565974235534890e+00 0.000000000000000000e+00 0.000000000000000000e+00 0.000000000000000000e+00 1.000000000000000000e+00
1.716291274210687160e+09 -1.269747161865234375e+01 2.962754368782042902e-01 1.437153100967407227e+00 0.000000000000000000e+00 0.000000000000000000e+00 0.000000000000000000e+00 1.000000000000000000e+00
1.716291274311287642e+09 -1.280103015899658203e+01 2.735559940338134766e-01 1.445302367210388184e+00 0.000000000000000000e+00 0.000000000000000000e+00 0.000000000000000000e+00 1.000000000000000000e+00
1.716291274360955238e+09 -1.283433151245117188e+01 2.599907517433165949e-01 1.449943065643310325e+00 0.000000000000000000e+00 0.000000000000000000e+00 0.000000000000000000e+00 1.000000000000000000e+00
1.716291274411424875e+09 -1.286763763427734375e+01 2.452790290117262961e-01 1.454618453979492188e+00 0.000000000000000000e+00 0.000000000000000000e+00 0.000000000000000000e+00 1.000000000000000000e+00
1.716291274461277008e+09 -1.290092468261718750e+01 2.305086255073547086e-01 1.459300398826599121e+00 0.000000000000000000e+00 0.000000000000000000e+00 0.000000000000000000e+00 1.000000000000000000e+00
1.716291274511482477e+09 -1.293421363830566406e+01 2.143959105014801025e-01 1.463856935501098633e+00 0.000000000000000000e+00 0.000000000000000000e+00 0.000000000000000000e+00 1.000000000000000000e+00
1.716291274561628342e+09 -1.296650218963623047e+01 1.967705488204956055e-01 1.468391180038451926e+00 0.000000000000000000e+00 0.000000000000000000e+00 0.000000000000000000e+00 1.000000000000000000e+00
1.716291274662428379e+09 -1.302878475189208984e+01 1.778048872947692871e-01 1.473081469535827637e+00 0.000000000000000000e+00 0.000000000000000000e+00 0.000000000000000000e+00 1.000000000000000000e+00
1.716291274713081837e+09 -1.309927463531493963e+01 1.378509849309920987e-01 1.482288002967834473e+00 0.000000000000000000e+00 0.000000000000000000e+00 0.000000000000000000e+00 1.000000000000000000e+00
1.716291274762663603e+09 -1.316447830200195135e+01 1.170199364423750998e-01 1.486887097358703613e+00 0.000000000000000000e+00 0.000000000000000000e+00 0.000000000000000000e+00 1.000000000000000000e+00
1.716291274812709570e+09 -1.319665050506591797e+01 9.544803947210310502e-02 1.490857720375061035e+00 0.000000000000000000e+00 0.000000000000000000e+00 0.000000000000000000e+00 1.000000000000000000e+00
1.716291274863029242e+09 -1.322978973388672053e+01 7.314661145210260562e-02 1.494840025901794434e+00 0.000000000000000000e+00 0.000000000000000000e+00 0.000000000000000000e+00 1.000000000000000000e+00
1.716291274913193703e+09 -1.326289463043212713e+01 4.912123829126349706e-02 1.499267220497131126e+00 0.000000000000000000e+00 0.000000000000000000e+00 0.000000000000000000e+00 1.000000000000000000e+00
1.716291274963441849e+09 -1.329695701599121271e+01 2.445273101329799997e-02 1.503161787986755371e+00 0.000000000000000000e+00 0.000000000000000000e+00 0.000000000000000000e+00 1.000000000000000000e+00
1.716291275063675165e+09 -1.336297321319580078e+01 -2.792531740850999911e-04 1.506937146186828613e+00 0.000000000000000000e+00 0.000000000000000000e+00 0.000000000000000000e+00 1.000000000000000000e+00
1.716291275115179300e+09 -1.343187046051025391e+01 -4.769198596477500218e-02 1.514603972434997559e+00 0.000000000000000000e+00 0.000000000000000000e+00 0.000000000000000000e+00 1.000000000000000000e+00
1.716291275164191484e+09 -1.346575736999511541e+01 -7.114781439304350419e-02 1.518483757972717285e+00 0.000000000000000000e+00 0.000000000000000000e+00 0.000000000000000000e+00 1.000000000000000000e+00
1.716291275214433432e+09 -1.353459072113037287e+01 -9.621869772672650423e-02 1.522757172584533691e+00 0.000000000000000000e+00 0.000000000000000000e+00 0.000000000000000000e+00 1.000000000000000000e+00
1.716291275264536619e+09 -1.357038307189941406e+01 -1.208816096186637046e-01 1.526150703430175781e+00 0.000000000000000000e+00 0.000000000000000000e+00 0.000000000000000000e+00 1.000000000000000000e+00
1.716291275314933777e+09 -1.360412883758544922e+01 -1.457860767841339111e-01 1.529352784156799094e+00 0.000000000000000000e+00 0.000000000000000000e+00 0.000000000000000000e+00 1.000000000000000000e+00
1.716291275364901066e+09 -1.363983631134033203e+01 -1.705593019723891934e-01 1.531544685363769531e+00 0.000000000000000000e+00 0.000000000000000000e+00 0.000000000000000000e+00 1.000000000000000000e+00
1.716291275415129900e+09 -1.371050739288330078e+01 -1.952183991670607965e-01 1.533172607421875000e+00 0.000000000000000000e+00 0.000000000000000000e+00 0.000000000000000000e+00 1.000000000000000000e+00
1.716291275515394926e+09 -1.378381824493408203e+01 -2.392048090696334006e-01 1.534116387367248313e+00 0.000000000000000000e+00 0.000000000000000000e+00 0.000000000000000000e+00 1.000000000000000000e+00
1.716291275565521955e+09 -1.382143115997314453e+01 -2.609897851943969727e-01 1.533929824829101562e+00 0.000000000000000000e+00 0.000000000000000000e+00 0.000000000000000000e+00 1.000000000000000000e+00
1.716291275615511179e+09 -1.386201286315917969e+01 -2.828941345214843750e-01 1.532809495925903098e+00 0.000000000000000000e+00 0.000000000000000000e+00 0.000000000000000000e+00 1.000000000000000000e+00
1.716291275716133833e+09 -1.397811126708984375e+01 -3.258977234363555908e-01 1.530165433883666992e+00 0.000000000000000000e+00 0.000000000000000000e+00 0.000000000000000000e+00 1.000000000000000000e+00
1.716291275816760540e+09 -1.405713653564453125e+01 -3.667550683021544855e-01 1.527319669723510742e+00 0.000000000000000000e+00 0.000000000000000000e+00 0.000000000000000000e+00 1.000000000000000000e+00
1.716291275867931604e+09 -1.409665966033935547e+01 -3.853566348552703857e-01 1.525724768638610840e+00 0.000000000000000000e+00 0.000000000000000000e+00 0.000000000000000000e+00 1.000000000000000000e+00
1.716291275967288494e+09 -1.421264171600341797e+01 -4.232882261276245117e-01 1.520163297653198242e+00 0.000000000000000000e+00 0.000000000000000000e+00 0.000000000000000000e+00 1.000000000000000000e+00
1.716291276017518759e+09 -1.425108909606933594e+01 -4.423156380653380793e-01 1.517043471336364746e+00 0.000000000000000000e+00 0.000000000000000000e+00 0.000000000000000000e+00 1.000000000000000000e+00
1.716291276068185806e+09 -1.429154872894287287e+01 -4.602828621864318848e-01 1.514072775840759277e+00 0.000000000000000000e+00 0.000000000000000000e+00 0.000000000000000000e+00 1.000000000000000000e+00
1.716291276117946625e+09 -1.437295818328857422e+01 -4.798720777034758966e-01 1.510937929153442383e+00 0.000000000000000000e+00 0.000000000000000000e+00 0.000000000000000000e+00 1.000000000000000000e+00
1.716291276168268442e+09 -1.441334724426269531e+01 -4.987891316413878839e-01 1.506967902183532715e+00 0.000000000000000000e+00 0.000000000000000000e+00 0.000000000000000000e+00 1.000000000000000000e+00
1.716291276218145609e+09 -1.445274353027343750e+01 -5.168106555938720703e-01 1.503338336944580078e+00 0.000000000000000000e+00 0.000000000000000000e+00 0.000000000000000000e+00 1.000000000000000000e+00
1.716291276268367529e+09 -1.449308776855468750e+01 -5.357561111450195312e-01 1.499349594116210938e+00 0.000000000000000000e+00 0.000000000000000000e+00 0.000000000000000000e+00 1.000000000000000000e+00
1.716291276318689346e+09 -1.457342815399169922e+01 -5.549903512001037598e-01 1.495003342628479004e+00 0.000000000000000000e+00 0.000000000000000000e+00 0.000000000000000000e+00 1.000000000000000000e+00
1.716291276368800163e+09 -1.461679553985595525e+01 -5.723286867141723633e-01 1.490713834762573242e+00 0.000000000000000000e+00 0.000000000000000000e+00 0.000000000000000000e+00 1.000000000000000000e+00
1.716291276419319391e+09 -1.465715503692626953e+01 -5.893394351005554199e-01 1.485813140869140625e+00 0.000000000000000000e+00 0.000000000000000000e+00 0.000000000000000000e+00 1.000000000000000000e+00
1.716291276469349384e+09 -1.469851303100585938e+01 -6.059998273849487305e-01 1.480729341506958008e+00 0.000000000000000000e+00 0.000000000000000000e+00 0.000000000000000000e+00 1.000000000000000000e+00
1.716291276569761038e+09 -1.477679729461669922e+01 -6.247631311416625977e-01 1.475524544715881126e+00 0.000000000000000000e+00 0.000000000000000000e+00 0.000000000000000000e+00 1.000000000000000000e+00
1.716291276619891882e+09 -1.485436630249023438e+01 -6.593418121337890625e-01 1.465160250663757102e+00 0.000000000000000000e+00 0.000000000000000000e+00 0.000000000000000000e+00 1.000000000000000000e+00
1.716291276670184135e+09 -1.489362049102783203e+01 -6.767148375511169434e-01 1.459760904312133789e+00 0.000000000000000000e+00 0.000000000000000000e+00 0.000000000000000000e+00 1.000000000000000000e+00
1.716291276720598459e+09 -1.493189620971679688e+01 -6.931712627410888672e-01 1.453775525093078613e+00 0.000000000000000000e+00 0.000000000000000000e+00 0.000000000000000000e+00 1.000000000000000000e+00
1.716291276821007729e+09 -1.504263401031493963e+01 -7.219778299331665039e-01 1.440974354743957520e+00 0.000000000000000000e+00 0.000000000000000000e+00 0.000000000000000000e+00 1.000000000000000000e+00
1.716291276872055054e+09 -1.507710456848144354e+01 -7.333558201789855957e-01 1.433797240257263184e+00 0.000000000000000000e+00 0.000000000000000000e+00 0.000000000000000000e+00 1.000000000000000000e+00
1.716291276921058416e+09 -1.510964965820312322e+01 -7.430082559585571289e-01 1.426838278770446777e+00 0.000000000000000000e+00 0.000000000000000000e+00 0.000000000000000000e+00 1.000000000000000000e+00
1.716291277021958113e+09 -1.520495986938476562e+01 -7.581673860549926758e-01 1.412464261054992898e+00 0.000000000000000000e+00 0.000000000000000000e+00 0.000000000000000000e+00 1.000000000000000000e+00
1.716291277071675539e+09 -1.523387050628661932e+01 -7.599927783012390137e-01 1.405131816864013672e+00 0.000000000000000000e+00 0.000000000000000000e+00 0.000000000000000000e+00 1.000000000000000000e+00
1.716291277122059345e+09 -1.526289558410644354e+01 -7.594653964042663574e-01 1.397800087928771973e+00 0.000000000000000000e+00 0.000000000000000000e+00 0.000000000000000000e+00 1.000000000000000000e+00
1.716291277272279024e+09 -1.536923122406006037e+01 -7.532558441162109375e-01 1.380616188049316406e+00 0.000000000000000000e+00 0.000000000000000000e+00 0.000000000000000000e+00 1.000000000000000000e+00
1.716291277323263407e+09 -1.539149475097656250e+01 -7.477701306343078613e-01 1.375933289527893066e+00 0.000000000000000000e+00 0.000000000000000000e+00 0.000000000000000000e+00 1.000000000000000000e+00
1.716291277423629522e+09 -1.545303440093993963e+01 -7.367590069770812988e-01 1.367026090621948242e+00 0.000000000000000000e+00 0.000000000000000000e+00 0.000000000000000000e+00 1.000000000000000000e+00
1.716291277474148273e+09 -1.547329616546630859e+01 -7.310274243354797363e-01 1.362549901008605957e+00 0.000000000000000000e+00 0.000000000000000000e+00 0.000000000000000000e+00 1.000000000000000000e+00
1.716291277523760080e+09 -1.549162197113037287e+01 -7.236856818199157715e-01 1.357431411743164062e+00 0.000000000000000000e+00 0.000000000000000000e+00 0.000000000000000000e+00 1.000000000000000000e+00
1.716291277573535442e+09 -1.550705909729004084e+01 -7.136803865432739258e-01 1.352076888084411621e+00 0.000000000000000000e+00 0.000000000000000000e+00 0.000000000000000000e+00 1.000000000000000000e+00
1.716291277674062252e+09 -1.554914855957031250e+01 -6.887548565864562988e-01 1.342774033546447754e+00 0.000000000000000000e+00 0.000000000000000000e+00 0.000000000000000000e+00 1.000000000000000000e+00
1.716291277725497484e+09 -1.555968284606933594e+01 -6.761211156845092773e-01 1.339432239532470703e+00 0.000000000000000000e+00 0.000000000000000000e+00 0.000000000000000000e+00 1.000000000000000000e+00
1.716291277773774862e+09 -1.556910896301269531e+01 -6.658956408500671387e-01 1.336895346641540305e+00 0.000000000000000000e+00 0.000000000000000000e+00 0.000000000000000000e+00 1.000000000000000000e+00
1.716291277873922348e+09 -1.558869743347167969e+01 -6.520038247108459473e-01 1.334997534751892090e+00 0.000000000000000000e+00 0.000000000000000000e+00 0.000000000000000000e+00 1.000000000000000000e+00
1.716291277924269915e+09 -1.559395122528076172e+01 -6.460597515106201172e-01 1.335176825523376465e+00 0.000000000000000000e+00 0.000000000000000000e+00 0.000000000000000000e+00 1.000000000000000000e+00
1.716291277974515200e+09 -1.559716701507568359e+01 -6.409631967544555664e-01 1.335515618324279785e+00 0.000000000000000000e+00 0.000000000000000000e+00 0.000000000000000000e+00 1.000000000000000000e+00
1.716291278075401306e+09 -1.559943294525146484e+01 -6.350904703140258789e-01 1.338124752044677512e+00 0.000000000000000000e+00 0.000000000000000000e+00 0.000000000000000000e+00 1.000000000000000000e+00
1.716291278125339031e+09 -1.559742450714111150e+01 -6.356253027915954590e-01 1.339834928512573242e+00 0.000000000000000000e+00 0.000000000000000000e+00 0.000000000000000000e+00 1.000000000000000000e+00
1.716291278174960375e+09 -1.559439182281493963e+01 -6.368401050567626953e-01 1.342032551765441895e+00 0.000000000000000000e+00 0.000000000000000000e+00 0.000000000000000000e+00 1.000000000000000000e+00
1.716291278225380659e+09 -1.559139347076416016e+01 -6.373611688613891602e-01 1.344879627227783203e+00 0.000000000000000000e+00 0.000000000000000000e+00 0.000000000000000000e+00 1.000000000000000000e+00
1.716291278275312185e+09 -1.558043289184570312e+01 -6.367074847221374512e-01 1.347490549087524414e+00 0.000000000000000000e+00 0.000000000000000000e+00 0.000000000000000000e+00 1.000000000000000000e+00
1.716291278325595617e+09 -1.557245635986327947e+01 -6.366292834281921387e-01 1.350737333297729492e+00 0.000000000000000000e+00 0.000000000000000000e+00 0.000000000000000000e+00 1.000000000000000000e+00
1.716291278375899792e+09 -1.556444740295410156e+01 -6.374502778053283691e-01 1.354555487632751687e+00 0.000000000000000000e+00 0.000000000000000000e+00 0.000000000000000000e+00 1.000000000000000000e+00
1.716291278425834179e+09 -1.555437755584716797e+01 -6.397596597671508789e-01 1.358908772468566895e+00 0.000000000000000000e+00 0.000000000000000000e+00 0.000000000000000000e+00 1.000000000000000000e+00
1.716291278475871086e+09 -1.553227710723876953e+01 -6.426200270652770996e-01 1.363735675811767578e+00 0.000000000000000000e+00 0.000000000000000000e+00 0.000000000000000000e+00 1.000000000000000000e+00
1.716291278526282549e+09 -1.551917743682861150e+01 -6.456952691078186035e-01 1.369125127792358398e+00 0.000000000000000000e+00 0.000000000000000000e+00 0.000000000000000000e+00 1.000000000000000000e+00
1.716291278576687574e+09 -1.550414848327636719e+01 -6.469855904579162598e-01 1.374595999717712402e+00 0.000000000000000000e+00 0.000000000000000000e+00 0.000000000000000000e+00 1.000000000000000000e+00
1.716291278626934052e+09 -1.549011516571044922e+01 -6.483265161514282227e-01 1.379926562309265137e+00 0.000000000000000000e+00 0.000000000000000000e+00 0.000000000000000000e+00 1.000000000000000000e+00
1.716291278676933050e+09 -1.547420406341552734e+01 -6.468791365623474121e-01 1.386654257774353027e+00 0.000000000000000000e+00 0.000000000000000000e+00 0.000000000000000000e+00 1.000000000000000000e+00
1.716291279078539371e+09 -1.526827526092529119e+01 -6.222742199897766113e-01 1.440986275672912598e+00 0.000000000000000000e+00 0.000000000000000000e+00 0.000000000000000000e+00 1.000000000000000000e+00
1.716291279128670931e+09 -1.524551677703857422e+01 -6.162201166152954102e-01 1.447477936744689941e+00 0.000000000000000000e+00 0.000000000000000000e+00 0.000000000000000000e+00 1.000000000000000000e+00
1.716291279179794550e+09 -1.521880722045898438e+01 -6.087482571601867676e-01 1.453735947608947754e+00 0.000000000000000000e+00 0.000000000000000000e+00 0.000000000000000000e+00 1.000000000000000000e+00
1.716291279279268265e+09 -1.513652610778808594e+01 -5.892627239227294922e-01 1.463956594467163086e+00 0.000000000000000000e+00 0.000000000000000000e+00 0.000000000000000000e+00 1.000000000000000000e+00
1.716291279329444885e+09 -1.510788536071777166e+01 -5.794805288314819336e-01 1.467627048492431641e+00 0.000000000000000000e+00 0.000000000000000000e+00 0.000000000000000000e+00 1.000000000000000000e+00
1.716291279379740477e+09 -1.507829284667968750e+01 -5.682819485664367676e-01 1.471278548240661621e+00 0.000000000000000000e+00 0.000000000000000000e+00 0.000000000000000000e+00 1.000000000000000000e+00
1.716291279480072737e+09 -1.501769924163818359e+01 -5.562879443168640137e-01 1.474312424659729004e+00 0.000000000000000000e+00 0.000000000000000000e+00 0.000000000000000000e+00 1.000000000000000000e+00
1.716291279530140162e+09 -1.495444774627685547e+01 -5.345855355262756348e-01 1.478154778480529785e+00 0.000000000000000000e+00 0.000000000000000000e+00 0.000000000000000000e+00 1.000000000000000000e+00
1.716291279580362082e+09 -1.492083358764648438e+01 -5.230947732925415039e-01 1.479247093200683594e+00 0.000000000000000000e+00 0.000000000000000000e+00 0.000000000000000000e+00 1.000000000000000000e+00
1.716291279680794001e+09 -1.485625457763672053e+01 -5.098385810852050781e-01 1.479323744773864746e+00 0.000000000000000000e+00 0.000000000000000000e+00 0.000000000000000000e+00 1.000000000000000000e+00
1.716291279730901480e+09 -1.478501415252685547e+01 -4.860189259052276056e-01 1.478219628334045410e+00 0.000000000000000000e+00 0.000000000000000000e+00 0.000000000000000000e+00 1.000000000000000000e+00
1.716291279781374216e+09 -1.474638652801513672e+01 -4.738979935646057129e-01 1.476604461669922097e+00 0.000000000000000000e+00 0.000000000000000000e+00 0.000000000000000000e+00 1.000000000000000000e+00
1.716291279831140757e+09 -1.470975685119628729e+01 -4.616507291793823242e-01 1.474575042724609375e+00 0.000000000000000000e+00 0.000000000000000000e+00 0.000000000000000000e+00 1.000000000000000000e+00
1.716291279881865263e+09 -1.467212772369384766e+01 -4.490510523319243830e-01 1.471828937530517578e+00 0.000000000000000000e+00 0.000000000000000000e+00 0.000000000000000000e+00 1.000000000000000000e+00
1.716291279981742382e+09 -1.459750747680664062e+01 -4.352818727493286133e-01 1.468795180320739524e+00 0.000000000000000000e+00 0.000000000000000000e+00 0.000000000000000000e+00 1.000000000000000000e+00
1.716291280031882048e+09 -1.451823902130126953e+01 -4.086221158504486084e-01 1.461685895919799805e+00 0.000000000000000000e+00 0.000000000000000000e+00 0.000000000000000000e+00 1.000000000000000000e+00
1.716291280082098961e+09 -1.448359394073486328e+01 -3.951112627983093262e-01 1.457409024238586426e+00 0.000000000000000000e+00 0.000000000000000000e+00 0.000000000000000000e+00 1.000000000000000000e+00
1.716291280182594299e+09 -1.440593147277832031e+01 -3.812529146671295166e-01 1.453421115875243919e+00 0.000000000000000000e+00 0.000000000000000000e+00 0.000000000000000000e+00 1.000000000000000000e+00
1.716291280232736826e+09 -1.436727046966552734e+01 -3.673890233039855957e-01 1.448971867561340332e+00 0.000000000000000000e+00 0.000000000000000000e+00 0.000000000000000000e+00 1.000000000000000000e+00
1.716291280282776356e+09 -1.429190444946289062e+01 -3.399423360824584961e-01 1.440858602523803711e+00 0.000000000000000000e+00 0.000000000000000000e+00 0.000000000000000000e+00 1.000000000000000000e+00
1.716291280332974434e+09 -1.424917793273925781e+01 -3.273518085479735773e-01 1.437808275222778320e+00 0.000000000000000000e+00 0.000000000000000000e+00 0.000000000000000000e+00 1.000000000000000000e+00
1.716291280434178829e+09 -1.417046165466308594e+01 -3.134683072566986084e-01 1.435014367103576882e+00 0.000000000000000000e+00 0.000000000000000000e+00 0.000000000000000000e+00 1.000000000000000000e+00
1.716291280483632803e+09 -1.413272857666015625e+01 -3.003366291522979736e-01 1.432345390319824219e+00 0.000000000000000000e+00 0.000000000000000000e+00 0.000000000000000000e+00 1.000000000000000000e+00
1.716291280533957720e+09 -1.405722427368164062e+01 -2.745331525802611750e-01 1.428270578384399414e+00 0.000000000000000000e+00 0.000000000000000000e+00 0.000000000000000000e+00 1.000000000000000000e+00
1.716291280583915710e+09 -1.402147293090820312e+01 -2.608622610569000244e-01 1.426895141601562500e+00 0.000000000000000000e+00 0.000000000000000000e+00 0.000000000000000000e+00 1.000000000000000000e+00
1.716291280684508085e+09 -1.390797519683838068e+01 -2.310858517885208130e-01 1.425815343856811523e+00 0.000000000000000000e+00 0.000000000000000000e+00 0.000000000000000000e+00 1.000000000000000000e+00
1.716291280734637976e+09 -1.387220954895019531e+01 -2.161069512367247980e-01 1.425532937049865501e+00 0.000000000000000000e+00 0.000000000000000000e+00 0.000000000000000000e+00 1.000000000000000000e+00
1.716291280784700155e+09 -1.383543109893798828e+01 -2.012584358453750055e-01 1.426004648208618164e+00 0.000000000000000000e+00 0.000000000000000000e+00 0.000000000000000000e+00 1.000000000000000000e+00
1.716291280834876060e+09 -1.376364421844482422e+01 -1.857939362525939941e-01 1.426926851272583008e+00 0.000000000000000000e+00 0.000000000000000000e+00 0.000000000000000000e+00 1.000000000000000000e+00
1.716291280885108709e+09 -1.372784519195556641e+01 -1.704378724098205011e-01 1.428327918052673118e+00 0.000000000000000000e+00 0.000000000000000000e+00 0.000000000000000000e+00 1.000000000000000000e+00
1.716291280935206413e+09 -1.369203662872314453e+01 -1.545255482196807861e-01 1.429937243461608887e+00 0.000000000000000000e+00 0.000000000000000000e+00 0.000000000000000000e+00 1.000000000000000000e+00
1.716291280985459805e+09 -1.362221622467041016e+01 -1.379031687974928977e-01 1.431727290153503418e+00 0.000000000000000000e+00 0.000000000000000000e+00 0.000000000000000000e+00 1.000000000000000000e+00
1.716291281035598278e+09 -1.358738040924072443e+01 -1.213620677590370039e-01 1.434006690979003906e+00 0.000000000000000000e+00 0.000000000000000000e+00 0.000000000000000000e+00 1.000000000000000000e+00
1.716291281085934401e+09 -1.355253219604492188e+01 -1.037053465843199990e-01 1.436127185821533203e+00 0.000000000000000000e+00 0.000000000000000000e+00 0.000000000000000000e+00 1.000000000000000000e+00
1.716291281186402082e+09 -1.348377990722656250e+01 -6.640666723251339998e-02 1.440944433212280495e+00 0.000000000000000000e+00 0.000000000000000000e+00 0.000000000000000000e+00 1.000000000000000000e+00
1.716291281286675215e+09 -1.341587066650390625e+01 -4.693975672125810100e-02 1.444399356842041016e+00 0.000000000000000000e+00 0.000000000000000000e+00 0.000000000000000000e+00 1.000000000000000000e+00
1.716291281336847067e+09 -1.338193225860595525e+01 -2.743395604193209908e-02 1.447523832321166992e+00 0.000000000000000000e+00 0.000000000000000000e+00 0.000000000000000000e+00 1.000000000000000000e+00
1.716291281387167454e+09 -1.331996631622314453e+01 1.490285806357860045e-02 1.454222083091735840e+00 0.000000000000000000e+00 0.000000000000000000e+00 0.000000000000000000e+00 1.000000000000000000e+00
1.716291281487482786e+09 -1.325893211364745916e+01 3.606528043746939916e-02 1.457593202590942383e+00 0.000000000000000000e+00 0.000000000000000000e+00 0.000000000000000000e+00 1.000000000000000000e+00
1.716291281537520170e+09 -1.320072841644287287e+01 8.309152722358699450e-02 1.463956236839294434e+00 0.000000000000000000e+00 0.000000000000000000e+00 0.000000000000000000e+00 1.000000000000000000e+00
1.716291281587797403e+09 -1.314455509185791016e+01 1.073216646909713051e-01 1.466307044029235840e+00 0.000000000000000000e+00 0.000000000000000000e+00 0.000000000000000000e+00 1.000000000000000000e+00
1.716291281637909412e+09 -1.311833190917968750e+01 1.318413615226745050e-01 1.468066096305847168e+00 0.000000000000000000e+00 0.000000000000000000e+00 0.000000000000000000e+00 1.000000000000000000e+00
1.716291281738495588e+09 -1.306670570373535156e+01 1.836304664611816129e-01 1.470275878906250000e+00 0.000000000000000000e+00 0.000000000000000000e+00 0.000000000000000000e+00 1.000000000000000000e+00
1.716291281788457155e+09 -1.304030132293701172e+01 2.102960795164107999e-01 1.470918297767639160e+00 0.000000000000000000e+00 0.000000000000000000e+00 0.000000000000000000e+00 1.000000000000000000e+00
1.716291281838573217e+09 -1.301583766937256037e+01 2.370830476284027100e-01 1.471026659011840820e+00 0.000000000000000000e+00 0.000000000000000000e+00 0.000000000000000000e+00 1.000000000000000000e+00
1.716291281939035654e+09 -1.297032833099365234e+01 2.631204426288604736e-01 1.470789432525634766e+00 0.000000000000000000e+00 0.000000000000000000e+00 0.000000000000000000e+00 1.000000000000000000e+00
1.716291281989324570e+09 -1.292809963226318359e+01 3.173636794090270996e-01 1.468275904655456321e+00 0.000000000000000000e+00 0.000000000000000000e+00 0.000000000000000000e+00 1.000000000000000000e+00
1.716291282039502382e+09 -1.290839290618896484e+01 3.446429669857025146e-01 1.466456055641174316e+00 0.000000000000000000e+00 0.000000000000000000e+00 0.000000000000000000e+00 1.000000000000000000e+00
1.716291282089694738e+09 -1.287363624572754084e+01 3.713281452655792236e-01 1.464085936546325684e+00 0.000000000000000000e+00 0.000000000000000000e+00 0.000000000000000000e+00 1.000000000000000000e+00
1.716291282139875412e+09 -1.285688304901123047e+01 3.962207138538360041e-01 1.461474537849426492e+00 0.000000000000000000e+00 0.000000000000000000e+00 0.000000000000000000e+00 1.000000000000000000e+00
1.716291282190135241e+09 -1.284200382232666016e+01 4.234172999858856201e-01 1.458407640457153098e+00 0.000000000000000000e+00 0.000000000000000000e+00 0.000000000000000000e+00 1.000000000000000000e+00
1.716291282240291119e+09 -1.282615184783935547e+01 4.480655193328856867e-01 1.455231904983520508e+00 0.000000000000000000e+00 0.000000000000000000e+00 0.000000000000000000e+00 1.000000000000000000e+00
1.716291282341297865e+09 -1.278235149383544922e+01 4.955890178680419922e-01 1.445966958999633789e+00 0.000000000000000000e+00 0.000000000000000000e+00 0.000000000000000000e+00 1.000000000000000000e+00
1.716291282390788078e+09 -1.276942348480224609e+01 5.183632969856262207e-01 1.440825819969177246e+00 0.000000000000000000e+00 0.000000000000000000e+00 0.000000000000000000e+00 1.000000000000000000e+00
1.716291282491310358e+09 -1.274452400207519531e+01 5.617597699165344238e-01 1.429271221160888894e+00 0.000000000000000000e+00 0.000000000000000000e+00 0.000000000000000000e+00 1.000000000000000000e+00
1.716291282541400433e+09 -1.272356700897216797e+01 5.819714069366455078e-01 1.422440171241760476e+00 0.000000000000000000e+00 0.000000000000000000e+00 0.000000000000000000e+00 1.000000000000000000e+00
1.716291282592025995e+09 -1.271261978149414062e+01 6.013699173927307129e-01 1.415271759033203125e+00 0.000000000000000000e+00 0.000000000000000000e+00 0.000000000000000000e+00 1.000000000000000000e+00
1.716291282641822100e+09 -1.269377517700195135e+01 6.370005607604980469e-01 1.400038123130798340e+00 0.000000000000000000e+00 0.000000000000000000e+00 0.000000000000000000e+00 1.000000000000000000e+00
1.716291282742015123e+09 -1.268591690063476562e+01 6.526901721954345703e-01 1.392169594764709695e+00 0.000000000000000000e+00 0.000000000000000000e+00 0.000000000000000000e+00 1.000000000000000000e+00
1.716291282792668819e+09 -1.267014789581298828e+01 6.660317778587341309e-01 1.384574770927429199e+00 0.000000000000000000e+00 0.000000000000000000e+00 0.000000000000000000e+00 1.000000000000000000e+00
1.716291282842531919e+09 -1.266243839263916016e+01 6.781410574913024902e-01 1.377273797988891602e+00 0.000000000000000000e+00 0.000000000000000000e+00 0.000000000000000000e+00 1.000000000000000000e+00
1.716291282893781900e+09 -1.264732456207275391e+01 6.960143446922302246e-01 1.363259434700012207e+00 0.000000000000000000e+00 0.000000000000000000e+00 0.000000000000000000e+00 1.000000000000000000e+00
1.716291283043839931e+09 -1.261923122406006037e+01 7.117967605590820312e-01 1.345993995666503906e+00 0.000000000000000000e+00 0.000000000000000000e+00 0.000000000000000000e+00 1.000000000000000000e+00
1.716291283093469143e+09 -1.261307048797607422e+01 7.136265039443969727e-01 1.341653466224670410e+00 0.000000000000000000e+00 0.000000000000000000e+00 0.000000000000000000e+00 1.000000000000000000e+00
1.716291283143590689e+09 -1.260604858398437678e+01 7.130522131919860840e-01 1.337771296501159668e+00 0.000000000000000000e+00 0.000000000000000000e+00 0.000000000000000000e+00 1.000000000000000000e+00
1.716291283946718454e+09 -1.237982177734375000e+01 4.481631517410277765e-01 1.317264199256896973e+00 0.000000000000000000e+00 0.000000000000000000e+00 0.000000000000000000e+00 1.000000000000000000e+00
1.716291283997372627e+09 -1.236164951324462713e+01 4.245423078536986750e-01 1.317868232727050781e+00 0.000000000000000000e+00 0.000000000000000000e+00 0.000000000000000000e+00 1.000000000000000000e+00
1.716291284097370386e+09 -1.229310607910156250e+01 3.793212771415709894e-01 1.319833636283874290e+00 0.000000000000000000e+00 0.000000000000000000e+00 0.000000000000000000e+00 1.000000000000000000e+00
1.716291284147571087e+09 -1.226773262023925781e+01 3.585408031940460205e-01 1.321029901504516602e+00 0.000000000000000000e+00 0.000000000000000000e+00 0.000000000000000000e+00 1.000000000000000000e+00
1.716291284247858286e+09 -1.221785831451416016e+01 3.184443116188048761e-01 1.324261426925659180e+00 0.000000000000000000e+00 0.000000000000000000e+00 0.000000000000000000e+00 1.000000000000000000e+00
1.716291284300484419e+09 -1.216339206695556641e+01 2.978926897048950195e-01 1.327066063880920410e+00 0.000000000000000000e+00 0.000000000000000000e+00 0.000000000000000000e+00 1.000000000000000000e+00
1.716291284348221540e+09 -1.213586235046386719e+01 2.786822915077208918e-01 1.329090952873229980e+00 0.000000000000000000e+00 0.000000000000000000e+00 0.000000000000000000e+00 1.000000000000000000e+00
1.716291284398341417e+09 -1.210828399658203125e+01 2.605525851249694824e-01 1.331289291381835938e+00 0.000000000000000000e+00 0.000000000000000000e+00 0.000000000000000000e+00 1.000000000000000000e+00
1.716291284498885155e+09 -1.204864311218261541e+01 2.434184104204177024e-01 1.332873106002807617e+00 0.000000000000000000e+00 0.000000000000000000e+00 0.000000000000000000e+00 1.000000000000000000e+00
1.716291284599240541e+09 -1.198720645904541016e+01 2.138412147760390958e-01 1.334240436553955078e+00 0.000000000000000000e+00 0.000000000000000000e+00 0.000000000000000000e+00 1.000000000000000000e+00
1.716291284649434328e+09 -1.191960620880126953e+01 1.897659748792648038e-01 1.334873795509338379e+00 0.000000000000000000e+00 0.000000000000000000e+00 0.000000000000000000e+00 1.000000000000000000e+00
1.716291284749640703e+09 -1.181390762329101562e+01 1.675500720739364069e-01 1.333798289299011230e+00 0.000000000000000000e+00 0.000000000000000000e+00 0.000000000000000000e+00 1.000000000000000000e+00
1.716291284799817562e+09 -1.177902889251708984e+01 1.572051644325256070e-01 1.332613945007324219e+00 0.000000000000000000e+00 0.000000000000000000e+00 0.000000000000000000e+00 1.000000000000000000e+00
1.716291284849906206e+09 -1.174312686920166016e+01 1.473885476589202881e-01 1.330769300460815430e+00 0.000000000000000000e+00 0.000000000000000000e+00 0.000000000000000000e+00 1.000000000000000000e+00
1.716291285000657320e+09 -1.160134124755859375e+01 1.195961013436317028e-01 1.324438452720642090e+00 0.000000000000000000e+00 0.000000000000000000e+00 0.000000000000000000e+00 1.000000000000000000e+00
1.716291285050760746e+09 -1.156539154052734375e+01 1.103304550051689009e-01 1.321754217147827148e+00 0.000000000000000000e+00 0.000000000000000000e+00 0.000000000000000000e+00 1.000000000000000000e+00
1.716291285151252747e+09 -1.149444103240966797e+01 1.010674089193343977e-01 1.319876670837402344e+00 0.000000000000000000e+00 0.000000000000000000e+00 0.000000000000000000e+00 1.000000000000000000e+00
1.716291285251674175e+09 -1.142349529266357422e+01 8.153795450925820087e-02 1.313487529754638894e+00 0.000000000000000000e+00 0.000000000000000000e+00 0.000000000000000000e+00 1.000000000000000000e+00
1.716291285301762819e+09 -1.134849643707275391e+01 6.184716522693629870e-02 1.305889964103698730e+00 0.000000000000000000e+00 0.000000000000000000e+00 0.000000000000000000e+00 1.000000000000000000e+00
1.716291285402107477e+09 -1.127747917175292969e+01 5.157641693949689687e-02 1.302119970321655273e+00 0.000000000000000000e+00 0.000000000000000000e+00 0.000000000000000000e+00 1.000000000000000000e+00
1.716291285502449036e+09 -1.124244594573974609e+01 4.124736040830610101e-02 1.297673940658569114e+00 0.000000000000000000e+00 0.000000000000000000e+00 0.000000000000000000e+00 1.000000000000000000e+00
1.716291285552663326e+09 -1.114233589172363281e+01 1.942415162920950109e-02 1.288385152816772461e+00 0.000000000000000000e+00 0.000000000000000000e+00 0.000000000000000000e+00 1.000000000000000000e+00
1.716291285602944851e+09 -1.110825538635254084e+01 7.805528119206399905e-03 1.283245921134948730e+00 0.000000000000000000e+00 0.000000000000000000e+00 0.000000000000000000e+00 1.000000000000000000e+00
1.716291285653224945e+09 -1.107515335083007812e+01 -4.397254437208100199e-03 1.277776956558227539e+00 0.000000000000000000e+00 0.000000000000000000e+00 0.000000000000000000e+00 1.000000000000000000e+00
1.716291285753459930e+09 -1.097971725463867188e+01 -4.536569118499750308e-02 1.260706901550292969e+00 0.000000000000000000e+00 0.000000000000000000e+00 0.000000000000000000e+00 1.000000000000000000e+00
1.716291285853889227e+09 -1.091752815246582031e+01 -6.101192533969870130e-02 1.255802750587463379e+00 0.000000000000000000e+00 0.000000000000000000e+00 0.000000000000000000e+00 1.000000000000000000e+00
1.716291285904210091e+09 -1.085603809356689631e+01 -9.535329043865199694e-02 1.244992256164550781e+00 0.000000000000000000e+00 0.000000000000000000e+00 0.000000000000000000e+00 1.000000000000000000e+00
1.716291286004646540e+09 -1.079477500915527166e+01 -1.120798960328101973e-01 1.241093754768371582e+00 0.000000000000000000e+00 0.000000000000000000e+00 0.000000000000000000e+00 1.000000000000000000e+00
1.716291286054777861e+09 -1.073403358459472834e+01 -1.522069871425628107e-01 1.230991244316101074e+00 0.000000000000000000e+00 0.000000000000000000e+00 0.000000000000000000e+00 1.000000000000000000e+00
1.716291286104819298e+09 -1.070357704162597656e+01 -1.732313632965087891e-01 1.225632786750793679e+00 0.000000000000000000e+00 0.000000000000000000e+00 0.000000000000000000e+00 1.000000000000000000e+00
1.716291286154988527e+09 -1.067406463623046875e+01 -1.948632001876831055e-01 1.220349192619323508e+00 0.000000000000000000e+00 0.000000000000000000e+00 0.000000000000000000e+00 1.000000000000000000e+00
1.716291286255474806e+09 -1.058282279968261541e+01 -2.408662885427474976e-01 1.210239052772521973e+00 0.000000000000000000e+00 0.000000000000000000e+00 0.000000000000000000e+00 1.000000000000000000e+00
1.716291286305351973e+09 -1.055302810668945135e+01 -2.668043971061705988e-01 1.204293131828308105e+00 0.000000000000000000e+00 0.000000000000000000e+00 0.000000000000000000e+00 1.000000000000000000e+00
1.716291286355644703e+09 -1.052016735076904475e+01 -2.927130162715911865e-01 1.198583245277404785e+00 0.000000000000000000e+00 0.000000000000000000e+00 0.000000000000000000e+00 1.000000000000000000e+00
1.716291286405814886e+09 -1.048826789855957031e+01 -3.177729249000548761e-01 1.193168401718139648e+00 0.000000000000000000e+00 0.000000000000000000e+00 0.000000000000000000e+00 1.000000000000000000e+00
1.716291286506190538e+09 -1.039111232757568359e+01 -3.723477721214293878e-01 1.183778166770935059e+00 0.000000000000000000e+00 0.000000000000000000e+00 0.000000000000000000e+00 1.000000000000000000e+00
1.716291286556380510e+09 -1.035885238647460938e+01 -4.015464186668395996e-01 1.179027318954467773e+00 0.000000000000000000e+00 0.000000000000000000e+00 0.000000000000000000e+00 1.000000000000000000e+00
1.716291286606486320e+09 -1.032645511627197266e+01 -4.317720532417296808e-01 1.174220323562622070e+00 0.000000000000000000e+00 0.000000000000000000e+00 0.000000000000000000e+00 1.000000000000000000e+00
1.716291286656722069e+09 -1.029488372802734375e+01 -4.636339843273162842e-01 1.169337153434753418e+00 0.000000000000000000e+00 0.000000000000000000e+00 0.000000000000000000e+00 1.000000000000000000e+00
1.716291286706869364e+09 -1.023028850555419922e+01 -4.932749569416046143e-01 1.165531277656555176e+00 0.000000000000000000e+00 0.000000000000000000e+00 0.000000000000000000e+00 1.000000000000000000e+00
1.716291286757400751e+09 -1.019650077819824219e+01 -5.251514315605163574e-01 1.160900235176086426e+00 0.000000000000000000e+00 0.000000000000000000e+00 0.000000000000000000e+00 1.000000000000000000e+00
1.716291286857310295e+09 -1.012747097015380859e+01 -5.912281870841979980e-01 1.152456402778625710e+00 0.000000000000000000e+00 0.000000000000000000e+00 0.000000000000000000e+00 1.000000000000000000e+00
1.716291286957605600e+09 -1.002403259277343750e+01 -6.550600528717041016e-01 1.144920945167541504e+00 0.000000000000000000e+00 0.000000000000000000e+00 0.000000000000000000e+00 1.000000000000000000e+00
1.716291287007808447e+09 -9.988543510437011719e+00 -6.886695623397827148e-01 1.140783309936523438e+00 0.000000000000000000e+00 0.000000000000000000e+00 0.000000000000000000e+00 1.000000000000000000e+00
1.716291287058062077e+09 -9.952876091003417969e+00 -7.229328155517578125e-01 1.136705994606018066e+00 0.000000000000000000e+00 0.000000000000000000e+00 0.000000000000000000e+00 1.000000000000000000e+00
1.716291287158365250e+09 -9.883422851562500000e+00 -7.517641186714172363e-01 1.134257912635803223e+00 0.000000000000000000e+00 0.000000000000000000e+00 0.000000000000000000e+00 1.000000000000000000e+00
1.716291287208569050e+09 -9.808549880981443536e+00 -8.188298940658569336e-01 1.126912832260131836e+00 0.000000000000000000e+00 0.000000000000000000e+00 0.000000000000000000e+00 1.000000000000000000e+00
1.716291287258857965e+09 -9.768383979797363281e+00 -8.528185486793518066e-01 1.124013066291809082e+00 0.000000000000000000e+00 0.000000000000000000e+00 0.000000000000000000e+00 1.000000000000000000e+00
1.716291287308940649e+09 -9.729203224182127130e+00 -8.854632377624511719e-01 1.121204853057861106e+00 0.000000000000000000e+00 0.000000000000000000e+00 0.000000000000000000e+00 1.000000000000000000e+00
1.716291287409235001e+09 -9.651956558227540839e+00 -9.159189462661744274e-01 1.119942426681518555e+00 0.000000000000000000e+00 0.000000000000000000e+00 0.000000000000000000e+00 1.000000000000000000e+00
1.716291287459358931e+09 -9.612462997436523438e+00 -9.490501880645751953e-01 1.117474675178527832e+00 0.000000000000000000e+00 0.000000000000000000e+00 0.000000000000000000e+00 1.000000000000000000e+00
1.716291287510296106e+09 -9.537197113037109375e+00 -1.014230489730834961e+00 1.112814188003540039e+00 0.000000000000000000e+00 0.000000000000000000e+00 0.000000000000000000e+00 1.000000000000000000e+00
1.716291287559542418e+09 -9.498346328735351562e+00 -1.046877145767211914e+00 1.110614299774169922e+00 0.000000000000000000e+00 0.000000000000000000e+00 0.000000000000000000e+00 1.000000000000000000e+00
1.716291287659974098e+09 -9.384578704833984375e+00 -1.107503414154052734e+00 1.108543395996093750e+00 0.000000000000000000e+00 0.000000000000000000e+00 0.000000000000000000e+00 1.000000000000000000e+00
1.716291287710153103e+09 -9.345681190490724433e+00 -1.137411117553710938e+00 1.107670307159423828e+00 0.000000000000000000e+00 0.000000000000000000e+00 0.000000000000000000e+00 1.000000000000000000e+00
1.716291287760304689e+09 -9.306408882141111505e+00 -1.169462919235229492e+00 1.107332348823547363e+00 0.000000000000000000e+00 0.000000000000000000e+00 0.000000000000000000e+00 1.000000000000000000e+00
1.716291287810351372e+09 -9.266996383666992188e+00 -1.201443076133728027e+00 1.106880903244018555e+00 0.000000000000000000e+00 0.000000000000000000e+00 0.000000000000000000e+00 1.000000000000000000e+00
1.716291287860439539e+09 -9.191720008850097656e+00 -1.229429841041564941e+00 1.108860611915588379e+00 0.000000000000000000e+00 0.000000000000000000e+00 0.000000000000000000e+00 1.000000000000000000e+00
1.716291287911884546e+09 -9.153116226196287286e+00 -1.260979652404785156e+00 1.109323143959045410e+00 0.000000000000000000e+00 0.000000000000000000e+00 0.000000000000000000e+00 1.000000000000000000e+00
1.716291287961216211e+09 -9.111329078674316406e+00 -1.292743682861327903e+00 1.110415458679199219e+00 0.000000000000000000e+00 0.000000000000000000e+00 0.000000000000000000e+00 1.000000000000000000e+00
1.716291288011237383e+09 -9.070425033569335938e+00 -1.324501514434814453e+00 1.112075209617614746e+00 0.000000000000000000e+00 0.000000000000000000e+00 0.000000000000000000e+00 1.000000000000000000e+00
1.716291288061147690e+09 -9.028381347656250000e+00 -1.356114625930785911e+00 1.113873243331909180e+00 0.000000000000000000e+00 0.000000000000000000e+00 0.000000000000000000e+00 1.000000000000000000e+00
1.716291288161468983e+09 -8.953597068786621094e+00 -1.382863521575927512e+00 1.117670536041259766e+00 0.000000000000000000e+00 0.000000000000000000e+00 0.000000000000000000e+00 1.000000000000000000e+00
1.716291288211935759e+09 -8.875619888305664062e+00 -1.447522401809692383e+00 1.122146487236022949e+00 0.000000000000000000e+00 0.000000000000000000e+00 0.000000000000000000e+00 1.000000000000000000e+00
1.716291288262723923e+09 -8.800296783447265625e+00 -1.474612593650818093e+00 1.126157879829406738e+00 0.000000000000000000e+00 0.000000000000000000e+00 0.000000000000000000e+00 1.000000000000000000e+00
1.716291288312290668e+09 -8.760542869567871094e+00 -1.506073832511902078e+00 1.128640413284301758e+00 0.000000000000000000e+00 0.000000000000000000e+00 0.000000000000000000e+00 1.000000000000000000e+00
1.716291288362447500e+09 -8.721325874328613281e+00 -1.539436817169189675e+00 1.131599426269531250e+00 0.000000000000000000e+00 0.000000000000000000e+00 0.000000000000000000e+00 1.000000000000000000e+00
1.716291288412671089e+09 -8.682844161987304688e+00 -1.573298573493957520e+00 1.134284496307373047e+00 0.000000000000000000e+00 0.000000000000000000e+00 0.000000000000000000e+00 1.000000000000000000e+00
1.716291288462825298e+09 -8.609941482543945312e+00 -1.600081801414489524e+00 1.138909459114074707e+00 0.000000000000000000e+00 0.000000000000000000e+00 0.000000000000000000e+00 1.000000000000000000e+00
1.716291288512987852e+09 -8.571236610412597656e+00 -1.633244395256042480e+00 1.141998171806335449e+00 0.000000000000000000e+00 0.000000000000000000e+00 0.000000000000000000e+00 1.000000000000000000e+00
1.716291288563338280e+09 -8.533354759216308594e+00 -1.666563153266906738e+00 1.145585417747497559e+00 0.000000000000000000e+00 0.000000000000000000e+00 0.000000000000000000e+00 1.000000000000000000e+00
1.716291288663875818e+09 -8.455905914306640625e+00 -1.733717679977416992e+00 1.153007030487060325e+00 0.000000000000000000e+00 0.000000000000000000e+00 0.000000000000000000e+00 1.000000000000000000e+00
1.716291288714558363e+09 -8.388278007507324219e+00 -1.760047674179077148e+00 1.157568454742431641e+00 0.000000000000000000e+00 0.000000000000000000e+00 0.000000000000000000e+00 1.000000000000000000e+00
1.716291288764423370e+09 -8.351317405700683594e+00 -1.790174961090087891e+00 1.160654544830322488e+00 0.000000000000000000e+00 0.000000000000000000e+00 0.000000000000000000e+00 1.000000000000000000e+00
1.716291288864763498e+09 -8.276303291320800781e+00 -1.852829575538635698e+00 1.165362954139709695e+00 0.000000000000000000e+00 0.000000000000000000e+00 0.000000000000000000e+00 1.000000000000000000e+00
1.716291288965030432e+09 -8.179449081420898438e+00 -1.904621124267577903e+00 1.169765114784240723e+00 0.000000000000000000e+00 0.000000000000000000e+00 0.000000000000000000e+00 1.000000000000000000e+00
1.716291289015363216e+09 -8.143617630004882812e+00 -1.934670329093933105e+00 1.170282006263732910e+00 0.000000000000000000e+00 0.000000000000000000e+00 0.000000000000000000e+00 1.000000000000000000e+00
1.716291289065358639e+09 -8.107950210571289062e+00 -1.963289976119995117e+00 1.170566439628601074e+00 0.000000000000000000e+00 0.000000000000000000e+00 0.000000000000000000e+00 1.000000000000000000e+00
1.716291289115611315e+09 -8.074365615844726562e+00 -1.990998864173888716e+00 1.169782042503356934e+00 0.000000000000000000e+00 0.000000000000000000e+00 0.000000000000000000e+00 1.000000000000000000e+00
1.716291289215965271e+09 -7.983144283294677734e+00 -2.037470340728760210e+00 1.166714787483215110e+00 0.000000000000000000e+00 0.000000000000000000e+00 0.000000000000000000e+00 1.000000000000000000e+00
1.716291289266172647e+09 -7.954370021820068359e+00 -2.064504623413085938e+00 1.163776159286499023e+00 0.000000000000000000e+00 0.000000000000000000e+00 0.000000000000000000e+00 1.000000000000000000e+00
1.716291289317436695e+09 -7.915278911590576172e+00 -2.086750984191894531e+00 1.159533739089965820e+00 0.000000000000000000e+00 0.000000000000000000e+00 0.000000000000000000e+00 1.000000000000000000e+00
1.716291289366732121e+09 -7.882169246673583984e+00 -2.109246730804443803e+00 1.154357552528381126e+00 0.000000000000000000e+00 0.000000000000000000e+00 0.000000000000000000e+00 1.000000000000000000e+00
1.716291289467292786e+09 -7.804726600646972656e+00 -2.148340225219726562e+00 1.143426418304443359e+00 0.000000000000000000e+00 0.000000000000000000e+00 0.000000000000000000e+00 1.000000000000000000e+00
1.716291289517492056e+09 -7.775575160980224609e+00 -2.166495800018310547e+00 1.137992024421691895e+00 0.000000000000000000e+00 0.000000000000000000e+00 0.000000000000000000e+00 1.000000000000000000e+00
1.716291289568208933e+09 -7.747150897979736328e+00 -2.185423374176025391e+00 1.132393121719360352e+00 0.000000000000000000e+00 0.000000000000000000e+00 0.000000000000000000e+00 1.000000000000000000e+00
1.716291289617964506e+09 -7.701637744903564453e+00 -2.198449373245239702e+00 1.128020882606506348e+00 0.000000000000000000e+00 0.000000000000000000e+00 0.000000000000000000e+00 1.000000000000000000e+00
1.716291289668083906e+09 -7.674656867980957031e+00 -2.215513706207275391e+00 1.123408913612365501e+00 0.000000000000000000e+00 0.000000000000000000e+00 0.000000000000000000e+00 1.000000000000000000e+00
1.716291289718354464e+09 -7.650768756866455078e+00 -2.232472896575928178e+00 1.119044303894042969e+00 0.000000000000000000e+00 0.000000000000000000e+00 0.000000000000000000e+00 1.000000000000000000e+00
1.716291289768613100e+09 -7.624217987060546875e+00 -2.247793674468994141e+00 1.115889072418212891e+00 0.000000000000000000e+00 0.000000000000000000e+00 0.000000000000000000e+00 1.000000000000000000e+00
1.716291289819134235e+09 -7.582602024078369141e+00 -2.257641077041625977e+00 1.114481329917907493e+00 0.000000000000000000e+00 0.000000000000000000e+00 0.000000000000000000e+00 1.000000000000000000e+00
1.716291289869112015e+09 -7.558407783508300781e+00 -2.271952390670776367e+00 1.113248825073242188e+00 0.000000000000000000e+00 0.000000000000000000e+00 0.000000000000000000e+00 1.000000000000000000e+00
1.716291289920550108e+09 -7.536388397216796875e+00 -2.286070585250854492e+00 1.113683938980102317e+00 0.000000000000000000e+00 0.000000000000000000e+00 0.000000000000000000e+00 1.000000000000000000e+00
1.716291289969425201e+09 -7.513613224029541016e+00 -2.299222230911254883e+00 1.115098714828491211e+00 0.000000000000000000e+00 0.000000000000000000e+00 0.000000000000000000e+00 1.000000000000000000e+00
1.716291290019481659e+09 -7.478464126586914062e+00 -2.308360576629638672e+00 1.117684125900268555e+00 0.000000000000000000e+00 0.000000000000000000e+00 0.000000000000000000e+00 1.000000000000000000e+00
1.716291290069681644e+09 -7.457507610321044922e+00 -2.322220563888549805e+00 1.119953632354736328e+00 0.000000000000000000e+00 0.000000000000000000e+00 0.000000000000000000e+00 1.000000000000000000e+00
1.716291290119915009e+09 -7.438747882843017578e+00 -2.335574150085449219e+00 1.122015595436096191e+00 0.000000000000000000e+00 0.000000000000000000e+00 0.000000000000000000e+00 1.000000000000000000e+00
1.716291290170149088e+09 -7.418304443359375000e+00 -2.350765228271484375e+00 1.123957037925720215e+00 0.000000000000000000e+00 0.000000000000000000e+00 0.000000000000000000e+00 1.000000000000000000e+00
1.716291290220212936e+09 -7.385172367095947266e+00 -2.362754106521606445e+00 1.126067757606506348e+00 0.000000000000000000e+00 0.000000000000000000e+00 0.000000000000000000e+00 1.000000000000000000e+00
1.716291290270792007e+09 -7.365077972412109375e+00 -2.379492759704589844e+00 1.126240134239196777e+00 0.000000000000000000e+00 0.000000000000000000e+00 0.000000000000000000e+00 1.000000000000000000e+00
1.716291290321352720e+09 -7.347011566162109375e+00 -2.396095991134643999e+00 1.125256061553955078e+00 0.000000000000000000e+00 0.000000000000000000e+00 0.000000000000000000e+00 1.000000000000000000e+00
1.716291290371552944e+09 -7.327669620513916016e+00 -2.413090705871582031e+00 1.123657107353210449e+00 0.000000000000000000e+00 0.000000000000000000e+00 0.000000000000000000e+00 1.000000000000000000e+00
1.716291290421741724e+09 -7.296735763549804688e+00 -2.426572799682617188e+00 1.121394276618957520e+00 0.000000000000000000e+00 0.000000000000000000e+00 0.000000000000000000e+00 1.000000000000000000e+00
1.716291290521985769e+09 -7.259105205535888672e+00 -2.464958906173706055e+00 1.112582087516784890e+00 0.000000000000000000e+00 0.000000000000000000e+00 0.000000000000000000e+00 1.000000000000000000e+00
1.716291290572693110e+09 -7.240132331848143643e+00 -2.485517501831054688e+00 1.106387376785278320e+00 0.000000000000000000e+00 0.000000000000000000e+00 0.000000000000000000e+00 1.000000000000000000e+00
1.716291290673168898e+09 -7.190686225891113281e+00 -2.524834394454956055e+00 1.090890288352966309e+00 0.000000000000000000e+00 0.000000000000000000e+00 0.000000000000000000e+00 1.000000000000000000e+00
1.716291290723057508e+09 -7.169854164123535156e+00 -2.546285867691040039e+00 1.081518888473510742e+00 0.000000000000000000e+00 0.000000000000000000e+00 0.000000000000000000e+00 1.000000000000000000e+00
1.716291290773337364e+09 -7.148932456970214844e+00 -2.570365190505981001e+00 1.070543408393860085e+00 0.000000000000000000e+00 0.000000000000000000e+00 0.000000000000000000e+00 1.000000000000000000e+00
1.716291290873838663e+09 -7.096319198608398438e+00 -2.617379665374755859e+00 1.047152161598205566e+00 0.000000000000000000e+00 0.000000000000000000e+00 0.000000000000000000e+00 1.000000000000000000e+00
1.716291290923974514e+09 -7.074096202850341797e+00 -2.643382787704468218e+00 1.033995032310485840e+00 0.000000000000000000e+00 0.000000000000000000e+00 0.000000000000000000e+00 1.000000000000000000e+00
1.716291290974767208e+09 -7.051254272460937500e+00 -2.667781114578247070e+00 1.021116852760314941e+00 0.000000000000000000e+00 0.000000000000000000e+00 0.000000000000000000e+00 1.000000000000000000e+00
1.716291291024709463e+09 -7.029007434844970703e+00 -2.692817687988280806e+00 1.007181286811828613e+00 0.000000000000000000e+00 0.000000000000000000e+00 0.000000000000000000e+00 1.000000000000000000e+00
1.716291291125567436e+09 -6.973674297332763672e+00 -2.736140489578247070e+00 9.785294532775880016e-01 0.000000000000000000e+00 0.000000000000000000e+00 0.000000000000000000e+00 1.000000000000000000e+00
1.716291291175512791e+09 -6.952373027801513672e+00 -2.760059595108031782e+00 9.636752605438232422e-01 0.000000000000000000e+00 0.000000000000000000e+00 0.000000000000000000e+00 1.000000000000000000e+00
1.716291291226093292e+09 -6.929827690124511719e+00 -2.784019470214844194e+00 9.490584731101989746e-01 0.000000000000000000e+00 0.000000000000000000e+00 0.000000000000000000e+00 1.000000000000000000e+00
1.716291291275731087e+09 -6.906932830810546875e+00 -2.808360815048217773e+00 9.341354966163636364e-01 0.000000000000000000e+00 0.000000000000000000e+00 0.000000000000000000e+00 1.000000000000000000e+00
1.716291291326001167e+09 -6.885486125946044922e+00 -2.831497669219970703e+00 9.197664856910705566e-01 0.000000000000000000e+00 0.000000000000000000e+00 0.000000000000000000e+00 1.000000000000000000e+00
1.716291291425792933e+09 -6.831219673156738281e+00 -2.872503519058227539e+00 8.904898166656494141e-01 0.000000000000000000e+00 0.000000000000000000e+00 0.000000000000000000e+00 1.000000000000000000e+00
1.716291291475866318e+09 -6.809115886688232422e+00 -2.893327713012695757e+00 8.754070401191711426e-01 0.000000000000000000e+00 0.000000000000000000e+00 0.000000000000000000e+00 1.000000000000000000e+00
1.716291291526072502e+09 -6.787660598754882812e+00 -2.912449598312377930e+00 8.610886931419372559e-01 0.000000000000000000e+00 0.000000000000000000e+00 0.000000000000000000e+00 1.000000000000000000e+00
1.716291291626361847e+09 -6.758124351501464844e+00 -2.925147056579589844e+00 8.490055799484252930e-01 0.000000000000000000e+00 0.000000000000000000e+00 0.000000000000000000e+00 1.000000000000000000e+00
1.716291291676679611e+09 -6.717992305755615234e+00 -2.958592176437377930e+00 8.225672841072082520e-01 0.000000000000000000e+00 0.000000000000000000e+00 0.000000000000000000e+00 1.000000000000000000e+00
1.716291291726936340e+09 -6.699193477630615234e+00 -2.973564624786376953e+00 8.104296922683715820e-01 0.000000000000000000e+00 0.000000000000000000e+00 0.000000000000000000e+00 1.000000000000000000e+00
1.716291291827220678e+09 -6.670636653900146484e+00 -2.983324766159057617e+00 7.993347048759460449e-01 0.000000000000000000e+00 0.000000000000000000e+00 0.000000000000000000e+00 1.000000000000000000e+00
1.716291291877669573e+09 -6.652610778808593750e+00 -2.996341705322265625e+00 7.879368066787719727e-01 0.000000000000000000e+00 0.000000000000000000e+00 0.000000000000000000e+00 1.000000000000000000e+00
1.716291291927702427e+09 -6.616755485534667969e+00 -3.019246578216552734e+00 7.661622762680053711e-01 0.000000000000000000e+00 0.000000000000000000e+00 0.000000000000000000e+00 1.000000000000000000e+00
1.716291291978178263e+09 -6.599935054779052734e+00 -3.029315233230590820e+00 7.554907202720642090e-01 0.000000000000000000e+00 0.000000000000000000e+00 0.000000000000000000e+00 1.000000000000000000e+00
1.716291292028147697e+09 -6.575057029724121094e+00 -3.033260345458984375e+00 7.470303773880004883e-01 0.000000000000000000e+00 0.000000000000000000e+00 0.000000000000000000e+00 1.000000000000000000e+00
1.716291292078214645e+09 -6.559476852416992188e+00 -3.040713071823120117e+00 7.375987768173217773e-01 0.000000000000000000e+00 0.000000000000000000e+00 0.000000000000000000e+00 1.000000000000000000e+00
1.716291292128482342e+09 -6.545545101165772373e+00 -3.047073841094970703e+00 7.288220524787902832e-01 0.000000000000000000e+00 0.000000000000000000e+00 0.000000000000000000e+00 1.000000000000000000e+00
1.716291292178818703e+09 -6.531536579132080078e+00 -3.051349163055419922e+00 7.208538055419921875e-01 0.000000000000000000e+00 0.000000000000000000e+00 0.000000000000000000e+00 1.000000000000000000e+00
1.716291292229046583e+09 -6.509146213531494141e+00 -3.050274848937988281e+00 7.149605751037597656e-01 0.000000000000000000e+00 0.000000000000000000e+00 0.000000000000000000e+00 1.000000000000000000e+00
1.716291292279138565e+09 -6.496583938598632812e+00 -3.053929805755615234e+00 7.077838182449340820e-01 0.000000000000000000e+00 0.000000000000000000e+00 0.000000000000000000e+00 1.000000000000000000e+00
1.716291292329079151e+09 -6.484552860260009766e+00 -3.056619882583618164e+00 7.014277577400207520e-01 0.000000000000000000e+00 0.000000000000000000e+00 0.000000000000000000e+00 1.000000000000000000e+00
1.716291292379753828e+09 -6.474019527435302734e+00 -3.058500289916992188e+00 6.952313184738159180e-01 0.000000000000000000e+00 0.000000000000000000e+00 0.000000000000000000e+00 1.000000000000000000e+00
1.716291292430109501e+09 -6.457471370697021484e+00 -3.056535959243774414e+00 6.887983083724975586e-01 0.000000000000000000e+00 0.000000000000000000e+00 0.000000000000000000e+00 1.000000000000000000e+00
1.716291292480332375e+09 -6.447710990905761719e+00 -3.056230783462524414e+00 6.806983351707458496e-01 0.000000000000000000e+00 0.000000000000000000e+00 0.000000000000000000e+00 1.000000000000000000e+00
1.716291292530245543e+09 -6.439157009124755859e+00 -3.055322170257568359e+00 6.711732149124145508e-01 0.000000000000000000e+00 0.000000000000000000e+00 0.000000000000000000e+00 1.000000000000000000e+00
1.716291292580836773e+09 -6.429326057434082031e+00 -3.052890300750732422e+00 6.635876297950744629e-01 0.000000000000000000e+00 0.000000000000000000e+00 0.000000000000000000e+00 1.000000000000000000e+00
1.716291292631113529e+09 -6.426661968231201172e+00 -3.052701473236083984e+00 6.682361960411071777e-01 0.000000000000000000e+00 0.000000000000000000e+00 0.000000000000000000e+00 1.000000000000000000e+00
1.716291292681347370e+09 -6.423137187957763672e+00 -3.051674604415893555e+00 6.717653870582580566e-01 0.000000000000000000e+00 0.000000000000000000e+00 0.000000000000000000e+00 1.000000000000000000e+00
1.716291292781369448e+09 -6.422567844390869141e+00 -3.050948619842529297e+00 6.645285487174987793e-01 0.000000000000000000e+00 0.000000000000000000e+00 0.000000000000000000e+00 1.000000000000000000e+00
1.716291292831671238e+09 -6.430840492248535156e+00 -3.052028656005859819e+00 6.635185480117797852e-01 0.000000000000000000e+00 0.000000000000000000e+00 0.000000000000000000e+00 1.000000000000000000e+00
1.716291292881884575e+09 -6.439356803894042969e+00 -3.050195217132568359e+00 6.623316407203674316e-01 0.000000000000000000e+00 0.000000000000000000e+00 0.000000000000000000e+00 1.000000000000000000e+00
1.716291292933131456e+09 -6.449783802032470703e+00 -3.049219131469726562e+00 6.618797183036804199e-01 0.000000000000000000e+00 0.000000000000000000e+00 0.000000000000000000e+00 1.000000000000000000e+00
1.716291292982703209e+09 -6.453895092010498047e+00 -3.045007467269897017e+00 6.610591411590576172e-01 0.000000000000000000e+00 0.000000000000000000e+00 0.000000000000000000e+00 1.000000000000000000e+00
1.716291293032930374e+09 -6.454380989074707031e+00 -3.041606187820434570e+00 6.610190272331237793e-01 0.000000000000000000e+00 0.000000000000000000e+00 0.000000000000000000e+00 1.000000000000000000e+00
1.716291293083564997e+09 -6.452500343322753906e+00 -3.040748357772827148e+00 6.605527400970458984e-01 0.000000000000000000e+00 0.000000000000000000e+00 0.000000000000000000e+00 1.000000000000000000e+00
1.716291293133796692e+09 -6.448268413543701172e+00 -3.042667627334594727e+00 6.606439352035522461e-01 0.000000000000000000e+00 0.000000000000000000e+00 0.000000000000000000e+00 1.000000000000000000e+00
1.716291293183552742e+09 -6.445532798767089844e+00 -3.046127796173096147e+00 6.607337594032287598e-01 0.000000000000000000e+00 0.000000000000000000e+00 0.000000000000000000e+00 1.000000000000000000e+00
1.716291293233976126e+09 -6.443140983581542969e+00 -3.048872709274291992e+00 6.608888506889343262e-01 0.000000000000000000e+00 0.000000000000000000e+00 0.000000000000000000e+00 1.000000000000000000e+00
1.716291293283905506e+09 -6.441596031188964844e+00 -3.049818277359008789e+00 6.610169410705566406e-01 0.000000000000000000e+00 0.000000000000000000e+00 0.000000000000000000e+00 1.000000000000000000e+00
1.716291293333987474e+09 -6.442016601562500000e+00 -3.048905372619628906e+00 6.609257459640502930e-01 0.000000000000000000e+00 0.000000000000000000e+00 0.000000000000000000e+00 1.000000000000000000e+00
1.716291293384298801e+09 -6.442691326141357422e+00 -3.047454357147216797e+00 6.608327627182006836e-01 0.000000000000000000e+00 0.000000000000000000e+00 0.000000000000000000e+00 1.000000000000000000e+00
1.716291293434445143e+09 -6.444217205047607422e+00 -3.046511650085449219e+00 6.605704426765441895e-01 0.000000000000000000e+00 0.000000000000000000e+00 0.000000000000000000e+00 1.000000000000000000e+00
1.716291293534975290e+09 -6.444436073303222656e+00 -3.046063423156738281e+00 6.606260538101196289e-01 0.000000000000000000e+00 0.000000000000000000e+00 0.000000000000000000e+00 1.000000000000000000e+00
1.716291293635359764e+09 -6.443274974822998047e+00 -3.046243667602539062e+00 6.609198451042175293e-01 0.000000000000000000e+00 0.000000000000000000e+00 0.000000000000000000e+00 1.000000000000000000e+00
1.716291293685741425e+09 -6.442153453826904297e+00 -3.046288490295410156e+00 6.610239148139953613e-01 0.000000000000000000e+00 0.000000000000000000e+00 0.000000000000000000e+00 1.000000000000000000e+00
1.716291293735940933e+09 -6.441357135772705078e+00 -3.047985315322875977e+00 6.610745191574096680e-01 0.000000000000000000e+00 0.000000000000000000e+00 0.000000000000000000e+00 1.000000000000000000e+00
1.716291293836060762e+09 -6.440306186676025391e+00 -3.047863960266113281e+00 6.611168980598449707e-01 0.000000000000000000e+00 0.000000000000000000e+00 0.000000000000000000e+00 1.000000000000000000e+00
1.716291293886462450e+09 -6.440473556518554688e+00 -3.047481060028076172e+00 6.610053777694702148e-01 0.000000000000000000e+00 0.000000000000000000e+00 0.000000000000000000e+00 1.000000000000000000e+00
1.716291293937748671e+09 -6.442205905914306641e+00 -3.046123027801513672e+00 6.608226299285888672e-01 0.000000000000000000e+00 0.000000000000000000e+00 0.000000000000000000e+00 1.000000000000000000e+00
1.716291293986807823e+09 -6.442303657531738281e+00 -3.045917272567749023e+00 6.608253717422485352e-01 0.000000000000000000e+00 0.000000000000000000e+00 0.000000000000000000e+00 1.000000000000000000e+00
1.716291294037116766e+09 -6.443035125732421875e+00 -3.046678543090820312e+00 6.606532335281372070e-01 0.000000000000000000e+00 0.000000000000000000e+00 0.000000000000000000e+00 1.000000000000000000e+00
1.716291294087535381e+09 -6.441823005676269531e+00 -3.046917676925659180e+00 6.607668399810791016e-01 0.000000000000000000e+00 0.000000000000000000e+00 0.000000000000000000e+00 1.000000000000000000e+00
1.716291294137289524e+09 -6.441576957702636719e+00 -3.047461509704589844e+00 6.608535051345825195e-01 0.000000000000000000e+00 0.000000000000000000e+00 0.000000000000000000e+00 1.000000000000000000e+00
1.716291294187788963e+09 -6.440555095672607422e+00 -3.047305822372436523e+00 6.609948873519897461e-01 0.000000000000000000e+00 0.000000000000000000e+00 0.000000000000000000e+00 1.000000000000000000e+00
1.716291294237799406e+09 -6.440442562103272373e+00 -3.047502040863037109e+00 6.608421802520751953e-01 0.000000000000000000e+00 0.000000000000000000e+00 0.000000000000000000e+00 1.000000000000000000e+00
1.716291294288291693e+09 -6.440490722656250000e+00 -3.047395706176757812e+00 6.608247160911560059e-01 0.000000000000000000e+00 0.000000000000000000e+00 0.000000000000000000e+00 1.000000000000000000e+00
1.716291294338134527e+09 -6.441574096679688388e+00 -3.047429800033569336e+00 6.607141494750976562e-01 0.000000000000000000e+00 0.000000000000000000e+00 0.000000000000000000e+00 1.000000000000000000e+00
1.716291294388530731e+09 -6.441823482513427734e+00 -3.046904325485229048e+00 6.607189178466796875e-01 0.000000000000000000e+00 0.000000000000000000e+00 0.000000000000000000e+00 1.000000000000000000e+00
1.716291294438494682e+09 -6.441987037658691406e+00 -3.046558856964111772e+00 6.607194542884826660e-01 0.000000000000000000e+00 0.000000000000000000e+00 0.000000000000000000e+00 1.000000000000000000e+00
1.716291294488762379e+09 -6.441921234130859375e+00 -3.046688556671142578e+00 6.606872081756591797e-01 0.000000000000000000e+00 0.000000000000000000e+00 0.000000000000000000e+00 1.000000000000000000e+00
1.716291294540024042e+09 -6.441465854644775391e+00 -3.047640800476074219e+00 6.606492996215820312e-01 0.000000000000000000e+00 0.000000000000000000e+00 0.000000000000000000e+00 1.000000000000000000e+00
1.716291294589557409e+09 -6.440449237823486328e+00 -3.047469854354858398e+00 6.607752442359924316e-01 0.000000000000000000e+00 0.000000000000000000e+00 0.000000000000000000e+00 1.000000000000000000e+00
1.716291294689790726e+09 -6.440473079681396484e+00 -3.047424077987670898e+00 6.607931256294250488e-01 0.000000000000000000e+00 0.000000000000000000e+00 0.000000000000000000e+00 1.000000000000000000e+00
1.716291294739708424e+09 -6.440561294555664062e+00 -3.047231674194335938e+00 6.607700586318969727e-01 0.000000000000000000e+00 0.000000000000000000e+00 0.000000000000000000e+00 1.000000000000000000e+00
1.716291294789908886e+09 -6.441676616668701172e+00 -3.047203779220581055e+00 6.606777310371398926e-01 0.000000000000000000e+00 0.000000000000000000e+00 0.000000000000000000e+00 1.000000000000000000e+00
1.716291294890377283e+09 -6.441670894622802734e+00 -3.047200679779052734e+00 6.606206297874450684e-01 0.000000000000000000e+00 0.000000000000000000e+00 0.000000000000000000e+00 1.000000000000000000e+00
1.716291294941687584e+09 -6.441545486450195312e+00 -3.047463893890380859e+00 6.606148481369018555e-01 0.000000000000000000e+00 0.000000000000000000e+00 0.000000000000000000e+00 1.000000000000000000e+00
1.716291294990677834e+09 -6.441262245178222656e+00 -3.048054695129394531e+00 6.605844497680664062e-01 0.000000000000000000e+00 0.000000000000000000e+00 0.000000000000000000e+00 1.000000000000000000e+00
1.716291295040883541e+09 -6.441174030303955078e+00 -3.048238277435302734e+00 6.605759263038635254e-01 0.000000000000000000e+00 0.000000000000000000e+00 0.000000000000000000e+00 1.000000000000000000e+00
1.716291295091339827e+09 -6.441347122192382812e+00 -3.047839403152465820e+00 6.604526042938232422e-01 0.000000000000000000e+00 0.000000000000000000e+00 0.000000000000000000e+00 1.000000000000000000e+00
1.716291295141055346e+09 -6.442752361297607422e+00 -3.047201871871947798e+00 6.603762507438659668e-01 0.000000000000000000e+00 0.000000000000000000e+00 0.000000000000000000e+00 1.000000000000000000e+00
1.716291295191468954e+09 -6.443266391754150391e+00 -3.046108484268188477e+00 6.603515744209289551e-01 0.000000000000000000e+00 0.000000000000000000e+00 0.000000000000000000e+00 1.000000000000000000e+00
1.716291295241551161e+09 -6.444560527801513672e+00 -3.045686721801757812e+00 6.602038145065307617e-01 0.000000000000000000e+00 0.000000000000000000e+00 0.000000000000000000e+00 1.000000000000000000e+00
1.716291295291767597e+09 -6.444375991821289062e+00 -3.046065568923950195e+00 6.601634621620178223e-01 0.000000000000000000e+00 0.000000000000000000e+00 0.000000000000000000e+00 1.000000000000000000e+00
