# timestamp tx ty tz qx qy qz qw
1.716369126450710773e+09 6.190025329589843750e+00 -2.565149688720703125e+01 -3.593017101287841797e+00 0.000000000000000000e+00 0.000000000000000000e+00 0.000000000000000000e+00 1.000000000000000000e+00
1.716369126551179171e+09 6.190329551696777344e+00 -2.565136146545410156e+01 -3.593330621719360352e+00 0.000000000000000000e+00 0.000000000000000000e+00 0.000000000000000000e+00 1.000000000000000000e+00
1.716369126601513386e+09 6.190301418304443359e+00 -2.565132522583008168e+01 -3.593549966812133789e+00 0.000000000000000000e+00 0.000000000000000000e+00 0.000000000000000000e+00 1.000000000000000000e+00
1.716369126651807547e+09 6.190032005310058594e+00 -2.565142250061035156e+01 -3.593382596969604492e+00 0.000000000000000000e+00 0.000000000000000000e+00 0.000000000000000000e+00 1.000000000000000000e+00
1.716369126752238750e+09 6.190238952636718750e+00 -2.565137672424316406e+01 -3.593361377716064453e+00 0.000000000000000000e+00 0.000000000000000000e+00 0.000000000000000000e+00 1.000000000000000000e+00
1.716369126802811861e+09 6.190355300903320312e+00 -2.565137672424316406e+01 -3.593223810195922852e+00 0.000000000000000000e+00 0.000000000000000000e+00 0.000000000000000000e+00 1.000000000000000000e+00
1.716369126852538347e+09 6.190191745758056641e+00 -2.565143394470214844e+01 -3.593134880065917969e+00 0.000000000000000000e+00 0.000000000000000000e+00 0.000000000000000000e+00 1.000000000000000000e+00
1.716369126904816389e+09 6.190509796142578125e+00 -2.565129280090332031e+01 -3.593453645706176758e+00 0.000000000000000000e+00 0.000000000000000000e+00 0.000000000000000000e+00 1.000000000000000000e+00
1.716369126952989340e+09 6.190237522125244141e+00 -2.565134811401367188e+01 -3.593507289886474609e+00 0.000000000000000000e+00 0.000000000000000000e+00 0.000000000000000000e+00 1.000000000000000000e+00
1.716369127003211737e+09 6.190201282501220703e+00 -2.565132713317871094e+01 -3.593655347824096680e+00 0.000000000000000000e+00 0.000000000000000000e+00 0.000000000000000000e+00 1.000000000000000000e+00
1.716369127053556681e+09 6.190477848052978516e+00 -2.565125846862792969e+01 -3.593673467636108398e+00 0.000000000000000000e+00 0.000000000000000000e+00 0.000000000000000000e+00 1.000000000000000000e+00
1.716369127103602648e+09 6.190282344818115234e+00 -2.565128898620605113e+01 -3.593749046325684038e+00 0.000000000000000000e+00 0.000000000000000000e+00 0.000000000000000000e+00 1.000000000000000000e+00
1.716369127204024076e+09 6.189842700958251953e+00 -2.565147972106933594e+01 -3.593323230743408203e+00 0.000000000000000000e+00 0.000000000000000000e+00 0.000000000000000000e+00 1.000000000000000000e+00
1.716369127254688025e+09 6.189624309539794922e+00 -2.565150833129882812e+01 -3.593443393707275391e+00 0.000000000000000000e+00 0.000000000000000000e+00 0.000000000000000000e+00 1.000000000000000000e+00
1.716369127304472685e+09 6.189616203308105469e+00 -2.565161895751953125e+01 -3.592896461486816406e+00 0.000000000000000000e+00 0.000000000000000000e+00 0.000000000000000000e+00 1.000000000000000000e+00
1.716369127355616808e+09 6.190038681030273438e+00 -2.565150260925292969e+01 -3.592970848083496094e+00 0.000000000000000000e+00 0.000000000000000000e+00 0.000000000000000000e+00 1.000000000000000000e+00
1.716369127406105280e+09 6.190444946289063388e+00 -2.565136146545410156e+01 -3.593192577362060547e+00 0.000000000000000000e+00 0.000000000000000000e+00 0.000000000000000000e+00 1.000000000000000000e+00
1.716369127455729008e+09 6.190370559692382812e+00 -2.565138626098632812e+01 -3.593152046203613281e+00 0.000000000000000000e+00 0.000000000000000000e+00 0.000000000000000000e+00 1.000000000000000000e+00
1.716369127505970478e+09 6.190705299377441406e+00 -2.565130043029785156e+01 -3.593177318572998047e+00 0.000000000000000000e+00 0.000000000000000000e+00 0.000000000000000000e+00 1.000000000000000000e+00
1.716369127555747509e+09 6.190828323364257812e+00 -2.565124320983886719e+01 -3.593318462371826172e+00 0.000000000000000000e+00 0.000000000000000000e+00 0.000000000000000000e+00 1.000000000000000000e+00
1.716369127605960608e+09 6.191021442413330078e+00 -2.565118789672851918e+01 -3.593358516693115234e+00 0.000000000000000000e+00 0.000000000000000000e+00 0.000000000000000000e+00 1.000000000000000000e+00
1.716369127706384659e+09 6.190788269042968750e+00 -2.565127563476562500e+01 -3.593199253082275391e+00 0.000000000000000000e+00 0.000000000000000000e+00 0.000000000000000000e+00 1.000000000000000000e+00
1.716369127756540060e+09 6.190570354461669922e+00 -2.565141296386718750e+01 -3.592775821685791016e+00 0.000000000000000000e+00 0.000000000000000000e+00 0.000000000000000000e+00 1.000000000000000000e+00
1.716369127857198477e+09 6.190731048583984375e+00 -2.565131950378417969e+01 -3.593046903610229048e+00 0.000000000000000000e+00 0.000000000000000000e+00 0.000000000000000000e+00 1.000000000000000000e+00
1.716369127907203674e+09 6.190897941589356357e+00 -2.565134429931640625e+01 -3.592724323272705078e+00 0.000000000000000000e+00 0.000000000000000000e+00 0.000000000000000000e+00 1.000000000000000000e+00
1.716369127957324743e+09 6.190903186798095703e+00 -2.565132141113280895e+01 -3.592828273773193359e+00 0.000000000000000000e+00 0.000000000000000000e+00 0.000000000000000000e+00 1.000000000000000000e+00
1.716369128057883739e+09 6.190862655639648438e+00 -2.565125656127929688e+01 -3.593206882476806197e+00 0.000000000000000000e+00 0.000000000000000000e+00 0.000000000000000000e+00 1.000000000000000000e+00
1.716369128108000040e+09 6.190671920776367188e+00 -2.565134048461914062e+01 -3.593021631240844727e+00 0.000000000000000000e+00 0.000000000000000000e+00 0.000000000000000000e+00 1.000000000000000000e+00
1.716369128158129692e+09 6.190312385559082031e+00 -2.565137672424316406e+01 -3.593275547027587891e+00 0.000000000000000000e+00 0.000000000000000000e+00 0.000000000000000000e+00 1.000000000000000000e+00
1.716369128259115219e+09 6.190449714660644531e+00 -2.565137672424316406e+01 -3.593106508255004883e+00 0.000000000000000000e+00 0.000000000000000000e+00 0.000000000000000000e+00 1.000000000000000000e+00
1.716369128308853865e+09 6.190633773803710938e+00 -2.565128517150878906e+01 -3.593346595764160156e+00 0.000000000000000000e+00 0.000000000000000000e+00 0.000000000000000000e+00 1.000000000000000000e+00
1.716369128359058857e+09 6.190617084503173828e+00 -2.565128707885742543e+01 -3.593357086181640625e+00 0.000000000000000000e+00 0.000000000000000000e+00 0.000000000000000000e+00 1.000000000000000000e+00
1.716369128409602404e+09 6.190395832061767578e+00 -2.565135383605957031e+01 -3.593286991119384766e+00 0.000000000000000000e+00 0.000000000000000000e+00 0.000000000000000000e+00 1.000000000000000000e+00
1.716369128459520817e+09 6.190587520599365234e+00 -2.565131759643554688e+01 -3.593240022659301758e+00 0.000000000000000000e+00 0.000000000000000000e+00 0.000000000000000000e+00 1.000000000000000000e+00
1.716369128509888172e+09 6.190379142761231357e+00 -2.565136909484863637e+01 -3.593229293823242188e+00 0.000000000000000000e+00 0.000000000000000000e+00 0.000000000000000000e+00 1.000000000000000000e+00
1.716369128559925318e+09 6.190150260925292969e+00 -2.565137863159180043e+01 -3.593463897705078125e+00 0.000000000000000000e+00 0.000000000000000000e+00 0.000000000000000000e+00 1.000000000000000000e+00
1.716369128610085011e+09 6.190268039703369141e+00 -2.565132713317871094e+01 -3.593575239181518555e+00 0.000000000000000000e+00 0.000000000000000000e+00 0.000000000000000000e+00 1.000000000000000000e+00
1.716369128710748434e+09 6.190855026245117188e+00 -2.565120887756348012e+01 -3.593460559844970703e+00 0.000000000000000000e+00 0.000000000000000000e+00 0.000000000000000000e+00 1.000000000000000000e+00
1.716369128760847092e+09 6.190639019012451172e+00 -2.565138435363769176e+01 -3.592839479446411133e+00 0.000000000000000000e+00 0.000000000000000000e+00 0.000000000000000000e+00 1.000000000000000000e+00
1.716369128811078548e+09 6.190728187561035156e+00 -2.565132522583008168e+01 -3.593024492263793945e+00 0.000000000000000000e+00 0.000000000000000000e+00 0.000000000000000000e+00 1.000000000000000000e+00
1.716369128911540985e+09 6.190695285797119141e+00 -2.565129089355468750e+01 -3.593240022659301758e+00 0.000000000000000000e+00 0.000000000000000000e+00 0.000000000000000000e+00 1.000000000000000000e+00
1.716369129011934757e+09 6.190573692321777344e+00 -2.565132331848144531e+01 -3.593220710754394531e+00 0.000000000000000000e+00 0.000000000000000000e+00 0.000000000000000000e+00 1.000000000000000000e+00
1.716369129112388134e+09 6.190476417541503906e+00 -2.565133285522460938e+01 -3.593291759490966797e+00 0.000000000000000000e+00 0.000000000000000000e+00 0.000000000000000000e+00 1.000000000000000000e+00
1.716369129162510633e+09 6.190111637115479404e+00 -2.565147399902344105e+01 -3.593024253845214844e+00 0.000000000000000000e+00 0.000000000000000000e+00 0.000000000000000000e+00 1.000000000000000000e+00
1.716369129262945652e+09 6.190533161163330078e+00 -2.565132904052734375e+01 -3.593244075775146484e+00 0.000000000000000000e+00 0.000000000000000000e+00 0.000000000000000000e+00 1.000000000000000000e+00
1.716369129363537312e+09 6.190168857574462891e+00 -2.565148544311523438e+01 -3.592897176742553711e+00 0.000000000000000000e+00 0.000000000000000000e+00 0.000000000000000000e+00 1.000000000000000000e+00
1.716369129413686037e+09 6.190635681152343750e+00 -2.565136337280273082e+01 -3.592947721481323242e+00 0.000000000000000000e+00 0.000000000000000000e+00 0.000000000000000000e+00 1.000000000000000000e+00
1.716369129463976383e+09 6.190831661224365234e+00 -2.565125274658203125e+01 -3.593267679214477095e+00 0.000000000000000000e+00 0.000000000000000000e+00 0.000000000000000000e+00 1.000000000000000000e+00
1.716369129514081955e+09 6.191087722778320312e+00 -2.565112495422363637e+01 -3.593600749969482422e+00 0.000000000000000000e+00 0.000000000000000000e+00 0.000000000000000000e+00 1.000000000000000000e+00
1.716369129564485788e+09 6.190864086151123047e+00 -2.565116310119628906e+01 -3.593684673309326172e+00 0.000000000000000000e+00 0.000000000000000000e+00 0.000000000000000000e+00 1.000000000000000000e+00
1.716369129614632845e+09 6.191208839416503906e+00 -2.565111160278320312e+01 -3.593514919281005859e+00 0.000000000000000000e+00 0.000000000000000000e+00 0.000000000000000000e+00 1.000000000000000000e+00
1.716369129665229559e+09 6.190994262695312500e+00 -2.565115547180176137e+01 -3.593557596206665039e+00 0.000000000000000000e+00 0.000000000000000000e+00 0.000000000000000000e+00 1.000000000000000000e+00
1.716369129715093851e+09 6.191095829010009766e+00 -2.565119552612304688e+01 -3.593236684799194336e+00 0.000000000000000000e+00 0.000000000000000000e+00 0.000000000000000000e+00 1.000000000000000000e+00
1.716369129765616894e+09 6.191038608551025391e+00 -2.565118408203125000e+01 -3.593359470367432085e+00 0.000000000000000000e+00 0.000000000000000000e+00 0.000000000000000000e+00 1.000000000000000000e+00
1.716369129815486670e+09 6.190972328186035156e+00 -2.565118598937988281e+01 -3.593431949615478516e+00 0.000000000000000000e+00 0.000000000000000000e+00 0.000000000000000000e+00 1.000000000000000000e+00
1.716369129866164446e+09 6.190668106079101562e+00 -2.565132713317871094e+01 -3.593087673187255859e+00 0.000000000000000000e+00 0.000000000000000000e+00 0.000000000000000000e+00 1.000000000000000000e+00
1.716369129916496038e+09 6.190316200256347656e+00 -2.565136528015136719e+01 -3.593330144882202148e+00 0.000000000000000000e+00 0.000000000000000000e+00 0.000000000000000000e+00 1.000000000000000000e+00
1.716369129966584682e+09 6.190717220306396484e+00 -2.565121650695800781e+01 -3.593590021133422852e+00 0.000000000000000000e+00 0.000000000000000000e+00 0.000000000000000000e+00 1.000000000000000000e+00
1.716369130017390966e+09 6.190616607666015625e+00 -2.565126419067382812e+01 -3.593475580215454102e+00 0.000000000000000000e+00 0.000000000000000000e+00 0.000000000000000000e+00 1.000000000000000000e+00
1.716369130068442345e+09 6.190375328063964844e+00 -2.565139389038085938e+01 -3.593110322952270508e+00 0.000000000000000000e+00 0.000000000000000000e+00 0.000000000000000000e+00 1.000000000000000000e+00
1.716369130117540836e+09 6.190115928649902344e+00 -2.565145111083984375e+01 -3.593138456344604492e+00 0.000000000000000000e+00 0.000000000000000000e+00 0.000000000000000000e+00 1.000000000000000000e+00
1.716369130217812061e+09 6.190270900726318359e+00 -2.565139961242676137e+01 -3.593207597732543945e+00 0.000000000000000000e+00 0.000000000000000000e+00 0.000000000000000000e+00 1.000000000000000000e+00
1.716369130268839121e+09 6.190520286560058594e+00 -2.565140533447265625e+01 -3.592870712280272993e+00 0.000000000000000000e+00 0.000000000000000000e+00 0.000000000000000000e+00 1.000000000000000000e+00
1.716369130419159651e+09 6.190843582153320312e+00 -2.565116882324218750e+01 -3.593674421310424805e+00 0.000000000000000000e+00 0.000000000000000000e+00 0.000000000000000000e+00 1.000000000000000000e+00
1.716369130469887495e+09 6.190950870513916016e+00 -2.565113830566406250e+01 -3.593695163726806197e+00 0.000000000000000000e+00 0.000000000000000000e+00 0.000000000000000000e+00 1.000000000000000000e+00
1.716369130570158482e+09 6.190933704376220703e+00 -2.565119552612304688e+01 -3.593431711196899414e+00 0.000000000000000000e+00 0.000000000000000000e+00 0.000000000000000000e+00 1.000000000000000000e+00
1.716369130620100021e+09 6.190556526184082031e+00 -2.565132331848144531e+01 -3.593249320983886719e+00 0.000000000000000000e+00 0.000000000000000000e+00 0.000000000000000000e+00 1.000000000000000000e+00
1.716369130720386028e+09 6.190655231475830078e+00 -2.565135955810546875e+01 -3.592945575714111772e+00 0.000000000000000000e+00 0.000000000000000000e+00 0.000000000000000000e+00 1.000000000000000000e+00
1.716369130820874214e+09 6.190718173980712891e+00 -2.565128517150878906e+01 -3.593244552612304688e+00 0.000000000000000000e+00 0.000000000000000000e+00 0.000000000000000000e+00 1.000000000000000000e+00
1.716369130871227980e+09 6.190823078155517578e+00 -2.565122413635253906e+01 -3.593421936035155806e+00 0.000000000000000000e+00 0.000000000000000000e+00 0.000000000000000000e+00 1.000000000000000000e+00
1.716369130921361208e+09 6.190235137939453125e+00 -2.565141105651855469e+01 -3.593190431594848633e+00 0.000000000000000000e+00 0.000000000000000000e+00 0.000000000000000000e+00 1.000000000000000000e+00
1.716369130971614838e+09 6.190143585205078125e+00 -2.565141868591308949e+01 -3.593263864517211914e+00 0.000000000000000000e+00 0.000000000000000000e+00 0.000000000000000000e+00 1.000000000000000000e+00
1.716369131022134781e+09 6.191035270690917969e+00 -2.565120697021484375e+01 -3.593254089355468750e+00 0.000000000000000000e+00 0.000000000000000000e+00 0.000000000000000000e+00 1.000000000000000000e+00
1.716369131123009443e+09 6.190755844116210938e+00 -2.565133476257323863e+01 -3.592944622039794922e+00 0.000000000000000000e+00 0.000000000000000000e+00 0.000000000000000000e+00 1.000000000000000000e+00
1.716369131173076391e+09 6.190486431121826172e+00 -2.565136528015136719e+01 -3.593117713928222656e+00 0.000000000000000000e+00 0.000000000000000000e+00 0.000000000000000000e+00 1.000000000000000000e+00
1.716369131273397207e+09 6.190634250640869141e+00 -2.565137672424316406e+01 -3.592882156372070312e+00 0.000000000000000000e+00 0.000000000000000000e+00 0.000000000000000000e+00 1.000000000000000000e+00
1.716369131373906136e+09 6.190874099731445312e+00 -2.565130233764648438e+01 -3.592968225479125977e+00 0.000000000000000000e+00 0.000000000000000000e+00 0.000000000000000000e+00 1.000000000000000000e+00
1.716369131424267054e+09 6.190865516662597656e+00 -2.565126228332519531e+01 -3.593171596527100053e+00 0.000000000000000000e+00 0.000000000000000000e+00 0.000000000000000000e+00 1.000000000000000000e+00
1.716369131474476814e+09 6.190868854522705078e+00 -2.565123367309570312e+01 -3.593313932418823242e+00 0.000000000000000000e+00 0.000000000000000000e+00 0.000000000000000000e+00 1.000000000000000000e+00
1.716369131524576426e+09 6.190987110137940341e+00 -2.565122795104980469e+01 -3.593198060989379883e+00 0.000000000000000000e+00 0.000000000000000000e+00 0.000000000000000000e+00 1.000000000000000000e+00
1.716369131575230837e+09 6.190866470336914062e+00 -2.565127182006835938e+01 -3.593123197555541992e+00 0.000000000000000000e+00 0.000000000000000000e+00 0.000000000000000000e+00 1.000000000000000000e+00
1.716369131675780535e+09 6.190872192382812500e+00 -2.565128707885742543e+01 -3.593045711517333984e+00 0.000000000000000000e+00 0.000000000000000000e+00 0.000000000000000000e+00 1.000000000000000000e+00
1.716369131726164818e+09 6.190823078155517578e+00 -2.565128135681152344e+01 -3.593127250671386719e+00 0.000000000000000000e+00 0.000000000000000000e+00 0.000000000000000000e+00 1.000000000000000000e+00
1.716369131775953054e+09 6.191237449645996094e+00 -2.565114974975585938e+01 -3.593295812606811523e+00 0.000000000000000000e+00 0.000000000000000000e+00 0.000000000000000000e+00 1.000000000000000000e+00
1.716369131876429081e+09 6.191180229187011719e+00 -2.565117073059082031e+01 -3.593252420425415039e+00 0.000000000000000000e+00 0.000000000000000000e+00 0.000000000000000000e+00 1.000000000000000000e+00
1.716369131926717520e+09 6.190936088562011719e+00 -2.565118026733398438e+01 -3.593506097793579102e+00 0.000000000000000000e+00 0.000000000000000000e+00 0.000000000000000000e+00 1.000000000000000000e+00
1.716369131977013826e+09 6.191040992736816406e+00 -2.565114593505859730e+01 -3.593551874160766602e+00 0.000000000000000000e+00 0.000000000000000000e+00 0.000000000000000000e+00 1.000000000000000000e+00
1.716369132027244568e+09 6.190802097320556641e+00 -2.565118217468261719e+01 -3.593660354614257812e+00 0.000000000000000000e+00 0.000000000000000000e+00 0.000000000000000000e+00 1.000000000000000000e+00
1.716369132127841949e+09 6.190817356109619141e+00 -2.565117454528808949e+01 -3.593680143356323242e+00 0.000000000000000000e+00 0.000000000000000000e+00 0.000000000000000000e+00 1.000000000000000000e+00
1.716369132178215742e+09 6.190611362457275391e+00 -2.565120506286621094e+01 -3.593779087066650391e+00 0.000000000000000000e+00 0.000000000000000000e+00 0.000000000000000000e+00 1.000000000000000000e+00
1.716369132228475332e+09 6.190108299255371094e+00 -2.565137672424316406e+01 -3.593518018722534180e+00 0.000000000000000000e+00 0.000000000000000000e+00 0.000000000000000000e+00 1.000000000000000000e+00
1.716369132378912210e+09 6.190363407135009766e+00 -2.565135574340820312e+01 -3.593316793441772461e+00 0.000000000000000000e+00 0.000000000000000000e+00 0.000000000000000000e+00 1.000000000000000000e+00
1.716369132429108381e+09 6.190258502960205078e+00 -2.565135574340820312e+01 -3.593445539474487749e+00 0.000000000000000000e+00 0.000000000000000000e+00 0.000000000000000000e+00 1.000000000000000000e+00
1.716369132479343414e+09 6.190365791320800781e+00 -2.565136909484863637e+01 -3.593247175216674805e+00 0.000000000000000000e+00 0.000000000000000000e+00 0.000000000000000000e+00 1.000000000000000000e+00
1.716369132579831362e+09 6.190034866333007812e+00 -2.565138435363769176e+01 -3.593568563461304155e+00 0.000000000000000000e+00 0.000000000000000000e+00 0.000000000000000000e+00 1.000000000000000000e+00
1.716369132629910946e+09 6.190916538238525391e+00 -2.565117454528808949e+01 -3.593555927276611772e+00 0.000000000000000000e+00 0.000000000000000000e+00 0.000000000000000000e+00 1.000000000000000000e+00
1.716369132680314779e+09 6.190809249877929688e+00 -2.565117263793945312e+01 -3.593699216842651811e+00 0.000000000000000000e+00 0.000000000000000000e+00 0.000000000000000000e+00 1.000000000000000000e+00
1.716369132781023741e+09 6.190824985504150391e+00 -2.565109252929687500e+01 -3.594080686569213867e+00 0.000000000000000000e+00 0.000000000000000000e+00 0.000000000000000000e+00 1.000000000000000000e+00
1.716369132830890656e+09 6.190429210662841797e+00 -2.565130615234375000e+01 -3.593485116958618164e+00 0.000000000000000000e+00 0.000000000000000000e+00 0.000000000000000000e+00 1.000000000000000000e+00
1.716369132881070137e+09 6.190594196319580078e+00 -2.565129280090332031e+01 -3.593358039855957031e+00 0.000000000000000000e+00 0.000000000000000000e+00 0.000000000000000000e+00 1.000000000000000000e+00
1.716369132931280613e+09 6.190557003021240234e+00 -2.565128135681152344e+01 -3.593459129333496094e+00 0.000000000000000000e+00 0.000000000000000000e+00 0.000000000000000000e+00 1.000000000000000000e+00
1.716369133031962156e+09 6.190439701080322266e+00 -2.565135765075683949e+01 -3.593216657638549805e+00 0.000000000000000000e+00 0.000000000000000000e+00 0.000000000000000000e+00 1.000000000000000000e+00
1.716369133081999063e+09 6.190475463867188388e+00 -2.565128326416015980e+01 -3.593544006347655806e+00 0.000000000000000000e+00 0.000000000000000000e+00 0.000000000000000000e+00 1.000000000000000000e+00
1.716369133182428598e+09 6.190630435943604404e+00 -2.565126800537109375e+01 -3.593438863754272461e+00 0.000000000000000000e+00 0.000000000000000000e+00 0.000000000000000000e+00 1.000000000000000000e+00
1.716369133232674837e+09 6.190920352935791016e+00 -2.565118408203125000e+01 -3.593504667282104492e+00 0.000000000000000000e+00 0.000000000000000000e+00 0.000000000000000000e+00 1.000000000000000000e+00
1.716369133333082914e+09 6.191109657287597656e+00 -2.565114974975585938e+01 -3.593446493148804155e+00 0.000000000000000000e+00 0.000000000000000000e+00 0.000000000000000000e+00 1.000000000000000000e+00
1.716369133383245707e+09 6.190844535827636719e+00 -2.565123939514160156e+01 -3.593316793441772461e+00 0.000000000000000000e+00 0.000000000000000000e+00 0.000000000000000000e+00 1.000000000000000000e+00
1.716369133433820009e+09 6.190696716308593750e+00 -2.565130233764648438e+01 -3.593180179595947710e+00 0.000000000000000000e+00 0.000000000000000000e+00 0.000000000000000000e+00 1.000000000000000000e+00
1.716369133533965826e+09 6.190923690795898438e+00 -2.565122413635253906e+01 -3.593302249908447710e+00 0.000000000000000000e+00 0.000000000000000000e+00 0.000000000000000000e+00 1.000000000000000000e+00
1.716369133584145546e+09 6.190957069396972656e+00 -2.565117073059082031e+01 -3.593525171279907227e+00 0.000000000000000000e+00 0.000000000000000000e+00 0.000000000000000000e+00 1.000000000000000000e+00
1.716369133684407949e+09 6.190504550933837891e+00 -2.565129470825195668e+01 -3.593455314636230469e+00 0.000000000000000000e+00 0.000000000000000000e+00 0.000000000000000000e+00 1.000000000000000000e+00
1.716369133734605074e+09 6.189915180206298828e+00 -2.565048599243164062e+01 -3.592960119247436523e+00 0.000000000000000000e+00 0.000000000000000000e+00 0.000000000000000000e+00 1.000000000000000000e+00
1.716369133785053730e+09 6.190787792205810547e+00 -2.565127372741699219e+01 -3.593214511871337891e+00 0.000000000000000000e+00 0.000000000000000000e+00 0.000000000000000000e+00 1.000000000000000000e+00
1.716369133834779024e+09 6.191304206848144531e+00 -2.565116882324218750e+01 -3.593111991882324219e+00 0.000000000000000000e+00 0.000000000000000000e+00 0.000000000000000000e+00 1.000000000000000000e+00
1.716369133935117006e+09 6.191039562225341797e+00 -2.565121841430664062e+01 -3.593183517456054688e+00 0.000000000000000000e+00 0.000000000000000000e+00 0.000000000000000000e+00 1.000000000000000000e+00
1.716369133985426903e+09 6.188511848449707031e+00 -2.565073966979980469e+01 -3.593392610549926758e+00 0.000000000000000000e+00 0.000000000000000000e+00 0.000000000000000000e+00 1.000000000000000000e+00
1.716369134035594940e+09 6.188887596130371094e+00 -2.565069770812988281e+01 -3.593151807785034180e+00 0.000000000000000000e+00 0.000000000000000000e+00 0.000000000000000000e+00 1.000000000000000000e+00
1.716369134136168480e+09 6.191934585571289062e+00 -2.565098571777344105e+01 -3.593266487121582031e+00 0.000000000000000000e+00 0.000000000000000000e+00 0.000000000000000000e+00 1.000000000000000000e+00
1.716369134186862707e+09 6.190295696258544922e+00 -2.565133857727050781e+01 -3.593490839004516602e+00 0.000000000000000000e+00 0.000000000000000000e+00 0.000000000000000000e+00 1.000000000000000000e+00
1.716369134236689329e+09 6.189980030059815341e+00 -2.565233230590820312e+01 -3.594145774841308594e+00 0.000000000000000000e+00 0.000000000000000000e+00 0.000000000000000000e+00 1.000000000000000000e+00
1.716369134337252617e+09 6.190325736999511719e+00 -2.565026855468750000e+01 -3.593559741973876953e+00 0.000000000000000000e+00 0.000000000000000000e+00 0.000000000000000000e+00 1.000000000000000000e+00
1.716369134387443304e+09 6.190296173095703125e+00 -2.564926338195800781e+01 -3.593389511108398438e+00 0.000000000000000000e+00 0.000000000000000000e+00 0.000000000000000000e+00 1.000000000000000000e+00
1.716369134437905073e+09 6.190364837646484375e+00 -2.565127182006835938e+01 -3.593737840652465820e+00 0.000000000000000000e+00 0.000000000000000000e+00 0.000000000000000000e+00 1.000000000000000000e+00
1.716369134488228559e+09 6.191203117370605469e+00 -2.565114593505859730e+01 -3.593353748321533203e+00 0.000000000000000000e+00 0.000000000000000000e+00 0.000000000000000000e+00 1.000000000000000000e+00
1.716369134588707685e+09 6.191148757934570312e+00 -2.565113067626953125e+01 -3.593497514724731445e+00 0.000000000000000000e+00 0.000000000000000000e+00 0.000000000000000000e+00 1.000000000000000000e+00
1.716369134689926147e+09 6.190018653869628906e+00 -2.565142822265625000e+01 -3.593368291854858398e+00 0.000000000000000000e+00 0.000000000000000000e+00 0.000000000000000000e+00 1.000000000000000000e+00
1.716369134789680958e+09 6.190411567687988281e+00 -2.565032768249512074e+01 -3.593162059783935547e+00 0.000000000000000000e+00 0.000000000000000000e+00 0.000000000000000000e+00 1.000000000000000000e+00
1.716369134839855433e+09 6.191165447235107422e+00 -2.565120315551757457e+01 -3.593111753463745117e+00 0.000000000000000000e+00 0.000000000000000000e+00 0.000000000000000000e+00 1.000000000000000000e+00
1.716369134890326738e+09 6.191184043884277344e+00 -2.565114212036132812e+01 -3.593398809432983398e+00 0.000000000000000000e+00 0.000000000000000000e+00 0.000000000000000000e+00 1.000000000000000000e+00
1.716369134990499020e+09 6.191002368927001953e+00 -2.565120124816894531e+01 -3.593313932418823242e+00 0.000000000000000000e+00 0.000000000000000000e+00 0.000000000000000000e+00 1.000000000000000000e+00
1.716369135041121244e+09 6.189960002899169922e+00 -2.565052795410155895e+01 -3.592694759368896484e+00 0.000000000000000000e+00 0.000000000000000000e+00 0.000000000000000000e+00 1.000000000000000000e+00
1.716369135091470957e+09 6.190387248992919922e+00 -2.565137481689453125e+01 -3.593187570571899414e+00 0.000000000000000000e+00 0.000000000000000000e+00 0.000000000000000000e+00 1.000000000000000000e+00
1.716369135141757488e+09 6.191001415252685547e+00 -2.565119743347167969e+01 -3.593333959579468218e+00 0.000000000000000000e+00 0.000000000000000000e+00 0.000000000000000000e+00 1.000000000000000000e+00
1.716369135192039251e+09 6.191303730010986328e+00 -2.565116119384765625e+01 -3.593157052993774414e+00 0.000000000000000000e+00 0.000000000000000000e+00 0.000000000000000000e+00 1.000000000000000000e+00
1.716369135242178202e+09 6.191002845764160156e+00 -2.565121841430664062e+01 -3.593229770660400391e+00 0.000000000000000000e+00 0.000000000000000000e+00 0.000000000000000000e+00 1.000000000000000000e+00
1.716369135292507410e+09 6.191205978393554688e+00 -2.565114974975585938e+01 -3.593327045440673828e+00 0.000000000000000000e+00 0.000000000000000000e+00 0.000000000000000000e+00 1.000000000000000000e+00
1.716369135343210459e+09 6.191403388977050781e+00 -2.565112304687500000e+01 -3.593224763870239702e+00 0.000000000000000000e+00 0.000000000000000000e+00 0.000000000000000000e+00 1.000000000000000000e+00
1.716369135443115711e+09 6.191116809844970703e+00 -2.565114593505859730e+01 -3.593459129333496094e+00 0.000000000000000000e+00 0.000000000000000000e+00 0.000000000000000000e+00 1.000000000000000000e+00
1.716369135493420839e+09 6.191304683685302734e+00 -2.565113639831542969e+01 -3.593278884887695757e+00 0.000000000000000000e+00 0.000000000000000000e+00 0.000000000000000000e+00 1.000000000000000000e+00
1.716369135543709755e+09 6.191622257232666016e+00 -2.565104103088378906e+01 -3.593373775482177734e+00 0.000000000000000000e+00 0.000000000000000000e+00 0.000000000000000000e+00 1.000000000000000000e+00
1.716369135644223213e+09 6.193020343780517578e+00 -2.565174865722655895e+01 -3.593384504318237305e+00 0.000000000000000000e+00 0.000000000000000000e+00 0.000000000000000000e+00 1.000000000000000000e+00
1.716369135694299221e+09 6.193764686584472656e+00 -2.565260505676269176e+01 -3.593446969985961914e+00 0.000000000000000000e+00 0.000000000000000000e+00 0.000000000000000000e+00 1.000000000000000000e+00
1.716369135744481087e+09 6.193862438201904297e+00 -2.565260505676269176e+01 -3.593324899673461914e+00 0.000000000000000000e+00 0.000000000000000000e+00 0.000000000000000000e+00 1.000000000000000000e+00
1.716369135794934511e+09 6.193119525909423828e+00 -2.565171241760253906e+01 -3.593441963195800781e+00 0.000000000000000000e+00 0.000000000000000000e+00 0.000000000000000000e+00 1.000000000000000000e+00
1.716369135845475912e+09 6.192080974578857422e+00 -2.565089035034180043e+01 -3.593578338623046875e+00 0.000000000000000000e+00 0.000000000000000000e+00 0.000000000000000000e+00 1.000000000000000000e+00
1.716369135895586491e+09 6.191910266876220703e+00 -2.565094375610351918e+01 -3.593509674072265625e+00 0.000000000000000000e+00 0.000000000000000000e+00 0.000000000000000000e+00 1.000000000000000000e+00
1.716369135945870876e+09 6.192264556884765625e+00 -2.565089607238769176e+01 -3.593321323394775391e+00 0.000000000000000000e+00 0.000000000000000000e+00 0.000000000000000000e+00 1.000000000000000000e+00
1.716369136000114679e+09 6.192831993103027344e+00 -2.565174674987792969e+01 -3.593627214431762695e+00 0.000000000000000000e+00 0.000000000000000000e+00 0.000000000000000000e+00 1.000000000000000000e+00
1.716369136046384811e+09 6.192525386810302734e+00 -2.565188026428222656e+01 -3.593319177627563477e+00 0.000000000000000000e+00 0.000000000000000000e+00 0.000000000000000000e+00 1.000000000000000000e+00
1.716369136096721411e+09 6.191700458526611328e+00 -2.565105628967285156e+01 -3.593197822570800781e+00 0.000000000000000000e+00 0.000000000000000000e+00 0.000000000000000000e+00 1.000000000000000000e+00
1.716369136147040606e+09 6.191737174987792969e+00 -2.565105438232421875e+01 -3.593163013458251953e+00 0.000000000000000000e+00 0.000000000000000000e+00 0.000000000000000000e+00 1.000000000000000000e+00
1.716369136197246790e+09 6.192357063293457031e+00 -2.565096092224121094e+01 -3.592882156372070312e+00 0.000000000000000000e+00 0.000000000000000000e+00 0.000000000000000000e+00 1.000000000000000000e+00
1.716369136247447491e+09 6.193149566650390625e+00 -2.565175437927246094e+01 -3.593194007873535156e+00 0.000000000000000000e+00 0.000000000000000000e+00 0.000000000000000000e+00 1.000000000000000000e+00
1.716369136297557592e+09 6.193374156951904297e+00 -2.565171432495116832e+01 -3.593129396438598189e+00 0.000000000000000000e+00 0.000000000000000000e+00 0.000000000000000000e+00 1.000000000000000000e+00
1.716369136348362446e+09 6.192315578460693359e+00 -2.565209960937500000e+01 -3.592470884323120117e+00 0.000000000000000000e+00 0.000000000000000000e+00 0.000000000000000000e+00 1.000000000000000000e+00
1.716369136401746273e+09 6.191340446472167969e+00 -2.565130805969238281e+01 -3.592361211776733398e+00 0.000000000000000000e+00 0.000000000000000000e+00 0.000000000000000000e+00 1.000000000000000000e+00
1.716369136448348999e+09 6.190620422363281250e+00 -2.565041542053222656e+01 -3.592460632324218750e+00 0.000000000000000000e+00 0.000000000000000000e+00 0.000000000000000000e+00 1.000000000000000000e+00
1.716369136548919201e+09 6.190402030944824219e+00 -2.565044784545898438e+01 -3.592567205429077148e+00 0.000000000000000000e+00 0.000000000000000000e+00 0.000000000000000000e+00 1.000000000000000000e+00
1.716369136599141359e+09 6.191459655761718750e+00 -2.565118408203125000e+01 -3.592843532562255859e+00 0.000000000000000000e+00 0.000000000000000000e+00 0.000000000000000000e+00 1.000000000000000000e+00
1.716369136649500132e+09 6.192556858062744141e+00 -2.565197372436523438e+01 -3.592813968658447710e+00 0.000000000000000000e+00 0.000000000000000000e+00 0.000000000000000000e+00 1.000000000000000000e+00
1.716369136750278473e+09 6.191279888153076172e+00 -2.565131759643554688e+01 -3.592395305633544922e+00 0.000000000000000000e+00 0.000000000000000000e+00 0.000000000000000000e+00 1.000000000000000000e+00
1.716369136800377607e+09 6.191071510314941406e+00 -2.565133857727050781e+01 -3.592534542083739790e+00 0.000000000000000000e+00 0.000000000000000000e+00 0.000000000000000000e+00 1.000000000000000000e+00
1.716369136850482941e+09 6.191682815551757812e+00 -2.565112495422363637e+01 -3.592877626419067383e+00 0.000000000000000000e+00 0.000000000000000000e+00 0.000000000000000000e+00 1.000000000000000000e+00
1.716369136951234341e+09 6.191720008850097656e+00 -2.565108108520508168e+01 -3.593054294586181641e+00 0.000000000000000000e+00 0.000000000000000000e+00 0.000000000000000000e+00 1.000000000000000000e+00
1.716369137001193047e+09 6.190308094024658203e+00 -2.565043830871582031e+01 -3.592726230621337891e+00 0.000000000000000000e+00 0.000000000000000000e+00 0.000000000000000000e+00 1.000000000000000000e+00
1.716369137051437855e+09 6.189314365386962891e+00 -2.565069961547851918e+01 -3.592615604400634766e+00 0.000000000000000000e+00 0.000000000000000000e+00 0.000000000000000000e+00 1.000000000000000000e+00
1.716369137102136374e+09 6.188711643218994141e+00 -2.564975929260253906e+01 -3.592810392379760742e+00 0.000000000000000000e+00 0.000000000000000000e+00 0.000000000000000000e+00 1.000000000000000000e+00
1.716369137151953936e+09 6.188795566558837891e+00 -2.564968490600585938e+01 -3.593084812164306197e+00 0.000000000000000000e+00 0.000000000000000000e+00 0.000000000000000000e+00 1.000000000000000000e+00
1.716369137201972485e+09 6.189901828765869141e+00 -2.565048599243164062e+01 -3.592980146408081055e+00 0.000000000000000000e+00 0.000000000000000000e+00 0.000000000000000000e+00 1.000000000000000000e+00
1.716369137252392054e+09 6.190774440765380859e+00 -2.565030097961425426e+01 -3.592847108840942383e+00 0.000000000000000000e+00 0.000000000000000000e+00 0.000000000000000000e+00 1.000000000000000000e+00
1.716369137302634239e+09 6.190494537353515625e+00 -2.565044403076171875e+01 -3.592471599578857422e+00 0.000000000000000000e+00 0.000000000000000000e+00 0.000000000000000000e+00 1.000000000000000000e+00
1.716369137352838516e+09 6.190001487731933594e+00 -2.565059471130371094e+01 -3.592306613922119141e+00 0.000000000000000000e+00 0.000000000000000000e+00 0.000000000000000000e+00 1.000000000000000000e+00
1.716369137403167009e+09 6.189479351043701172e+00 -2.564971923828125000e+01 -3.592073202133178711e+00 0.000000000000000000e+00 0.000000000000000000e+00 0.000000000000000000e+00 1.000000000000000000e+00
1.716369137453395128e+09 6.189069747924804688e+00 -2.564984321594238281e+01 -3.591947317123413086e+00 0.000000000000000000e+00 0.000000000000000000e+00 0.000000000000000000e+00 1.000000000000000000e+00
1.716369137503730059e+09 6.189115047454833984e+00 -2.565089225769042969e+01 -3.591887950897216797e+00 0.000000000000000000e+00 0.000000000000000000e+00 0.000000000000000000e+00 1.000000000000000000e+00
1.716369137553776979e+09 6.189462184906005859e+00 -2.565075492858886719e+01 -3.592161178588867188e+00 0.000000000000000000e+00 0.000000000000000000e+00 0.000000000000000000e+00 1.000000000000000000e+00
1.716369137654275894e+09 6.187837600708007812e+00 -2.565012550354003906e+01 -3.592029094696044922e+00 0.000000000000000000e+00 0.000000000000000000e+00 0.000000000000000000e+00 1.000000000000000000e+00
1.716369137704329014e+09 6.186911106109619141e+00 -2.564942359924316406e+01 -3.591408014297485352e+00 0.000000000000000000e+00 0.000000000000000000e+00 0.000000000000000000e+00 1.000000000000000000e+00
1.716369137754603624e+09 6.186105728149414062e+00 -2.564968109130859730e+01 -3.591088056564331055e+00 0.000000000000000000e+00 0.000000000000000000e+00 0.000000000000000000e+00 1.000000000000000000e+00
1.716369137804868937e+09 6.184387683868408203e+00 -2.564816093444823863e+01 -3.590272665023804155e+00 0.000000000000000000e+00 0.000000000000000000e+00 0.000000000000000000e+00 1.000000000000000000e+00
1.716369137855120897e+09 6.182310581207275391e+00 -2.564778709411621094e+01 -3.589398384094238281e+00 0.000000000000000000e+00 0.000000000000000000e+00 0.000000000000000000e+00 1.000000000000000000e+00
1.716369137905359983e+09 6.179963588714599609e+00 -2.564738655090332031e+01 -3.588992834091186523e+00 0.000000000000000000e+00 0.000000000000000000e+00 0.000000000000000000e+00 1.000000000000000000e+00
1.716369137955595970e+09 6.177562713623046875e+00 -2.564679718017578125e+01 -3.589594364166260210e+00 0.000000000000000000e+00 0.000000000000000000e+00 0.000000000000000000e+00 1.000000000000000000e+00
1.716369138005739689e+09 6.173516273498535156e+00 -2.564374923706054688e+01 -3.588748931884765625e+00 0.000000000000000000e+00 0.000000000000000000e+00 0.000000000000000000e+00 1.000000000000000000e+00
1.716369138056297541e+09 6.170468807220458984e+00 -2.564284133911132812e+01 -3.586456298828125000e+00 0.000000000000000000e+00 0.000000000000000000e+00 0.000000000000000000e+00 1.000000000000000000e+00
1.716369138106172562e+09 6.167360782623291016e+00 -2.564297866821289062e+01 -3.584243059158325195e+00 0.000000000000000000e+00 0.000000000000000000e+00 0.000000000000000000e+00 1.000000000000000000e+00
1.716369138156477928e+09 6.163862705230712891e+00 -2.564223289489746094e+01 -3.581675767898560014e+00 0.000000000000000000e+00 0.000000000000000000e+00 0.000000000000000000e+00 1.000000000000000000e+00
1.716369138256932259e+09 6.161231994628906250e+00 -2.564140701293945312e+01 -3.578454732894897017e+00 0.000000000000000000e+00 0.000000000000000000e+00 0.000000000000000000e+00 1.000000000000000000e+00
1.716369138306965351e+09 6.160068988800048828e+00 -2.564124488830566406e+01 -3.575381994247436523e+00 0.000000000000000000e+00 0.000000000000000000e+00 0.000000000000000000e+00 1.000000000000000000e+00
1.716369138357314587e+09 6.154829502105712891e+00 -2.564184188842773082e+01 -3.568109989166260210e+00 0.000000000000000000e+00 0.000000000000000000e+00 0.000000000000000000e+00 1.000000000000000000e+00
1.716369138407703876e+09 6.151166439056396484e+00 -2.564153289794921875e+01 -3.563503026962280273e+00 0.000000000000000000e+00 0.000000000000000000e+00 0.000000000000000000e+00 1.000000000000000000e+00
1.716369138507856131e+09 6.146283149719238281e+00 -2.563869857788085938e+01 -3.557248830795288086e+00 0.000000000000000000e+00 0.000000000000000000e+00 0.000000000000000000e+00 1.000000000000000000e+00
1.716369138558138609e+09 6.135867118835449219e+00 -2.563920593261718750e+01 -3.540689706802368164e+00 0.000000000000000000e+00 0.000000000000000000e+00 0.000000000000000000e+00 1.000000000000000000e+00
1.716369138608460903e+09 6.130567073822021484e+00 -2.563933753967285156e+01 -3.530454397201538086e+00 0.000000000000000000e+00 0.000000000000000000e+00 0.000000000000000000e+00 1.000000000000000000e+00
1.716369138709150314e+09 6.126008510589599609e+00 -2.563772964477539062e+01 -3.517463445663452148e+00 0.000000000000000000e+00 0.000000000000000000e+00 0.000000000000000000e+00 1.000000000000000000e+00
1.716369138759674072e+09 6.119695186614990234e+00 -2.563722038269042969e+01 -3.495549678802490234e+00 0.000000000000000000e+00 0.000000000000000000e+00 0.000000000000000000e+00 1.000000000000000000e+00
1.716369138809425592e+09 6.115689277648925781e+00 -2.563764953613280895e+01 -3.482076168060302734e+00 0.000000000000000000e+00 0.000000000000000000e+00 0.000000000000000000e+00 1.000000000000000000e+00
1.716369138909940243e+09 6.107477188110351562e+00 -2.563600158691406250e+01 -3.446537256240844727e+00 0.000000000000000000e+00 0.000000000000000000e+00 0.000000000000000000e+00 1.000000000000000000e+00
1.716369138960411787e+09 6.103664398193359375e+00 -2.563579177856445312e+01 -3.430567979812622070e+00 0.000000000000000000e+00 0.000000000000000000e+00 0.000000000000000000e+00 1.000000000000000000e+00
1.716369139061446905e+09 6.096030712127685547e+00 -2.563295364379882812e+01 -3.394695043563842773e+00 0.000000000000000000e+00 0.000000000000000000e+00 0.000000000000000000e+00 1.000000000000000000e+00
1.716369139112068653e+09 6.093576908111572266e+00 -2.563308525085448863e+01 -3.375040769577026367e+00 0.000000000000000000e+00 0.000000000000000000e+00 0.000000000000000000e+00 1.000000000000000000e+00
1.716369139162602663e+09 6.086854934692382812e+00 -2.563117408752441051e+01 -3.338252544403076172e+00 0.000000000000000000e+00 0.000000000000000000e+00 0.000000000000000000e+00 1.000000000000000000e+00
1.716369139263443470e+09 6.081551074981689453e+00 -2.562477302551269176e+01 -3.317829608917236328e+00 0.000000000000000000e+00 0.000000000000000000e+00 0.000000000000000000e+00 1.000000000000000000e+00
1.716369139313938856e+09 6.076889991760253906e+00 -2.562239837646484375e+01 -3.297317743301392046e+00 0.000000000000000000e+00 0.000000000000000000e+00 0.000000000000000000e+00 1.000000000000000000e+00
1.716369139364106178e+09 6.072862625122070312e+00 -2.562088584899902344e+01 -3.276902437210083008e+00 0.000000000000000000e+00 0.000000000000000000e+00 0.000000000000000000e+00 1.000000000000000000e+00
1.716369139413226843e+09 6.068732261657714844e+00 -2.561751747131348012e+01 -3.255269289016724077e+00 0.000000000000000000e+00 0.000000000000000000e+00 0.000000000000000000e+00 1.000000000000000000e+00
1.716369139462726831e+09 6.063700675964356357e+00 -2.560728073120116832e+01 -3.232320070266724077e+00 0.000000000000000000e+00 0.000000000000000000e+00 0.000000000000000000e+00 1.000000000000000000e+00
1.716369139513091087e+09 6.060448169708251953e+00 -2.560293388366699219e+01 -3.209014892578125000e+00 0.000000000000000000e+00 0.000000000000000000e+00 0.000000000000000000e+00 1.000000000000000000e+00
1.716369139563922167e+09 6.058069705963134766e+00 -2.559825897216796875e+01 -3.186267614364624023e+00 0.000000000000000000e+00 0.000000000000000000e+00 0.000000000000000000e+00 1.000000000000000000e+00
1.716369139613576412e+09 6.055886268615722656e+00 -2.559395408630371094e+01 -3.161133766174316406e+00 0.000000000000000000e+00 0.000000000000000000e+00 0.000000000000000000e+00 1.000000000000000000e+00
1.716369139663836718e+09 6.051764965057373047e+00 -2.557905960083008168e+01 -3.133488416671752930e+00 0.000000000000000000e+00 0.000000000000000000e+00 0.000000000000000000e+00 1.000000000000000000e+00
1.716369139714563370e+09 6.051896095275878906e+00 -2.557374382019042969e+01 -3.110682249069213867e+00 0.000000000000000000e+00 0.000000000000000000e+00 0.000000000000000000e+00 1.000000000000000000e+00
1.716369139764207125e+09 6.050952434539794922e+00 -2.556607055664062500e+01 -3.084873199462890181e+00 0.000000000000000000e+00 0.000000000000000000e+00 0.000000000000000000e+00 1.000000000000000000e+00
1.716369139814566135e+09 6.050670146942138672e+00 -2.555977630615234375e+01 -3.056154489517211914e+00 0.000000000000000000e+00 0.000000000000000000e+00 0.000000000000000000e+00 1.000000000000000000e+00
1.716369139865165710e+09 6.050303459167480469e+00 -2.555224418640136719e+01 -3.028495550155640093e+00 0.000000000000000000e+00 0.000000000000000000e+00 0.000000000000000000e+00 1.000000000000000000e+00
1.716369139965094090e+09 6.046826839447021484e+00 -2.553046226501464844e+01 -2.996975421905517578e+00 0.000000000000000000e+00 0.000000000000000000e+00 0.000000000000000000e+00 1.000000000000000000e+00
1.716369140015399933e+09 6.046854496002197266e+00 -2.551261138916015980e+01 -2.937871694564819780e+00 0.000000000000000000e+00 0.000000000000000000e+00 0.000000000000000000e+00 1.000000000000000000e+00
1.716369140065883398e+09 6.047119617462158203e+00 -2.550320243835448863e+01 -2.907496213912963867e+00 0.000000000000000000e+00 0.000000000000000000e+00 0.000000000000000000e+00 1.000000000000000000e+00
1.716369140116545677e+09 6.047825336456298828e+00 -2.549270439147948863e+01 -2.876596212387084961e+00 0.000000000000000000e+00 0.000000000000000000e+00 0.000000000000000000e+00 1.000000000000000000e+00
1.716369140166122198e+09 6.044240951538085938e+00 -2.546816635131835938e+01 -2.842149972915649414e+00 0.000000000000000000e+00 0.000000000000000000e+00 0.000000000000000000e+00 1.000000000000000000e+00
1.716369140266714334e+09 6.044012069702148438e+00 -2.544707298278808949e+01 -2.776041269302368164e+00 0.000000000000000000e+00 0.000000000000000000e+00 0.000000000000000000e+00 1.000000000000000000e+00
1.716369140317135334e+09 6.043180942535400391e+00 -2.543615913391113281e+01 -2.742737531661987749e+00 0.000000000000000000e+00 0.000000000000000000e+00 0.000000000000000000e+00 1.000000000000000000e+00
1.716369140418090343e+09 6.038704395294189453e+00 -2.541085433959960938e+01 -2.707033395767211914e+00 0.000000000000000000e+00 0.000000000000000000e+00 0.000000000000000000e+00 1.000000000000000000e+00
1.716369140468543530e+09 6.036871910095214844e+00 -2.538652420043945312e+01 -2.635685205459594727e+00 0.000000000000000000e+00 0.000000000000000000e+00 0.000000000000000000e+00 1.000000000000000000e+00
1.716369140518498898e+09 6.031764984130859375e+00 -2.536309623718261719e+01 -2.562459468841552734e+00 0.000000000000000000e+00 0.000000000000000000e+00 0.000000000000000000e+00 1.000000000000000000e+00
1.716369140670050859e+09 6.021698474884033203e+00 -2.532265472412109375e+01 -2.484710216522216797e+00 0.000000000000000000e+00 0.000000000000000000e+00 0.000000000000000000e+00 1.000000000000000000e+00
1.716369140718695402e+09 6.017908573150634766e+00 -2.531001472473144531e+01 -2.444854497909545898e+00 0.000000000000000000e+00 0.000000000000000000e+00 0.000000000000000000e+00 1.000000000000000000e+00
1.716369140769021273e+09 6.012450695037841797e+00 -2.527943801879882812e+01 -2.402189731597900391e+00 0.000000000000000000e+00 0.000000000000000000e+00 0.000000000000000000e+00 1.000000000000000000e+00
1.716369140869466066e+09 6.011159420013427734e+00 -2.523775482177734375e+01 -2.281425237655640093e+00 0.000000000000000000e+00 0.000000000000000000e+00 0.000000000000000000e+00 1.000000000000000000e+00
1.716369140969832897e+09 6.002550601959228516e+00 -2.520703506469726562e+01 -2.236243724822998047e+00 0.000000000000000000e+00 0.000000000000000000e+00 0.000000000000000000e+00 1.000000000000000000e+00
1.716369141070212364e+09 5.991326332092285156e+00 -2.518230438232421875e+01 -2.146424770355224609e+00 0.000000000000000000e+00 0.000000000000000000e+00 0.000000000000000000e+00 1.000000000000000000e+00
1.716369141120707035e+09 5.987068653106689453e+00 -2.517037010192871094e+01 -2.099114418029785156e+00 0.000000000000000000e+00 0.000000000000000000e+00 0.000000000000000000e+00 1.000000000000000000e+00
1.716369141170554161e+09 5.977688789367675781e+00 -2.514136505126953125e+01 -2.003846406936645064e+00 0.000000000000000000e+00 0.000000000000000000e+00 0.000000000000000000e+00 1.000000000000000000e+00
1.716369141271420479e+09 5.970304965972900391e+00 -2.511007308959960938e+01 -1.950068950653075950e+00 0.000000000000000000e+00 0.000000000000000000e+00 0.000000000000000000e+00 1.000000000000000000e+00
1.716369141372342825e+09 5.958435535430908203e+00 -2.507159423828125000e+01 -1.793690919876098633e+00 0.000000000000000000e+00 0.000000000000000000e+00 0.000000000000000000e+00 1.000000000000000000e+00
1.716369141472289324e+09 5.948838710784912109e+00 -2.504183769226074574e+01 -1.737100601196289062e+00 0.000000000000000000e+00 0.000000000000000000e+00 0.000000000000000000e+00 1.000000000000000000e+00
1.716369141522214174e+09 5.936997890472412109e+00 -2.501633644104003906e+01 -1.625107765197753906e+00 0.000000000000000000e+00 0.000000000000000000e+00 0.000000000000000000e+00 1.000000000000000000e+00
1.716369141622547626e+09 5.924262523651123047e+00 -2.498538017272948863e+01 -1.564722537994384766e+00 0.000000000000000000e+00 0.000000000000000000e+00 0.000000000000000000e+00 1.000000000000000000e+00
1.716369141672952890e+09 5.915522098541259766e+00 -2.497332572937012074e+01 -1.510350227355957031e+00 0.000000000000000000e+00 0.000000000000000000e+00 0.000000000000000000e+00 1.000000000000000000e+00
1.716369141723036051e+09 5.893083095550537109e+00 -2.494881629943848012e+01 -1.394379019737243652e+00 0.000000000000000000e+00 0.000000000000000000e+00 0.000000000000000000e+00 1.000000000000000000e+00
1.716369141773401737e+09 5.881762981414794922e+00 -2.493971252441406250e+01 -1.334451794624328613e+00 0.000000000000000000e+00 0.000000000000000000e+00 0.000000000000000000e+00 1.000000000000000000e+00
1.716369141873898983e+09 5.869905471801757812e+00 -2.492958068847655895e+01 -1.274373292922973633e+00 0.000000000000000000e+00 0.000000000000000000e+00 0.000000000000000000e+00 1.000000000000000000e+00
1.716369141924062967e+09 5.852023601531982422e+00 -2.489865493774414062e+01 -1.208241105079650879e+00 0.000000000000000000e+00 0.000000000000000000e+00 0.000000000000000000e+00 1.000000000000000000e+00
1.716369142024780750e+09 5.827353000640869141e+00 -2.487953948974609375e+01 -1.082131385803222878e+00 0.000000000000000000e+00 0.000000000000000000e+00 0.000000000000000000e+00 1.000000000000000000e+00
1.716369142075113535e+09 5.812582492828369141e+00 -2.485452651977539062e+01 -1.017057657241821289e+00 0.000000000000000000e+00 0.000000000000000000e+00 0.000000000000000000e+00 1.000000000000000000e+00
1.716369142125267029e+09 5.801914215087890625e+00 -2.484576416015625000e+01 -9.537006020545959473e-01 0.000000000000000000e+00 0.000000000000000000e+00 0.000000000000000000e+00 1.000000000000000000e+00
1.716369142175270319e+09 5.780059337615966797e+00 -2.482816123962402344e+01 -8.240832686424255371e-01 0.000000000000000000e+00 0.000000000000000000e+00 0.000000000000000000e+00 1.000000000000000000e+00
1.716369142275737762e+09 5.754834175109863281e+00 -2.481103324890136719e+01 -6.903938651084899902e-01 0.000000000000000000e+00 0.000000000000000000e+00 0.000000000000000000e+00 1.000000000000000000e+00
1.716369142376228094e+09 5.735971927642822266e+00 -2.478525733947753906e+01 -6.218146681785583496e-01 0.000000000000000000e+00 0.000000000000000000e+00 0.000000000000000000e+00 1.000000000000000000e+00
1.716369142426709414e+09 5.707490921020507812e+00 -2.476475715637207031e+01 -4.876473844051361084e-01 0.000000000000000000e+00 0.000000000000000000e+00 0.000000000000000000e+00 1.000000000000000000e+00
1.716369142476725101e+09 5.695083618164063388e+00 -2.475545883178710938e+01 -4.192584753036499023e-01 0.000000000000000000e+00 0.000000000000000000e+00 0.000000000000000000e+00 1.000000000000000000e+00
1.716369142627247095e+09 5.653882026672363281e+00 -2.471100616455078125e+01 -2.125613391399382990e-01 0.000000000000000000e+00 0.000000000000000000e+00 0.000000000000000000e+00 1.000000000000000000e+00
1.716369142727882862e+09 5.633797168731689453e+00 -2.467907714843750000e+01 -1.440812796354292991e-01 0.000000000000000000e+00 0.000000000000000000e+00 0.000000000000000000e+00 1.000000000000000000e+00
1.716369142778031111e+09 5.600032329559326172e+00 -2.465280151367187500e+01 -1.490876358002420077e-02 0.000000000000000000e+00 0.000000000000000000e+00 0.000000000000000000e+00 1.000000000000000000e+00
1.716369142878527403e+09 5.581419944763183594e+00 -2.463928794860839844e+01 4.969872906804079921e-02 0.000000000000000000e+00 0.000000000000000000e+00 0.000000000000000000e+00 1.000000000000000000e+00
1.716369142928719521e+09 5.556819438934326172e+00 -2.460439872741699219e+01 1.148812398314476013e-01 0.000000000000000000e+00 0.000000000000000000e+00 0.000000000000000000e+00 1.000000000000000000e+00
1.716369142978896379e+09 5.512269020080566406e+00 -2.457252502441406250e+01 2.342601716518402100e-01 0.000000000000000000e+00 0.000000000000000000e+00 0.000000000000000000e+00 1.000000000000000000e+00
1.716369143028941631e+09 5.487790584564208984e+00 -2.455731964111328125e+01 2.930758297443389893e-01 0.000000000000000000e+00 0.000000000000000000e+00 0.000000000000000000e+00 1.000000000000000000e+00
1.716369143130066872e+09 5.434177875518798828e+00 -2.452220153808593750e+01 4.071508347988128107e-01 0.000000000000000000e+00 0.000000000000000000e+00 0.000000000000000000e+00 1.000000000000000000e+00
1.716369143180136919e+09 5.399127483367919922e+00 -2.447698974609375000e+01 4.631843268871306818e-01 0.000000000000000000e+00 0.000000000000000000e+00 0.000000000000000000e+00 1.000000000000000000e+00
1.716369143230941534e+09 5.369371891021728516e+00 -2.446010589599609375e+01 5.172378420829772949e-01 0.000000000000000000e+00 0.000000000000000000e+00 0.000000000000000000e+00 1.000000000000000000e+00
1.716369143280655384e+09 5.337011337280273438e+00 -2.444056892395019531e+01 5.710990428924560547e-01 0.000000000000000000e+00 0.000000000000000000e+00 0.000000000000000000e+00 1.000000000000000000e+00
1.716369143381093740e+09 5.262289047241210938e+00 -2.437126731872558238e+01 6.721140146255493164e-01 0.000000000000000000e+00 0.000000000000000000e+00 0.000000000000000000e+00 1.000000000000000000e+00
1.716369143431294680e+09 5.225029468536376953e+00 -2.434807014465332031e+01 7.197455763816833496e-01 0.000000000000000000e+00 0.000000000000000000e+00 0.000000000000000000e+00 1.000000000000000000e+00
1.716369143483085155e+09 5.185607910156250000e+00 -2.432521820068359730e+01 7.678200006484985352e-01 0.000000000000000000e+00 0.000000000000000000e+00 0.000000000000000000e+00 1.000000000000000000e+00
1.716369143531666756e+09 5.145497798919677734e+00 -2.430225753784180043e+01 8.116559386253356934e-01 0.000000000000000000e+00 0.000000000000000000e+00 0.000000000000000000e+00 1.000000000000000000e+00
1.716369143632704973e+09 5.097067832946777344e+00 -2.424616432189941051e+01 8.554238080978393555e-01 0.000000000000000000e+00 0.000000000000000000e+00 0.000000000000000000e+00 1.000000000000000000e+00
1.716369143682433128e+09 5.055495262145996094e+00 -2.422315025329589844e+01 8.947165012359619141e-01 0.000000000000000000e+00 0.000000000000000000e+00 0.000000000000000000e+00 1.000000000000000000e+00
1.716369143732566118e+09 5.011418342590332031e+00 -2.418721199035644531e+01 9.319350123405456543e-01 0.000000000000000000e+00 0.000000000000000000e+00 0.000000000000000000e+00 1.000000000000000000e+00
1.716369143782727003e+09 4.968741893768311435e+00 -2.416615295410155895e+01 9.671703577041625977e-01 0.000000000000000000e+00 0.000000000000000000e+00 0.000000000000000000e+00 1.000000000000000000e+00
1.716369143832705975e+09 4.880837440490722656e+00 -2.412306594848632812e+01 1.029824256896972878e+00 0.000000000000000000e+00 0.000000000000000000e+00 0.000000000000000000e+00 1.000000000000000000e+00
1.716369143883271456e+09 4.834911823272705078e+00 -2.410119628906250000e+01 1.057844281196594238e+00 0.000000000000000000e+00 0.000000000000000000e+00 0.000000000000000000e+00 1.000000000000000000e+00
1.716369143983418703e+09 4.783266067504882812e+00 -2.404973602294921875e+01 1.083535432815551758e+00 0.000000000000000000e+00 0.000000000000000000e+00 0.000000000000000000e+00 1.000000000000000000e+00
1.716369144033479929e+09 4.737471580505371094e+00 -2.402859306335448863e+01 1.106936573982238770e+00 0.000000000000000000e+00 0.000000000000000000e+00 0.000000000000000000e+00 1.000000000000000000e+00
1.716369144084131479e+09 4.691169738769531250e+00 -2.400741767883300781e+01 1.127639889717102051e+00 0.000000000000000000e+00 0.000000000000000000e+00 0.000000000000000000e+00 1.000000000000000000e+00
1.716369144134113789e+09 4.595505714416503906e+00 -2.396021461486816406e+01 1.162676572799682617e+00 0.000000000000000000e+00 0.000000000000000000e+00 0.000000000000000000e+00 1.000000000000000000e+00
1.716369144234747171e+09 4.543326377868652344e+00 -2.391541862487792969e+01 1.180002808570861816e+00 0.000000000000000000e+00 0.000000000000000000e+00 0.000000000000000000e+00 1.000000000000000000e+00
1.716369144284797192e+09 4.494828701019287109e+00 -2.389523124694823863e+01 1.193150758743285911e+00 0.000000000000000000e+00 0.000000000000000000e+00 0.000000000000000000e+00 1.000000000000000000e+00
1.716369144335001230e+09 4.396615028381347656e+00 -2.385477828979491832e+01 1.215641140937805176e+00 0.000000000000000000e+00 0.000000000000000000e+00 0.000000000000000000e+00 1.000000000000000000e+00
1.716369144435944080e+09 4.341230869293212891e+00 -2.381012916564941051e+01 1.224930405616760476e+00 0.000000000000000000e+00 0.000000000000000000e+00 0.000000000000000000e+00 1.000000000000000000e+00
1.716369144486095667e+09 4.243242740631104404e+00 -2.377104187011718750e+01 1.238448023796081543e+00 0.000000000000000000e+00 0.000000000000000000e+00 0.000000000000000000e+00 1.000000000000000000e+00
1.716369144536329269e+09 4.192897319793701172e+00 -2.375057220458984375e+01 1.243087172508239524e+00 0.000000000000000000e+00 0.000000000000000000e+00 0.000000000000000000e+00 1.000000000000000000e+00
1.716369144586790323e+09 4.142178535461425781e+00 -2.373107719421386719e+01 1.246326088905334473e+00 0.000000000000000000e+00 0.000000000000000000e+00 0.000000000000000000e+00 1.000000000000000000e+00
1.716369144687845469e+09 4.036509990692138672e+00 -2.367119216918945312e+01 1.248783946037292480e+00 0.000000000000000000e+00 0.000000000000000000e+00 0.000000000000000000e+00 1.000000000000000000e+00
1.716369144737711430e+09 3.986136198043823242e+00 -2.365538406372070312e+01 1.248349785804748313e+00 0.000000000000000000e+00 0.000000000000000000e+00 0.000000000000000000e+00 1.000000000000000000e+00
1.716369144788130283e+09 3.935311555862426314e+00 -2.363752555847167969e+01 1.247583270072937012e+00 0.000000000000000000e+00 0.000000000000000000e+00 0.000000000000000000e+00 1.000000000000000000e+00
1.716369144888860703e+09 3.826901912689208984e+00 -2.358435630798339844e+01 1.242840766906738503e+00 0.000000000000000000e+00 0.000000000000000000e+00 0.000000000000000000e+00 1.000000000000000000e+00
1.716369144938541174e+09 3.772612810134888139e+00 -2.356875801086425426e+01 1.239173889160156250e+00 0.000000000000000000e+00 0.000000000000000000e+00 0.000000000000000000e+00 1.000000000000000000e+00
1.716369144988828421e+09 3.720960855484008789e+00 -2.355364036560058238e+01 1.235318303108215110e+00 0.000000000000000000e+00 0.000000000000000000e+00 0.000000000000000000e+00 1.000000000000000000e+00
1.716369145089910507e+09 3.611167192459105557e+00 -2.350284385681152344e+01 1.226644515991210938e+00 0.000000000000000000e+00 0.000000000000000000e+00 0.000000000000000000e+00 1.000000000000000000e+00
1.716369145139487982e+09 3.558165073394775391e+00 -2.348963546752929688e+01 1.221862077713012695e+00 0.000000000000000000e+00 0.000000000000000000e+00 0.000000000000000000e+00 1.000000000000000000e+00
1.716369145190849304e+09 3.505976915359497070e+00 -2.347415542602539062e+01 1.215749859809875710e+00 0.000000000000000000e+00 0.000000000000000000e+00 0.000000000000000000e+00 1.000000000000000000e+00
1.716369145240350485e+09 3.453830957412720171e+00 -2.346263122558593750e+01 1.211451888084411621e+00 0.000000000000000000e+00 0.000000000000000000e+00 0.000000000000000000e+00 1.000000000000000000e+00
1.716369145340809822e+09 3.344934940338134766e+00 -2.341867065429687500e+01 1.200231075286865234e+00 0.000000000000000000e+00 0.000000000000000000e+00 0.000000000000000000e+00 1.000000000000000000e+00
1.716369145391351700e+09 3.291885375976562500e+00 -2.340692329406738281e+01 1.194096565246582031e+00 0.000000000000000000e+00 0.000000000000000000e+00 0.000000000000000000e+00 1.000000000000000000e+00
1.716369145441843033e+09 3.238623619079589844e+00 -2.339508628845214844e+01 1.187347888946533203e+00 0.000000000000000000e+00 0.000000000000000000e+00 0.000000000000000000e+00 1.000000000000000000e+00
1.716369145542248249e+09 3.182939767837524414e+00 -2.336327934265136719e+01 1.180611968040466309e+00 0.000000000000000000e+00 0.000000000000000000e+00 0.000000000000000000e+00 1.000000000000000000e+00
1.716369145591942310e+09 3.076993227005004883e+00 -2.333795738220214844e+01 1.167555093765258789e+00 0.000000000000000000e+00 0.000000000000000000e+00 0.000000000000000000e+00 1.000000000000000000e+00
1.716369145642480850e+09 3.023020982742309570e+00 -2.332880020141601562e+01 1.162013769149780495e+00 0.000000000000000000e+00 0.000000000000000000e+00 0.000000000000000000e+00 1.000000000000000000e+00
1.716369145743674517e+09 2.970099210739136186e+00 -2.329823493957519531e+01 1.157613635063171387e+00 0.000000000000000000e+00 0.000000000000000000e+00 0.000000000000000000e+00 1.000000000000000000e+00
1.716369145793426037e+09 2.866365909576416016e+00 -2.327281951904296875e+01 1.149502396583557129e+00 0.000000000000000000e+00 0.000000000000000000e+00 0.000000000000000000e+00 1.000000000000000000e+00
1.716369145843537092e+09 2.814946651458739790e+00 -2.326091575622558238e+01 1.146250128746032715e+00 0.000000000000000000e+00 0.000000000000000000e+00 0.000000000000000000e+00 1.000000000000000000e+00
1.716369145893598557e+09 2.763792514801025391e+00 -2.324787139892578125e+01 1.143358826637268066e+00 0.000000000000000000e+00 0.000000000000000000e+00 0.000000000000000000e+00 1.000000000000000000e+00
1.716369145994738102e+09 2.710035562515258789e+00 -2.321691513061523438e+01 1.141265153884887695e+00 0.000000000000000000e+00 0.000000000000000000e+00 0.000000000000000000e+00 1.000000000000000000e+00
1.716369146044360638e+09 2.659459590911864790e+00 -2.320461082458496094e+01 1.139072060585021973e+00 0.000000000000000000e+00 0.000000000000000000e+00 0.000000000000000000e+00 1.000000000000000000e+00
1.716369146094700575e+09 2.556949138641357422e+00 -2.317882919311523438e+01 1.134115815162658691e+00 0.000000000000000000e+00 0.000000000000000000e+00 0.000000000000000000e+00 1.000000000000000000e+00
1.716369146195324659e+09 2.503774404525756836e+00 -2.314838790893554688e+01 1.132021903991699219e+00 0.000000000000000000e+00 0.000000000000000000e+00 0.000000000000000000e+00 1.000000000000000000e+00
1.716369146245568037e+09 2.401748895645141602e+00 -2.312293052673339844e+01 1.127573251724243164e+00 0.000000000000000000e+00 0.000000000000000000e+00 0.000000000000000000e+00 1.000000000000000000e+00
1.716369146295914650e+09 2.350358486175537109e+00 -2.311007690429687500e+01 1.124955177307128906e+00 0.000000000000000000e+00 0.000000000000000000e+00 0.000000000000000000e+00 1.000000000000000000e+00
1.716369146346276283e+09 2.295444011688232422e+00 -2.307837295532226562e+01 1.122654318809509277e+00 0.000000000000000000e+00 0.000000000000000000e+00 0.000000000000000000e+00 1.000000000000000000e+00
1.716369146396329403e+09 2.244885921478271484e+00 -2.306420516967773082e+01 1.119556427001953125e+00 0.000000000000000000e+00 0.000000000000000000e+00 0.000000000000000000e+00 1.000000000000000000e+00
1.716369146446464300e+09 2.193597316741943803e+00 -2.305001068115234375e+01 1.116984724998473899e+00 0.000000000000000000e+00 0.000000000000000000e+00 0.000000000000000000e+00 1.000000000000000000e+00
1.716369146497264385e+09 2.141813039779663086e+00 -2.303676414489746094e+01 1.114679455757141113e+00 0.000000000000000000e+00 0.000000000000000000e+00 0.000000000000000000e+00 1.000000000000000000e+00
1.716369146597646236e+09 2.037075281143188477e+00 -2.299195480346680043e+01 1.109048008918762207e+00 0.000000000000000000e+00 0.000000000000000000e+00 0.000000000000000000e+00 1.000000000000000000e+00
1.716369146647443295e+09 1.985308647155761497e+00 -2.297837066650390270e+01 1.106439590454101562e+00 0.000000000000000000e+00 0.000000000000000000e+00 0.000000000000000000e+00 1.000000000000000000e+00
1.716369146748008728e+09 1.880138754844665305e+00 -2.293194007873535156e+01 1.101312875747680886e+00 0.000000000000000000e+00 0.000000000000000000e+00 0.000000000000000000e+00 1.000000000000000000e+00
1.716369146797960758e+09 1.828230261802673118e+00 -2.291702461242676137e+01 1.098390936851501687e+00 0.000000000000000000e+00 0.000000000000000000e+00 0.000000000000000000e+00 1.000000000000000000e+00
1.716369146848217010e+09 1.776533603668212891e+00 -2.290299987792968750e+01 1.096310377120971680e+00 0.000000000000000000e+00 0.000000000000000000e+00 0.000000000000000000e+00 1.000000000000000000e+00
1.716369146949037313e+09 1.671998500823974609e+00 -2.285764884948730469e+01 1.092119455337524414e+00 0.000000000000000000e+00 0.000000000000000000e+00 0.000000000000000000e+00 1.000000000000000000e+00
1.716369147049127579e+09 1.571296811103820801e+00 -2.282961845397948863e+01 1.087161779403686301e+00 0.000000000000000000e+00 0.000000000000000000e+00 0.000000000000000000e+00 1.000000000000000000e+00
1.716369147149811983e+09 1.470469117164611816e+00 -2.279716682434082031e+01 1.082462906837463379e+00 0.000000000000000000e+00 0.000000000000000000e+00 0.000000000000000000e+00 1.000000000000000000e+00
1.716369147200132608e+09 1.418562531471252441e+00 -2.278236961364746094e+01 1.079640626907348633e+00 0.000000000000000000e+00 0.000000000000000000e+00 0.000000000000000000e+00 1.000000000000000000e+00
1.716369147300729275e+09 1.368070483207702637e+00 -2.274834823608398438e+01 1.077644944190979004e+00 0.000000000000000000e+00 0.000000000000000000e+00 0.000000000000000000e+00 1.000000000000000000e+00
1.716369147350804806e+09 1.320556282997131126e+00 -2.273208808898925426e+01 1.075790166854858398e+00 0.000000000000000000e+00 0.000000000000000000e+00 0.000000000000000000e+00 1.000000000000000000e+00
1.716369147401157856e+09 1.222745418548583984e+00 -2.270239830017089844e+01 1.069883823394775391e+00 0.000000000000000000e+00 0.000000000000000000e+00 0.000000000000000000e+00 1.000000000000000000e+00
1.716369147501495123e+09 1.173298120498657227e+00 -2.266890335083008168e+01 1.067120909690856934e+00 0.000000000000000000e+00 0.000000000000000000e+00 0.000000000000000000e+00 1.000000000000000000e+00
1.716369147551609755e+09 1.124816060066223145e+00 -2.265427398681640625e+01 1.063744664192199707e+00 0.000000000000000000e+00 0.000000000000000000e+00 0.000000000000000000e+00 1.000000000000000000e+00
1.716369147602176189e+09 1.028867840766906738e+00 -2.262165451049804688e+01 1.056460142135619895e+00 0.000000000000000000e+00 0.000000000000000000e+00 0.000000000000000000e+00 1.000000000000000000e+00
1.716369147653522015e+09 9.821516871452331543e-01 -2.260865020751953125e+01 1.052987933158874290e+00 0.000000000000000000e+00 0.000000000000000000e+00 0.000000000000000000e+00 1.000000000000000000e+00
1.716369147753369808e+09 9.330766797065735974e-01 -2.257363700866699219e+01 1.050226211547851562e+00 0.000000000000000000e+00 0.000000000000000000e+00 0.000000000000000000e+00 1.000000000000000000e+00
1.716369147802809715e+09 8.380355834960937500e-01 -2.254222679138183949e+01 1.044562935829162598e+00 0.000000000000000000e+00 0.000000000000000000e+00 0.000000000000000000e+00 1.000000000000000000e+00
1.716369147853044033e+09 7.909967303276062012e-01 -2.252585411071777344e+01 1.041637301445007102e+00 0.000000000000000000e+00 0.000000000000000000e+00 0.000000000000000000e+00 1.000000000000000000e+00
1.716369147953765869e+09 6.956727504730224609e-01 -2.247685813903808949e+01 1.036127686500549094e+00 0.000000000000000000e+00 0.000000000000000000e+00 0.000000000000000000e+00 1.000000000000000000e+00
1.716369148003273487e+09 6.478744149208068848e-01 -2.246121597290039062e+01 1.033109307289123535e+00 0.000000000000000000e+00 0.000000000000000000e+00 0.000000000000000000e+00 1.000000000000000000e+00
1.716369148053690195e+09 6.015496850013732910e-01 -2.244745635986328125e+01 1.031174778938293679e+00 0.000000000000000000e+00 0.000000000000000000e+00 0.000000000000000000e+00 1.000000000000000000e+00
1.716369148104952335e+09 5.565963387489318848e-01 -2.241356277465820312e+01 1.029408574104309082e+00 0.000000000000000000e+00 0.000000000000000000e+00 0.000000000000000000e+00 1.000000000000000000e+00
1.716369148154364109e+09 5.091856718063354492e-01 -2.239865112304687500e+01 1.027818560600280762e+00 0.000000000000000000e+00 0.000000000000000000e+00 0.000000000000000000e+00 1.000000000000000000e+00
1.716369148204411983e+09 4.621863365173339844e-01 -2.238361740112304688e+01 1.025567650794982910e+00 0.000000000000000000e+00 0.000000000000000000e+00 0.000000000000000000e+00 1.000000000000000000e+00
1.716369148304809809e+09 3.679149746894835871e-01 -2.235328292846680043e+01 1.022003412246704102e+00 0.000000000000000000e+00 0.000000000000000000e+00 0.000000000000000000e+00 1.000000000000000000e+00
1.716369148355020046e+09 3.204500079154968262e-01 -2.232198524475097656e+01 1.021090269088745117e+00 0.000000000000000000e+00 0.000000000000000000e+00 0.000000000000000000e+00 1.000000000000000000e+00
1.716369148455507040e+09 2.271157205104827881e-01 -2.229304504394531250e+01 1.017373919486999512e+00 0.000000000000000000e+00 0.000000000000000000e+00 0.000000000000000000e+00 1.000000000000000000e+00
1.716369148505658388e+09 1.817040592432022095e-01 -2.227742195129394531e+01 1.015683531761169434e+00 0.000000000000000000e+00 0.000000000000000000e+00 0.000000000000000000e+00 1.000000000000000000e+00
1.716369148606033802e+09 1.337839215993880948e-01 -2.224773788452148438e+01 1.014949202537536621e+00 0.000000000000000000e+00 0.000000000000000000e+00 0.000000000000000000e+00 1.000000000000000000e+00
1.716369148656349182e+09 4.406246915459630098e-02 -2.221803092956542969e+01 1.012099146842956321e+00 0.000000000000000000e+00 0.000000000000000000e+00 0.000000000000000000e+00 1.000000000000000000e+00
1.716369148706568956e+09 -1.539792749099400029e-03 -2.220303344726562500e+01 1.010307192802429199e+00 0.000000000000000000e+00 0.000000000000000000e+00 0.000000000000000000e+00 1.000000000000000000e+00
1.716369148808308840e+09 -4.762753844261159719e-02 -2.217394447326660156e+01 1.008872151374816895e+00 0.000000000000000000e+00 0.000000000000000000e+00 0.000000000000000000e+00 1.000000000000000000e+00
1.716369148857865810e+09 -1.368288546800613126e-01 -2.214449882507323863e+01 1.005672812461853027e+00 0.000000000000000000e+00 0.000000000000000000e+00 0.000000000000000000e+00 1.000000000000000000e+00
1.716369148907720566e+09 -1.801182776689528864e-01 -2.213114547729491832e+01 1.003799676895141602e+00 0.000000000000000000e+00 0.000000000000000000e+00 0.000000000000000000e+00 1.000000000000000000e+00
1.716369148957743406e+09 -2.244667708873747947e-01 -2.211568069458008168e+01 1.001280546188354492e+00 0.000000000000000000e+00 0.000000000000000000e+00 0.000000000000000000e+00 1.000000000000000000e+00
1.716369149108572245e+09 -3.544685244560241144e-01 -2.205480384826660156e+01 9.942142963409423828e-01 0.000000000000000000e+00 0.000000000000000000e+00 0.000000000000000000e+00 1.000000000000000000e+00
1.716369149158545256e+09 -3.979752957820891779e-01 -2.202698898315429688e+01 9.914637207984924316e-01 0.000000000000000000e+00 0.000000000000000000e+00 0.000000000000000000e+00 1.000000000000000000e+00
1.716369149259338140e+09 -4.825135171413421076e-01 -2.199715232849121094e+01 9.854499697685241699e-01 0.000000000000000000e+00 0.000000000000000000e+00 0.000000000000000000e+00 1.000000000000000000e+00
1.716369149309485674e+09 -5.242928862571716309e-01 -2.198109054565429688e+01 9.811203479766845703e-01 0.000000000000000000e+00 0.000000000000000000e+00 0.000000000000000000e+00 1.000000000000000000e+00
1.716369149359852791e+09 -5.651803016662597656e-01 -2.196598052978515980e+01 9.772400856018066406e-01 0.000000000000000000e+00 0.000000000000000000e+00 0.000000000000000000e+00 1.000000000000000000e+00
1.716369149460330248e+09 -6.439068317413330078e-01 -2.192267036437988281e+01 9.722288846969604492e-01 0.000000000000000000e+00 0.000000000000000000e+00 0.000000000000000000e+00 1.000000000000000000e+00
1.716369149510566473e+09 -6.844809055328369141e-01 -2.190734100341796875e+01 9.683931469917296253e-01 0.000000000000000000e+00 0.000000000000000000e+00 0.000000000000000000e+00 1.000000000000000000e+00
1.716369149560704231e+09 -7.258827686309814453e-01 -2.189391326904296875e+01 9.648047685623167835e-01 0.000000000000000000e+00 0.000000000000000000e+00 0.000000000000000000e+00 1.000000000000000000e+00
1.716369149661122561e+09 -7.644765973091125488e-01 -2.186750793457031250e+01 9.618209004402159534e-01 0.000000000000000000e+00 0.000000000000000000e+00 0.000000000000000000e+00 1.000000000000000000e+00
1.716369149711395264e+09 -8.040263652801513672e-01 -2.185499000549316406e+01 9.581387639045716442e-01 0.000000000000000000e+00 0.000000000000000000e+00 0.000000000000000000e+00 1.000000000000000000e+00
1.716369149761693716e+09 -8.426682353019714355e-01 -2.184145355224609375e+01 9.552392959594727673e-01 0.000000000000000000e+00 0.000000000000000000e+00 0.000000000000000000e+00 1.000000000000000000e+00
1.716369149811722279e+09 -9.179012179374695934e-01 -2.181825637817382812e+01 9.493920207023619495e-01 0.000000000000000000e+00 0.000000000000000000e+00 0.000000000000000000e+00 1.000000000000000000e+00
1.716369149861983538e+09 -9.538730382919311523e-01 -2.179961776733398438e+01 9.463801383972167969e-01 0.000000000000000000e+00 0.000000000000000000e+00 0.000000000000000000e+00 1.000000000000000000e+00
1.716369149912157297e+09 -9.890219569206237793e-01 -2.179098510742187500e+01 9.440133571624755859e-01 0.000000000000000000e+00 0.000000000000000000e+00 0.000000000000000000e+00 1.000000000000000000e+00
1.716369149962405205e+09 -1.024306654930114746e+00 -2.178328704833984375e+01 9.416553974151612438e-01 0.000000000000000000e+00 0.000000000000000000e+00 0.000000000000000000e+00 1.000000000000000000e+00
1.716369150012986422e+09 -1.056760668754577637e+00 -2.177666282653808949e+01 9.389441013336181641e-01 0.000000000000000000e+00 0.000000000000000000e+00 0.000000000000000000e+00 1.000000000000000000e+00
1.716369150113065720e+09 -1.121137380599975586e+00 -2.176029205322265625e+01 9.337713718414307751e-01 0.000000000000000000e+00 0.000000000000000000e+00 0.000000000000000000e+00 1.000000000000000000e+00
1.716369150163404226e+09 -1.153076648712158203e+00 -2.175554084777832031e+01 9.306562542915344238e-01 0.000000000000000000e+00 0.000000000000000000e+00 0.000000000000000000e+00 1.000000000000000000e+00
1.716369150213400841e+09 -1.183296918869018555e+00 -2.175183296203613281e+01 9.274908900260924183e-01 0.000000000000000000e+00 0.000000000000000000e+00 0.000000000000000000e+00 1.000000000000000000e+00
1.716369150313869476e+09 -1.214313864707946777e+00 -2.174903488159180043e+01 9.240729212760924183e-01 0.000000000000000000e+00 0.000000000000000000e+00 0.000000000000000000e+00 1.000000000000000000e+00
1.716369150364159822e+09 -1.272182583808898926e+00 -2.174952507019042969e+01 9.159221649169921875e-01 0.000000000000000000e+00 0.000000000000000000e+00 0.000000000000000000e+00 1.000000000000000000e+00
1.716369150414504051e+09 -1.296350002288818359e+00 -2.175297927856445312e+01 9.109468460083007812e-01 0.000000000000000000e+00 0.000000000000000000e+00 0.000000000000000000e+00 1.000000000000000000e+00
1.716369150514722347e+09 -1.322240948677062988e+00 -2.175828170776367188e+01 9.050970673561096191e-01 0.000000000000000000e+00 0.000000000000000000e+00 0.000000000000000000e+00 1.000000000000000000e+00
1.716369150564831495e+09 -1.373704195022583008e+00 -2.176673126220703125e+01 8.905069828033447266e-01 0.000000000000000000e+00 0.000000000000000000e+00 0.000000000000000000e+00 1.000000000000000000e+00
1.716369150615411997e+09 -1.396699309349060059e+00 -2.177204704284667969e+01 8.817868828773498535e-01 0.000000000000000000e+00 0.000000000000000000e+00 0.000000000000000000e+00 1.000000000000000000e+00
1.716369150715369940e+09 -1.419841170310973899e+00 -2.178629112243652344e+01 8.709830045700073242e-01 0.000000000000000000e+00 0.000000000000000000e+00 0.000000000000000000e+00 1.000000000000000000e+00
1.716369150765656233e+09 -1.463718533515930176e+00 -2.180174446105957031e+01 8.466354012489318848e-01 0.000000000000000000e+00 0.000000000000000000e+00 0.000000000000000000e+00 1.000000000000000000e+00
1.716369150815895081e+09 -1.483653783798217773e+00 -2.180900955200195668e+01 8.326064944267272949e-01 0.000000000000000000e+00 0.000000000000000000e+00 0.000000000000000000e+00 1.000000000000000000e+00
1.716369150865963697e+09 -1.504467844963073508e+00 -2.181614685058593750e+01 8.172131776809692383e-01 0.000000000000000000e+00 0.000000000000000000e+00 0.000000000000000000e+00 1.000000000000000000e+00
1.716369150966581345e+09 -1.564695715904235840e+00 -2.185747718811035156e+01 7.672045230865478516e-01 0.000000000000000000e+00 0.000000000000000000e+00 0.000000000000000000e+00 1.000000000000000000e+00
1.716369151066773176e+09 -1.584392786026000977e+00 -2.186746978759765625e+01 7.482242584228515625e-01 0.000000000000000000e+00 0.000000000000000000e+00 0.000000000000000000e+00 1.000000000000000000e+00
1.716369151117392302e+09 -1.603919148445129395e+00 -2.187737464904785156e+01 7.273049950599670410e-01 0.000000000000000000e+00 0.000000000000000000e+00 0.000000000000000000e+00 1.000000000000000000e+00
1.716369151167914391e+09 -1.623762488365173118e+00 -2.190025711059570312e+01 7.061491012573242188e-01 0.000000000000000000e+00 0.000000000000000000e+00 0.000000000000000000e+00 1.000000000000000000e+00
1.716369151217684031e+09 -1.641328096389770508e+00 -2.191125679016113281e+01 6.855911612510681152e-01 0.000000000000000000e+00 0.000000000000000000e+00 0.000000000000000000e+00 1.000000000000000000e+00
1.716369151267703533e+09 -1.659665942192077637e+00 -2.192211532592773082e+01 6.636599898338317871e-01 0.000000000000000000e+00 0.000000000000000000e+00 0.000000000000000000e+00 1.000000000000000000e+00
1.716369151368320942e+09 -1.694473862648010476e+00 -2.195384788513183949e+01 6.182170510292053223e-01 0.000000000000000000e+00 0.000000000000000000e+00 0.000000000000000000e+00 1.000000000000000000e+00
1.716369151418288708e+09 -1.711196064949035645e+00 -2.196771049499512074e+01 5.955331921577453613e-01 0.000000000000000000e+00 0.000000000000000000e+00 0.000000000000000000e+00 1.000000000000000000e+00
1.716369151468512535e+09 -1.725803494453430176e+00 -2.197472953796386719e+01 5.740810036659240723e-01 0.000000000000000000e+00 0.000000000000000000e+00 0.000000000000000000e+00 1.000000000000000000e+00
1.716369151518731117e+09 -1.755101680755615234e+00 -2.199959182739257457e+01 5.283019542694091797e-01 0.000000000000000000e+00 0.000000000000000000e+00 0.000000000000000000e+00 1.000000000000000000e+00
1.716369151669396400e+09 -1.785352706909179688e+00 -2.203627586364746094e+01 4.818639755249022882e-01 0.000000000000000000e+00 0.000000000000000000e+00 0.000000000000000000e+00 1.000000000000000000e+00
1.716369151719973564e+09 -1.798666119575500488e+00 -2.204823875427246094e+01 4.596872627735137939e-01 0.000000000000000000e+00 0.000000000000000000e+00 0.000000000000000000e+00 1.000000000000000000e+00
1.716369151770230532e+09 -1.810818195343017578e+00 -2.206022834777832031e+01 4.366362392902374268e-01 0.000000000000000000e+00 0.000000000000000000e+00 0.000000000000000000e+00 1.000000000000000000e+00
1.716369151870425701e+09 -1.836353540420532005e+00 -2.209513473510742543e+01 3.918459415435791016e-01 0.000000000000000000e+00 0.000000000000000000e+00 0.000000000000000000e+00 1.000000000000000000e+00
1.716369151921001434e+09 -1.856854438781738503e+00 -2.212541007995605113e+01 3.485325872898101807e-01 0.000000000000000000e+00 0.000000000000000000e+00 0.000000000000000000e+00 1.000000000000000000e+00
1.716369152020859480e+09 -1.865673065185546875e+00 -2.215469741821289062e+01 3.267689049243927002e-01 0.000000000000000000e+00 0.000000000000000000e+00 0.000000000000000000e+00 1.000000000000000000e+00
1.716369152121166945e+09 -1.880772948265075906e+00 -2.218559074401855469e+01 2.889760434627532959e-01 0.000000000000000000e+00 0.000000000000000000e+00 0.000000000000000000e+00 1.000000000000000000e+00
1.716369153376703262e+09 -1.958567380905151589e+00 -2.284857368469238281e+01 3.249368816614150307e-02 0.000000000000000000e+00 0.000000000000000000e+00 0.000000000000000000e+00 1.000000000000000000e+00
1.716369153477113008e+09 -1.956410169601440430e+00 -2.292579460144042969e+01 1.043106615543359927e-02 0.000000000000000000e+00 0.000000000000000000e+00 0.000000000000000000e+00 1.000000000000000000e+00
1.716369153527347565e+09 -1.952950716018676758e+00 -2.295259094238280895e+01 2.854594495146999911e-04 0.000000000000000000e+00 0.000000000000000000e+00 0.000000000000000000e+00 1.000000000000000000e+00
1.716369153628172398e+09 -1.951412916183471902e+00 -2.300929260253906250e+01 -1.135871000587940043e-02 0.000000000000000000e+00 0.000000000000000000e+00 0.000000000000000000e+00 1.000000000000000000e+00
1.716369153678646564e+09 -1.947232961654663086e+00 -2.303614807128906250e+01 -2.139485627412790122e-02 0.000000000000000000e+00 0.000000000000000000e+00 0.000000000000000000e+00 1.000000000000000000e+00
1.716369153728076696e+09 -1.939063906669616699e+00 -2.309084510803222656e+01 -4.129257053136820010e-02 0.000000000000000000e+00 0.000000000000000000e+00 0.000000000000000000e+00 1.000000000000000000e+00
1.716369153778281689e+09 -1.935293793678283913e+00 -2.311964225769042969e+01 -5.163678154349320149e-02 0.000000000000000000e+00 0.000000000000000000e+00 0.000000000000000000e+00 1.000000000000000000e+00
1.716369153879382849e+09 -1.929456472396850364e+00 -2.320508956909180043e+01 -7.456848025321960449e-02 0.000000000000000000e+00 0.000000000000000000e+00 0.000000000000000000e+00 1.000000000000000000e+00
1.716369153929297447e+09 -1.925698280334472878e+00 -2.323386001586914062e+01 -8.508493006229400635e-02 0.000000000000000000e+00 0.000000000000000000e+00 0.000000000000000000e+00 1.000000000000000000e+00
1.716369153979030609e+09 -1.921984791755676492e+00 -2.326459312438964844e+01 -9.620343148708339343e-02 0.000000000000000000e+00 0.000000000000000000e+00 0.000000000000000000e+00 1.000000000000000000e+00
1.716369154079766035e+09 -1.920245170593261497e+00 -2.332008361816406250e+01 -1.104907765984534940e-01 0.000000000000000000e+00 0.000000000000000000e+00 0.000000000000000000e+00 1.000000000000000000e+00
1.716369154129693985e+09 -1.916645765304565208e+00 -2.335465240478515980e+01 -1.240590959787367942e-01 0.000000000000000000e+00 0.000000000000000000e+00 0.000000000000000000e+00 1.000000000000000000e+00
1.716369154181323290e+09 -1.910964131355285645e+00 -2.341180229187012074e+01 -1.478801220655441007e-01 0.000000000000000000e+00 0.000000000000000000e+00 0.000000000000000000e+00 1.000000000000000000e+00
1.716369154230363846e+09 -1.907080769538879617e+00 -2.344433975219726562e+01 -1.617551296949386042e-01 0.000000000000000000e+00 0.000000000000000000e+00 0.000000000000000000e+00 1.000000000000000000e+00
1.716369154280539751e+09 -1.903059005737304910e+00 -2.347573471069335938e+01 -1.776241660118103027e-01 0.000000000000000000e+00 0.000000000000000000e+00 0.000000000000000000e+00 1.000000000000000000e+00
1.716369154380957127e+09 -1.898233294486999512e+00 -2.356826400756835938e+01 -2.113895416259765070e-01 0.000000000000000000e+00 0.000000000000000000e+00 0.000000000000000000e+00 1.000000000000000000e+00
1.716369154481140852e+09 -1.892307519912719949e+00 -2.362751960754394531e+01 -2.469548583030700128e-01 0.000000000000000000e+00 0.000000000000000000e+00 0.000000000000000000e+00 1.000000000000000000e+00
1.716369154631973267e+09 -1.886558294296264870e+00 -2.374825668334960938e+01 -3.070353865623474121e-01 0.000000000000000000e+00 0.000000000000000000e+00 0.000000000000000000e+00 1.000000000000000000e+00
1.716369154682126045e+09 -1.884042382240295632e+00 -2.377906608581542969e+01 -3.279409706592559814e-01 0.000000000000000000e+00 0.000000000000000000e+00 0.000000000000000000e+00 1.000000000000000000e+00
1.716369154732512474e+09 -1.881855368614196777e+00 -2.380677223205566406e+01 -3.494255244731903076e-01 0.000000000000000000e+00 0.000000000000000000e+00 0.000000000000000000e+00 1.000000000000000000e+00
1.716369154883019686e+09 -1.882250189781188965e+00 -2.392401504516601562e+01 -4.195014536380767822e-01 0.000000000000000000e+00 0.000000000000000000e+00 0.000000000000000000e+00 1.000000000000000000e+00
1.716369154933887482e+09 -1.882568597793579102e+00 -2.395229530334472656e+01 -4.430935084819793146e-01 0.000000000000000000e+00 0.000000000000000000e+00 0.000000000000000000e+00 1.000000000000000000e+00
1.716369154984014988e+09 -1.883432030677795632e+00 -2.397852516174316406e+01 -4.663737416267395020e-01 0.000000000000000000e+00 0.000000000000000000e+00 0.000000000000000000e+00 1.000000000000000000e+00
1.716369155034449100e+09 -1.886615276336669922e+00 -2.403438568115234375e+01 -4.940463006496428888e-01 0.000000000000000000e+00 0.000000000000000000e+00 0.000000000000000000e+00 1.000000000000000000e+00
1.716369155134271383e+09 -1.887375235557555930e+00 -2.406233787536621094e+01 -5.204663872718811035e-01 0.000000000000000000e+00 0.000000000000000000e+00 0.000000000000000000e+00 1.000000000000000000e+00
1.716369155184632063e+09 -1.890704870223999023e+00 -2.411611938476562500e+01 -5.720546245574951172e-01 0.000000000000000000e+00 0.000000000000000000e+00 0.000000000000000000e+00 1.000000000000000000e+00
1.716369155236009121e+09 -1.893178462982177512e+00 -2.414282226562500000e+01 -5.989129543304443359e-01 0.000000000000000000e+00 0.000000000000000000e+00 0.000000000000000000e+00 1.000000000000000000e+00
1.716369155284976721e+09 -1.898820281028748003e+00 -2.419614410400390270e+01 -6.291012167930603027e-01 0.000000000000000000e+00 0.000000000000000000e+00 0.000000000000000000e+00 1.000000000000000000e+00
1.716369155385722637e+09 -1.909688711166381614e+00 -2.425069427490234375e+01 -6.859245896339416504e-01 0.000000000000000000e+00 0.000000000000000000e+00 0.000000000000000000e+00 1.000000000000000000e+00
1.716369155436234713e+09 -1.913929462432861106e+00 -2.427030372619628906e+01 -7.105628252029418945e-01 0.000000000000000000e+00 0.000000000000000000e+00 0.000000000000000000e+00 1.000000000000000000e+00
1.716369155536580086e+09 -1.919889330863952859e+00 -2.432626342773437145e+01 -7.435422539710998535e-01 0.000000000000000000e+00 0.000000000000000000e+00 0.000000000000000000e+00 1.000000000000000000e+00
1.716369155636737108e+09 -1.944663405418395996e+00 -2.439642333984375000e+01 -8.344972729682922363e-01 0.000000000000000000e+00 0.000000000000000000e+00 0.000000000000000000e+00 1.000000000000000000e+00
1.716369155687479973e+09 -1.956403493881225586e+00 -2.441762924194335938e+01 -8.664391040802001953e-01 0.000000000000000000e+00 0.000000000000000000e+00 0.000000000000000000e+00 1.000000000000000000e+00
1.716369155737345695e+09 -1.968168377876281516e+00 -2.446256446838378906e+01 -9.026631712913512073e-01 0.000000000000000000e+00 0.000000000000000000e+00 0.000000000000000000e+00 1.000000000000000000e+00
1.716369155888155937e+09 -1.997711777687072754e+00 -2.452161979675292969e+01 -1.004653573036193848e+00 0.000000000000000000e+00 0.000000000000000000e+00 0.000000000000000000e+00 1.000000000000000000e+00
1.716369155988801718e+09 -2.027078390121459961e+00 -2.457151031494140625e+01 -1.074893236160278320e+00 0.000000000000000000e+00 0.000000000000000000e+00 0.000000000000000000e+00 1.000000000000000000e+00
1.716369156039581776e+09 -2.038219690322875977e+00 -2.458597183227539062e+01 -1.111047029495239258e+00 0.000000000000000000e+00 0.000000000000000000e+00 0.000000000000000000e+00 1.000000000000000000e+00
1.716369156088753700e+09 -2.051948070526123047e+00 -2.459816741943359730e+01 -1.147019386291503906e+00 0.000000000000000000e+00 0.000000000000000000e+00 0.000000000000000000e+00 1.000000000000000000e+00
1.716369156139064789e+09 -2.066426038742064986e+00 -2.460944747924804688e+01 -1.181048154830932617e+00 0.000000000000000000e+00 0.000000000000000000e+00 0.000000000000000000e+00 1.000000000000000000e+00
1.716369156189204454e+09 -2.082844972610473633e+00 -2.463360214233398438e+01 -1.215387344360351562e+00 0.000000000000000000e+00 0.000000000000000000e+00 0.000000000000000000e+00 1.000000000000000000e+00
1.716369156239326239e+09 -2.097876071929932085e+00 -2.464505577087402344e+01 -1.246511578559875710e+00 0.000000000000000000e+00 0.000000000000000000e+00 0.000000000000000000e+00 1.000000000000000000e+00
1.716369156289683342e+09 -2.114190340042114258e+00 -2.465470504760742543e+01 -1.274333596229553223e+00 0.000000000000000000e+00 0.000000000000000000e+00 0.000000000000000000e+00 1.000000000000000000e+00
1.716369156390803337e+09 -2.146379232406616211e+00 -2.467131996154785156e+01 -1.326275348663330078e+00 0.000000000000000000e+00 0.000000000000000000e+00 0.000000000000000000e+00 1.000000000000000000e+00
1.716369156491449594e+09 -2.177696466445922852e+00 -2.469598960876464844e+01 -1.369210720062256081e+00 0.000000000000000000e+00 0.000000000000000000e+00 0.000000000000000000e+00 1.000000000000000000e+00
1.716369156541216612e+09 -2.193429231643676758e+00 -2.470275497436523438e+01 -1.386059165000915527e+00 0.000000000000000000e+00 0.000000000000000000e+00 0.000000000000000000e+00 1.000000000000000000e+00
1.716369156593833447e+09 -2.208477020263671875e+00 -2.471003150939941051e+01 -1.398868203163146973e+00 0.000000000000000000e+00 0.000000000000000000e+00 0.000000000000000000e+00 1.000000000000000000e+00
1.716369156643745184e+09 -2.222752571105957031e+00 -2.471560478210448863e+01 -1.409434556961059570e+00 0.000000000000000000e+00 0.000000000000000000e+00 0.000000000000000000e+00 1.000000000000000000e+00
1.716369156742293358e+09 -2.236552238464355469e+00 -2.472854995727539062e+01 -1.417753458023071289e+00 0.000000000000000000e+00 0.000000000000000000e+00 0.000000000000000000e+00 1.000000000000000000e+00
1.716369156792982101e+09 -2.248212099075317383e+00 -2.473295402526855469e+01 -1.422896027565002441e+00 0.000000000000000000e+00 0.000000000000000000e+00 0.000000000000000000e+00 1.000000000000000000e+00
1.716369156842520475e+09 -2.267832756042480469e+00 -2.474474334716796875e+01 -1.427787899971008301e+00 0.000000000000000000e+00 0.000000000000000000e+00 0.000000000000000000e+00 1.000000000000000000e+00
1.716369156893122673e+09 -2.276500225067138672e+00 -2.475200653076171875e+01 -1.428031325340270996e+00 0.000000000000000000e+00 0.000000000000000000e+00 0.000000000000000000e+00 1.000000000000000000e+00
1.716369156944032431e+09 -2.283669471740722656e+00 -2.475862884521484375e+01 -1.426288008689880371e+00 0.000000000000000000e+00 0.000000000000000000e+00 0.000000000000000000e+00 1.000000000000000000e+00
1.716369157043648243e+09 -2.290693044662476030e+00 -2.477239608764648438e+01 -1.424067735671997070e+00 0.000000000000000000e+00 0.000000000000000000e+00 0.000000000000000000e+00 1.000000000000000000e+00
1.716369157095077515e+09 -2.299674987792968750e+00 -2.478492355346680043e+01 -1.413577556610107422e+00 0.000000000000000000e+00 0.000000000000000000e+00 0.000000000000000000e+00 1.000000000000000000e+00
1.716369157144312859e+09 -2.301600217819213867e+00 -2.479362869262695668e+01 -1.406761884689331055e+00 0.000000000000000000e+00 0.000000000000000000e+00 0.000000000000000000e+00 1.000000000000000000e+00
1.716369157194476128e+09 -2.301505088806152344e+00 -2.480153274536132812e+01 -1.399718403816223145e+00 0.000000000000000000e+00 0.000000000000000000e+00 0.000000000000000000e+00 1.000000000000000000e+00
1.716369157294723749e+09 -2.300443649291992188e+00 -2.481868743896484375e+01 -1.392127275466918945e+00 0.000000000000000000e+00 0.000000000000000000e+00 0.000000000000000000e+00 1.000000000000000000e+00
1.716369157345025539e+09 -2.293249845504760742e+00 -2.483839607238769176e+01 -1.376019120216369629e+00 0.000000000000000000e+00 0.000000000000000000e+00 0.000000000000000000e+00 1.000000000000000000e+00
1.716369157445211411e+09 -2.279205799102783203e+00 -2.485833358764648438e+01 -1.363262534141540305e+00 0.000000000000000000e+00 0.000000000000000000e+00 0.000000000000000000e+00 1.000000000000000000e+00
1.716369157495453119e+09 -2.271165132522583008e+00 -2.486756515502929688e+01 -1.359661102294922097e+00 0.000000000000000000e+00 0.000000000000000000e+00 0.000000000000000000e+00 1.000000000000000000e+00
1.716369157596024275e+09 -2.254093170166016069e+00 -2.489747810363769176e+01 -1.359099388122558594e+00 0.000000000000000000e+00 0.000000000000000000e+00 0.000000000000000000e+00 1.000000000000000000e+00
1.716369157696336031e+09 -2.233133792877197266e+00 -2.493244934082031250e+01 -1.370269417762756348e+00 0.000000000000000000e+00 0.000000000000000000e+00 0.000000000000000000e+00 1.000000000000000000e+00
1.716369157746491432e+09 -2.220912218093872070e+00 -2.494477081298828125e+01 -1.378093004226684570e+00 0.000000000000000000e+00 0.000000000000000000e+00 0.000000000000000000e+00 1.000000000000000000e+00
1.716369157798725605e+09 -2.208343982696533203e+00 -2.495684814453125000e+01 -1.388229012489318848e+00 0.000000000000000000e+00 0.000000000000000000e+00 0.000000000000000000e+00 1.000000000000000000e+00
1.716369157847487688e+09 -2.195292472839355469e+00 -2.496978759765625000e+01 -1.399933218955993652e+00 0.000000000000000000e+00 0.000000000000000000e+00 0.000000000000000000e+00 1.000000000000000000e+00
1.716369157897102356e+09 -2.181796073913574219e+00 -2.498357009887695668e+01 -1.413321137428283691e+00 0.000000000000000000e+00 0.000000000000000000e+00 0.000000000000000000e+00 1.000000000000000000e+00
1.716369157998773575e+09 -2.152515888214111772e+00 -2.500987815856933594e+01 -1.443522691726684570e+00 0.000000000000000000e+00 0.000000000000000000e+00 0.000000000000000000e+00 1.000000000000000000e+00
1.716369158148159981e+09 -2.128989458084106445e+00 -2.504702186584472656e+01 -1.471347689628601074e+00 0.000000000000000000e+00 0.000000000000000000e+00 0.000000000000000000e+00 1.000000000000000000e+00
1.716369158198536634e+09 -2.105336189270019531e+00 -2.508431053161621094e+01 -1.497637629508972168e+00 0.000000000000000000e+00 0.000000000000000000e+00 0.000000000000000000e+00 1.000000000000000000e+00
1.716369158248633146e+09 -2.094261646270751953e+00 -2.509623718261718750e+01 -1.507119297981262207e+00 0.000000000000000000e+00 0.000000000000000000e+00 0.000000000000000000e+00 1.000000000000000000e+00
1.716369158298910141e+09 -2.082489728927612305e+00 -2.510750198364257457e+01 -1.514073491096496582e+00 0.000000000000000000e+00 0.000000000000000000e+00 0.000000000000000000e+00 1.000000000000000000e+00
1.716369158349063873e+09 -2.071067571640014204e+00 -2.512083625793457031e+01 -1.520343542098999023e+00 0.000000000000000000e+00 0.000000000000000000e+00 0.000000000000000000e+00 1.000000000000000000e+00
1.716369158399362803e+09 -2.061036109924316406e+00 -2.513321876525878906e+01 -1.525091886520385520e+00 0.000000000000000000e+00 0.000000000000000000e+00 0.000000000000000000e+00 1.000000000000000000e+00
1.716369158499902964e+09 -2.041966438293457031e+00 -2.515813636779785156e+01 -1.532511830329895020e+00 0.000000000000000000e+00 0.000000000000000000e+00 0.000000000000000000e+00 1.000000000000000000e+00
1.716369158600501299e+09 -2.027021646499633789e+00 -2.519271087646484375e+01 -1.540748000144958496e+00 0.000000000000000000e+00 0.000000000000000000e+00 0.000000000000000000e+00 1.000000000000000000e+00
1.716369158650411844e+09 -2.020059347152709961e+00 -2.520600891113280895e+01 -1.544043302536010742e+00 0.000000000000000000e+00 0.000000000000000000e+00 0.000000000000000000e+00 1.000000000000000000e+00
1.716369158700515747e+09 -2.014346361160278320e+00 -2.523119163513183949e+01 -1.548491239547729492e+00 0.000000000000000000e+00 0.000000000000000000e+00 0.000000000000000000e+00 1.000000000000000000e+00
1.716369159755817890e+09 -1.913912773132323997e+00 -2.547386169433593750e+01 -1.627799391746520996e+00 0.000000000000000000e+00 0.000000000000000000e+00 0.000000000000000000e+00 1.000000000000000000e+00
1.716369159805931568e+09 -1.911056876182555930e+00 -2.548182296752929688e+01 -1.638794779777526855e+00 0.000000000000000000e+00 0.000000000000000000e+00 0.000000000000000000e+00 1.000000000000000000e+00
1.716369159856662750e+09 -1.908221364021301270e+00 -2.548779487609863637e+01 -1.649507522583007812e+00 0.000000000000000000e+00 0.000000000000000000e+00 0.000000000000000000e+00 1.000000000000000000e+00
1.716369159956734419e+09 -1.905631303787231667e+00 -2.550350189208984375e+01 -1.663012981414794922e+00 0.000000000000000000e+00 0.000000000000000000e+00 0.000000000000000000e+00 1.000000000000000000e+00
1.716369160006966114e+09 -1.897616267204284890e+00 -2.551715278625488281e+01 -1.688188195228576882e+00 0.000000000000000000e+00 0.000000000000000000e+00 0.000000000000000000e+00 1.000000000000000000e+00
1.716369160057474613e+09 -1.893925905227660911e+00 -2.552383995056152344e+01 -1.701613664627075195e+00 0.000000000000000000e+00 0.000000000000000000e+00 0.000000000000000000e+00 1.000000000000000000e+00
1.716369160109531879e+09 -1.890354871749877930e+00 -2.552848243713378906e+01 -1.715102672576904297e+00 0.000000000000000000e+00 0.000000000000000000e+00 0.000000000000000000e+00 1.000000000000000000e+00
1.716369160210225821e+09 -1.887425422668457031e+00 -2.554200553894042969e+01 -1.729868412017822488e+00 0.000000000000000000e+00 0.000000000000000000e+00 0.000000000000000000e+00 1.000000000000000000e+00
1.716369160258471489e+09 -1.881080150604248047e+00 -2.555337524414062500e+01 -1.755601644515991211e+00 0.000000000000000000e+00 0.000000000000000000e+00 0.000000000000000000e+00 1.000000000000000000e+00
1.716369160310335159e+09 -1.876959562301635964e+00 -2.555922698974609375e+01 -1.767645955085754395e+00 0.000000000000000000e+00 0.000000000000000000e+00 0.000000000000000000e+00 1.000000000000000000e+00
1.716369160358815670e+09 -1.873170614242553711e+00 -2.556425666809082031e+01 -1.777952194213867188e+00 0.000000000000000000e+00 0.000000000000000000e+00 0.000000000000000000e+00 1.000000000000000000e+00
1.716369160409269571e+09 -1.870037674903869629e+00 -2.557038307189941051e+01 -1.787190437316894309e+00 0.000000000000000000e+00 0.000000000000000000e+00 0.000000000000000000e+00 1.000000000000000000e+00
1.716369160459278107e+09 -1.866816878318786399e+00 -2.558179473876953125e+01 -1.794638156890869141e+00 0.000000000000000000e+00 0.000000000000000000e+00 0.000000000000000000e+00 1.000000000000000000e+00
1.716369160509749413e+09 -1.864226102828979492e+00 -2.558739471435546875e+01 -1.799737930297851562e+00 0.000000000000000000e+00 0.000000000000000000e+00 0.000000000000000000e+00 1.000000000000000000e+00
1.716369160559832811e+09 -1.861105561256408691e+00 -2.559230041503906250e+01 -1.802676796913146973e+00 0.000000000000000000e+00 0.000000000000000000e+00 0.000000000000000000e+00 1.000000000000000000e+00
1.716369160610211134e+09 -1.858478188514709251e+00 -2.559840583801269176e+01 -1.803851008415222390e+00 0.000000000000000000e+00 0.000000000000000000e+00 0.000000000000000000e+00 1.000000000000000000e+00
1.716369160710899115e+09 -1.856106638908386453e+00 -2.560971641540527699e+01 -1.803695917129516824e+00 0.000000000000000000e+00 0.000000000000000000e+00 0.000000000000000000e+00 1.000000000000000000e+00
1.716369160760723829e+09 -1.854300022125243919e+00 -2.561600875854491832e+01 -1.802931189537048340e+00 0.000000000000000000e+00 0.000000000000000000e+00 0.000000000000000000e+00 1.000000000000000000e+00
1.716369160811192274e+09 -1.853480696678161621e+00 -2.562702560424804688e+01 -1.796291708946228027e+00 0.000000000000000000e+00 0.000000000000000000e+00 0.000000000000000000e+00 1.000000000000000000e+00
1.716369160861257315e+09 -1.853877902030944824e+00 -2.563242912292480469e+01 -1.793329000473022461e+00 0.000000000000000000e+00 0.000000000000000000e+00 0.000000000000000000e+00 1.000000000000000000e+00
1.716369160912115097e+09 -1.855696916580199973e+00 -2.564278984069823863e+01 -1.790312767028808594e+00 0.000000000000000000e+00 0.000000000000000000e+00 0.000000000000000000e+00 1.000000000000000000e+00
1.716369160961904049e+09 -1.857584595680236816e+00 -2.564813041687012074e+01 -1.786981821060180886e+00 0.000000000000000000e+00 0.000000000000000000e+00 0.000000000000000000e+00 1.000000000000000000e+00
1.716369161012041330e+09 -1.860178947448730469e+00 -2.565334129333496094e+01 -1.784278869628906250e+00 0.000000000000000000e+00 0.000000000000000000e+00 0.000000000000000000e+00 1.000000000000000000e+00
1.716369161112336159e+09 -1.869743347167968750e+00 -2.566126060485839844e+01 -1.780105352401733398e+00 0.000000000000000000e+00 0.000000000000000000e+00 0.000000000000000000e+00 1.000000000000000000e+00
1.716369161162730694e+09 -1.876028895378112793e+00 -2.566691589355468750e+01 -1.779718279838562012e+00 0.000000000000000000e+00 0.000000000000000000e+00 0.000000000000000000e+00 1.000000000000000000e+00
1.716369161212903500e+09 -1.881639957427978294e+00 -2.566749000549316406e+01 -1.779928803443908691e+00 0.000000000000000000e+00 0.000000000000000000e+00 0.000000000000000000e+00 1.000000000000000000e+00
1.716369161263220549e+09 -1.887956976890563965e+00 -2.566780471801757457e+01 -1.781744003295898438e+00 0.000000000000000000e+00 0.000000000000000000e+00 0.000000000000000000e+00 1.000000000000000000e+00
1.716369161313906431e+09 -1.894369482994080034e+00 -2.566791343688964844e+01 -1.785123229026794434e+00 0.000000000000000000e+00 0.000000000000000000e+00 0.000000000000000000e+00 1.000000000000000000e+00
1.716369161363574505e+09 -1.901696085929870383e+00 -2.566683769226074574e+01 -1.789318084716796875e+00 0.000000000000000000e+00 0.000000000000000000e+00 0.000000000000000000e+00 1.000000000000000000e+00
1.716369161413694859e+09 -1.910289406776428001e+00 -2.566656494140625000e+01 -1.794388055801391602e+00 0.000000000000000000e+00 0.000000000000000000e+00 0.000000000000000000e+00 1.000000000000000000e+00
1.716369161514170170e+09 -1.928944706916809082e+00 -2.566261291503906250e+01 -1.806484341621398926e+00 0.000000000000000000e+00 0.000000000000000000e+00 0.000000000000000000e+00 1.000000000000000000e+00
1.716369161564408302e+09 -1.938665866851806419e+00 -2.565899276733398438e+01 -1.813229084014892800e+00 0.000000000000000000e+00 0.000000000000000000e+00 0.000000000000000000e+00 1.000000000000000000e+00
1.716369161614594460e+09 -1.949116110801696777e+00 -2.565430641174316406e+01 -1.819940567016601562e+00 0.000000000000000000e+00 0.000000000000000000e+00 0.000000000000000000e+00 1.000000000000000000e+00
1.716369161715160608e+09 -1.960169553756713645e+00 -2.564867591857910156e+01 -1.825711369514465110e+00 0.000000000000000000e+00 0.000000000000000000e+00 0.000000000000000000e+00 1.000000000000000000e+00
1.716369161765415192e+09 -1.984007000923156738e+00 -2.563946533203125000e+01 -1.835862398147583008e+00 0.000000000000000000e+00 0.000000000000000000e+00 0.000000000000000000e+00 1.000000000000000000e+00
1.716369161815491676e+09 -1.995463013648986816e+00 -2.563299560546875000e+01 -1.839906334877014382e+00 0.000000000000000000e+00 0.000000000000000000e+00 0.000000000000000000e+00 1.000000000000000000e+00
1.716369161865812540e+09 -2.006229639053344727e+00 -2.562557601928710938e+01 -1.843841433525085227e+00 0.000000000000000000e+00 0.000000000000000000e+00 0.000000000000000000e+00 1.000000000000000000e+00
1.716369161915912390e+09 -2.016368627548217773e+00 -2.561826515197753906e+01 -1.847290873527526855e+00 0.000000000000000000e+00 0.000000000000000000e+00 0.000000000000000000e+00 1.000000000000000000e+00
1.716369162019875526e+09 -2.034070014953613281e+00 -2.559607124328613281e+01 -1.851620316505431907e+00 0.000000000000000000e+00 0.000000000000000000e+00 0.000000000000000000e+00 1.000000000000000000e+00
1.716369162066680908e+09 -2.043794870376586914e+00 -2.558791923522948863e+01 -1.853894352912902832e+00 0.000000000000000000e+00 0.000000000000000000e+00 0.000000000000000000e+00 1.000000000000000000e+00
1.716369162116805315e+09 -2.052900791168212891e+00 -2.557881355285644531e+01 -1.856064319610595925e+00 0.000000000000000000e+00 0.000000000000000000e+00 0.000000000000000000e+00 1.000000000000000000e+00
1.716369162217205763e+09 -2.069703578948974609e+00 -2.554981231689453125e+01 -1.858596682548522949e+00 0.000000000000000000e+00 0.000000000000000000e+00 0.000000000000000000e+00 1.000000000000000000e+00
1.716369162267761946e+09 -2.078078269958496094e+00 -2.553977584838867188e+01 -1.860519170761108398e+00 0.000000000000000000e+00 0.000000000000000000e+00 0.000000000000000000e+00 1.000000000000000000e+00
1.716369162317945242e+09 -2.085662126541137695e+00 -2.552973937988280895e+01 -1.862895011901855691e+00 0.000000000000000000e+00 0.000000000000000000e+00 0.000000000000000000e+00 1.000000000000000000e+00
1.716369162367863894e+09 -2.093335151672363725e+00 -2.551869583129882812e+01 -1.865172624588012695e+00 0.000000000000000000e+00 0.000000000000000000e+00 0.000000000000000000e+00 1.000000000000000000e+00
1.716369162468475819e+09 -2.099790334701538086e+00 -2.549675941467285156e+01 -1.866355419158935547e+00 0.000000000000000000e+00 0.000000000000000000e+00 0.000000000000000000e+00 1.000000000000000000e+00
1.716369162518637896e+09 -2.116822957992553711e+00 -2.547135353088378906e+01 -1.871836543083190918e+00 0.000000000000000000e+00 0.000000000000000000e+00 0.000000000000000000e+00 1.000000000000000000e+00
1.716369162568962097e+09 -2.127015829086304155e+00 -2.546007347106933594e+01 -1.874196052551269309e+00 0.000000000000000000e+00 0.000000000000000000e+00 0.000000000000000000e+00 1.000000000000000000e+00
1.716369162719645977e+09 -2.150771141052246094e+00 -2.540978240966796875e+01 -1.879662156105041282e+00 0.000000000000000000e+00 0.000000000000000000e+00 0.000000000000000000e+00 1.000000000000000000e+00
1.716369162770206928e+09 -2.159491777420043945e+00 -2.539458274841308949e+01 -1.881839513778686301e+00 0.000000000000000000e+00 0.000000000000000000e+00 0.000000000000000000e+00 1.000000000000000000e+00
1.716369162820482731e+09 -2.168449878692626953e+00 -2.538040351867676137e+01 -1.883770227432250977e+00 0.000000000000000000e+00 0.000000000000000000e+00 0.000000000000000000e+00 1.000000000000000000e+00
1.716369162870670557e+09 -2.178575277328491211e+00 -2.536499786376953125e+01 -1.886523127555847168e+00 0.000000000000000000e+00 0.000000000000000000e+00 0.000000000000000000e+00 1.000000000000000000e+00
1.716369162921823978e+09 -2.187406301498413086e+00 -2.533275032043457031e+01 -1.887281060218811035e+00 0.000000000000000000e+00 0.000000000000000000e+00 0.000000000000000000e+00 1.000000000000000000e+00
1.716369162971501589e+09 -2.198036193847655806e+00 -2.531714248657226562e+01 -1.891120672225951926e+00 0.000000000000000000e+00 0.000000000000000000e+00 0.000000000000000000e+00 1.000000000000000000e+00
1.716369163021764755e+09 -2.209772825241088867e+00 -2.530151367187500000e+01 -1.894359588623046875e+00 0.000000000000000000e+00 0.000000000000000000e+00 0.000000000000000000e+00 1.000000000000000000e+00
1.716369163172902584e+09 -2.249403476715087891e+00 -2.523748779296875000e+01 -1.900173544883728027e+00 0.000000000000000000e+00 0.000000000000000000e+00 0.000000000000000000e+00 1.000000000000000000e+00
1.716369163222713232e+09 -2.259474754333496094e+00 -2.521990394592285156e+01 -1.903732657432555930e+00 0.000000000000000000e+00 0.000000000000000000e+00 0.000000000000000000e+00 1.000000000000000000e+00
1.716369163273308277e+09 -2.295993089675903764e+00 -2.518226242065429688e+01 -1.910509824752808061e+00 0.000000000000000000e+00 0.000000000000000000e+00 0.000000000000000000e+00 1.000000000000000000e+00
1.716369163373285532e+09 -2.312041044235229048e+00 -2.514813423156738281e+01 -1.912277460098266380e+00 0.000000000000000000e+00 0.000000000000000000e+00 0.000000000000000000e+00 1.000000000000000000e+00
1.716369163423556805e+09 -2.328976631164550781e+00 -2.512884330749512074e+01 -1.915982723236083984e+00 0.000000000000000000e+00 0.000000000000000000e+00 0.000000000000000000e+00 1.000000000000000000e+00
1.716369163473888874e+09 -2.368298053741455078e+00 -2.508876991271972656e+01 -1.922823786735534890e+00 0.000000000000000000e+00 0.000000000000000000e+00 0.000000000000000000e+00 1.000000000000000000e+00
1.716369163574789524e+09 -2.387696981430053711e+00 -2.506927108764648438e+01 -1.925971627235412820e+00 0.000000000000000000e+00 0.000000000000000000e+00 0.000000000000000000e+00 1.000000000000000000e+00
1.716369163624653101e+09 -2.406312227249145064e+00 -2.503399467468261719e+01 -1.926281929016113281e+00 0.000000000000000000e+00 0.000000000000000000e+00 0.000000000000000000e+00 1.000000000000000000e+00
1.716369163674978733e+09 -2.426546335220336914e+00 -2.501244354248046875e+01 -1.928730010986327903e+00 0.000000000000000000e+00 0.000000000000000000e+00 0.000000000000000000e+00 1.000000000000000000e+00
1.716369163724768400e+09 -2.469038009643554688e+00 -2.496918678283691762e+01 -1.932856798171997070e+00 0.000000000000000000e+00 0.000000000000000000e+00 0.000000000000000000e+00 1.000000000000000000e+00
1.716369163775037527e+09 -2.488643646240234375e+00 -2.494576835632323863e+01 -1.934116601943969505e+00 0.000000000000000000e+00 0.000000000000000000e+00 0.000000000000000000e+00 1.000000000000000000e+00
1.716369163875319242e+09 -2.508618116378784180e+00 -2.490335845947265625e+01 -1.932927608489990456e+00 0.000000000000000000e+00 0.000000000000000000e+00 0.000000000000000000e+00 1.000000000000000000e+00
1.716369163926073551e+09 -2.529872894287109375e+00 -2.487977409362792969e+01 -1.933873891830444336e+00 0.000000000000000000e+00 0.000000000000000000e+00 0.000000000000000000e+00 1.000000000000000000e+00
1.716369163976619720e+09 -2.552457571029663086e+00 -2.485612297058105113e+01 -1.934146404266357200e+00 0.000000000000000000e+00 0.000000000000000000e+00 0.000000000000000000e+00 1.000000000000000000e+00
1.716369164025784969e+09 -2.575231790542602539e+00 -2.483446121215820312e+01 -1.934393525123595969e+00 0.000000000000000000e+00 0.000000000000000000e+00 0.000000000000000000e+00 1.000000000000000000e+00
1.716369164076277256e+09 -2.595277309417724609e+00 -2.481017303466796875e+01 -1.933480501174926758e+00 0.000000000000000000e+00 0.000000000000000000e+00 0.000000000000000000e+00 1.000000000000000000e+00
1.716369164126391888e+09 -2.617649316787720171e+00 -2.478462219238280895e+01 -1.932440400123595969e+00 0.000000000000000000e+00 0.000000000000000000e+00 0.000000000000000000e+00 1.000000000000000000e+00
1.716369164176446915e+09 -2.637331724166870117e+00 -2.473453521728515980e+01 -1.927202701568603516e+00 0.000000000000000000e+00 0.000000000000000000e+00 0.000000000000000000e+00 1.000000000000000000e+00
1.716369164276829481e+09 -2.681288957595825195e+00 -2.468062973022460938e+01 -1.923072934150696023e+00 0.000000000000000000e+00 0.000000000000000000e+00 0.000000000000000000e+00 1.000000000000000000e+00
1.716369164326956511e+09 -2.700626611709594727e+00 -2.464950942993164062e+01 -1.919928550720214844e+00 0.000000000000000000e+00 0.000000000000000000e+00 0.000000000000000000e+00 1.000000000000000000e+00
1.716369164377338409e+09 -2.720019817352294922e+00 -2.462544059753417969e+01 -1.916983842849731667e+00 0.000000000000000000e+00 0.000000000000000000e+00 0.000000000000000000e+00 1.000000000000000000e+00
1.716369164427491188e+09 -2.737735748291016069e+00 -2.456876754760742543e+01 -1.908667325973510742e+00 0.000000000000000000e+00 0.000000000000000000e+00 0.000000000000000000e+00 1.000000000000000000e+00
1.716369164477630615e+09 -2.777615308761596680e+00 -2.451259040832519531e+01 -1.900539040565490723e+00 0.000000000000000000e+00 0.000000000000000000e+00 0.000000000000000000e+00 1.000000000000000000e+00
1.716369164527970314e+09 -2.798255920410155806e+00 -2.448544502258300781e+01 -1.896190404891967995e+00 0.000000000000000000e+00 0.000000000000000000e+00 0.000000000000000000e+00 1.000000000000000000e+00
1.716369164628319502e+09 -2.816258668899536133e+00 -2.443064308166503906e+01 -1.888139605522155984e+00 0.000000000000000000e+00 0.000000000000000000e+00 0.000000000000000000e+00 1.000000000000000000e+00
1.716369164680514097e+09 -2.836764097213745117e+00 -2.440040779113769176e+01 -1.883871555328368697e+00 0.000000000000000000e+00 0.000000000000000000e+00 0.000000000000000000e+00 1.000000000000000000e+00
1.716369164729028463e+09 -2.879883527755737305e+00 -2.434048271179199219e+01 -1.876434564590454102e+00 0.000000000000000000e+00 0.000000000000000000e+00 0.000000000000000000e+00 1.000000000000000000e+00
1.716369164779260635e+09 -2.900149822235107422e+00 -2.431107330322265625e+01 -1.873218894004821555e+00 0.000000000000000000e+00 0.000000000000000000e+00 0.000000000000000000e+00 1.000000000000000000e+00
1.716369164879660845e+09 -2.939279556274414062e+00 -2.422333335876464844e+01 -1.863453745841979980e+00 0.000000000000000000e+00 0.000000000000000000e+00 0.000000000000000000e+00 1.000000000000000000e+00
1.716369164929973841e+09 -2.960730314254760742e+00 -2.419365119934082031e+01 -1.860663533210754395e+00 0.000000000000000000e+00 0.000000000000000000e+00 0.000000000000000000e+00 1.000000000000000000e+00
1.716369165030423403e+09 -3.007002830505371094e+00 -2.413555335998535156e+01 -1.857041597366333008e+00 0.000000000000000000e+00 0.000000000000000000e+00 0.000000000000000000e+00 1.000000000000000000e+00
1.716369165181674957e+09 -3.052535295486450195e+00 -2.404915428161621094e+01 -1.851881980895996094e+00 0.000000000000000000e+00 0.000000000000000000e+00 0.000000000000000000e+00 1.000000000000000000e+00
1.716369165231403112e+09 -3.077482700347900391e+00 -2.402044868469238281e+01 -1.852483391761780007e+00 0.000000000000000000e+00 0.000000000000000000e+00 0.000000000000000000e+00 1.000000000000000000e+00
1.716369165281775475e+09 -3.124115467071533203e+00 -2.395489501953125000e+01 -1.856013059616088867e+00 0.000000000000000000e+00 0.000000000000000000e+00 0.000000000000000000e+00 1.000000000000000000e+00
1.716369165382406712e+09 -3.146876096725463867e+00 -2.389988327026367188e+01 -1.856759786605834961e+00 0.000000000000000000e+00 0.000000000000000000e+00 0.000000000000000000e+00 1.000000000000000000e+00
1.716369165432795048e+09 -3.198016166687012163e+00 -2.383787727355957031e+01 -1.865544438362121582e+00 0.000000000000000000e+00 0.000000000000000000e+00 0.000000000000000000e+00 1.000000000000000000e+00
1.716369165482824087e+09 -3.223530054092407227e+00 -2.380613136291503906e+01 -1.871245026588439941e+00 0.000000000000000000e+00 0.000000000000000000e+00 0.000000000000000000e+00 1.000000000000000000e+00
1.716369165533181667e+09 -3.249169111251831055e+00 -2.377315711975097656e+01 -1.877999544143676758e+00 0.000000000000000000e+00 0.000000000000000000e+00 0.000000000000000000e+00 1.000000000000000000e+00
1.716369165633586645e+09 -3.271371603012084961e+00 -2.371359634399414062e+01 -1.881202101707458496e+00 0.000000000000000000e+00 0.000000000000000000e+00 0.000000000000000000e+00 1.000000000000000000e+00
1.716369165683711052e+09 -3.323563814163208008e+00 -2.364416885375976918e+01 -1.895281195640563965e+00 0.000000000000000000e+00 0.000000000000000000e+00 0.000000000000000000e+00 1.000000000000000000e+00
1.716369165784199238e+09 -3.374653339385986328e+00 -2.357561111450195668e+01 -1.910242557525634766e+00 0.000000000000000000e+00 0.000000000000000000e+00 0.000000000000000000e+00 1.000000000000000000e+00
1.716369165884666920e+09 -3.423878669738769087e+00 -2.347640419006348012e+01 -1.918951749801635964e+00 0.000000000000000000e+00 0.000000000000000000e+00 0.000000000000000000e+00 1.000000000000000000e+00
1.716369165935002089e+09 -3.451475381851196289e+00 -2.344081497192382812e+01 -1.925252676010132058e+00 0.000000000000000000e+00 0.000000000000000000e+00 0.000000000000000000e+00 1.000000000000000000e+00
1.716369165985489368e+09 -3.476709127426147461e+00 -2.340570259094238281e+01 -1.930357575416564941e+00 0.000000000000000000e+00 0.000000000000000000e+00 0.000000000000000000e+00 1.000000000000000000e+00
1.716369166085674763e+09 -3.497760057449340820e+00 -2.333518409729003906e+01 -1.930048942565917969e+00 0.000000000000000000e+00 0.000000000000000000e+00 0.000000000000000000e+00 1.000000000000000000e+00
1.716369166135909081e+09 -3.547654390335083008e+00 -2.326363182067871094e+01 -1.934489130973815918e+00 0.000000000000000000e+00 0.000000000000000000e+00 0.000000000000000000e+00 1.000000000000000000e+00
1.716369166237124920e+09 -3.598591804504394531e+00 -2.318939208984375000e+01 -1.934138536453247070e+00 0.000000000000000000e+00 0.000000000000000000e+00 0.000000000000000000e+00 1.000000000000000000e+00
1.716369166286977530e+09 -3.625267744064331055e+00 -2.315369606018066406e+01 -1.933000922203063965e+00 0.000000000000000000e+00 0.000000000000000000e+00 0.000000000000000000e+00 1.000000000000000000e+00
1.716369166387526512e+09 -3.645218849182128906e+00 -2.308815574645996094e+01 -1.926075458526611550e+00 0.000000000000000000e+00 0.000000000000000000e+00 0.000000000000000000e+00 1.000000000000000000e+00
1.716369166438459873e+09 -3.670092582702636719e+00 -2.305302429199218750e+01 -1.922483801841736062e+00 0.000000000000000000e+00 0.000000000000000000e+00 0.000000000000000000e+00 1.000000000000000000e+00
1.716369166488059759e+09 -3.696927070617675781e+00 -2.301670646667480469e+01 -1.917592525482177512e+00 0.000000000000000000e+00 0.000000000000000000e+00 0.000000000000000000e+00 1.000000000000000000e+00
1.716369166538233042e+09 -3.745336294174193448e+00 -2.294676589965820312e+01 -1.908311009407043679e+00 0.000000000000000000e+00 0.000000000000000000e+00 0.000000000000000000e+00 1.000000000000000000e+00
1.716369166638813257e+09 -3.764118194580078125e+00 -2.288652801513671875e+01 -1.900122523307800293e+00 0.000000000000000000e+00 0.000000000000000000e+00 0.000000000000000000e+00 1.000000000000000000e+00
1.716369166688706875e+09 -3.788008451461791992e+00 -2.285356903076171875e+01 -1.895462751388549583e+00 0.000000000000000000e+00 0.000000000000000000e+00 0.000000000000000000e+00 1.000000000000000000e+00
1.716369166739081144e+09 -3.837276220321655273e+00 -2.279128456115722656e+01 -1.886855006217956321e+00 0.000000000000000000e+00 0.000000000000000000e+00 0.000000000000000000e+00 1.000000000000000000e+00
1.716369166840328932e+09 -3.877346277236938477e+00 -2.269754981994628906e+01 -1.871727466583251953e+00 0.000000000000000000e+00 0.000000000000000000e+00 0.000000000000000000e+00 1.000000000000000000e+00
1.716369166940837622e+09 -3.922707557678223100e+00 -2.264010810852050781e+01 -1.860679864883422852e+00 0.000000000000000000e+00 0.000000000000000000e+00 0.000000000000000000e+00 1.000000000000000000e+00
1.716369166990256310e+09 -3.942802429199218306e+00 -2.260882377624512074e+01 -1.854386806488037109e+00 0.000000000000000000e+00 0.000000000000000000e+00 0.000000000000000000e+00 1.000000000000000000e+00
1.716369167090828180e+09 -3.960388660430908203e+00 -2.255493927001953125e+01 -1.844135046005249023e+00 0.000000000000000000e+00 0.000000000000000000e+00 0.000000000000000000e+00 1.000000000000000000e+00
1.716369167141099215e+09 -3.979401111602783203e+00 -2.252591705322265625e+01 -1.837336897850036843e+00 0.000000000000000000e+00 0.000000000000000000e+00 0.000000000000000000e+00 1.000000000000000000e+00
1.716369167191499710e+09 -4.019277095794677734e+00 -2.247064590454101562e+01 -1.823027968406676802e+00 0.000000000000000000e+00 0.000000000000000000e+00 0.000000000000000000e+00 1.000000000000000000e+00
1.716369167242229939e+09 -4.039956569671630859e+00 -2.244438743591308949e+01 -1.815795779228210449e+00 0.000000000000000000e+00 0.000000000000000000e+00 0.000000000000000000e+00 1.000000000000000000e+00
1.716369167343865156e+09 -4.054731369018554688e+00 -2.239496994018554688e+01 -1.805536985397338867e+00 0.000000000000000000e+00 0.000000000000000000e+00 0.000000000000000000e+00 1.000000000000000000e+00
1.716369167392609119e+09 -4.074870586395263672e+00 -2.236769866943359730e+01 -1.798507571220397949e+00 0.000000000000000000e+00 0.000000000000000000e+00 0.000000000000000000e+00 1.000000000000000000e+00
1.716369167442821264e+09 -4.113916873931884766e+00 -2.231420707702636719e+01 -1.785252928733825684e+00 0.000000000000000000e+00 0.000000000000000000e+00 0.000000000000000000e+00 1.000000000000000000e+00
1.716369167493167162e+09 -4.135412693023681641e+00 -2.228737068176269176e+01 -1.779986023902893066e+00 0.000000000000000000e+00 0.000000000000000000e+00 0.000000000000000000e+00 1.000000000000000000e+00
1.716369167543674231e+09 -4.154993057250976562e+00 -2.226173019409180043e+01 -1.775815248489380105e+00 0.000000000000000000e+00 0.000000000000000000e+00 0.000000000000000000e+00 1.000000000000000000e+00
1.716369167643922091e+09 -4.172041893005371094e+00 -2.221633338928222656e+01 -1.769219040870666504e+00 0.000000000000000000e+00 0.000000000000000000e+00 0.000000000000000000e+00 1.000000000000000000e+00
1.716369167694121361e+09 -4.194909572601318359e+00 -2.218972206115722656e+01 -1.767069816589355691e+00 0.000000000000000000e+00 0.000000000000000000e+00 0.000000000000000000e+00 1.000000000000000000e+00
1.716369167744423866e+09 -4.212945461273193359e+00 -2.216303253173828125e+01 -1.764476060867309570e+00 0.000000000000000000e+00 0.000000000000000000e+00 0.000000000000000000e+00 1.000000000000000000e+00
1.716369167794617176e+09 -4.253805637359619141e+00 -2.211443328857421875e+01 -1.762026190757751687e+00 0.000000000000000000e+00 0.000000000000000000e+00 0.000000000000000000e+00 1.000000000000000000e+00
1.716369167844773054e+09 -4.272397994995117188e+00 -2.207008171081542969e+01 -1.759331464767456055e+00 0.000000000000000000e+00 0.000000000000000000e+00 0.000000000000000000e+00 1.000000000000000000e+00
1.716369167894927502e+09 -4.293929576873779297e+00 -2.204427719116210938e+01 -1.759410858154296875e+00 0.000000000000000000e+00 0.000000000000000000e+00 0.000000000000000000e+00 1.000000000000000000e+00
1.716369167995409012e+09 -4.341043949127197266e+00 -2.199248886108398438e+01 -1.761688113212585449e+00 0.000000000000000000e+00 0.000000000000000000e+00 0.000000000000000000e+00 1.000000000000000000e+00
1.716369168045630932e+09 -4.362100124359130859e+00 -2.196547889709472656e+01 -1.762904286384582297e+00 0.000000000000000000e+00 0.000000000000000000e+00 0.000000000000000000e+00 1.000000000000000000e+00
1.716369168095880032e+09 -4.386804103851318359e+00 -2.193856811523437145e+01 -1.765288591384887695e+00 0.000000000000000000e+00 0.000000000000000000e+00 0.000000000000000000e+00 1.000000000000000000e+00
1.716369168145961761e+09 -4.404548168182373047e+00 -2.189190292358398438e+01 -1.764076232910156250e+00 0.000000000000000000e+00 0.000000000000000000e+00 0.000000000000000000e+00 1.000000000000000000e+00
1.716369168196745872e+09 -4.428888797760009766e+00 -2.186602973937988281e+01 -1.766371488571166992e+00 0.000000000000000000e+00 0.000000000000000000e+00 0.000000000000000000e+00 1.000000000000000000e+00
1.716369168246698141e+09 -4.450545310974121094e+00 -2.184173202514648438e+01 -1.768431186676025391e+00 0.000000000000000000e+00 0.000000000000000000e+00 0.000000000000000000e+00 1.000000000000000000e+00
1.716369168297392845e+09 -4.474320411682128906e+00 -2.181485939025878906e+01 -1.770794987678527832e+00 0.000000000000000000e+00 0.000000000000000000e+00 0.000000000000000000e+00 1.000000000000000000e+00
1.716369168347135782e+09 -4.497745037078857422e+00 -2.178793525695800781e+01 -1.773714661598205566e+00 0.000000000000000000e+00 0.000000000000000000e+00 0.000000000000000000e+00 1.000000000000000000e+00
1.716369168397746801e+09 -4.517515659332275391e+00 -2.174046134948730469e+01 -1.773921132087707520e+00 0.000000000000000000e+00 0.000000000000000000e+00 0.000000000000000000e+00 1.000000000000000000e+00
1.716369168448166609e+09 -4.542196750640869141e+00 -2.171408081054687500e+01 -1.777839541435241699e+00 0.000000000000000000e+00 0.000000000000000000e+00 0.000000000000000000e+00 1.000000000000000000e+00
1.716369168498276711e+09 -4.563102245330810547e+00 -2.168344306945800781e+01 -1.780715823173522949e+00 0.000000000000000000e+00 0.000000000000000000e+00 0.000000000000000000e+00 1.000000000000000000e+00
1.716369168548514128e+09 -4.586700439453125000e+00 -2.166035461425780895e+01 -1.784331321716308594e+00 0.000000000000000000e+00 0.000000000000000000e+00 0.000000000000000000e+00 1.000000000000000000e+00
1.716369168598843336e+09 -4.608223915100097656e+00 -2.161237907409667969e+01 -1.784331083297729492e+00 0.000000000000000000e+00 0.000000000000000000e+00 0.000000000000000000e+00 1.000000000000000000e+00
1.716369168649410486e+09 -4.631649017333984375e+00 -2.158628654479980469e+01 -1.787023544311523438e+00 0.000000000000000000e+00 0.000000000000000000e+00 0.000000000000000000e+00 1.000000000000000000e+00
1.716369168699329138e+09 -4.656394004821777344e+00 -2.156090164184570312e+01 -1.789736628532409668e+00 0.000000000000000000e+00 0.000000000000000000e+00 0.000000000000000000e+00 1.000000000000000000e+00
1.716369168749913931e+09 -4.679564952850341797e+00 -2.153584098815917969e+01 -1.792289614677429199e+00 0.000000000000000000e+00 0.000000000000000000e+00 0.000000000000000000e+00 1.000000000000000000e+00
1.716369168800218821e+09 -4.703590393066406250e+00 -2.151058959960937145e+01 -1.794615030288696289e+00 0.000000000000000000e+00 0.000000000000000000e+00 0.000000000000000000e+00 1.000000000000000000e+00
1.716369168850284576e+09 -4.725664615631104404e+00 -2.146839332580566406e+01 -1.795217752456665039e+00 0.000000000000000000e+00 0.000000000000000000e+00 0.000000000000000000e+00 1.000000000000000000e+00
1.716369168900419474e+09 -4.750030517578125000e+00 -2.144386863708496094e+01 -1.798531293869018555e+00 0.000000000000000000e+00 0.000000000000000000e+00 0.000000000000000000e+00 1.000000000000000000e+00
1.716369169051535845e+09 -4.825273036956787109e+00 -2.137284278869628906e+01 -1.807382106781005637e+00 0.000000000000000000e+00 0.000000000000000000e+00 0.000000000000000000e+00 1.000000000000000000e+00
1.716369169151890755e+09 -4.846817493438720703e+00 -2.133584213256835938e+01 -1.807258605957031250e+00 0.000000000000000000e+00 0.000000000000000000e+00 0.000000000000000000e+00 1.000000000000000000e+00
1.716369169252378941e+09 -4.896988391876220703e+00 -2.129244995117187500e+01 -1.812471270561218484e+00 0.000000000000000000e+00 0.000000000000000000e+00 0.000000000000000000e+00 1.000000000000000000e+00
1.716369169303967714e+09 -4.945240497589111328e+00 -2.125155639648437145e+01 -1.816771030426025169e+00 0.000000000000000000e+00 0.000000000000000000e+00 0.000000000000000000e+00 1.000000000000000000e+00
1.716369169353244781e+09 -4.970208168029785156e+00 -2.123413658142089844e+01 -1.817857503890991211e+00 0.000000000000000000e+00 0.000000000000000000e+00 0.000000000000000000e+00 1.000000000000000000e+00
1.716369169453165531e+09 -4.991651535034179688e+00 -2.120324325561523438e+01 -1.817135930061340332e+00 0.000000000000000000e+00 0.000000000000000000e+00 0.000000000000000000e+00 1.000000000000000000e+00
1.716369169503480434e+09 -5.040482044219970703e+00 -2.116880226135253906e+01 -1.817228078842163086e+00 0.000000000000000000e+00 0.000000000000000000e+00 0.000000000000000000e+00 1.000000000000000000e+00
1.716369169553714991e+09 -5.064723014831542969e+00 -2.115135574340820312e+01 -1.818635225296020508e+00 0.000000000000000000e+00 0.000000000000000000e+00 0.000000000000000000e+00 1.000000000000000000e+00
1.716369169603962660e+09 -5.089933872222900391e+00 -2.113466072082519531e+01 -1.820161581039428711e+00 0.000000000000000000e+00 0.000000000000000000e+00 0.000000000000000000e+00 1.000000000000000000e+00
1.716369169704720736e+09 -5.112431049346923828e+00 -2.111042213439941051e+01 -1.820645451545715554e+00 0.000000000000000000e+00 0.000000000000000000e+00 0.000000000000000000e+00 1.000000000000000000e+00
1.716369169754807711e+09 -5.136067390441895419e+00 -2.109497833251953125e+01 -1.822797894477844016e+00 0.000000000000000000e+00 0.000000000000000000e+00 0.000000000000000000e+00 1.000000000000000000e+00
1.716369169805044413e+09 -5.185035705566406250e+00 -2.106676292419433594e+01 -1.826670885086060014e+00 0.000000000000000000e+00 0.000000000000000000e+00 0.000000000000000000e+00 1.000000000000000000e+00
1.716369169855282068e+09 -5.210488796234130859e+00 -2.105380439758300781e+01 -1.829375982284545898e+00 0.000000000000000000e+00 0.000000000000000000e+00 0.000000000000000000e+00 1.000000000000000000e+00
1.716369169955621719e+09 -5.235074996948242188e+00 -2.103394508361816406e+01 -1.830697536468505637e+00 0.000000000000000000e+00 0.000000000000000000e+00 0.000000000000000000e+00 1.000000000000000000e+00
1.716369170006033421e+09 -5.263314723968505859e+00 -2.102019119262695668e+01 -1.833541035652160867e+00 0.000000000000000000e+00 0.000000000000000000e+00 0.000000000000000000e+00 1.000000000000000000e+00
1.716369170056351185e+09 -5.314081668853759766e+00 -2.099359893798828125e+01 -1.841720581054687500e+00 0.000000000000000000e+00 0.000000000000000000e+00 0.000000000000000000e+00 1.000000000000000000e+00
1.716369170108283997e+09 -5.340965747833251953e+00 -2.098080825805664062e+01 -1.846443891525268777e+00 0.000000000000000000e+00 0.000000000000000000e+00 0.000000000000000000e+00 1.000000000000000000e+00
1.716369170207652330e+09 -5.369352817535400391e+00 -2.096531105041503906e+01 -1.852365374565124290e+00 0.000000000000000000e+00 0.000000000000000000e+00 0.000000000000000000e+00 1.000000000000000000e+00
1.716369170257405519e+09 -5.395968914031982422e+00 -2.095432472229003906e+01 -1.858754038810729980e+00 0.000000000000000000e+00 0.000000000000000000e+00 0.000000000000000000e+00 1.000000000000000000e+00
1.716369170308177471e+09 -5.455294609069824219e+00 -2.092901420593261719e+01 -1.875169038772583008e+00 0.000000000000000000e+00 0.000000000000000000e+00 0.000000000000000000e+00 1.000000000000000000e+00
1.716369170358206272e+09 -5.485742568969726562e+00 -2.091337966918945312e+01 -1.883867621421813965e+00 0.000000000000000000e+00 0.000000000000000000e+00 0.000000000000000000e+00 1.000000000000000000e+00
1.716369170408176184e+09 -5.514118194580078125e+00 -2.089410781860351918e+01 -1.892185330390930398e+00 0.000000000000000000e+00 0.000000000000000000e+00 0.000000000000000000e+00 1.000000000000000000e+00
1.716369170458359957e+09 -5.544764995574951172e+00 -2.087823104858398438e+01 -1.901350259780884011e+00 0.000000000000000000e+00 0.000000000000000000e+00 0.000000000000000000e+00 1.000000000000000000e+00
1.716369170508945942e+09 -5.575815677642822266e+00 -2.086306571960448863e+01 -1.911545872688293235e+00 0.000000000000000000e+00 0.000000000000000000e+00 0.000000000000000000e+00 1.000000000000000000e+00
1.716369170558820248e+09 -5.607980251312255859e+00 -2.084764099121093750e+01 -1.921133756637572798e+00 0.000000000000000000e+00 0.000000000000000000e+00 0.000000000000000000e+00 1.000000000000000000e+00
1.716369170609093189e+09 -5.637838363647460938e+00 -2.082891845703125000e+01 -1.928652167320251687e+00 0.000000000000000000e+00 0.000000000000000000e+00 0.000000000000000000e+00 1.000000000000000000e+00
1.716369170659290075e+09 -5.669179439544677734e+00 -2.081276702880859730e+01 -1.936870217323303223e+00 0.000000000000000000e+00 0.000000000000000000e+00 0.000000000000000000e+00 1.000000000000000000e+00
1.716369170711463690e+09 -5.699950218200683594e+00 -2.079676628112792969e+01 -1.944748878479003906e+00 0.000000000000000000e+00 0.000000000000000000e+00 0.000000000000000000e+00 1.000000000000000000e+00
1.716369170759809017e+09 -5.731466293334960938e+00 -2.077977371215820312e+01 -1.950668334960937278e+00 0.000000000000000000e+00 0.000000000000000000e+00 0.000000000000000000e+00 1.000000000000000000e+00
1.716369170810483456e+09 -5.760910987854003906e+00 -2.075294685363769176e+01 -1.955611109733581099e+00 0.000000000000000000e+00 0.000000000000000000e+00 0.000000000000000000e+00 1.000000000000000000e+00
1.716369170860219479e+09 -5.790520668029785156e+00 -2.073227500915527699e+01 -1.960826039314270020e+00 0.000000000000000000e+00 0.000000000000000000e+00 0.000000000000000000e+00 1.000000000000000000e+00
1.716369170910453081e+09 -5.821176528930664062e+00 -2.071131134033203125e+01 -1.965677022933959961e+00 0.000000000000000000e+00 0.000000000000000000e+00 0.000000000000000000e+00 1.000000000000000000e+00
1.716369170960769892e+09 -5.852039337158203125e+00 -2.068937683105468750e+01 -1.969316244125366433e+00 0.000000000000000000e+00 0.000000000000000000e+00 0.000000000000000000e+00 1.000000000000000000e+00
1.716369171011263847e+09 -5.875465869903564453e+00 -2.065330886840820312e+01 -1.968978404998779519e+00 0.000000000000000000e+00 0.000000000000000000e+00 0.000000000000000000e+00 1.000000000000000000e+00
1.716369171061057329e+09 -5.904838085174560547e+00 -2.062887954711914062e+01 -1.970470786094665305e+00 0.000000000000000000e+00 0.000000000000000000e+00 0.000000000000000000e+00 1.000000000000000000e+00
1.716369171111874580e+09 -5.933178901672363281e+00 -2.060286140441894531e+01 -1.970278978347778320e+00 0.000000000000000000e+00 0.000000000000000000e+00 0.000000000000000000e+00 1.000000000000000000e+00
1.716369171161590815e+09 -5.961844444274902344e+00 -2.057686233520508168e+01 -1.969056367874145286e+00 0.000000000000000000e+00 0.000000000000000000e+00 0.000000000000000000e+00 1.000000000000000000e+00
1.716369171211904526e+09 -5.988372802734375000e+00 -2.054848861694335938e+01 -1.966491222381592019e+00 0.000000000000000000e+00 0.000000000000000000e+00 0.000000000000000000e+00 1.000000000000000000e+00
1.716369171312388420e+09 -6.011421680450440341e+00 -2.050476455688476918e+01 -1.960517406463623047e+00 0.000000000000000000e+00 0.000000000000000000e+00 0.000000000000000000e+00 1.000000000000000000e+00
1.716369171362548113e+09 -6.067380428314208984e+00 -2.044443511962890270e+01 -1.951065301895141602e+00 0.000000000000000000e+00 0.000000000000000000e+00 0.000000000000000000e+00 1.000000000000000000e+00
1.716369171420328856e+09 -6.096466541290283203e+00 -2.041312599182128906e+01 -1.947491407394408736e+00 0.000000000000000000e+00 0.000000000000000000e+00 0.000000000000000000e+00 1.000000000000000000e+00
1.716369171513166189e+09 -6.142621517181396484e+00 -2.032526016235351918e+01 -1.941006422042846902e+00 0.000000000000000000e+00 0.000000000000000000e+00 0.000000000000000000e+00 1.000000000000000000e+00
1.716369171563354254e+09 -6.168721675872802734e+00 -2.029185485839844105e+01 -1.941554427146912065e+00 0.000000000000000000e+00 0.000000000000000000e+00 0.000000000000000000e+00 1.000000000000000000e+00
1.716369171613551617e+09 -6.191554546356201172e+00 -2.025733947753906250e+01 -1.941683053970336914e+00 0.000000000000000000e+00 0.000000000000000000e+00 0.000000000000000000e+00 1.000000000000000000e+00
1.716369171714334011e+09 -6.233689308166503906e+00 -2.016069412231445312e+01 -1.941494584083556907e+00 0.000000000000000000e+00 0.000000000000000000e+00 0.000000000000000000e+00 1.000000000000000000e+00
1.716369171864823818e+09 -6.302968025207520419e+00 -2.001499557495116832e+01 -1.953357934951782449e+00 0.000000000000000000e+00 0.000000000000000000e+00 0.000000000000000000e+00 1.000000000000000000e+00
1.716369171914854765e+09 -6.329201698303222656e+00 -1.998310279846191762e+01 -1.960870265960693137e+00 0.000000000000000000e+00 0.000000000000000000e+00 0.000000000000000000e+00 1.000000000000000000e+00
1.716369171965145588e+09 -6.356678962707520419e+00 -1.994380760192871094e+01 -1.965463995933532715e+00 0.000000000000000000e+00 0.000000000000000000e+00 0.000000000000000000e+00 1.000000000000000000e+00
1.716369172015240908e+09 -6.380298614501953125e+00 -1.990208435058593750e+01 -1.972326278686523660e+00 0.000000000000000000e+00 0.000000000000000000e+00 0.000000000000000000e+00 1.000000000000000000e+00
1.716369172166800737e+09 -6.434777259826660156e+00 -1.982654380798339844e+01 -1.987163305282592773e+00 0.000000000000000000e+00 0.000000000000000000e+00 0.000000000000000000e+00 1.000000000000000000e+00
1.716369172216144323e+09 -6.439301967620849609e+00 -1.971720123291015980e+01 -1.982144951820373091e+00 0.000000000000000000e+00 0.000000000000000000e+00 0.000000000000000000e+00 1.000000000000000000e+00
1.716369172266541004e+09 -6.501564502716064453e+00 -1.967197990417480469e+01 -1.995513319969176802e+00 0.000000000000000000e+00 0.000000000000000000e+00 0.000000000000000000e+00 1.000000000000000000e+00
1.716369172316675901e+09 -6.528416633605957031e+00 -1.963022613525390270e+01 -2.000048875808715820e+00 0.000000000000000000e+00 0.000000000000000000e+00 0.000000000000000000e+00 1.000000000000000000e+00
1.716369172366885424e+09 -6.555581569671630859e+00 -1.958638000488280895e+01 -2.003276109695434570e+00 0.000000000000000000e+00 0.000000000000000000e+00 0.000000000000000000e+00 1.000000000000000000e+00
1.716369172467791319e+09 -6.574436187744140625e+00 -1.952043151855468750e+01 -2.001644611358642578e+00 0.000000000000000000e+00 0.000000000000000000e+00 0.000000000000000000e+00 1.000000000000000000e+00
1.716369172517611027e+09 -6.601913928985595703e+00 -1.947755622863769176e+01 -2.003916740417480469e+00 0.000000000000000000e+00 0.000000000000000000e+00 0.000000000000000000e+00 1.000000000000000000e+00
1.716369172567810297e+09 -6.659123897552490234e+00 -1.939438438415527699e+01 -2.006278038024902344e+00 0.000000000000000000e+00 0.000000000000000000e+00 0.000000000000000000e+00 1.000000000000000000e+00
1.716369172618016005e+09 -6.677094459533691406e+00 -1.932764816284180043e+01 -2.002914428710937056e+00 0.000000000000000000e+00 0.000000000000000000e+00 0.000000000000000000e+00 1.000000000000000000e+00
1.716369172718413115e+09 -6.704769134521484375e+00 -1.928666877746582031e+01 -2.004323959350585938e+00 0.000000000000000000e+00 0.000000000000000000e+00 0.000000000000000000e+00 1.000000000000000000e+00
1.716369172770076990e+09 -6.762554645538330078e+00 -1.920583152770996094e+01 -2.006705999374389648e+00 0.000000000000000000e+00 0.000000000000000000e+00 0.000000000000000000e+00 1.000000000000000000e+00
1.716369172818716526e+09 -6.792544364929199219e+00 -1.916606521606445312e+01 -2.007359266281127930e+00 0.000000000000000000e+00 0.000000000000000000e+00 0.000000000000000000e+00 1.000000000000000000e+00
1.716369172870605707e+09 -6.813525199890136719e+00 -1.910004043579101562e+01 -2.003718137741088867e+00 0.000000000000000000e+00 0.000000000000000000e+00 0.000000000000000000e+00 1.000000000000000000e+00
1.716369172969515085e+09 -6.901715755462647373e+00 -1.898160934448242543e+01 -2.005834341049194336e+00 0.000000000000000000e+00 0.000000000000000000e+00 0.000000000000000000e+00 1.000000000000000000e+00
1.716369173119456768e+09 -6.922491550445556641e+00 -1.891744041442871094e+01 -2.002240896224976030e+00 0.000000000000000000e+00 0.000000000000000000e+00 0.000000000000000000e+00 1.000000000000000000e+00
1.716369173169982433e+09 -6.979002475738525391e+00 -1.884124946594238281e+01 -2.003495693206787109e+00 0.000000000000000000e+00 0.000000000000000000e+00 0.000000000000000000e+00 1.000000000000000000e+00
1.716369173221546650e+09 -7.005578041076660156e+00 -1.880434417724609375e+01 -2.003304481506348100e+00 0.000000000000000000e+00 0.000000000000000000e+00 0.000000000000000000e+00 1.000000000000000000e+00
1.716369173270167112e+09 -7.024404525756835938e+00 -1.874715423583984375e+01 -1.999163389205932839e+00 0.000000000000000000e+00 0.000000000000000000e+00 0.000000000000000000e+00 1.000000000000000000e+00
1.716369173370503902e+09 -7.077319622039794922e+00 -1.867758178710937145e+01 -1.997752428054809570e+00 0.000000000000000000e+00 0.000000000000000000e+00 0.000000000000000000e+00 1.000000000000000000e+00
1.716369173420685530e+09 -7.098572731018066406e+00 -1.863849639892578125e+01 -1.995189428329467995e+00 0.000000000000000000e+00 0.000000000000000000e+00 0.000000000000000000e+00 1.000000000000000000e+00
1.716369173470960140e+09 -7.123527526855468750e+00 -1.861176872253417969e+01 -1.994205951690673606e+00 0.000000000000000000e+00 0.000000000000000000e+00 0.000000000000000000e+00 1.000000000000000000e+00
1.716369173521232843e+09 -7.138631343841552734e+00 -1.856357574462890270e+01 -1.988363265991210938e+00 0.000000000000000000e+00 0.000000000000000000e+00 0.000000000000000000e+00 1.000000000000000000e+00
1.716369173571523190e+09 -7.159582138061523438e+00 -1.853624153137207031e+01 -1.986641407012939675e+00 0.000000000000000000e+00 0.000000000000000000e+00 0.000000000000000000e+00 1.000000000000000000e+00
1.716369173621586084e+09 -7.196088790893554688e+00 -1.848305702209472656e+01 -1.979920148849487527e+00 0.000000000000000000e+00 0.000000000000000000e+00 0.000000000000000000e+00 1.000000000000000000e+00
1.716369173722654819e+09 -7.225270271301268643e+00 -1.842113494873046875e+01 -1.970345616340636763e+00 0.000000000000000000e+00 0.000000000000000000e+00 0.000000000000000000e+00 1.000000000000000000e+00
1.716369173772129536e+09 -7.241543292999267578e+00 -1.840036010742187500e+01 -1.965609192848205566e+00 0.000000000000000000e+00 0.000000000000000000e+00 0.000000000000000000e+00 1.000000000000000000e+00
1.716369173872413874e+09 -7.254784107208251953e+00 -1.838084220886230469e+01 -1.960396289825439675e+00 0.000000000000000000e+00 0.000000000000000000e+00 0.000000000000000000e+00 1.000000000000000000e+00
1.716369173922469616e+09 -7.261384010314941406e+00 -1.835233116149902344e+01 -1.953009724617004395e+00 0.000000000000000000e+00 0.000000000000000000e+00 0.000000000000000000e+00 1.000000000000000000e+00
1.716369173972636223e+09 -7.284518718719482422e+00 -1.832124900817871094e+01 -1.941688060760498047e+00 0.000000000000000000e+00 0.000000000000000000e+00 0.000000000000000000e+00 1.000000000000000000e+00
1.716369174022750139e+09 -7.293976306915283203e+00 -1.830772972106933594e+01 -1.935430288314819558e+00 0.000000000000000000e+00 0.000000000000000000e+00 0.000000000000000000e+00 1.000000000000000000e+00
1.716369174123291969e+09 -7.298593521118164062e+00 -1.828981590270996094e+01 -1.927877187728881614e+00 0.000000000000000000e+00 0.000000000000000000e+00 0.000000000000000000e+00 1.000000000000000000e+00
1.716369174173475266e+09 -7.305267810821533203e+00 -1.828186988830566406e+01 -1.921021580696105957e+00 0.000000000000000000e+00 0.000000000000000000e+00 0.000000000000000000e+00 1.000000000000000000e+00
1.716369174223740816e+09 -7.316371440887451172e+00 -1.826695251464844105e+01 -1.906802654266357200e+00 0.000000000000000000e+00 0.000000000000000000e+00 0.000000000000000000e+00 1.000000000000000000e+00
1.716369174324169874e+09 -7.318206787109375000e+00 -1.825460815429687500e+01 -1.898657560348510742e+00 0.000000000000000000e+00 0.000000000000000000e+00 0.000000000000000000e+00 1.000000000000000000e+00
1.716369174374370813e+09 -7.324407100677490234e+00 -1.824360466003417969e+01 -1.885584712028503640e+00 0.000000000000000000e+00 0.000000000000000000e+00 0.000000000000000000e+00 1.000000000000000000e+00
1.716369174475035191e+09 -7.326482772827148438e+00 -1.823955345153808949e+01 -1.879322052001952903e+00 0.000000000000000000e+00 0.000000000000000000e+00 0.000000000000000000e+00 1.000000000000000000e+00
1.716369174524866581e+09 -7.326533317565917969e+00 -1.823312187194823863e+01 -1.872568607330322488e+00 0.000000000000000000e+00 0.000000000000000000e+00 0.000000000000000000e+00 1.000000000000000000e+00
1.716369174575151682e+09 -7.327031612396240234e+00 -1.823077774047851918e+01 -1.866385102272033691e+00 0.000000000000000000e+00 0.000000000000000000e+00 0.000000000000000000e+00 1.000000000000000000e+00
1.716369174625315666e+09 -7.325589179992675781e+00 -1.822881317138671875e+01 -1.856408119201659934e+00 0.000000000000000000e+00 0.000000000000000000e+00 0.000000000000000000e+00 1.000000000000000000e+00
1.716369174725780249e+09 -7.320991992950438565e+00 -1.822805404663085938e+01 -1.846749305725097656e+00 0.000000000000000000e+00 0.000000000000000000e+00 0.000000000000000000e+00 1.000000000000000000e+00
1.716369174826329708e+09 -7.316879272460937500e+00 -1.822836112976074574e+01 -1.842128038406372070e+00 0.000000000000000000e+00 0.000000000000000000e+00 0.000000000000000000e+00 1.000000000000000000e+00
1.716369174876559734e+09 -7.313345909118652344e+00 -1.822952842712402344e+01 -1.837512731552124023e+00 0.000000000000000000e+00 0.000000000000000000e+00 0.000000000000000000e+00 1.000000000000000000e+00
1.716369174927101374e+09 -7.304206371307373047e+00 -1.823569488525390270e+01 -1.829754710197448730e+00 0.000000000000000000e+00 0.000000000000000000e+00 0.000000000000000000e+00 1.000000000000000000e+00
1.716369175027341843e+09 -7.293848991394042969e+00 -1.824544525146484375e+01 -1.822921514511108398e+00 0.000000000000000000e+00 0.000000000000000000e+00 0.000000000000000000e+00 1.000000000000000000e+00
1.716369175077569962e+09 -7.287818908691406250e+00 -1.824948501586914062e+01 -1.819950103759765625e+00 0.000000000000000000e+00 0.000000000000000000e+00 0.000000000000000000e+00 1.000000000000000000e+00
1.716369175177988529e+09 -7.281844139099121094e+00 -1.825779533386230469e+01 -1.817361474037170410e+00 0.000000000000000000e+00 0.000000000000000000e+00 0.000000000000000000e+00 1.000000000000000000e+00
1.716369175228648901e+09 -7.275967597961425781e+00 -1.826390647888183949e+01 -1.814632296562194824e+00 0.000000000000000000e+00 0.000000000000000000e+00 0.000000000000000000e+00 1.000000000000000000e+00
1.716369175278947592e+09 -7.263905525207518643e+00 -1.827823257446289062e+01 -1.810205578804015891e+00 0.000000000000000000e+00 0.000000000000000000e+00 0.000000000000000000e+00 1.000000000000000000e+00
1.716369175379388571e+09 -7.250345230102539062e+00 -1.829393768310546875e+01 -1.807394385337829590e+00 0.000000000000000000e+00 0.000000000000000000e+00 0.000000000000000000e+00 1.000000000000000000e+00
1.716369175530021429e+09 -7.241186141967773438e+00 -1.831478881835937145e+01 -1.808619976043700728e+00 0.000000000000000000e+00 0.000000000000000000e+00 0.000000000000000000e+00 1.000000000000000000e+00
1.716369175584171534e+09 -7.236896514892578125e+00 -1.832390975952148438e+01 -1.809760689735412820e+00 0.000000000000000000e+00 0.000000000000000000e+00 0.000000000000000000e+00 1.000000000000000000e+00
1.716369175630821228e+09 -7.226942539215087891e+00 -1.834222030639648438e+01 -1.814634799957275613e+00 0.000000000000000000e+00 0.000000000000000000e+00 0.000000000000000000e+00 1.000000000000000000e+00
1.716369175680724382e+09 -7.220140457153320312e+00 -1.834964370727539062e+01 -1.818547725677490456e+00 0.000000000000000000e+00 0.000000000000000000e+00 0.000000000000000000e+00 1.000000000000000000e+00
1.716369175730922461e+09 -7.213184356689453125e+00 -1.835776901245116832e+01 -1.824916005134582297e+00 0.000000000000000000e+00 0.000000000000000000e+00 0.000000000000000000e+00 1.000000000000000000e+00
1.716369175831212759e+09 -7.209340095520019531e+00 -1.837090682983398438e+01 -1.832932829856872781e+00 0.000000000000000000e+00 0.000000000000000000e+00 0.000000000000000000e+00 1.000000000000000000e+00
1.716369175881942749e+09 -7.203702926635742188e+00 -1.837719917297363637e+01 -1.840492129325866699e+00 0.000000000000000000e+00 0.000000000000000000e+00 0.000000000000000000e+00 1.000000000000000000e+00
1.716369175931685925e+09 -7.192163944244384766e+00 -1.839115524291991832e+01 -1.860540032386780007e+00 0.000000000000000000e+00 0.000000000000000000e+00 0.000000000000000000e+00 1.000000000000000000e+00
1.716369175982387781e+09 -7.186798572540283203e+00 -1.839765739440917969e+01 -1.872239470481872781e+00 0.000000000000000000e+00 0.000000000000000000e+00 0.000000000000000000e+00 1.000000000000000000e+00
1.716369176133641243e+09 -7.172211647033691406e+00 -1.842292785644531250e+01 -1.913934469223022461e+00 0.000000000000000000e+00 0.000000000000000000e+00 0.000000000000000000e+00 1.000000000000000000e+00
1.716369176183317661e+09 -7.166331768035888672e+00 -1.842828750610351918e+01 -1.926790833473205566e+00 0.000000000000000000e+00 0.000000000000000000e+00 0.000000000000000000e+00 1.000000000000000000e+00
1.716369176233027220e+09 -7.159663200378417969e+00 -1.843508148193359730e+01 -1.939376831054687500e+00 0.000000000000000000e+00 0.000000000000000000e+00 0.000000000000000000e+00 1.000000000000000000e+00
1.716369176384276628e+09 -7.142796039581298828e+00 -1.845917892456054688e+01 -1.973672628402709961e+00 0.000000000000000000e+00 0.000000000000000000e+00 0.000000000000000000e+00 1.000000000000000000e+00
1.716369176484711409e+09 -7.138137817382812500e+00 -1.847289657592773082e+01 -1.985595583915710449e+00 0.000000000000000000e+00 0.000000000000000000e+00 0.000000000000000000e+00 1.000000000000000000e+00
1.716369176534981012e+09 -7.132018089294433594e+00 -1.848259162902832031e+01 -1.992908000946044922e+00 0.000000000000000000e+00 0.000000000000000000e+00 0.000000000000000000e+00 1.000000000000000000e+00
1.716369176635312319e+09 -7.111001014709472656e+00 -1.851478195190429688e+01 -2.009378194808959961e+00 0.000000000000000000e+00 0.000000000000000000e+00 0.000000000000000000e+00 1.000000000000000000e+00
1.716369176685329914e+09 -7.102879047393798828e+00 -1.852803993225097656e+01 -2.013269901275634766e+00 0.000000000000000000e+00 0.000000000000000000e+00 0.000000000000000000e+00 1.000000000000000000e+00
1.716369176887847900e+09 -7.076718330383300781e+00 -1.860181236267089844e+01 -2.020872831344604492e+00 0.000000000000000000e+00 0.000000000000000000e+00 0.000000000000000000e+00 1.000000000000000000e+00
1.716369176936736107e+09 -7.069931983947753906e+00 -1.861862182617187500e+01 -2.020287036895751953e+00 0.000000000000000000e+00 0.000000000000000000e+00 0.000000000000000000e+00 1.000000000000000000e+00
1.716369177036947250e+09 -7.055855751037597656e+00 -1.866872596740722656e+01 -2.018921852111816406e+00 0.000000000000000000e+00 0.000000000000000000e+00 0.000000000000000000e+00 1.000000000000000000e+00
1.716369177187619209e+09 -7.024717330932617188e+00 -1.873120117187500000e+01 -2.014353036880493164e+00 0.000000000000000000e+00 0.000000000000000000e+00 0.000000000000000000e+00 1.000000000000000000e+00
1.716369177338244677e+09 -6.989856243133544922e+00 -1.880944252014160156e+01 -2.007363080978393555e+00 0.000000000000000000e+00 0.000000000000000000e+00 0.000000000000000000e+00 1.000000000000000000e+00
1.716369177388854980e+09 -6.975743770599365234e+00 -1.883251190185546875e+01 -2.004595518112182617e+00 0.000000000000000000e+00 0.000000000000000000e+00 0.000000000000000000e+00 1.000000000000000000e+00
1.716369177488991976e+09 -6.966810226440429688e+00 -1.887251663208008168e+01 -2.005080699920654297e+00 0.000000000000000000e+00 0.000000000000000000e+00 0.000000000000000000e+00 1.000000000000000000e+00
1.716369177539149523e+09 -6.933132648468017578e+00 -1.891927909851074574e+01 -2.000441789627075195e+00 0.000000000000000000e+00 0.000000000000000000e+00 0.000000000000000000e+00 1.000000000000000000e+00
1.716369177589382648e+09 -6.915538311004638672e+00 -1.894332313537597656e+01 -1.998701214790344016e+00 0.000000000000000000e+00 0.000000000000000000e+00 0.000000000000000000e+00 1.000000000000000000e+00
1.716369177639671564e+09 -6.897370338439941406e+00 -1.896651840209960938e+01 -1.996651053428649902e+00 0.000000000000000000e+00 0.000000000000000000e+00 0.000000000000000000e+00 1.000000000000000000e+00
1.716369177689898491e+09 -6.883572578430175781e+00 -1.900698280334472656e+01 -1.997551321983337180e+00 0.000000000000000000e+00 0.000000000000000000e+00 0.000000000000000000e+00 1.000000000000000000e+00
1.716369177740048647e+09 -6.864008426666259766e+00 -1.903264808654785156e+01 -1.996168375015258789e+00 0.000000000000000000e+00 0.000000000000000000e+00 0.000000000000000000e+00 1.000000000000000000e+00
1.716369177790539980e+09 -6.844595432281494141e+00 -1.905292701721191762e+01 -1.994246363639831543e+00 0.000000000000000000e+00 0.000000000000000000e+00 0.000000000000000000e+00 1.000000000000000000e+00
1.716369177840383291e+09 -6.825789451599121094e+00 -1.908045196533203125e+01 -1.992570400238037109e+00 0.000000000000000000e+00 0.000000000000000000e+00 0.000000000000000000e+00 1.000000000000000000e+00
1.716369177891466141e+09 -6.808660507202148438e+00 -1.911817550659180043e+01 -1.990542292594909668e+00 0.000000000000000000e+00 0.000000000000000000e+00 0.000000000000000000e+00 1.000000000000000000e+00
1.716369177940931320e+09 -6.786673545837402344e+00 -1.914291763305664062e+01 -1.986243009567260742e+00 0.000000000000000000e+00 0.000000000000000000e+00 0.000000000000000000e+00 1.000000000000000000e+00
1.716369177992619038e+09 -6.764965057373046875e+00 -1.916662788391113281e+01 -1.980889678001404031e+00 0.000000000000000000e+00 0.000000000000000000e+00 0.000000000000000000e+00 1.000000000000000000e+00
1.716369178041293144e+09 -6.744367122650146484e+00 -1.919104003906250000e+01 -1.975205183029174805e+00 0.000000000000000000e+00 0.000000000000000000e+00 0.000000000000000000e+00 1.000000000000000000e+00
1.716369178091961861e+09 -6.722535610198974609e+00 -1.921603965759277344e+01 -1.968400478363037109e+00 0.000000000000000000e+00 0.000000000000000000e+00 0.000000000000000000e+00 1.000000000000000000e+00
1.716369178142225981e+09 -6.705560684204101562e+00 -1.925289726257323863e+01 -1.963637351989746094e+00 0.000000000000000000e+00 0.000000000000000000e+00 0.000000000000000000e+00 1.000000000000000000e+00
1.716369178191957474e+09 -6.683058738708496094e+00 -1.927700424194335938e+01 -1.956593990325927956e+00 0.000000000000000000e+00 0.000000000000000000e+00 0.000000000000000000e+00 1.000000000000000000e+00
1.716369178242459536e+09 -6.660192012786865234e+00 -1.930217361450195668e+01 -1.950037240982056108e+00 0.000000000000000000e+00 0.000000000000000000e+00 0.000000000000000000e+00 1.000000000000000000e+00
1.716369178297852278e+09 -6.636500358581542969e+00 -1.932648658752441051e+01 -1.943587660789489524e+00 0.000000000000000000e+00 0.000000000000000000e+00 0.000000000000000000e+00 1.000000000000000000e+00
1.716369178342715502e+09 -6.618017673492431641e+00 -1.936639785766601562e+01 -1.941582679748535156e+00 0.000000000000000000e+00 0.000000000000000000e+00 0.000000000000000000e+00 1.000000000000000000e+00
1.716369178444350004e+09 -6.596479892730712891e+00 -1.939031028747558238e+01 -1.938740015029907227e+00 0.000000000000000000e+00 0.000000000000000000e+00 0.000000000000000000e+00 1.000000000000000000e+00
1.716369178493339539e+09 -6.548470497131347656e+00 -1.943888664245605113e+01 -1.937529802322387917e+00 0.000000000000000000e+00 0.000000000000000000e+00 0.000000000000000000e+00 1.000000000000000000e+00
1.716369178543632030e+09 -6.525784015655517578e+00 -1.946670341491699219e+01 -1.938245773315429688e+00 0.000000000000000000e+00 0.000000000000000000e+00 0.000000000000000000e+00 1.000000000000000000e+00
1.716369178644126654e+09 -6.478630065917968750e+00 -1.952926635742187500e+01 -1.945373654365539995e+00 0.000000000000000000e+00 0.000000000000000000e+00 0.000000000000000000e+00 1.000000000000000000e+00
1.716369178694455147e+09 -6.453118801116943359e+00 -1.955506896972655895e+01 -1.949883937835693137e+00 0.000000000000000000e+00 0.000000000000000000e+00 0.000000000000000000e+00 1.000000000000000000e+00
1.716369178845010519e+09 -6.427868366241455078e+00 -1.958071136474609375e+01 -1.954516172409057617e+00 0.000000000000000000e+00 0.000000000000000000e+00 0.000000000000000000e+00 1.000000000000000000e+00
1.716369178895501614e+09 -6.387053012847900391e+00 -1.966724205017089844e+01 -1.974936246871948020e+00 0.000000000000000000e+00 0.000000000000000000e+00 0.000000000000000000e+00 1.000000000000000000e+00
1.716369178945456266e+09 -6.331033706665039062e+00 -1.969915962219238281e+01 -1.981185317039489524e+00 0.000000000000000000e+00 0.000000000000000000e+00 0.000000000000000000e+00 1.000000000000000000e+00
1.716369178996476650e+09 -6.305510044097900391e+00 -1.972540855407714844e+01 -1.987427473068237305e+00 0.000000000000000000e+00 0.000000000000000000e+00 0.000000000000000000e+00 1.000000000000000000e+00
1.716369179096312046e+09 -6.261517524719238281e+00 -1.979091262817382812e+01 -2.003066062927246094e+00 0.000000000000000000e+00 0.000000000000000000e+00 0.000000000000000000e+00 1.000000000000000000e+00
1.716369179197123528e+09 -6.210743427276611328e+00 -1.983657836914062500e+01 -2.015591621398925781e+00 0.000000000000000000e+00 0.000000000000000000e+00 0.000000000000000000e+00 1.000000000000000000e+00
1.716369179247128487e+09 -6.190713405609130859e+00 -1.987294578552246094e+01 -2.025568008422852007e+00 0.000000000000000000e+00 0.000000000000000000e+00 0.000000000000000000e+00 1.000000000000000000e+00
1.716369179297453165e+09 -6.166705608367919922e+00 -1.989489936828613281e+01 -2.033704996109008789e+00 0.000000000000000000e+00 0.000000000000000000e+00 0.000000000000000000e+00 1.000000000000000000e+00
1.716369179347448349e+09 -6.142655372619628906e+00 -1.991671180725097656e+01 -2.042451620101928711e+00 0.000000000000000000e+00 0.000000000000000000e+00 0.000000000000000000e+00 1.000000000000000000e+00
1.716369179397692442e+09 -6.119873046875000000e+00 -1.993698692321777344e+01 -2.051433801651000977e+00 0.000000000000000000e+00 0.000000000000000000e+00 0.000000000000000000e+00 1.000000000000000000e+00
1.716369179498200893e+09 -6.100473880767822266e+00 -1.997162628173828125e+01 -2.063070535659790039e+00 0.000000000000000000e+00 0.000000000000000000e+00 0.000000000000000000e+00 1.000000000000000000e+00
1.716369179548372746e+09 -6.056020259857177734e+00 -2.001111221313476918e+01 -2.083977222442626953e+00 0.000000000000000000e+00 0.000000000000000000e+00 0.000000000000000000e+00 1.000000000000000000e+00
1.716369179599013090e+09 -6.036571979522705078e+00 -2.003009605407714844e+01 -2.093657016754150391e+00 0.000000000000000000e+00 0.000000000000000000e+00 0.000000000000000000e+00 1.000000000000000000e+00
1.716369179702176809e+09 -6.018600940704345703e+00 -2.005874633789062500e+01 -2.105855464935302734e+00 0.000000000000000000e+00 0.000000000000000000e+00 0.000000000000000000e+00 1.000000000000000000e+00
1.716369179749001026e+09 -5.981116294860839844e+00 -2.009515762329101562e+01 -2.124744653701782227e+00 0.000000000000000000e+00 0.000000000000000000e+00 0.000000000000000000e+00 1.000000000000000000e+00
1.716369179799333096e+09 -5.962970256805419922e+00 -2.011154556274414062e+01 -2.134248971939086914e+00 0.000000000000000000e+00 0.000000000000000000e+00 0.000000000000000000e+00 1.000000000000000000e+00
1.716369179850235701e+09 -5.945311546325683594e+00 -2.012893104553222656e+01 -2.143129110336304155e+00 0.000000000000000000e+00 0.000000000000000000e+00 0.000000000000000000e+00 1.000000000000000000e+00
1.716369179950312614e+09 -5.931436538696289062e+00 -2.015555572509765625e+01 -2.153122425079345703e+00 0.000000000000000000e+00 0.000000000000000000e+00 0.000000000000000000e+00 1.000000000000000000e+00
1.716369180000760078e+09 -5.899637699127197266e+00 -2.018974876403808949e+01 -2.167691469192504883e+00 0.000000000000000000e+00 0.000000000000000000e+00 0.000000000000000000e+00 1.000000000000000000e+00
1.716369180050609589e+09 -5.882562637329101562e+00 -2.020649528503417969e+01 -2.172789335250854492e+00 0.000000000000000000e+00 0.000000000000000000e+00 0.000000000000000000e+00 1.000000000000000000e+00
1.716369180603618383e+09 -5.731869697570800781e+00 -2.040102005004882812e+01 -2.205297708511352539e+00 0.000000000000000000e+00 0.000000000000000000e+00 0.000000000000000000e+00 1.000000000000000000e+00
1.716369180655484438e+09 -5.700189113616943359e+00 -2.043494033813476918e+01 -2.200807571411132812e+00 0.000000000000000000e+00 0.000000000000000000e+00 0.000000000000000000e+00 1.000000000000000000e+00
1.716369180704227209e+09 -5.685188293457031250e+00 -2.045968246459960938e+01 -2.197754859924316406e+00 0.000000000000000000e+00 0.000000000000000000e+00 0.000000000000000000e+00 1.000000000000000000e+00
1.716369180755023003e+09 -5.668027400970458984e+00 -2.047483825683593750e+01 -2.192650079727172852e+00 0.000000000000000000e+00 0.000000000000000000e+00 0.000000000000000000e+00 1.000000000000000000e+00
1.716369180804558277e+09 -5.652553558349609375e+00 -2.049053955078125000e+01 -2.187637329101562500e+00 0.000000000000000000e+00 0.000000000000000000e+00 0.000000000000000000e+00 1.000000000000000000e+00
1.716369180855222225e+09 -5.618491649627685547e+00 -2.051905441284180043e+01 -2.174673080444335938e+00 0.000000000000000000e+00 0.000000000000000000e+00 0.000000000000000000e+00 1.000000000000000000e+00
1.716369180955157518e+09 -5.601892471313476562e+00 -2.054060935974121094e+01 -2.167683839797973633e+00 0.000000000000000000e+00 0.000000000000000000e+00 0.000000000000000000e+00 1.000000000000000000e+00
1.716369181055694580e+09 -5.564610004425048828e+00 -2.057172584533691762e+01 -2.150064468383789062e+00 0.000000000000000000e+00 0.000000000000000000e+00 0.000000000000000000e+00 1.000000000000000000e+00
1.716369181105900526e+09 -5.546091556549072266e+00 -2.058759117126464844e+01 -2.142065763473510742e+00 0.000000000000000000e+00 0.000000000000000000e+00 0.000000000000000000e+00 1.000000000000000000e+00
1.716369181155932426e+09 -5.529644489288330078e+00 -2.060987663269042969e+01 -2.136032819747924805e+00 0.000000000000000000e+00 0.000000000000000000e+00 0.000000000000000000e+00 1.000000000000000000e+00
1.716369181206582785e+09 -5.511726856231689453e+00 -2.062428283691406250e+01 -2.129136562347412109e+00 0.000000000000000000e+00 0.000000000000000000e+00 0.000000000000000000e+00 1.000000000000000000e+00
1.716369181256649733e+09 -5.493579387664794922e+00 -2.063852882385253906e+01 -2.123371839523315430e+00 0.000000000000000000e+00 0.000000000000000000e+00 0.000000000000000000e+00 1.000000000000000000e+00
1.716369181306834459e+09 -5.475012779235839844e+00 -2.065276336669921875e+01 -2.118158340454101562e+00 0.000000000000000000e+00 0.000000000000000000e+00 0.000000000000000000e+00 1.000000000000000000e+00
1.716369181357104063e+09 -5.456053733825683594e+00 -2.066693687438964844e+01 -2.113757371902465820e+00 0.000000000000000000e+00 0.000000000000000000e+00 0.000000000000000000e+00 1.000000000000000000e+00
1.716369181457532644e+09 -5.438704013824462891e+00 -2.068882179260253906e+01 -2.110664606094360352e+00 0.000000000000000000e+00 0.000000000000000000e+00 0.000000000000000000e+00 1.000000000000000000e+00
1.716369181507726669e+09 -5.400016307830810547e+00 -2.071990394592285156e+01 -2.104661703109741211e+00 0.000000000000000000e+00 0.000000000000000000e+00 0.000000000000000000e+00 1.000000000000000000e+00
1.716369181557908773e+09 -5.379477977752685547e+00 -2.073616790771484375e+01 -2.102073669433593750e+00 0.000000000000000000e+00 0.000000000000000000e+00 0.000000000000000000e+00 1.000000000000000000e+00
1.716369181608170509e+09 -5.359616279602050781e+00 -2.075211143493652344e+01 -2.100158691406250000e+00 0.000000000000000000e+00 0.000000000000000000e+00 0.000000000000000000e+00 1.000000000000000000e+00
1.716369181708770514e+09 -5.319637775421142578e+00 -2.079734039306640625e+01 -2.097778320312500000e+00 0.000000000000000000e+00 0.000000000000000000e+00 0.000000000000000000e+00 1.000000000000000000e+00
1.716369181758684635e+09 -5.298273086547851562e+00 -2.081682205200195668e+01 -2.095285177230834961e+00 0.000000000000000000e+00 0.000000000000000000e+00 0.000000000000000000e+00 1.000000000000000000e+00
1.716369181810111284e+09 -5.276547431945800781e+00 -2.083546257019042969e+01 -2.091934919357299805e+00 0.000000000000000000e+00 0.000000000000000000e+00 0.000000000000000000e+00 1.000000000000000000e+00
1.716369181859669685e+09 -5.258060932159423828e+00 -2.086964416503906250e+01 -2.090552806854248047e+00 0.000000000000000000e+00 0.000000000000000000e+00 0.000000000000000000e+00 1.000000000000000000e+00
1.716369181910437107e+09 -5.234939575195312500e+00 -2.089192199707031250e+01 -2.085921525955200195e+00 0.000000000000000000e+00 0.000000000000000000e+00 0.000000000000000000e+00 1.000000000000000000e+00
1.716369181959810734e+09 -5.210995197296142578e+00 -2.091546821594238281e+01 -2.080951213836669922e+00 0.000000000000000000e+00 0.000000000000000000e+00 0.000000000000000000e+00 1.000000000000000000e+00
1.716369182010219097e+09 -5.188070774078369141e+00 -2.093973159790039062e+01 -2.076168775558472124e+00 0.000000000000000000e+00 0.000000000000000000e+00 0.000000000000000000e+00 1.000000000000000000e+00
1.716369182060385942e+09 -5.165641307830810547e+00 -2.098234939575195668e+01 -2.072976589202880859e+00 0.000000000000000000e+00 0.000000000000000000e+00 0.000000000000000000e+00 1.000000000000000000e+00
1.716369182111035824e+09 -5.142372131347656250e+00 -2.100881958007812500e+01 -2.067461729049682617e+00 0.000000000000000000e+00 0.000000000000000000e+00 0.000000000000000000e+00 1.000000000000000000e+00
1.716369182160857439e+09 -5.117856025695800781e+00 -2.103661155700683949e+01 -2.061838150024414062e+00 0.000000000000000000e+00 0.000000000000000000e+00 0.000000000000000000e+00 1.000000000000000000e+00
1.716369182210978746e+09 -5.093102455139160156e+00 -2.106643104553222656e+01 -2.056618213653564453e+00 0.000000000000000000e+00 0.000000000000000000e+00 0.000000000000000000e+00 1.000000000000000000e+00
1.716369182261220455e+09 -5.066379547119140625e+00 -2.109449577331542969e+01 -2.051949501037597656e+00 0.000000000000000000e+00 0.000000000000000000e+00 0.000000000000000000e+00 1.000000000000000000e+00
1.716369182361800671e+09 -5.019169807434082031e+00 -2.117365264892578125e+01 -2.050819635391235796e+00 0.000000000000000000e+00 0.000000000000000000e+00 0.000000000000000000e+00 1.000000000000000000e+00
1.716369182411961555e+09 -4.997639656066895419e+00 -2.122051239013671875e+01 -2.050004005432128906e+00 0.000000000000000000e+00 0.000000000000000000e+00 0.000000000000000000e+00 1.000000000000000000e+00
1.716369182462406874e+09 -4.970602035522460938e+00 -2.124653053283691762e+01 -2.044335842132568359e+00 0.000000000000000000e+00 0.000000000000000000e+00 0.000000000000000000e+00 1.000000000000000000e+00
1.716369182512334347e+09 -4.944876670837402344e+00 -2.128112030029296875e+01 -2.041264772415161133e+00 0.000000000000000000e+00 0.000000000000000000e+00 0.000000000000000000e+00 1.000000000000000000e+00
1.716369182663009644e+09 -4.872448921203613281e+00 -2.140568351745605113e+01 -2.036036968231201172e+00 0.000000000000000000e+00 0.000000000000000000e+00 0.000000000000000000e+00 1.000000000000000000e+00
1.716369182713202238e+09 -4.846210002899169922e+00 -2.144105148315429688e+01 -2.033960580825805664e+00 0.000000000000000000e+00 0.000000000000000000e+00 0.000000000000000000e+00 1.000000000000000000e+00
1.716369182763450146e+09 -4.820937156677246094e+00 -2.147603416442871094e+01 -2.032587766647338867e+00 0.000000000000000000e+00 0.000000000000000000e+00 0.000000000000000000e+00 1.000000000000000000e+00
1.716369182813606977e+09 -4.796246051788330078e+00 -2.151181411743164062e+01 -2.031590223312377930e+00 0.000000000000000000e+00 0.000000000000000000e+00 0.000000000000000000e+00 1.000000000000000000e+00
1.716369182864282608e+09 -4.777192115783691406e+00 -2.157351112365722656e+01 -2.035427331924438477e+00 0.000000000000000000e+00 0.000000000000000000e+00 0.000000000000000000e+00 1.000000000000000000e+00
1.716369182914494514e+09 -4.751964569091796875e+00 -2.160718345642089844e+01 -2.034754991531372070e+00 0.000000000000000000e+00 0.000000000000000000e+00 0.000000000000000000e+00 1.000000000000000000e+00
1.716369182964299917e+09 -4.702120304107666016e+00 -2.167378425598144531e+01 -2.036311149597167969e+00 0.000000000000000000e+00 0.000000000000000000e+00 0.000000000000000000e+00 1.000000000000000000e+00
1.716369183064630508e+09 -4.682715892791748047e+00 -2.173282623291015980e+01 -2.043034791946411133e+00 0.000000000000000000e+00 0.000000000000000000e+00 0.000000000000000000e+00 1.000000000000000000e+00
1.716369183114922285e+09 -4.660776615142822266e+00 -2.176984786987304688e+01 -2.048148632049560547e+00 0.000000000000000000e+00 0.000000000000000000e+00 0.000000000000000000e+00 1.000000000000000000e+00
1.716369183165033817e+09 -4.611763954162597656e+00 -2.182723236083984375e+01 -2.058579206466674805e+00 0.000000000000000000e+00 0.000000000000000000e+00 0.000000000000000000e+00 1.000000000000000000e+00
1.716369183265607834e+09 -4.594020843505859375e+00 -2.188291931152344105e+01 -2.070024013519287109e+00 0.000000000000000000e+00 0.000000000000000000e+00 0.000000000000000000e+00 1.000000000000000000e+00
1.716369183315915346e+09 -4.571083545684815341e+00 -2.191331100463867188e+01 -2.078068017959594727e+00 0.000000000000000000e+00 0.000000000000000000e+00 0.000000000000000000e+00 1.000000000000000000e+00
1.716369183366211414e+09 -4.548449993133544922e+00 -2.194365882873535156e+01 -2.085746765136718750e+00 0.000000000000000000e+00 0.000000000000000000e+00 0.000000000000000000e+00 1.000000000000000000e+00
1.716369183417000532e+09 -4.526073932647705078e+00 -2.197296524047851918e+01 -2.092930316925048828e+00 0.000000000000000000e+00 0.000000000000000000e+00 0.000000000000000000e+00 1.000000000000000000e+00
1.716369183467506647e+09 -4.509719371795654297e+00 -2.202621459960937145e+01 -2.103975296020507812e+00 0.000000000000000000e+00 0.000000000000000000e+00 0.000000000000000000e+00 1.000000000000000000e+00
1.716369183517062426e+09 -4.489379882812500000e+00 -2.205623435974121094e+01 -2.110148191452026367e+00 0.000000000000000000e+00 0.000000000000000000e+00 0.000000000000000000e+00 1.000000000000000000e+00
1.716369183567506313e+09 -4.468951702117919922e+00 -2.208417701721191762e+01 -2.116303682327270508e+00 0.000000000000000000e+00 0.000000000000000000e+00 0.000000000000000000e+00 1.000000000000000000e+00
1.716369183617664576e+09 -4.449367046356201172e+00 -2.211278724670410156e+01 -2.123477935791016069e+00 0.000000000000000000e+00 0.000000000000000000e+00 0.000000000000000000e+00 1.000000000000000000e+00
1.716369183667930603e+09 -4.435025691986083984e+00 -2.216348266601562500e+01 -2.134274959564208984e+00 0.000000000000000000e+00 0.000000000000000000e+00 0.000000000000000000e+00 1.000000000000000000e+00
1.716369183718924999e+09 -4.418819904327392578e+00 -2.219234466552734375e+01 -2.141767740249633789e+00 0.000000000000000000e+00 0.000000000000000000e+00 0.000000000000000000e+00 1.000000000000000000e+00
1.716369183768381596e+09 -4.401601791381835938e+00 -2.221835708618164062e+01 -2.148842811584472656e+00 0.000000000000000000e+00 0.000000000000000000e+00 0.000000000000000000e+00 1.000000000000000000e+00
1.716369183818572044e+09 -4.387034893035888672e+00 -2.224514770507812500e+01 -2.154136657714844194e+00 0.000000000000000000e+00 0.000000000000000000e+00 0.000000000000000000e+00 1.000000000000000000e+00
1.716369183918593168e+09 -4.364657878875732422e+00 -2.233476638793945312e+01 -2.169464111328125000e+00 0.000000000000000000e+00 0.000000000000000000e+00 0.000000000000000000e+00 1.000000000000000000e+00
1.716369183968738556e+09 -4.352214813232421875e+00 -2.236727714538574574e+01 -2.174788475036621094e+00 0.000000000000000000e+00 0.000000000000000000e+00 0.000000000000000000e+00 1.000000000000000000e+00
1.716369184019010544e+09 -4.339794158935546875e+00 -2.240188026428222656e+01 -2.179832458496093750e+00 0.000000000000000000e+00 0.000000000000000000e+00 0.000000000000000000e+00 1.000000000000000000e+00
1.716369184069088936e+09 -4.327628612518311435e+00 -2.243261337280273082e+01 -2.182897090911864790e+00 0.000000000000000000e+00 0.000000000000000000e+00 0.000000000000000000e+00 1.000000000000000000e+00
1.716369184119382620e+09 -4.315510749816895419e+00 -2.246643638610839844e+01 -2.185855865478516069e+00 0.000000000000000000e+00 0.000000000000000000e+00 0.000000000000000000e+00 1.000000000000000000e+00
1.716369184219643831e+09 -4.291827201843261719e+00 -2.253232192993164062e+01 -2.188979148864746094e+00 0.000000000000000000e+00 0.000000000000000000e+00 0.000000000000000000e+00 1.000000000000000000e+00
1.716369184270004034e+09 -4.267588138580322266e+00 -2.259104347229003906e+01 -2.185751438140869141e+00 0.000000000000000000e+00 0.000000000000000000e+00 0.000000000000000000e+00 1.000000000000000000e+00
1.716369184370162487e+09 -4.260455608367919922e+00 -2.265354919433593750e+01 -2.189857482910155806e+00 0.000000000000000000e+00 0.000000000000000000e+00 0.000000000000000000e+00 1.000000000000000000e+00
1.716369184420517445e+09 -4.248414039611816406e+00 -2.268690490722655895e+01 -2.188690662384033203e+00 0.000000000000000000e+00 0.000000000000000000e+00 0.000000000000000000e+00 1.000000000000000000e+00
1.716369184470707655e+09 -4.224153995513916016e+00 -2.274848365783691762e+01 -2.186169385910034180e+00 0.000000000000000000e+00 0.000000000000000000e+00 0.000000000000000000e+00 1.000000000000000000e+00
1.716369184571190596e+09 -4.211791515350341797e+00 -2.278197097778320312e+01 -2.184264421463012695e+00 0.000000000000000000e+00 0.000000000000000000e+00 0.000000000000000000e+00 1.000000000000000000e+00
1.716369184621344805e+09 -4.198847293853759766e+00 -2.281454658508300781e+01 -2.182194948196411133e+00 0.000000000000000000e+00 0.000000000000000000e+00 0.000000000000000000e+00 1.000000000000000000e+00
1.716369184671577692e+09 -4.189897537231445312e+00 -2.287455177307128906e+01 -2.184109210968017578e+00 0.000000000000000000e+00 0.000000000000000000e+00 0.000000000000000000e+00 1.000000000000000000e+00
1.716369184721887589e+09 -4.174901008605957031e+00 -2.290647506713867188e+01 -2.181802511215209961e+00 0.000000000000000000e+00 0.000000000000000000e+00 0.000000000000000000e+00 1.000000000000000000e+00
1.716369184772940397e+09 -4.157532691955566406e+00 -2.293794059753417969e+01 -2.178482770919799805e+00 0.000000000000000000e+00 0.000000000000000000e+00 0.000000000000000000e+00 1.000000000000000000e+00
1.716369184822336197e+09 -4.142117500305175781e+00 -2.296886062622070312e+01 -2.176227331161499023e+00 0.000000000000000000e+00 0.000000000000000000e+00 0.000000000000000000e+00 1.000000000000000000e+00
1.716369184922609806e+09 -4.110736370086669922e+00 -2.305581665039062500e+01 -2.175636768341064453e+00 0.000000000000000000e+00 0.000000000000000000e+00 0.000000000000000000e+00 1.000000000000000000e+00
1.716369184972899914e+09 -4.074174880981445312e+00 -2.311753273010253906e+01 -2.170840263366699219e+00 0.000000000000000000e+00 0.000000000000000000e+00 0.000000000000000000e+00 1.000000000000000000e+00
1.716369185073213100e+09 -4.055544376373291016e+00 -2.314772796630859730e+01 -2.169533967971801758e+00 0.000000000000000000e+00 0.000000000000000000e+00 0.000000000000000000e+00 1.000000000000000000e+00
1.716369185123344183e+09 -4.039373397827148438e+00 -2.318143844604491832e+01 -2.169112682342529297e+00 0.000000000000000000e+00 0.000000000000000000e+00 0.000000000000000000e+00 1.000000000000000000e+00
1.716369185173693419e+09 -4.025310516357421875e+00 -2.323867225646972656e+01 -2.173393011093140093e+00 0.000000000000000000e+00 0.000000000000000000e+00 0.000000000000000000e+00 1.000000000000000000e+00
1.716369185223904371e+09 -3.990588665008544922e+00 -2.328927421569823863e+01 -2.170413970947265625e+00 0.000000000000000000e+00 0.000000000000000000e+00 0.000000000000000000e+00 1.000000000000000000e+00
1.716369185374568224e+09 -3.957347154617309570e+00 -2.336529922485351918e+01 -2.173350572586060014e+00 0.000000000000000000e+00 0.000000000000000000e+00 0.000000000000000000e+00 1.000000000000000000e+00
1.716369185424718142e+09 -3.939283370971680132e+00 -2.339292716979980469e+01 -2.173669815063477007e+00 0.000000000000000000e+00 0.000000000000000000e+00 0.000000000000000000e+00 1.000000000000000000e+00
1.716369185475078583e+09 -3.921092987060546875e+00 -2.341844749450683949e+01 -2.174343109130859819e+00 0.000000000000000000e+00 0.000000000000000000e+00 0.000000000000000000e+00 1.000000000000000000e+00
1.716369185525275230e+09 -3.886803865432739258e+00 -2.347197151184082031e+01 -2.176872253417968750e+00 0.000000000000000000e+00 0.000000000000000000e+00 0.000000000000000000e+00 1.000000000000000000e+00
1.716369185676157475e+09 -3.858436822891235352e+00 -2.354507255554199219e+01 -2.185196638107299805e+00 0.000000000000000000e+00 0.000000000000000000e+00 0.000000000000000000e+00 1.000000000000000000e+00
1.716369185726336002e+09 -3.842360973358153409e+00 -2.356982612609863637e+01 -2.187940597534180132e+00 0.000000000000000000e+00 0.000000000000000000e+00 0.000000000000000000e+00 1.000000000000000000e+00
1.716369185826842070e+09 -3.814275741577148882e+00 -2.361623573303222656e+01 -2.195624113082885742e+00 0.000000000000000000e+00 0.000000000000000000e+00 0.000000000000000000e+00 1.000000000000000000e+00
1.716369185877583981e+09 -3.804180383682250977e+00 -2.365662193298339844e+01 -2.203393697738647461e+00 0.000000000000000000e+00 0.000000000000000000e+00 0.000000000000000000e+00 1.000000000000000000e+00
1.716369185927522659e+09 -3.792241573333739790e+00 -2.367716598510742543e+01 -2.208786249160766602e+00 0.000000000000000000e+00 0.000000000000000000e+00 0.000000000000000000e+00 1.000000000000000000e+00
1.716369186028066635e+09 -3.758009195327758789e+00 -2.373908615112304688e+01 -2.227730274200439453e+00 0.000000000000000000e+00 0.000000000000000000e+00 0.000000000000000000e+00 1.000000000000000000e+00
1.716369186178707600e+09 -3.733019113540649414e+00 -2.381405448913574574e+01 -2.251678466796875000e+00 0.000000000000000000e+00 0.000000000000000000e+00 0.000000000000000000e+00 1.000000000000000000e+00
1.716369186279151917e+09 -3.727388381958007812e+00 -2.384521293640136719e+01 -2.261081218719482422e+00 0.000000000000000000e+00 0.000000000000000000e+00 0.000000000000000000e+00 1.000000000000000000e+00
1.716369186381750822e+09 -3.712257862091064897e+00 -2.387790107727050781e+01 -2.276636123657226562e+00 0.000000000000000000e+00 0.000000000000000000e+00 0.000000000000000000e+00 1.000000000000000000e+00
1.716369186429937124e+09 -3.701278448104857510e+00 -2.390887069702148438e+01 -2.292395353317260742e+00 0.000000000000000000e+00 0.000000000000000000e+00 0.000000000000000000e+00 1.000000000000000000e+00
1.716369186530440331e+09 -3.697897195816040039e+00 -2.395172882080078125e+01 -2.309655666351318359e+00 0.000000000000000000e+00 0.000000000000000000e+00 0.000000000000000000e+00 1.000000000000000000e+00
1.716369187635871172e+09 -3.811726570129394531e+00 -2.432249641418457031e+01 -2.398556709289550781e+00 0.000000000000000000e+00 0.000000000000000000e+00 0.000000000000000000e+00 1.000000000000000000e+00
1.716369187685899019e+09 -3.831402540206909180e+00 -2.435205078125000000e+01 -2.399486064910888672e+00 0.000000000000000000e+00 0.000000000000000000e+00 0.000000000000000000e+00 1.000000000000000000e+00
1.716369187736341238e+09 -3.841212511062622070e+00 -2.436579895019531250e+01 -2.399979591369628906e+00 0.000000000000000000e+00 0.000000000000000000e+00 0.000000000000000000e+00 1.000000000000000000e+00
1.716369187786601067e+09 -3.853176832199096680e+00 -2.439516830444335938e+01 -2.403195619583129883e+00 0.000000000000000000e+00 0.000000000000000000e+00 0.000000000000000000e+00 1.000000000000000000e+00
1.716369187836756706e+09 -3.862661361694335938e+00 -2.440872764587402344e+01 -2.405161380767822266e+00 0.000000000000000000e+00 0.000000000000000000e+00 0.000000000000000000e+00 1.000000000000000000e+00
1.716369187887083769e+09 -3.871796846389770508e+00 -2.442135429382323863e+01 -2.406885385513305664e+00 0.000000000000000000e+00 0.000000000000000000e+00 0.000000000000000000e+00 1.000000000000000000e+00
1.716369187937138081e+09 -3.879343271255493164e+00 -2.443321800231933594e+01 -2.408549547195434570e+00 0.000000000000000000e+00 0.000000000000000000e+00 0.000000000000000000e+00 1.000000000000000000e+00
1.716369187987446547e+09 -3.887201070785522461e+00 -2.445591545104980469e+01 -2.412652492523193359e+00 0.000000000000000000e+00 0.000000000000000000e+00 0.000000000000000000e+00 1.000000000000000000e+00
1.716369188037972450e+09 -3.892080545425415039e+00 -2.446597862243652344e+01 -2.415390729904174805e+00 0.000000000000000000e+00 0.000000000000000000e+00 0.000000000000000000e+00 1.000000000000000000e+00
1.716369188088128567e+09 -3.896039962768554243e+00 -2.447504234313964844e+01 -2.418884038925170898e+00 0.000000000000000000e+00 0.000000000000000000e+00 0.000000000000000000e+00 1.000000000000000000e+00
1.716369188138586283e+09 -3.899540901184082031e+00 -2.448203086853027699e+01 -2.422988414764404297e+00 0.000000000000000000e+00 0.000000000000000000e+00 0.000000000000000000e+00 1.000000000000000000e+00
1.716369188188592672e+09 -3.903866291046143022e+00 -2.449577331542968750e+01 -2.428913831710815430e+00 0.000000000000000000e+00 0.000000000000000000e+00 0.000000000000000000e+00 1.000000000000000000e+00
1.716369188238764524e+09 -3.907751560211181641e+00 -2.450053215026855469e+01 -2.433750629425048828e+00 0.000000000000000000e+00 0.000000000000000000e+00 0.000000000000000000e+00 1.000000000000000000e+00
1.716369188288797617e+09 -3.912280797958374023e+00 -2.450714111328125000e+01 -2.439200878143310547e+00 0.000000000000000000e+00 0.000000000000000000e+00 0.000000000000000000e+00 1.000000000000000000e+00
1.716369188339005470e+09 -3.915639400482177734e+00 -2.451183319091796875e+01 -2.444962739944458008e+00 0.000000000000000000e+00 0.000000000000000000e+00 0.000000000000000000e+00 1.000000000000000000e+00
1.716369188389222622e+09 -3.919301986694335938e+00 -2.451730346679687500e+01 -2.451960802078247070e+00 0.000000000000000000e+00 0.000000000000000000e+00 0.000000000000000000e+00 1.000000000000000000e+00
1.716369188489774227e+09 -3.923289299011231357e+00 -2.452358818054199219e+01 -2.459944963455200195e+00 0.000000000000000000e+00 0.000000000000000000e+00 0.000000000000000000e+00 1.000000000000000000e+00
1.716369188540031672e+09 -3.925784111022949219e+00 -2.452395248413085938e+01 -2.467940568923950195e+00 0.000000000000000000e+00 0.000000000000000000e+00 0.000000000000000000e+00 1.000000000000000000e+00
1.716369188590245962e+09 -3.926118850708007812e+00 -2.452173423767089844e+01 -2.487707614898681641e+00 0.000000000000000000e+00 0.000000000000000000e+00 0.000000000000000000e+00 1.000000000000000000e+00
1.716369188690723658e+09 -3.929062843322753906e+00 -2.450993728637695668e+01 -2.506944417953491211e+00 0.000000000000000000e+00 0.000000000000000000e+00 0.000000000000000000e+00 1.000000000000000000e+00
1.716369188740967274e+09 -3.929588079452514204e+00 -2.450513648986816406e+01 -2.517003536224364790e+00 0.000000000000000000e+00 0.000000000000000000e+00 0.000000000000000000e+00 1.000000000000000000e+00
1.716369188791115522e+09 -3.929986000061035156e+00 -2.449754333496093750e+01 -2.531687736511230469e+00 0.000000000000000000e+00 0.000000000000000000e+00 0.000000000000000000e+00 1.000000000000000000e+00
1.716369188841299295e+09 -3.932661056518554243e+00 -2.449082183837890270e+01 -2.545023202896118164e+00 0.000000000000000000e+00 0.000000000000000000e+00 0.000000000000000000e+00 1.000000000000000000e+00
1.716369188891540289e+09 -3.936295747756958008e+00 -2.447677993774414062e+01 -2.558214187622070312e+00 0.000000000000000000e+00 0.000000000000000000e+00 0.000000000000000000e+00 1.000000000000000000e+00
1.716369188944722652e+09 -3.940289020538330078e+00 -2.446856880187988281e+01 -2.572951793670654297e+00 0.000000000000000000e+00 0.000000000000000000e+00 0.000000000000000000e+00 1.000000000000000000e+00
1.716369188991925955e+09 -3.945013761520385742e+00 -2.445922279357910156e+01 -2.587565183639526367e+00 0.000000000000000000e+00 0.000000000000000000e+00 0.000000000000000000e+00 1.000000000000000000e+00
1.716369189042151928e+09 -3.950676679611206055e+00 -2.444958686828613281e+01 -2.602946519851685014e+00 0.000000000000000000e+00 0.000000000000000000e+00 0.000000000000000000e+00 1.000000000000000000e+00
1.716369189092310429e+09 -3.955636262893676758e+00 -2.443206787109375000e+01 -2.616948127746582031e+00 0.000000000000000000e+00 0.000000000000000000e+00 0.000000000000000000e+00 1.000000000000000000e+00
1.716369189192649364e+09 -3.971200704574584961e+00 -2.440912437438964844e+01 -2.646720170974731445e+00 0.000000000000000000e+00 0.000000000000000000e+00 0.000000000000000000e+00 1.000000000000000000e+00
1.716369189293402672e+09 -3.979076385498046875e+00 -2.439144134521484375e+01 -2.658636331558227539e+00 0.000000000000000000e+00 0.000000000000000000e+00 0.000000000000000000e+00 1.000000000000000000e+00
1.716369189343696356e+09 -3.989044904708862305e+00 -2.437928581237792969e+01 -2.672208786010742188e+00 0.000000000000000000e+00 0.000000000000000000e+00 0.000000000000000000e+00 1.000000000000000000e+00
1.716369189396641970e+09 -4.011656284332275391e+00 -2.435397911071777344e+01 -2.696338891983031782e+00 0.000000000000000000e+00 0.000000000000000000e+00 0.000000000000000000e+00 1.000000000000000000e+00
1.716369189444202900e+09 -4.024647235870361328e+00 -2.434200286865234375e+01 -2.705701589584350586e+00 0.000000000000000000e+00 0.000000000000000000e+00 0.000000000000000000e+00 1.000000000000000000e+00
1.716369189494449854e+09 -4.038431644439697266e+00 -2.432905197143554688e+01 -2.713917493820190430e+00 0.000000000000000000e+00 0.000000000000000000e+00 0.000000000000000000e+00 1.000000000000000000e+00
1.716369189695524693e+09 -4.082374572753906250e+00 -2.428329086303710938e+01 -2.733870983123779741e+00 0.000000000000000000e+00 0.000000000000000000e+00 0.000000000000000000e+00 1.000000000000000000e+00
1.716369189745579720e+09 -4.095571517944335938e+00 -2.426418304443359730e+01 -2.736306428909301758e+00 0.000000000000000000e+00 0.000000000000000000e+00 0.000000000000000000e+00 1.000000000000000000e+00
1.716369189795997858e+09 -4.111374378204345703e+00 -2.425452041625976918e+01 -2.741003274917602539e+00 0.000000000000000000e+00 0.000000000000000000e+00 0.000000000000000000e+00 1.000000000000000000e+00
1.716369189846092939e+09 -4.143540382385253906e+00 -2.423866271972655895e+01 -2.747425079345703125e+00 0.000000000000000000e+00 0.000000000000000000e+00 0.000000000000000000e+00 1.000000000000000000e+00
1.716369189946552992e+09 -4.176343917846679688e+00 -2.422152519226074574e+01 -2.754353046417236328e+00 0.000000000000000000e+00 0.000000000000000000e+00 0.000000000000000000e+00 1.000000000000000000e+00
1.716369190047026396e+09 -4.193365573883056641e+00 -2.420779418945312500e+01 -2.757166862487792969e+00 0.000000000000000000e+00 0.000000000000000000e+00 0.000000000000000000e+00 1.000000000000000000e+00
1.716369190097479105e+09 -4.213696479797363281e+00 -2.419961547851562500e+01 -2.760172843933105025e+00 0.000000000000000000e+00 0.000000000000000000e+00 0.000000000000000000e+00 1.000000000000000000e+00
1.716369190148528099e+09 -4.253998279571533203e+00 -2.418714523315429688e+01 -2.767572641372680664e+00 0.000000000000000000e+00 0.000000000000000000e+00 0.000000000000000000e+00 1.000000000000000000e+00
1.716369190248361826e+09 -4.271965503692626953e+00 -2.418145179748535156e+01 -2.770218849182128906e+00 0.000000000000000000e+00 0.000000000000000000e+00 0.000000000000000000e+00 1.000000000000000000e+00
1.716369190298475742e+09 -4.291119575500488281e+00 -2.417658615112304688e+01 -2.772737503051757812e+00 0.000000000000000000e+00 0.000000000000000000e+00 0.000000000000000000e+00 1.000000000000000000e+00
1.716369190399548531e+09 -4.335422515869140625e+00 -2.416612243652344105e+01 -2.781408309936523438e+00 0.000000000000000000e+00 0.000000000000000000e+00 0.000000000000000000e+00 1.000000000000000000e+00
1.716369190449304581e+09 -4.352315902709960938e+00 -2.416767120361328125e+01 -2.784645557403564453e+00 0.000000000000000000e+00 0.000000000000000000e+00 0.000000000000000000e+00 1.000000000000000000e+00
1.716369190499938011e+09 -4.365260124206542969e+00 -2.417002487182616832e+01 -2.787302494049072266e+00 0.000000000000000000e+00 0.000000000000000000e+00 0.000000000000000000e+00 1.000000000000000000e+00
1.716369190549774885e+09 -4.379626274108886719e+00 -2.417222976684570312e+01 -2.789297103881835938e+00 0.000000000000000000e+00 0.000000000000000000e+00 0.000000000000000000e+00 1.000000000000000000e+00
1.716369190599995375e+09 -4.391791820526123047e+00 -2.417576217651367188e+01 -2.791853189468383789e+00 0.000000000000000000e+00 0.000000000000000000e+00 0.000000000000000000e+00 1.000000000000000000e+00
1.716369190651295185e+09 -4.403191566467285156e+00 -2.417738151550292969e+01 -2.794303417205810547e+00 0.000000000000000000e+00 0.000000000000000000e+00 0.000000000000000000e+00 1.000000000000000000e+00
1.716369190700759649e+09 -4.416051387786865234e+00 -2.418467521667480469e+01 -2.798141002655029297e+00 0.000000000000000000e+00 0.000000000000000000e+00 0.000000000000000000e+00 1.000000000000000000e+00
1.716369190751064062e+09 -4.426887035369873047e+00 -2.418745422363280895e+01 -2.800396919250488281e+00 0.000000000000000000e+00 0.000000000000000000e+00 0.000000000000000000e+00 1.000000000000000000e+00
1.716369190801593781e+09 -4.435902595520020419e+00 -2.419263648986816406e+01 -2.802599191665649414e+00 0.000000000000000000e+00 0.000000000000000000e+00 0.000000000000000000e+00 1.000000000000000000e+00
1.716369190851093531e+09 -4.443638324737548828e+00 -2.419914817810058238e+01 -2.804439067840576172e+00 0.000000000000000000e+00 0.000000000000000000e+00 0.000000000000000000e+00 1.000000000000000000e+00
1.716369190901384592e+09 -4.450714111328125000e+00 -2.420484924316406250e+01 -2.805690288543701172e+00 0.000000000000000000e+00 0.000000000000000000e+00 0.000000000000000000e+00 1.000000000000000000e+00
1.716369191001834393e+09 -4.458097457885742188e+00 -2.421747589111328125e+01 -2.808311700820922852e+00 0.000000000000000000e+00 0.000000000000000000e+00 0.000000000000000000e+00 1.000000000000000000e+00
1.716369191051992655e+09 -4.466780185699462891e+00 -2.422881507873535156e+01 -2.811025381088256836e+00 0.000000000000000000e+00 0.000000000000000000e+00 0.000000000000000000e+00 1.000000000000000000e+00
1.716369191102041483e+09 -4.468814373016357422e+00 -2.423556137084960938e+01 -2.811606884002685103e+00 0.000000000000000000e+00 0.000000000000000000e+00 0.000000000000000000e+00 1.000000000000000000e+00
1.716369191152456045e+09 -4.471106052398681641e+00 -2.424938011169433594e+01 -2.812783956527709961e+00 0.000000000000000000e+00 0.000000000000000000e+00 0.000000000000000000e+00 1.000000000000000000e+00
1.716369191202506781e+09 -4.470804691314697266e+00 -2.425856971740722656e+01 -2.813665390014648438e+00 0.000000000000000000e+00 0.000000000000000000e+00 0.000000000000000000e+00 1.000000000000000000e+00
1.716369191253075123e+09 -4.469634532928466797e+00 -2.426588249206542969e+01 -2.814384222030640093e+00 0.000000000000000000e+00 0.000000000000000000e+00 0.000000000000000000e+00 1.000000000000000000e+00
1.716369191302768946e+09 -4.468912124633789062e+00 -2.427415657043457031e+01 -2.815037012100220171e+00 0.000000000000000000e+00 0.000000000000000000e+00 0.000000000000000000e+00 1.000000000000000000e+00
1.716369191353031158e+09 -4.466195583343505859e+00 -2.428178596496582031e+01 -2.815580368041992188e+00 0.000000000000000000e+00 0.000000000000000000e+00 0.000000000000000000e+00 1.000000000000000000e+00
1.716369191453583956e+09 -4.464087486267089844e+00 -2.429722023010253906e+01 -2.818026542663574219e+00 0.000000000000000000e+00 0.000000000000000000e+00 0.000000000000000000e+00 1.000000000000000000e+00
1.716369191503730536e+09 -4.461095809936523438e+00 -2.430475807189941051e+01 -2.819364309310913086e+00 0.000000000000000000e+00 0.000000000000000000e+00 0.000000000000000000e+00 1.000000000000000000e+00
1.716369191553946257e+09 -4.452811241149902344e+00 -2.431912803649902344e+01 -2.822552442550659180e+00 0.000000000000000000e+00 0.000000000000000000e+00 0.000000000000000000e+00 1.000000000000000000e+00
1.716369191654393911e+09 -4.449397563934326172e+00 -2.433355140686035156e+01 -2.826206207275390181e+00 0.000000000000000000e+00 0.000000000000000000e+00 0.000000000000000000e+00 1.000000000000000000e+00
1.716369191704537153e+09 -4.439579486846923828e+00 -2.434765625000000000e+01 -2.832431316375732422e+00 0.000000000000000000e+00 0.000000000000000000e+00 0.000000000000000000e+00 1.000000000000000000e+00
1.716369191754760027e+09 -4.434671401977539062e+00 -2.435507583618164062e+01 -2.836363792419433594e+00 0.000000000000000000e+00 0.000000000000000000e+00 0.000000000000000000e+00 1.000000000000000000e+00
1.716369191805066586e+09 -4.429333686828613281e+00 -2.436355590820312500e+01 -2.840571165084838867e+00 0.000000000000000000e+00 0.000000000000000000e+00 0.000000000000000000e+00 1.000000000000000000e+00
1.716369191905307531e+09 -4.418660163879394531e+00 -2.438801383972167969e+01 -2.853188753128052202e+00 0.000000000000000000e+00 0.000000000000000000e+00 0.000000000000000000e+00 1.000000000000000000e+00
1.716369191955466986e+09 -4.412343978881835938e+00 -2.439625740051269176e+01 -2.859679937362670898e+00 0.000000000000000000e+00 0.000000000000000000e+00 0.000000000000000000e+00 1.000000000000000000e+00
1.716369192005922079e+09 -4.406865119934082031e+00 -2.440521240234375000e+01 -2.867096662521362305e+00 0.000000000000000000e+00 0.000000000000000000e+00 0.000000000000000000e+00 1.000000000000000000e+00
1.716369192206655741e+09 -4.388792514801025391e+00 -2.445526504516601562e+01 -2.905407428741455078e+00 0.000000000000000000e+00 0.000000000000000000e+00 0.000000000000000000e+00 1.000000000000000000e+00
1.716369192307449102e+09 -4.382013320922851562e+00 -2.447885894775390270e+01 -2.918673276901245117e+00 0.000000000000000000e+00 0.000000000000000000e+00 0.000000000000000000e+00 1.000000000000000000e+00
1.716369192357718706e+09 -4.377217769622802734e+00 -2.450148200988769176e+01 -2.941037416458129883e+00 0.000000000000000000e+00 0.000000000000000000e+00 0.000000000000000000e+00 1.000000000000000000e+00
1.716369192407712460e+09 -4.374126434326171875e+00 -2.451292228698730469e+01 -2.955011606216430664e+00 0.000000000000000000e+00 0.000000000000000000e+00 0.000000000000000000e+00 1.000000000000000000e+00
1.716369192458013773e+09 -4.371699333190917969e+00 -2.452316284179687500e+01 -2.969218730926513672e+00 0.000000000000000000e+00 0.000000000000000000e+00 0.000000000000000000e+00 1.000000000000000000e+00
1.716369192508154631e+09 -4.371756553649902344e+00 -2.454574203491210938e+01 -2.986875295639038086e+00 0.000000000000000000e+00 0.000000000000000000e+00 0.000000000000000000e+00 1.000000000000000000e+00
1.716369192558520555e+09 -4.370902061462402344e+00 -2.455635452270508168e+01 -3.003087043762207031e+00 0.000000000000000000e+00 0.000000000000000000e+00 0.000000000000000000e+00 1.000000000000000000e+00
1.716369192608743668e+09 -4.371408462524414062e+00 -2.456675148010253906e+01 -3.019109725952148438e+00 0.000000000000000000e+00 0.000000000000000000e+00 0.000000000000000000e+00 1.000000000000000000e+00
1.716369192658898830e+09 -4.372900962829589844e+00 -2.457682800292968750e+01 -3.035875797271728516e+00 0.000000000000000000e+00 0.000000000000000000e+00 0.000000000000000000e+00 1.000000000000000000e+00
1.716369192709074259e+09 -4.374722957611083984e+00 -2.458578300476074574e+01 -3.052759170532226562e+00 0.000000000000000000e+00 0.000000000000000000e+00 0.000000000000000000e+00 1.000000000000000000e+00
1.716369192759440899e+09 -4.380596637725830078e+00 -2.460801696777344105e+01 -3.072044610977172852e+00 0.000000000000000000e+00 0.000000000000000000e+00 0.000000000000000000e+00 1.000000000000000000e+00
1.716369192809908152e+09 -4.385889053344726562e+00 -2.461605644226074574e+01 -3.090440988540649414e+00 0.000000000000000000e+00 0.000000000000000000e+00 0.000000000000000000e+00 1.000000000000000000e+00
1.716369192860022545e+09 -4.392134666442871094e+00 -2.462808227539062500e+01 -3.108628749847412109e+00 0.000000000000000000e+00 0.000000000000000000e+00 0.000000000000000000e+00 1.000000000000000000e+00
1.716369192910317421e+09 -4.397169589996337891e+00 -2.463418960571289062e+01 -3.126425504684447798e+00 0.000000000000000000e+00 0.000000000000000000e+00 0.000000000000000000e+00 1.000000000000000000e+00
1.716369192960873365e+09 -4.404884815216064453e+00 -2.464018249511718750e+01 -3.142220258712768999e+00 0.000000000000000000e+00 0.000000000000000000e+00 0.000000000000000000e+00 1.000000000000000000e+00
1.716369193011327744e+09 -4.416788101196289062e+00 -2.465788650512695668e+01 -3.163125753402709961e+00 0.000000000000000000e+00 0.000000000000000000e+00 0.000000000000000000e+00 1.000000000000000000e+00
1.716369193061380625e+09 -4.425774097442626953e+00 -2.466395950317382812e+01 -3.182637691497802734e+00 0.000000000000000000e+00 0.000000000000000000e+00 0.000000000000000000e+00 1.000000000000000000e+00
1.716369193111754179e+09 -4.434958457946777344e+00 -2.466843605041503906e+01 -3.199413299560546875e+00 0.000000000000000000e+00 0.000000000000000000e+00 0.000000000000000000e+00 1.000000000000000000e+00
1.716369193211853743e+09 -4.458990097045898438e+00 -2.468023490905761719e+01 -3.234155178070068359e+00 0.000000000000000000e+00 0.000000000000000000e+00 0.000000000000000000e+00 1.000000000000000000e+00
1.716369193312462330e+09 -4.486388683319091797e+00 -2.470085144042968750e+01 -3.267970085144042969e+00 0.000000000000000000e+00 0.000000000000000000e+00 0.000000000000000000e+00 1.000000000000000000e+00
1.716369193363320589e+09 -4.499710083007812500e+00 -2.470785140991210938e+01 -3.283511638641357422e+00 0.000000000000000000e+00 0.000000000000000000e+00 0.000000000000000000e+00 1.000000000000000000e+00
1.716369193413009644e+09 -4.512513637542724609e+00 -2.471402931213378906e+01 -3.298367500305175781e+00 0.000000000000000000e+00 0.000000000000000000e+00 0.000000000000000000e+00 1.000000000000000000e+00
1.716369193462709665e+09 -4.525955677032470703e+00 -2.472007369995116832e+01 -3.313243865966796875e+00 0.000000000000000000e+00 0.000000000000000000e+00 0.000000000000000000e+00 1.000000000000000000e+00
1.716369193512870550e+09 -4.542590618133544922e+00 -2.473854064941406250e+01 -3.330369710922241211e+00 0.000000000000000000e+00 0.000000000000000000e+00 0.000000000000000000e+00 1.000000000000000000e+00
1.716369193563038111e+09 -4.559929370880126953e+00 -2.474295806884765625e+01 -3.344469547271728516e+00 0.000000000000000000e+00 0.000000000000000000e+00 0.000000000000000000e+00 1.000000000000000000e+00
1.716369193613367081e+09 -4.574274539947509766e+00 -2.474997138977050781e+01 -3.358628034591674805e+00 0.000000000000000000e+00 0.000000000000000000e+00 0.000000000000000000e+00 1.000000000000000000e+00
1.716369193663609028e+09 -4.587864398956298828e+00 -2.475619888305664062e+01 -3.372166872024536133e+00 0.000000000000000000e+00 0.000000000000000000e+00 0.000000000000000000e+00 1.000000000000000000e+00
1.716369193713871479e+09 -4.603142738342285156e+00 -2.476611709594726562e+01 -3.386345148086547852e+00 0.000000000000000000e+00 0.000000000000000000e+00 0.000000000000000000e+00 1.000000000000000000e+00
1.716369193814963102e+09 -4.620105743408203125e+00 -2.478961944580078125e+01 -3.403554201126098189e+00 0.000000000000000000e+00 0.000000000000000000e+00 0.000000000000000000e+00 1.000000000000000000e+00
1.716369193864945650e+09 -4.648444175720214844e+00 -2.480553436279296875e+01 -3.432576417922973633e+00 0.000000000000000000e+00 0.000000000000000000e+00 0.000000000000000000e+00 1.000000000000000000e+00
1.716369193914835930e+09 -4.660368442535400391e+00 -2.481205368041991832e+01 -3.445924043655395508e+00 0.000000000000000000e+00 0.000000000000000000e+00 0.000000000000000000e+00 1.000000000000000000e+00
1.716369193965165377e+09 -4.673295974731445312e+00 -2.481925392150878906e+01 -3.460056304931640625e+00 0.000000000000000000e+00 0.000000000000000000e+00 0.000000000000000000e+00 1.000000000000000000e+00
1.716369194065436125e+09 -4.698212146759033203e+00 -2.484671211242676137e+01 -3.491178989410400391e+00 0.000000000000000000e+00 0.000000000000000000e+00 0.000000000000000000e+00 1.000000000000000000e+00
1.716369194366746664e+09 -4.719240188598632812e+00 -2.486053848266601562e+01 -3.511005401611328125e+00 0.000000000000000000e+00 0.000000000000000000e+00 0.000000000000000000e+00 1.000000000000000000e+00
1.716369194818755865e+09 -4.837811946868896484e+00 -2.488632583618164062e+01 -3.532737731933593750e+00 0.000000000000000000e+00 0.000000000000000000e+00 0.000000000000000000e+00 1.000000000000000000e+00
1.716369194868885517e+09 -4.832883834838867188e+00 -2.489046859741210938e+01 -3.532384157180786133e+00 0.000000000000000000e+00 0.000000000000000000e+00 0.000000000000000000e+00 1.000000000000000000e+00
1.716369194919301987e+09 -4.824858665466308594e+00 -2.489515495300292969e+01 -3.532317876815795898e+00 0.000000000000000000e+00 0.000000000000000000e+00 0.000000000000000000e+00 1.000000000000000000e+00
1.716369194969701290e+09 -4.820053577423095703e+00 -2.489836311340332031e+01 -3.531319856643676758e+00 0.000000000000000000e+00 0.000000000000000000e+00 0.000000000000000000e+00 1.000000000000000000e+00
1.716369195019705772e+09 -4.818296909332275391e+00 -2.489783477783203125e+01 -3.530474185943603516e+00 0.000000000000000000e+00 0.000000000000000000e+00 0.000000000000000000e+00 1.000000000000000000e+00
1.716369195069854021e+09 -4.820684432983398438e+00 -2.489603042602539062e+01 -3.531986713409423828e+00 0.000000000000000000e+00 0.000000000000000000e+00 0.000000000000000000e+00 1.000000000000000000e+00
1.716369195120374441e+09 -4.824019432067871094e+00 -2.489341545104980469e+01 -3.531452178955078125e+00 0.000000000000000000e+00 0.000000000000000000e+00 0.000000000000000000e+00 1.000000000000000000e+00
1.716369195220622063e+09 -4.827686786651611328e+00 -2.488842773437500000e+01 -3.532058000564575195e+00 0.000000000000000000e+00 0.000000000000000000e+00 0.000000000000000000e+00 1.000000000000000000e+00
1.716369195270836830e+09 -4.827852249145507812e+00 -2.488957214355468750e+01 -3.531379699707031250e+00 0.000000000000000000e+00 0.000000000000000000e+00 0.000000000000000000e+00 1.000000000000000000e+00
1.716369195321180820e+09 -4.825931072235107422e+00 -2.489098548889160156e+01 -3.531364440917968750e+00 0.000000000000000000e+00 0.000000000000000000e+00 0.000000000000000000e+00 1.000000000000000000e+00
1.716369195371697664e+09 -4.823099613189697266e+00 -2.489255714416503906e+01 -3.531436920166016069e+00 0.000000000000000000e+00 0.000000000000000000e+00 0.000000000000000000e+00 1.000000000000000000e+00
1.716369195421985388e+09 -4.821227073669433594e+00 -2.489386940002441051e+01 -3.531883955001831055e+00 0.000000000000000000e+00 0.000000000000000000e+00 0.000000000000000000e+00 1.000000000000000000e+00
1.716369195472213030e+09 -4.820742130279541016e+00 -2.489493942260742543e+01 -3.532187700271606445e+00 0.000000000000000000e+00 0.000000000000000000e+00 0.000000000000000000e+00 1.000000000000000000e+00
1.716369195522354364e+09 -4.821540355682373047e+00 -2.489476776123046875e+01 -3.532270669937133789e+00 0.000000000000000000e+00 0.000000000000000000e+00 0.000000000000000000e+00 1.000000000000000000e+00
1.716369195622707367e+09 -4.823964118957520419e+00 -2.489225959777832031e+01 -3.532082796096801758e+00 0.000000000000000000e+00 0.000000000000000000e+00 0.000000000000000000e+00 1.000000000000000000e+00
1.716369195723239422e+09 -4.824256896972656250e+00 -2.489025115966796875e+01 -3.531464576721191406e+00 0.000000000000000000e+00 0.000000000000000000e+00 0.000000000000000000e+00 1.000000000000000000e+00
1.716369195873746634e+09 -4.822638511657714844e+00 -2.489356613159180043e+01 -3.532028436660766602e+00 0.000000000000000000e+00 0.000000000000000000e+00 0.000000000000000000e+00 1.000000000000000000e+00
1.716369195924025536e+09 -4.822402000427246094e+00 -2.489363288879394531e+01 -3.531922101974487749e+00 0.000000000000000000e+00 0.000000000000000000e+00 0.000000000000000000e+00 1.000000000000000000e+00
1.716369195974341393e+09 -4.823213100433349609e+00 -2.489241600036621094e+01 -3.532030582427978516e+00 0.000000000000000000e+00 0.000000000000000000e+00 0.000000000000000000e+00 1.000000000000000000e+00
1.716369196074857950e+09 -4.824235916137695312e+00 -2.489220619201660156e+01 -3.532086133956909180e+00 0.000000000000000000e+00 0.000000000000000000e+00 0.000000000000000000e+00 1.000000000000000000e+00
1.716369196125064373e+09 -4.824501037597656250e+00 -2.489109230041503906e+01 -3.532214164733886719e+00 0.000000000000000000e+00 0.000000000000000000e+00 0.000000000000000000e+00 1.000000000000000000e+00
1.716369196175371885e+09 -4.823729515075683594e+00 -2.489131736755371094e+01 -3.531831502914428711e+00 0.000000000000000000e+00 0.000000000000000000e+00 0.000000000000000000e+00 1.000000000000000000e+00
1.716369196275793552e+09 -4.823009014129638672e+00 -2.489349746704101562e+01 -3.532016277313232422e+00 0.000000000000000000e+00 0.000000000000000000e+00 0.000000000000000000e+00 1.000000000000000000e+00
1.716369196325923920e+09 -4.822689056396484375e+00 -2.489368629455566406e+01 -3.531388282775878906e+00 0.000000000000000000e+00 0.000000000000000000e+00 0.000000000000000000e+00 1.000000000000000000e+00
1.716369196376414537e+09 -4.822556018829345703e+00 -2.489272117614746094e+01 -3.531148195266724077e+00 0.000000000000000000e+00 0.000000000000000000e+00 0.000000000000000000e+00 1.000000000000000000e+00
1.716369196476620197e+09 -4.824114799499511719e+00 -2.489131164550780895e+01 -3.531488656997680664e+00 0.000000000000000000e+00 0.000000000000000000e+00 0.000000000000000000e+00 1.000000000000000000e+00
1.716369196627532721e+09 -4.824713706970214844e+00 -2.489114761352539062e+01 -3.531728506088256836e+00 0.000000000000000000e+00 0.000000000000000000e+00 0.000000000000000000e+00 1.000000000000000000e+00
1.716369196677725077e+09 -4.823886871337890625e+00 -2.489237022399902344e+01 -3.531605958938598189e+00 0.000000000000000000e+00 0.000000000000000000e+00 0.000000000000000000e+00 1.000000000000000000e+00
1.716369196778780699e+09 -4.823933601379394531e+00 -2.489231109619140625e+01 -3.531858205795288086e+00 0.000000000000000000e+00 0.000000000000000000e+00 0.000000000000000000e+00 1.000000000000000000e+00
1.716369196878801584e+09 -4.824916839599609375e+00 -2.489208221435546875e+01 -3.532053232192993164e+00 0.000000000000000000e+00 0.000000000000000000e+00 0.000000000000000000e+00 1.000000000000000000e+00
1.716369196979311705e+09 -4.824829578399658203e+00 -2.489097785949707031e+01 -3.532463788986206055e+00 0.000000000000000000e+00 0.000000000000000000e+00 0.000000000000000000e+00 1.000000000000000000e+00
1.716369197029559374e+09 -4.824809074401856357e+00 -2.489211273193359730e+01 -3.532000541687012163e+00 0.000000000000000000e+00 0.000000000000000000e+00 0.000000000000000000e+00 1.000000000000000000e+00
1.716369197079737902e+09 -4.824546337127685547e+00 -2.489214706420898438e+01 -3.532086133956909180e+00 0.000000000000000000e+00 0.000000000000000000e+00 0.000000000000000000e+00 1.000000000000000000e+00
1.716369197130542040e+09 -4.824294090270996094e+00 -2.489223670959472656e+01 -3.531885623931884766e+00 0.000000000000000000e+00 0.000000000000000000e+00 0.000000000000000000e+00 1.000000000000000000e+00
1.716369197180916786e+09 -4.824614048004150391e+00 -2.489214706420898438e+01 -3.532022237777709961e+00 0.000000000000000000e+00 0.000000000000000000e+00 0.000000000000000000e+00 1.000000000000000000e+00
1.716369197281150579e+09 -4.824995040893554688e+00 -2.489099693298339844e+01 -3.532202720642089844e+00 0.000000000000000000e+00 0.000000000000000000e+00 0.000000000000000000e+00 1.000000000000000000e+00
1.716369197381537676e+09 -4.825056076049804688e+00 -2.489107131958008168e+01 -3.531780004501342773e+00 0.000000000000000000e+00 0.000000000000000000e+00 0.000000000000000000e+00 1.000000000000000000e+00
1.716369197431724787e+09 -4.825153350830078125e+00 -2.489201736450195668e+01 -3.532140970230102539e+00 0.000000000000000000e+00 0.000000000000000000e+00 0.000000000000000000e+00 1.000000000000000000e+00
1.716369197532156467e+09 -4.824769020080566406e+00 -2.489201354980468750e+01 -3.532534599304199219e+00 0.000000000000000000e+00 0.000000000000000000e+00 0.000000000000000000e+00 1.000000000000000000e+00
1.716369197632604599e+09 -4.825060367584228516e+00 -2.489097785949707031e+01 -3.532240152359008789e+00 0.000000000000000000e+00 0.000000000000000000e+00 0.000000000000000000e+00 1.000000000000000000e+00
1.716369197682757616e+09 -4.824691295623779297e+00 -2.489107894897460938e+01 -3.532094717025756836e+00 0.000000000000000000e+00 0.000000000000000000e+00 0.000000000000000000e+00 1.000000000000000000e+00
