# timestamp tx ty tz qx qy qz qw
1.716369469224841833e+09 -4.754539012908936435e+00 -2.526706123352050781e+01 -3.534833431243896484e+00 0.000000000000000000e+00 0.000000000000000000e+00 0.000000000000000000e+00 1.000000000000000000e+00
1.716369469275544167e+09 -4.754262447357177734e+00 -2.526611900329589844e+01 -3.534619808197021040e+00 0.000000000000000000e+00 0.000000000000000000e+00 0.000000000000000000e+00 1.000000000000000000e+00
1.716369469326769829e+09 -4.754025936126708984e+00 -2.526642990112304688e+01 -3.533276319503784180e+00 0.000000000000000000e+00 0.000000000000000000e+00 0.000000000000000000e+00 1.000000000000000000e+00
1.716369469376952648e+09 -4.754228115081787109e+00 -2.526661109924316406e+01 -3.532170772552490234e+00 0.000000000000000000e+00 0.000000000000000000e+00 0.000000000000000000e+00 1.000000000000000000e+00
1.716369469425857544e+09 -4.755275726318359375e+00 -2.526732063293457031e+01 -3.532824039459228516e+00 0.000000000000000000e+00 0.000000000000000000e+00 0.000000000000000000e+00 1.000000000000000000e+00
1.716369469475967884e+09 -4.755167961120605469e+00 -2.526733016967773082e+01 -3.532877445220947710e+00 0.000000000000000000e+00 0.000000000000000000e+00 0.000000000000000000e+00 1.000000000000000000e+00
1.716369469526173353e+09 -4.754458904266357422e+00 -2.526640510559082031e+01 -3.532992124557495117e+00 0.000000000000000000e+00 0.000000000000000000e+00 0.000000000000000000e+00 1.000000000000000000e+00
1.716369469576818228e+09 -4.754350185394287109e+00 -2.526740074157714844e+01 -3.533298015594482422e+00 0.000000000000000000e+00 0.000000000000000000e+00 0.000000000000000000e+00 1.000000000000000000e+00
1.716369469626697063e+09 -4.754028797149658203e+00 -2.526737976074218750e+01 -3.533711433410644531e+00 0.000000000000000000e+00 0.000000000000000000e+00 0.000000000000000000e+00 1.000000000000000000e+00
1.716369469676876307e+09 -4.754310131072998047e+00 -2.526736640930176137e+01 -3.533504962921142578e+00 0.000000000000000000e+00 0.000000000000000000e+00 0.000000000000000000e+00 1.000000000000000000e+00
1.716369469727118731e+09 -4.754078388214111328e+00 -2.526736450195312500e+01 -3.533736467361450195e+00 0.000000000000000000e+00 0.000000000000000000e+00 0.000000000000000000e+00 1.000000000000000000e+00
1.716369469777530909e+09 -4.754198074340820312e+00 -2.526735115051269176e+01 -3.533690452575684038e+00 0.000000000000000000e+00 0.000000000000000000e+00 0.000000000000000000e+00 1.000000000000000000e+00
1.716369469877673388e+09 -4.754105091094970703e+00 -2.526734924316406250e+01 -3.533788919448852539e+00 0.000000000000000000e+00 0.000000000000000000e+00 0.000000000000000000e+00 1.000000000000000000e+00
1.716369469927961826e+09 -4.753586769104003906e+00 -2.526748275756835938e+01 -3.533608913421630859e+00 0.000000000000000000e+00 0.000000000000000000e+00 0.000000000000000000e+00 1.000000000000000000e+00
1.716369469978363037e+09 -4.753344535827636719e+00 -2.526750373840332031e+01 -3.533737421035766602e+00 0.000000000000000000e+00 0.000000000000000000e+00 0.000000000000000000e+00 1.000000000000000000e+00
1.716369470028532267e+09 -4.753678798675537109e+00 -2.526750373840332031e+01 -3.533417463302612305e+00 0.000000000000000000e+00 0.000000000000000000e+00 0.000000000000000000e+00 1.000000000000000000e+00
1.716369470079102993e+09 -4.753985404968261719e+00 -2.526742935180664062e+01 -3.533495903015136719e+00 0.000000000000000000e+00 0.000000000000000000e+00 0.000000000000000000e+00 1.000000000000000000e+00
1.716369470129259348e+09 -4.753954410552978516e+00 -2.526744079589844105e+01 -3.533470869064331055e+00 0.000000000000000000e+00 0.000000000000000000e+00 0.000000000000000000e+00 1.000000000000000000e+00
1.716369470180243492e+09 -4.754267692565917969e+00 -2.526737022399902344e+01 -3.533532142639160156e+00 0.000000000000000000e+00 0.000000000000000000e+00 0.000000000000000000e+00 1.000000000000000000e+00
1.716369470280306578e+09 -4.754578590393066406e+00 -2.526729202270508168e+01 -3.533634424209594727e+00 0.000000000000000000e+00 0.000000000000000000e+00 0.000000000000000000e+00 1.000000000000000000e+00
1.716369470330166817e+09 -4.754781723022460938e+00 -2.526727676391601562e+01 -3.533514738082885742e+00 0.000000000000000000e+00 0.000000000000000000e+00 0.000000000000000000e+00 1.000000000000000000e+00
1.716369470380453825e+09 -4.754694461822509766e+00 -2.526727294921875000e+01 -3.533611536026000977e+00 0.000000000000000000e+00 0.000000000000000000e+00 0.000000000000000000e+00 1.000000000000000000e+00
1.716369470430719852e+09 -4.754460811614990234e+00 -2.526732444763183949e+01 -3.533575773239136186e+00 0.000000000000000000e+00 0.000000000000000000e+00 0.000000000000000000e+00 1.000000000000000000e+00
1.716369470480978727e+09 -4.753793716430664062e+00 -2.526737976074218750e+01 -3.533933162689208984e+00 0.000000000000000000e+00 0.000000000000000000e+00 0.000000000000000000e+00 1.000000000000000000e+00
1.716369470531205416e+09 -4.754016876220703125e+00 -2.526729011535644531e+01 -3.534172058105468750e+00 0.000000000000000000e+00 0.000000000000000000e+00 0.000000000000000000e+00 1.000000000000000000e+00
1.716369470581469297e+09 -4.753942012786865234e+00 -2.526734352111816406e+01 -3.533972263336181641e+00 0.000000000000000000e+00 0.000000000000000000e+00 0.000000000000000000e+00 1.000000000000000000e+00
1.716369470681935072e+09 -4.753401279449462891e+00 -2.526736068725585938e+01 -3.534402847290039062e+00 0.000000000000000000e+00 0.000000000000000000e+00 0.000000000000000000e+00 1.000000000000000000e+00
1.716369470732323408e+09 -4.753995895385742188e+00 -2.526735687255859730e+01 -3.533852577209472656e+00 0.000000000000000000e+00 0.000000000000000000e+00 0.000000000000000000e+00 1.000000000000000000e+00
1.716369470782644510e+09 -4.754658222198486328e+00 -2.526725769042968750e+01 -3.533726453781127930e+00 0.000000000000000000e+00 0.000000000000000000e+00 0.000000000000000000e+00 1.000000000000000000e+00
1.716369470833161116e+09 -4.753983974456787109e+00 -2.526727676391601562e+01 -3.534271717071533203e+00 0.000000000000000000e+00 0.000000000000000000e+00 0.000000000000000000e+00 1.000000000000000000e+00
1.716369470933197498e+09 -4.753615379333496094e+00 -2.526735305786132812e+01 -3.534239053726196289e+00 0.000000000000000000e+00 0.000000000000000000e+00 0.000000000000000000e+00 1.000000000000000000e+00
1.716369470983466148e+09 -4.753346443176269531e+00 -2.526732826232910156e+01 -3.534615039825439453e+00 0.000000000000000000e+00 0.000000000000000000e+00 0.000000000000000000e+00 1.000000000000000000e+00
1.716369471033514023e+09 -4.751819610595703125e+00 -2.526770019531250000e+01 -3.534187793731689009e+00 0.000000000000000000e+00 0.000000000000000000e+00 0.000000000000000000e+00 1.000000000000000000e+00
1.716369471083857298e+09 -4.753515243530273438e+00 -2.526726913452148438e+01 -3.534748077392578125e+00 0.000000000000000000e+00 0.000000000000000000e+00 0.000000000000000000e+00 1.000000000000000000e+00
1.716369471184288263e+09 -4.754084587097167969e+00 -2.526728630065917969e+01 -3.534126520156860352e+00 0.000000000000000000e+00 0.000000000000000000e+00 0.000000000000000000e+00 1.000000000000000000e+00
1.716369471234379768e+09 -4.754568099975585938e+00 -2.526721000671386719e+01 -3.534050464630126953e+00 0.000000000000000000e+00 0.000000000000000000e+00 0.000000000000000000e+00 1.000000000000000000e+00
1.716369471284768343e+09 -4.752433300018311435e+00 -2.526748847961425426e+01 -3.534675598144531250e+00 0.000000000000000000e+00 0.000000000000000000e+00 0.000000000000000000e+00 1.000000000000000000e+00
1.716369471334871531e+09 -4.753864765167236328e+00 -2.526734542846680043e+01 -3.534037828445434570e+00 0.000000000000000000e+00 0.000000000000000000e+00 0.000000000000000000e+00 1.000000000000000000e+00
1.716369471386370420e+09 -4.754120826721191406e+00 -2.526729965209960938e+01 -3.534026145935058594e+00 0.000000000000000000e+00 0.000000000000000000e+00 0.000000000000000000e+00 1.000000000000000000e+00
1.716369471435412407e+09 -4.754211902618408203e+00 -2.526722908020019531e+01 -3.534290075302124023e+00 0.000000000000000000e+00 0.000000000000000000e+00 0.000000000000000000e+00 1.000000000000000000e+00
1.716369471485720634e+09 -4.754136085510253906e+00 -2.526728248596191762e+01 -3.534097671508789062e+00 0.000000000000000000e+00 0.000000000000000000e+00 0.000000000000000000e+00 1.000000000000000000e+00
1.716369471535817385e+09 -4.753914356231689453e+00 -2.526737213134765625e+01 -3.533858060836791992e+00 0.000000000000000000e+00 0.000000000000000000e+00 0.000000000000000000e+00 1.000000000000000000e+00
1.716369471586151361e+09 -4.754360675811767578e+00 -2.526733589172363637e+01 -3.533613204956054688e+00 0.000000000000000000e+00 0.000000000000000000e+00 0.000000000000000000e+00 1.000000000000000000e+00
1.716369471636314392e+09 -4.754495620727539062e+00 -2.526726913452148438e+01 -3.533827781677246094e+00 0.000000000000000000e+00 0.000000000000000000e+00 0.000000000000000000e+00 1.000000000000000000e+00
1.716369471686510086e+09 -4.754311084747314453e+00 -2.526726531982421875e+01 -3.534013748168945312e+00 0.000000000000000000e+00 0.000000000000000000e+00 0.000000000000000000e+00 1.000000000000000000e+00
1.716369471736792088e+09 -4.754155158996582031e+00 -2.526734733581542969e+01 -3.533755302429199219e+00 0.000000000000000000e+00 0.000000000000000000e+00 0.000000000000000000e+00 1.000000000000000000e+00
1.716369471787021875e+09 -4.753856658935546875e+00 -2.526744461059570312e+01 -3.533542394638061079e+00 0.000000000000000000e+00 0.000000000000000000e+00 0.000000000000000000e+00 1.000000000000000000e+00
1.716369471887784243e+09 -4.754102706909179688e+00 -2.526734924316406250e+01 -3.533792495727539062e+00 0.000000000000000000e+00 0.000000000000000000e+00 0.000000000000000000e+00 1.000000000000000000e+00
1.716369471937790632e+09 -4.753621578216552734e+00 -2.526743316650390270e+01 -3.533829212188720703e+00 0.000000000000000000e+00 0.000000000000000000e+00 0.000000000000000000e+00 1.000000000000000000e+00
1.716369471989886045e+09 -4.753111362457275391e+00 -2.526755523681640625e+01 -3.533691883087158203e+00 0.000000000000000000e+00 0.000000000000000000e+00 0.000000000000000000e+00 1.000000000000000000e+00
1.716369472139610291e+09 -4.753549098968505859e+00 -2.526736259460448863e+01 -3.534251213073730469e+00 0.000000000000000000e+00 0.000000000000000000e+00 0.000000000000000000e+00 1.000000000000000000e+00
1.716369472189891100e+09 -4.753711223602294922e+00 -2.526729011535644531e+01 -3.534462690353393555e+00 0.000000000000000000e+00 0.000000000000000000e+00 0.000000000000000000e+00 1.000000000000000000e+00
1.716369472289605379e+09 -4.753901958465576172e+00 -2.526732635498046875e+01 -3.534098148345947710e+00 0.000000000000000000e+00 0.000000000000000000e+00 0.000000000000000000e+00 1.000000000000000000e+00
1.716369472390109777e+09 -4.753696918487548828e+00 -2.526731872558593750e+01 -3.534328937530517578e+00 0.000000000000000000e+00 0.000000000000000000e+00 0.000000000000000000e+00 1.000000000000000000e+00
1.716369472440317154e+09 -4.753958702087402344e+00 -2.526725769042968750e+01 -3.534394025802612305e+00 0.000000000000000000e+00 0.000000000000000000e+00 0.000000000000000000e+00 1.000000000000000000e+00
1.716369472490758181e+09 -4.754271984100341797e+00 -2.526725578308105113e+01 -3.534106731414794922e+00 0.000000000000000000e+00 0.000000000000000000e+00 0.000000000000000000e+00 1.000000000000000000e+00
1.716369472641116858e+09 -4.754453182220458984e+00 -2.526716804504394531e+01 -3.534368753433227539e+00 0.000000000000000000e+00 0.000000000000000000e+00 0.000000000000000000e+00 1.000000000000000000e+00
1.716369472691397190e+09 -4.754019737243652344e+00 -2.526736831665039062e+01 -3.533771991729736328e+00 0.000000000000000000e+00 0.000000000000000000e+00 0.000000000000000000e+00 1.000000000000000000e+00
1.716369472798604965e+09 -4.753942012786865234e+00 -2.526741600036621094e+01 -3.533603906631469727e+00 0.000000000000000000e+00 0.000000000000000000e+00 0.000000000000000000e+00 1.000000000000000000e+00
1.716369472893713951e+09 -4.753714561462402344e+00 -2.526748275756835938e+01 -3.533485889434814453e+00 0.000000000000000000e+00 0.000000000000000000e+00 0.000000000000000000e+00 1.000000000000000000e+00
1.716369472942301989e+09 -4.754469871520996094e+00 -2.526727867126464844e+01 -3.533797025680541992e+00 0.000000000000000000e+00 0.000000000000000000e+00 0.000000000000000000e+00 1.000000000000000000e+00
1.716369472992645264e+09 -4.754315376281738281e+00 -2.526723861694335938e+01 -3.534149885177612305e+00 0.000000000000000000e+00 0.000000000000000000e+00 0.000000000000000000e+00 1.000000000000000000e+00
1.716369473042883158e+09 -4.754113197326660156e+00 -2.526728820800780895e+01 -3.534090518951416016e+00 0.000000000000000000e+00 0.000000000000000000e+00 0.000000000000000000e+00 1.000000000000000000e+00
1.716369473143350124e+09 -4.754562377929688388e+00 -2.526724052429199219e+01 -3.533909082412720171e+00 0.000000000000000000e+00 0.000000000000000000e+00 0.000000000000000000e+00 1.000000000000000000e+00
1.716369473243904591e+09 -4.754333019256591797e+00 -2.526716041564941051e+01 -3.534522533416748047e+00 0.000000000000000000e+00 0.000000000000000000e+00 0.000000000000000000e+00 1.000000000000000000e+00
1.716369473344434023e+09 -4.753850460052490234e+00 -2.526718521118164062e+01 -3.534862518310546875e+00 0.000000000000000000e+00 0.000000000000000000e+00 0.000000000000000000e+00 1.000000000000000000e+00
1.716369473395435810e+09 -4.754179954528808594e+00 -2.526721382141113281e+01 -3.534403800964355469e+00 0.000000000000000000e+00 0.000000000000000000e+00 0.000000000000000000e+00 1.000000000000000000e+00
1.716369473445023060e+09 -4.753875255584716797e+00 -2.526726531982421875e+01 -3.534428834915161133e+00 0.000000000000000000e+00 0.000000000000000000e+00 0.000000000000000000e+00 1.000000000000000000e+00
1.716369473495302439e+09 -4.753445148468017578e+00 -2.526731872558593750e+01 -3.534574031829833984e+00 0.000000000000000000e+00 0.000000000000000000e+00 0.000000000000000000e+00 1.000000000000000000e+00
1.716369473646651506e+09 -4.753820896148681641e+00 -2.526726913452148438e+01 -3.534466743469238281e+00 0.000000000000000000e+00 0.000000000000000000e+00 0.000000000000000000e+00 1.000000000000000000e+00
1.716369473696588755e+09 -4.754211902618408203e+00 -2.526722908020019531e+01 -3.534293889999389648e+00 0.000000000000000000e+00 0.000000000000000000e+00 0.000000000000000000e+00 1.000000000000000000e+00
1.716369473746815443e+09 -4.754358768463134766e+00 -2.526724624633789062e+01 -3.534067153930664062e+00 0.000000000000000000e+00 0.000000000000000000e+00 0.000000000000000000e+00 1.000000000000000000e+00
1.716369473847116947e+09 -4.754647254943847656e+00 -2.526724815368652344e+01 -3.533786773681640625e+00 0.000000000000000000e+00 0.000000000000000000e+00 0.000000000000000000e+00 1.000000000000000000e+00
1.716369473897351503e+09 -4.754206657409667969e+00 -2.526728439331054688e+01 -3.534024238586425781e+00 0.000000000000000000e+00 0.000000000000000000e+00 0.000000000000000000e+00 1.000000000000000000e+00
1.716369473947650909e+09 -4.754385471343994141e+00 -2.526730728149414062e+01 -3.533736228942871094e+00 0.000000000000000000e+00 0.000000000000000000e+00 0.000000000000000000e+00 1.000000000000000000e+00
1.716369473998338699e+09 -4.754459381103515625e+00 -2.526736068725585938e+01 -3.533398151397705078e+00 0.000000000000000000e+00 0.000000000000000000e+00 0.000000000000000000e+00 1.000000000000000000e+00
1.716369474148826599e+09 -4.753639221191406250e+00 -2.526746749877929688e+01 -3.533637523651123047e+00 0.000000000000000000e+00 0.000000000000000000e+00 0.000000000000000000e+00 1.000000000000000000e+00
1.716369474249029160e+09 -4.754003524780273438e+00 -2.526736831665039062e+01 -3.533788204193115234e+00 0.000000000000000000e+00 0.000000000000000000e+00 0.000000000000000000e+00 1.000000000000000000e+00
1.716369474399747372e+09 -4.753981590270996094e+00 -2.526740837097167969e+01 -3.533605098724364790e+00 0.000000000000000000e+00 0.000000000000000000e+00 0.000000000000000000e+00 1.000000000000000000e+00
1.716369474450539827e+09 -4.754091739654541016e+00 -2.526740074157714844e+01 -3.533546209335327148e+00 0.000000000000000000e+00 0.000000000000000000e+00 0.000000000000000000e+00 1.000000000000000000e+00
1.716369474550663948e+09 -4.754429817199707031e+00 -2.526733016967773082e+01 -3.533581972122192383e+00 0.000000000000000000e+00 0.000000000000000000e+00 0.000000000000000000e+00 1.000000000000000000e+00
1.716369474651812077e+09 -4.754806041717529297e+00 -2.526733016967773082e+01 -3.533222675323486328e+00 0.000000000000000000e+00 0.000000000000000000e+00 0.000000000000000000e+00 1.000000000000000000e+00
1.716369474701360703e+09 -4.755526065826416016e+00 -2.526720237731933594e+01 -3.533180952072143999e+00 0.000000000000000000e+00 0.000000000000000000e+00 0.000000000000000000e+00 1.000000000000000000e+00
1.716369474751729727e+09 -4.755212306976318359e+00 -2.526714897155761719e+01 -3.533752918243408203e+00 0.000000000000000000e+00 0.000000000000000000e+00 0.000000000000000000e+00 1.000000000000000000e+00
1.716369474902354956e+09 -4.754120826721191406e+00 -2.526750755310058238e+01 -3.532977819442749023e+00 0.000000000000000000e+00 0.000000000000000000e+00 0.000000000000000000e+00 1.000000000000000000e+00
1.716369474952677011e+09 -4.753991603851318359e+00 -2.526758193969726562e+01 -3.532727479934692383e+00 0.000000000000000000e+00 0.000000000000000000e+00 0.000000000000000000e+00 1.000000000000000000e+00
1.716369475053239822e+09 -4.753928661346436435e+00 -2.526754951477050781e+01 -3.532952070236206055e+00 0.000000000000000000e+00 0.000000000000000000e+00 0.000000000000000000e+00 1.000000000000000000e+00
1.716369475104203463e+09 -4.756048679351806641e+00 -2.526713371276855469e+01 -3.533032655715942383e+00 0.000000000000000000e+00 0.000000000000000000e+00 0.000000000000000000e+00 1.000000000000000000e+00
1.716369475153645039e+09 -4.755155086517333984e+00 -2.526726913452148438e+01 -3.533198833465576172e+00 0.000000000000000000e+00 0.000000000000000000e+00 0.000000000000000000e+00 1.000000000000000000e+00
1.716369475254094362e+09 -4.753070831298828125e+00 -2.526778602600097656e+01 -3.532568931579589844e+00 0.000000000000000000e+00 0.000000000000000000e+00 0.000000000000000000e+00 1.000000000000000000e+00
1.716369475354546070e+09 -4.754984855651856357e+00 -2.526826095581054688e+01 -3.533581256866455078e+00 0.000000000000000000e+00 0.000000000000000000e+00 0.000000000000000000e+00 1.000000000000000000e+00
1.716369475404767513e+09 -4.755834579467773438e+00 -2.526816177368164062e+01 -3.533275604248046875e+00 0.000000000000000000e+00 0.000000000000000000e+00 0.000000000000000000e+00 1.000000000000000000e+00
1.716369475454936266e+09 -4.756513595581054688e+00 -2.526508140563964844e+01 -3.532483100891113281e+00 0.000000000000000000e+00 0.000000000000000000e+00 0.000000000000000000e+00 1.000000000000000000e+00
1.716369475505097628e+09 -4.756697177886962891e+00 -2.526513481140136719e+01 -3.532046318054199219e+00 0.000000000000000000e+00 0.000000000000000000e+00 0.000000000000000000e+00 1.000000000000000000e+00
1.716369475556478977e+09 -4.756735801696777344e+00 -2.526714897155761719e+01 -3.532309055328369141e+00 0.000000000000000000e+00 0.000000000000000000e+00 0.000000000000000000e+00 1.000000000000000000e+00
1.716369475606165648e+09 -4.755949020385742188e+00 -2.526731491088867188e+01 -3.532209396362304688e+00 0.000000000000000000e+00 0.000000000000000000e+00 0.000000000000000000e+00 1.000000000000000000e+00
1.716369475656172514e+09 -4.754510879516601562e+00 -2.526755714416503906e+01 -3.532352685928344727e+00 0.000000000000000000e+00 0.000000000000000000e+00 0.000000000000000000e+00 1.000000000000000000e+00
1.716369475706624746e+09 -4.754372596740722656e+00 -2.526758956909180043e+01 -3.532328128814697266e+00 0.000000000000000000e+00 0.000000000000000000e+00 0.000000000000000000e+00 1.000000000000000000e+00
1.716369475756573439e+09 -4.755518436431884766e+00 -2.526743507385253906e+01 -3.532019615173339844e+00 0.000000000000000000e+00 0.000000000000000000e+00 0.000000000000000000e+00 1.000000000000000000e+00
1.716369475807066202e+09 -4.756044387817382812e+00 -2.526627731323242543e+01 -3.532124280929564986e+00 0.000000000000000000e+00 0.000000000000000000e+00 0.000000000000000000e+00 1.000000000000000000e+00
1.716369475857591152e+09 -4.756340026855468750e+00 -2.526621818542480469e+01 -3.532141447067260742e+00 0.000000000000000000e+00 0.000000000000000000e+00 0.000000000000000000e+00 1.000000000000000000e+00
1.716369475907287359e+09 -4.755917549133300781e+00 -2.526625633239746094e+01 -3.532356977462768999e+00 0.000000000000000000e+00 0.000000000000000000e+00 0.000000000000000000e+00 1.000000000000000000e+00
1.716369475957412720e+09 -4.755780220031738281e+00 -2.526633644104003906e+01 -3.532083272933959961e+00 0.000000000000000000e+00 0.000000000000000000e+00 0.000000000000000000e+00 1.000000000000000000e+00
1.716369476058029413e+09 -4.755247116088867188e+00 -2.526745414733886719e+01 -3.532176256179809570e+00 0.000000000000000000e+00 0.000000000000000000e+00 0.000000000000000000e+00 1.000000000000000000e+00
1.716369476108144283e+09 -4.755280494689941406e+00 -2.526646423339844105e+01 -3.531912088394165039e+00 0.000000000000000000e+00 0.000000000000000000e+00 0.000000000000000000e+00 1.000000000000000000e+00
1.716369476158606529e+09 -4.755374431610107422e+00 -2.526647949218750000e+01 -3.531745433807373047e+00 0.000000000000000000e+00 0.000000000000000000e+00 0.000000000000000000e+00 1.000000000000000000e+00
1.716369476208630085e+09 -4.755567550659179688e+00 -2.526648139953613281e+01 -3.531548261642456055e+00 0.000000000000000000e+00 0.000000000000000000e+00 0.000000000000000000e+00 1.000000000000000000e+00
1.716369476259015799e+09 -4.755471229553222656e+00 -2.526645469665527699e+01 -3.531782150268554688e+00 0.000000000000000000e+00 0.000000000000000000e+00 0.000000000000000000e+00 1.000000000000000000e+00
1.716369476309184790e+09 -4.755045890808105469e+00 -2.526662826538085938e+01 -3.531306028366088867e+00 0.000000000000000000e+00 0.000000000000000000e+00 0.000000000000000000e+00 1.000000000000000000e+00
1.716369476359636784e+09 -4.755018711090087891e+00 -2.526658058166503906e+01 -3.531572103500366211e+00 0.000000000000000000e+00 0.000000000000000000e+00 0.000000000000000000e+00 1.000000000000000000e+00
1.716369476409984827e+09 -4.755315780639648438e+00 -2.526753234863280895e+01 -3.531714439392089844e+00 0.000000000000000000e+00 0.000000000000000000e+00 0.000000000000000000e+00 1.000000000000000000e+00
1.716369476460218191e+09 -4.755571365356445312e+00 -2.526746559143066406e+01 -3.531809329986572266e+00 0.000000000000000000e+00 0.000000000000000000e+00 0.000000000000000000e+00 1.000000000000000000e+00
1.716369476510133266e+09 -4.755344867706298828e+00 -2.526644134521484375e+01 -3.531968832015991211e+00 0.000000000000000000e+00 0.000000000000000000e+00 0.000000000000000000e+00 1.000000000000000000e+00
1.716369476610534906e+09 -4.755735397338867188e+00 -2.526636695861816406e+01 -3.531972646713256836e+00 0.000000000000000000e+00 0.000000000000000000e+00 0.000000000000000000e+00 1.000000000000000000e+00
1.716369476660509109e+09 -4.755565166473388672e+00 -2.526644706726074574e+01 -3.531724691390991211e+00 0.000000000000000000e+00 0.000000000000000000e+00 0.000000000000000000e+00 1.000000000000000000e+00
1.716369476761571169e+09 -4.753847122192382812e+00 -2.526793479919433594e+01 -3.531085491180419922e+00 0.000000000000000000e+00 0.000000000000000000e+00 0.000000000000000000e+00 1.000000000000000000e+00
1.716369476861340761e+09 -4.753263473510742188e+00 -2.526705169677734375e+01 -3.530863761901855469e+00 0.000000000000000000e+00 0.000000000000000000e+00 0.000000000000000000e+00 1.000000000000000000e+00
1.716369476911956310e+09 -4.753833293914794922e+00 -2.526697921752929688e+01 -3.530682563781738281e+00 0.000000000000000000e+00 0.000000000000000000e+00 0.000000000000000000e+00 1.000000000000000000e+00
1.716369476961798668e+09 -4.756288528442382812e+00 -2.526542472839355469e+01 -3.530972480773925781e+00 0.000000000000000000e+00 0.000000000000000000e+00 0.000000000000000000e+00 1.000000000000000000e+00
1.716369477011862516e+09 -4.756416320800781250e+00 -2.526537132263183949e+01 -3.531120538711547852e+00 0.000000000000000000e+00 0.000000000000000000e+00 0.000000000000000000e+00 1.000000000000000000e+00
1.716369477112401247e+09 -4.756114482879638672e+00 -2.526544570922851918e+01 -3.531028509140014204e+00 0.000000000000000000e+00 0.000000000000000000e+00 0.000000000000000000e+00 1.000000000000000000e+00
1.716369477162654400e+09 -4.754855632781982422e+00 -2.526673316955566406e+01 -3.530958414077758789e+00 0.000000000000000000e+00 0.000000000000000000e+00 0.000000000000000000e+00 1.000000000000000000e+00
1.716369477212963104e+09 -4.754751682281494141e+00 -2.526667976379394531e+01 -3.531322240829468218e+00 0.000000000000000000e+00 0.000000000000000000e+00 0.000000000000000000e+00 1.000000000000000000e+00
1.716369477263187408e+09 -4.754841327667236328e+00 -2.526667404174804688e+01 -3.531269788742064986e+00 0.000000000000000000e+00 0.000000000000000000e+00 0.000000000000000000e+00 1.000000000000000000e+00
1.716369477363708019e+09 -4.755526065826416016e+00 -2.526660156250000000e+01 -3.530988931655883789e+00 0.000000000000000000e+00 0.000000000000000000e+00 0.000000000000000000e+00 1.000000000000000000e+00
1.716369477414123774e+09 -4.755140304565429688e+00 -2.526664161682128906e+01 -3.531145572662353072e+00 0.000000000000000000e+00 0.000000000000000000e+00 0.000000000000000000e+00 1.000000000000000000e+00
1.716369477464272738e+09 -4.754670619964599609e+00 -2.526673316955566406e+01 -3.531130552291870117e+00 0.000000000000000000e+00 0.000000000000000000e+00 0.000000000000000000e+00 1.000000000000000000e+00
1.716369477514873505e+09 -4.754513740539550781e+00 -2.526674079895019531e+01 -3.531242847442626953e+00 0.000000000000000000e+00 0.000000000000000000e+00 0.000000000000000000e+00 1.000000000000000000e+00
1.716369477615640402e+09 -4.754353523254394531e+00 -2.526673507690429688e+01 -3.531427383422852007e+00 0.000000000000000000e+00 0.000000000000000000e+00 0.000000000000000000e+00 1.000000000000000000e+00
1.716369477665555239e+09 -4.755004882812500000e+00 -2.526561355590820312e+01 -3.531229496002197266e+00 0.000000000000000000e+00 0.000000000000000000e+00 0.000000000000000000e+00 1.000000000000000000e+00
1.716369477715691090e+09 -4.755466461181640625e+00 -2.526558876037597656e+01 -3.530919551849364790e+00 0.000000000000000000e+00 0.000000000000000000e+00 0.000000000000000000e+00 1.000000000000000000e+00
1.716369477766046762e+09 -4.755379676818847656e+00 -2.526562309265136719e+01 -3.530834197998046875e+00 0.000000000000000000e+00 0.000000000000000000e+00 0.000000000000000000e+00 1.000000000000000000e+00
1.716369477866639376e+09 -4.754831790924072266e+00 -2.526570701599121094e+01 -3.530922889709472656e+00 0.000000000000000000e+00 0.000000000000000000e+00 0.000000000000000000e+00 1.000000000000000000e+00
1.716369477919004440e+09 -4.754830360412597656e+00 -2.526566886901855469e+01 -3.531122922897338867e+00 0.000000000000000000e+00 0.000000000000000000e+00 0.000000000000000000e+00 1.000000000000000000e+00
1.716369477967152596e+09 -4.754597663879394531e+00 -2.526563262939453125e+01 -3.531521320343017578e+00 0.000000000000000000e+00 0.000000000000000000e+00 0.000000000000000000e+00 1.000000000000000000e+00
1.716369478017390013e+09 -4.754366397857666016e+00 -2.526569938659667969e+01 -3.531408548355102539e+00 0.000000000000000000e+00 0.000000000000000000e+00 0.000000000000000000e+00 1.000000000000000000e+00
1.716369478117747784e+09 -4.754953861236572266e+00 -2.526564025878906250e+01 -3.531144380569458008e+00 0.000000000000000000e+00 0.000000000000000000e+00 0.000000000000000000e+00 1.000000000000000000e+00
1.716369478168742180e+09 -4.755270481109619141e+00 -2.526559066772460938e+01 -3.531095266342163086e+00 0.000000000000000000e+00 0.000000000000000000e+00 0.000000000000000000e+00 1.000000000000000000e+00
1.716369478218441248e+09 -4.754653930664063388e+00 -2.526572990417480469e+01 -3.530978202819824219e+00 0.000000000000000000e+00 0.000000000000000000e+00 0.000000000000000000e+00 1.000000000000000000e+00
1.716369478268401623e+09 -4.753784656524658203e+00 -2.526691055297851918e+01 -3.531080007553100586e+00 0.000000000000000000e+00 0.000000000000000000e+00 0.000000000000000000e+00 1.000000000000000000e+00
1.716369478368862391e+09 -4.752723217010498047e+00 -2.526719856262207031e+01 -3.530634641647338867e+00 0.000000000000000000e+00 0.000000000000000000e+00 0.000000000000000000e+00 1.000000000000000000e+00
1.716369478419121504e+09 -4.752995967864990234e+00 -2.526712799072265625e+01 -3.530727386474609375e+00 0.000000000000000000e+00 0.000000000000000000e+00 0.000000000000000000e+00 1.000000000000000000e+00
1.716369478469391108e+09 -4.753683567047119141e+00 -2.526700592041015980e+01 -3.530698776245117188e+00 0.000000000000000000e+00 0.000000000000000000e+00 0.000000000000000000e+00 1.000000000000000000e+00
1.716369478519601583e+09 -4.754057884216308594e+00 -2.526693725585937145e+01 -3.530681133270264116e+00 0.000000000000000000e+00 0.000000000000000000e+00 0.000000000000000000e+00 1.000000000000000000e+00
1.716369478569912910e+09 -4.753864288330078125e+00 -2.526699447631835938e+01 -3.530583143234252930e+00 0.000000000000000000e+00 0.000000000000000000e+00 0.000000000000000000e+00 1.000000000000000000e+00
1.716369478620491266e+09 -4.753496646881104404e+00 -2.526710510253906250e+01 -3.530368328094482422e+00 0.000000000000000000e+00 0.000000000000000000e+00 0.000000000000000000e+00 1.000000000000000000e+00
1.716369478670640945e+09 -4.753094673156738281e+00 -2.526715469360351918e+01 -3.530503034591674805e+00 0.000000000000000000e+00 0.000000000000000000e+00 0.000000000000000000e+00 1.000000000000000000e+00
1.716369478720885277e+09 -4.752802848815917969e+00 -2.526721572875976918e+01 -3.530473470687866211e+00 0.000000000000000000e+00 0.000000000000000000e+00 0.000000000000000000e+00 1.000000000000000000e+00
1.716369478821429014e+09 -4.752639770507812500e+00 -2.526727676391601562e+01 -3.530323505401611772e+00 0.000000000000000000e+00 0.000000000000000000e+00 0.000000000000000000e+00 1.000000000000000000e+00
1.716369478871590853e+09 -4.752108097076416016e+00 -2.526742172241210938e+01 -3.530089139938354492e+00 0.000000000000000000e+00 0.000000000000000000e+00 0.000000000000000000e+00 1.000000000000000000e+00
1.716369478972768545e+09 -4.751857757568359375e+00 -2.526745796203613281e+01 -3.530151844024658203e+00 0.000000000000000000e+00 0.000000000000000000e+00 0.000000000000000000e+00 1.000000000000000000e+00
1.716369479022356749e+09 -4.751443862915039062e+00 -2.526756668090820312e+01 -3.529987573623656782e+00 0.000000000000000000e+00 0.000000000000000000e+00 0.000000000000000000e+00 1.000000000000000000e+00
1.716369479072787523e+09 -4.751599311828613281e+00 -2.526756286621093750e+01 -3.529866456985473633e+00 0.000000000000000000e+00 0.000000000000000000e+00 0.000000000000000000e+00 1.000000000000000000e+00
1.716369479122832298e+09 -4.751600742340087891e+00 -2.526855278015136719e+01 -3.530096292495727539e+00 0.000000000000000000e+00 0.000000000000000000e+00 0.000000000000000000e+00 1.000000000000000000e+00
1.716369479223388195e+09 -4.750894069671630859e+00 -2.526866912841796875e+01 -3.530183315277100053e+00 0.000000000000000000e+00 0.000000000000000000e+00 0.000000000000000000e+00 1.000000000000000000e+00
1.716369479324536324e+09 -4.750800609588623047e+00 -2.526865768432616832e+01 -3.530330657958984375e+00 0.000000000000000000e+00 0.000000000000000000e+00 0.000000000000000000e+00 1.000000000000000000e+00
1.716369479374022961e+09 -4.750805377960205078e+00 -2.526840972900390270e+01 -3.531568527221680132e+00 0.000000000000000000e+00 0.000000000000000000e+00 0.000000000000000000e+00 1.000000000000000000e+00
1.716369479424335241e+09 -4.751160144805908203e+00 -2.526853942871093750e+01 -3.530583143234252930e+00 0.000000000000000000e+00 0.000000000000000000e+00 0.000000000000000000e+00 1.000000000000000000e+00
1.716369479525175571e+09 -4.751300334930419922e+00 -2.526743888854980469e+01 -3.530771493911743164e+00 0.000000000000000000e+00 0.000000000000000000e+00 0.000000000000000000e+00 1.000000000000000000e+00
1.716369479575458765e+09 -4.751555442810058594e+00 -2.526742362976074574e+01 -3.530608415603637695e+00 0.000000000000000000e+00 0.000000000000000000e+00 0.000000000000000000e+00 1.000000000000000000e+00
1.716369479625318766e+09 -4.751646518707275391e+00 -2.526641845703125000e+01 -3.530358314514160156e+00 0.000000000000000000e+00 0.000000000000000000e+00 0.000000000000000000e+00 1.000000000000000000e+00
1.716369479675404072e+09 -4.752575397491455078e+00 -2.526625633239746094e+01 -3.530298948287963867e+00 0.000000000000000000e+00 0.000000000000000000e+00 0.000000000000000000e+00 1.000000000000000000e+00
1.716369479725720406e+09 -4.752375602722167969e+00 -2.526527404785155895e+01 -3.530214309692382812e+00 0.000000000000000000e+00 0.000000000000000000e+00 0.000000000000000000e+00 1.000000000000000000e+00
1.716369479826217413e+09 -4.752241134643554688e+00 -2.526536369323730469e+01 -3.529888868331909180e+00 0.000000000000000000e+00 0.000000000000000000e+00 0.000000000000000000e+00 1.000000000000000000e+00
1.716369479876415253e+09 -4.751033306121826172e+00 -2.526562690734863637e+01 -3.529710292816162109e+00 0.000000000000000000e+00 0.000000000000000000e+00 0.000000000000000000e+00 1.000000000000000000e+00
1.716369479926602125e+09 -4.749875545501708984e+00 -2.526505661010742543e+01 -3.528457164764404297e+00 0.000000000000000000e+00 0.000000000000000000e+00 0.000000000000000000e+00 1.000000000000000000e+00
1.716369479976826191e+09 -4.747607231140136719e+00 -2.526586532592773082e+01 -3.526524305343627930e+00 0.000000000000000000e+00 0.000000000000000000e+00 0.000000000000000000e+00 1.000000000000000000e+00
1.716369480077753544e+09 -4.744949817657470703e+00 -2.526569366455078125e+01 -3.524672746658325195e+00 0.000000000000000000e+00 0.000000000000000000e+00 0.000000000000000000e+00 1.000000000000000000e+00
1.716369480127932072e+09 -4.740267276763916016e+00 -2.526613616943359730e+01 -3.521650075912476030e+00 0.000000000000000000e+00 0.000000000000000000e+00 0.000000000000000000e+00 1.000000000000000000e+00
1.716369480178231955e+09 -4.737941265106201172e+00 -2.526581764221191762e+01 -3.520226001739501953e+00 0.000000000000000000e+00 0.000000000000000000e+00 0.000000000000000000e+00 1.000000000000000000e+00
1.716369480229189157e+09 -4.735801219940185547e+00 -2.526590538024902344e+01 -3.516570091247558594e+00 0.000000000000000000e+00 0.000000000000000000e+00 0.000000000000000000e+00 1.000000000000000000e+00
1.716369480278849602e+09 -4.733520984649658203e+00 -2.526314544677734375e+01 -3.511722087860107422e+00 0.000000000000000000e+00 0.000000000000000000e+00 0.000000000000000000e+00 1.000000000000000000e+00
1.716369480328871012e+09 -4.730921745300292969e+00 -2.526159477233886719e+01 -3.506289482116699219e+00 0.000000000000000000e+00 0.000000000000000000e+00 0.000000000000000000e+00 1.000000000000000000e+00
1.716369480429298401e+09 -4.722990512847900391e+00 -2.526085853576660156e+01 -3.491272211074829102e+00 0.000000000000000000e+00 0.000000000000000000e+00 0.000000000000000000e+00 1.000000000000000000e+00
1.716369480479814768e+09 -4.718784809112548828e+00 -2.526166152954101562e+01 -3.480640649795531782e+00 0.000000000000000000e+00 0.000000000000000000e+00 0.000000000000000000e+00 1.000000000000000000e+00
1.716369480529748201e+09 -4.714658260345458984e+00 -2.526169204711914062e+01 -3.468564033508300781e+00 0.000000000000000000e+00 0.000000000000000000e+00 0.000000000000000000e+00 1.000000000000000000e+00
1.716369480630708218e+09 -4.709974288940429688e+00 -2.525777435302734375e+01 -3.456000804901123047e+00 0.000000000000000000e+00 0.000000000000000000e+00 0.000000000000000000e+00 1.000000000000000000e+00
1.716369480680531502e+09 -4.704434394836425781e+00 -2.525983047485351918e+01 -3.429486989974976030e+00 0.000000000000000000e+00 0.000000000000000000e+00 0.000000000000000000e+00 1.000000000000000000e+00
1.716369480730749369e+09 -4.702098846435546875e+00 -2.526084136962890270e+01 -3.415845155715942383e+00 0.000000000000000000e+00 0.000000000000000000e+00 0.000000000000000000e+00 1.000000000000000000e+00
1.716369480832330704e+09 -4.699984073638916016e+00 -2.526115226745605113e+01 -3.400224447250366211e+00 0.000000000000000000e+00 0.000000000000000000e+00 0.000000000000000000e+00 1.000000000000000000e+00
1.716369480882752180e+09 -4.698775768280029297e+00 -2.526323890686035156e+01 -3.369049310684204102e+00 0.000000000000000000e+00 0.000000000000000000e+00 0.000000000000000000e+00 1.000000000000000000e+00
1.716369480938954353e+09 -4.700039863586425781e+00 -2.526393699645996094e+01 -3.353378057479858398e+00 0.000000000000000000e+00 0.000000000000000000e+00 0.000000000000000000e+00 1.000000000000000000e+00
1.716369480984325647e+09 -4.701454162597656250e+00 -2.526567840576171875e+01 -3.337463617324829102e+00 0.000000000000000000e+00 0.000000000000000000e+00 0.000000000000000000e+00 1.000000000000000000e+00
1.716369481033285141e+09 -4.701556682586669922e+00 -2.526663589477539062e+01 -3.321454524993896484e+00 0.000000000000000000e+00 0.000000000000000000e+00 0.000000000000000000e+00 1.000000000000000000e+00
1.716369481083569527e+09 -4.701052665710449219e+00 -2.526879692077636719e+01 -3.305101871490478516e+00 0.000000000000000000e+00 0.000000000000000000e+00 0.000000000000000000e+00 1.000000000000000000e+00
1.716369481133625269e+09 -4.701289653778076172e+00 -2.527194976806640625e+01 -3.288195371627808061e+00 0.000000000000000000e+00 0.000000000000000000e+00 0.000000000000000000e+00 1.000000000000000000e+00
1.716369481184961557e+09 -4.705576896667480469e+00 -2.527947235107421875e+01 -3.254935741424560547e+00 0.000000000000000000e+00 0.000000000000000000e+00 0.000000000000000000e+00 1.000000000000000000e+00
1.716369481285459757e+09 -4.710313320159912109e+00 -2.528542900085448863e+01 -3.240491390228271484e+00 0.000000000000000000e+00 0.000000000000000000e+00 0.000000000000000000e+00 1.000000000000000000e+00
1.716369481334522009e+09 -4.715962886810302734e+00 -2.529003334045410156e+01 -3.226781368255615234e+00 0.000000000000000000e+00 0.000000000000000000e+00 0.000000000000000000e+00 1.000000000000000000e+00
1.716369481384840012e+09 -4.721065044403076172e+00 -2.529328727722167969e+01 -3.209710597991943803e+00 0.000000000000000000e+00 0.000000000000000000e+00 0.000000000000000000e+00 1.000000000000000000e+00
1.716369481434647322e+09 -4.726805210113525391e+00 -2.529750823974609375e+01 -3.192277431488037109e+00 0.000000000000000000e+00 0.000000000000000000e+00 0.000000000000000000e+00 1.000000000000000000e+00
1.716369481484578371e+09 -4.733675479888916016e+00 -2.530014991760253906e+01 -3.176593542098999023e+00 0.000000000000000000e+00 0.000000000000000000e+00 0.000000000000000000e+00 1.000000000000000000e+00
1.716369481534796953e+09 -4.740428924560546875e+00 -2.530188179016113281e+01 -3.160285472869873047e+00 0.000000000000000000e+00 0.000000000000000000e+00 0.000000000000000000e+00 1.000000000000000000e+00
1.716369481584804535e+09 -4.747523784637451172e+00 -2.530338859558105113e+01 -3.144790887832641602e+00 0.000000000000000000e+00 0.000000000000000000e+00 0.000000000000000000e+00 1.000000000000000000e+00
1.716369481634950399e+09 -4.753778934478759766e+00 -2.530389213562012074e+01 -3.129925489425659180e+00 0.000000000000000000e+00 0.000000000000000000e+00 0.000000000000000000e+00 1.000000000000000000e+00
1.716369481685267210e+09 -4.758551597595214844e+00 -2.530350494384765625e+01 -3.115758180618286133e+00 0.000000000000000000e+00 0.000000000000000000e+00 0.000000000000000000e+00 1.000000000000000000e+00
1.716369481735439777e+09 -4.763098716735839844e+00 -2.530203628540039062e+01 -3.102043390274047852e+00 0.000000000000000000e+00 0.000000000000000000e+00 0.000000000000000000e+00 1.000000000000000000e+00
1.716369481785651207e+09 -4.768517017364501953e+00 -2.530124664306640625e+01 -3.089336395263671875e+00 0.000000000000000000e+00 0.000000000000000000e+00 0.000000000000000000e+00 1.000000000000000000e+00
1.716369481835978031e+09 -4.773631095886231357e+00 -2.529944419860839844e+01 -3.076797962188720703e+00 0.000000000000000000e+00 0.000000000000000000e+00 0.000000000000000000e+00 1.000000000000000000e+00
1.716369481886926889e+09 -4.778397083282470703e+00 -2.529768180847167969e+01 -3.064351797103881836e+00 0.000000000000000000e+00 0.000000000000000000e+00 0.000000000000000000e+00 1.000000000000000000e+00
1.716369481936311722e+09 -4.781451225280761719e+00 -2.529031181335448863e+01 -3.050377368927001953e+00 0.000000000000000000e+00 0.000000000000000000e+00 0.000000000000000000e+00 1.000000000000000000e+00
1.716369481986679077e+09 -4.785466670989990234e+00 -2.528776550292968750e+01 -3.037259340286254883e+00 0.000000000000000000e+00 0.000000000000000000e+00 0.000000000000000000e+00 1.000000000000000000e+00
1.716369482036797523e+09 -4.794050216674804688e+00 -2.527965736389160156e+01 -3.009837388992309570e+00 0.000000000000000000e+00 0.000000000000000000e+00 0.000000000000000000e+00 1.000000000000000000e+00
1.716369482137463331e+09 -4.798593044281005859e+00 -2.526915168762207031e+01 -2.994299173355102539e+00 0.000000000000000000e+00 0.000000000000000000e+00 0.000000000000000000e+00 1.000000000000000000e+00
1.716369482187407732e+09 -4.803271293640136719e+00 -2.526177024841308949e+01 -2.978428363800048828e+00 0.000000000000000000e+00 0.000000000000000000e+00 0.000000000000000000e+00 1.000000000000000000e+00
1.716369482237649679e+09 -4.807065963745117188e+00 -2.525461196899414062e+01 -2.962191343307495117e+00 0.000000000000000000e+00 0.000000000000000000e+00 0.000000000000000000e+00 1.000000000000000000e+00
1.716369482287805557e+09 -4.809562206268311435e+00 -2.524690246582031250e+01 -2.944564342498779741e+00 0.000000000000000000e+00 0.000000000000000000e+00 0.000000000000000000e+00 1.000000000000000000e+00
1.716369482338328362e+09 -4.811618804931640625e+00 -2.522789001464844105e+01 -2.927006721496582031e+00 0.000000000000000000e+00 0.000000000000000000e+00 0.000000000000000000e+00 1.000000000000000000e+00
1.716369482388605833e+09 -4.815227985382080078e+00 -2.521791648864746094e+01 -2.909168004989624023e+00 0.000000000000000000e+00 0.000000000000000000e+00 0.000000000000000000e+00 1.000000000000000000e+00
1.716369482438896418e+09 -4.817084312438964844e+00 -2.521170234680176137e+01 -2.889387130737304688e+00 0.000000000000000000e+00 0.000000000000000000e+00 0.000000000000000000e+00 1.000000000000000000e+00
1.716369482539044857e+09 -4.820614337921142578e+00 -2.518568801879882812e+01 -2.844722032546997070e+00 0.000000000000000000e+00 0.000000000000000000e+00 0.000000000000000000e+00 1.000000000000000000e+00
1.716369482639507055e+09 -4.823620796203613281e+00 -2.517975234985351918e+01 -2.821770191192626953e+00 0.000000000000000000e+00 0.000000000000000000e+00 0.000000000000000000e+00 1.000000000000000000e+00
1.716369482690516472e+09 -4.830877780914306641e+00 -2.516769790649414062e+01 -2.775174140930175781e+00 0.000000000000000000e+00 0.000000000000000000e+00 0.000000000000000000e+00 1.000000000000000000e+00
1.716369482739881754e+09 -4.833329200744628906e+00 -2.515500640869140625e+01 -2.749714851379394531e+00 0.000000000000000000e+00 0.000000000000000000e+00 0.000000000000000000e+00 1.000000000000000000e+00
1.716369482840405464e+09 -4.840927124023437500e+00 -2.514650535583496094e+01 -2.699226379394531250e+00 0.000000000000000000e+00 0.000000000000000000e+00 0.000000000000000000e+00 1.000000000000000000e+00
1.716369482890783072e+09 -4.847800731658936435e+00 -2.514015960693359730e+01 -2.648437261581420898e+00 0.000000000000000000e+00 0.000000000000000000e+00 0.000000000000000000e+00 1.000000000000000000e+00
1.716369483041364908e+09 -4.855845928192138672e+00 -2.513535118103027699e+01 -2.598871231079101562e+00 0.000000000000000000e+00 0.000000000000000000e+00 0.000000000000000000e+00 1.000000000000000000e+00
1.716369483141936064e+09 -4.862549781799316406e+00 -2.513748168945312500e+01 -2.545643091201782227e+00 0.000000000000000000e+00 0.000000000000000000e+00 0.000000000000000000e+00 1.000000000000000000e+00
1.716369483192968607e+09 -4.865557193756104404e+00 -2.513708496093750000e+01 -2.518644571304321289e+00 0.000000000000000000e+00 0.000000000000000000e+00 0.000000000000000000e+00 1.000000000000000000e+00
1.716369483242957115e+09 -4.871666431427001953e+00 -2.513866996765136719e+01 -2.494679927825928178e+00 0.000000000000000000e+00 0.000000000000000000e+00 0.000000000000000000e+00 1.000000000000000000e+00
1.716369483293487787e+09 -4.874929904937744141e+00 -2.514212226867676137e+01 -2.468760251998901367e+00 0.000000000000000000e+00 0.000000000000000000e+00 0.000000000000000000e+00 1.000000000000000000e+00
1.716369483394145966e+09 -4.880236625671386719e+00 -2.514817810058593750e+01 -2.416743993759155718e+00 0.000000000000000000e+00 0.000000000000000000e+00 0.000000000000000000e+00 1.000000000000000000e+00
1.716369483443482399e+09 -4.882266521453857422e+00 -2.514852905273437145e+01 -2.391900062561035156e+00 0.000000000000000000e+00 0.000000000000000000e+00 0.000000000000000000e+00 1.000000000000000000e+00
1.716369483493965626e+09 -4.886537551879882812e+00 -2.515205574035644531e+01 -2.343234062194824219e+00 0.000000000000000000e+00 0.000000000000000000e+00 0.000000000000000000e+00 1.000000000000000000e+00
1.716369483594107866e+09 -4.890708446502685547e+00 -2.515255165100097656e+01 -2.321022272109985352e+00 0.000000000000000000e+00 0.000000000000000000e+00 0.000000000000000000e+00 1.000000000000000000e+00
1.716369483644534111e+09 -4.893217563629150391e+00 -2.515042495727539062e+01 -2.297711610794067383e+00 0.000000000000000000e+00 0.000000000000000000e+00 0.000000000000000000e+00 1.000000000000000000e+00
1.716369483694570303e+09 -4.895847797393798828e+00 -2.515041351318359730e+01 -2.273740053176879883e+00 0.000000000000000000e+00 0.000000000000000000e+00 0.000000000000000000e+00 1.000000000000000000e+00
1.716369483744811296e+09 -4.898244380950927734e+00 -2.514903068542480469e+01 -2.252222537994384766e+00 0.000000000000000000e+00 0.000000000000000000e+00 0.000000000000000000e+00 1.000000000000000000e+00
1.716369483795479298e+09 -4.903232574462890625e+00 -2.514609527587890270e+01 -2.209724903106689009e+00 0.000000000000000000e+00 0.000000000000000000e+00 0.000000000000000000e+00 1.000000000000000000e+00
1.716369483945907831e+09 -4.906053543090820312e+00 -2.513815116882323863e+01 -2.189914703369140625e+00 0.000000000000000000e+00 0.000000000000000000e+00 0.000000000000000000e+00 1.000000000000000000e+00
1.716369483996786594e+09 -4.919611454010009766e+00 -2.512180519104003906e+01 -2.142436504364013672e+00 0.000000000000000000e+00 0.000000000000000000e+00 0.000000000000000000e+00 1.000000000000000000e+00
1.716369484046327591e+09 -4.923496723175048828e+00 -2.511471748352050781e+01 -2.129188776016235796e+00 0.000000000000000000e+00 0.000000000000000000e+00 0.000000000000000000e+00 1.000000000000000000e+00
1.716369484146982908e+09 -4.927356243133544922e+00 -2.509935951232910156e+01 -2.116194486618041992e+00 0.000000000000000000e+00 0.000000000000000000e+00 0.000000000000000000e+00 1.000000000000000000e+00
1.716369484197258711e+09 -4.939634323120117188e+00 -2.508213806152344105e+01 -2.097390890121459961e+00 0.000000000000000000e+00 0.000000000000000000e+00 0.000000000000000000e+00 1.000000000000000000e+00
1.716369484297816038e+09 -4.945598602294921875e+00 -2.506363868713378906e+01 -2.088954448699951172e+00 0.000000000000000000e+00 0.000000000000000000e+00 0.000000000000000000e+00 1.000000000000000000e+00
1.716369484347929716e+09 -4.953933238983154297e+00 -2.505246925354003906e+01 -2.083550214767456055e+00 0.000000000000000000e+00 0.000000000000000000e+00 0.000000000000000000e+00 1.000000000000000000e+00
1.716369484397922039e+09 -4.972775459289550781e+00 -2.503017997741699219e+01 -2.076496362686156782e+00 0.000000000000000000e+00 0.000000000000000000e+00 0.000000000000000000e+00 1.000000000000000000e+00
1.716369484448036671e+09 -4.983217716217041016e+00 -2.501915550231933594e+01 -2.074261188507080078e+00 0.000000000000000000e+00 0.000000000000000000e+00 0.000000000000000000e+00 1.000000000000000000e+00
1.716369484548478603e+09 -4.992175102233886719e+00 -2.500123596191406250e+01 -2.071871042251586914e+00 0.000000000000000000e+00 0.000000000000000000e+00 0.000000000000000000e+00 1.000000000000000000e+00
1.716369484648819923e+09 -5.027556896209716797e+00 -2.496998405456542969e+01 -2.067964553833007812e+00 0.000000000000000000e+00 0.000000000000000000e+00 0.000000000000000000e+00 1.000000000000000000e+00
1.716369484699464083e+09 -5.040390968322753906e+00 -2.495930290222167969e+01 -2.066924095153808594e+00 0.000000000000000000e+00 0.000000000000000000e+00 0.000000000000000000e+00 1.000000000000000000e+00
1.716369484799974203e+09 -5.064980030059815341e+00 -2.493174743652344105e+01 -2.066306352615356445e+00 0.000000000000000000e+00 0.000000000000000000e+00 0.000000000000000000e+00 1.000000000000000000e+00
1.716369484902797937e+09 -5.089982509613037109e+00 -2.491300773620605113e+01 -2.068066120147705078e+00 0.000000000000000000e+00 0.000000000000000000e+00 0.000000000000000000e+00 1.000000000000000000e+00
1.716369485050955296e+09 -5.124131202697753906e+00 -2.488093376159667969e+01 -2.070396900177001953e+00 0.000000000000000000e+00 0.000000000000000000e+00 0.000000000000000000e+00 1.000000000000000000e+00
1.716369485100908518e+09 -5.135321617126464844e+00 -2.487335395812988281e+01 -2.071208477020264116e+00 0.000000000000000000e+00 0.000000000000000000e+00 0.000000000000000000e+00 1.000000000000000000e+00
1.716369485151111603e+09 -5.145375728607177734e+00 -2.486199569702148438e+01 -2.071217298507690430e+00 0.000000000000000000e+00 0.000000000000000000e+00 0.000000000000000000e+00 1.000000000000000000e+00
1.716369485201352358e+09 -5.155110359191895419e+00 -2.485495185852050781e+01 -2.070315837860107422e+00 0.000000000000000000e+00 0.000000000000000000e+00 0.000000000000000000e+00 1.000000000000000000e+00
1.716369485251653194e+09 -5.163704395294189453e+00 -2.484827613830566406e+01 -2.068464756011962891e+00 0.000000000000000000e+00 0.000000000000000000e+00 0.000000000000000000e+00 1.000000000000000000e+00
1.716369485301851034e+09 -5.172097206115722656e+00 -2.484170532226562500e+01 -2.066132545471191406e+00 0.000000000000000000e+00 0.000000000000000000e+00 0.000000000000000000e+00 1.000000000000000000e+00
1.716369485402072906e+09 -5.186448097229003906e+00 -2.482480812072753906e+01 -2.055146932601928711e+00 0.000000000000000000e+00 0.000000000000000000e+00 0.000000000000000000e+00 1.000000000000000000e+00
1.716369485452215433e+09 -5.191944599151611328e+00 -2.481944084167480469e+01 -2.048549652099609375e+00 0.000000000000000000e+00 0.000000000000000000e+00 0.000000000000000000e+00 1.000000000000000000e+00
1.716369485503068924e+09 -5.195491313934326172e+00 -2.481567764282226562e+01 -2.040769100189208984e+00 0.000000000000000000e+00 0.000000000000000000e+00 0.000000000000000000e+00 1.000000000000000000e+00
1.716369485554066658e+09 -5.199114322662353516e+00 -2.481182861328125000e+01 -2.033453702926636186e+00 0.000000000000000000e+00 0.000000000000000000e+00 0.000000000000000000e+00 1.000000000000000000e+00
1.716369485653434038e+09 -5.201981544494628906e+00 -2.480396842956542969e+01 -2.026437520980834961e+00 0.000000000000000000e+00 0.000000000000000000e+00 0.000000000000000000e+00 1.000000000000000000e+00
1.716369485703809977e+09 -5.205181121826171875e+00 -2.480114746093750000e+01 -2.019746303558349609e+00 0.000000000000000000e+00 0.000000000000000000e+00 0.000000000000000000e+00 1.000000000000000000e+00
1.716369485753793001e+09 -5.206577777862548828e+00 -2.479889678955078125e+01 -2.004346847534180132e+00 0.000000000000000000e+00 0.000000000000000000e+00 0.000000000000000000e+00 1.000000000000000000e+00
1.716369485904848099e+09 -5.209969997406005859e+00 -2.479437637329101562e+01 -1.987367510795593262e+00 0.000000000000000000e+00 0.000000000000000000e+00 0.000000000000000000e+00 1.000000000000000000e+00
1.716369485954691172e+09 -5.199446201324462891e+00 -2.479542160034180043e+01 -1.973534703254699929e+00 0.000000000000000000e+00 0.000000000000000000e+00 0.000000000000000000e+00 1.000000000000000000e+00
1.716369486004822969e+09 -5.196846961975097656e+00 -2.479667472839355469e+01 -1.968449592590332031e+00 0.000000000000000000e+00 0.000000000000000000e+00 0.000000000000000000e+00 1.000000000000000000e+00
1.716369486105204582e+09 -5.186760425567626953e+00 -2.480328559875488281e+01 -1.958321571350097656e+00 0.000000000000000000e+00 0.000000000000000000e+00 0.000000000000000000e+00 1.000000000000000000e+00
1.716369486155292749e+09 -5.180379390716552734e+00 -2.480739784240722656e+01 -1.953154206275939941e+00 0.000000000000000000e+00 0.000000000000000000e+00 0.000000000000000000e+00 1.000000000000000000e+00
1.716369486205628633e+09 -5.173296928405761719e+00 -2.481247711181640625e+01 -1.949463725090026855e+00 0.000000000000000000e+00 0.000000000000000000e+00 0.000000000000000000e+00 1.000000000000000000e+00
1.716369486306190014e+09 -5.157597064971923828e+00 -2.482990646362304688e+01 -1.943946480751037598e+00 0.000000000000000000e+00 0.000000000000000000e+00 0.000000000000000000e+00 1.000000000000000000e+00
1.716369486356511116e+09 -5.147641181945800781e+00 -2.483750152587890270e+01 -1.941212058067321555e+00 0.000000000000000000e+00 0.000000000000000000e+00 0.000000000000000000e+00 1.000000000000000000e+00
1.716369486406776905e+09 -5.139109611511231357e+00 -2.484582138061523438e+01 -1.938523888587952104e+00 0.000000000000000000e+00 0.000000000000000000e+00 0.000000000000000000e+00 1.000000000000000000e+00
1.716369486507196426e+09 -5.130878925323486328e+00 -2.486017036437988281e+01 -1.936442971229552779e+00 0.000000000000000000e+00 0.000000000000000000e+00 0.000000000000000000e+00 1.000000000000000000e+00
1.716369486557158470e+09 -5.119565486907958984e+00 -2.487290763854980469e+01 -1.935703039169311523e+00 0.000000000000000000e+00 0.000000000000000000e+00 0.000000000000000000e+00 1.000000000000000000e+00
1.716369486607347965e+09 -5.106603145599365234e+00 -2.488410186767578125e+01 -1.933584809303283913e+00 0.000000000000000000e+00 0.000000000000000000e+00 0.000000000000000000e+00 1.000000000000000000e+00
1.716369486657606602e+09 -5.096020221710205078e+00 -2.490391540527344105e+01 -1.932593941688537598e+00 0.000000000000000000e+00 0.000000000000000000e+00 0.000000000000000000e+00 1.000000000000000000e+00
1.716369486707399607e+09 -5.081885337829589844e+00 -2.491719245910644531e+01 -1.931935667991638406e+00 0.000000000000000000e+00 0.000000000000000000e+00 0.000000000000000000e+00 1.000000000000000000e+00
1.716369486757880688e+09 -5.066380023956298828e+00 -2.493071556091308949e+01 -1.931416988372802734e+00 0.000000000000000000e+00 0.000000000000000000e+00 0.000000000000000000e+00 1.000000000000000000e+00
1.716369486807926416e+09 -5.050633907318115234e+00 -2.494525146484375000e+01 -1.931291937828063965e+00 0.000000000000000000e+00 0.000000000000000000e+00 0.000000000000000000e+00 1.000000000000000000e+00
1.716369486857958794e+09 -5.017774105072021484e+00 -2.497550773620605113e+01 -1.931618094444274902e+00 0.000000000000000000e+00 0.000000000000000000e+00 0.000000000000000000e+00 1.000000000000000000e+00
1.716369486958173990e+09 -4.984559059143066406e+00 -2.501781272888183949e+01 -1.934198737144470437e+00 0.000000000000000000e+00 0.000000000000000000e+00 0.000000000000000000e+00 1.000000000000000000e+00
1.716369487008703947e+09 -4.966488838195800781e+00 -2.503567886352539062e+01 -1.935135006904602051e+00 0.000000000000000000e+00 0.000000000000000000e+00 0.000000000000000000e+00 1.000000000000000000e+00
1.716369487058675528e+09 -4.946810245513916016e+00 -2.505390930175780895e+01 -1.935586571693420410e+00 0.000000000000000000e+00 0.000000000000000000e+00 0.000000000000000000e+00 1.000000000000000000e+00
1.716369487109093428e+09 -4.926779270172119141e+00 -2.507210540771484375e+01 -1.936661124229431152e+00 0.000000000000000000e+00 0.000000000000000000e+00 0.000000000000000000e+00 1.000000000000000000e+00
1.716369487209598541e+09 -4.908256053924560547e+00 -2.510306549072265625e+01 -1.939814448356628418e+00 0.000000000000000000e+00 0.000000000000000000e+00 0.000000000000000000e+00 1.000000000000000000e+00
1.716369487259585619e+09 -4.888092994689941406e+00 -2.512126159667968750e+01 -1.940742850303649902e+00 0.000000000000000000e+00 0.000000000000000000e+00 0.000000000000000000e+00 1.000000000000000000e+00
1.716369487309828520e+09 -4.866545677185058594e+00 -2.514074516296386719e+01 -1.941578507423400879e+00 0.000000000000000000e+00 0.000000000000000000e+00 0.000000000000000000e+00 1.000000000000000000e+00
1.716369487410432577e+09 -4.800458908081054688e+00 -2.521326446533203125e+01 -1.947316050529479980e+00 0.000000000000000000e+00 0.000000000000000000e+00 0.000000000000000000e+00 1.000000000000000000e+00
1.716369487460535765e+09 -4.776097297668457031e+00 -2.523317718505859730e+01 -1.948166966438293235e+00 0.000000000000000000e+00 0.000000000000000000e+00 0.000000000000000000e+00 1.000000000000000000e+00
1.716369487560974360e+09 -4.726236820220947266e+00 -2.527433776855468750e+01 -1.948484897613525169e+00 0.000000000000000000e+00 0.000000000000000000e+00 0.000000000000000000e+00 1.000000000000000000e+00
1.716369487661597013e+09 -4.704899311065673828e+00 -2.531302833557128906e+01 -1.949809789657592773e+00 0.000000000000000000e+00 0.000000000000000000e+00 0.000000000000000000e+00 1.000000000000000000e+00
1.716369487711650610e+09 -4.650387287139892578e+00 -2.535835456848144531e+01 -1.946975708007812500e+00 0.000000000000000000e+00 0.000000000000000000e+00 0.000000000000000000e+00 1.000000000000000000e+00
1.716369487761937141e+09 -4.622864723205566406e+00 -2.538101577758789062e+01 -1.945507287979125977e+00 0.000000000000000000e+00 0.000000000000000000e+00 0.000000000000000000e+00 1.000000000000000000e+00
1.716369487862545490e+09 -4.601206302642822266e+00 -2.542193031311035156e+01 -1.944976925849914329e+00 0.000000000000000000e+00 0.000000000000000000e+00 0.000000000000000000e+00 1.000000000000000000e+00
1.716369487913279295e+09 -4.546854972839356357e+00 -2.546849250793457031e+01 -1.938117384910583496e+00 0.000000000000000000e+00 0.000000000000000000e+00 0.000000000000000000e+00 1.000000000000000000e+00
1.716369487964226246e+09 -4.518417835235595703e+00 -2.549252891540527699e+01 -1.934121727943420410e+00 0.000000000000000000e+00 0.000000000000000000e+00 0.000000000000000000e+00 1.000000000000000000e+00
1.716369488063372374e+09 -4.465241432189941406e+00 -2.555891799926757457e+01 -1.928842782974243164e+00 0.000000000000000000e+00 0.000000000000000000e+00 0.000000000000000000e+00 1.000000000000000000e+00
1.716369488114063263e+09 -4.436170578002929688e+00 -2.558299064636230469e+01 -1.924449563026428001e+00 0.000000000000000000e+00 0.000000000000000000e+00 0.000000000000000000e+00 1.000000000000000000e+00
1.716369488163827896e+09 -4.406378746032714844e+00 -2.560820007324218750e+01 -1.919807672500610352e+00 0.000000000000000000e+00 0.000000000000000000e+00 0.000000000000000000e+00 1.000000000000000000e+00
1.716369488214290380e+09 -4.377537727355957031e+00 -2.563313293457031250e+01 -1.915680170059204102e+00 0.000000000000000000e+00 0.000000000000000000e+00 0.000000000000000000e+00 1.000000000000000000e+00
1.716369488264722109e+09 -4.350576400756835938e+00 -2.567488098144531250e+01 -1.913143038749694824e+00 0.000000000000000000e+00 0.000000000000000000e+00 0.000000000000000000e+00 1.000000000000000000e+00
1.716369488314544439e+09 -4.320739746093750000e+00 -2.569997406005859730e+01 -1.908400058746337891e+00 0.000000000000000000e+00 0.000000000000000000e+00 0.000000000000000000e+00 1.000000000000000000e+00
1.716369488364938974e+09 -4.289913177490234375e+00 -2.572329330444335938e+01 -1.902510046958923562e+00 0.000000000000000000e+00 0.000000000000000000e+00 0.000000000000000000e+00 1.000000000000000000e+00
1.716369488415142775e+09 -4.262113094329833984e+00 -2.574880218505859730e+01 -1.899116158485412820e+00 0.000000000000000000e+00 0.000000000000000000e+00 0.000000000000000000e+00 1.000000000000000000e+00
1.716369488466221333e+09 -4.236672878265380859e+00 -2.578807640075683949e+01 -1.896577954292297141e+00 0.000000000000000000e+00 0.000000000000000000e+00 0.000000000000000000e+00 1.000000000000000000e+00
1.716369488515551805e+09 -4.206011295318604404e+00 -2.581006240844726562e+01 -1.891823410987854004e+00 0.000000000000000000e+00 0.000000000000000000e+00 0.000000000000000000e+00 1.000000000000000000e+00
1.716369488616029978e+09 -4.145083904266357422e+00 -2.585585975646972656e+01 -1.882433652877808061e+00 0.000000000000000000e+00 0.000000000000000000e+00 0.000000000000000000e+00 1.000000000000000000e+00
1.716369488666677237e+09 -4.116238117218017578e+00 -2.589149093627929688e+01 -1.879372835159301536e+00 0.000000000000000000e+00 0.000000000000000000e+00 0.000000000000000000e+00 1.000000000000000000e+00
1.716369488716590643e+09 -4.084937095642089844e+00 -2.591129493713378906e+01 -1.875060439109802468e+00 0.000000000000000000e+00 0.000000000000000000e+00 0.000000000000000000e+00 1.000000000000000000e+00
1.716369488766798735e+09 -4.053645610809326172e+00 -2.593199348449707031e+01 -1.871362566947937012e+00 0.000000000000000000e+00 0.000000000000000000e+00 0.000000000000000000e+00 1.000000000000000000e+00
1.716369488817000389e+09 -4.022559642791748047e+00 -2.595152473449707031e+01 -1.868192195892333984e+00 0.000000000000000000e+00 0.000000000000000000e+00 0.000000000000000000e+00 1.000000000000000000e+00
1.716369488867621422e+09 -3.994077205657958984e+00 -2.598161315917968750e+01 -1.866711020469665305e+00 0.000000000000000000e+00 0.000000000000000000e+00 0.000000000000000000e+00 1.000000000000000000e+00
1.716369488917554140e+09 -3.963754892349243164e+00 -2.599984359741210938e+01 -1.864147067070007546e+00 0.000000000000000000e+00 0.000000000000000000e+00 0.000000000000000000e+00 1.000000000000000000e+00
1.716369488967832565e+09 -3.934359550476074219e+00 -2.601585388183593750e+01 -1.861566662788391113e+00 0.000000000000000000e+00 0.000000000000000000e+00 0.000000000000000000e+00 1.000000000000000000e+00
1.716369489018066883e+09 -3.905709266662597656e+00 -2.603159523010253906e+01 -1.859903931617736816e+00 0.000000000000000000e+00 0.000000000000000000e+00 0.000000000000000000e+00 1.000000000000000000e+00
1.716369489068498850e+09 -3.878631591796875000e+00 -2.605603027343750000e+01 -1.859882473945617676e+00 0.000000000000000000e+00 0.000000000000000000e+00 0.000000000000000000e+00 1.000000000000000000e+00
1.716369489169975519e+09 -3.823648452758789062e+00 -2.608191680908203125e+01 -1.856421828269958496e+00 0.000000000000000000e+00 0.000000000000000000e+00 0.000000000000000000e+00 1.000000000000000000e+00
1.716369489219408035e+09 -3.797290563583374023e+00 -2.609715080261230469e+01 -1.855023622512817161e+00 0.000000000000000000e+00 0.000000000000000000e+00 0.000000000000000000e+00 1.000000000000000000e+00
1.716369489277641058e+09 -3.769013404846191850e+00 -2.611178207397460938e+01 -1.852291822433471902e+00 0.000000000000000000e+00 0.000000000000000000e+00 0.000000000000000000e+00 1.000000000000000000e+00
1.716369489320834875e+09 -3.742959976196289062e+00 -2.612590599060058238e+01 -1.850776314735412820e+00 0.000000000000000000e+00 0.000000000000000000e+00 0.000000000000000000e+00 1.000000000000000000e+00
1.716369489423022747e+09 -3.718388319015502930e+00 -2.614792060852050781e+01 -1.849352955818176492e+00 0.000000000000000000e+00 0.000000000000000000e+00 0.000000000000000000e+00 1.000000000000000000e+00
1.716369489471005201e+09 -3.666058778762817383e+00 -2.616694831848144531e+01 -1.845862150192260742e+00 0.000000000000000000e+00 0.000000000000000000e+00 0.000000000000000000e+00 1.000000000000000000e+00
1.716369489521127701e+09 -3.640055179595947266e+00 -2.617489814758300781e+01 -1.843892693519592507e+00 0.000000000000000000e+00 0.000000000000000000e+00 0.000000000000000000e+00 1.000000000000000000e+00
1.716369489571420193e+09 -3.615859270095825195e+00 -2.618646430969238281e+01 -1.843315124511718750e+00 0.000000000000000000e+00 0.000000000000000000e+00 0.000000000000000000e+00 1.000000000000000000e+00
1.716369489622651815e+09 -3.591827630996704102e+00 -2.619302558898925426e+01 -1.841733455657958984e+00 0.000000000000000000e+00 0.000000000000000000e+00 0.000000000000000000e+00 1.000000000000000000e+00
1.716369489671687841e+09 -3.567926883697509766e+00 -2.619950103759765625e+01 -1.840482234954833984e+00 0.000000000000000000e+00 0.000000000000000000e+00 0.000000000000000000e+00 1.000000000000000000e+00
1.716369489723311663e+09 -3.545418500900268999e+00 -2.620571899414062500e+01 -1.839599728584289551e+00 0.000000000000000000e+00 0.000000000000000000e+00 0.000000000000000000e+00 1.000000000000000000e+00
1.716369489771960258e+09 -3.521960973739624023e+00 -2.621003532409667969e+01 -1.838528871536254883e+00 0.000000000000000000e+00 0.000000000000000000e+00 0.000000000000000000e+00 1.000000000000000000e+00
1.716369489872536898e+09 -3.474631547927856445e+00 -2.621777725219726562e+01 -1.835296869277954102e+00 0.000000000000000000e+00 0.000000000000000000e+00 0.000000000000000000e+00 1.000000000000000000e+00
1.716369489923083782e+09 -3.450460672378540039e+00 -2.622014617919921875e+01 -1.833766341209412065e+00 0.000000000000000000e+00 0.000000000000000000e+00 0.000000000000000000e+00 1.000000000000000000e+00
1.716369489973818779e+09 -3.426904678344726562e+00 -2.622237014770508168e+01 -1.832565188407897949e+00 0.000000000000000000e+00 0.000000000000000000e+00 0.000000000000000000e+00 1.000000000000000000e+00
1.716369490023247719e+09 -3.401981830596923828e+00 -2.621966934204101562e+01 -1.831369519233704057e+00 0.000000000000000000e+00 0.000000000000000000e+00 0.000000000000000000e+00 1.000000000000000000e+00
1.716369490074124575e+09 -3.377183914184570312e+00 -2.621802139282226562e+01 -1.829561114311218484e+00 0.000000000000000000e+00 0.000000000000000000e+00 0.000000000000000000e+00 1.000000000000000000e+00
1.716369490123517513e+09 -3.351619243621826172e+00 -2.621631050109863637e+01 -1.828858017921447976e+00 0.000000000000000000e+00 0.000000000000000000e+00 0.000000000000000000e+00 1.000000000000000000e+00
1.716369490173807859e+09 -3.328133583068848100e+00 -2.621336936950683949e+01 -1.827577114105224831e+00 0.000000000000000000e+00 0.000000000000000000e+00 0.000000000000000000e+00 1.000000000000000000e+00
1.716369490224064589e+09 -3.303054571151733398e+00 -2.620354461669921875e+01 -1.825926303863525169e+00 0.000000000000000000e+00 0.000000000000000000e+00 0.000000000000000000e+00 1.000000000000000000e+00
1.716369490274299622e+09 -3.279554843902587891e+00 -2.619857788085937145e+01 -1.824287652969360352e+00 0.000000000000000000e+00 0.000000000000000000e+00 0.000000000000000000e+00 1.000000000000000000e+00
1.716369490324334145e+09 -3.253777265548706055e+00 -2.619374084472655895e+01 -1.823704957962035911e+00 0.000000000000000000e+00 0.000000000000000000e+00 0.000000000000000000e+00 1.000000000000000000e+00
1.716369490374868631e+09 -3.227343082427978516e+00 -2.617685890197753906e+01 -1.822458028793334961e+00 0.000000000000000000e+00 0.000000000000000000e+00 0.000000000000000000e+00 1.000000000000000000e+00
1.716369490424869299e+09 -3.202309131622314453e+00 -2.616987228393554688e+01 -1.821724653244018333e+00 0.000000000000000000e+00 0.000000000000000000e+00 0.000000000000000000e+00 1.000000000000000000e+00
1.716369490475196600e+09 -3.177457094192504883e+00 -2.616191864013671875e+01 -1.820259451866149902e+00 0.000000000000000000e+00 0.000000000000000000e+00 0.000000000000000000e+00 1.000000000000000000e+00
1.716369490525389194e+09 -3.152047634124755859e+00 -2.615280723571777344e+01 -1.820296764373779519e+00 0.000000000000000000e+00 0.000000000000000000e+00 0.000000000000000000e+00 1.000000000000000000e+00
1.716369490626495123e+09 -3.100458383560180664e+00 -2.611967468261718750e+01 -1.818063020706176758e+00 0.000000000000000000e+00 0.000000000000000000e+00 0.000000000000000000e+00 1.000000000000000000e+00
1.716369490676114798e+09 -3.075132131576538086e+00 -2.610737800598144531e+01 -1.818595528602600098e+00 0.000000000000000000e+00 0.000000000000000000e+00 0.000000000000000000e+00 1.000000000000000000e+00
1.716369490726337433e+09 -3.049918413162231445e+00 -2.609613990783691762e+01 -1.818518400192260742e+00 0.000000000000000000e+00 0.000000000000000000e+00 0.000000000000000000e+00 1.000000000000000000e+00
1.716369490776614666e+09 -2.999291419982910156e+00 -2.606937408447265625e+01 -1.819848775863647683e+00 0.000000000000000000e+00 0.000000000000000000e+00 0.000000000000000000e+00 1.000000000000000000e+00
1.716369490876906395e+09 -2.971693277359008789e+00 -2.603827095031738281e+01 -1.818059206008911133e+00 0.000000000000000000e+00 0.000000000000000000e+00 0.000000000000000000e+00 1.000000000000000000e+00
1.716369490927047968e+09 -2.921199560165405273e+00 -2.600720405578613281e+01 -1.820175647735595925e+00 0.000000000000000000e+00 0.000000000000000000e+00 0.000000000000000000e+00 1.000000000000000000e+00
1.716369491027674913e+09 -2.895610809326171875e+00 -2.598971557617187500e+01 -1.820709466934204102e+00 0.000000000000000000e+00 0.000000000000000000e+00 0.000000000000000000e+00 1.000000000000000000e+00
1.716369491077840805e+09 -2.868377447128295898e+00 -2.595227622985839844e+01 -1.819884896278381126e+00 0.000000000000000000e+00 0.000000000000000000e+00 0.000000000000000000e+00 1.000000000000000000e+00
1.716369491178264141e+09 -2.820222854614257812e+00 -2.591682624816894531e+01 -1.821223855018615945e+00 0.000000000000000000e+00 0.000000000000000000e+00 0.000000000000000000e+00 1.000000000000000000e+00
1.716369491229027510e+09 -2.795004606246947798e+00 -2.587917327880859730e+01 -1.819902420043945090e+00 0.000000000000000000e+00 0.000000000000000000e+00 0.000000000000000000e+00 1.000000000000000000e+00
1.716369491278775215e+09 -2.771033763885498047e+00 -2.585527992248535156e+01 -1.820788860321044922e+00 0.000000000000000000e+00 0.000000000000000000e+00 0.000000000000000000e+00 1.000000000000000000e+00
1.716369491329216480e+09 -2.749281167984008789e+00 -2.583814430236816406e+01 -1.822331786155700906e+00 0.000000000000000000e+00 0.000000000000000000e+00 0.000000000000000000e+00 1.000000000000000000e+00
1.716369491379348755e+09 -2.725259065628052202e+00 -2.581846046447753906e+01 -1.821766734123229980e+00 0.000000000000000000e+00 0.000000000000000000e+00 0.000000000000000000e+00 1.000000000000000000e+00
1.716369491430062532e+09 -2.702476024627685103e+00 -2.579658508300780895e+01 -1.821326851844788042e+00 0.000000000000000000e+00 0.000000000000000000e+00 0.000000000000000000e+00 1.000000000000000000e+00
1.716369491479553461e+09 -2.680961132049560547e+00 -2.577655792236328125e+01 -1.821130633354187012e+00 0.000000000000000000e+00 0.000000000000000000e+00 0.000000000000000000e+00 1.000000000000000000e+00
1.716369491580065250e+09 -2.658253908157348633e+00 -2.573579216003417969e+01 -1.817534089088439941e+00 0.000000000000000000e+00 0.000000000000000000e+00 0.000000000000000000e+00 1.000000000000000000e+00
1.716369491630277634e+09 -2.637692689895629883e+00 -2.571771430969238281e+01 -1.816954851150512695e+00 0.000000000000000000e+00 0.000000000000000000e+00 0.000000000000000000e+00 1.000000000000000000e+00
1.716369491680497408e+09 -2.598876476287841797e+00 -2.567752456665039062e+01 -1.813512325286864790e+00 0.000000000000000000e+00 0.000000000000000000e+00 0.000000000000000000e+00 1.000000000000000000e+00
1.716369491730920076e+09 -2.580302715301513672e+00 -2.565932464599609375e+01 -1.812024593353271706e+00 0.000000000000000000e+00 0.000000000000000000e+00 0.000000000000000000e+00 1.000000000000000000e+00
1.716369491831285000e+09 -2.543395757675170898e+00 -2.560313034057616832e+01 -1.804979205131530762e+00 0.000000000000000000e+00 0.000000000000000000e+00 0.000000000000000000e+00 1.000000000000000000e+00
1.716369491881429434e+09 -2.526885747909545898e+00 -2.558579826354980469e+01 -1.802782058715820312e+00 0.000000000000000000e+00 0.000000000000000000e+00 0.000000000000000000e+00 1.000000000000000000e+00
1.716369491931552887e+09 -2.509944915771484375e+00 -2.556957435607910156e+01 -1.800119996070861816e+00 0.000000000000000000e+00 0.000000000000000000e+00 0.000000000000000000e+00 1.000000000000000000e+00
1.716369492032256842e+09 -2.490229368209838867e+00 -2.553358078002929688e+01 -1.795685529708862305e+00 0.000000000000000000e+00 0.000000000000000000e+00 0.000000000000000000e+00 1.000000000000000000e+00
1.716369492082756519e+09 -2.458199501037597656e+00 -2.550088691711425426e+01 -1.790524840354919434e+00 0.000000000000000000e+00 0.000000000000000000e+00 0.000000000000000000e+00 1.000000000000000000e+00
1.716369492132626772e+09 -2.442531824111938477e+00 -2.548535537719726562e+01 -1.789117932319641113e+00 0.000000000000000000e+00 0.000000000000000000e+00 0.000000000000000000e+00 1.000000000000000000e+00
1.716369492182865858e+09 -2.425918817520141602e+00 -2.545405006408691762e+01 -1.785010457038879395e+00 0.000000000000000000e+00 0.000000000000000000e+00 0.000000000000000000e+00 1.000000000000000000e+00
1.716369492233051538e+09 -2.411854267120361328e+00 -2.543933105468750000e+01 -1.783877611160278320e+00 0.000000000000000000e+00 0.000000000000000000e+00 0.000000000000000000e+00 1.000000000000000000e+00
1.716369492283163071e+09 -2.397317647933959961e+00 -2.542458724975585938e+01 -1.783220052719116211e+00 0.000000000000000000e+00 0.000000000000000000e+00 0.000000000000000000e+00 1.000000000000000000e+00
1.716369492333931446e+09 -2.383862733840942383e+00 -2.540966415405273082e+01 -1.783123373985290305e+00 0.000000000000000000e+00 0.000000000000000000e+00 0.000000000000000000e+00 1.000000000000000000e+00
1.716369492383669615e+09 -2.369793176651000977e+00 -2.539469909667968750e+01 -1.783745169639587402e+00 0.000000000000000000e+00 0.000000000000000000e+00 0.000000000000000000e+00 1.000000000000000000e+00
1.716369492484304905e+09 -2.355068683624268022e+00 -2.536479759216308949e+01 -1.782843708992004395e+00 0.000000000000000000e+00 0.000000000000000000e+00 0.000000000000000000e+00 1.000000000000000000e+00
1.716369492534547567e+09 -2.328687906265258789e+00 -2.533638381958008168e+01 -1.786546230316162109e+00 0.000000000000000000e+00 0.000000000000000000e+00 0.000000000000000000e+00 1.000000000000000000e+00
1.716369492584438324e+09 -2.314653873443603516e+00 -2.532212257385253906e+01 -1.789342641830444336e+00 0.000000000000000000e+00 0.000000000000000000e+00 0.000000000000000000e+00 1.000000000000000000e+00
1.716369492685374022e+09 -2.300301551818848100e+00 -2.529394340515136719e+01 -1.790328860282897949e+00 0.000000000000000000e+00 0.000000000000000000e+00 0.000000000000000000e+00 1.000000000000000000e+00
1.716369492735241652e+09 -2.286693811416625977e+00 -2.527863121032714844e+01 -1.793013930320739524e+00 0.000000000000000000e+00 0.000000000000000000e+00 0.000000000000000000e+00 1.000000000000000000e+00
1.716369492786202431e+09 -2.259243011474609375e+00 -2.524977302551269176e+01 -1.800390362739562988e+00 0.000000000000000000e+00 0.000000000000000000e+00 0.000000000000000000e+00 1.000000000000000000e+00
1.716369492835423470e+09 -2.245924472808837891e+00 -2.523629379272460938e+01 -1.804190754890441895e+00 0.000000000000000000e+00 0.000000000000000000e+00 0.000000000000000000e+00 1.000000000000000000e+00
1.716369492935879946e+09 -2.220326423645019531e+00 -2.519638252258300781e+01 -1.809355378150939941e+00 0.000000000000000000e+00 0.000000000000000000e+00 0.000000000000000000e+00 1.000000000000000000e+00
1.716369492986164808e+09 -2.206241607666016069e+00 -2.518085861206054688e+01 -1.813668251037597656e+00 0.000000000000000000e+00 0.000000000000000000e+00 0.000000000000000000e+00 1.000000000000000000e+00
1.716369493036570549e+09 -2.193395376205444336e+00 -2.516846656799316406e+01 -1.816387057304382324e+00 0.000000000000000000e+00 0.000000000000000000e+00 0.000000000000000000e+00 1.000000000000000000e+00
1.716369493086919308e+09 -2.180295467376708984e+00 -2.514215469360351918e+01 -1.817290067672729270e+00 0.000000000000000000e+00 0.000000000000000000e+00 0.000000000000000000e+00 1.000000000000000000e+00
1.716369493137103081e+09 -2.155647754669189009e+00 -2.511880302429199219e+01 -1.818592905998229980e+00 0.000000000000000000e+00 0.000000000000000000e+00 0.000000000000000000e+00 1.000000000000000000e+00
1.716369493237484455e+09 -2.140055894851685014e+00 -2.509317016601562500e+01 -1.815833210945129172e+00 0.000000000000000000e+00 0.000000000000000000e+00 0.000000000000000000e+00 1.000000000000000000e+00
1.716369493289087296e+09 -2.128143310546875000e+00 -2.508132743835448863e+01 -1.813523292541503906e+00 0.000000000000000000e+00 0.000000000000000000e+00 0.000000000000000000e+00 1.000000000000000000e+00
1.716369493388180971e+09 -2.102665185928344727e+00 -2.505817794799804688e+01 -1.805798768997192383e+00 0.000000000000000000e+00 0.000000000000000000e+00 0.000000000000000000e+00 1.000000000000000000e+00
1.716369493538969517e+09 -2.060292005538940430e+00 -2.500820159912109375e+01 -1.773795247077941895e+00 0.000000000000000000e+00 0.000000000000000000e+00 0.000000000000000000e+00 1.000000000000000000e+00
1.716369493639512777e+09 -2.050183057785034180e+00 -2.499779129028320312e+01 -1.766872644424438477e+00 0.000000000000000000e+00 0.000000000000000000e+00 0.000000000000000000e+00 1.000000000000000000e+00
1.716369493689617872e+09 -2.032597064971923828e+00 -2.497631454467773082e+01 -1.756330609321594238e+00 0.000000000000000000e+00 0.000000000000000000e+00 0.000000000000000000e+00 1.000000000000000000e+00
1.716369493789919853e+09 -2.024387121200561079e+00 -2.495347404479980469e+01 -1.750387072563171387e+00 0.000000000000000000e+00 0.000000000000000000e+00 0.000000000000000000e+00 1.000000000000000000e+00
1.716369493890412092e+09 -2.013200283050537109e+00 -2.493325805664062500e+01 -1.741613984107971191e+00 0.000000000000000000e+00 0.000000000000000000e+00 0.000000000000000000e+00 1.000000000000000000e+00
1.716369493940671682e+09 -2.010017633438110352e+00 -2.492389297485351918e+01 -1.737791538238525391e+00 0.000000000000000000e+00 0.000000000000000000e+00 0.000000000000000000e+00 1.000000000000000000e+00
1.716369493991512299e+09 -2.007542610168457031e+00 -2.490540122985839844e+01 -1.733708977699279785e+00 0.000000000000000000e+00 0.000000000000000000e+00 0.000000000000000000e+00 1.000000000000000000e+00
1.716369494041162729e+09 -2.009050130844116211e+00 -2.488547325134277344e+01 -1.730425834655761497e+00 0.000000000000000000e+00 0.000000000000000000e+00 0.000000000000000000e+00 1.000000000000000000e+00
1.716369494141597748e+09 -2.010640144348144531e+00 -2.487439918518066406e+01 -1.729019522666931152e+00 0.000000000000000000e+00 0.000000000000000000e+00 0.000000000000000000e+00 1.000000000000000000e+00
1.716369494192028046e+09 -2.012394905090332031e+00 -2.485027313232421875e+01 -1.726749777793884499e+00 0.000000000000000000e+00 0.000000000000000000e+00 0.000000000000000000e+00 1.000000000000000000e+00
1.716369494242558956e+09 -2.015774011611938477e+00 -2.483785820007323863e+01 -1.726768612861633301e+00 0.000000000000000000e+00 0.000000000000000000e+00 0.000000000000000000e+00 1.000000000000000000e+00
1.716369494292626619e+09 -2.023210525512695757e+00 -2.481068611145019531e+01 -1.728833436965942383e+00 0.000000000000000000e+00 0.000000000000000000e+00 0.000000000000000000e+00 1.000000000000000000e+00
1.716369494392979383e+09 -2.027941703796386719e+00 -2.478397369384765625e+01 -1.729014873504638894e+00 0.000000000000000000e+00 0.000000000000000000e+00 0.000000000000000000e+00 1.000000000000000000e+00
1.716369494443254232e+09 -2.034661769866943803e+00 -2.476989936828613281e+01 -1.731876254081726074e+00 0.000000000000000000e+00 0.000000000000000000e+00 0.000000000000000000e+00 1.000000000000000000e+00
1.716369494493998051e+09 -2.051817655563354492e+00 -2.473835182189941051e+01 -1.737961649894714355e+00 0.000000000000000000e+00 0.000000000000000000e+00 0.000000000000000000e+00 1.000000000000000000e+00
1.716369494593975544e+09 -2.059994935989379883e+00 -2.470592689514160156e+01 -1.740851521492004395e+00 0.000000000000000000e+00 0.000000000000000000e+00 0.000000000000000000e+00 1.000000000000000000e+00
1.716369494644197941e+09 -2.069035768508911133e+00 -2.468544769287109375e+01 -1.744660854339599609e+00 0.000000000000000000e+00 0.000000000000000000e+00 0.000000000000000000e+00 1.000000000000000000e+00
1.716369494695020437e+09 -2.087309598922729048e+00 -2.464392471313476918e+01 -1.756299018859863281e+00 0.000000000000000000e+00 0.000000000000000000e+00 0.000000000000000000e+00 1.000000000000000000e+00
1.716369494744832516e+09 -2.098317146301269087e+00 -2.462322616577148438e+01 -1.760356783866882324e+00 0.000000000000000000e+00 0.000000000000000000e+00 0.000000000000000000e+00 1.000000000000000000e+00
1.716369494795600414e+09 -2.108909368515014204e+00 -2.460350418090820312e+01 -1.764871954917907493e+00 0.000000000000000000e+00 0.000000000000000000e+00 0.000000000000000000e+00 1.000000000000000000e+00
1.716369494945778608e+09 -2.137866497039794922e+00 -2.451375007629394531e+01 -1.781529426574707031e+00 0.000000000000000000e+00 0.000000000000000000e+00 0.000000000000000000e+00 1.000000000000000000e+00
1.716369495046082735e+09 -2.144700765609741211e+00 -2.446584129333496094e+01 -1.787016153335571289e+00 0.000000000000000000e+00 0.000000000000000000e+00 0.000000000000000000e+00 1.000000000000000000e+00
1.716369495146509171e+09 -2.170236825942993164e+00 -2.438924598693848012e+01 -1.812642574310302734e+00 0.000000000000000000e+00 0.000000000000000000e+00 0.000000000000000000e+00 1.000000000000000000e+00
1.716369495196800709e+09 -2.178141832351685014e+00 -2.436032676696777344e+01 -1.819015622138977051e+00 0.000000000000000000e+00 0.000000000000000000e+00 0.000000000000000000e+00 1.000000000000000000e+00
1.716369495246974230e+09 -2.186271667480468750e+00 -2.433537483215332031e+01 -1.825809478759765625e+00 0.000000000000000000e+00 0.000000000000000000e+00 0.000000000000000000e+00 1.000000000000000000e+00
1.716369495397388697e+09 -2.208314895629882812e+00 -2.422998619079589844e+01 -1.840934157371520996e+00 0.000000000000000000e+00 0.000000000000000000e+00 0.000000000000000000e+00 1.000000000000000000e+00
1.716369495447558165e+09 -2.218140363693237305e+00 -2.420526695251464844e+01 -1.844644427299499512e+00 0.000000000000000000e+00 0.000000000000000000e+00 0.000000000000000000e+00 1.000000000000000000e+00
1.716369495548060417e+09 -2.236231088638305664e+00 -2.413445854187012074e+01 -1.846219182014465110e+00 0.000000000000000000e+00 0.000000000000000000e+00 0.000000000000000000e+00 1.000000000000000000e+00
1.716369495648338079e+09 -2.246478319168090820e+00 -2.411207199096680043e+01 -1.847280502319335938e+00 0.000000000000000000e+00 0.000000000000000000e+00 0.000000000000000000e+00 1.000000000000000000e+00
1.716369495698503256e+09 -2.255923509597778320e+00 -2.407103919982910156e+01 -1.844358682632446289e+00 0.000000000000000000e+00 0.000000000000000000e+00 0.000000000000000000e+00 1.000000000000000000e+00
1.716369495749297619e+09 -2.265701770782470703e+00 -2.405007553100585938e+01 -1.842679500579833984e+00 0.000000000000000000e+00 0.000000000000000000e+00 0.000000000000000000e+00 1.000000000000000000e+00
1.716369495799558878e+09 -2.286278724670410156e+00 -2.400738143920898438e+01 -1.836701750755310059e+00 0.000000000000000000e+00 0.000000000000000000e+00 0.000000000000000000e+00 1.000000000000000000e+00
1.716369495901538610e+09 -2.293888330459594727e+00 -2.396994972229003906e+01 -1.830816268920898438e+00 0.000000000000000000e+00 0.000000000000000000e+00 0.000000000000000000e+00 1.000000000000000000e+00
1.716369495949690342e+09 -2.317659616470336914e+00 -2.393459510803222656e+01 -1.820593714714050293e+00 0.000000000000000000e+00 0.000000000000000000e+00 0.000000000000000000e+00 1.000000000000000000e+00
1.716369496000195265e+09 -2.329751014709472656e+00 -2.391812705993652344e+01 -1.813824295997620073e+00 0.000000000000000000e+00 0.000000000000000000e+00 0.000000000000000000e+00 1.000000000000000000e+00
1.716369496050338984e+09 -2.341581106185913086e+00 -2.390171432495116832e+01 -1.806787729263305664e+00 0.000000000000000000e+00 0.000000000000000000e+00 0.000000000000000000e+00 1.000000000000000000e+00
1.716369496151695251e+09 -2.364879846572875977e+00 -2.385206604003906250e+01 -1.789721250534057617e+00 0.000000000000000000e+00 0.000000000000000000e+00 0.000000000000000000e+00 1.000000000000000000e+00
1.716369496201467037e+09 -2.377738952636718750e+00 -2.383666229248046875e+01 -1.781766295433044434e+00 0.000000000000000000e+00 0.000000000000000000e+00 0.000000000000000000e+00 1.000000000000000000e+00
1.716369496252734900e+09 -2.390705585479736328e+00 -2.382136726379394531e+01 -1.772876143455505371e+00 0.000000000000000000e+00 0.000000000000000000e+00 0.000000000000000000e+00 1.000000000000000000e+00
1.716369496352389574e+09 -2.402251720428466797e+00 -2.379035758972167969e+01 -1.761182546615600586e+00 0.000000000000000000e+00 0.000000000000000000e+00 0.000000000000000000e+00 1.000000000000000000e+00
1.716369496402009964e+09 -2.426677465438842773e+00 -2.375801277160644531e+01 -1.742107152938842773e+00 0.000000000000000000e+00 0.000000000000000000e+00 0.000000000000000000e+00 1.000000000000000000e+00
1.716369496452004671e+09 -2.438921451568603516e+00 -2.374093055725097656e+01 -1.731656908988952637e+00 0.000000000000000000e+00 0.000000000000000000e+00 0.000000000000000000e+00 1.000000000000000000e+00
1.716369496552690983e+09 -2.449545383453369141e+00 -2.370504760742187500e+01 -1.718864917755126953e+00 0.000000000000000000e+00 0.000000000000000000e+00 0.000000000000000000e+00 1.000000000000000000e+00
1.716369496602584600e+09 -2.460345983505249023e+00 -2.368683815002441051e+01 -1.710205554962158203e+00 0.000000000000000000e+00 0.000000000000000000e+00 0.000000000000000000e+00 1.000000000000000000e+00
1.716369496653053999e+09 -2.482665538787841797e+00 -2.364936065673828125e+01 -1.692455768585205078e+00 0.000000000000000000e+00 0.000000000000000000e+00 0.000000000000000000e+00 1.000000000000000000e+00
1.716369496753075600e+09 -2.491724967956542969e+00 -2.361127471923828125e+01 -1.681903600692749023e+00 0.000000000000000000e+00 0.000000000000000000e+00 0.000000000000000000e+00 1.000000000000000000e+00
1.716369496803303242e+09 -2.514113903045654297e+00 -2.357332801818848012e+01 -1.667204856872558594e+00 0.000000000000000000e+00 0.000000000000000000e+00 0.000000000000000000e+00 1.000000000000000000e+00
1.716369496853249311e+09 -2.524002552032470703e+00 -2.355366897583008168e+01 -1.662162065505981445e+00 0.000000000000000000e+00 0.000000000000000000e+00 0.000000000000000000e+00 1.000000000000000000e+00
1.716369497104518175e+09 -2.579290151596069336e+00 -2.343803977966308949e+01 -1.647232532501220703e+00 0.000000000000000000e+00 0.000000000000000000e+00 0.000000000000000000e+00 1.000000000000000000e+00
1.716369497205156565e+09 -2.591000080108642578e+00 -2.340355300903320312e+01 -1.645016431808471680e+00 0.000000000000000000e+00 0.000000000000000000e+00 0.000000000000000000e+00 1.000000000000000000e+00
1.716369497255628586e+09 -2.620826005935668945e+00 -2.336446571350097656e+01 -1.646784067153930886e+00 0.000000000000000000e+00 0.000000000000000000e+00 0.000000000000000000e+00 1.000000000000000000e+00
1.716369497305702925e+09 -2.637292623519897017e+00 -2.334604454040527699e+01 -1.649208068847656250e+00 0.000000000000000000e+00 0.000000000000000000e+00 0.000000000000000000e+00 1.000000000000000000e+00
1.716369497355919600e+09 -2.653609275817871094e+00 -2.332853126525878906e+01 -1.652448773384094238e+00 0.000000000000000000e+00 0.000000000000000000e+00 0.000000000000000000e+00 1.000000000000000000e+00
1.716369497406102896e+09 -2.669772148132324219e+00 -2.330868148803710938e+01 -1.657969594001770020e+00 0.000000000000000000e+00 0.000000000000000000e+00 0.000000000000000000e+00 1.000000000000000000e+00
1.716369497456362963e+09 -2.683977603912353072e+00 -2.327189254760742543e+01 -1.662615418434143066e+00 0.000000000000000000e+00 0.000000000000000000e+00 0.000000000000000000e+00 1.000000000000000000e+00
1.716369497506645918e+09 -2.700062513351440430e+00 -2.325274467468261719e+01 -1.670271158218383789e+00 0.000000000000000000e+00 0.000000000000000000e+00 0.000000000000000000e+00 1.000000000000000000e+00
1.716369497556952000e+09 -2.717376232147216797e+00 -2.323431205749512074e+01 -1.678943276405334473e+00 0.000000000000000000e+00 0.000000000000000000e+00 0.000000000000000000e+00 1.000000000000000000e+00
1.716369497657128811e+09 -2.752505540847778320e+00 -2.318194770812988281e+01 -1.697238445281982422e+00 0.000000000000000000e+00 0.000000000000000000e+00 0.000000000000000000e+00 1.000000000000000000e+00
1.716369497707317829e+09 -2.769906044006348100e+00 -2.316225242614746094e+01 -1.707148194313049094e+00 0.000000000000000000e+00 0.000000000000000000e+00 0.000000000000000000e+00 1.000000000000000000e+00
1.716369497757596016e+09 -2.787937641143798828e+00 -2.314321136474609375e+01 -1.718952059745788574e+00 0.000000000000000000e+00 0.000000000000000000e+00 0.000000000000000000e+00 1.000000000000000000e+00
1.716369497858364582e+09 -2.822339773178100586e+00 -2.308099746704101562e+01 -1.741470336914062500e+00 0.000000000000000000e+00 0.000000000000000000e+00 0.000000000000000000e+00 1.000000000000000000e+00
1.716369497909345388e+09 -2.841231584548950195e+00 -2.305656814575195668e+01 -1.754099845886230469e+00 0.000000000000000000e+00 0.000000000000000000e+00 0.000000000000000000e+00 1.000000000000000000e+00
1.716369497959309578e+09 -2.860690832138061079e+00 -2.303206634521484375e+01 -1.766521692276000977e+00 0.000000000000000000e+00 0.000000000000000000e+00 0.000000000000000000e+00 1.000000000000000000e+00
1.716369498059703112e+09 -2.899423599243164062e+00 -2.298330307006835938e+01 -1.789161324501037598e+00 0.000000000000000000e+00 0.000000000000000000e+00 0.000000000000000000e+00 1.000000000000000000e+00
1.716369498109688759e+09 -2.915475845336914062e+00 -2.293745040893554688e+01 -1.796615600585937500e+00 0.000000000000000000e+00 0.000000000000000000e+00 0.000000000000000000e+00 1.000000000000000000e+00
1.716369498159703016e+09 -2.933312892913818359e+00 -2.291123771667480469e+01 -1.807349324226379617e+00 0.000000000000000000e+00 0.000000000000000000e+00 0.000000000000000000e+00 1.000000000000000000e+00
1.716369498310452700e+09 -2.964846849441528320e+00 -2.283148384094238281e+01 -1.823697686195373091e+00 0.000000000000000000e+00 0.000000000000000000e+00 0.000000000000000000e+00 1.000000000000000000e+00
1.716369498360316515e+09 -2.996323585510253906e+00 -2.276228332519531250e+01 -1.843843936920166016e+00 0.000000000000000000e+00 0.000000000000000000e+00 0.000000000000000000e+00 1.000000000000000000e+00
1.716369498460747957e+09 -3.013775825500488281e+00 -2.272619628906250000e+01 -1.851818561553955078e+00 0.000000000000000000e+00 0.000000000000000000e+00 0.000000000000000000e+00 1.000000000000000000e+00
1.716369498511453867e+09 -3.050295352935791016e+00 -2.266973495483398438e+01 -1.862876057624816895e+00 0.000000000000000000e+00 0.000000000000000000e+00 0.000000000000000000e+00 1.000000000000000000e+00
1.716369498561171770e+09 -3.064689397811889648e+00 -2.260826492309570312e+01 -1.865412354469299538e+00 0.000000000000000000e+00 0.000000000000000000e+00 0.000000000000000000e+00 1.000000000000000000e+00
1.716369498611310005e+09 -3.082795858383178711e+00 -2.257727050781250000e+01 -1.872095823287964089e+00 0.000000000000000000e+00 0.000000000000000000e+00 0.000000000000000000e+00 1.000000000000000000e+00
1.716369498661619425e+09 -3.100267410278320312e+00 -2.254636001586914062e+01 -1.878619551658630371e+00 0.000000000000000000e+00 0.000000000000000000e+00 0.000000000000000000e+00 1.000000000000000000e+00
1.716369498711772919e+09 -3.115941762924194336e+00 -2.251183509826660156e+01 -1.883495688438415527e+00 0.000000000000000000e+00 0.000000000000000000e+00 0.000000000000000000e+00 1.000000000000000000e+00
1.716369498812137842e+09 -3.149476766586304155e+00 -2.244435882568359730e+01 -1.893899321556091531e+00 0.000000000000000000e+00 0.000000000000000000e+00 0.000000000000000000e+00 1.000000000000000000e+00
1.716369498862565279e+09 -3.162752151489257812e+00 -2.238317871093750000e+01 -1.894509077072143999e+00 0.000000000000000000e+00 0.000000000000000000e+00 0.000000000000000000e+00 1.000000000000000000e+00
1.716369498962777853e+09 -3.197223901748656782e+00 -2.231751823425292969e+01 -1.904554486274719238e+00 0.000000000000000000e+00 0.000000000000000000e+00 0.000000000000000000e+00 1.000000000000000000e+00
1.716369499013262272e+09 -3.213988065719604492e+00 -2.228470802307128906e+01 -1.909647226333618386e+00 0.000000000000000000e+00 0.000000000000000000e+00 0.000000000000000000e+00 1.000000000000000000e+00
1.716369499114016771e+09 -3.241979360580444336e+00 -2.218973541259765625e+01 -1.916060566902160867e+00 0.000000000000000000e+00 0.000000000000000000e+00 0.000000000000000000e+00 1.000000000000000000e+00
1.716369499214129210e+09 -3.274189472198486328e+00 -2.212372779846191762e+01 -1.928917288780212402e+00 0.000000000000000000e+00 0.000000000000000000e+00 0.000000000000000000e+00 1.000000000000000000e+00
1.716369499264442205e+09 -3.285888195037841797e+00 -2.206325149536132812e+01 -1.931817173957824707e+00 0.000000000000000000e+00 0.000000000000000000e+00 0.000000000000000000e+00 1.000000000000000000e+00
1.716369499314546347e+09 -3.301803112030029297e+00 -2.202884292602539062e+01 -1.940482735633850098e+00 0.000000000000000000e+00 0.000000000000000000e+00 0.000000000000000000e+00 1.000000000000000000e+00
1.716369499364982605e+09 -3.316209316253662109e+00 -2.199383926391601562e+01 -1.947698354721069114e+00 0.000000000000000000e+00 0.000000000000000000e+00 0.000000000000000000e+00 1.000000000000000000e+00
1.716369499415144920e+09 -3.331999778747558594e+00 -2.196040725708008168e+01 -1.956437587738037109e+00 0.000000000000000000e+00 0.000000000000000000e+00 0.000000000000000000e+00 1.000000000000000000e+00
1.716369499465230227e+09 -3.347228050231933594e+00 -2.192691230773925426e+01 -1.965964794158935547e+00 0.000000000000000000e+00 0.000000000000000000e+00 0.000000000000000000e+00 1.000000000000000000e+00
1.716369499565654278e+09 -3.358199596405029297e+00 -2.186991500854491832e+01 -1.972648382186889648e+00 0.000000000000000000e+00 0.000000000000000000e+00 0.000000000000000000e+00 1.000000000000000000e+00
1.716369499615963697e+09 -3.391396284103393555e+00 -2.180434417724609375e+01 -1.992107033729552779e+00 0.000000000000000000e+00 0.000000000000000000e+00 0.000000000000000000e+00 1.000000000000000000e+00
1.716369499666200638e+09 -3.401436567306518555e+00 -2.174422264099121094e+01 -1.999485611915588379e+00 0.000000000000000000e+00 0.000000000000000000e+00 0.000000000000000000e+00 1.000000000000000000e+00
1.716369499716252327e+09 -3.417413949966430664e+00 -2.171419525146484375e+01 -2.011323451995849609e+00 0.000000000000000000e+00 0.000000000000000000e+00 0.000000000000000000e+00 1.000000000000000000e+00
1.716369499766758919e+09 -3.434692382812500000e+00 -2.168215370178222656e+01 -2.021460533142089844e+00 0.000000000000000000e+00 0.000000000000000000e+00 0.000000000000000000e+00 1.000000000000000000e+00
1.716369499816876173e+09 -3.450795173645019531e+00 -2.164904785156250000e+01 -2.032809734344482422e+00 0.000000000000000000e+00 0.000000000000000000e+00 0.000000000000000000e+00 1.000000000000000000e+00
1.716369499867255211e+09 -3.464174747467041016e+00 -2.159040069580078125e+01 -2.039695024490356445e+00 0.000000000000000000e+00 0.000000000000000000e+00 0.000000000000000000e+00 1.000000000000000000e+00
1.716369499917317152e+09 -3.480301856994628906e+00 -2.155660057067871094e+01 -2.048586606979370117e+00 0.000000000000000000e+00 0.000000000000000000e+00 0.000000000000000000e+00 1.000000000000000000e+00
1.716369499967585564e+09 -3.498800992965698242e+00 -2.152340698242187500e+01 -2.057502031326293945e+00 0.000000000000000000e+00 0.000000000000000000e+00 0.000000000000000000e+00 1.000000000000000000e+00
1.716369500067965031e+09 -3.537757158279418945e+00 -2.145629882812500000e+01 -2.070902109146118164e+00 0.000000000000000000e+00 0.000000000000000000e+00 0.000000000000000000e+00 1.000000000000000000e+00
1.716369500118201017e+09 -3.558971643447875977e+00 -2.142325019836425426e+01 -2.075616121292114258e+00 0.000000000000000000e+00 0.000000000000000000e+00 0.000000000000000000e+00 1.000000000000000000e+00
1.716369500218620777e+09 -3.576713800430297852e+00 -2.136100387573242543e+01 -2.073813915252685103e+00 0.000000000000000000e+00 0.000000000000000000e+00 0.000000000000000000e+00 1.000000000000000000e+00
1.716369500268820047e+09 -3.600032329559326172e+00 -2.132607841491699219e+01 -2.074877023696899414e+00 0.000000000000000000e+00 0.000000000000000000e+00 0.000000000000000000e+00 1.000000000000000000e+00
1.716369500318980455e+09 -3.652209997177124023e+00 -2.125565338134765625e+01 -2.074012279510498047e+00 0.000000000000000000e+00 0.000000000000000000e+00 0.000000000000000000e+00 1.000000000000000000e+00
1.716369500369308472e+09 -3.674342632293701172e+00 -2.119339752197265625e+01 -2.066739559173583984e+00 0.000000000000000000e+00 0.000000000000000000e+00 0.000000000000000000e+00 1.000000000000000000e+00
1.716369500469801664e+09 -3.728458404541016069e+00 -2.112651824951171875e+01 -2.059365749359130859e+00 0.000000000000000000e+00 0.000000000000000000e+00 0.000000000000000000e+00 1.000000000000000000e+00
1.716369500520052671e+09 -3.755531072616577148e+00 -2.108473014831542969e+01 -2.052816629409790039e+00 0.000000000000000000e+00 0.000000000000000000e+00 0.000000000000000000e+00 1.000000000000000000e+00
1.716369500620453835e+09 -3.777760982513428178e+00 -2.101274871826171875e+01 -2.040821313858031782e+00 0.000000000000000000e+00 0.000000000000000000e+00 0.000000000000000000e+00 1.000000000000000000e+00
1.716369500670957565e+09 -3.835335969924927202e+00 -2.093443107604980469e+01 -2.027835369110107422e+00 0.000000000000000000e+00 0.000000000000000000e+00 0.000000000000000000e+00 1.000000000000000000e+00
1.716369500720935583e+09 -3.865161895751953125e+00 -2.089505195617676137e+01 -2.020978927612304688e+00 0.000000000000000000e+00 0.000000000000000000e+00 0.000000000000000000e+00 1.000000000000000000e+00
1.716369500771249771e+09 -3.895912885665893555e+00 -2.085642051696777344e+01 -2.014404535293579102e+00 0.000000000000000000e+00 0.000000000000000000e+00 0.000000000000000000e+00 1.000000000000000000e+00
1.716369500872166872e+09 -3.951811075210571289e+00 -2.074306106567382812e+01 -1.994024157524108887e+00 0.000000000000000000e+00 0.000000000000000000e+00 0.000000000000000000e+00 1.000000000000000000e+00
1.716369500922242641e+09 -3.983350276947021484e+00 -2.070217514038085938e+01 -1.986460685729980469e+00 0.000000000000000000e+00 0.000000000000000000e+00 0.000000000000000000e+00 1.000000000000000000e+00
1.716369500972588539e+09 -4.014887809753417969e+00 -2.066229438781738281e+01 -1.978619098663330078e+00 0.000000000000000000e+00 0.000000000000000000e+00 0.000000000000000000e+00 1.000000000000000000e+00
1.716369501072992325e+09 -4.039724349975585938e+00 -2.059034347534180043e+01 -1.966207385063171609e+00 0.000000000000000000e+00 0.000000000000000000e+00 0.000000000000000000e+00 1.000000000000000000e+00
1.716369501123587370e+09 -4.096315860748291016e+00 -2.050629234313964844e+01 -1.950870394706726074e+00 0.000000000000000000e+00 0.000000000000000000e+00 0.000000000000000000e+00 1.000000000000000000e+00
1.716369501173932314e+09 -4.117111206054688388e+00 -2.043094253540039062e+01 -1.937687277793884499e+00 0.000000000000000000e+00 0.000000000000000000e+00 0.000000000000000000e+00 1.000000000000000000e+00
1.716369501224302530e+09 -4.143745899200440341e+00 -2.039259719848632812e+01 -1.930745363235473633e+00 0.000000000000000000e+00 0.000000000000000000e+00 0.000000000000000000e+00 1.000000000000000000e+00
1.716369501324297905e+09 -4.194145202636718750e+00 -2.031409454345703125e+01 -1.917838096618652344e+00 0.000000000000000000e+00 0.000000000000000000e+00 0.000000000000000000e+00 1.000000000000000000e+00
1.716369501374481678e+09 -4.219695091247558594e+00 -2.027453613281250000e+01 -1.912317276000976785e+00 0.000000000000000000e+00 0.000000000000000000e+00 0.000000000000000000e+00 1.000000000000000000e+00
1.716369501424719095e+09 -4.238768100738525391e+00 -2.020304679870605113e+01 -1.901230454444885254e+00 0.000000000000000000e+00 0.000000000000000000e+00 0.000000000000000000e+00 1.000000000000000000e+00
1.716369501525305271e+09 -4.289755821228027344e+00 -2.012878608703613281e+01 -1.890637993812561035e+00 0.000000000000000000e+00 0.000000000000000000e+00 0.000000000000000000e+00 1.000000000000000000e+00
1.716369501575357676e+09 -4.314054489135742188e+00 -2.009341049194335938e+01 -1.885209560394287109e+00 0.000000000000000000e+00 0.000000000000000000e+00 0.000000000000000000e+00 1.000000000000000000e+00
1.716369501625747681e+09 -4.337822437286376953e+00 -2.006109809875488281e+01 -1.880457997322082297e+00 0.000000000000000000e+00 0.000000000000000000e+00 0.000000000000000000e+00 1.000000000000000000e+00
1.716369501726242065e+09 -4.381484985351562500e+00 -1.997315597534180043e+01 -1.865782976150512695e+00 0.000000000000000000e+00 0.000000000000000000e+00 0.000000000000000000e+00 1.000000000000000000e+00
1.716369501776597023e+09 -4.406701564788818359e+00 -1.994239425659180043e+01 -1.861429810523986816e+00 0.000000000000000000e+00 0.000000000000000000e+00 0.000000000000000000e+00 1.000000000000000000e+00
1.716369501826746941e+09 -4.431240558624267578e+00 -1.991268348693848012e+01 -1.857603907585144043e+00 0.000000000000000000e+00 0.000000000000000000e+00 0.000000000000000000e+00 1.000000000000000000e+00
1.716369501877186775e+09 -4.449883937835693359e+00 -1.986220550537109375e+01 -1.848985075950622337e+00 0.000000000000000000e+00 0.000000000000000000e+00 0.000000000000000000e+00 1.000000000000000000e+00
1.716369501927857637e+09 -4.473704338073730469e+00 -1.983568763732910156e+01 -1.845127344131469505e+00 0.000000000000000000e+00 0.000000000000000000e+00 0.000000000000000000e+00 1.000000000000000000e+00
1.716369501977699280e+09 -4.496883392333984375e+00 -1.981125831604003906e+01 -1.841824412345886453e+00 0.000000000000000000e+00 0.000000000000000000e+00 0.000000000000000000e+00 1.000000000000000000e+00
1.716369502027905703e+09 -4.542187213897705078e+00 -1.976327323913574574e+01 -1.836936950683593528e+00 0.000000000000000000e+00 0.000000000000000000e+00 0.000000000000000000e+00 1.000000000000000000e+00
1.716369502128406525e+09 -4.562544822692871094e+00 -1.972596740722655895e+01 -1.832982063293457031e+00 0.000000000000000000e+00 0.000000000000000000e+00 0.000000000000000000e+00 1.000000000000000000e+00
1.716369502178831577e+09 -4.587255001068115234e+00 -1.970577812194823863e+01 -1.832342147827148438e+00 0.000000000000000000e+00 0.000000000000000000e+00 0.000000000000000000e+00 1.000000000000000000e+00
1.716369502229107380e+09 -4.609816551208496094e+00 -1.967493057250976918e+01 -1.829750418663024902e+00 0.000000000000000000e+00 0.000000000000000000e+00 0.000000000000000000e+00 1.000000000000000000e+00
1.716369502279323578e+09 -4.636642932891845703e+00 -1.965718650817871094e+01 -1.829672574996948020e+00 0.000000000000000000e+00 0.000000000000000000e+00 0.000000000000000000e+00 1.000000000000000000e+00
1.716369502329963207e+09 -4.661806106567382812e+00 -1.963980674743652344e+01 -1.829505801200866699e+00 0.000000000000000000e+00 0.000000000000000000e+00 0.000000000000000000e+00 1.000000000000000000e+00
1.716369502429962635e+09 -4.709998130798339844e+00 -1.960953712463378906e+01 -1.829557538032531960e+00 0.000000000000000000e+00 0.000000000000000000e+00 0.000000000000000000e+00 1.000000000000000000e+00
1.716369502480214119e+09 -4.733885288238525391e+00 -1.959545516967773082e+01 -1.829493880271912065e+00 0.000000000000000000e+00 0.000000000000000000e+00 0.000000000000000000e+00 1.000000000000000000e+00
1.716369502580751896e+09 -4.755093097686767578e+00 -1.957583808898925426e+01 -1.828786253929138406e+00 0.000000000000000000e+00 0.000000000000000000e+00 0.000000000000000000e+00 1.000000000000000000e+00
1.716369502630745888e+09 -4.799989223480224609e+00 -1.954898071289062500e+01 -1.830239295959472878e+00 0.000000000000000000e+00 0.000000000000000000e+00 0.000000000000000000e+00 1.000000000000000000e+00
1.716369502680989504e+09 -4.821681499481201172e+00 -1.953504753112792969e+01 -1.831678509712219238e+00 0.000000000000000000e+00 0.000000000000000000e+00 0.000000000000000000e+00 1.000000000000000000e+00
1.716369502781396627e+09 -4.862893581390380859e+00 -1.949984169006348012e+01 -1.831201910972595215e+00 0.000000000000000000e+00 0.000000000000000000e+00 0.000000000000000000e+00 1.000000000000000000e+00
1.716369502831458807e+09 -4.885004520416259766e+00 -1.948609161376953125e+01 -1.830406069755554421e+00 0.000000000000000000e+00 0.000000000000000000e+00 0.000000000000000000e+00 1.000000000000000000e+00
1.716369502882012844e+09 -4.906941890716552734e+00 -1.947147750854491832e+01 -1.828608632087707520e+00 0.000000000000000000e+00 0.000000000000000000e+00 0.000000000000000000e+00 1.000000000000000000e+00
1.716369502982336044e+09 -4.924853324890136719e+00 -1.944665336608886719e+01 -1.825033783912658691e+00 0.000000000000000000e+00 0.000000000000000000e+00 0.000000000000000000e+00 1.000000000000000000e+00
1.716369503033574343e+09 -4.943927288055419922e+00 -1.942992591857910156e+01 -1.821143388748168945e+00 0.000000000000000000e+00 0.000000000000000000e+00 0.000000000000000000e+00 1.000000000000000000e+00
1.716369503082910299e+09 -4.964353084564208984e+00 -1.941183090209960938e+01 -1.816948175430297630e+00 0.000000000000000000e+00 0.000000000000000000e+00 0.000000000000000000e+00 1.000000000000000000e+00
1.716369503133258820e+09 -5.001811027526856357e+00 -1.937564086914062500e+01 -1.807013869285583496e+00 0.000000000000000000e+00 0.000000000000000000e+00 0.000000000000000000e+00 1.000000000000000000e+00
1.716369503183250189e+09 -5.021084785461425781e+00 -1.935905838012695668e+01 -1.801323175430298074e+00 0.000000000000000000e+00 0.000000000000000000e+00 0.000000000000000000e+00 1.000000000000000000e+00
1.716369503284239054e+09 -5.037086009979248047e+00 -1.932703971862792969e+01 -1.792706012725830078e+00 0.000000000000000000e+00 0.000000000000000000e+00 0.000000000000000000e+00 1.000000000000000000e+00
1.716369503334028482e+09 -5.055062770843505859e+00 -1.930781173706054688e+01 -1.785750627517700195e+00 0.000000000000000000e+00 0.000000000000000000e+00 0.000000000000000000e+00 1.000000000000000000e+00
1.716369503384557486e+09 -5.091998577117919922e+00 -1.926939964294433594e+01 -1.775761365890502930e+00 0.000000000000000000e+00 0.000000000000000000e+00 0.000000000000000000e+00 1.000000000000000000e+00
1.716369503485204697e+09 -5.106247901916503906e+00 -1.923530960083008168e+01 -1.769082903861999512e+00 0.000000000000000000e+00 0.000000000000000000e+00 0.000000000000000000e+00 1.000000000000000000e+00
1.716369503535050869e+09 -5.142255306243896484e+00 -1.919386100769042969e+01 -1.765161275863647683e+00 0.000000000000000000e+00 0.000000000000000000e+00 0.000000000000000000e+00 1.000000000000000000e+00
1.716369503585354328e+09 -5.159156322479248047e+00 -1.917267036437988281e+01 -1.764369249343872070e+00 0.000000000000000000e+00 0.000000000000000000e+00 0.000000000000000000e+00 1.000000000000000000e+00
1.716369503635387182e+09 -5.171773910522460938e+00 -1.913607978820800781e+01 -1.762035131454467773e+00 0.000000000000000000e+00 0.000000000000000000e+00 0.000000000000000000e+00 1.000000000000000000e+00
1.716369503685647011e+09 -5.186556339263916016e+00 -1.911508560180664062e+01 -1.763181447982788086e+00 0.000000000000000000e+00 0.000000000000000000e+00 0.000000000000000000e+00 1.000000000000000000e+00
1.716369503735940456e+09 -5.204281330108642578e+00 -1.909522819519042969e+01 -1.765161395072937012e+00 0.000000000000000000e+00 0.000000000000000000e+00 0.000000000000000000e+00 1.000000000000000000e+00
1.716369503786142349e+09 -5.219074249267578125e+00 -1.907518005371093750e+01 -1.766640901565551758e+00 0.000000000000000000e+00 0.000000000000000000e+00 0.000000000000000000e+00 1.000000000000000000e+00
1.716369503886637211e+09 -5.245345115661621094e+00 -1.902383041381835938e+01 -1.766597628593444824e+00 0.000000000000000000e+00 0.000000000000000000e+00 0.000000000000000000e+00 1.000000000000000000e+00
1.716369503987365484e+09 -5.281697750091552734e+00 -1.897618293762207031e+01 -1.764948368072509766e+00 0.000000000000000000e+00 0.000000000000000000e+00 0.000000000000000000e+00 1.000000000000000000e+00
1.716369504138051987e+09 -5.321749687194824219e+00 -1.892972183227539062e+01 -1.755736351013183594e+00 0.000000000000000000e+00 0.000000000000000000e+00 0.000000000000000000e+00 1.000000000000000000e+00
1.716369504188583136e+09 -5.335753917694091797e+00 -1.891908836364746094e+01 -1.751754999160766602e+00 0.000000000000000000e+00 0.000000000000000000e+00 0.000000000000000000e+00 1.000000000000000000e+00
1.716369504289550781e+09 -5.360570907592773438e+00 -1.889794921875000000e+01 -1.741933941841125710e+00 0.000000000000000000e+00 0.000000000000000000e+00 0.000000000000000000e+00 1.000000000000000000e+00
1.716369504339619160e+09 -5.374074935913085938e+00 -1.889182472229003906e+01 -1.736810922622680886e+00 0.000000000000000000e+00 0.000000000000000000e+00 0.000000000000000000e+00 1.000000000000000000e+00
1.716369504440033674e+09 -5.387558460235595703e+00 -1.888375473022460938e+01 -1.730699181556701660e+00 0.000000000000000000e+00 0.000000000000000000e+00 0.000000000000000000e+00 1.000000000000000000e+00
1.716369504490367413e+09 -5.401413917541503906e+00 -1.887864685058593750e+01 -1.725063562393188477e+00 0.000000000000000000e+00 0.000000000000000000e+00 0.000000000000000000e+00 1.000000000000000000e+00
1.716369504540585518e+09 -5.414904117584228516e+00 -1.887374687194823863e+01 -1.718734025955200195e+00 0.000000000000000000e+00 0.000000000000000000e+00 0.000000000000000000e+00 1.000000000000000000e+00
1.716369504590917349e+09 -5.428673267364501953e+00 -1.886825752258300781e+01 -1.709114551544189675e+00 0.000000000000000000e+00 0.000000000000000000e+00 0.000000000000000000e+00 1.000000000000000000e+00
1.716369504641013145e+09 -5.442508220672607422e+00 -1.886162757873535156e+01 -1.699791073799133301e+00 0.000000000000000000e+00 0.000000000000000000e+00 0.000000000000000000e+00 1.000000000000000000e+00
1.716369504691669464e+09 -5.458489894866943359e+00 -1.885846328735351918e+01 -1.691150426864624023e+00 0.000000000000000000e+00 0.000000000000000000e+00 0.000000000000000000e+00 1.000000000000000000e+00
1.716369504741698027e+09 -5.489425182342529297e+00 -1.885268592834472656e+01 -1.672049641609191895e+00 0.000000000000000000e+00 0.000000000000000000e+00 0.000000000000000000e+00 1.000000000000000000e+00
1.716369504792319775e+09 -5.506986618041992188e+00 -1.885147094726562500e+01 -1.661276698112487793e+00 0.000000000000000000e+00 0.000000000000000000e+00 0.000000000000000000e+00 1.000000000000000000e+00
1.716369504898343563e+09 -5.523019313812255859e+00 -1.885067367553710938e+01 -1.650569319725036621e+00 0.000000000000000000e+00 0.000000000000000000e+00 0.000000000000000000e+00 1.000000000000000000e+00
1.716369504993520975e+09 -5.556744575500488281e+00 -1.885197067260742543e+01 -1.627476572990417703e+00 0.000000000000000000e+00 0.000000000000000000e+00 0.000000000000000000e+00 1.000000000000000000e+00
1.716369505043931961e+09 -5.592216014862060547e+00 -1.885031318664550781e+01 -1.605843424797058105e+00 0.000000000000000000e+00 0.000000000000000000e+00 0.000000000000000000e+00 1.000000000000000000e+00
1.716369505143970013e+09 -5.611476421356201172e+00 -1.885444450378417969e+01 -1.597235798835754395e+00 0.000000000000000000e+00 0.000000000000000000e+00 0.000000000000000000e+00 1.000000000000000000e+00
1.716369505194171429e+09 -5.648105621337890625e+00 -1.885443115234375000e+01 -1.582040071487426758e+00 0.000000000000000000e+00 0.000000000000000000e+00 0.000000000000000000e+00 1.000000000000000000e+00
1.716369505294490337e+09 -5.667550563812255859e+00 -1.885683441162109375e+01 -1.576844573020935059e+00 0.000000000000000000e+00 0.000000000000000000e+00 0.000000000000000000e+00 1.000000000000000000e+00
1.716369505344689846e+09 -5.686503887176513672e+00 -1.885508155822753906e+01 -1.572017073631286621e+00 0.000000000000000000e+00 0.000000000000000000e+00 0.000000000000000000e+00 1.000000000000000000e+00
1.716369505394999981e+09 -5.705884933471679688e+00 -1.885406112670898438e+01 -1.568261504173278809e+00 0.000000000000000000e+00 0.000000000000000000e+00 0.000000000000000000e+00 1.000000000000000000e+00
1.716369505445271254e+09 -5.725224971771240234e+00 -1.885288238525390270e+01 -1.565455794334411621e+00 0.000000000000000000e+00 0.000000000000000000e+00 0.000000000000000000e+00 1.000000000000000000e+00
1.716369505496297359e+09 -5.746334075927734375e+00 -1.885725593566894531e+01 -1.564093470573425293e+00 0.000000000000000000e+00 0.000000000000000000e+00 0.000000000000000000e+00 1.000000000000000000e+00
1.716369505545622587e+09 -5.785847187042236328e+00 -1.885712051391601562e+01 -1.562196731567382812e+00 0.000000000000000000e+00 0.000000000000000000e+00 0.000000000000000000e+00 1.000000000000000000e+00
1.716369505646318436e+09 -5.826243400573730469e+00 -1.885623931884765625e+01 -1.562742948532104492e+00 0.000000000000000000e+00 0.000000000000000000e+00 0.000000000000000000e+00 1.000000000000000000e+00
1.716369505696573496e+09 -5.843740463256835938e+00 -1.885790252685546875e+01 -1.564827084541320801e+00 0.000000000000000000e+00 0.000000000000000000e+00 0.000000000000000000e+00 1.000000000000000000e+00
1.716369505797252178e+09 -5.882758617401123047e+00 -1.886334800720214844e+01 -1.567543029785156250e+00 0.000000000000000000e+00 0.000000000000000000e+00 0.000000000000000000e+00 1.000000000000000000e+00
1.716369505897290230e+09 -5.903627395629882812e+00 -1.886400032043457031e+01 -1.569070458412170410e+00 0.000000000000000000e+00 0.000000000000000000e+00 0.000000000000000000e+00 1.000000000000000000e+00
1.716369505947683096e+09 -5.923807144165039062e+00 -1.886993598937988281e+01 -1.571946978569030762e+00 0.000000000000000000e+00 0.000000000000000000e+00 0.000000000000000000e+00 1.000000000000000000e+00
1.716369505997818947e+09 -5.941742897033691406e+00 -1.887036132812500000e+01 -1.573799490928649902e+00 0.000000000000000000e+00 0.000000000000000000e+00 0.000000000000000000e+00 1.000000000000000000e+00
1.716369506047851562e+09 -5.958518028259277344e+00 -1.887109565734863637e+01 -1.575908541679382324e+00 0.000000000000000000e+00 0.000000000000000000e+00 0.000000000000000000e+00 1.000000000000000000e+00
1.716369506148651361e+09 -5.991544723510742188e+00 -1.887468338012695668e+01 -1.580938935279846191e+00 0.000000000000000000e+00 0.000000000000000000e+00 0.000000000000000000e+00 1.000000000000000000e+00
1.716369506198701382e+09 -6.007242202758789062e+00 -1.887468528747558238e+01 -1.582895874977111816e+00 0.000000000000000000e+00 0.000000000000000000e+00 0.000000000000000000e+00 1.000000000000000000e+00
1.716369506249011755e+09 -6.037656307220458984e+00 -1.887633705139160156e+01 -1.584921836853027122e+00 0.000000000000000000e+00 0.000000000000000000e+00 0.000000000000000000e+00 1.000000000000000000e+00
1.716369506299063444e+09 -6.052029609680175781e+00 -1.887691879272460938e+01 -1.585705161094665527e+00 0.000000000000000000e+00 0.000000000000000000e+00 0.000000000000000000e+00 1.000000000000000000e+00
1.716369506399488211e+09 -6.067275047302246094e+00 -1.888350486755371094e+01 -1.586997747421264648e+00 0.000000000000000000e+00 0.000000000000000000e+00 0.000000000000000000e+00 1.000000000000000000e+00
1.716369506449409485e+09 -6.092988967895507812e+00 -1.888598632812500000e+01 -1.586196780204772949e+00 0.000000000000000000e+00 0.000000000000000000e+00 0.000000000000000000e+00 1.000000000000000000e+00
1.716369506499441147e+09 -6.104946613311767578e+00 -1.888756179809570312e+01 -1.585460305213928223e+00 0.000000000000000000e+00 0.000000000000000000e+00 0.000000000000000000e+00 1.000000000000000000e+00
1.716369507604789495e+09 -6.369877815246582031e+00 -1.907856941223144531e+01 -1.524430274963378906e+00 0.000000000000000000e+00 0.000000000000000000e+00 0.000000000000000000e+00 1.000000000000000000e+00
1.716369507655228853e+09 -6.384319305419921875e+00 -1.908216285705566406e+01 -1.525119304656982422e+00 0.000000000000000000e+00 0.000000000000000000e+00 0.000000000000000000e+00 1.000000000000000000e+00
1.716369507705703735e+09 -6.400605201721191406e+00 -1.908602333068848012e+01 -1.526902198791503906e+00 0.000000000000000000e+00 0.000000000000000000e+00 0.000000000000000000e+00 1.000000000000000000e+00
1.716369507755669594e+09 -6.418118476867675781e+00 -1.909035301208496094e+01 -1.529796481132507102e+00 0.000000000000000000e+00 0.000000000000000000e+00 0.000000000000000000e+00 1.000000000000000000e+00
1.716369507805887461e+09 -6.435870647430419922e+00 -1.909234237670898438e+01 -1.533407807350158691e+00 0.000000000000000000e+00 0.000000000000000000e+00 0.000000000000000000e+00 1.000000000000000000e+00
1.716369507906266689e+09 -6.473978996276856357e+00 -1.910237503051757457e+01 -1.543756604194641113e+00 0.000000000000000000e+00 0.000000000000000000e+00 0.000000000000000000e+00 1.000000000000000000e+00
1.716369507956732512e+09 -6.491673469543457031e+00 -1.910174751281738281e+01 -1.550246238708496094e+00 0.000000000000000000e+00 0.000000000000000000e+00 0.000000000000000000e+00 1.000000000000000000e+00
1.716369508006740570e+09 -6.510140419006347656e+00 -1.910062026977539062e+01 -1.558122873306274414e+00 0.000000000000000000e+00 0.000000000000000000e+00 0.000000000000000000e+00 1.000000000000000000e+00
1.716369508107127190e+09 -6.530940532684326172e+00 -1.910585975646972656e+01 -1.567878484725951926e+00 0.000000000000000000e+00 0.000000000000000000e+00 0.000000000000000000e+00 1.000000000000000000e+00
1.716369508157562971e+09 -6.567422389984130859e+00 -1.910425949096680043e+01 -1.586576938629150391e+00 0.000000000000000000e+00 0.000000000000000000e+00 0.000000000000000000e+00 1.000000000000000000e+00
1.716369508257932663e+09 -6.606848239898681641e+00 -1.910187339782714844e+01 -1.609981179237365501e+00 0.000000000000000000e+00 0.000000000000000000e+00 0.000000000000000000e+00 1.000000000000000000e+00
1.716369508358412266e+09 -6.647803306579589844e+00 -1.910028076171875000e+01 -1.631206989288330078e+00 0.000000000000000000e+00 0.000000000000000000e+00 0.000000000000000000e+00 1.000000000000000000e+00
1.716369508408487320e+09 -6.665296554565429688e+00 -1.909565925598144531e+01 -1.648414373397827148e+00 0.000000000000000000e+00 0.000000000000000000e+00 0.000000000000000000e+00 1.000000000000000000e+00
1.716369508458816767e+09 -6.683737277984619141e+00 -1.909106445312500000e+01 -1.663244605064392090e+00 0.000000000000000000e+00 0.000000000000000000e+00 0.000000000000000000e+00 1.000000000000000000e+00
1.716369508509413719e+09 -6.700345993041992188e+00 -1.908507919311523438e+01 -1.677226185798645020e+00 0.000000000000000000e+00 0.000000000000000000e+00 0.000000000000000000e+00 1.000000000000000000e+00
1.716369508609375954e+09 -6.721491813659667969e+00 -1.908477020263671875e+01 -1.692484378814697266e+00 0.000000000000000000e+00 0.000000000000000000e+00 0.000000000000000000e+00 1.000000000000000000e+00
1.716369508659693718e+09 -6.759807109832763672e+00 -1.907835769653320312e+01 -1.720552802085876465e+00 0.000000000000000000e+00 0.000000000000000000e+00 0.000000000000000000e+00 1.000000000000000000e+00
1.716369508709885597e+09 -6.778846263885498047e+00 -1.907572746276855469e+01 -1.734358549118041992e+00 0.000000000000000000e+00 0.000000000000000000e+00 0.000000000000000000e+00 1.000000000000000000e+00
1.716369508810384750e+09 -6.800404071807861328e+00 -1.907953262329101562e+01 -1.749127388000488503e+00 0.000000000000000000e+00 0.000000000000000000e+00 0.000000000000000000e+00 1.000000000000000000e+00
1.716369508860698700e+09 -6.839238166809082031e+00 -1.907526206970214844e+01 -1.774838924407958984e+00 0.000000000000000000e+00 0.000000000000000000e+00 0.000000000000000000e+00 1.000000000000000000e+00
1.716369508910843611e+09 -6.858425617218017578e+00 -1.907384300231933594e+01 -1.786909341812133789e+00 0.000000000000000000e+00 0.000000000000000000e+00 0.000000000000000000e+00 1.000000000000000000e+00
1.716369509011362791e+09 -6.879663944244384766e+00 -1.908021163940429688e+01 -1.799341678619384766e+00 0.000000000000000000e+00 0.000000000000000000e+00 0.000000000000000000e+00 1.000000000000000000e+00
1.716369509061704159e+09 -6.899240970611572266e+00 -1.907989311218261719e+01 -1.810178518295288086e+00 0.000000000000000000e+00 0.000000000000000000e+00 0.000000000000000000e+00 1.000000000000000000e+00
1.716369509111737967e+09 -6.936758041381835938e+00 -1.908127784729003906e+01 -1.829453587532043679e+00 0.000000000000000000e+00 0.000000000000000000e+00 0.000000000000000000e+00 1.000000000000000000e+00
1.716369509161970139e+09 -6.954576015472412109e+00 -1.908169746398925426e+01 -1.839354038238525169e+00 0.000000000000000000e+00 0.000000000000000000e+00 0.000000000000000000e+00 1.000000000000000000e+00
1.716369509263857365e+09 -6.995234489440917969e+00 -1.909550476074218750e+01 -1.854407191276550293e+00 0.000000000000000000e+00 0.000000000000000000e+00 0.000000000000000000e+00 1.000000000000000000e+00
1.716369509312722445e+09 -7.012505531311035156e+00 -1.910004425048828125e+01 -1.860126018524169922e+00 0.000000000000000000e+00 0.000000000000000000e+00 0.000000000000000000e+00 1.000000000000000000e+00
1.716369509363370895e+09 -7.030354976654052734e+00 -1.910452651977539062e+01 -1.864890456199645996e+00 0.000000000000000000e+00 0.000000000000000000e+00 0.000000000000000000e+00 1.000000000000000000e+00
1.716369509463162184e+09 -7.068508625030517578e+00 -1.912656211853027699e+01 -1.874581813812256081e+00 0.000000000000000000e+00 0.000000000000000000e+00 0.000000000000000000e+00 1.000000000000000000e+00
1.716369509513468266e+09 -7.084711551666259766e+00 -1.913378715515136719e+01 -1.879308819770812988e+00 0.000000000000000000e+00 0.000000000000000000e+00 0.000000000000000000e+00 1.000000000000000000e+00
1.716369509563780069e+09 -7.099604606628417969e+00 -1.914056205749512074e+01 -1.883160710334777610e+00 0.000000000000000000e+00 0.000000000000000000e+00 0.000000000000000000e+00 1.000000000000000000e+00
1.716369509664232492e+09 -7.131986141204833984e+00 -1.916794204711914062e+01 -1.892679572105407937e+00 0.000000000000000000e+00 0.000000000000000000e+00 0.000000000000000000e+00 1.000000000000000000e+00
1.716369509714439869e+09 -7.144915580749511719e+00 -1.917545890808105113e+01 -1.896353363990783913e+00 0.000000000000000000e+00 0.000000000000000000e+00 0.000000000000000000e+00 1.000000000000000000e+00
1.716369509764721394e+09 -7.156794548034667969e+00 -1.918231010437012074e+01 -1.899862408638000488e+00 0.000000000000000000e+00 0.000000000000000000e+00 0.000000000000000000e+00 1.000000000000000000e+00
1.716369509815064907e+09 -7.168024063110351562e+00 -1.918831443786621094e+01 -1.903393626213073508e+00 0.000000000000000000e+00 0.000000000000000000e+00 0.000000000000000000e+00 1.000000000000000000e+00
1.716369509865620852e+09 -7.182609558105468750e+00 -1.920462799072265625e+01 -1.908823966979980469e+00 0.000000000000000000e+00 0.000000000000000000e+00 0.000000000000000000e+00 1.000000000000000000e+00
1.716369509915506840e+09 -7.190836429595947266e+00 -1.921293640136718750e+01 -1.911760926246643066e+00 0.000000000000000000e+00 0.000000000000000000e+00 0.000000000000000000e+00 1.000000000000000000e+00
1.716369509966018677e+09 -7.198665618896484375e+00 -1.922257232666015980e+01 -1.914141416549682395e+00 0.000000000000000000e+00 0.000000000000000000e+00 0.000000000000000000e+00 1.000000000000000000e+00
1.716369510015962839e+09 -7.205023765563964844e+00 -1.923385620117187500e+01 -1.916428923606872781e+00 0.000000000000000000e+00 0.000000000000000000e+00 0.000000000000000000e+00 1.000000000000000000e+00
1.716369510066677094e+09 -7.209473133087158203e+00 -1.924274635314941051e+01 -1.917946815490722878e+00 0.000000000000000000e+00 0.000000000000000000e+00 0.000000000000000000e+00 1.000000000000000000e+00
1.716369510117162466e+09 -7.216871738433837891e+00 -1.926217842102050781e+01 -1.920921683311462402e+00 0.000000000000000000e+00 0.000000000000000000e+00 0.000000000000000000e+00 1.000000000000000000e+00
1.716369510166818380e+09 -7.219440937042236328e+00 -1.927083396911621094e+01 -1.921616911888122337e+00 0.000000000000000000e+00 0.000000000000000000e+00 0.000000000000000000e+00 1.000000000000000000e+00
1.716369510217103243e+09 -7.221814155578613281e+00 -1.928060150146484375e+01 -1.922563433647155984e+00 0.000000000000000000e+00 0.000000000000000000e+00 0.000000000000000000e+00 1.000000000000000000e+00
1.716369510267461300e+09 -7.223026752471923828e+00 -1.928981590270996094e+01 -1.922980785369873047e+00 0.000000000000000000e+00 0.000000000000000000e+00 0.000000000000000000e+00 1.000000000000000000e+00
1.716369510317238569e+09 -7.222271919250488281e+00 -1.929981994628906250e+01 -1.923084259033203125e+00 0.000000000000000000e+00 0.000000000000000000e+00 0.000000000000000000e+00 1.000000000000000000e+00
1.716369510418386459e+09 -7.218225955963134766e+00 -1.933132934570312500e+01 -1.924778342247009277e+00 0.000000000000000000e+00 0.000000000000000000e+00 0.000000000000000000e+00 1.000000000000000000e+00
1.716369510467835903e+09 -7.213373661041259766e+00 -1.934188842773437145e+01 -1.924249172210693137e+00 0.000000000000000000e+00 0.000000000000000000e+00 0.000000000000000000e+00 1.000000000000000000e+00
1.716369510517993450e+09 -7.207055568695068359e+00 -1.935309982299804688e+01 -1.923084735870361106e+00 0.000000000000000000e+00 0.000000000000000000e+00 0.000000000000000000e+00 1.000000000000000000e+00
1.716369510568398237e+09 -7.199744224548339844e+00 -1.936481475830078125e+01 -1.921132326126098411e+00 0.000000000000000000e+00 0.000000000000000000e+00 0.000000000000000000e+00 1.000000000000000000e+00
1.716369510618482113e+09 -7.193492889404296875e+00 -1.938570213317871094e+01 -1.920066952705383523e+00 0.000000000000000000e+00 0.000000000000000000e+00 0.000000000000000000e+00 1.000000000000000000e+00
1.716369510720297575e+09 -7.172599792480468750e+00 -1.941602897644042969e+01 -1.914480209350585938e+00 0.000000000000000000e+00 0.000000000000000000e+00 0.000000000000000000e+00 1.000000000000000000e+00
1.716369510769137383e+09 -7.160824298858642578e+00 -1.943286705017089844e+01 -1.910977602005004883e+00 0.000000000000000000e+00 0.000000000000000000e+00 0.000000000000000000e+00 1.000000000000000000e+00
1.716369510869785309e+09 -7.135388374328613281e+00 -1.948645401000976918e+01 -1.904856324195861594e+00 0.000000000000000000e+00 0.000000000000000000e+00 0.000000000000000000e+00 1.000000000000000000e+00
1.716369510970265627e+09 -7.102867603302001953e+00 -1.952231216430664062e+01 -1.890893220901489258e+00 0.000000000000000000e+00 0.000000000000000000e+00 0.000000000000000000e+00 1.000000000000000000e+00
1.716369511070559502e+09 -7.089981555938720703e+00 -1.955696296691894531e+01 -1.885841012001037598e+00 0.000000000000000000e+00 0.000000000000000000e+00 0.000000000000000000e+00 1.000000000000000000e+00
1.716369511120818138e+09 -7.052963733673095703e+00 -1.960465049743652344e+01 -1.867835521697998047e+00 0.000000000000000000e+00 0.000000000000000000e+00 0.000000000000000000e+00 1.000000000000000000e+00
1.716369511221232414e+09 -7.016514301300048828e+00 -1.967132186889648438e+01 -1.849871754646301270e+00 0.000000000000000000e+00 0.000000000000000000e+00 0.000000000000000000e+00 1.000000000000000000e+00
1.716369511271375418e+09 -6.994811058044433594e+00 -1.969694519042968750e+01 -1.839354157447814941e+00 0.000000000000000000e+00 0.000000000000000000e+00 0.000000000000000000e+00 1.000000000000000000e+00
1.716369511321582556e+09 -6.971920967102050781e+00 -1.972408485412597656e+01 -1.828386783599853294e+00 0.000000000000000000e+00 0.000000000000000000e+00 0.000000000000000000e+00 1.000000000000000000e+00
1.716369511371941566e+09 -6.926043033599853516e+00 -1.977833557128906250e+01 -1.805807590484619141e+00 0.000000000000000000e+00 0.000000000000000000e+00 0.000000000000000000e+00 1.000000000000000000e+00
1.716369511472317696e+09 -6.911078929901123047e+00 -1.982277107238769176e+01 -1.795661330223083496e+00 0.000000000000000000e+00 0.000000000000000000e+00 0.000000000000000000e+00 1.000000000000000000e+00
1.716369511522414923e+09 -6.889225006103515625e+00 -1.985055541992187500e+01 -1.783737778663635254e+00 0.000000000000000000e+00 0.000000000000000000e+00 0.000000000000000000e+00 1.000000000000000000e+00
1.716369511622999191e+09 -6.850773811340332031e+00 -1.991576385498046875e+01 -1.760822653770446777e+00 0.000000000000000000e+00 0.000000000000000000e+00 0.000000000000000000e+00 1.000000000000000000e+00
1.716369511673297882e+09 -6.832775592803955078e+00 -1.994094848632812500e+01 -1.749179959297180176e+00 0.000000000000000000e+00 0.000000000000000000e+00 0.000000000000000000e+00 1.000000000000000000e+00
1.716369511723749399e+09 -6.812693119049072266e+00 -1.996249389648437145e+01 -1.737741470336914062e+00 0.000000000000000000e+00 0.000000000000000000e+00 0.000000000000000000e+00 1.000000000000000000e+00
1.716369511774268866e+09 -6.794729232788085938e+00 -1.999077987670898438e+01 -1.726143598556518555e+00 0.000000000000000000e+00 0.000000000000000000e+00 0.000000000000000000e+00 1.000000000000000000e+00
1.716369511824227333e+09 -6.775879383087158203e+00 -2.001142501831054688e+01 -1.710494399070739524e+00 0.000000000000000000e+00 0.000000000000000000e+00 0.000000000000000000e+00 1.000000000000000000e+00
1.716369511874297619e+09 -6.763100624084472656e+00 -2.004330444335937145e+01 -1.698283910751342773e+00 0.000000000000000000e+00 0.000000000000000000e+00 0.000000000000000000e+00 1.000000000000000000e+00
1.716369511926268816e+09 -6.747035980224609375e+00 -2.006268501281738281e+01 -1.684178233146667703e+00 0.000000000000000000e+00 0.000000000000000000e+00 0.000000000000000000e+00 1.000000000000000000e+00
1.716369511975042582e+09 -6.732720375061035156e+00 -2.008139038085937145e+01 -1.670396208763122559e+00 0.000000000000000000e+00 0.000000000000000000e+00 0.000000000000000000e+00 1.000000000000000000e+00
1.716369512024955511e+09 -6.719534873962402344e+00 -2.009970664978027699e+01 -1.656502366065979004e+00 0.000000000000000000e+00 0.000000000000000000e+00 0.000000000000000000e+00 1.000000000000000000e+00
1.716369512075123549e+09 -6.710313796997070312e+00 -2.012502861022948863e+01 -1.643677234649658203e+00 0.000000000000000000e+00 0.000000000000000000e+00 0.000000000000000000e+00 1.000000000000000000e+00
1.716369512125359297e+09 -6.699640750885009766e+00 -2.014022827148437145e+01 -1.630388259887695090e+00 0.000000000000000000e+00 0.000000000000000000e+00 0.000000000000000000e+00 1.000000000000000000e+00
1.716369512175626040e+09 -6.689958572387695312e+00 -2.015406799316406250e+01 -1.616737604141235352e+00 0.000000000000000000e+00 0.000000000000000000e+00 0.000000000000000000e+00 1.000000000000000000e+00
1.716369512225779533e+09 -6.682511329650878906e+00 -2.016694831848144531e+01 -1.604395031929015891e+00 0.000000000000000000e+00 0.000000000000000000e+00 0.000000000000000000e+00 1.000000000000000000e+00
1.716369512275960207e+09 -6.676072597503662109e+00 -2.017956161499023438e+01 -1.591510295867919922e+00 0.000000000000000000e+00 0.000000000000000000e+00 0.000000000000000000e+00 1.000000000000000000e+00
1.716369512326143980e+09 -6.673135757446289062e+00 -2.019732093811035156e+01 -1.579051733016967773e+00 0.000000000000000000e+00 0.000000000000000000e+00 0.000000000000000000e+00 1.000000000000000000e+00
1.716369512376238108e+09 -6.669675350189208984e+00 -2.020800590515136719e+01 -1.565179109573364480e+00 0.000000000000000000e+00 0.000000000000000000e+00 0.000000000000000000e+00 1.000000000000000000e+00
1.716369512426489592e+09 -6.668134212493896484e+00 -2.021903228759765625e+01 -1.551825761795043945e+00 0.000000000000000000e+00 0.000000000000000000e+00 0.000000000000000000e+00 1.000000000000000000e+00
1.716369512476715565e+09 -6.668800830841064453e+00 -2.022701454162597656e+01 -1.539655089378356934e+00 0.000000000000000000e+00 0.000000000000000000e+00 0.000000000000000000e+00 1.000000000000000000e+00
1.716369512526841879e+09 -6.670655727386474609e+00 -2.023896026611328125e+01 -1.526740193367004395e+00 0.000000000000000000e+00 0.000000000000000000e+00 0.000000000000000000e+00 1.000000000000000000e+00
1.716369512627436876e+09 -6.681078433990479404e+00 -2.025991249084472656e+01 -1.498412728309631126e+00 0.000000000000000000e+00 0.000000000000000000e+00 0.000000000000000000e+00 1.000000000000000000e+00
1.716369512727883339e+09 -6.696969509124755859e+00 -2.028217697143554688e+01 -1.470242023468017578e+00 0.000000000000000000e+00 0.000000000000000000e+00 0.000000000000000000e+00 1.000000000000000000e+00
1.716369512778270721e+09 -6.705932140350341797e+00 -2.028986358642578125e+01 -1.455482482910156250e+00 0.000000000000000000e+00 0.000000000000000000e+00 0.000000000000000000e+00 1.000000000000000000e+00
1.716369512828419924e+09 -6.715716361999511719e+00 -2.029833984375000000e+01 -1.440620660781860352e+00 0.000000000000000000e+00 0.000000000000000000e+00 0.000000000000000000e+00 1.000000000000000000e+00
1.716369512878645658e+09 -6.738324165344238281e+00 -2.031445121765136719e+01 -1.409406661987304910e+00 0.000000000000000000e+00 0.000000000000000000e+00 0.000000000000000000e+00 1.000000000000000000e+00
1.716369512979360819e+09 -6.754671573638916016e+00 -2.033141899108886719e+01 -1.393931031227111816e+00 0.000000000000000000e+00 0.000000000000000000e+00 0.000000000000000000e+00 1.000000000000000000e+00
1.716369513029452562e+09 -6.769613265991210938e+00 -2.033950996398925426e+01 -1.376702308654785156e+00 0.000000000000000000e+00 0.000000000000000000e+00 0.000000000000000000e+00 1.000000000000000000e+00
1.716369513079715490e+09 -6.785599708557128906e+00 -2.034720802307128906e+01 -1.359624743461608887e+00 0.000000000000000000e+00 0.000000000000000000e+00 0.000000000000000000e+00 1.000000000000000000e+00
1.716369513129888296e+09 -6.800333023071289062e+00 -2.035219764709472656e+01 -1.341912508010864480e+00 0.000000000000000000e+00 0.000000000000000000e+00 0.000000000000000000e+00 1.000000000000000000e+00
1.716369513180189610e+09 -6.819641590118408203e+00 -2.037248802185058238e+01 -1.325355291366577148e+00 0.000000000000000000e+00 0.000000000000000000e+00 0.000000000000000000e+00 1.000000000000000000e+00
1.716369513280638695e+09 -6.853593826293945312e+00 -2.038894462585448863e+01 -1.285025238990783691e+00 0.000000000000000000e+00 0.000000000000000000e+00 0.000000000000000000e+00 1.000000000000000000e+00
1.716369513330808163e+09 -6.871438980102539062e+00 -2.039841270446777344e+01 -1.264973044395446777e+00 0.000000000000000000e+00 0.000000000000000000e+00 0.000000000000000000e+00 1.000000000000000000e+00
1.716369513381324768e+09 -6.889473915100097656e+00 -2.040891456604003906e+01 -1.244425415992736816e+00 0.000000000000000000e+00 0.000000000000000000e+00 0.000000000000000000e+00 1.000000000000000000e+00
1.716369513431325197e+09 -6.907639980316162109e+00 -2.042040443420410156e+01 -1.223858237266540305e+00 0.000000000000000000e+00 0.000000000000000000e+00 0.000000000000000000e+00 1.000000000000000000e+00
1.716369513531900167e+09 -6.929655551910400391e+00 -2.044611740112304688e+01 -1.206337690353393555e+00 0.000000000000000000e+00 0.000000000000000000e+00 0.000000000000000000e+00 1.000000000000000000e+00
1.716369513582019329e+09 -6.963245868682861328e+00 -2.046945190429687500e+01 -1.168403029441833496e+00 0.000000000000000000e+00 0.000000000000000000e+00 0.000000000000000000e+00 1.000000000000000000e+00
1.716369513632127523e+09 -6.980541706085205078e+00 -2.048068237304687500e+01 -1.151180505752563699e+00 0.000000000000000000e+00 0.000000000000000000e+00 0.000000000000000000e+00 1.000000000000000000e+00
1.716369513732738733e+09 -7.003190517425537109e+00 -2.050809097290039062e+01 -1.134440541267395020e+00 0.000000000000000000e+00 0.000000000000000000e+00 0.000000000000000000e+00 1.000000000000000000e+00
1.716369513782958269e+09 -7.036917686462402344e+00 -2.053630065917968750e+01 -1.097909450531006081e+00 0.000000000000000000e+00 0.000000000000000000e+00 0.000000000000000000e+00 1.000000000000000000e+00
1.716369513834091425e+09 -7.052696704864501953e+00 -2.055112457275390270e+01 -1.080819845199584961e+00 0.000000000000000000e+00 0.000000000000000000e+00 0.000000000000000000e+00 1.000000000000000000e+00
1.716369513933565617e+09 -7.072974681854248047e+00 -2.058762550354003906e+01 -1.065143465995788574e+00 0.000000000000000000e+00 0.000000000000000000e+00 0.000000000000000000e+00 1.000000000000000000e+00
1.716369513983771086e+09 -7.099897861480712891e+00 -2.062210083007812500e+01 -1.029727578163146973e+00 0.000000000000000000e+00 0.000000000000000000e+00 0.000000000000000000e+00 1.000000000000000000e+00
1.716369514034057617e+09 -7.114202499389648438e+00 -2.064172172546386719e+01 -1.011629581451416016e+00 0.000000000000000000e+00 0.000000000000000000e+00 0.000000000000000000e+00 1.000000000000000000e+00
1.716369514084170580e+09 -7.127360343933105469e+00 -2.066167640686035156e+01 -9.938754439353943981e-01 0.000000000000000000e+00 0.000000000000000000e+00 0.000000000000000000e+00 1.000000000000000000e+00
1.716369514184658766e+09 -7.158269405364990234e+00 -2.072391891479491832e+01 -9.625929594039915882e-01 0.000000000000000000e+00 0.000000000000000000e+00 0.000000000000000000e+00 1.000000000000000000e+00
1.716369514235080004e+09 -7.169720172882080078e+00 -2.074549102783203125e+01 -9.446158409118652344e-01 0.000000000000000000e+00 0.000000000000000000e+00 0.000000000000000000e+00 1.000000000000000000e+00
1.716369514285277605e+09 -7.179440498352050781e+00 -2.076861381530761719e+01 -9.274345636367797852e-01 0.000000000000000000e+00 0.000000000000000000e+00 0.000000000000000000e+00 1.000000000000000000e+00
1.716369514335571527e+09 -7.195824146270751953e+00 -2.081673049926757457e+01 -9.133403897285460316e-01 0.000000000000000000e+00 0.000000000000000000e+00 0.000000000000000000e+00 1.000000000000000000e+00
1.716369514385647535e+09 -7.202313423156738281e+00 -2.084300804138183949e+01 -8.966078758239746094e-01 0.000000000000000000e+00 0.000000000000000000e+00 0.000000000000000000e+00 1.000000000000000000e+00
1.716369514436014891e+09 -7.207656860351561612e+00 -2.087077140808105113e+01 -8.794956207275390625e-01 0.000000000000000000e+00 0.000000000000000000e+00 0.000000000000000000e+00 1.000000000000000000e+00
1.716369514486295462e+09 -7.212521076202392578e+00 -2.089962005615234375e+01 -8.634839057922363281e-01 0.000000000000000000e+00 0.000000000000000000e+00 0.000000000000000000e+00 1.000000000000000000e+00
1.716369514586821556e+09 -7.223653793334960938e+00 -2.095788383483886719e+01 -8.502734899520874023e-01 0.000000000000000000e+00 0.000000000000000000e+00 0.000000000000000000e+00 1.000000000000000000e+00
1.716369514636759996e+09 -7.223325252532958984e+00 -2.098853683471680043e+01 -8.337765932083129883e-01 0.000000000000000000e+00 0.000000000000000000e+00 0.000000000000000000e+00 1.000000000000000000e+00
1.716369514687068462e+09 -7.221571445465087891e+00 -2.105286598205566406e+01 -8.051260709762573242e-01 0.000000000000000000e+00 0.000000000000000000e+00 0.000000000000000000e+00 1.000000000000000000e+00
1.716369514787629843e+09 -7.227193832397460938e+00 -2.111157417297363637e+01 -7.946872711181640625e-01 0.000000000000000000e+00 0.000000000000000000e+00 0.000000000000000000e+00 1.000000000000000000e+00
1.716369514839106083e+09 -7.222548007965087891e+00 -2.114445114135742543e+01 -7.802878618240356445e-01 0.000000000000000000e+00 0.000000000000000000e+00 0.000000000000000000e+00 1.000000000000000000e+00
1.716369514888167381e+09 -7.209255695343017578e+00 -2.121325874328613281e+01 -7.548937797546386719e-01 0.000000000000000000e+00 0.000000000000000000e+00 0.000000000000000000e+00 1.000000000000000000e+00
1.716369514938549995e+09 -7.199777603149414062e+00 -2.124948883056640625e+01 -7.436739802360534668e-01 0.000000000000000000e+00 0.000000000000000000e+00 0.000000000000000000e+00 1.000000000000000000e+00
1.716369515039845467e+09 -7.175024509429931641e+00 -2.138696861267089844e+01 -7.152224779129028320e-01 0.000000000000000000e+00 0.000000000000000000e+00 0.000000000000000000e+00 1.000000000000000000e+00
1.716369515139197588e+09 -7.162733554840087891e+00 -2.142272377014160156e+01 -7.063186168670654297e-01 0.000000000000000000e+00 0.000000000000000000e+00 0.000000000000000000e+00 1.000000000000000000e+00
1.716369515240163565e+09 -7.159082889556884766e+00 -2.148809242248535156e+01 -7.003929018974304199e-01 0.000000000000000000e+00 0.000000000000000000e+00 0.000000000000000000e+00 1.000000000000000000e+00
1.716369515290563107e+09 -7.145626068115234375e+00 -2.152408599853515980e+01 -6.923222541809082031e-01 0.000000000000000000e+00 0.000000000000000000e+00 0.000000000000000000e+00 1.000000000000000000e+00
1.716369515340681791e+09 -7.115767478942871094e+00 -2.159569168090820312e+01 -6.781674027442932129e-01 0.000000000000000000e+00 0.000000000000000000e+00 0.000000000000000000e+00 1.000000000000000000e+00
1.716369515390252590e+09 -7.109642505645751953e+00 -2.165301704406738281e+01 -6.749175786972045898e-01 0.000000000000000000e+00 0.000000000000000000e+00 0.000000000000000000e+00 1.000000000000000000e+00
1.716369515440537453e+09 -7.097978591918945312e+00 -2.169852256774902344e+01 -6.702872514724731445e-01 0.000000000000000000e+00 0.000000000000000000e+00 0.000000000000000000e+00 1.000000000000000000e+00
1.716369515491217613e+09 -7.070813179016113281e+00 -2.175921249389648438e+01 -6.589058041572570801e-01 0.000000000000000000e+00 0.000000000000000000e+00 0.000000000000000000e+00 1.000000000000000000e+00
1.716369515592209578e+09 -7.065199375152587891e+00 -2.181706809997558238e+01 -6.581538319587707520e-01 0.000000000000000000e+00 0.000000000000000000e+00 0.000000000000000000e+00 1.000000000000000000e+00
1.716369515642139673e+09 -7.051764965057373047e+00 -2.184914970397948863e+01 -6.551338434219360352e-01 0.000000000000000000e+00 0.000000000000000000e+00 0.000000000000000000e+00 1.000000000000000000e+00
1.716369515741881132e+09 -7.012516498565673828e+00 -2.194331359863280895e+01 -6.516715288162231445e-01 0.000000000000000000e+00 0.000000000000000000e+00 0.000000000000000000e+00 1.000000000000000000e+00
1.716369515842165947e+09 -7.007082939147949219e+00 -2.199959754943848012e+01 -6.543990373611450195e-01 0.000000000000000000e+00 0.000000000000000000e+00 0.000000000000000000e+00 1.000000000000000000e+00
1.716369515893004894e+09 -6.981459140777587891e+00 -2.206011772155761719e+01 -6.574805974960327148e-01 0.000000000000000000e+00 0.000000000000000000e+00 0.000000000000000000e+00 1.000000000000000000e+00
1.716369515942930460e+09 -6.968119144439697266e+00 -2.209039497375488281e+01 -6.602239012718200684e-01 0.000000000000000000e+00 0.000000000000000000e+00 0.000000000000000000e+00 1.000000000000000000e+00
1.716369516043712854e+09 -6.948492527008056641e+00 -2.217460632324218750e+01 -6.696627140045166016e-01 0.000000000000000000e+00 0.000000000000000000e+00 0.000000000000000000e+00 1.000000000000000000e+00
1.716369516143662691e+09 -6.934565067291259766e+00 -2.220479202270508168e+01 -6.745795011520385742e-01 0.000000000000000000e+00 0.000000000000000000e+00 0.000000000000000000e+00 1.000000000000000000e+00
1.716369516194192410e+09 -6.918631553649902344e+00 -2.223451614379882812e+01 -6.796254515647888184e-01 0.000000000000000000e+00 0.000000000000000000e+00 0.000000000000000000e+00 1.000000000000000000e+00
1.716369516244194984e+09 -6.912958621978759766e+00 -2.229431915283203125e+01 -6.883857846260070801e-01 0.000000000000000000e+00 0.000000000000000000e+00 0.000000000000000000e+00 1.000000000000000000e+00
1.716369516294418097e+09 -6.899058341979980469e+00 -2.232024765014648438e+01 -6.930403709411621094e-01 0.000000000000000000e+00 0.000000000000000000e+00 0.000000000000000000e+00 1.000000000000000000e+00
1.716369516345002174e+09 -6.884055614471436435e+00 -2.235180664062500000e+01 -6.971048712730407715e-01 0.000000000000000000e+00 0.000000000000000000e+00 0.000000000000000000e+00 1.000000000000000000e+00
1.716369516397250891e+09 -6.867997646331787109e+00 -2.238347816467285156e+01 -7.031096816062927246e-01 0.000000000000000000e+00 0.000000000000000000e+00 0.000000000000000000e+00 1.000000000000000000e+00
1.716369516444985628e+09 -6.858593463897705078e+00 -2.244021797180176137e+01 -7.108812928199768066e-01 0.000000000000000000e+00 0.000000000000000000e+00 0.000000000000000000e+00 1.000000000000000000e+00
1.716369516495113134e+09 -6.825330734252929688e+00 -2.250600051879882812e+01 -7.215006947517395020e-01 0.000000000000000000e+00 0.000000000000000000e+00 0.000000000000000000e+00 1.000000000000000000e+00
1.716369516545227289e+09 -6.807534217834472656e+00 -2.254026603698730469e+01 -7.266482710838317871e-01 0.000000000000000000e+00 0.000000000000000000e+00 0.000000000000000000e+00 1.000000000000000000e+00
1.716369516645842314e+09 -6.796596050262451172e+00 -2.260156250000000000e+01 -7.342368364334106445e-01 0.000000000000000000e+00 0.000000000000000000e+00 0.000000000000000000e+00 1.000000000000000000e+00
1.716369516696022034e+09 -6.778345108032226562e+00 -2.263490486145019531e+01 -7.388097643852233887e-01 0.000000000000000000e+00 0.000000000000000000e+00 0.000000000000000000e+00 1.000000000000000000e+00
1.716369516746393919e+09 -6.739301204681396484e+00 -2.270544242858886719e+01 -7.474338412284851074e-01 0.000000000000000000e+00 0.000000000000000000e+00 0.000000000000000000e+00 1.000000000000000000e+00
1.716369516846666336e+09 -6.725988388061523438e+00 -2.276738929748535156e+01 -7.541191577911376953e-01 0.000000000000000000e+00 0.000000000000000000e+00 0.000000000000000000e+00 1.000000000000000000e+00
1.716369516897082567e+09 -6.687843322753906250e+00 -2.283982086181640625e+01 -7.598064541816711426e-01 0.000000000000000000e+00 0.000000000000000000e+00 0.000000000000000000e+00 1.000000000000000000e+00
1.716369517048424721e+09 -6.645248413085937500e+00 -2.291239166259765625e+01 -7.651394605636596680e-01 0.000000000000000000e+00 0.000000000000000000e+00 0.000000000000000000e+00 1.000000000000000000e+00
1.716369517148976564e+09 -6.613385677337647373e+00 -2.301495552062988281e+01 -7.725313901901245117e-01 0.000000000000000000e+00 0.000000000000000000e+00 0.000000000000000000e+00 1.000000000000000000e+00
1.716369517199306965e+09 -6.572740077972412109e+00 -2.308980751037597656e+01 -7.776231169700622559e-01 0.000000000000000000e+00 0.000000000000000000e+00 0.000000000000000000e+00 1.000000000000000000e+00
1.716369517299607277e+09 -6.561632156372070312e+00 -2.315819358825683949e+01 -7.832437753677368164e-01 0.000000000000000000e+00 0.000000000000000000e+00 0.000000000000000000e+00 1.000000000000000000e+00
1.716369517400273085e+09 -6.519304752349853516e+00 -2.323323059082031250e+01 -7.889369726181030273e-01 0.000000000000000000e+00 0.000000000000000000e+00 0.000000000000000000e+00 1.000000000000000000e+00
1.716369517450381994e+09 -6.474231243133544922e+00 -2.330766677856445312e+01 -7.962708473205566406e-01 0.000000000000000000e+00 0.000000000000000000e+00 0.000000000000000000e+00 1.000000000000000000e+00
1.716369517551147699e+09 -6.436869144439697266e+00 -2.341486167907714844e+01 -8.073711991310119629e-01 0.000000000000000000e+00 0.000000000000000000e+00 0.000000000000000000e+00 1.000000000000000000e+00
1.716369517651474237e+09 -6.389169216156005859e+00 -2.349553489685058238e+01 -8.185723423957824707e-01 0.000000000000000000e+00 0.000000000000000000e+00 0.000000000000000000e+00 1.000000000000000000e+00
1.716369517752075434e+09 -6.348362445831298828e+00 -2.360894966125488281e+01 -8.356586098670959473e-01 0.000000000000000000e+00 0.000000000000000000e+00 0.000000000000000000e+00 1.000000000000000000e+00
1.716369517853052616e+09 -6.298310756683349609e+00 -2.369146728515625000e+01 -8.516319990158081055e-01 0.000000000000000000e+00 0.000000000000000000e+00 0.000000000000000000e+00 1.000000000000000000e+00
1.716369517953392029e+09 -6.279329299926757812e+00 -2.376593017578125000e+01 -8.641549348831176758e-01 0.000000000000000000e+00 0.000000000000000000e+00 0.000000000000000000e+00 1.000000000000000000e+00
1.716369518003615379e+09 -6.251153945922851562e+00 -2.380979347229003906e+01 -8.738259673118591309e-01 0.000000000000000000e+00 0.000000000000000000e+00 0.000000000000000000e+00 1.000000000000000000e+00
1.716369518054120779e+09 -6.192698001861572266e+00 -2.389570426940917969e+01 -8.941111564636230469e-01 0.000000000000000000e+00 0.000000000000000000e+00 0.000000000000000000e+00 1.000000000000000000e+00
1.716369518154502153e+09 -6.171661376953125000e+00 -2.397857093811035156e+01 -9.084287881851196289e-01 0.000000000000000000e+00 0.000000000000000000e+00 0.000000000000000000e+00 1.000000000000000000e+00
1.716369518204486609e+09 -6.109120845794677734e+00 -2.407314109802246094e+01 -9.314326047897339977e-01 0.000000000000000000e+00 0.000000000000000000e+00 0.000000000000000000e+00 1.000000000000000000e+00
1.716369518308128357e+09 -6.047846794128417969e+00 -2.417515373229980469e+01 -9.566435217857359730e-01 0.000000000000000000e+00 0.000000000000000000e+00 0.000000000000000000e+00 1.000000000000000000e+00
1.716369518405276775e+09 -5.986898899078369141e+00 -2.430851745605468750e+01 -9.852718710899351917e-01 0.000000000000000000e+00 0.000000000000000000e+00 0.000000000000000000e+00 1.000000000000000000e+00
1.716369518455559492e+09 -5.960313796997070312e+00 -2.436329460144042969e+01 -9.991969466209411621e-01 0.000000000000000000e+00 0.000000000000000000e+00 0.000000000000000000e+00 1.000000000000000000e+00
1.716369518505672693e+09 -5.925814628601074219e+00 -2.441582298278808949e+01 -1.012802600860595703e+00 0.000000000000000000e+00 0.000000000000000000e+00 0.000000000000000000e+00 1.000000000000000000e+00
1.716369518656577587e+09 -5.834942817687988281e+00 -2.461176490783691762e+01 -1.058097243309020996e+00 0.000000000000000000e+00 0.000000000000000000e+00 0.000000000000000000e+00 1.000000000000000000e+00
1.716369518706856251e+09 -5.801015377044677734e+00 -2.466279792785644531e+01 -1.071495532989501953e+00 0.000000000000000000e+00 0.000000000000000000e+00 0.000000000000000000e+00 1.000000000000000000e+00
1.716369518757018089e+09 -5.766319751739501953e+00 -2.471292114257812500e+01 -1.084631204605102317e+00 0.000000000000000000e+00 0.000000000000000000e+00 0.000000000000000000e+00 1.000000000000000000e+00
1.716369518858844995e+09 -5.702452182769775391e+00 -2.485151100158691762e+01 -1.114294886589050293e+00 0.000000000000000000e+00 0.000000000000000000e+00 0.000000000000000000e+00 1.000000000000000000e+00
1.716369518958421230e+09 -5.623255729675292969e+00 -2.494236755371093750e+01 -1.137314915657043679e+00 0.000000000000000000e+00 0.000000000000000000e+00 0.000000000000000000e+00 1.000000000000000000e+00
1.716369519108920574e+09 -5.554056644439697266e+00 -2.506142234802246094e+01 -1.161190390586853027e+00 0.000000000000000000e+00 0.000000000000000000e+00 0.000000000000000000e+00 1.000000000000000000e+00
1.716369519159918547e+09 -5.476697444915772373e+00 -2.514282226562500000e+01 -1.175125718116760476e+00 0.000000000000000000e+00 0.000000000000000000e+00 0.000000000000000000e+00 1.000000000000000000e+00
1.716369519259891510e+09 -5.404386043548583984e+00 -2.524887466430664062e+01 -1.185516834259033203e+00 0.000000000000000000e+00 0.000000000000000000e+00 0.000000000000000000e+00 1.000000000000000000e+00
1.716369519360858917e+09 -5.325129032135009766e+00 -2.532124900817871094e+01 -1.184914946556091309e+00 0.000000000000000000e+00 0.000000000000000000e+00 0.000000000000000000e+00 1.000000000000000000e+00
1.716369519411064386e+09 -5.283688545227050781e+00 -2.535589027404785156e+01 -1.182156562805175781e+00 0.000000000000000000e+00 0.000000000000000000e+00 0.000000000000000000e+00 1.000000000000000000e+00
1.716369519511545181e+09 -5.208139419555664062e+00 -2.544222259521484375e+01 -1.173276185989380105e+00 0.000000000000000000e+00 0.000000000000000000e+00 0.000000000000000000e+00 1.000000000000000000e+00
1.716369519561872721e+09 -5.167895793914794922e+00 -2.547275161743164062e+01 -1.165744543075561523e+00 0.000000000000000000e+00 0.000000000000000000e+00 0.000000000000000000e+00 1.000000000000000000e+00
1.716369519612113237e+09 -5.127415180206298828e+00 -2.550233078002929688e+01 -1.157105326652526855e+00 0.000000000000000000e+00 0.000000000000000000e+00 0.000000000000000000e+00 1.000000000000000000e+00
1.716369519662353992e+09 -5.092872142791748047e+00 -2.555096626281738281e+01 -1.150138735771179199e+00 0.000000000000000000e+00 0.000000000000000000e+00 0.000000000000000000e+00 1.000000000000000000e+00
1.716369519712572336e+09 -5.053917407989501953e+00 -2.558017730712890270e+01 -1.140524864196777122e+00 0.000000000000000000e+00 0.000000000000000000e+00 0.000000000000000000e+00 1.000000000000000000e+00
1.716369519762924433e+09 -5.015657901763916016e+00 -2.560817909240722656e+01 -1.130602002143860085e+00 0.000000000000000000e+00 0.000000000000000000e+00 0.000000000000000000e+00 1.000000000000000000e+00
1.716369519813069344e+09 -4.977389335632324219e+00 -2.563818359375000000e+01 -1.120362520217895508e+00 0.000000000000000000e+00 0.000000000000000000e+00 0.000000000000000000e+00 1.000000000000000000e+00
1.716369519863188505e+09 -4.947444438934326172e+00 -2.568982124328613281e+01 -1.112337827682495117e+00 0.000000000000000000e+00 0.000000000000000000e+00 0.000000000000000000e+00 1.000000000000000000e+00
1.716369519913534641e+09 -4.911044597625732422e+00 -2.571444320678710938e+01 -1.099717378616333008e+00 0.000000000000000000e+00 0.000000000000000000e+00 0.000000000000000000e+00 1.000000000000000000e+00
1.716369519963960648e+09 -4.874957084655761719e+00 -2.574192047119140625e+01 -1.087930560111999512e+00 0.000000000000000000e+00 0.000000000000000000e+00 0.000000000000000000e+00 1.000000000000000000e+00
1.716369520013915300e+09 -4.838567256927490234e+00 -2.576930427551269176e+01 -1.076928734779357910e+00 0.000000000000000000e+00 0.000000000000000000e+00 0.000000000000000000e+00 1.000000000000000000e+00
1.716369520114420176e+09 -4.772171020507812500e+00 -2.584083557128906250e+01 -1.057291507720947266e+00 0.000000000000000000e+00 0.000000000000000000e+00 0.000000000000000000e+00 1.000000000000000000e+00
1.716369520166140318e+09 -4.736666202545166016e+00 -2.586583900451660156e+01 -1.045978546142577903e+00 0.000000000000000000e+00 0.000000000000000000e+00 0.000000000000000000e+00 1.000000000000000000e+00
1.716369520216176271e+09 -4.700767040252685547e+00 -2.589090538024902344e+01 -1.034049272537231445e+00 0.000000000000000000e+00 0.000000000000000000e+00 0.000000000000000000e+00 1.000000000000000000e+00
1.716369520265943050e+09 -4.666158676147460938e+00 -2.591566085815429688e+01 -1.022237420082092507e+00 0.000000000000000000e+00 0.000000000000000000e+00 0.000000000000000000e+00 1.000000000000000000e+00
1.716369520315933228e+09 -4.633630752563476562e+00 -2.595517730712890270e+01 -1.011534929275512695e+00 0.000000000000000000e+00 0.000000000000000000e+00 0.000000000000000000e+00 1.000000000000000000e+00
1.716369520366187572e+09 -4.597566604614257812e+00 -2.597601509094238281e+01 -9.993817806243896484e-01 0.000000000000000000e+00 0.000000000000000000e+00 0.000000000000000000e+00 1.000000000000000000e+00
1.716369520467012882e+09 -4.523529529571533203e+00 -2.602242469787597656e+01 -9.694975018501281738e-01 0.000000000000000000e+00 0.000000000000000000e+00 0.000000000000000000e+00 1.000000000000000000e+00
1.716369520517143250e+09 -4.485489368438720703e+00 -2.604273605346680043e+01 -9.535146951675416149e-01 0.000000000000000000e+00 0.000000000000000000e+00 0.000000000000000000e+00 1.000000000000000000e+00
1.716369520617655993e+09 -4.415176391601562500e+00 -2.609055900573730469e+01 -9.187752008438110352e-01 0.000000000000000000e+00 0.000000000000000000e+00 0.000000000000000000e+00 1.000000000000000000e+00
1.716369520667976141e+09 -4.379740715026856357e+00 -2.610736656188964844e+01 -9.004965424537658691e-01 0.000000000000000000e+00 0.000000000000000000e+00 0.000000000000000000e+00 1.000000000000000000e+00
1.716369520718210459e+09 -4.341509819030761719e+00 -2.612358474731445312e+01 -8.818802833557128906e-01 0.000000000000000000e+00 0.000000000000000000e+00 0.000000000000000000e+00 1.000000000000000000e+00
1.716369520818868399e+09 -4.267495632171630859e+00 -2.615873527526855469e+01 -8.413136601448059082e-01 0.000000000000000000e+00 0.000000000000000000e+00 0.000000000000000000e+00 1.000000000000000000e+00
1.716369520869113445e+09 -4.231645107269287109e+00 -2.617149925231933594e+01 -8.203045129776000977e-01 0.000000000000000000e+00 0.000000000000000000e+00 0.000000000000000000e+00 1.000000000000000000e+00
1.716369520919204235e+09 -4.194903373718261719e+00 -2.618345451354980469e+01 -7.977198958396911621e-01 0.000000000000000000e+00 0.000000000000000000e+00 0.000000000000000000e+00 1.000000000000000000e+00
1.716369520969433069e+09 -4.158536911010742188e+00 -2.619535255432128906e+01 -7.742069363594055176e-01 0.000000000000000000e+00 0.000000000000000000e+00 0.000000000000000000e+00 1.000000000000000000e+00
1.716369521069957733e+09 -4.121978759765625000e+00 -2.620833206176757457e+01 -7.494046092033386230e-01 0.000000000000000000e+00 0.000000000000000000e+00 0.000000000000000000e+00 1.000000000000000000e+00
1.716369521120074272e+09 -4.051526069641113281e+00 -2.622638130187988281e+01 -7.016118168830871582e-01 0.000000000000000000e+00 0.000000000000000000e+00 0.000000000000000000e+00 1.000000000000000000e+00
1.716369521170345306e+09 -4.018486499786376953e+00 -2.623252487182616832e+01 -6.765123009681701660e-01 0.000000000000000000e+00 0.000000000000000000e+00 0.000000000000000000e+00 1.000000000000000000e+00
1.716369521221000910e+09 -3.984272956848144975e+00 -2.623993110656738281e+01 -6.497180461883544922e-01 0.000000000000000000e+00 0.000000000000000000e+00 0.000000000000000000e+00 1.000000000000000000e+00
1.716369521270905018e+09 -3.950971364974976030e+00 -2.624508285522460938e+01 -6.231080889701843262e-01 0.000000000000000000e+00 0.000000000000000000e+00 0.000000000000000000e+00 1.000000000000000000e+00
1.716369521321140528e+09 -3.918382406234741211e+00 -2.625106239318848012e+01 -5.966253876686096191e-01 0.000000000000000000e+00 0.000000000000000000e+00 0.000000000000000000e+00 1.000000000000000000e+00
1.716369521371363878e+09 -3.885467052459716797e+00 -2.625613594055176137e+01 -5.685050487518310547e-01 0.000000000000000000e+00 0.000000000000000000e+00 0.000000000000000000e+00 1.000000000000000000e+00
1.716369521471818686e+09 -3.854140758514403853e+00 -2.625783538818359730e+01 -5.407206416130065918e-01 0.000000000000000000e+00 0.000000000000000000e+00 0.000000000000000000e+00 1.000000000000000000e+00
1.716369521521929026e+09 -3.827467918395996094e+00 -2.626067352294921875e+01 -5.148763060569763184e-01 0.000000000000000000e+00 0.000000000000000000e+00 0.000000000000000000e+00 1.000000000000000000e+00
1.716369521572337627e+09 -3.799296617507935014e+00 -2.626297760009765625e+01 -4.848019182682036798e-01 0.000000000000000000e+00 0.000000000000000000e+00 0.000000000000000000e+00 1.000000000000000000e+00
1.716369521622482538e+09 -3.741792678833007812e+00 -2.626716423034667969e+01 -4.300899803638458252e-01 0.000000000000000000e+00 0.000000000000000000e+00 0.000000000000000000e+00 1.000000000000000000e+00
1.716369521723137140e+09 -3.711805105209351030e+00 -2.626050758361816406e+01 -3.988947868347167969e-01 0.000000000000000000e+00 0.000000000000000000e+00 0.000000000000000000e+00 1.000000000000000000e+00
1.716369521773578644e+09 -3.683526754379272905e+00 -2.625941467285155895e+01 -3.705523610115051270e-01 0.000000000000000000e+00 0.000000000000000000e+00 0.000000000000000000e+00 1.000000000000000000e+00
1.716369521823651791e+09 -3.629563331604003906e+00 -2.625560379028320312e+01 -3.150081932544708252e-01 0.000000000000000000e+00 0.000000000000000000e+00 0.000000000000000000e+00 1.000000000000000000e+00
1.716369521874185324e+09 -3.602260351181030273e+00 -2.624603080749512074e+01 -2.878826558589934748e-01 0.000000000000000000e+00 0.000000000000000000e+00 0.000000000000000000e+00 1.000000000000000000e+00
1.716369521924104452e+09 -3.576315402984619141e+00 -2.624213981628417969e+01 -2.629929482936859131e-01 0.000000000000000000e+00 0.000000000000000000e+00 0.000000000000000000e+00 1.000000000000000000e+00
1.716369522024466991e+09 -3.525277376174926758e+00 -2.621967697143554688e+01 -2.174286693334578913e-01 0.000000000000000000e+00 0.000000000000000000e+00 0.000000000000000000e+00 1.000000000000000000e+00
1.716369522074792147e+09 -3.501782655715942383e+00 -2.621196365356445312e+01 -1.977097243070601862e-01 0.000000000000000000e+00 0.000000000000000000e+00 0.000000000000000000e+00 1.000000000000000000e+00
1.716369522175256014e+09 -3.453092098236083984e+00 -2.619525909423828125e+01 -1.645269989967345914e-01 0.000000000000000000e+00 0.000000000000000000e+00 0.000000000000000000e+00 1.000000000000000000e+00
1.716369522225774050e+09 -3.406605243682861328e+00 -2.617505645751953125e+01 -1.323426514863967896e-01 0.000000000000000000e+00 0.000000000000000000e+00 0.000000000000000000e+00 1.000000000000000000e+00
1.716369522325851440e+09 -3.381733894348144531e+00 -2.614975738525390270e+01 -1.197702363133430065e-01 0.000000000000000000e+00 0.000000000000000000e+00 0.000000000000000000e+00 1.000000000000000000e+00
1.716369522376436234e+09 -3.358517646789550781e+00 -2.613722038269042969e+01 -1.094081103801727017e-01 0.000000000000000000e+00 0.000000000000000000e+00 0.000000000000000000e+00 1.000000000000000000e+00
1.716369522426482439e+09 -3.334440469741821289e+00 -2.612272644042968750e+01 -9.946969896554939961e-02 0.000000000000000000e+00 0.000000000000000000e+00 0.000000000000000000e+00 1.000000000000000000e+00
1.716369522476816416e+09 -3.311282396316528320e+00 -2.610898399353027699e+01 -9.154082834720610184e-02 0.000000000000000000e+00 0.000000000000000000e+00 0.000000000000000000e+00 1.000000000000000000e+00
1.716369522526948214e+09 -3.286097526550292969e+00 -2.607526016235351918e+01 -8.400145918130870470e-02 0.000000000000000000e+00 0.000000000000000000e+00 0.000000000000000000e+00 1.000000000000000000e+00
1.716369522577890873e+09 -3.263162612915039062e+00 -2.605925559997558238e+01 -7.902925461530679874e-02 0.000000000000000000e+00 0.000000000000000000e+00 0.000000000000000000e+00 1.000000000000000000e+00
1.716369522627480268e+09 -3.240699052810668945e+00 -2.604205894470214844e+01 -7.585448771715160021e-02 0.000000000000000000e+00 0.000000000000000000e+00 0.000000000000000000e+00 1.000000000000000000e+00
1.716369522678293705e+09 -3.218885660171508789e+00 -2.602463340759277344e+01 -7.491616159677499942e-02 0.000000000000000000e+00 0.000000000000000000e+00 0.000000000000000000e+00 1.000000000000000000e+00
1.716369522778152943e+09 -3.193269491195678711e+00 -2.597942733764648438e+01 -7.350713014602659745e-02 0.000000000000000000e+00 0.000000000000000000e+00 0.000000000000000000e+00 1.000000000000000000e+00
1.716369522828604937e+09 -3.172752857208251953e+00 -2.596266746520996094e+01 -7.515239715576170487e-02 0.000000000000000000e+00 0.000000000000000000e+00 0.000000000000000000e+00 1.000000000000000000e+00
1.716369522878662586e+09 -3.130183696746826172e+00 -2.591903686523437145e+01 -8.120078593492499608e-02 0.000000000000000000e+00 0.000000000000000000e+00 0.000000000000000000e+00 1.000000000000000000e+00
1.716369522928901911e+09 -3.106810092926025391e+00 -2.589839744567871094e+01 -8.526669442653650455e-02 0.000000000000000000e+00 0.000000000000000000e+00 0.000000000000000000e+00 1.000000000000000000e+00
1.716369523029398680e+09 -3.058911323547363725e+00 -2.582964324951171875e+01 -9.864117950201030383e-02 0.000000000000000000e+00 0.000000000000000000e+00 0.000000000000000000e+00 1.000000000000000000e+00
1.716369523079575539e+09 -3.036882638931274414e+00 -2.580437278747558238e+01 -1.089573204517363947e-01 0.000000000000000000e+00 0.000000000000000000e+00 0.000000000000000000e+00 1.000000000000000000e+00
1.716369523129836321e+09 -3.012974500656127930e+00 -2.575634002685546875e+01 -1.154630482196807029e-01 0.000000000000000000e+00 0.000000000000000000e+00 0.000000000000000000e+00 1.000000000000000000e+00
1.716369523230249643e+09 -2.967322111129760742e+00 -2.570378494262695668e+01 -1.374814659357070923e-01 0.000000000000000000e+00 0.000000000000000000e+00 0.000000000000000000e+00 1.000000000000000000e+00
1.716369523280489922e+09 -2.944007873535155806e+00 -2.567734336853027699e+01 -1.514528393745422086e-01 0.000000000000000000e+00 0.000000000000000000e+00 0.000000000000000000e+00 1.000000000000000000e+00
1.716369523330732822e+09 -2.921906232833862305e+00 -2.564972114562988281e+01 -1.655676811933516901e-01 0.000000000000000000e+00 0.000000000000000000e+00 0.000000000000000000e+00 1.000000000000000000e+00
1.716369523431358814e+09 -2.871274709701538086e+00 -2.556265068054199219e+01 -1.969338059425354004e-01 0.000000000000000000e+00 0.000000000000000000e+00 0.000000000000000000e+00 1.000000000000000000e+00
1.716369523481473207e+09 -2.848430871963500977e+00 -2.553387832641601562e+01 -2.132774144411087036e-01 0.000000000000000000e+00 0.000000000000000000e+00 0.000000000000000000e+00 1.000000000000000000e+00
1.716369523531686306e+09 -2.825483083724976030e+00 -2.550505447387695668e+01 -2.301264852285385132e-01 0.000000000000000000e+00 0.000000000000000000e+00 0.000000000000000000e+00 1.000000000000000000e+00
1.716369523581822395e+09 -2.801822185516357422e+00 -2.547525978088378906e+01 -2.471630126237868985e-01 0.000000000000000000e+00 0.000000000000000000e+00 0.000000000000000000e+00 1.000000000000000000e+00
1.716369523732604504e+09 -2.728439331054687500e+00 -2.535169982910155895e+01 -2.978510558605194092e-01 0.000000000000000000e+00 0.000000000000000000e+00 0.000000000000000000e+00 1.000000000000000000e+00
1.716369523782709599e+09 -2.702687978744506836e+00 -2.531208801269531250e+01 -3.125472664833068848e-01 0.000000000000000000e+00 0.000000000000000000e+00 0.000000000000000000e+00 1.000000000000000000e+00
1.716369523833883762e+09 -2.677873849868774414e+00 -2.528012275695800781e+01 -3.312906026840209961e-01 0.000000000000000000e+00 0.000000000000000000e+00 0.000000000000000000e+00 1.000000000000000000e+00
1.716369523933939457e+09 -2.625998020172119141e+00 -2.518640136718750000e+01 -3.643543124198913019e-01 0.000000000000000000e+00 0.000000000000000000e+00 0.000000000000000000e+00 1.000000000000000000e+00
1.716369523984165907e+09 -2.602054357528686523e+00 -2.515739250183105113e+01 -3.813759982585906982e-01 0.000000000000000000e+00 0.000000000000000000e+00 0.000000000000000000e+00 1.000000000000000000e+00
1.716369524034354687e+09 -2.577360868453979492e+00 -2.512845802307128906e+01 -3.980148136615753174e-01 0.000000000000000000e+00 0.000000000000000000e+00 0.000000000000000000e+00 1.000000000000000000e+00
1.716369524084863186e+09 -2.528653144836425781e+00 -2.507179641723632812e+01 -4.264425039291381836e-01 0.000000000000000000e+00 0.000000000000000000e+00 0.000000000000000000e+00 1.000000000000000000e+00
1.716369524185306072e+09 -2.500937938690185103e+00 -2.501635360717773082e+01 -4.366033077239990234e-01 0.000000000000000000e+00 0.000000000000000000e+00 0.000000000000000000e+00 1.000000000000000000e+00
1.716369524235537767e+09 -2.478579759597778320e+00 -2.499358558654785156e+01 -4.470712840557097834e-01 0.000000000000000000e+00 0.000000000000000000e+00 0.000000000000000000e+00 1.000000000000000000e+00
1.716369524285632372e+09 -2.455130577087402344e+00 -2.496798515319823863e+01 -4.561818838119506836e-01 0.000000000000000000e+00 0.000000000000000000e+00 0.000000000000000000e+00 1.000000000000000000e+00
1.716369524336026907e+09 -2.433062791824340820e+00 -2.494344520568848012e+01 -4.626151025295257013e-01 0.000000000000000000e+00 0.000000000000000000e+00 0.000000000000000000e+00 1.000000000000000000e+00
1.716369524386251926e+09 -2.407132148742675781e+00 -2.489428520202636719e+01 -4.662460088729857843e-01 0.000000000000000000e+00 0.000000000000000000e+00 0.000000000000000000e+00 1.000000000000000000e+00
1.716369524436363220e+09 -2.382631063461304155e+00 -2.487099266052246094e+01 -4.721129238605499268e-01 0.000000000000000000e+00 0.000000000000000000e+00 0.000000000000000000e+00 1.000000000000000000e+00
1.716369524536926270e+09 -2.334777116775512695e+00 -2.481730079650878906e+01 -4.822874367237091064e-01 0.000000000000000000e+00 0.000000000000000000e+00 0.000000000000000000e+00 1.000000000000000000e+00
1.716369524587053061e+09 -2.312584161758422852e+00 -2.479200553894042969e+01 -4.844595491886138916e-01 0.000000000000000000e+00 0.000000000000000000e+00 0.000000000000000000e+00 1.000000000000000000e+00
1.716369524687614918e+09 -2.264131069183349609e+00 -2.472374725341796875e+01 -4.870304167270659845e-01 0.000000000000000000e+00 0.000000000000000000e+00 0.000000000000000000e+00 1.000000000000000000e+00
1.716369524737919569e+09 -2.240317583084106445e+00 -2.470136642456054688e+01 -4.917636811733245850e-01 0.000000000000000000e+00 0.000000000000000000e+00 0.000000000000000000e+00 1.000000000000000000e+00
1.716369524788131952e+09 -2.192853927612304688e+00 -2.465854644775390270e+01 -5.011332631111145020e-01 0.000000000000000000e+00 0.000000000000000000e+00 0.000000000000000000e+00 1.000000000000000000e+00
1.716369524888480663e+09 -2.167878866195678711e+00 -2.461521339416503906e+01 -5.039039850234985352e-01 0.000000000000000000e+00 0.000000000000000000e+00 0.000000000000000000e+00 1.000000000000000000e+00
1.716369524938890696e+09 -2.145060777664185014e+00 -2.459270286560058238e+01 -5.081177353858947754e-01 0.000000000000000000e+00 0.000000000000000000e+00 0.000000000000000000e+00 1.000000000000000000e+00
1.716369524989004135e+09 -2.121848106384277344e+00 -2.456917381286621094e+01 -5.126764178276062012e-01 0.000000000000000000e+00 0.000000000000000000e+00 0.000000000000000000e+00 1.000000000000000000e+00
1.716369525039215565e+09 -2.098487377166748047e+00 -2.454562950134277344e+01 -5.173228383064270020e-01 0.000000000000000000e+00 0.000000000000000000e+00 0.000000000000000000e+00 1.000000000000000000e+00
1.716369525089365482e+09 -2.073939085006713867e+00 -2.449716949462890270e+01 -5.198041200637817383e-01 0.000000000000000000e+00 0.000000000000000000e+00 0.000000000000000000e+00 1.000000000000000000e+00
1.716369525139596939e+09 -2.051073551177978516e+00 -2.447258758544921875e+01 -5.238335132598876953e-01 0.000000000000000000e+00 0.000000000000000000e+00 0.000000000000000000e+00 1.000000000000000000e+00
1.716369525190143585e+09 -2.027162075042724609e+00 -2.444806098937988281e+01 -5.280179977416992188e-01 0.000000000000000000e+00 0.000000000000000000e+00 0.000000000000000000e+00 1.000000000000000000e+00
1.716369525240257263e+09 -2.000861406326293945e+00 -2.439675140380859730e+01 -5.294811129570007324e-01 0.000000000000000000e+00 0.000000000000000000e+00 0.000000000000000000e+00 1.000000000000000000e+00
1.716369525290538073e+09 -1.976305484771728294e+00 -2.437127113342285156e+01 -5.331339836120605469e-01 0.000000000000000000e+00 0.000000000000000000e+00 0.000000000000000000e+00 1.000000000000000000e+00
1.716369525340768337e+09 -1.952402353286743164e+00 -2.434577369689941051e+01 -5.360943078994750977e-01 0.000000000000000000e+00 0.000000000000000000e+00 0.000000000000000000e+00 1.000000000000000000e+00
1.716369525390844107e+09 -1.928200125694274902e+00 -2.432034492492676137e+01 -5.382819771766662598e-01 0.000000000000000000e+00 0.000000000000000000e+00 0.000000000000000000e+00 1.000000000000000000e+00
1.716369525441425323e+09 -1.880793094635009544e+00 -2.426638603210448863e+01 -5.419365167617797852e-01 0.000000000000000000e+00 0.000000000000000000e+00 0.000000000000000000e+00 1.000000000000000000e+00
1.716369525541932821e+09 -1.854877471923827903e+00 -2.420304489135742543e+01 -5.409815907478332520e-01 0.000000000000000000e+00 0.000000000000000000e+00 0.000000000000000000e+00 1.000000000000000000e+00
1.716369525592566252e+09 -1.833218574523925559e+00 -2.418045425415039062e+01 -5.420466661453247070e-01 0.000000000000000000e+00 0.000000000000000000e+00 0.000000000000000000e+00 1.000000000000000000e+00
1.716369525642343283e+09 -1.786770343780517578e+00 -2.412320899963378906e+01 -5.461963415145874023e-01 0.000000000000000000e+00 0.000000000000000000e+00 0.000000000000000000e+00 1.000000000000000000e+00
1.716369525742892981e+09 -1.762799978256225586e+00 -2.406560516357421875e+01 -5.462221503257751465e-01 0.000000000000000000e+00 0.000000000000000000e+00 0.000000000000000000e+00 1.000000000000000000e+00
1.716369525793264151e+09 -1.741219639778137207e+00 -2.403874778747558238e+01 -5.492560267448425293e-01 0.000000000000000000e+00 0.000000000000000000e+00 0.000000000000000000e+00 1.000000000000000000e+00
1.716369525894173145e+09 -1.698836922645568848e+00 -2.395291328430176137e+01 -5.532016158103942871e-01 0.000000000000000000e+00 0.000000000000000000e+00 0.000000000000000000e+00 1.000000000000000000e+00
1.716369525943888187e+09 -1.679629564285278320e+00 -2.392478752136230469e+01 -5.567893981933593750e-01 0.000000000000000000e+00 0.000000000000000000e+00 0.000000000000000000e+00 1.000000000000000000e+00
1.716369525994753122e+09 -1.661670207977294922e+00 -2.389562416076660156e+01 -5.595515966415405273e-01 0.000000000000000000e+00 0.000000000000000000e+00 0.000000000000000000e+00 1.000000000000000000e+00
1.716369526044491291e+09 -1.627300620079040305e+00 -2.383609962463378906e+01 -5.656888484954833984e-01 0.000000000000000000e+00 0.000000000000000000e+00 0.000000000000000000e+00 1.000000000000000000e+00
1.716369526145551205e+09 -1.610618948936462402e+00 -2.377979278564453125e+01 -5.668551325798034668e-01 0.000000000000000000e+00 0.000000000000000000e+00 0.000000000000000000e+00 1.000000000000000000e+00
1.716369526194999456e+09 -1.595082879066467285e+00 -2.375114059448242543e+01 -5.729701519012451172e-01 0.000000000000000000e+00 0.000000000000000000e+00 0.000000000000000000e+00 1.000000000000000000e+00
1.716369526295555353e+09 -1.561787128448486328e+00 -2.366677093505859730e+01 -5.853806138038635254e-01 0.000000000000000000e+00 0.000000000000000000e+00 0.000000000000000000e+00 1.000000000000000000e+00
1.716369526400490999e+09 -1.550528287887573242e+00 -2.360997581481933594e+01 -5.876196026802062988e-01 0.000000000000000000e+00 0.000000000000000000e+00 0.000000000000000000e+00 1.000000000000000000e+00
1.716369526446008205e+09 -1.542369008064270020e+00 -2.357993698120116832e+01 -5.921147465705871582e-01 0.000000000000000000e+00 0.000000000000000000e+00 0.000000000000000000e+00 1.000000000000000000e+00
1.716369526496578455e+09 -1.529342651367187500e+00 -2.352255058288574574e+01 -6.022669672966003418e-01 0.000000000000000000e+00 0.000000000000000000e+00 0.000000000000000000e+00 1.000000000000000000e+00
1.716369526647095442e+09 -1.519311547279357910e+00 -2.343913459777832031e+01 -6.086381673812866211e-01 0.000000000000000000e+00 0.000000000000000000e+00 0.000000000000000000e+00 1.000000000000000000e+00
1.716369526696716309e+09 -1.514956951141357422e+00 -2.338571357727050781e+01 -6.129182577133178711e-01 0.000000000000000000e+00 0.000000000000000000e+00 0.000000000000000000e+00 1.000000000000000000e+00
1.716369526796995878e+09 -1.513421535491943359e+00 -2.330450248718261719e+01 -6.108619570732116699e-01 0.000000000000000000e+00 0.000000000000000000e+00 0.000000000000000000e+00 1.000000000000000000e+00
1.716369526897578001e+09 -1.514133810997009277e+00 -2.327645111083984375e+01 -6.090149283409118652e-01 0.000000000000000000e+00 0.000000000000000000e+00 0.000000000000000000e+00 1.000000000000000000e+00
1.716369526947381496e+09 -1.519814729690551758e+00 -2.322232437133789062e+01 -6.025964021682739258e-01 0.000000000000000000e+00 0.000000000000000000e+00 0.000000000000000000e+00 1.000000000000000000e+00
1.716369527047871828e+09 -1.521432876586914062e+00 -2.316748619079589844e+01 -5.958428382873535156e-01 0.000000000000000000e+00 0.000000000000000000e+00 0.000000000000000000e+00 1.000000000000000000e+00
1.716369527098163605e+09 -1.525399565696716309e+00 -2.314156341552734375e+01 -5.902643799781799316e-01 0.000000000000000000e+00 0.000000000000000000e+00 0.000000000000000000e+00 1.000000000000000000e+00
1.716369527148301125e+09 -1.529403686523437500e+00 -2.311261749267578125e+01 -5.847191810607910156e-01 0.000000000000000000e+00 0.000000000000000000e+00 0.000000000000000000e+00 1.000000000000000000e+00
1.716369527198559999e+09 -1.531368851661681907e+00 -2.305789184570312500e+01 -5.763885974884033203e-01 0.000000000000000000e+00 0.000000000000000000e+00 0.000000000000000000e+00 1.000000000000000000e+00
1.716369527248769522e+09 -1.535692811012268066e+00 -2.303097343444823863e+01 -5.703619718551635742e-01 0.000000000000000000e+00 0.000000000000000000e+00 0.000000000000000000e+00 1.000000000000000000e+00
1.716369527299139261e+09 -1.539619922637939675e+00 -2.300208663940429688e+01 -5.641355514526367188e-01 0.000000000000000000e+00 0.000000000000000000e+00 0.000000000000000000e+00 1.000000000000000000e+00
1.716369527349162102e+09 -1.544431209564208984e+00 -2.297522354125976918e+01 -5.570816397666931152e-01 0.000000000000000000e+00 0.000000000000000000e+00 0.000000000000000000e+00 1.000000000000000000e+00
1.716369527399522543e+09 -1.549502849578857422e+00 -2.294934272766113281e+01 -5.500648021697998047e-01 0.000000000000000000e+00 0.000000000000000000e+00 0.000000000000000000e+00 1.000000000000000000e+00
1.716369527449522972e+09 -1.553005099296569824e+00 -2.289666557312012074e+01 -5.400233268737792969e-01 0.000000000000000000e+00 0.000000000000000000e+00 0.000000000000000000e+00 1.000000000000000000e+00
1.716369527500457287e+09 -1.557934045791625977e+00 -2.287086105346680043e+01 -5.321786999702453613e-01 0.000000000000000000e+00 0.000000000000000000e+00 0.000000000000000000e+00 1.000000000000000000e+00
1.716369527600462198e+09 -1.566473841667175293e+00 -2.282024383544921875e+01 -5.175857543945312500e-01 0.000000000000000000e+00 0.000000000000000000e+00 0.000000000000000000e+00 1.000000000000000000e+00
1.716369527651541233e+09 -1.571939945220947266e+00 -2.277384185791015980e+01 -5.031098723411560059e-01 0.000000000000000000e+00 0.000000000000000000e+00 0.000000000000000000e+00 1.000000000000000000e+00
1.716369527750852585e+09 -1.572843432426452637e+00 -2.270090675354003906e+01 -4.848744869232177734e-01 0.000000000000000000e+00 0.000000000000000000e+00 0.000000000000000000e+00 1.000000000000000000e+00
1.716369527801074266e+09 -1.574847102165222168e+00 -2.267721939086914062e+01 -4.779559671878814142e-01 0.000000000000000000e+00 0.000000000000000000e+00 0.000000000000000000e+00 1.000000000000000000e+00
1.716369527901537180e+09 -1.574876070022583008e+00 -2.262754631042480469e+01 -4.706013202667235773e-01 0.000000000000000000e+00 0.000000000000000000e+00 0.000000000000000000e+00 1.000000000000000000e+00
1.716369527951759577e+09 -1.578122019767761230e+00 -2.257755279541015980e+01 -4.643303751945495050e-01 0.000000000000000000e+00 0.000000000000000000e+00 0.000000000000000000e+00 1.000000000000000000e+00
1.716369528003408670e+09 -1.578735947608947754e+00 -2.255246162414550781e+01 -4.631170332431793213e-01 0.000000000000000000e+00 0.000000000000000000e+00 0.000000000000000000e+00 1.000000000000000000e+00
1.716369528052241087e+09 -1.579082846641540305e+00 -2.252927589416503906e+01 -4.633577764034271240e-01 0.000000000000000000e+00 0.000000000000000000e+00 0.000000000000000000e+00 1.000000000000000000e+00
1.716369528153791189e+09 -1.577488303184509277e+00 -2.248118209838867188e+01 -4.622955620288848877e-01 0.000000000000000000e+00 0.000000000000000000e+00 0.000000000000000000e+00 1.000000000000000000e+00
1.716369528202847719e+09 -1.576804041862487793e+00 -2.245592498779296875e+01 -4.640418291091918945e-01 0.000000000000000000e+00 0.000000000000000000e+00 0.000000000000000000e+00 1.000000000000000000e+00
1.716369528303532600e+09 -1.572157740592956321e+00 -2.238668060302734375e+01 -4.772243201732634943e-01 0.000000000000000000e+00 0.000000000000000000e+00 0.000000000000000000e+00 1.000000000000000000e+00
1.716369528403829575e+09 -1.565816402435302734e+00 -2.231364822387695668e+01 -4.888879656791687012e-01 0.000000000000000000e+00 0.000000000000000000e+00 0.000000000000000000e+00 1.000000000000000000e+00
1.716369528454013586e+09 -1.564413189888000488e+00 -2.228695678710937145e+01 -4.959358870983123779e-01 0.000000000000000000e+00 0.000000000000000000e+00 0.000000000000000000e+00 1.000000000000000000e+00
1.716369528506937027e+09 -1.564150929450988770e+00 -2.226103973388671875e+01 -5.046787858009338379e-01 0.000000000000000000e+00 0.000000000000000000e+00 0.000000000000000000e+00 1.000000000000000000e+00
1.716369528554828644e+09 -1.561259150505065918e+00 -2.220813179016113281e+01 -5.133489966392517090e-01 0.000000000000000000e+00 0.000000000000000000e+00 0.000000000000000000e+00 1.000000000000000000e+00
1.716369528604604959e+09 -1.559163808822631836e+00 -2.218208694458008168e+01 -5.247781276702880859e-01 0.000000000000000000e+00 0.000000000000000000e+00 0.000000000000000000e+00 1.000000000000000000e+00
1.716369528654808760e+09 -1.556151866912841797e+00 -2.215514373779296875e+01 -5.356192588806152344e-01 0.000000000000000000e+00 0.000000000000000000e+00 0.000000000000000000e+00 1.000000000000000000e+00
1.716369528705036640e+09 -1.552779555320739524e+00 -2.212913703918457031e+01 -5.474298596382141113e-01 0.000000000000000000e+00 0.000000000000000000e+00 0.000000000000000000e+00 1.000000000000000000e+00
1.716369528755388021e+09 -1.547258734703063965e+00 -2.207628822326660156e+01 -5.571202635765075684e-01 0.000000000000000000e+00 0.000000000000000000e+00 0.000000000000000000e+00 1.000000000000000000e+00
1.716369528805837870e+09 -1.543627381324768066e+00 -2.204929351806640625e+01 -5.687057375907897949e-01 0.000000000000000000e+00 0.000000000000000000e+00 0.000000000000000000e+00 1.000000000000000000e+00
1.716369528906089544e+09 -1.534676909446716309e+00 -2.199132537841796875e+01 -5.923647284507751465e-01 0.000000000000000000e+00 0.000000000000000000e+00 0.000000000000000000e+00 1.000000000000000000e+00
1.716369528956251860e+09 -1.528026580810546875e+00 -2.193467140197753906e+01 -6.001219153404235840e-01 0.000000000000000000e+00 0.000000000000000000e+00 0.000000000000000000e+00 1.000000000000000000e+00
1.716369529006567717e+09 -1.523227095603942871e+00 -2.190673446655273082e+01 -6.115003228187561035e-01 0.000000000000000000e+00 0.000000000000000000e+00 0.000000000000000000e+00 1.000000000000000000e+00
1.716369529057149887e+09 -1.516382932662964089e+00 -2.187702369689941051e+01 -6.217766404151916504e-01 0.000000000000000000e+00 0.000000000000000000e+00 0.000000000000000000e+00 1.000000000000000000e+00
1.716369529107368469e+09 -1.508889317512512207e+00 -2.184923362731933594e+01 -6.333820819854736328e-01 0.000000000000000000e+00 0.000000000000000000e+00 0.000000000000000000e+00 1.000000000000000000e+00
1.716369529157689095e+09 -1.498549699783325195e+00 -2.179382133483886719e+01 -6.409771442413330078e-01 0.000000000000000000e+00 0.000000000000000000e+00 0.000000000000000000e+00 1.000000000000000000e+00
1.716369529207853556e+09 -1.489167928695678711e+00 -2.176622581481933594e+01 -6.517136096954345703e-01 0.000000000000000000e+00 0.000000000000000000e+00 0.000000000000000000e+00 1.000000000000000000e+00
1.716369529257980108e+09 -1.480473279953002930e+00 -2.173360252380371094e+01 -6.617782711982727051e-01 0.000000000000000000e+00 0.000000000000000000e+00 0.000000000000000000e+00 1.000000000000000000e+00
1.716369529308042765e+09 -1.470178127288818359e+00 -2.170714950561523438e+01 -6.715542674064636230e-01 0.000000000000000000e+00 0.000000000000000000e+00 0.000000000000000000e+00 1.000000000000000000e+00
1.716369529358592749e+09 -1.457134962081909180e+00 -2.165006256103515980e+01 -6.771641969680786133e-01 0.000000000000000000e+00 0.000000000000000000e+00 0.000000000000000000e+00 1.000000000000000000e+00
1.716369529408986568e+09 -1.446396708488464355e+00 -2.162162208557128906e+01 -6.867598891258239746e-01 0.000000000000000000e+00 0.000000000000000000e+00 0.000000000000000000e+00 1.000000000000000000e+00
1.716369529458886623e+09 -1.434277772903442383e+00 -2.159231185913085938e+01 -6.957872509956359863e-01 0.000000000000000000e+00 0.000000000000000000e+00 0.000000000000000000e+00 1.000000000000000000e+00
1.716369529559538126e+09 -1.408746242523193359e+00 -2.153791427612304688e+01 -7.124641537666320801e-01 0.000000000000000000e+00 0.000000000000000000e+00 0.000000000000000000e+00 1.000000000000000000e+00
1.716369529610038280e+09 -1.393334627151489258e+00 -2.148599433898925426e+01 -7.177801728248596191e-01 0.000000000000000000e+00 0.000000000000000000e+00 0.000000000000000000e+00 1.000000000000000000e+00
1.716369529710244179e+09 -1.364427566528320312e+00 -2.143484687805176137e+01 -7.336648106575012207e-01 0.000000000000000000e+00 0.000000000000000000e+00 0.000000000000000000e+00 1.000000000000000000e+00
1.716369529760401487e+09 -1.351139903068542480e+00 -2.140967941284180043e+01 -7.416380047798156738e-01 0.000000000000000000e+00 0.000000000000000000e+00 0.000000000000000000e+00 1.000000000000000000e+00
1.716369529860897779e+09 -1.316517949104309082e+00 -2.133583831787109375e+01 -7.556200027465820312e-01 0.000000000000000000e+00 0.000000000000000000e+00 0.000000000000000000e+00 1.000000000000000000e+00
1.716369529911105871e+09 -1.298028111457824707e+00 -2.131088447570800781e+01 -7.642217874526977539e-01 0.000000000000000000e+00 0.000000000000000000e+00 0.000000000000000000e+00 1.000000000000000000e+00
1.716369529961427927e+09 -1.278878092765808105e+00 -2.128680229187012074e+01 -7.742906212806701660e-01 0.000000000000000000e+00 0.000000000000000000e+00 0.000000000000000000e+00 1.000000000000000000e+00
1.716369530061745405e+09 -1.239385247230529785e+00 -2.121460723876953125e+01 -7.930921912193298340e-01 0.000000000000000000e+00 0.000000000000000000e+00 0.000000000000000000e+00 1.000000000000000000e+00
1.716369530111889124e+09 -1.219926714897155762e+00 -2.119231224060058238e+01 -8.048067092895507812e-01 0.000000000000000000e+00 0.000000000000000000e+00 0.000000000000000000e+00 1.000000000000000000e+00
1.716369530162505627e+09 -1.200665950775146484e+00 -2.116590309143066406e+01 -8.169710636138916016e-01 0.000000000000000000e+00 0.000000000000000000e+00 0.000000000000000000e+00 1.000000000000000000e+00
1.716369530212394238e+09 -1.179578900337219238e+00 -2.114680671691894531e+01 -8.274486064910888672e-01 0.000000000000000000e+00 0.000000000000000000e+00 0.000000000000000000e+00 1.000000000000000000e+00
1.716369530262583017e+09 -1.156519293785095215e+00 -2.110471343994140625e+01 -8.370850682258605957e-01 0.000000000000000000e+00 0.000000000000000000e+00 0.000000000000000000e+00 1.000000000000000000e+00
1.716369530312703371e+09 -1.134995937347412109e+00 -2.108335685729980469e+01 -8.494958877563476562e-01 0.000000000000000000e+00 0.000000000000000000e+00 0.000000000000000000e+00 1.000000000000000000e+00
1.716369530362956524e+09 -1.112486720085144043e+00 -2.106302261352539062e+01 -8.619838953018188477e-01 0.000000000000000000e+00 0.000000000000000000e+00 0.000000000000000000e+00 1.000000000000000000e+00
1.716369530413168669e+09 -1.088622808456420898e+00 -2.102582931518554688e+01 -8.724015951156616211e-01 0.000000000000000000e+00 0.000000000000000000e+00 0.000000000000000000e+00 1.000000000000000000e+00
1.716369530513787508e+09 -1.043625116348266602e+00 -2.098899078369140625e+01 -8.977035880088806152e-01 0.000000000000000000e+00 0.000000000000000000e+00 0.000000000000000000e+00 1.000000000000000000e+00
1.716369530563939571e+09 -1.021939873695373535e+00 -2.097040748596191762e+01 -9.110252857208251953e-01 0.000000000000000000e+00 0.000000000000000000e+00 0.000000000000000000e+00 1.000000000000000000e+00
1.716369530614194393e+09 -1.000414967536926492e+00 -2.093687438964844105e+01 -9.225537776947020374e-01 0.000000000000000000e+00 0.000000000000000000e+00 0.000000000000000000e+00 1.000000000000000000e+00
1.716369530666766644e+09 -9.799793958663940430e-01 -2.092015838623046875e+01 -9.360990524291992188e-01 0.000000000000000000e+00 0.000000000000000000e+00 0.000000000000000000e+00 1.000000000000000000e+00
1.716369530714731216e+09 -9.603551030158995472e-01 -2.090434646606445312e+01 -9.499498009681701660e-01 0.000000000000000000e+00 0.000000000000000000e+00 0.000000000000000000e+00 1.000000000000000000e+00
1.716369530765103579e+09 -9.434267878532409668e-01 -2.088831520080566406e+01 -9.643970131874084473e-01 0.000000000000000000e+00 0.000000000000000000e+00 0.000000000000000000e+00 1.000000000000000000e+00
1.716369530815346718e+09 -9.244359731674194336e-01 -2.085844230651855469e+01 -9.771280288696287952e-01 0.000000000000000000e+00 0.000000000000000000e+00 0.000000000000000000e+00 1.000000000000000000e+00
1.716369530866180897e+09 -9.067686796188354492e-01 -2.084665298461914062e+01 -9.896412491798399769e-01 0.000000000000000000e+00 0.000000000000000000e+00 0.000000000000000000e+00 1.000000000000000000e+00
1.716369530915662527e+09 -8.918491601943969727e-01 -2.083283233642578125e+01 -1.001099944114685059e+00 0.000000000000000000e+00 0.000000000000000000e+00 0.000000000000000000e+00 1.000000000000000000e+00
1.716369530965922356e+09 -8.780482411384582520e-01 -2.081962966918945312e+01 -1.015279054641723633e+00 0.000000000000000000e+00 0.000000000000000000e+00 0.000000000000000000e+00 1.000000000000000000e+00
1.716369531016318560e+09 -8.655287027359008789e-01 -2.079640960693359730e+01 -1.028304457664489524e+00 0.000000000000000000e+00 0.000000000000000000e+00 0.000000000000000000e+00 1.000000000000000000e+00
1.716369531116602182e+09 -8.552458882331848145e-01 -2.078501701354980469e+01 -1.042665958404541016e+00 0.000000000000000000e+00 0.000000000000000000e+00 0.000000000000000000e+00 1.000000000000000000e+00
1.716369531166839361e+09 -8.388185501098632812e-01 -2.075999832153320312e+01 -1.071375608444214089e+00 0.000000000000000000e+00 0.000000000000000000e+00 0.000000000000000000e+00 1.000000000000000000e+00
1.716369531217451334e+09 -8.328018188476562500e-01 -2.074838066101074574e+01 -1.085786700248718484e+00 0.000000000000000000e+00 0.000000000000000000e+00 0.000000000000000000e+00 1.000000000000000000e+00
1.716369531267465353e+09 -8.269277215003967285e-01 -2.072688484191894531e+01 -1.098369240760803223e+00 0.000000000000000000e+00 0.000000000000000000e+00 0.000000000000000000e+00 1.000000000000000000e+00
1.716369531317648172e+09 -8.219647407531738281e-01 -2.071629905700683949e+01 -1.112048029899597168e+00 0.000000000000000000e+00 0.000000000000000000e+00 0.000000000000000000e+00 1.000000000000000000e+00
1.716369531367874861e+09 -8.180263638496398926e-01 -2.070465660095214844e+01 -1.125701785087585449e+00 0.000000000000000000e+00 0.000000000000000000e+00 0.000000000000000000e+00 1.000000000000000000e+00
1.716369531418043137e+09 -8.151852488517761230e-01 -2.069396781921386719e+01 -1.139342784881591797e+00 0.000000000000000000e+00 0.000000000000000000e+00 0.000000000000000000e+00 1.000000000000000000e+00
1.716369531469137430e+09 -8.128345608711242676e-01 -2.067224311828613281e+01 -1.152280807495117188e+00 0.000000000000000000e+00 0.000000000000000000e+00 0.000000000000000000e+00 1.000000000000000000e+00
1.716369531518853903e+09 -8.121588230133056641e-01 -2.066060829162597656e+01 -1.164591789245605691e+00 0.000000000000000000e+00 0.000000000000000000e+00 0.000000000000000000e+00 1.000000000000000000e+00
1.716369531568809986e+09 -8.137207627296447754e-01 -2.064872169494628906e+01 -1.178105711936950906e+00 0.000000000000000000e+00 0.000000000000000000e+00 0.000000000000000000e+00 1.000000000000000000e+00
1.716369531619198322e+09 -8.157989978790283203e-01 -2.063579750061035156e+01 -1.191614985466003418e+00 0.000000000000000000e+00 0.000000000000000000e+00 0.000000000000000000e+00 1.000000000000000000e+00
1.716369531669409037e+09 -8.164516687393188477e-01 -2.062533950805664062e+01 -1.202008605003356934e+00 0.000000000000000000e+00 0.000000000000000000e+00 0.000000000000000000e+00 1.000000000000000000e+00
1.716369531719784260e+09 -8.183801770210266113e-01 -2.061366081237792969e+01 -1.213600397109985352e+00 0.000000000000000000e+00 0.000000000000000000e+00 0.000000000000000000e+00 1.000000000000000000e+00
1.716369531820392132e+09 -8.220100998878479004e-01 -2.058060646057128906e+01 -1.233620524406433105e+00 0.000000000000000000e+00 0.000000000000000000e+00 0.000000000000000000e+00 1.000000000000000000e+00
1.716369531870474815e+09 -8.237395286560058594e-01 -2.056816291809082031e+01 -1.243232846260070801e+00 0.000000000000000000e+00 0.000000000000000000e+00 0.000000000000000000e+00 1.000000000000000000e+00
1.716369531920572996e+09 -8.255061507225036621e-01 -2.055583000183105113e+01 -1.251953482627868874e+00 0.000000000000000000e+00 0.000000000000000000e+00 0.000000000000000000e+00 1.000000000000000000e+00
1.716369532021126509e+09 -8.307334184646606445e-01 -2.052045822143554688e+01 -1.265770912170410156e+00 0.000000000000000000e+00 0.000000000000000000e+00 0.000000000000000000e+00 1.000000000000000000e+00
1.716369532071187973e+09 -8.342482447624206543e-01 -2.050742149353027699e+01 -1.271572589874267578e+00 0.000000000000000000e+00 0.000000000000000000e+00 0.000000000000000000e+00 1.000000000000000000e+00
1.716369532121317148e+09 -8.388406038284301758e-01 -2.049546051025390270e+01 -1.276521205902099609e+00 0.000000000000000000e+00 0.000000000000000000e+00 0.000000000000000000e+00 1.000000000000000000e+00
1.716369532171596766e+09 -8.444041609764099121e-01 -2.048251152038574574e+01 -1.281003952026367188e+00 0.000000000000000000e+00 0.000000000000000000e+00 0.000000000000000000e+00 1.000000000000000000e+00
1.716369532221706867e+09 -8.496651649475097656e-01 -2.045682907104491832e+01 -1.282612562179565430e+00 0.000000000000000000e+00 0.000000000000000000e+00 0.000000000000000000e+00 1.000000000000000000e+00
1.716369532272099495e+09 -8.563888072967529297e-01 -2.044317436218261719e+01 -1.284418702125549094e+00 0.000000000000000000e+00 0.000000000000000000e+00 0.000000000000000000e+00 1.000000000000000000e+00
1.716369532322363377e+09 -8.633840084075927734e-01 -2.042963600158691762e+01 -1.285261511802673118e+00 0.000000000000000000e+00 0.000000000000000000e+00 0.000000000000000000e+00 1.000000000000000000e+00
1.716369532372754097e+09 -8.703106045722961426e-01 -2.041625785827636719e+01 -1.284917712211608887e+00 0.000000000000000000e+00 0.000000000000000000e+00 0.000000000000000000e+00 1.000000000000000000e+00
1.716369532422682524e+09 -8.768602013587951660e-01 -2.039117431640625000e+01 -1.281618595123291016e+00 0.000000000000000000e+00 0.000000000000000000e+00 0.000000000000000000e+00 1.000000000000000000e+00
1.716369532472926140e+09 -8.844360709190368652e-01 -2.037892341613769176e+01 -1.280159235000610352e+00 0.000000000000000000e+00 0.000000000000000000e+00 0.000000000000000000e+00 1.000000000000000000e+00
1.716369532523104191e+09 -8.924642205238342285e-01 -2.036574935913085938e+01 -1.277887821197509766e+00 0.000000000000000000e+00 0.000000000000000000e+00 0.000000000000000000e+00 1.000000000000000000e+00
1.716369532573329687e+09 -9.005699157714843750e-01 -2.035257911682128906e+01 -1.275543570518493652e+00 0.000000000000000000e+00 0.000000000000000000e+00 0.000000000000000000e+00 1.000000000000000000e+00
1.716369532673781395e+09 -9.161220192909239612e-01 -2.031536674499512074e+01 -1.269215703010559082e+00 0.000000000000000000e+00 0.000000000000000000e+00 0.000000000000000000e+00 1.000000000000000000e+00
1.716369532723857164e+09 -9.253059029579163708e-01 -2.030310440063476918e+01 -1.267182946205139160e+00 0.000000000000000000e+00 0.000000000000000000e+00 0.000000000000000000e+00 1.000000000000000000e+00
1.716369532774453163e+09 -9.349428415298461914e-01 -2.029167175292968750e+01 -1.266291499137878418e+00 0.000000000000000000e+00 0.000000000000000000e+00 0.000000000000000000e+00 1.000000000000000000e+00
1.716369532824436665e+09 -9.455105662345886230e-01 -2.027015304565429688e+01 -1.264931321144104004e+00 0.000000000000000000e+00 0.000000000000000000e+00 0.000000000000000000e+00 1.000000000000000000e+00
1.716369532874583244e+09 -9.546306133270263672e-01 -2.025967216491699219e+01 -1.264563202857971191e+00 0.000000000000000000e+00 0.000000000000000000e+00 0.000000000000000000e+00 1.000000000000000000e+00
1.716369532924802303e+09 -9.621497988700867809e-01 -2.025013351440429688e+01 -1.265237808227539062e+00 0.000000000000000000e+00 0.000000000000000000e+00 0.000000000000000000e+00 1.000000000000000000e+00
1.716369532975025177e+09 -9.730803966522215687e-01 -2.023735427856445312e+01 -1.266216754913330078e+00 0.000000000000000000e+00 0.000000000000000000e+00 0.000000000000000000e+00 1.000000000000000000e+00
1.716369533025190353e+09 -9.814361929893493652e-01 -2.022166633605957031e+01 -1.267162799835205078e+00 0.000000000000000000e+00 0.000000000000000000e+00 0.000000000000000000e+00 1.000000000000000000e+00
1.716369533075730801e+09 -9.871262907981871448e-01 -2.021402931213378906e+01 -1.269288778305053711e+00 0.000000000000000000e+00 0.000000000000000000e+00 0.000000000000000000e+00 1.000000000000000000e+00
1.716369533176057339e+09 -1.001139521598815918e+00 -2.020145988464355469e+01 -1.274908542633056641e+00 0.000000000000000000e+00 0.000000000000000000e+00 0.000000000000000000e+00 1.000000000000000000e+00
1.716369533226244688e+09 -1.007285714149475098e+00 -2.019465065002441051e+01 -1.278134107589721680e+00 0.000000000000000000e+00 0.000000000000000000e+00 0.000000000000000000e+00 1.000000000000000000e+00
1.716369533276480913e+09 -1.012291312217712402e+00 -2.019180870056152344e+01 -1.282304406166076882e+00 0.000000000000000000e+00 0.000000000000000000e+00 0.000000000000000000e+00 1.000000000000000000e+00
1.716369533328237534e+09 -1.016225814819335938e+00 -2.018997192382812500e+01 -1.286899447441101074e+00 0.000000000000000000e+00 0.000000000000000000e+00 0.000000000000000000e+00 1.000000000000000000e+00
1.716369533376856565e+09 -1.019591093063354492e+00 -2.018901443481445312e+01 -1.292633175849914551e+00 0.000000000000000000e+00 0.000000000000000000e+00 0.000000000000000000e+00 1.000000000000000000e+00
1.716369533427097559e+09 -1.022817492485046387e+00 -2.019109916687012074e+01 -1.298347830772399902e+00 0.000000000000000000e+00 0.000000000000000000e+00 0.000000000000000000e+00 1.000000000000000000e+00
1.716369533477881908e+09 -1.024835586547851562e+00 -2.019327735900878906e+01 -1.303796529769897683e+00 0.000000000000000000e+00 0.000000000000000000e+00 0.000000000000000000e+00 1.000000000000000000e+00
1.716369533527551651e+09 -1.025976657867431641e+00 -2.019538688659667969e+01 -1.310061573982238770e+00 0.000000000000000000e+00 0.000000000000000000e+00 0.000000000000000000e+00 1.000000000000000000e+00
1.716369533577877998e+09 -1.026571989059448242e+00 -2.019954109191894531e+01 -1.316359639167785645e+00 0.000000000000000000e+00 0.000000000000000000e+00 0.000000000000000000e+00 1.000000000000000000e+00
1.716369533628041744e+09 -1.024855732917785645e+00 -2.020998954772948863e+01 -1.329109311103820801e+00 0.000000000000000000e+00 0.000000000000000000e+00 0.000000000000000000e+00 1.000000000000000000e+00
1.716369533728714705e+09 -1.022762417793273926e+00 -2.022316169738769176e+01 -1.336907625198364480e+00 0.000000000000000000e+00 0.000000000000000000e+00 0.000000000000000000e+00 1.000000000000000000e+00
1.716369533829147577e+09 -1.014360427856445090e+00 -2.023888778686523438e+01 -1.350408911705017090e+00 0.000000000000000000e+00 0.000000000000000000e+00 0.000000000000000000e+00 1.000000000000000000e+00
1.716369533879374743e+09 -1.008066177368164062e+00 -2.024740600585937145e+01 -1.356796860694885254e+00 0.000000000000000000e+00 0.000000000000000000e+00 0.000000000000000000e+00 1.000000000000000000e+00
1.716369533929411888e+09 -1.001189470291137695e+00 -2.025701332092285156e+01 -1.362822175025939941e+00 0.000000000000000000e+00 0.000000000000000000e+00 0.000000000000000000e+00 1.000000000000000000e+00
1.716369534080255985e+09 -9.803754091262816273e-01 -2.029499435424804688e+01 -1.387515187263488770e+00 0.000000000000000000e+00 0.000000000000000000e+00 0.000000000000000000e+00 1.000000000000000000e+00
1.716369534130357504e+09 -9.714727997779846191e-01 -2.031233596801757457e+01 -1.396607756614685059e+00 0.000000000000000000e+00 0.000000000000000000e+00 0.000000000000000000e+00 1.000000000000000000e+00
1.716369534180686235e+09 -9.617159366607666016e-01 -2.031987953186035156e+01 -1.403727054595947266e+00 0.000000000000000000e+00 0.000000000000000000e+00 0.000000000000000000e+00 1.000000000000000000e+00
1.716369534230877876e+09 -9.510524868965147816e-01 -2.034107208251953125e+01 -1.414663314819335938e+00 0.000000000000000000e+00 0.000000000000000000e+00 0.000000000000000000e+00 1.000000000000000000e+00
1.716369534281414032e+09 -9.399910569190980114e-01 -2.035087394714355469e+01 -1.427538633346557617e+00 0.000000000000000000e+00 0.000000000000000000e+00 0.000000000000000000e+00 1.000000000000000000e+00
1.716369534331447601e+09 -9.285857677459715687e-01 -2.035958862304687500e+01 -1.440962076187133789e+00 0.000000000000000000e+00 0.000000000000000000e+00 0.000000000000000000e+00 1.000000000000000000e+00
1.716369534381946802e+09 -9.173080325126647949e-01 -2.036822319030761719e+01 -1.454798698425292969e+00 0.000000000000000000e+00 0.000000000000000000e+00 0.000000000000000000e+00 1.000000000000000000e+00
1.716369534431980610e+09 -9.061086177825927734e-01 -2.037770462036132812e+01 -1.469652891159057617e+00 0.000000000000000000e+00 0.000000000000000000e+00 0.000000000000000000e+00 1.000000000000000000e+00
1.716369534532924414e+09 -8.955579996109008789e-01 -2.039587402343750000e+01 -1.487054824829101562e+00 0.000000000000000000e+00 0.000000000000000000e+00 0.000000000000000000e+00 1.000000000000000000e+00
1.716369534582577944e+09 -8.745423555374145508e-01 -2.040903663635253906e+01 -1.520862817764282227e+00 0.000000000000000000e+00 0.000000000000000000e+00 0.000000000000000000e+00 1.000000000000000000e+00
1.716369534632970572e+09 -8.657185435295104980e-01 -2.041488075256348012e+01 -1.538673281669616699e+00 0.000000000000000000e+00 0.000000000000000000e+00 0.000000000000000000e+00 1.000000000000000000e+00
1.716369534733356714e+09 -8.587021231651306152e-01 -2.042454910278320312e+01 -1.557354807853698730e+00 0.000000000000000000e+00 0.000000000000000000e+00 0.000000000000000000e+00 1.000000000000000000e+00
1.716369534783731937e+09 -8.524106144905090332e-01 -2.042615127563476918e+01 -1.575522780418395996e+00 0.000000000000000000e+00 0.000000000000000000e+00 0.000000000000000000e+00 1.000000000000000000e+00
1.716369534833878994e+09 -8.476539254188537598e-01 -2.042768669128417969e+01 -1.593579173088073508e+00 0.000000000000000000e+00 0.000000000000000000e+00 0.000000000000000000e+00 1.000000000000000000e+00
1.716369534884129763e+09 -8.377442955970764160e-01 -2.042996406555176137e+01 -1.628067374229431152e+00 0.000000000000000000e+00 0.000000000000000000e+00 0.000000000000000000e+00 1.000000000000000000e+00
1.716369534984661579e+09 -8.349776268005371094e-01 -2.043145561218261719e+01 -1.645579814910888894e+00 0.000000000000000000e+00 0.000000000000000000e+00 0.000000000000000000e+00 1.000000000000000000e+00
1.716369535034824848e+09 -8.317769765853881836e-01 -2.042805290222167969e+01 -1.662009119987487793e+00 0.000000000000000000e+00 0.000000000000000000e+00 0.000000000000000000e+00 1.000000000000000000e+00
1.716369535085143566e+09 -8.318029046058654785e-01 -2.041985893249512074e+01 -1.695339322090148926e+00 0.000000000000000000e+00 0.000000000000000000e+00 0.000000000000000000e+00 1.000000000000000000e+00
1.716369535187047720e+09 -8.365115523338317871e-01 -2.040256690979003906e+01 -1.726964712142944336e+00 0.000000000000000000e+00 0.000000000000000000e+00 0.000000000000000000e+00 1.000000000000000000e+00
1.716369535235728741e+09 -8.405680656433105469e-01 -2.039298629760742543e+01 -1.741693377494812012e+00 0.000000000000000000e+00 0.000000000000000000e+00 0.000000000000000000e+00 1.000000000000000000e+00
1.716369535286060333e+09 -8.454118967056274414e-01 -2.038245964050292969e+01 -1.755720376968383789e+00 0.000000000000000000e+00 0.000000000000000000e+00 0.000000000000000000e+00 1.000000000000000000e+00
1.716369535336266279e+09 -8.502002954483032227e-01 -2.036141586303710938e+01 -1.765705585479736328e+00 0.000000000000000000e+00 0.000000000000000000e+00 0.000000000000000000e+00 1.000000000000000000e+00
1.716369535386603117e+09 -8.555233478546142578e-01 -2.035059547424316406e+01 -1.774943828582763672e+00 0.000000000000000000e+00 0.000000000000000000e+00 0.000000000000000000e+00 1.000000000000000000e+00
1.716369535436743975e+09 -8.613054156303405762e-01 -2.033919525146484375e+01 -1.781317234039306641e+00 0.000000000000000000e+00 0.000000000000000000e+00 0.000000000000000000e+00 1.000000000000000000e+00
1.716369535486917019e+09 -8.682876825332641602e-01 -2.032691764831542969e+01 -1.786491155624389648e+00 0.000000000000000000e+00 0.000000000000000000e+00 0.000000000000000000e+00 1.000000000000000000e+00
1.716369535537132740e+09 -8.758162856101989746e-01 -2.031488418579101562e+01 -1.789959430694580078e+00 0.000000000000000000e+00 0.000000000000000000e+00 0.000000000000000000e+00 1.000000000000000000e+00
1.716369535637512445e+09 -8.909184932708740234e-01 -2.027383232116699219e+01 -1.788979291915893555e+00 0.000000000000000000e+00 0.000000000000000000e+00 0.000000000000000000e+00 1.000000000000000000e+00
1.716369535738196135e+09 -9.075708389282227673e-01 -2.024162292480468750e+01 -1.782937288284301758e+00 0.000000000000000000e+00 0.000000000000000000e+00 0.000000000000000000e+00 1.000000000000000000e+00
1.716369535838708639e+09 -9.241814017295836292e-01 -2.019254684448242543e+01 -1.768206954002380371e+00 0.000000000000000000e+00 0.000000000000000000e+00 0.000000000000000000e+00 1.000000000000000000e+00
1.716369535889009237e+09 -9.329795837402343750e-01 -2.017407989501953125e+01 -1.760732889175415039e+00 0.000000000000000000e+00 0.000000000000000000e+00 0.000000000000000000e+00 1.000000000000000000e+00
1.716369535939043283e+09 -9.424543976783752441e-01 -2.015669822692871094e+01 -1.752584338188171387e+00 0.000000000000000000e+00 0.000000000000000000e+00 0.000000000000000000e+00 1.000000000000000000e+00
1.716369536039413691e+09 -9.513567090034483753e-01 -2.011966133117676137e+01 -1.740679383277893066e+00 0.000000000000000000e+00 0.000000000000000000e+00 0.000000000000000000e+00 1.000000000000000000e+00
1.716369536089667320e+09 -9.607737064361572266e-01 -2.010152244567871094e+01 -1.730844736099243164e+00 0.000000000000000000e+00 0.000000000000000000e+00 0.000000000000000000e+00 1.000000000000000000e+00
1.716369536139773130e+09 -9.812840819358825684e-01 -2.004466819763183949e+01 -1.706058025360107422e+00 0.000000000000000000e+00 0.000000000000000000e+00 0.000000000000000000e+00 1.000000000000000000e+00
1.716369536240385294e+09 -9.934671521186827503e-01 -2.002456855773925426e+01 -1.694787979125976562e+00 0.000000000000000000e+00 0.000000000000000000e+00 0.000000000000000000e+00 1.000000000000000000e+00
1.716369536291401148e+09 -1.016818046569824219e+00 -1.997957611083984375e+01 -1.670605182647705078e+00 0.000000000000000000e+00 0.000000000000000000e+00 0.000000000000000000e+00 1.000000000000000000e+00
1.716369536341233015e+09 -1.029908180236816406e+00 -1.996183776855468750e+01 -1.656685471534729004e+00 0.000000000000000000e+00 0.000000000000000000e+00 0.000000000000000000e+00 1.000000000000000000e+00
1.716369536441434622e+09 -1.043039798736572488e+00 -1.991524887084960938e+01 -1.639187455177307129e+00 0.000000000000000000e+00 0.000000000000000000e+00 0.000000000000000000e+00 1.000000000000000000e+00
1.716369536491696596e+09 -1.096226096153259277e+00 -1.984415817260742543e+01 -1.595742583274841309e+00 0.000000000000000000e+00 0.000000000000000000e+00 0.000000000000000000e+00 1.000000000000000000e+00
1.716369536592368364e+09 -1.116248726844787598e+00 -1.981854438781738281e+01 -1.583777785301208496e+00 0.000000000000000000e+00 0.000000000000000000e+00 0.000000000000000000e+00 1.000000000000000000e+00
1.716369536692595720e+09 -1.157559990882873535e+00 -1.974033546447753906e+01 -1.556357383728027122e+00 0.000000000000000000e+00 0.000000000000000000e+00 0.000000000000000000e+00 1.000000000000000000e+00
1.716369536742713451e+09 -1.201191663742065430e+00 -1.968756484985351918e+01 -1.533187389373779297e+00 0.000000000000000000e+00 0.000000000000000000e+00 0.000000000000000000e+00 1.000000000000000000e+00
1.716369536893203259e+09 -1.248616695404052734e+00 -1.960196113586425426e+01 -1.510259270668029785e+00 0.000000000000000000e+00 0.000000000000000000e+00 0.000000000000000000e+00 1.000000000000000000e+00
1.716369536943386793e+09 -1.274546623229980469e+00 -1.957126235961914062e+01 -1.501217603683471680e+00 0.000000000000000000e+00 0.000000000000000000e+00 0.000000000000000000e+00 1.000000000000000000e+00
1.716369536993469954e+09 -1.301469206809997559e+00 -1.954042816162109375e+01 -1.492351412773132324e+00 0.000000000000000000e+00 0.000000000000000000e+00 0.000000000000000000e+00 1.000000000000000000e+00
1.716369537043762207e+09 -1.326983451843261497e+00 -1.948083305358886719e+01 -1.479630470275878906e+00 0.000000000000000000e+00 0.000000000000000000e+00 0.000000000000000000e+00 1.000000000000000000e+00
1.716369537094174385e+09 -1.356353521347045898e+00 -1.944971275329589844e+01 -1.470948457717895508e+00 0.000000000000000000e+00 0.000000000000000000e+00 0.000000000000000000e+00 1.000000000000000000e+00
1.716369537143973351e+09 -1.383278131484985352e+00 -1.941266059875488281e+01 -1.462082147598266602e+00 0.000000000000000000e+00 0.000000000000000000e+00 0.000000000000000000e+00 1.000000000000000000e+00
1.716369537244556904e+09 -1.438183546066284180e+00 -1.931175422668457031e+01 -1.439080595970153809e+00 0.000000000000000000e+00 0.000000000000000000e+00 0.000000000000000000e+00 1.000000000000000000e+00
1.716369537294719934e+09 -1.467941403388977051e+00 -1.927338790893554688e+01 -1.429813981056213379e+00 0.000000000000000000e+00 0.000000000000000000e+00 0.000000000000000000e+00 1.000000000000000000e+00
1.716369537395172834e+09 -1.494218349456787109e+00 -1.923810195922851918e+01 -1.421741485595703125e+00 0.000000000000000000e+00 0.000000000000000000e+00 0.000000000000000000e+00 1.000000000000000000e+00
1.716369537445708275e+09 -1.551557540893554910e+00 -1.916400527954101562e+01 -1.405321478843688965e+00 0.000000000000000000e+00 0.000000000000000000e+00 0.000000000000000000e+00 1.000000000000000000e+00
1.716369537495639563e+09 -1.576259613037109375e+00 -1.908590316772460938e+01 -1.391780614852905273e+00 0.000000000000000000e+00 0.000000000000000000e+00 0.000000000000000000e+00 1.000000000000000000e+00
1.716369537547739983e+09 -1.633874535560607910e+00 -1.900206184387207031e+01 -1.377186894416809082e+00 0.000000000000000000e+00 0.000000000000000000e+00 0.000000000000000000e+00 1.000000000000000000e+00
1.716369537646267891e+09 -1.663071513175964355e+00 -1.895797348022460938e+01 -1.370028018951416016e+00 0.000000000000000000e+00 0.000000000000000000e+00 0.000000000000000000e+00 1.000000000000000000e+00
1.716369537696650267e+09 -1.686924695968627930e+00 -1.887255477905273082e+01 -1.356971144676208496e+00 0.000000000000000000e+00 0.000000000000000000e+00 0.000000000000000000e+00 1.000000000000000000e+00
1.716369537746936798e+09 -1.713687539100646973e+00 -1.882039070129394531e+01 -1.350237011909484863e+00 0.000000000000000000e+00 0.000000000000000000e+00 0.000000000000000000e+00 1.000000000000000000e+00
1.716369537797295332e+09 -1.740845561027526855e+00 -1.877903556823730469e+01 -1.345305919647216797e+00 0.000000000000000000e+00 0.000000000000000000e+00 0.000000000000000000e+00 1.000000000000000000e+00
1.716369537897467852e+09 -1.791989684104919434e+00 -1.867827415466308949e+01 -1.334898948669433594e+00 0.000000000000000000e+00 0.000000000000000000e+00 0.000000000000000000e+00 1.000000000000000000e+00
1.716369537947714806e+09 -1.836677908897399902e+00 -1.852487373352050781e+01 -1.319367647171020508e+00 0.000000000000000000e+00 0.000000000000000000e+00 0.000000000000000000e+00 1.000000000000000000e+00
1.716369537997996569e+09 -1.863521575927734375e+00 -1.846880531311035156e+01 -1.316190719604492188e+00 0.000000000000000000e+00 0.000000000000000000e+00 0.000000000000000000e+00 1.000000000000000000e+00
1.716369538098341465e+09 -1.889201998710632324e+00 -1.841472816467285156e+01 -1.313688158988952637e+00 0.000000000000000000e+00 0.000000000000000000e+00 0.000000000000000000e+00 1.000000000000000000e+00
1.716369538199204683e+09 -1.961453557014465110e+00 -1.818453979492187500e+01 -1.299451828002929688e+00 0.000000000000000000e+00 0.000000000000000000e+00 0.000000000000000000e+00 1.000000000000000000e+00
1.716369538249551773e+09 -1.989055395126342773e+00 -1.812662124633789062e+01 -1.299272298812866211e+00 0.000000000000000000e+00 0.000000000000000000e+00 0.000000000000000000e+00 1.000000000000000000e+00
1.716369538299950600e+09 -2.016443729400634766e+00 -1.806855201721191762e+01 -1.299784183502197266e+00 0.000000000000000000e+00 0.000000000000000000e+00 0.000000000000000000e+00 1.000000000000000000e+00
1.716369538400976658e+09 -2.064231634140014204e+00 -1.789956474304199219e+01 -1.290846228599548340e+00 0.000000000000000000e+00 0.000000000000000000e+00 0.000000000000000000e+00 1.000000000000000000e+00
1.716369538450360060e+09 -2.092638254165649414e+00 -1.784319877624511719e+01 -1.291448235511779785e+00 0.000000000000000000e+00 0.000000000000000000e+00 0.000000000000000000e+00 1.000000000000000000e+00
1.716369538550861597e+09 -2.144793748855590820e+00 -1.767967224121093750e+01 -1.287253737449645996e+00 0.000000000000000000e+00 0.000000000000000000e+00 0.000000000000000000e+00 1.000000000000000000e+00
1.716369538653174162e+09 -2.173368453979492188e+00 -1.762607192993164062e+01 -1.288193464279174805e+00 0.000000000000000000e+00 0.000000000000000000e+00 0.000000000000000000e+00 1.000000000000000000e+00
1.716369538701867104e+09 -2.233237743377685103e+00 -1.751906204223632812e+01 -1.291713476181030495e+00 0.000000000000000000e+00 0.000000000000000000e+00 0.000000000000000000e+00 1.000000000000000000e+00
1.716369538802395105e+09 -2.259850978851318359e+00 -1.741725540161132812e+01 -1.287814497947692871e+00 0.000000000000000000e+00 0.000000000000000000e+00 0.000000000000000000e+00 1.000000000000000000e+00
1.716369538902702570e+09 -2.348041534423828125e+00 -1.727338790893554688e+01 -1.290320634841918945e+00 0.000000000000000000e+00 0.000000000000000000e+00 0.000000000000000000e+00 1.000000000000000000e+00
1.716369539053766966e+09 -2.404851436614990234e+00 -1.715705871582031250e+01 -1.284798145294189675e+00 0.000000000000000000e+00 0.000000000000000000e+00 0.000000000000000000e+00 1.000000000000000000e+00
1.716369539103681803e+09 -2.435975074768066406e+00 -1.711588668823242188e+01 -1.284528732299804910e+00 0.000000000000000000e+00 0.000000000000000000e+00 0.000000000000000000e+00 1.000000000000000000e+00
1.716369539153929710e+09 -2.502473831176757812e+00 -1.703903007507324219e+01 -1.282715678215026855e+00 0.000000000000000000e+00 0.000000000000000000e+00 0.000000000000000000e+00 1.000000000000000000e+00
1.716369539254049301e+09 -2.531940460205078125e+00 -1.697423934936523438e+01 -1.276544213294982910e+00 0.000000000000000000e+00 0.000000000000000000e+00 0.000000000000000000e+00 1.000000000000000000e+00
1.716369539304268122e+09 -2.597549200057983398e+00 -1.691274833679199219e+01 -1.272334098815917969e+00 0.000000000000000000e+00 0.000000000000000000e+00 0.000000000000000000e+00 1.000000000000000000e+00
1.716369539354584217e+09 -2.629471540451049805e+00 -1.688665008544921875e+01 -1.270115017890930176e+00 0.000000000000000000e+00 0.000000000000000000e+00 0.000000000000000000e+00 1.000000000000000000e+00
1.716369539454871655e+09 -2.659288644790649414e+00 -1.683682632446289062e+01 -1.264053940773010476e+00 0.000000000000000000e+00 0.000000000000000000e+00 0.000000000000000000e+00 1.000000000000000000e+00
1.716369539505519629e+09 -2.718367576599121094e+00 -1.677972793579101562e+01 -1.260599851608276367e+00 0.000000000000000000e+00 0.000000000000000000e+00 0.000000000000000000e+00 1.000000000000000000e+00
1.716369539555490255e+09 -2.749019861221313032e+00 -1.675226974487304688e+01 -1.259868860244750977e+00 0.000000000000000000e+00 0.000000000000000000e+00 0.000000000000000000e+00 1.000000000000000000e+00
1.716369539655857325e+09 -2.777025938034057617e+00 -1.670811462402343750e+01 -1.256750464439392090e+00 0.000000000000000000e+00 0.000000000000000000e+00 0.000000000000000000e+00 1.000000000000000000e+00
1.716369539706022263e+09 -2.841157436370849609e+00 -1.666009521484375000e+01 -1.258215069770812988e+00 0.000000000000000000e+00 0.000000000000000000e+00 0.000000000000000000e+00 1.000000000000000000e+00
1.716369539756243467e+09 -2.873600959777832031e+00 -1.663579940795898438e+01 -1.259580016136169434e+00 0.000000000000000000e+00 0.000000000000000000e+00 0.000000000000000000e+00 1.000000000000000000e+00
1.716369539806529284e+09 -2.907059192657470703e+00 -1.661107826232910156e+01 -1.261979937553405762e+00 0.000000000000000000e+00 0.000000000000000000e+00 0.000000000000000000e+00 1.000000000000000000e+00
1.716369539957338810e+09 -2.998859643936156782e+00 -1.652265357971191406e+01 -1.268294334411621094e+00 0.000000000000000000e+00 0.000000000000000000e+00 0.000000000000000000e+00 1.000000000000000000e+00
1.716369540007658482e+09 -3.029442787170410156e+00 -1.650000953674316406e+01 -1.271782875061035156e+00 0.000000000000000000e+00 0.000000000000000000e+00 0.000000000000000000e+00 1.000000000000000000e+00
1.716369540108163834e+09 -3.089640140533447710e+00 -1.643868827819824219e+01 -1.275731921195984109e+00 0.000000000000000000e+00 0.000000000000000000e+00 0.000000000000000000e+00 1.000000000000000000e+00
1.716369540208717585e+09 -3.153882026672363725e+00 -1.639354133605957031e+01 -1.281372904777526855e+00 0.000000000000000000e+00 0.000000000000000000e+00 0.000000000000000000e+00 1.000000000000000000e+00
1.716369540258682251e+09 -3.184501409530640093e+00 -1.635460090637207031e+01 -1.281230092048645020e+00 0.000000000000000000e+00 0.000000000000000000e+00 0.000000000000000000e+00 1.000000000000000000e+00
1.716369540309243917e+09 -3.215067148208618164e+00 -1.633072280883789062e+01 -1.283207058906555176e+00 0.000000000000000000e+00 0.000000000000000000e+00 0.000000000000000000e+00 1.000000000000000000e+00
1.716369540359324932e+09 -3.245960950851440430e+00 -1.630680465698242188e+01 -1.284594297409057617e+00 0.000000000000000000e+00 0.000000000000000000e+00 0.000000000000000000e+00 1.000000000000000000e+00
1.716369540409466505e+09 -3.276875972747802734e+00 -1.628288078308105469e+01 -1.285543084144592507e+00 0.000000000000000000e+00 0.000000000000000000e+00 0.000000000000000000e+00 1.000000000000000000e+00
1.716369540459752798e+09 -3.307795047760009766e+00 -1.625888824462890625e+01 -1.286441564559936301e+00 0.000000000000000000e+00 0.000000000000000000e+00 0.000000000000000000e+00 1.000000000000000000e+00
1.716369540560436964e+09 -3.366610050201416016e+00 -1.619734191894531250e+01 -1.285090088844299094e+00 0.000000000000000000e+00 0.000000000000000000e+00 0.000000000000000000e+00 1.000000000000000000e+00
1.716369540610471249e+09 -3.397935152053833008e+00 -1.617309188842773438e+01 -1.285643458366394043e+00 0.000000000000000000e+00 0.000000000000000000e+00 0.000000000000000000e+00 1.000000000000000000e+00
1.716369540661161184e+09 -3.429521322250366211e+00 -1.614971923828125000e+01 -1.286349892616271973e+00 0.000000000000000000e+00 0.000000000000000000e+00 0.000000000000000000e+00 1.000000000000000000e+00
1.716369540711610556e+09 -3.456968307495117188e+00 -1.611001968383789062e+01 -1.284160971641540305e+00 0.000000000000000000e+00 0.000000000000000000e+00 0.000000000000000000e+00 1.000000000000000000e+00
1.716369540812172651e+09 -3.514588832855224609e+00 -1.606340789794921875e+01 -1.283513784408569114e+00 0.000000000000000000e+00 0.000000000000000000e+00 0.000000000000000000e+00 1.000000000000000000e+00
1.716369540862417698e+09 -3.541323661804199219e+00 -1.604416656494140625e+01 -1.282754182815551758e+00 0.000000000000000000e+00 0.000000000000000000e+00 0.000000000000000000e+00 1.000000000000000000e+00
1.716369540912739992e+09 -3.564743757247924805e+00 -1.600943374633789062e+01 -1.279381155967712402e+00 0.000000000000000000e+00 0.000000000000000000e+00 0.000000000000000000e+00 1.000000000000000000e+00
1.716369540962998390e+09 -3.590408563613892046e+00 -1.598831081390380859e+01 -1.278202056884765625e+00 0.000000000000000000e+00 0.000000000000000000e+00 0.000000000000000000e+00 1.000000000000000000e+00
1.716369541016033173e+09 -3.615699529647827148e+00 -1.596831893920898438e+01 -1.276671528816223145e+00 0.000000000000000000e+00 0.000000000000000000e+00 0.000000000000000000e+00 1.000000000000000000e+00
1.716369541113885880e+09 -3.657165050506591797e+00 -1.591388893127441406e+01 -1.272067189216613770e+00 0.000000000000000000e+00 0.000000000000000000e+00 0.000000000000000000e+00 1.000000000000000000e+00
1.716369541164448738e+09 -3.674770355224609819e+00 -1.589442157745361150e+01 -1.270902991294860840e+00 0.000000000000000000e+00 0.000000000000000000e+00 0.000000000000000000e+00 1.000000000000000000e+00
1.716369541214418411e+09 -3.692173004150391069e+00 -1.587611103057861150e+01 -1.269175171852111816e+00 0.000000000000000000e+00 0.000000000000000000e+00 0.000000000000000000e+00 1.000000000000000000e+00
1.716369541264500618e+09 -3.709187984466552734e+00 -1.585896301269531250e+01 -1.267109274864196777e+00 0.000000000000000000e+00 0.000000000000000000e+00 0.000000000000000000e+00 1.000000000000000000e+00
1.716369541315493345e+09 -3.723117589950561523e+00 -1.582742691040039062e+01 -1.261932492256164551e+00 0.000000000000000000e+00 0.000000000000000000e+00 0.000000000000000000e+00 1.000000000000000000e+00
1.716369541364957333e+09 -3.741290569305419922e+00 -1.581001949310302734e+01 -1.259476423263549805e+00 0.000000000000000000e+00 0.000000000000000000e+00 0.000000000000000000e+00 1.000000000000000000e+00
1.716369541415097713e+09 -3.759327173233031782e+00 -1.579349803924560369e+01 -1.257933855056762695e+00 0.000000000000000000e+00 0.000000000000000000e+00 0.000000000000000000e+00 1.000000000000000000e+00
1.716369541465359449e+09 -3.773162126541137695e+00 -1.577319145202636719e+01 -1.253789544105529785e+00 0.000000000000000000e+00 0.000000000000000000e+00 0.000000000000000000e+00 1.000000000000000000e+00
1.716369541515936852e+09 -3.784755468368529385e+00 -1.574318695068359375e+01 -1.248404264450073242e+00 0.000000000000000000e+00 0.000000000000000000e+00 0.000000000000000000e+00 1.000000000000000000e+00
1.716369541566073895e+09 -3.799473524093627930e+00 -1.572456264495849609e+01 -1.245118498802185059e+00 0.000000000000000000e+00 0.000000000000000000e+00 0.000000000000000000e+00 1.000000000000000000e+00
1.716369541616280079e+09 -3.813391208648681641e+00 -1.570821094512939631e+01 -1.241753578186035156e+00 0.000000000000000000e+00 0.000000000000000000e+00 0.000000000000000000e+00 1.000000000000000000e+00
1.716369541666234016e+09 -3.826762676239013672e+00 -1.569203472137451172e+01 -1.238027334213256836e+00 0.000000000000000000e+00 0.000000000000000000e+00 0.000000000000000000e+00 1.000000000000000000e+00
1.716369541716463327e+09 -3.837213754653930220e+00 -1.566435718536376953e+01 -1.232404470443725586e+00 0.000000000000000000e+00 0.000000000000000000e+00 0.000000000000000000e+00 1.000000000000000000e+00
1.716369541766701937e+09 -3.849839448928833008e+00 -1.564621448516845525e+01 -1.228825449943542480e+00 0.000000000000000000e+00 0.000000000000000000e+00 0.000000000000000000e+00 1.000000000000000000e+00
1.716369541816764593e+09 -3.862969875335692915e+00 -1.562887001037597656e+01 -1.225847363471984863e+00 0.000000000000000000e+00 0.000000000000000000e+00 0.000000000000000000e+00 1.000000000000000000e+00
1.716369541867187500e+09 -3.875239133834838867e+00 -1.561058807373046875e+01 -1.223383903503417969e+00 0.000000000000000000e+00 0.000000000000000000e+00 0.000000000000000000e+00 1.000000000000000000e+00
1.716369541917415380e+09 -3.885728836059569424e+00 -1.559253120422363281e+01 -1.222074270248413086e+00 0.000000000000000000e+00 0.000000000000000000e+00 0.000000000000000000e+00 1.000000000000000000e+00
1.716369542017798901e+09 -3.893049240112304688e+00 -1.556402015686035156e+01 -1.219243049621582031e+00 0.000000000000000000e+00 0.000000000000000000e+00 0.000000000000000000e+00 1.000000000000000000e+00
1.716369542067979574e+09 -3.911587953567504883e+00 -1.553410053253173828e+01 -1.220248460769653098e+00 0.000000000000000000e+00 0.000000000000000000e+00 0.000000000000000000e+00 1.000000000000000000e+00
1.716369542118267536e+09 -3.919837951660155806e+00 -1.552223014831542969e+01 -1.222417354583740234e+00 0.000000000000000000e+00 0.000000000000000000e+00 0.000000000000000000e+00 1.000000000000000000e+00
1.716369542168465376e+09 -3.926759481430053711e+00 -1.551055145263672053e+01 -1.225361704826354980e+00 0.000000000000000000e+00 0.000000000000000000e+00 0.000000000000000000e+00 1.000000000000000000e+00
1.716369542319062948e+09 -3.938641071319580078e+00 -1.546977519989013672e+01 -1.237815737724304199e+00 0.000000000000000000e+00 0.000000000000000000e+00 0.000000000000000000e+00 1.000000000000000000e+00
1.716369542369663715e+09 -3.941039800643920898e+00 -1.546080493927001953e+01 -1.243676662445068359e+00 0.000000000000000000e+00 0.000000000000000000e+00 0.000000000000000000e+00 1.000000000000000000e+00
1.716369542419879675e+09 -3.942259073257446289e+00 -1.545418834686279119e+01 -1.249747276306152344e+00 0.000000000000000000e+00 0.000000000000000000e+00 0.000000000000000000e+00 1.000000000000000000e+00
1.716369542520410776e+09 -3.938045978546143022e+00 -1.543957424163818359e+01 -1.261472225189208984e+00 0.000000000000000000e+00 0.000000000000000000e+00 0.000000000000000000e+00 1.000000000000000000e+00
1.716369542570657969e+09 -3.933333635330200195e+00 -1.543659400939941406e+01 -1.267321228981018066e+00 0.000000000000000000e+00 0.000000000000000000e+00 0.000000000000000000e+00 1.000000000000000000e+00
1.716369542772010565e+09 -3.904455661773681641e+00 -1.544087028503417969e+01 -1.290273427963256836e+00 0.000000000000000000e+00 0.000000000000000000e+00 0.000000000000000000e+00 1.000000000000000000e+00
1.716369542821657181e+09 -3.894524097442626953e+00 -1.544460582733154475e+01 -1.295095920562743919e+00 0.000000000000000000e+00 0.000000000000000000e+00 0.000000000000000000e+00 1.000000000000000000e+00
1.716369542872133732e+09 -3.882856130599976030e+00 -1.544892311096191406e+01 -1.299068450927734375e+00 0.000000000000000000e+00 0.000000000000000000e+00 0.000000000000000000e+00 1.000000000000000000e+00
1.716369542972373486e+09 -3.861077785491943803e+00 -1.546426200866699219e+01 -1.308108925819396973e+00 0.000000000000000000e+00 0.000000000000000000e+00 0.000000000000000000e+00 1.000000000000000000e+00
1.716369543022601843e+09 -3.849362134933472124e+00 -1.547079086303710938e+01 -1.311301469802856445e+00 0.000000000000000000e+00 0.000000000000000000e+00 0.000000000000000000e+00 1.000000000000000000e+00
1.716369543072841167e+09 -3.837264776229857510e+00 -1.547734737396240234e+01 -1.314805984497070312e+00 0.000000000000000000e+00 0.000000000000000000e+00 0.000000000000000000e+00 1.000000000000000000e+00
1.716369543173537016e+09 -3.816311359405517578e+00 -1.550123596191406250e+01 -1.321220755577087402e+00 0.000000000000000000e+00 0.000000000000000000e+00 0.000000000000000000e+00 1.000000000000000000e+00
1.716369543224581480e+09 -3.805366992950439897e+00 -1.551186847686767578e+01 -1.323551416397094727e+00 0.000000000000000000e+00 0.000000000000000000e+00 0.000000000000000000e+00 1.000000000000000000e+00
1.716369543274695873e+09 -3.794229984283447266e+00 -1.552271747589111150e+01 -1.324878573417663574e+00 0.000000000000000000e+00 0.000000000000000000e+00 0.000000000000000000e+00 1.000000000000000000e+00
1.716369543324642420e+09 -3.784976720809936968e+00 -1.554330539703369141e+01 -1.327539563179015891e+00 0.000000000000000000e+00 0.000000000000000000e+00 0.000000000000000000e+00 1.000000000000000000e+00
1.716369543374584436e+09 -3.773879766464233398e+00 -1.555620765686035156e+01 -1.328889608383178711e+00 0.000000000000000000e+00 0.000000000000000000e+00 0.000000000000000000e+00 1.000000000000000000e+00
1.716369543424690723e+09 -3.760560989379882812e+00 -1.556882667541504084e+01 -1.328924179077148438e+00 0.000000000000000000e+00 0.000000000000000000e+00 0.000000000000000000e+00 1.000000000000000000e+00
1.716369543475027084e+09 -3.754142999649047852e+00 -1.558284091949462713e+01 -1.329289913177490234e+00 0.000000000000000000e+00 0.000000000000000000e+00 0.000000000000000000e+00 1.000000000000000000e+00
1.716369543575413704e+09 -3.747769594192504883e+00 -1.560591316223144354e+01 -1.331450223922729492e+00 0.000000000000000000e+00 0.000000000000000000e+00 0.000000000000000000e+00 1.000000000000000000e+00
1.716369543625622988e+09 -3.726863384246826172e+00 -1.563401985168457031e+01 -1.330672979354858398e+00 0.000000000000000000e+00 0.000000000000000000e+00 0.000000000000000000e+00 1.000000000000000000e+00
1.716369543726127625e+09 -3.705782413482666016e+00 -1.566320896148681641e+01 -1.329645156860351562e+00 0.000000000000000000e+00 0.000000000000000000e+00 0.000000000000000000e+00 1.000000000000000000e+00
1.716369543826599360e+09 -3.698866367340087891e+00 -1.569164466857910156e+01 -1.331408977508544922e+00 0.000000000000000000e+00 0.000000000000000000e+00 0.000000000000000000e+00 1.000000000000000000e+00
1.716369543876810789e+09 -3.689446687698363814e+00 -1.570756149291992188e+01 -1.330605626106262207e+00 0.000000000000000000e+00 0.000000000000000000e+00 0.000000000000000000e+00 1.000000000000000000e+00
1.716369543926894188e+09 -3.673292160034180132e+00 -1.574189853668212713e+01 -1.328795671463012695e+00 0.000000000000000000e+00 0.000000000000000000e+00 0.000000000000000000e+00 1.000000000000000000e+00
1.716369544027455807e+09 -3.667652606964111328e+00 -1.577423763275146484e+01 -1.330133318901062012e+00 0.000000000000000000e+00 0.000000000000000000e+00 0.000000000000000000e+00 1.000000000000000000e+00
1.716369544077735186e+09 -3.659211158752441406e+00 -1.579303169250488459e+01 -1.329207897186279297e+00 0.000000000000000000e+00 0.000000000000000000e+00 0.000000000000000000e+00 1.000000000000000000e+00
1.716369544178089619e+09 -3.646085739135742188e+00 -1.584103775024414062e+01 -1.328153252601623535e+00 0.000000000000000000e+00 0.000000000000000000e+00 0.000000000000000000e+00 1.000000000000000000e+00
1.716369544228335381e+09 -3.635477781295775923e+00 -1.585725307464599609e+01 -1.326783537864685059e+00 0.000000000000000000e+00 0.000000000000000000e+00 0.000000000000000000e+00 1.000000000000000000e+00
1.716369544278666258e+09 -3.625664949417113814e+00 -1.587315845489501953e+01 -1.326063394546508789e+00 0.000000000000000000e+00 0.000000000000000000e+00 0.000000000000000000e+00 1.000000000000000000e+00
1.716369544328804255e+09 -3.609845876693725586e+00 -1.590475654602050781e+01 -1.326642513275146484e+00 0.000000000000000000e+00 0.000000000000000000e+00 0.000000000000000000e+00 1.000000000000000000e+00
1.716369544379179955e+09 -3.603821516036987305e+00 -1.591945934295654475e+01 -1.327712774276733398e+00 0.000000000000000000e+00 0.000000000000000000e+00 0.000000000000000000e+00 1.000000000000000000e+00
1.716369544479357243e+09 -3.600969314575195757e+00 -1.594353008270263672e+01 -1.330551981925964355e+00 0.000000000000000000e+00 0.000000000000000000e+00 0.000000000000000000e+00 1.000000000000000000e+00
1.716369544529629946e+09 -3.593976020812988281e+00 -1.597052860260009766e+01 -1.333854913711548074e+00 0.000000000000000000e+00 0.000000000000000000e+00 0.000000000000000000e+00 1.000000000000000000e+00
1.716369544579854250e+09 -3.591419696807861328e+00 -1.598342990875243963e+01 -1.334725975990295410e+00 0.000000000000000000e+00 0.000000000000000000e+00 0.000000000000000000e+00 1.000000000000000000e+00
1.716369544630101681e+09 -3.592895269393920898e+00 -1.600852584838867188e+01 -1.337967753410339355e+00 0.000000000000000000e+00 0.000000000000000000e+00 0.000000000000000000e+00 1.000000000000000000e+00
1.716369544680311441e+09 -3.592354059219360352e+00 -1.601994132995605469e+01 -1.338782906532287598e+00 0.000000000000000000e+00 0.000000000000000000e+00 0.000000000000000000e+00 1.000000000000000000e+00
1.716369544730479479e+09 -3.592921257019042969e+00 -1.603109550476074219e+01 -1.339671730995178223e+00 0.000000000000000000e+00 0.000000000000000000e+00 0.000000000000000000e+00 1.000000000000000000e+00
1.716369544780715704e+09 -3.595202207565308061e+00 -1.604078865051269531e+01 -1.340774655342102051e+00 0.000000000000000000e+00 0.000000000000000000e+00 0.000000000000000000e+00 1.000000000000000000e+00
1.716369544830843687e+09 -3.598803997039794922e+00 -1.604901885986328125e+01 -1.342594623565673828e+00 0.000000000000000000e+00 0.000000000000000000e+00 0.000000000000000000e+00 1.000000000000000000e+00
1.716369544931397676e+09 -3.604996442794799805e+00 -1.606350517272949219e+01 -1.346934199333190918e+00 0.000000000000000000e+00 0.000000000000000000e+00 0.000000000000000000e+00 1.000000000000000000e+00
1.716369544981492519e+09 -3.618477106094359907e+00 -1.607460403442382812e+01 -1.355278372764587402e+00 0.000000000000000000e+00 0.000000000000000000e+00 0.000000000000000000e+00 1.000000000000000000e+00
1.716369545031727076e+09 -3.625593900680541992e+00 -1.607927894592285156e+01 -1.360959172248840332e+00 0.000000000000000000e+00 0.000000000000000000e+00 0.000000000000000000e+00 1.000000000000000000e+00
1.716369545132136345e+09 -3.633235692977904829e+00 -1.608470344543457031e+01 -1.367596149444580078e+00 0.000000000000000000e+00 0.000000000000000000e+00 0.000000000000000000e+00 1.000000000000000000e+00
1.716369545182464838e+09 -3.647115707397460938e+00 -1.608041191101074219e+01 -1.379933714866638184e+00 0.000000000000000000e+00 0.000000000000000000e+00 0.000000000000000000e+00 1.000000000000000000e+00
1.716369545232622385e+09 -3.655057668685913086e+00 -1.607656860351562500e+01 -1.385551571846008301e+00 0.000000000000000000e+00 0.000000000000000000e+00 0.000000000000000000e+00 1.000000000000000000e+00
1.716369545333147287e+09 -3.671557426452636719e+00 -1.606482315063476562e+01 -1.395278215408325195e+00 0.000000000000000000e+00 0.000000000000000000e+00 0.000000000000000000e+00 1.000000000000000000e+00
1.716369545385793209e+09 -3.679414033889770508e+00 -1.605926322937011719e+01 -1.398839354515075684e+00 0.000000000000000000e+00 0.000000000000000000e+00 0.000000000000000000e+00 1.000000000000000000e+00
1.716369545433661461e+09 -3.686988592147827148e+00 -1.605382728576660156e+01 -1.402044534683227539e+00 0.000000000000000000e+00 0.000000000000000000e+00 0.000000000000000000e+00 1.000000000000000000e+00
1.716369545483828068e+09 -3.693587779998779297e+00 -1.604764938354492188e+01 -1.404786944389343262e+00 0.000000000000000000e+00 0.000000000000000000e+00 0.000000000000000000e+00 1.000000000000000000e+00
1.716369545584297180e+09 -3.702617406845092773e+00 -1.602706146240234375e+01 -1.409196972846984863e+00 0.000000000000000000e+00 0.000000000000000000e+00 0.000000000000000000e+00 1.000000000000000000e+00
1.716369545634546995e+09 -3.705374002456665039e+00 -1.601656532287597656e+01 -1.411857485771179199e+00 0.000000000000000000e+00 0.000000000000000000e+00 0.000000000000000000e+00 1.000000000000000000e+00
1.716369545684700489e+09 -3.707294464111328125e+00 -1.600712013244628906e+01 -1.415518164634704590e+00 0.000000000000000000e+00 0.000000000000000000e+00 0.000000000000000000e+00 1.000000000000000000e+00
1.716369545734992743e+09 -3.705717086791992188e+00 -1.598833084106445135e+01 -1.417693853378295898e+00 0.000000000000000000e+00 0.000000000000000000e+00 0.000000000000000000e+00 1.000000000000000000e+00
1.716369545785237789e+09 -3.704010248184204102e+00 -1.597651290893554865e+01 -1.421807885169982910e+00 0.000000000000000000e+00 0.000000000000000000e+00 0.000000000000000000e+00 1.000000000000000000e+00
1.716369545835560560e+09 -3.701417446136474609e+00 -1.596583747863769531e+01 -1.426489114761352317e+00 0.000000000000000000e+00 0.000000000000000000e+00 0.000000000000000000e+00 1.000000000000000000e+00
1.716369545885812283e+09 -3.695547580718994141e+00 -1.594760990142822443e+01 -1.430999875068664551e+00 0.000000000000000000e+00 0.000000000000000000e+00 0.000000000000000000e+00 1.000000000000000000e+00
1.716369545936022997e+09 -3.690455913543701172e+00 -1.593918895721435547e+01 -1.437890291213989258e+00 0.000000000000000000e+00 0.000000000000000000e+00 0.000000000000000000e+00 1.000000000000000000e+00
1.716369545986082077e+09 -3.684292316436768022e+00 -1.593078327178955078e+01 -1.446019411087035911e+00 0.000000000000000000e+00 0.000000000000000000e+00 0.000000000000000000e+00 1.000000000000000000e+00
1.716369546036355495e+09 -3.675997495651245117e+00 -1.592364883422851562e+01 -1.455536603927612305e+00 0.000000000000000000e+00 0.000000000000000000e+00 0.000000000000000000e+00 1.000000000000000000e+00
1.716369546137087345e+09 -3.655213832855224609e+00 -1.590670299530029119e+01 -1.477178812026977539e+00 0.000000000000000000e+00 0.000000000000000000e+00 0.000000000000000000e+00 1.000000000000000000e+00
1.716369546187562466e+09 -3.643683671951293945e+00 -1.590278625488281250e+01 -1.490011572837829590e+00 0.000000000000000000e+00 0.000000000000000000e+00 0.000000000000000000e+00 1.000000000000000000e+00
1.716369546287324190e+09 -3.617322206497191939e+00 -1.589732170104980469e+01 -1.517864108085632324e+00 0.000000000000000000e+00 0.000000000000000000e+00 0.000000000000000000e+00 1.000000000000000000e+00
1.716369546337654829e+09 -3.603780269622802290e+00 -1.589553546905517578e+01 -1.532551765441894309e+00 0.000000000000000000e+00 0.000000000000000000e+00 0.000000000000000000e+00 1.000000000000000000e+00
1.716369546438090324e+09 -3.572206497192382812e+00 -1.589627838134765625e+01 -1.560603618621826172e+00 0.000000000000000000e+00 0.000000000000000000e+00 0.000000000000000000e+00 1.000000000000000000e+00
1.716369546488268614e+09 -3.554852485656738281e+00 -1.589850997924804865e+01 -1.574692010879516602e+00 0.000000000000000000e+00 0.000000000000000000e+00 0.000000000000000000e+00 1.000000000000000000e+00
1.716369546538295984e+09 -3.534816503524780273e+00 -1.590328121185302734e+01 -1.589352011680603027e+00 0.000000000000000000e+00 0.000000000000000000e+00 0.000000000000000000e+00 1.000000000000000000e+00
1.716369546588556767e+09 -3.514668464660644531e+00 -1.590910434722900391e+01 -1.603885531425476074e+00 0.000000000000000000e+00 0.000000000000000000e+00 0.000000000000000000e+00 1.000000000000000000e+00
1.716369546689477444e+09 -3.494238853454589844e+00 -1.592090320587158203e+01 -1.619954347610473633e+00 0.000000000000000000e+00 0.000000000000000000e+00 0.000000000000000000e+00 1.000000000000000000e+00
1.716369546738902330e+09 -3.472036600112915039e+00 -1.592798709869384766e+01 -1.635241627693176492e+00 0.000000000000000000e+00 0.000000000000000000e+00 0.000000000000000000e+00 1.000000000000000000e+00
1.716369546789082050e+09 -3.426368713378906250e+00 -1.594398403167724609e+01 -1.667760014533996582e+00 0.000000000000000000e+00 0.000000000000000000e+00 0.000000000000000000e+00 1.000000000000000000e+00
1.716369546889888048e+09 -3.379597425460815430e+00 -1.597292041778564453e+01 -1.703430771827697754e+00 0.000000000000000000e+00 0.000000000000000000e+00 0.000000000000000000e+00 1.000000000000000000e+00
1.716369546990372181e+09 -3.327318429946899414e+00 -1.599807643890380859e+01 -1.736575603485107422e+00 0.000000000000000000e+00 0.000000000000000000e+00 0.000000000000000000e+00 1.000000000000000000e+00
1.716369547040978909e+09 -3.304779767990112305e+00 -1.602961730957031250e+01 -1.758180737495422363e+00 0.000000000000000000e+00 0.000000000000000000e+00 0.000000000000000000e+00 1.000000000000000000e+00
1.716369547141658306e+09 -3.248250961303710938e+00 -1.606173133850097656e+01 -1.795255064964294434e+00 0.000000000000000000e+00 0.000000000000000000e+00 0.000000000000000000e+00 1.000000000000000000e+00
1.716369547241737127e+09 -3.192850112915039062e+00 -1.609912681579589844e+01 -1.834438085556030495e+00 0.000000000000000000e+00 0.000000000000000000e+00 0.000000000000000000e+00 1.000000000000000000e+00
1.716369547291565418e+09 -3.167193889617919922e+00 -1.613470268249511719e+01 -1.857913613319396973e+00 0.000000000000000000e+00 0.000000000000000000e+00 0.000000000000000000e+00 1.000000000000000000e+00
1.716369547342162132e+09 -3.138875961303710938e+00 -1.615481376647949219e+01 -1.877860665321350098e+00 0.000000000000000000e+00 0.000000000000000000e+00 0.000000000000000000e+00 1.000000000000000000e+00
1.716369547392272472e+09 -3.108468055725097656e+00 -1.617416000366210938e+01 -1.898027420043945090e+00 0.000000000000000000e+00 0.000000000000000000e+00 0.000000000000000000e+00 1.000000000000000000e+00
1.716369547442541838e+09 -3.078338384628295898e+00 -1.619545364379882812e+01 -1.918159604072570801e+00 0.000000000000000000e+00 0.000000000000000000e+00 0.000000000000000000e+00 1.000000000000000000e+00
1.716369547492789030e+09 -3.053263664245605025e+00 -1.623552513122558594e+01 -1.942878127098083496e+00 0.000000000000000000e+00 0.000000000000000000e+00 0.000000000000000000e+00 1.000000000000000000e+00
1.716369547543148279e+09 -3.021200418472290039e+00 -1.625406455993652344e+01 -1.962188005447387917e+00 0.000000000000000000e+00 0.000000000000000000e+00 0.000000000000000000e+00 1.000000000000000000e+00
1.716369547593442917e+09 -2.992367744445800781e+00 -1.628297805786132812e+01 -1.983224987983704057e+00 0.000000000000000000e+00 0.000000000000000000e+00 0.000000000000000000e+00 1.000000000000000000e+00
1.716369547643513918e+09 -2.963341951370239702e+00 -1.630064392089843750e+01 -1.998330116271972878e+00 0.000000000000000000e+00 0.000000000000000000e+00 0.000000000000000000e+00 1.000000000000000000e+00
1.716369547693927526e+09 -2.936502933502197266e+00 -1.634135627746582031e+01 -2.020026922225952148e+00 0.000000000000000000e+00 0.000000000000000000e+00 0.000000000000000000e+00 1.000000000000000000e+00
1.716369547744174957e+09 -2.906764507293701172e+00 -1.636244583129882812e+01 -2.038435935974121094e+00 0.000000000000000000e+00 0.000000000000000000e+00 0.000000000000000000e+00 1.000000000000000000e+00
1.716369547794608116e+09 -2.877235412597655806e+00 -1.638367080688476562e+01 -2.055682420730590820e+00 0.000000000000000000e+00 0.000000000000000000e+00 0.000000000000000000e+00 1.000000000000000000e+00
1.716369547844628572e+09 -2.848261117935180664e+00 -1.640473365783691406e+01 -2.072876453399658203e+00 0.000000000000000000e+00 0.000000000000000000e+00 0.000000000000000000e+00 1.000000000000000000e+00
1.716369547896015882e+09 -2.819696664810180664e+00 -1.642670440673828125e+01 -2.089997053146362305e+00 0.000000000000000000e+00 0.000000000000000000e+00 0.000000000000000000e+00 1.000000000000000000e+00
1.716369547944931507e+09 -2.792586326599121094e+00 -1.644738388061523438e+01 -2.106819629669189009e+00 0.000000000000000000e+00 0.000000000000000000e+00 0.000000000000000000e+00 1.000000000000000000e+00
1.716369547995195389e+09 -2.770109653472900391e+00 -1.649001884460449219e+01 -2.128487110137939453e+00 0.000000000000000000e+00 0.000000000000000000e+00 0.000000000000000000e+00 1.000000000000000000e+00
1.716369548045483828e+09 -2.743698596954345703e+00 -1.650755310058593750e+01 -2.144339323043823242e+00 0.000000000000000000e+00 0.000000000000000000e+00 0.000000000000000000e+00 1.000000000000000000e+00
1.716369548145913601e+09 -2.692750692367553711e+00 -1.654702186584472656e+01 -2.177405118942260742e+00 0.000000000000000000e+00 0.000000000000000000e+00 0.000000000000000000e+00 1.000000000000000000e+00
1.716369548246563911e+09 -2.649986982345581055e+00 -1.660141944885253906e+01 -2.215666294097900391e+00 0.000000000000000000e+00 0.000000000000000000e+00 0.000000000000000000e+00 1.000000000000000000e+00
1.716369548296774626e+09 -2.627667665481567383e+00 -1.661944961547851562e+01 -2.234399557113647461e+00 0.000000000000000000e+00 0.000000000000000000e+00 0.000000000000000000e+00 1.000000000000000000e+00
1.716369548397081137e+09 -2.611531496047973633e+00 -1.665353965759277344e+01 -2.255564212799072266e+00 0.000000000000000000e+00 0.000000000000000000e+00 0.000000000000000000e+00 1.000000000000000000e+00
1.716369548447518826e+09 -2.572227478027344194e+00 -1.668639183044433594e+01 -2.288760423660278320e+00 0.000000000000000000e+00 0.000000000000000000e+00 0.000000000000000000e+00 1.000000000000000000e+00
1.716369548499809027e+09 -2.552110671997070312e+00 -1.670099258422851562e+01 -2.306599378585815430e+00 0.000000000000000000e+00 0.000000000000000000e+00 0.000000000000000000e+00 1.000000000000000000e+00
1.716369548547565937e+09 -2.514839887619018555e+00 -1.673073005676269531e+01 -2.341969966888428178e+00 0.000000000000000000e+00 0.000000000000000000e+00 0.000000000000000000e+00 1.000000000000000000e+00
1.716369548647946358e+09 -2.499638319015502930e+00 -1.675734901428222656e+01 -2.362440586090087891e+00 0.000000000000000000e+00 0.000000000000000000e+00 0.000000000000000000e+00 1.000000000000000000e+00
1.716369548698692560e+09 -2.468909502029418945e+00 -1.678600502014160156e+01 -2.397357940673828125e+00 0.000000000000000000e+00 0.000000000000000000e+00 0.000000000000000000e+00 1.000000000000000000e+00
1.716369548748368025e+09 -2.451886892318725586e+00 -1.680013275146484375e+01 -2.414295434951782227e+00 0.000000000000000000e+00 0.000000000000000000e+00 0.000000000000000000e+00 1.000000000000000000e+00
1.716369548798763514e+09 -2.434977054595947710e+00 -1.681220817565917969e+01 -2.430927991867064986e+00 0.000000000000000000e+00 0.000000000000000000e+00 0.000000000000000000e+00 1.000000000000000000e+00
1.716369548898886442e+09 -2.419482707977294922e+00 -1.683581352233886719e+01 -2.450463533401489258e+00 0.000000000000000000e+00 0.000000000000000000e+00 0.000000000000000000e+00 1.000000000000000000e+00
1.716369548999372244e+09 -2.384673595428466797e+00 -1.685924720764160156e+01 -2.482270717620849609e+00 0.000000000000000000e+00 0.000000000000000000e+00 0.000000000000000000e+00 1.000000000000000000e+00
1.716369549049981594e+09 -2.365296125411987749e+00 -1.687057685852050781e+01 -2.498597621917724609e+00 0.000000000000000000e+00 0.000000000000000000e+00 0.000000000000000000e+00 1.000000000000000000e+00
1.716369549100113869e+09 -2.348815679550170898e+00 -1.689248275756835938e+01 -2.516571760177612305e+00 0.000000000000000000e+00 0.000000000000000000e+00 0.000000000000000000e+00 1.000000000000000000e+00
1.716369549150025129e+09 -2.312258481979370117e+00 -1.691890716552734375e+01 -2.544444799423217773e+00 0.000000000000000000e+00 0.000000000000000000e+00 0.000000000000000000e+00 1.000000000000000000e+00
1.716369549250582695e+09 -2.270186185836791992e+00 -1.694325447082519531e+01 -2.570578336715698242e+00 0.000000000000000000e+00 0.000000000000000000e+00 0.000000000000000000e+00 1.000000000000000000e+00
1.716369549402702332e+09 -2.206741094589233398e+00 -1.698743820190429688e+01 -2.611449003219604492e+00 0.000000000000000000e+00 0.000000000000000000e+00 0.000000000000000000e+00 1.000000000000000000e+00
1.716369549451637268e+09 -2.183111906051636186e+00 -1.699895668029785156e+01 -2.623635053634643999e+00 0.000000000000000000e+00 0.000000000000000000e+00 0.000000000000000000e+00 1.000000000000000000e+00
1.716369549551996469e+09 -2.140829801559447798e+00 -1.703779602050781250e+01 -2.648133277893066406e+00 0.000000000000000000e+00 0.000000000000000000e+00 0.000000000000000000e+00 1.000000000000000000e+00
1.716369549652347565e+09 -2.092184305191040039e+00 -1.706559753417968750e+01 -2.669498682022094727e+00 0.000000000000000000e+00 0.000000000000000000e+00 0.000000000000000000e+00 1.000000000000000000e+00
1.716369549702886820e+09 -2.069518327713012695e+00 -1.708027076721191406e+01 -2.680171251296997070e+00 0.000000000000000000e+00 0.000000000000000000e+00 0.000000000000000000e+00 1.000000000000000000e+00
1.716369549803504229e+09 -2.024266004562377930e+00 -1.712036895751953125e+01 -2.703670501708984375e+00 0.000000000000000000e+00 0.000000000000000000e+00 0.000000000000000000e+00 1.000000000000000000e+00
1.716369549903482199e+09 -1.976912021636962891e+00 -1.714706802368164062e+01 -2.723007917404174805e+00 0.000000000000000000e+00 0.000000000000000000e+00 0.000000000000000000e+00 1.000000000000000000e+00
1.716369550003900528e+09 -1.952775597572326882e+00 -1.717458724975585938e+01 -2.736123323440552202e+00 0.000000000000000000e+00 0.000000000000000000e+00 0.000000000000000000e+00 1.000000000000000000e+00
1.716369550105466604e+09 -1.881626009941101074e+00 -1.721726036071777344e+01 -2.763328790664672852e+00 0.000000000000000000e+00 0.000000000000000000e+00 0.000000000000000000e+00 1.000000000000000000e+00
1.716369550204794884e+09 -1.834863901138305664e+00 -1.725934982299804688e+01 -2.785257816314697266e+00 0.000000000000000000e+00 0.000000000000000000e+00 0.000000000000000000e+00 1.000000000000000000e+00
1.716369550255564690e+09 -1.810802817344665305e+00 -1.727390098571777344e+01 -2.795314311981201172e+00 0.000000000000000000e+00 0.000000000000000000e+00 0.000000000000000000e+00 1.000000000000000000e+00
1.716369550305334568e+09 -1.788916587829589844e+00 -1.729225158691406250e+01 -2.805677652359008789e+00 0.000000000000000000e+00 0.000000000000000000e+00 0.000000000000000000e+00 1.000000000000000000e+00
1.716369550405757904e+09 -1.742232799530029297e+00 -1.733617973327636719e+01 -2.827254295349121094e+00 0.000000000000000000e+00 0.000000000000000000e+00 0.000000000000000000e+00 1.000000000000000000e+00
1.716369550456079721e+09 -1.718310236930847168e+00 -1.735174751281738281e+01 -2.836696386337280273e+00 0.000000000000000000e+00 0.000000000000000000e+00 0.000000000000000000e+00 1.000000000000000000e+00
1.716369550506355762e+09 -1.695059180259704590e+00 -1.737017631530761719e+01 -2.846695184707641602e+00 0.000000000000000000e+00 0.000000000000000000e+00 0.000000000000000000e+00 1.000000000000000000e+00
1.716369550556580305e+09 -1.673304200172424316e+00 -1.738884353637695312e+01 -2.855015516281127930e+00 0.000000000000000000e+00 0.000000000000000000e+00 0.000000000000000000e+00 1.000000000000000000e+00
1.716369550656983376e+09 -1.629097342491149902e+00 -1.743794631958007812e+01 -2.874135255813598189e+00 0.000000000000000000e+00 0.000000000000000000e+00 0.000000000000000000e+00 1.000000000000000000e+00
1.716369550707473755e+09 -1.606028437614440918e+00 -1.745463371276855469e+01 -2.882177829742432085e+00 0.000000000000000000e+00 0.000000000000000000e+00 0.000000000000000000e+00 1.000000000000000000e+00
1.716369550758000851e+09 -1.583425879478454590e+00 -1.747230529785156250e+01 -2.890119791030883789e+00 0.000000000000000000e+00 0.000000000000000000e+00 0.000000000000000000e+00 1.000000000000000000e+00
1.716369550807852268e+09 -1.561706423759460449e+00 -1.748906517028808594e+01 -2.897112846374512163e+00 0.000000000000000000e+00 0.000000000000000000e+00 0.000000000000000000e+00 1.000000000000000000e+00
1.716369550908228874e+09 -1.520245552062988503e+00 -1.754444313049316406e+01 -2.917771577835083008e+00 0.000000000000000000e+00 0.000000000000000000e+00 0.000000000000000000e+00 1.000000000000000000e+00
1.716369550958372593e+09 -1.498392105102539062e+00 -1.756411170959472656e+01 -2.925216674804687500e+00 0.000000000000000000e+00 0.000000000000000000e+00 0.000000000000000000e+00 1.000000000000000000e+00
1.716369551059180737e+09 -1.457255005836486816e+00 -1.760560989379882812e+01 -2.938505887985229048e+00 0.000000000000000000e+00 0.000000000000000000e+00 0.000000000000000000e+00 1.000000000000000000e+00
1.716369551109147072e+09 -1.437416553497314453e+00 -1.762570953369140625e+01 -2.943220615386962891e+00 0.000000000000000000e+00 0.000000000000000000e+00 0.000000000000000000e+00 1.000000000000000000e+00
1.716369551159281254e+09 -1.420397758483886719e+00 -1.766687202453613281e+01 -2.953646421432495117e+00 0.000000000000000000e+00 0.000000000000000000e+00 0.000000000000000000e+00 1.000000000000000000e+00
1.716369551259607792e+09 -1.378896594047546387e+00 -1.770755195617675781e+01 -2.961211919784545898e+00 0.000000000000000000e+00 0.000000000000000000e+00 0.000000000000000000e+00 1.000000000000000000e+00
1.716369551309846640e+09 -1.358784198760986328e+00 -1.772702026367187500e+01 -2.963977336883544922e+00 0.000000000000000000e+00 0.000000000000000000e+00 0.000000000000000000e+00 1.000000000000000000e+00
1.716369551411072731e+09 -1.340173125267028809e+00 -1.776604652404785156e+01 -2.970644712448120117e+00 0.000000000000000000e+00 0.000000000000000000e+00 0.000000000000000000e+00 1.000000000000000000e+00
1.716369551460336208e+09 -1.299677133560180886e+00 -1.780603981018066406e+01 -2.971520185470581055e+00 0.000000000000000000e+00 0.000000000000000000e+00 0.000000000000000000e+00 1.000000000000000000e+00
1.716369551510668755e+09 -1.279495239257812500e+00 -1.782732009887695312e+01 -2.970766067504882812e+00 0.000000000000000000e+00 0.000000000000000000e+00 0.000000000000000000e+00 1.000000000000000000e+00
1.716369551611277819e+09 -1.260695099830627441e+00 -1.786706352233886719e+01 -2.974181890487670898e+00 0.000000000000000000e+00 0.000000000000000000e+00 0.000000000000000000e+00 1.000000000000000000e+00
1.716369551661748886e+09 -1.220381975173950195e+00 -1.790856552124023438e+01 -2.972216844558715820e+00 0.000000000000000000e+00 0.000000000000000000e+00 0.000000000000000000e+00 1.000000000000000000e+00
1.716369551711687565e+09 -1.200005412101745605e+00 -1.792990684509277344e+01 -2.970825672149658203e+00 0.000000000000000000e+00 0.000000000000000000e+00 0.000000000000000000e+00 1.000000000000000000e+00
1.716369551812151909e+09 -1.182977437973022461e+00 -1.796428489685058594e+01 -2.974144697189331055e+00 0.000000000000000000e+00 0.000000000000000000e+00 0.000000000000000000e+00 1.000000000000000000e+00
1.716369551862962723e+09 -1.144194602966308594e+00 -1.800482940673828125e+01 -2.974779605865478516e+00 0.000000000000000000e+00 0.000000000000000000e+00 0.000000000000000000e+00 1.000000000000000000e+00
1.716369552013309002e+09 -1.106292366981506348e+00 -1.805146980285644531e+01 -2.979364633560180664e+00 0.000000000000000000e+00 0.000000000000000000e+00 0.000000000000000000e+00 1.000000000000000000e+00
1.716369552063304663e+09 -1.067699432373046875e+00 -1.808200263977050781e+01 -2.986293315887451172e+00 0.000000000000000000e+00 0.000000000000000000e+00 0.000000000000000000e+00 1.000000000000000000e+00
1.716369552113530874e+09 -1.049780488014221191e+00 -1.809568023681640625e+01 -2.989462137222290039e+00 0.000000000000000000e+00 0.000000000000000000e+00 0.000000000000000000e+00 1.000000000000000000e+00
1.716369552213799000e+09 -1.030649542808532715e+00 -1.810793495178222656e+01 -2.994422435760498047e+00 0.000000000000000000e+00 0.000000000000000000e+00 0.000000000000000000e+00 1.000000000000000000e+00
1.716369552364887238e+09 -9.605258703231811523e-01 -1.816662597656250000e+01 -3.014601469039916992e+00 0.000000000000000000e+00 0.000000000000000000e+00 0.000000000000000000e+00 1.000000000000000000e+00
1.716369552415431499e+09 -9.436263442039489746e-01 -1.817648315429687500e+01 -3.020029306411743164e+00 0.000000000000000000e+00 0.000000000000000000e+00 0.000000000000000000e+00 1.000000000000000000e+00
1.716369552515563250e+09 -9.141181707382202148e-01 -1.820284461975097656e+01 -3.032124042510986328e+00 0.000000000000000000e+00 0.000000000000000000e+00 0.000000000000000000e+00 1.000000000000000000e+00
1.716369552566213369e+09 -8.982909321784973145e-01 -1.821029472351074574e+01 -3.038535833358764648e+00 0.000000000000000000e+00 0.000000000000000000e+00 0.000000000000000000e+00 1.000000000000000000e+00
1.716369552616546154e+09 -8.835084438323974609e-01 -1.821681785583496094e+01 -3.044257402420043945e+00 0.000000000000000000e+00 0.000000000000000000e+00 0.000000000000000000e+00 1.000000000000000000e+00
1.716369552666858435e+09 -8.692557215690612793e-01 -1.823012542724609375e+01 -3.051574468612670898e+00 0.000000000000000000e+00 0.000000000000000000e+00 0.000000000000000000e+00 1.000000000000000000e+00
1.716369552719183922e+09 -8.561559319496154785e-01 -1.823762702941894531e+01 -3.057088136672973633e+00 0.000000000000000000e+00 0.000000000000000000e+00 0.000000000000000000e+00 1.000000000000000000e+00
1.716369552767255306e+09 -8.423523902893066406e-01 -1.824408912658691762e+01 -3.062718629837036133e+00 0.000000000000000000e+00 0.000000000000000000e+00 0.000000000000000000e+00 1.000000000000000000e+00
1.716369552817289829e+09 -8.289775252342224121e-01 -1.825046348571777344e+01 -3.068576812744140625e+00 0.000000000000000000e+00 0.000000000000000000e+00 0.000000000000000000e+00 1.000000000000000000e+00
1.716369552867849827e+09 -8.158354759216308594e-01 -1.825774955749512074e+01 -3.074825286865234375e+00 0.000000000000000000e+00 0.000000000000000000e+00 0.000000000000000000e+00 1.000000000000000000e+00
1.716369552968170166e+09 -7.911763191223144531e-01 -1.827768898010253906e+01 -3.090209722518920898e+00 0.000000000000000000e+00 0.000000000000000000e+00 0.000000000000000000e+00 1.000000000000000000e+00
1.716369553018464327e+09 -7.786384820938110352e-01 -1.828445053100585938e+01 -3.098321914672852007e+00 0.000000000000000000e+00 0.000000000000000000e+00 0.000000000000000000e+00 1.000000000000000000e+00
1.716369553118979931e+09 -7.662990093231201172e-01 -1.829871368408203125e+01 -3.109363079071044922e+00 0.000000000000000000e+00 0.000000000000000000e+00 0.000000000000000000e+00 1.000000000000000000e+00
1.716369553169277191e+09 -7.423702478408813477e-01 -1.831219863891601562e+01 -3.129436731338500977e+00 0.000000000000000000e+00 0.000000000000000000e+00 0.000000000000000000e+00 1.000000000000000000e+00
1.716369553219846964e+09 -7.309781312942504883e-01 -1.831993484497070312e+01 -3.141514062881469727e+00 0.000000000000000000e+00 0.000000000000000000e+00 0.000000000000000000e+00 1.000000000000000000e+00
1.716369553270234585e+09 -7.192187905311584473e-01 -1.832740783691406250e+01 -3.154632091522216797e+00 0.000000000000000000e+00 0.000000000000000000e+00 0.000000000000000000e+00 1.000000000000000000e+00
1.716369553320069075e+09 -7.080093622207641602e-01 -1.833477783203125000e+01 -3.168015241622924805e+00 0.000000000000000000e+00 0.000000000000000000e+00 0.000000000000000000e+00 1.000000000000000000e+00
1.716369553420768976e+09 -6.976392269134521484e-01 -1.835246086120605113e+01 -3.185329198837280273e+00 0.000000000000000000e+00 0.000000000000000000e+00 0.000000000000000000e+00 1.000000000000000000e+00
1.716369553471010923e+09 -6.872699856758117676e-01 -1.835921669006348012e+01 -3.200888872146606445e+00 0.000000000000000000e+00 0.000000000000000000e+00 0.000000000000000000e+00 1.000000000000000000e+00
1.716369553521053076e+09 -6.672050356864929199e-01 -1.837203025817871094e+01 -3.234452724456787109e+00 0.000000000000000000e+00 0.000000000000000000e+00 0.000000000000000000e+00 1.000000000000000000e+00
1.716369553621410370e+09 -6.495422124862670898e-01 -1.839481925964355469e+01 -3.272797346115112305e+00 0.000000000000000000e+00 0.000000000000000000e+00 0.000000000000000000e+00 1.000000000000000000e+00
1.716369553721950769e+09 -6.326584815979003906e-01 -1.840720939636230469e+01 -3.310992956161499023e+00 0.000000000000000000e+00 0.000000000000000000e+00 0.000000000000000000e+00 1.000000000000000000e+00
1.716369553772147417e+09 -6.244093775749206543e-01 -1.841055488586425426e+01 -3.330960750579833984e+00 0.000000000000000000e+00 0.000000000000000000e+00 0.000000000000000000e+00 1.000000000000000000e+00
1.716369553872662544e+09 -6.147142648696899414e-01 -1.843438148498535156e+01 -3.371507644653320312e+00 0.000000000000000000e+00 0.000000000000000000e+00 0.000000000000000000e+00 1.000000000000000000e+00
1.716369553922773600e+09 -6.078249812126159668e-01 -1.843927574157714844e+01 -3.396963596343994141e+00 0.000000000000000000e+00 0.000000000000000000e+00 0.000000000000000000e+00 1.000000000000000000e+00
1.716369553973408699e+09 -6.041960716247558594e-01 -1.844127082824707031e+01 -3.421125411987304688e+00 0.000000000000000000e+00 0.000000000000000000e+00 0.000000000000000000e+00 1.000000000000000000e+00
1.716369554073680878e+09 -5.976487994194030762e-01 -1.845302772521972656e+01 -3.443868875503540039e+00 0.000000000000000000e+00 0.000000000000000000e+00 0.000000000000000000e+00 1.000000000000000000e+00
1.716369554124050617e+09 -5.870723128318786621e-01 -1.845872116088867188e+01 -3.485743761062622070e+00 0.000000000000000000e+00 0.000000000000000000e+00 0.000000000000000000e+00 1.000000000000000000e+00
1.716369554174433470e+09 -5.825470089912414551e-01 -1.846192359924316406e+01 -3.508984565734863725e+00 0.000000000000000000e+00 0.000000000000000000e+00 0.000000000000000000e+00 1.000000000000000000e+00
1.716369554225117207e+09 -5.799400210380554199e-01 -1.846401977539062500e+01 -3.532162666320800781e+00 0.000000000000000000e+00 0.000000000000000000e+00 0.000000000000000000e+00 1.000000000000000000e+00
1.716369554325243235e+09 -5.862855911254882812e-01 -1.849113273620605113e+01 -3.549921274185180664e+00 0.000000000000000000e+00 0.000000000000000000e+00 0.000000000000000000e+00 1.000000000000000000e+00
1.716369554476345062e+09 -5.894832611083984375e-01 -1.851255226135253906e+01 -3.524078130722045898e+00 0.000000000000000000e+00 0.000000000000000000e+00 0.000000000000000000e+00 1.000000000000000000e+00
1.716369554526286364e+09 -5.894341468811035156e-01 -1.851666259765625000e+01 -3.520375967025756836e+00 0.000000000000000000e+00 0.000000000000000000e+00 0.000000000000000000e+00 1.000000000000000000e+00
1.716369554576444626e+09 -5.903285741806030273e-01 -1.851992034912109375e+01 -3.519722223281860352e+00 0.000000000000000000e+00 0.000000000000000000e+00 0.000000000000000000e+00 1.000000000000000000e+00
1.716369554627989531e+09 -5.927603244781494141e-01 -1.852508163452148438e+01 -3.523344993591308594e+00 0.000000000000000000e+00 0.000000000000000000e+00 0.000000000000000000e+00 1.000000000000000000e+00
1.716369554676846743e+09 -5.950664281845092773e-01 -1.853000640869140625e+01 -3.531689882278442383e+00 0.000000000000000000e+00 0.000000000000000000e+00 0.000000000000000000e+00 1.000000000000000000e+00
1.716369554727041006e+09 -6.008861064910888672e-01 -1.853776931762695668e+01 -3.540614128112792969e+00 0.000000000000000000e+00 0.000000000000000000e+00 0.000000000000000000e+00 1.000000000000000000e+00
1.716369555129289865e+09 -6.291889548301696777e-01 -1.859007835388183949e+01 -3.554506778717041016e+00 0.000000000000000000e+00 0.000000000000000000e+00 0.000000000000000000e+00 1.000000000000000000e+00
1.716369555229889870e+09 -6.255025267601013184e-01 -1.858635711669921875e+01 -3.553396463394165039e+00 0.000000000000000000e+00 0.000000000000000000e+00 0.000000000000000000e+00 1.000000000000000000e+00
1.716369555330108881e+09 -6.258201599121093750e-01 -1.858525657653808949e+01 -3.553595304489136186e+00 0.000000000000000000e+00 0.000000000000000000e+00 0.000000000000000000e+00 1.000000000000000000e+00
1.716369555380193472e+09 -6.254092454910278320e-01 -1.858331871032714844e+01 -3.553147315979003906e+00 0.000000000000000000e+00 0.000000000000000000e+00 0.000000000000000000e+00 1.000000000000000000e+00
1.716369555430401802e+09 -6.260385513305664062e-01 -1.858440780639648438e+01 -3.552872657775878906e+00 0.000000000000000000e+00 0.000000000000000000e+00 0.000000000000000000e+00 1.000000000000000000e+00
1.716369555530800819e+09 -6.260520219802856445e-01 -1.858639907836914062e+01 -3.553173303604125977e+00 0.000000000000000000e+00 0.000000000000000000e+00 0.000000000000000000e+00 1.000000000000000000e+00
1.716369555581031561e+09 -6.257265210151672363e-01 -1.858746147155761719e+01 -3.553118944168090820e+00 0.000000000000000000e+00 0.000000000000000000e+00 0.000000000000000000e+00 1.000000000000000000e+00
1.716369555631812572e+09 -6.252774596214294434e-01 -1.858640289306640625e+01 -3.553259849548339844e+00 0.000000000000000000e+00 0.000000000000000000e+00 0.000000000000000000e+00 1.000000000000000000e+00
1.716369555681370020e+09 -6.255763769149780273e-01 -1.858535957336425426e+01 -3.553248405456542969e+00 0.000000000000000000e+00 0.000000000000000000e+00 0.000000000000000000e+00 1.000000000000000000e+00
1.716369555781973600e+09 -6.260315179824829102e-01 -1.858427619934082031e+01 -3.553361892700195757e+00 0.000000000000000000e+00 0.000000000000000000e+00 0.000000000000000000e+00 1.000000000000000000e+00
1.716369555832242489e+09 -6.261203289031982422e-01 -1.858535194396972656e+01 -3.553208589553833008e+00 0.000000000000000000e+00 0.000000000000000000e+00 0.000000000000000000e+00 1.000000000000000000e+00
1.716369555882477283e+09 -6.254464387893676758e-01 -1.858638191223144531e+01 -3.553312301635742188e+00 0.000000000000000000e+00 0.000000000000000000e+00 0.000000000000000000e+00 1.000000000000000000e+00
1.716369555932585239e+09 -6.246123313903808594e-01 -1.858643341064453125e+01 -3.553227186203002930e+00 0.000000000000000000e+00 0.000000000000000000e+00 0.000000000000000000e+00 1.000000000000000000e+00
1.716369555983023167e+09 -6.243662834167480469e-01 -1.858637237548828125e+01 -3.553482532501220703e+00 0.000000000000000000e+00 0.000000000000000000e+00 0.000000000000000000e+00 1.000000000000000000e+00
1.716369556033144951e+09 -6.249259710311889648e-01 -1.858535575866699219e+01 -3.553342342376708984e+00 0.000000000000000000e+00 0.000000000000000000e+00 0.000000000000000000e+00 1.000000000000000000e+00
1.716369556083435774e+09 -6.256099939346313477e-01 -1.858526992797851918e+01 -3.553569316864013672e+00 0.000000000000000000e+00 0.000000000000000000e+00 0.000000000000000000e+00 1.000000000000000000e+00
1.716369556133462191e+09 -6.262668967247009277e-01 -1.858524703979491832e+01 -3.553573846817016602e+00 0.000000000000000000e+00 0.000000000000000000e+00 0.000000000000000000e+00 1.000000000000000000e+00
1.716369556233988047e+09 -6.261954307556152344e-01 -1.858527374267578125e+01 -3.553485870361328125e+00 0.000000000000000000e+00 0.000000000000000000e+00 0.000000000000000000e+00 1.000000000000000000e+00
1.716369556284383774e+09 -6.250168085098266602e-01 -1.858634948730468750e+01 -3.553487062454224077e+00 0.000000000000000000e+00 0.000000000000000000e+00 0.000000000000000000e+00 1.000000000000000000e+00
1.716369556334603548e+09 -6.250198483467102051e-01 -1.858633804321289062e+01 -3.553531169891357422e+00 0.000000000000000000e+00 0.000000000000000000e+00 0.000000000000000000e+00 1.000000000000000000e+00
1.716369556434833050e+09 -6.257637739181518555e-01 -1.858516502380371094e+01 -3.553940773010253906e+00 0.000000000000000000e+00 0.000000000000000000e+00 0.000000000000000000e+00 1.000000000000000000e+00
1.716369556485003233e+09 -6.258510351181030273e-01 -1.858515167236328125e+01 -3.553975582122802734e+00 0.000000000000000000e+00 0.000000000000000000e+00 0.000000000000000000e+00 1.000000000000000000e+00
1.716369556535133600e+09 -6.252374649047851562e-01 -1.858510780334472656e+01 -3.554215669631958008e+00 0.000000000000000000e+00 0.000000000000000000e+00 0.000000000000000000e+00 1.000000000000000000e+00
1.716369556585417986e+09 -6.250209808349609375e-01 -1.858525276184082031e+01 -3.553706645965576172e+00 0.000000000000000000e+00 0.000000000000000000e+00 0.000000000000000000e+00 1.000000000000000000e+00
1.716369556635650158e+09 -6.249646544456481934e-01 -1.858624458312988281e+01 -3.553878307342529297e+00 0.000000000000000000e+00 0.000000000000000000e+00 0.000000000000000000e+00 1.000000000000000000e+00
1.716369556685901880e+09 -6.252840161323547363e-01 -1.858629417419433594e+01 -3.553659200668334961e+00 0.000000000000000000e+00 0.000000000000000000e+00 0.000000000000000000e+00 1.000000000000000000e+00
1.716369556736215591e+09 -6.260848641395568848e-01 -1.858534240722655895e+01 -3.553243160247802734e+00 0.000000000000000000e+00 0.000000000000000000e+00 0.000000000000000000e+00 1.000000000000000000e+00
1.716369556786397934e+09 -6.266811490058898926e-01 -1.858535575866699219e+01 -3.553121328353881836e+00 0.000000000000000000e+00 0.000000000000000000e+00 0.000000000000000000e+00 1.000000000000000000e+00
1.716369556836615562e+09 -6.268305182456970215e-01 -1.858528900146484375e+01 -3.553349971771239790e+00 0.000000000000000000e+00 0.000000000000000000e+00 0.000000000000000000e+00 1.000000000000000000e+00
1.716369556888139248e+09 -6.266051530838012695e-01 -1.858522987365722656e+01 -3.553597211837768999e+00 0.000000000000000000e+00 0.000000000000000000e+00 0.000000000000000000e+00 1.000000000000000000e+00
1.716369556937121630e+09 -6.257953047752380371e-01 -1.858526420593261719e+01 -3.553573369979858398e+00 0.000000000000000000e+00 0.000000000000000000e+00 0.000000000000000000e+00 1.000000000000000000e+00
1.716369556987409353e+09 -6.254250407218933105e-01 -1.858623695373535156e+01 -3.553850650787353072e+00 0.000000000000000000e+00 0.000000000000000000e+00 0.000000000000000000e+00 1.000000000000000000e+00
1.716369557037459135e+09 -6.251332163810729980e-01 -1.858631324768066406e+01 -3.553604841232299805e+00 0.000000000000000000e+00 0.000000000000000000e+00 0.000000000000000000e+00 1.000000000000000000e+00
1.716369557088192463e+09 -6.255453228950500488e-01 -1.858631896972655895e+01 -3.553533315658569336e+00 0.000000000000000000e+00 0.000000000000000000e+00 0.000000000000000000e+00 1.000000000000000000e+00
1.716369557187880516e+09 -6.268815398216247559e-01 -1.858530044555664062e+01 -3.553303003311156782e+00 0.000000000000000000e+00 0.000000000000000000e+00 0.000000000000000000e+00 1.000000000000000000e+00
1.716369557238110781e+09 -6.268426775932312012e-01 -1.858530235290527699e+01 -3.553296804428100586e+00 0.000000000000000000e+00 0.000000000000000000e+00 0.000000000000000000e+00 1.000000000000000000e+00
1.716369557288366556e+09 -6.262391805648803711e-01 -1.858621788024902344e+01 -3.553818225860596147e+00 0.000000000000000000e+00 0.000000000000000000e+00 0.000000000000000000e+00 1.000000000000000000e+00
1.716369557338529825e+09 -6.257961392402648926e-01 -1.858632278442382812e+01 -3.553491115570068359e+00 0.000000000000000000e+00 0.000000000000000000e+00 0.000000000000000000e+00 1.000000000000000000e+00
1.716369557388717175e+09 -6.259648203849792480e-01 -1.858628845214844105e+01 -3.553595542907714844e+00 0.000000000000000000e+00 0.000000000000000000e+00 0.000000000000000000e+00 1.000000000000000000e+00
1.716369557439030886e+09 -6.260611414909362793e-01 -1.858631896972655895e+01 -3.553469896316528320e+00 0.000000000000000000e+00 0.000000000000000000e+00 0.000000000000000000e+00 1.000000000000000000e+00
1.716369557489196062e+09 -6.259276866912841797e-01 -1.858528137207031250e+01 -3.553491592407226562e+00 0.000000000000000000e+00 0.000000000000000000e+00 0.000000000000000000e+00 1.000000000000000000e+00
1.716369557539727688e+09 -6.259075403213500977e-01 -1.858521652221680043e+01 -3.553731679916381836e+00 0.000000000000000000e+00 0.000000000000000000e+00 0.000000000000000000e+00 1.000000000000000000e+00
1.716369557589779377e+09 -6.263269782066345215e-01 -1.858520889282226562e+01 -3.553707122802734375e+00 0.000000000000000000e+00 0.000000000000000000e+00 0.000000000000000000e+00 1.000000000000000000e+00
1.716369557690231562e+09 -6.254684925079345703e-01 -1.858629798889160156e+01 -3.553620338439941406e+00 0.000000000000000000e+00 0.000000000000000000e+00 0.000000000000000000e+00 1.000000000000000000e+00
1.716369557741379023e+09 -6.254091262817382812e-01 -1.858625030517578125e+01 -3.553802013397216797e+00 0.000000000000000000e+00 0.000000000000000000e+00 0.000000000000000000e+00 1.000000000000000000e+00
1.716369557840865612e+09 -6.253236532211303711e-01 -1.858634567260742543e+01 -3.553462743759155718e+00 0.000000000000000000e+00 0.000000000000000000e+00 0.000000000000000000e+00 1.000000000000000000e+00
1.716369557891158342e+09 -6.257500648498535156e-01 -1.858525657653808949e+01 -3.553603172302246094e+00 0.000000000000000000e+00 0.000000000000000000e+00 0.000000000000000000e+00 1.000000000000000000e+00
1.716369557941284895e+09 -6.263715624809265137e-01 -1.858520698547363637e+01 -3.553713083267211914e+00 0.000000000000000000e+00 0.000000000000000000e+00 0.000000000000000000e+00 1.000000000000000000e+00
1.716369557991689682e+09 -6.263845562934875488e-01 -1.858518600463867188e+01 -3.553785800933837891e+00 0.000000000000000000e+00 0.000000000000000000e+00 0.000000000000000000e+00 1.000000000000000000e+00
1.716369558041695118e+09 -6.252833604812622070e-01 -1.858629417419433594e+01 -3.553657293319702148e+00 0.000000000000000000e+00 0.000000000000000000e+00 0.000000000000000000e+00 1.000000000000000000e+00
1.716369558092769384e+09 -6.243954896926879883e-01 -1.858640861511230469e+01 -3.553349494934082031e+00 0.000000000000000000e+00 0.000000000000000000e+00 0.000000000000000000e+00 1.000000000000000000e+00
1.716369558142286539e+09 -6.244002580642700195e-01 -1.858636856079101562e+01 -3.553496837615966797e+00 0.000000000000000000e+00 0.000000000000000000e+00 0.000000000000000000e+00 1.000000000000000000e+00
