# timestamp tx ty tz qx qy qz qw
1.716363860250168562e+09 6.916512012481689453e+00 -2.301332664489746094e+01 3.241057991981505793e-01 0.000000000000000000e+00 0.000000000000000000e+00 0.000000000000000000e+00 1.000000000000000000e+00
1.716363860300285339e+09 6.916560173034667969e+00 -2.301329803466796875e+01 3.238257765769957941e-01 0.000000000000000000e+00 0.000000000000000000e+00 0.000000000000000000e+00 1.000000000000000000e+00
1.716363860351395369e+09 6.916489124298095703e+00 -2.301332283020019531e+01 3.238932490348815918e-01 0.000000000000000000e+00 0.000000000000000000e+00 0.000000000000000000e+00 1.000000000000000000e+00
1.716363860400754452e+09 6.916595935821533203e+00 -2.301328659057616832e+01 3.237818777561187744e-01 0.000000000000000000e+00 0.000000000000000000e+00 0.000000000000000000e+00 1.000000000000000000e+00
1.716363860451052189e+09 6.916495800018311435e+00 -2.301331901550292969e+01 3.238450586795806885e-01 0.000000000000000000e+00 0.000000000000000000e+00 0.000000000000000000e+00 1.000000000000000000e+00
1.716363860551417589e+09 6.916511535644531250e+00 -2.301331710815429688e+01 3.238854408264160156e-01 0.000000000000000000e+00 0.000000000000000000e+00 0.000000000000000000e+00 1.000000000000000000e+00
1.716363860601491690e+09 6.916598796844482422e+00 -2.301329040527344105e+01 3.239064514636992853e-01 0.000000000000000000e+00 0.000000000000000000e+00 0.000000000000000000e+00 1.000000000000000000e+00
1.716363860651742935e+09 6.916686058044433594e+00 -2.301325988769531250e+01 3.238171041011809748e-01 0.000000000000000000e+00 0.000000000000000000e+00 0.000000000000000000e+00 1.000000000000000000e+00
1.716363860702025414e+09 6.916656017303466797e+00 -2.301327323913574574e+01 3.239003717899321955e-01 0.000000000000000000e+00 0.000000000000000000e+00 0.000000000000000000e+00 1.000000000000000000e+00
1.716363860802376986e+09 6.916536331176757812e+00 -2.301331329345703125e+01 3.239696323871611994e-01 0.000000000000000000e+00 0.000000000000000000e+00 0.000000000000000000e+00 1.000000000000000000e+00
1.716363860852489710e+09 6.916630744934082031e+00 -2.301327514648437145e+01 3.237868249416350763e-01 0.000000000000000000e+00 0.000000000000000000e+00 0.000000000000000000e+00 1.000000000000000000e+00
1.716363860902579308e+09 6.916707992553710938e+00 -2.301325225830078125e+01 3.237852454185485840e-01 0.000000000000000000e+00 0.000000000000000000e+00 0.000000000000000000e+00 1.000000000000000000e+00
1.716363860952919960e+09 6.916593551635742188e+00 -2.301329231262207031e+01 3.239034116268157959e-01 0.000000000000000000e+00 0.000000000000000000e+00 0.000000000000000000e+00 1.000000000000000000e+00
1.716363861003138781e+09 6.916622161865234375e+00 -2.301328468322753906e+01 3.239017724990844727e-01 0.000000000000000000e+00 0.000000000000000000e+00 0.000000000000000000e+00 1.000000000000000000e+00
1.716363861053240776e+09 6.916800975799560547e+00 -2.301322555541991832e+01 3.238002061843872070e-01 0.000000000000000000e+00 0.000000000000000000e+00 0.000000000000000000e+00 1.000000000000000000e+00
1.716363861103600025e+09 6.916709899902343750e+00 -2.301325607299804688e+01 3.238550424575805109e-01 0.000000000000000000e+00 0.000000000000000000e+00 0.000000000000000000e+00 1.000000000000000000e+00
1.716363861153823853e+09 6.916820526123046875e+00 -2.301321220397948863e+01 3.236745893955230158e-01 0.000000000000000000e+00 0.000000000000000000e+00 0.000000000000000000e+00 1.000000000000000000e+00
1.716363861204045773e+09 6.916644573211669922e+00 -2.301327133178710938e+01 3.237688541412352961e-01 0.000000000000000000e+00 0.000000000000000000e+00 0.000000000000000000e+00 1.000000000000000000e+00
1.716363861254237890e+09 6.916710376739501953e+00 -2.301325607299804688e+01 3.238553404808043878e-01 0.000000000000000000e+00 0.000000000000000000e+00 0.000000000000000000e+00 1.000000000000000000e+00
1.716363861304494619e+09 6.916595458984375000e+00 -2.301328659057616832e+01 3.237874209880828857e-01 0.000000000000000000e+00 0.000000000000000000e+00 0.000000000000000000e+00 1.000000000000000000e+00
1.716363861354689121e+09 6.916512489318847656e+00 -2.301331138610839844e+01 3.237933814525604248e-01 0.000000000000000000e+00 0.000000000000000000e+00 0.000000000000000000e+00 1.000000000000000000e+00
1.716363861454996586e+09 6.916538238525390625e+00 -2.301330947875976918e+01 3.239049315452575128e-01 0.000000000000000000e+00 0.000000000000000000e+00 0.000000000000000000e+00 1.000000000000000000e+00
1.716363861506322622e+09 6.916756153106689453e+00 -2.301323509216308949e+01 3.237172961235045832e-01 0.000000000000000000e+00 0.000000000000000000e+00 0.000000000000000000e+00 1.000000000000000000e+00
1.716363861555432558e+09 6.916574001312255859e+00 -2.301329803466796875e+01 3.238739371299743097e-01 0.000000000000000000e+00 0.000000000000000000e+00 0.000000000000000000e+00 1.000000000000000000e+00
1.716363861656183243e+09 6.916406631469726562e+00 -2.301334953308105113e+01 3.239033520221710205e-01 0.000000000000000000e+00 0.000000000000000000e+00 0.000000000000000000e+00 1.000000000000000000e+00
1.716363861706479549e+09 6.916602134704589844e+00 -2.301328086853027699e+01 3.237289488315582275e-01 0.000000000000000000e+00 0.000000000000000000e+00 0.000000000000000000e+00 1.000000000000000000e+00
1.716363861756687403e+09 6.916400909423828125e+00 -2.301335144042968750e+01 3.239026963710784912e-01 0.000000000000000000e+00 0.000000000000000000e+00 0.000000000000000000e+00 1.000000000000000000e+00
1.716363861806883097e+09 6.916697502136231357e+00 -2.301325035095214844e+01 3.236915767192840021e-01 0.000000000000000000e+00 0.000000000000000000e+00 0.000000000000000000e+00 1.000000000000000000e+00
1.716363861907222748e+09 6.916600227355957031e+00 -2.301328468322753906e+01 3.237954378128051758e-01 0.000000000000000000e+00 0.000000000000000000e+00 0.000000000000000000e+00 1.000000000000000000e+00
1.716363861957547665e+09 6.916506767272949219e+00 -2.301331901550292969e+01 3.238937556743621826e-01 0.000000000000000000e+00 0.000000000000000000e+00 0.000000000000000000e+00 1.000000000000000000e+00
1.716363862007737875e+09 6.916543006896972656e+00 -2.301330566406250000e+01 3.238621056079863947e-01 0.000000000000000000e+00 0.000000000000000000e+00 0.000000000000000000e+00 1.000000000000000000e+00
1.716363862108288050e+09 6.916607856750488281e+00 -2.301327896118164062e+01 3.237006664276123047e-01 0.000000000000000000e+00 0.000000000000000000e+00 0.000000000000000000e+00 1.000000000000000000e+00
1.716363862158381224e+09 6.916599750518798828e+00 -2.301328659057616832e+01 3.238057196140288752e-01 0.000000000000000000e+00 0.000000000000000000e+00 0.000000000000000000e+00 1.000000000000000000e+00
1.716363862208797932e+09 6.916598320007324219e+00 -2.301329231262207031e+01 3.239224553108214777e-01 0.000000000000000000e+00 0.000000000000000000e+00 0.000000000000000000e+00 1.000000000000000000e+00
1.716363862309348583e+09 6.916685104370117188e+00 -2.301326179504394531e+01 3.238402307033538818e-01 0.000000000000000000e+00 0.000000000000000000e+00 0.000000000000000000e+00 1.000000000000000000e+00
1.716363862359551668e+09 6.916568279266357422e+00 -2.301330184936523438e+01 3.239237666130065918e-01 0.000000000000000000e+00 0.000000000000000000e+00 0.000000000000000000e+00 1.000000000000000000e+00
1.716363862409791708e+09 6.916620731353759766e+00 -2.301328468322753906e+01 3.239038884639739990e-01 0.000000000000000000e+00 0.000000000000000000e+00 0.000000000000000000e+00 1.000000000000000000e+00
1.716363862459995031e+09 6.916523933410644531e+00 -2.301331329345703125e+01 3.239016830921173096e-01 0.000000000000000000e+00 0.000000000000000000e+00 0.000000000000000000e+00 1.000000000000000000e+00
1.716363862560408592e+09 6.916594982147216797e+00 -2.301328277587890270e+01 3.237071633338928223e-01 0.000000000000000000e+00 0.000000000000000000e+00 0.000000000000000000e+00 1.000000000000000000e+00
1.716363862610601902e+09 6.916584014892578125e+00 -2.301328468322753906e+01 3.237007558345794123e-01 0.000000000000000000e+00 0.000000000000000000e+00 0.000000000000000000e+00 1.000000000000000000e+00
1.716363862660719395e+09 6.916546821594238281e+00 -2.301330184936523438e+01 3.238013982772827148e-01 0.000000000000000000e+00 0.000000000000000000e+00 0.000000000000000000e+00 1.000000000000000000e+00
1.716363862761865139e+09 6.916695117950440341e+00 -2.301324462890625000e+01 3.235702812671660822e-01 0.000000000000000000e+00 0.000000000000000000e+00 0.000000000000000000e+00 1.000000000000000000e+00
1.716363862812507153e+09 6.916647911071777344e+00 -2.301326179504394531e+01 3.236205279827117920e-01 0.000000000000000000e+00 0.000000000000000000e+00 0.000000000000000000e+00 1.000000000000000000e+00
1.716363862862392426e+09 6.916602611541748047e+00 -2.301328468322753906e+01 3.237954974174498957e-01 0.000000000000000000e+00 0.000000000000000000e+00 0.000000000000000000e+00 1.000000000000000000e+00
1.716363862962706327e+09 6.916703701019287109e+00 -2.301325416564941051e+01 3.237943649291992188e-01 0.000000000000000000e+00 0.000000000000000000e+00 0.000000000000000000e+00 1.000000000000000000e+00
1.716363863013804436e+09 6.916593074798583984e+00 -2.301329231262207031e+01 3.238933682441710871e-01 0.000000000000000000e+00 0.000000000000000000e+00 0.000000000000000000e+00 1.000000000000000000e+00
1.716363863064403534e+09 6.916704177856445312e+00 -2.301325416564941051e+01 3.237846493721007746e-01 0.000000000000000000e+00 0.000000000000000000e+00 0.000000000000000000e+00 1.000000000000000000e+00
1.716363863163532257e+09 6.916589736938476562e+00 -2.301329231262207031e+01 3.238895535469055176e-01 0.000000000000000000e+00 0.000000000000000000e+00 0.000000000000000000e+00 1.000000000000000000e+00
1.716363863213743448e+09 6.916488647460937500e+00 -2.301333045959472656e+01 3.240127265453338068e-01 0.000000000000000000e+00 0.000000000000000000e+00 0.000000000000000000e+00 1.000000000000000000e+00
1.716363863264320850e+09 6.916522502899169922e+00 -2.301331329345703125e+01 3.238800764083861750e-01 0.000000000000000000e+00 0.000000000000000000e+00 0.000000000000000000e+00 1.000000000000000000e+00
1.716363863364451170e+09 6.916596889495849609e+00 -2.301328659057616832e+01 3.237959742546080988e-01 0.000000000000000000e+00 0.000000000000000000e+00 0.000000000000000000e+00 1.000000000000000000e+00
1.716363863414555073e+09 6.916449546813964844e+00 -2.301333618164062500e+01 3.239101469516754150e-01 0.000000000000000000e+00 0.000000000000000000e+00 0.000000000000000000e+00 1.000000000000000000e+00
1.716363863464677811e+09 6.916668891906738281e+00 -2.301327133178710938e+01 3.239302933216094971e-01 0.000000000000000000e+00 0.000000000000000000e+00 0.000000000000000000e+00 1.000000000000000000e+00
1.716363863514777184e+09 6.916532516479492188e+00 -2.301330757141113281e+01 3.238490223884581964e-01 0.000000000000000000e+00 0.000000000000000000e+00 0.000000000000000000e+00 1.000000000000000000e+00
1.716363863615243435e+09 6.916714191436767578e+00 -2.301325035095214844e+01 3.237758874893187921e-01 0.000000000000000000e+00 0.000000000000000000e+00 0.000000000000000000e+00 1.000000000000000000e+00
1.716363863665515661e+09 6.916561126708984375e+00 -2.301329421997070312e+01 3.237493932247161865e-01 0.000000000000000000e+00 0.000000000000000000e+00 0.000000000000000000e+00 1.000000000000000000e+00
1.716363863715700626e+09 6.916711330413818359e+00 -2.301325035095214844e+01 3.237836360931395929e-01 0.000000000000000000e+00 0.000000000000000000e+00 0.000000000000000000e+00 1.000000000000000000e+00
1.716363863816107988e+09 6.916576385498046875e+00 -2.301329231262207031e+01 3.237940371036528986e-01 0.000000000000000000e+00 0.000000000000000000e+00 0.000000000000000000e+00 1.000000000000000000e+00
1.716363863866392136e+09 6.916488170623779297e+00 -2.301332473754882812e+01 3.239117562770842951e-01 0.000000000000000000e+00 0.000000000000000000e+00 0.000000000000000000e+00 1.000000000000000000e+00
1.716363863916654348e+09 6.916388988494873047e+00 -2.301335906982421875e+01 3.240155577659606934e-01 0.000000000000000000e+00 0.000000000000000000e+00 0.000000000000000000e+00 1.000000000000000000e+00
1.716363863966835499e+09 6.916629314422607422e+00 -2.301328277587890270e+01 3.239090740680694025e-01 0.000000000000000000e+00 0.000000000000000000e+00 0.000000000000000000e+00 1.000000000000000000e+00
1.716363864017333508e+09 6.916520595550537109e+00 -2.301331520080566406e+01 3.239020407199859064e-01 0.000000000000000000e+00 0.000000000000000000e+00 0.000000000000000000e+00 1.000000000000000000e+00
1.716363864067569733e+09 6.916383266448974609e+00 -2.301335906982421875e+01 3.239793181419372003e-01 0.000000000000000000e+00 0.000000000000000000e+00 0.000000000000000000e+00 1.000000000000000000e+00
1.716363864117825985e+09 6.916422367095947266e+00 -2.301334190368652344e+01 3.238723576068878174e-01 0.000000000000000000e+00 0.000000000000000000e+00 0.000000000000000000e+00 1.000000000000000000e+00
1.716363864168959856e+09 6.916688919067382812e+00 -2.301325416564941051e+01 3.236905634403228760e-01 0.000000000000000000e+00 0.000000000000000000e+00 0.000000000000000000e+00 1.000000000000000000e+00
1.716363864218172073e+09 6.916603088378906250e+00 -2.301329040527344105e+01 3.239000737667083740e-01 0.000000000000000000e+00 0.000000000000000000e+00 0.000000000000000000e+00 1.000000000000000000e+00
1.716363864268595934e+09 6.916631221771240234e+00 -2.301328086853027699e+01 3.238965570926666260e-01 0.000000000000000000e+00 0.000000000000000000e+00 0.000000000000000000e+00 1.000000000000000000e+00
1.716363864318809271e+09 6.916625499725341797e+00 -2.301327896118164062e+01 3.238168060779570978e-01 0.000000000000000000e+00 0.000000000000000000e+00 0.000000000000000000e+00 1.000000000000000000e+00
1.716363864369395733e+09 6.916525840759277344e+00 -2.301330757141113281e+01 3.237846791744232178e-01 0.000000000000000000e+00 0.000000000000000000e+00 0.000000000000000000e+00 1.000000000000000000e+00
1.716363864469533920e+09 6.916596412658691406e+00 -2.301328659057616832e+01 3.237990736961364746e-01 0.000000000000000000e+00 0.000000000000000000e+00 0.000000000000000000e+00 1.000000000000000000e+00
1.716363864519625902e+09 6.916708469390869141e+00 -2.301325225830078125e+01 3.237835466861724854e-01 0.000000000000000000e+00 0.000000000000000000e+00 0.000000000000000000e+00 1.000000000000000000e+00
1.716363864569838285e+09 6.916489601135253906e+00 -2.301331901550292969e+01 3.237892389297484796e-01 0.000000000000000000e+00 0.000000000000000000e+00 0.000000000000000000e+00 1.000000000000000000e+00
1.716363864670247793e+09 6.916495323181152344e+00 -2.301331710815429688e+01 3.237931728363037109e-01 0.000000000000000000e+00 0.000000000000000000e+00 0.000000000000000000e+00 1.000000000000000000e+00
1.716363864720704556e+09 6.916596889495849609e+00 -2.301329231262207031e+01 3.239046335220336914e-01 0.000000000000000000e+00 0.000000000000000000e+00 0.000000000000000000e+00 1.000000000000000000e+00
1.716363864771503925e+09 6.916602611541748047e+00 -2.301328659057616832e+01 3.238307237625122070e-01 0.000000000000000000e+00 0.000000000000000000e+00 0.000000000000000000e+00 1.000000000000000000e+00
1.716363864871255875e+09 6.916601181030273438e+00 -2.301328468322753906e+01 3.237720727920532227e-01 0.000000000000000000e+00 0.000000000000000000e+00 0.000000000000000000e+00 1.000000000000000000e+00
1.716363864921583414e+09 6.916563987731933594e+00 -2.301329040527344105e+01 3.236612677574157160e-01 0.000000000000000000e+00 0.000000000000000000e+00 0.000000000000000000e+00 1.000000000000000000e+00
1.716363864971876144e+09 6.916298389434815341e+00 -2.301338577270508168e+01 3.240035772323607843e-01 0.000000000000000000e+00 0.000000000000000000e+00 0.000000000000000000e+00 1.000000000000000000e+00
1.716363865021875858e+09 6.916569709777832031e+00 -2.301329994201660156e+01 3.239175975322722834e-01 0.000000000000000000e+00 0.000000000000000000e+00 0.000000000000000000e+00 1.000000000000000000e+00
1.716363865122328758e+09 6.916703224182128906e+00 -2.301325416564941051e+01 3.237864971160888117e-01 0.000000000000000000e+00 0.000000000000000000e+00 0.000000000000000000e+00 1.000000000000000000e+00
1.716363865172524214e+09 6.916602611541748047e+00 -2.301329040527344105e+01 3.238949477672576904e-01 0.000000000000000000e+00 0.000000000000000000e+00 0.000000000000000000e+00 1.000000000000000000e+00
1.716363865222733736e+09 6.916569232940673828e+00 -2.301329612731933594e+01 3.238141536712645929e-01 0.000000000000000000e+00 0.000000000000000000e+00 0.000000000000000000e+00 1.000000000000000000e+00
1.716363865323431969e+09 6.916601181030273438e+00 -2.301328468322753906e+01 3.237745165824890137e-01 0.000000000000000000e+00 0.000000000000000000e+00 0.000000000000000000e+00 1.000000000000000000e+00
1.716363865373725891e+09 6.916501522064208984e+00 -2.301331901550292969e+01 3.238841891288756769e-01 0.000000000000000000e+00 0.000000000000000000e+00 0.000000000000000000e+00 1.000000000000000000e+00
1.716363865423912525e+09 6.916709899902343750e+00 -2.301325035095214844e+01 3.237705826759337824e-01 0.000000000000000000e+00 0.000000000000000000e+00 0.000000000000000000e+00 1.000000000000000000e+00
1.716363865524323702e+09 6.916703224182128906e+00 -2.301325225830078125e+01 3.237729668617247980e-01 0.000000000000000000e+00 0.000000000000000000e+00 0.000000000000000000e+00 1.000000000000000000e+00
1.716363865574946404e+09 6.916538238525390625e+00 -2.301330184936523438e+01 3.237719237804412842e-01 0.000000000000000000e+00 0.000000000000000000e+00 0.000000000000000000e+00 1.000000000000000000e+00
1.716363865625129223e+09 6.916486740112304688e+00 -2.301331329345703125e+01 3.236888349056243896e-01 0.000000000000000000e+00 0.000000000000000000e+00 0.000000000000000000e+00 1.000000000000000000e+00
1.716363865676193714e+09 6.916588783264160156e+00 -2.301329231262207031e+01 3.238736689090728760e-01 0.000000000000000000e+00 0.000000000000000000e+00 0.000000000000000000e+00 1.000000000000000000e+00
1.716363865725705624e+09 6.916648387908936435e+00 -2.301326751708984375e+01 3.237181305885314941e-01 0.000000000000000000e+00 0.000000000000000000e+00 0.000000000000000000e+00 1.000000000000000000e+00
1.716363865775812626e+09 6.916639328002929688e+00 -2.301326942443848012e+01 3.236940205097197931e-01 0.000000000000000000e+00 0.000000000000000000e+00 0.000000000000000000e+00 1.000000000000000000e+00
1.716363865825888395e+09 6.916609764099121094e+00 -2.301327896118164062e+01 3.237245976924896240e-01 0.000000000000000000e+00 0.000000000000000000e+00 0.000000000000000000e+00 1.000000000000000000e+00
1.716363865876163721e+09 6.916482925415039062e+00 -2.301331710815429688e+01 3.237390816211699884e-01 0.000000000000000000e+00 0.000000000000000000e+00 0.000000000000000000e+00 1.000000000000000000e+00
1.716363865926425695e+09 6.916606426239013672e+00 -2.301328659057616832e+01 3.238477408885955811e-01 0.000000000000000000e+00 0.000000000000000000e+00 0.000000000000000000e+00 1.000000000000000000e+00
1.716363865976689577e+09 6.916779041290283203e+00 -2.301322364807128906e+01 3.236518502235412043e-01 0.000000000000000000e+00 0.000000000000000000e+00 0.000000000000000000e+00 1.000000000000000000e+00
1.716363866027028084e+09 6.916731357574462891e+00 -2.301324272155761719e+01 3.237344920635222834e-01 0.000000000000000000e+00 0.000000000000000000e+00 0.000000000000000000e+00 1.000000000000000000e+00
1.716363866076907873e+09 6.916746616363525391e+00 -2.301324081420898438e+01 3.237935304641723078e-01 0.000000000000000000e+00 0.000000000000000000e+00 0.000000000000000000e+00 1.000000000000000000e+00
1.716363866127271414e+09 6.916501522064208984e+00 -2.301331329345703125e+01 3.237711787223815918e-01 0.000000000000000000e+00 0.000000000000000000e+00 0.000000000000000000e+00 1.000000000000000000e+00
1.716363866177494049e+09 6.916674613952636719e+00 -2.301326179504394531e+01 3.237671256065368097e-01 0.000000000000000000e+00 0.000000000000000000e+00 0.000000000000000000e+00 1.000000000000000000e+00
1.716363866227556467e+09 6.916628360748291016e+00 -2.301327514648437145e+01 3.237656652927398127e-01 0.000000000000000000e+00 0.000000000000000000e+00 0.000000000000000000e+00 1.000000000000000000e+00
1.716363866277793884e+09 6.916614055633544922e+00 -2.301328468322753906e+01 3.238720297813414972e-01 0.000000000000000000e+00 0.000000000000000000e+00 0.000000000000000000e+00 1.000000000000000000e+00
1.716363866328047037e+09 6.916713714599609375e+00 -2.301326179504394531e+01 3.239892423152923029e-01 0.000000000000000000e+00 0.000000000000000000e+00 0.000000000000000000e+00 1.000000000000000000e+00
1.716363866378362417e+09 6.916714668273925781e+00 -2.301324844360351918e+01 3.237279355525969904e-01 0.000000000000000000e+00 0.000000000000000000e+00 0.000000000000000000e+00 1.000000000000000000e+00
1.716363866428478479e+09 6.916797637939453125e+00 -2.301321792602539062e+01 3.236512541770935059e-01 0.000000000000000000e+00 0.000000000000000000e+00 0.000000000000000000e+00 1.000000000000000000e+00
1.716363866478643894e+09 6.916761398315429688e+00 -2.301323318481445312e+01 3.237066268920897882e-01 0.000000000000000000e+00 0.000000000000000000e+00 0.000000000000000000e+00 1.000000000000000000e+00
1.716363866528850794e+09 6.916821002960205078e+00 -2.301321411132812500e+01 3.236844837665557861e-01 0.000000000000000000e+00 0.000000000000000000e+00 0.000000000000000000e+00 1.000000000000000000e+00
1.716363866579147816e+09 6.916739940643311435e+00 -2.301325225830078125e+01 3.239731788635253906e-01 0.000000000000000000e+00 0.000000000000000000e+00 0.000000000000000000e+00 1.000000000000000000e+00
1.716363866629637003e+09 6.916709423065185547e+00 -2.301325225830078125e+01 3.238098323345183771e-01 0.000000000000000000e+00 0.000000000000000000e+00 0.000000000000000000e+00 1.000000000000000000e+00
1.716363866679405212e+09 6.916714191436767578e+00 -2.301325035095214844e+01 3.237653076648712158e-01 0.000000000000000000e+00 0.000000000000000000e+00 0.000000000000000000e+00 1.000000000000000000e+00
1.716363866729626894e+09 6.916623592376708984e+00 -2.301327323913574574e+01 3.236785233020781916e-01 0.000000000000000000e+00 0.000000000000000000e+00 0.000000000000000000e+00 1.000000000000000000e+00
1.716363866779934168e+09 6.916493415832520419e+00 -2.301331710815429688e+01 3.237835168838500977e-01 0.000000000000000000e+00 0.000000000000000000e+00 0.000000000000000000e+00 1.000000000000000000e+00
1.716363866830049753e+09 6.916495800018311435e+00 -2.301331710815429688e+01 3.237974047660827082e-01 0.000000000000000000e+00 0.000000000000000000e+00 0.000000000000000000e+00 1.000000000000000000e+00
1.716363866880188465e+09 6.916709423065185547e+00 -2.301325225830078125e+01 3.237797319889068048e-01 0.000000000000000000e+00 0.000000000000000000e+00 0.000000000000000000e+00 1.000000000000000000e+00
1.716363866930374146e+09 6.916756629943847656e+00 -2.301323509216308949e+01 3.237355053424835205e-01 0.000000000000000000e+00 0.000000000000000000e+00 0.000000000000000000e+00 1.000000000000000000e+00
1.716363866980948687e+09 6.916816234588623047e+00 -2.301321411132812500e+01 3.236756324768065851e-01 0.000000000000000000e+00 0.000000000000000000e+00 0.000000000000000000e+00 1.000000000000000000e+00
1.716363867031193018e+09 6.916813373565673828e+00 -2.301321983337402344e+01 3.237521350383757990e-01 0.000000000000000000e+00 0.000000000000000000e+00 0.000000000000000000e+00 1.000000000000000000e+00
1.716363867081085205e+09 6.916729927062988281e+00 -2.301324844360351918e+01 3.238473534584044855e-01 0.000000000000000000e+00 0.000000000000000000e+00 0.000000000000000000e+00 1.000000000000000000e+00
1.716363867131189108e+09 6.916821002960205078e+00 -2.301321220397948863e+01 3.236543238162993830e-01 0.000000000000000000e+00 0.000000000000000000e+00 0.000000000000000000e+00 1.000000000000000000e+00
1.716363867181560278e+09 6.916662216186523438e+00 -2.301326370239257457e+01 3.237524032592772882e-01 0.000000000000000000e+00 0.000000000000000000e+00 0.000000000000000000e+00 1.000000000000000000e+00
1.716363867281929493e+09 6.916614055633544922e+00 -2.301328849792480469e+01 3.239490389823913019e-01 0.000000000000000000e+00 0.000000000000000000e+00 0.000000000000000000e+00 1.000000000000000000e+00
1.716363867332020521e+09 6.916523456573486328e+00 -2.301331901550292969e+01 3.239923417568206787e-01 0.000000000000000000e+00 0.000000000000000000e+00 0.000000000000000000e+00 1.000000000000000000e+00
1.716363867382258892e+09 6.916819095611572266e+00 -2.301322555541991832e+01 3.239038884639739990e-01 0.000000000000000000e+00 0.000000000000000000e+00 0.000000000000000000e+00 1.000000000000000000e+00
1.716363867482695580e+09 6.916699886322021484e+00 -2.301326560974121094e+01 3.240157067775725763e-01 0.000000000000000000e+00 0.000000000000000000e+00 0.000000000000000000e+00 1.000000000000000000e+00
1.716363867533003092e+09 6.916611671447753906e+00 -2.301328468322753906e+01 3.238386213779448908e-01 0.000000000000000000e+00 0.000000000000000000e+00 0.000000000000000000e+00 1.000000000000000000e+00
1.716363867583060503e+09 6.916492462158203125e+00 -2.301332855224609375e+01 3.240101039409636896e-01 0.000000000000000000e+00 0.000000000000000000e+00 0.000000000000000000e+00 1.000000000000000000e+00
1.716363867683490992e+09 6.916780948638916016e+00 -2.301323509216308949e+01 3.238918781280517023e-01 0.000000000000000000e+00 0.000000000000000000e+00 0.000000000000000000e+00 1.000000000000000000e+00
1.716363867733721495e+09 6.916669368743896484e+00 -2.301326942443848012e+01 3.238929808139801025e-01 0.000000000000000000e+00 0.000000000000000000e+00 0.000000000000000000e+00 1.000000000000000000e+00
1.716363867784083128e+09 6.916810035705566406e+00 -2.301322174072265625e+01 3.237726390361785889e-01 0.000000000000000000e+00 0.000000000000000000e+00 0.000000000000000000e+00 1.000000000000000000e+00
1.716363867834233522e+09 6.916649341583251953e+00 -2.301327323913574574e+01 3.238348364830017090e-01 0.000000000000000000e+00 0.000000000000000000e+00 0.000000000000000000e+00 1.000000000000000000e+00
1.716363867884632349e+09 6.916606903076171875e+00 -2.301329803466796875e+01 3.241078257560729980e-01 0.000000000000000000e+00 0.000000000000000000e+00 0.000000000000000000e+00 1.000000000000000000e+00
1.716363867985192776e+09 6.916599273681640625e+00 -2.301329231262207031e+01 3.239340782165526789e-01 0.000000000000000000e+00 0.000000000000000000e+00 0.000000000000000000e+00 1.000000000000000000e+00
1.716363868035404444e+09 6.916748046875000000e+00 -2.301324653625488281e+01 3.239133059978485107e-01 0.000000000000000000e+00 0.000000000000000000e+00 0.000000000000000000e+00 1.000000000000000000e+00
1.716363868085625410e+09 6.916722774505615234e+00 -2.301324272155761719e+01 3.236615657806395929e-01 0.000000000000000000e+00 0.000000000000000000e+00 0.000000000000000000e+00 1.000000000000000000e+00
1.716363868186057329e+09 6.916493415832520419e+00 -2.301331901550292969e+01 3.238462805747985840e-01 0.000000000000000000e+00 0.000000000000000000e+00 0.000000000000000000e+00 1.000000000000000000e+00
1.716363868286540508e+09 6.916603565216064453e+00 -2.301328468322753906e+01 3.237960636615753174e-01 0.000000000000000000e+00 0.000000000000000000e+00 0.000000000000000000e+00 1.000000000000000000e+00
1.716363868386939764e+09 6.916640758514404297e+00 -2.301327514648437145e+01 3.238180577754973810e-01 0.000000000000000000e+00 0.000000000000000000e+00 0.000000000000000000e+00 1.000000000000000000e+00
1.716363868437156916e+09 6.916507720947265625e+00 -2.301330947875976918e+01 3.237325251102446955e-01 0.000000000000000000e+00 0.000000000000000000e+00 0.000000000000000000e+00 1.000000000000000000e+00
1.716363868587827921e+09 6.916585922241210938e+00 -2.301329421997070312e+01 3.238833844661712091e-01 0.000000000000000000e+00 0.000000000000000000e+00 0.000000000000000000e+00 1.000000000000000000e+00
1.716363868637964964e+09 6.916538715362548828e+00 -2.301330184936523438e+01 3.237704336643218994e-01 0.000000000000000000e+00 0.000000000000000000e+00 0.000000000000000000e+00 1.000000000000000000e+00
1.716363868738391399e+09 6.916495323181152344e+00 -2.301332092285155895e+01 3.238803744316101074e-01 0.000000000000000000e+00 0.000000000000000000e+00 0.000000000000000000e+00 1.000000000000000000e+00
1.716363868788643122e+09 6.916401863098144531e+00 -2.301334953308105113e+01 3.239019513130187988e-01 0.000000000000000000e+00 0.000000000000000000e+00 0.000000000000000000e+00 1.000000000000000000e+00
1.716363868838733673e+09 6.916540622711181641e+00 -2.301330184936523438e+01 3.237861096858978271e-01 0.000000000000000000e+00 0.000000000000000000e+00 0.000000000000000000e+00 1.000000000000000000e+00
1.716363868889016151e+09 6.916389942169189453e+00 -2.301334762573242543e+01 3.237906694412230890e-01 0.000000000000000000e+00 0.000000000000000000e+00 0.000000000000000000e+00 1.000000000000000000e+00
1.716363868939082146e+09 6.916460514068604404e+00 -2.301332664489746094e+01 3.237933814525604248e-01 0.000000000000000000e+00 0.000000000000000000e+00 0.000000000000000000e+00 1.000000000000000000e+00
1.716363868989294052e+09 6.916599273681640625e+00 -2.301328468322753906e+01 3.237810432910919189e-01 0.000000000000000000e+00 0.000000000000000000e+00 0.000000000000000000e+00 1.000000000000000000e+00
1.716363869039533377e+09 6.916295051574707031e+00 -2.301339340209960938e+01 3.241229951381682794e-01 0.000000000000000000e+00 0.000000000000000000e+00 0.000000000000000000e+00 1.000000000000000000e+00
1.716363869089868784e+09 6.916494846343994141e+00 -2.301332473754882812e+01 3.239467442035675049e-01 0.000000000000000000e+00 0.000000000000000000e+00 0.000000000000000000e+00 1.000000000000000000e+00
1.716363869139950752e+09 6.916497230529785156e+00 -2.301332855224609375e+01 3.240210413932799738e-01 0.000000000000000000e+00 0.000000000000000000e+00 0.000000000000000000e+00 1.000000000000000000e+00
1.716363869190058470e+09 6.916433334350585938e+00 -2.301334381103515980e+01 3.239698708057403009e-01 0.000000000000000000e+00 0.000000000000000000e+00 0.000000000000000000e+00 1.000000000000000000e+00
1.716363869290323496e+09 6.916398525238037109e+00 -2.301333808898925426e+01 3.236387073993682861e-01 0.000000000000000000e+00 0.000000000000000000e+00 0.000000000000000000e+00 1.000000000000000000e+00
1.716363869340471983e+09 6.916603565216064453e+00 -2.301328849792480469e+01 3.238893747329711914e-01 0.000000000000000000e+00 0.000000000000000000e+00 0.000000000000000000e+00 1.000000000000000000e+00
1.716363869440743685e+09 6.916539192199707031e+00 -2.301331329345703125e+01 3.239825069904326837e-01 0.000000000000000000e+00 0.000000000000000000e+00 0.000000000000000000e+00 1.000000000000000000e+00
1.716363869491166115e+09 6.916607379913330078e+00 -2.301328659057616832e+01 3.238737583160399836e-01 0.000000000000000000e+00 0.000000000000000000e+00 0.000000000000000000e+00 1.000000000000000000e+00
1.716363869591282129e+09 6.916487216949462891e+00 -2.301332855224609375e+01 3.239887058734893799e-01 0.000000000000000000e+00 0.000000000000000000e+00 0.000000000000000000e+00 1.000000000000000000e+00
1.716363869641342163e+09 6.916492462158203125e+00 -2.301332664489746094e+01 3.239879906177520752e-01 0.000000000000000000e+00 0.000000000000000000e+00 0.000000000000000000e+00 1.000000000000000000e+00
1.716363869691476107e+09 6.916496276855468750e+00 -2.301331520080566406e+01 3.237862884998320978e-01 0.000000000000000000e+00 0.000000000000000000e+00 0.000000000000000000e+00 1.000000000000000000e+00
1.716363869791973829e+09 6.916530609130859375e+00 -2.301330566406250000e+01 3.237781822681427002e-01 0.000000000000000000e+00 0.000000000000000000e+00 0.000000000000000000e+00 1.000000000000000000e+00
1.716363869842196465e+09 6.916604995727539062e+00 -2.301328277587890270e+01 3.237867057323455811e-01 0.000000000000000000e+00 0.000000000000000000e+00 0.000000000000000000e+00 1.000000000000000000e+00
1.716363869892335653e+09 6.916604995727539062e+00 -2.301328849792480469e+01 3.238916397094726007e-01 0.000000000000000000e+00 0.000000000000000000e+00 0.000000000000000000e+00 1.000000000000000000e+00
1.716363869942591190e+09 6.916497230529785156e+00 -2.301332092285155895e+01 3.238888382911682129e-01 0.000000000000000000e+00 0.000000000000000000e+00 0.000000000000000000e+00 1.000000000000000000e+00
1.716363869993003607e+09 6.916492938995361328e+00 -2.301332855224609375e+01 3.240065872669219971e-01 0.000000000000000000e+00 0.000000000000000000e+00 0.000000000000000000e+00 1.000000000000000000e+00
1.716363870093347788e+09 6.916694164276123047e+00 -2.301325607299804688e+01 3.237818181514739990e-01 0.000000000000000000e+00 0.000000000000000000e+00 0.000000000000000000e+00 1.000000000000000000e+00
1.716363870143487930e+09 6.916605472564697266e+00 -2.301328659057616832e+01 3.238400816917418878e-01 0.000000000000000000e+00 0.000000000000000000e+00 0.000000000000000000e+00 1.000000000000000000e+00
1.716363870193692446e+09 6.916593074798583984e+00 -2.301328659057616832e+01 3.237896561622619074e-01 0.000000000000000000e+00 0.000000000000000000e+00 0.000000000000000000e+00 1.000000000000000000e+00
1.716363870294081688e+09 6.916649818420410156e+00 -2.301327705383300781e+01 3.239165842533111017e-01 0.000000000000000000e+00 0.000000000000000000e+00 0.000000000000000000e+00 1.000000000000000000e+00
1.716363870344340324e+09 6.916400432586669922e+00 -2.301335144042968750e+01 3.239020109176635742e-01 0.000000000000000000e+00 0.000000000000000000e+00 0.000000000000000000e+00 1.000000000000000000e+00
1.716363870394532919e+09 6.916582584381104404e+00 -2.301329040527344105e+01 3.238042294979094904e-01 0.000000000000000000e+00 0.000000000000000000e+00 0.000000000000000000e+00 1.000000000000000000e+00
1.716363870545249939e+09 6.916389465332031250e+00 -2.301336288452148438e+01 3.240614235401153009e-01 0.000000000000000000e+00 0.000000000000000000e+00 0.000000000000000000e+00 1.000000000000000000e+00
1.716363870595431328e+09 6.916604518890380859e+00 -2.301328659057616832e+01 3.238606452941893976e-01 0.000000000000000000e+00 0.000000000000000000e+00 0.000000000000000000e+00 1.000000000000000000e+00
1.716363870695904732e+09 6.916609287261962891e+00 -2.301328468322753906e+01 3.238323628902434748e-01 0.000000000000000000e+00 0.000000000000000000e+00 0.000000000000000000e+00 1.000000000000000000e+00
1.716363870745903254e+09 6.916601657867431641e+00 -2.301328659057616832e+01 3.238315582275390070e-01 0.000000000000000000e+00 0.000000000000000000e+00 0.000000000000000000e+00 1.000000000000000000e+00
1.716363870796285391e+09 6.916605949401856357e+00 -2.301328849792480469e+01 3.239085078239440918e-01 0.000000000000000000e+00 0.000000000000000000e+00 0.000000000000000000e+00 1.000000000000000000e+00
1.716363870896791220e+09 6.916648387908936435e+00 -2.301327705383300781e+01 3.239071071147918146e-01 0.000000000000000000e+00 0.000000000000000000e+00 0.000000000000000000e+00 1.000000000000000000e+00
1.716363870946786642e+09 6.916620254516601562e+00 -2.301328277587890270e+01 3.238795697689055841e-01 0.000000000000000000e+00 0.000000000000000000e+00 0.000000000000000000e+00 1.000000000000000000e+00
1.716363870996948719e+09 6.916618347167968750e+00 -2.301328468322753906e+01 3.238890171051024836e-01 0.000000000000000000e+00 0.000000000000000000e+00 0.000000000000000000e+00 1.000000000000000000e+00
1.716363871097350359e+09 6.916564464569091797e+00 -2.301330566406250000e+01 3.239836692810058039e-01 0.000000000000000000e+00 0.000000000000000000e+00 0.000000000000000000e+00 1.000000000000000000e+00
1.716363871147642612e+09 6.916590690612792969e+00 -2.301328849792480469e+01 3.238179981708526056e-01 0.000000000000000000e+00 0.000000000000000000e+00 0.000000000000000000e+00 1.000000000000000000e+00
1.716363871197760105e+09 6.916549682617188388e+00 -2.301331329345703125e+01 3.240329921245574951e-01 0.000000000000000000e+00 0.000000000000000000e+00 0.000000000000000000e+00 1.000000000000000000e+00
1.716363871298235416e+09 6.916495800018311435e+00 -2.301332855224609375e+01 3.240388631820678156e-01 0.000000000000000000e+00 0.000000000000000000e+00 0.000000000000000000e+00 1.000000000000000000e+00
1.716363871348407745e+09 6.916491508483886719e+00 -2.301333045959472656e+01 3.240381479263305109e-01 0.000000000000000000e+00 0.000000000000000000e+00 0.000000000000000000e+00 1.000000000000000000e+00
1.716363871398670435e+09 6.916596412658691406e+00 -2.301329231262207031e+01 3.239203393459320068e-01 0.000000000000000000e+00 0.000000000000000000e+00 0.000000000000000000e+00 1.000000000000000000e+00
1.716363871449061632e+09 6.916522979736328125e+00 -2.301331901550292969e+01 3.240098655223845880e-01 0.000000000000000000e+00 0.000000000000000000e+00 0.000000000000000000e+00 1.000000000000000000e+00
1.716363871549214125e+09 6.916602134704589844e+00 -2.301329612731933594e+01 3.240287005901336115e-01 0.000000000000000000e+00 0.000000000000000000e+00 0.000000000000000000e+00 1.000000000000000000e+00
1.716363871599560022e+09 6.916444778442382812e+00 -2.301334381103515980e+01 3.240401148796080988e-01 0.000000000000000000e+00 0.000000000000000000e+00 0.000000000000000000e+00 1.000000000000000000e+00
1.716363871650299072e+09 6.916494846343994141e+00 -2.301332283020019531e+01 3.239235877990722101e-01 0.000000000000000000e+00 0.000000000000000000e+00 0.000000000000000000e+00 1.000000000000000000e+00
1.716363871699976206e+09 6.916495800018311435e+00 -2.301332855224609375e+01 3.240358531475067139e-01 0.000000000000000000e+00 0.000000000000000000e+00 0.000000000000000000e+00 1.000000000000000000e+00
1.716363871750255108e+09 6.916500091552734375e+00 -2.301332664489746094e+01 3.240262567996978760e-01 0.000000000000000000e+00 0.000000000000000000e+00 0.000000000000000000e+00 1.000000000000000000e+00
1.716363871800276041e+09 6.916579723358154297e+00 -2.301329803466796875e+01 3.239380419254302979e-01 0.000000000000000000e+00 0.000000000000000000e+00 0.000000000000000000e+00 1.000000000000000000e+00
1.716363871900958061e+09 6.916587352752685547e+00 -2.301329994201660156e+01 3.240051269531250000e-01 0.000000000000000000e+00 0.000000000000000000e+00 0.000000000000000000e+00 1.000000000000000000e+00
1.716363871951633453e+09 6.916686534881591797e+00 -2.301326560974121094e+01 3.239194154739379883e-01 0.000000000000000000e+00 0.000000000000000000e+00 0.000000000000000000e+00 1.000000000000000000e+00
1.716363872001343012e+09 6.916661739349365234e+00 -2.301327323913574574e+01 3.239134252071380060e-01 0.000000000000000000e+00 0.000000000000000000e+00 0.000000000000000000e+00 1.000000000000000000e+00
1.716363872051685810e+09 6.916510105133056641e+00 -2.301332283020019531e+01 3.240198194980620783e-01 0.000000000000000000e+00 0.000000000000000000e+00 0.000000000000000000e+00 1.000000000000000000e+00
1.716363872152510643e+09 6.916499614715576172e+00 -2.301332664489746094e+01 3.240226209163665771e-01 0.000000000000000000e+00 0.000000000000000000e+00 0.000000000000000000e+00 1.000000000000000000e+00
1.716363872202749491e+09 6.916516780853272373e+00 -2.301331520080566406e+01 3.238909542560576837e-01 0.000000000000000000e+00 0.000000000000000000e+00 0.000000000000000000e+00 1.000000000000000000e+00
1.716363872253047466e+09 6.916606426239013672e+00 -2.301328849792480469e+01 3.238829672336577814e-01 0.000000000000000000e+00 0.000000000000000000e+00 0.000000000000000000e+00 1.000000000000000000e+00
1.716363872353403568e+09 6.916602611541748047e+00 -2.301328468322753906e+01 3.238131701946257990e-01 0.000000000000000000e+00 0.000000000000000000e+00 0.000000000000000000e+00 1.000000000000000000e+00
1.716363872403542042e+09 6.916604995727539062e+00 -2.301329040527344105e+01 3.239105343818663996e-01 0.000000000000000000e+00 0.000000000000000000e+00 0.000000000000000000e+00 1.000000000000000000e+00
1.716363872453878641e+09 6.916683673858642578e+00 -2.301326560974121094e+01 3.238840401172637939e-01 0.000000000000000000e+00 0.000000000000000000e+00 0.000000000000000000e+00 1.000000000000000000e+00
1.716363872503987312e+09 6.916702270507812500e+00 -2.301325607299804688e+01 3.238112628459929865e-01 0.000000000000000000e+00 0.000000000000000000e+00 0.000000000000000000e+00 1.000000000000000000e+00
1.716363872554089308e+09 6.916601181030273438e+00 -2.301328659057616832e+01 3.238118886947631836e-01 0.000000000000000000e+00 0.000000000000000000e+00 0.000000000000000000e+00 1.000000000000000000e+00
1.716363872604318857e+09 6.916582584381104404e+00 -2.301329231262207031e+01 3.238251209259033203e-01 0.000000000000000000e+00 0.000000000000000000e+00 0.000000000000000000e+00 1.000000000000000000e+00
1.716363872654666662e+09 6.916584014892578125e+00 -2.301329231262207031e+01 3.238312304019927979e-01 0.000000000000000000e+00 0.000000000000000000e+00 0.000000000000000000e+00 1.000000000000000000e+00
1.716363872704830647e+09 6.916609764099121094e+00 -2.301328277587890270e+01 3.238093852996826172e-01 0.000000000000000000e+00 0.000000000000000000e+00 0.000000000000000000e+00 1.000000000000000000e+00
1.716363872755143166e+09 6.916590213775634766e+00 -2.301329040527344105e+01 3.238385319709777832e-01 0.000000000000000000e+00 0.000000000000000000e+00 0.000000000000000000e+00 1.000000000000000000e+00
1.716363872805222988e+09 6.916400432586669922e+00 -2.301335716247558238e+01 3.240381777286528986e-01 0.000000000000000000e+00 0.000000000000000000e+00 0.000000000000000000e+00 1.000000000000000000e+00
1.716363872855580091e+09 6.916540145874023438e+00 -2.301330757141113281e+01 3.238859474658966064e-01 0.000000000000000000e+00 0.000000000000000000e+00 0.000000000000000000e+00 1.000000000000000000e+00
1.716363872905861378e+09 6.916611194610595703e+00 -2.301328849792480469e+01 3.239296376705169123e-01 0.000000000000000000e+00 0.000000000000000000e+00 0.000000000000000000e+00 1.000000000000000000e+00
1.716363873006627321e+09 6.916577339172363281e+00 -2.301329994201660156e+01 3.239587843418120783e-01 0.000000000000000000e+00 0.000000000000000000e+00 0.000000000000000000e+00 1.000000000000000000e+00
1.716363873056744337e+09 6.916609764099121094e+00 -2.301328849792480469e+01 3.239238858222960871e-01 0.000000000000000000e+00 0.000000000000000000e+00 0.000000000000000000e+00 1.000000000000000000e+00
1.716363873106858492e+09 6.916543006896972656e+00 -2.301330947875976918e+01 3.239268064498900812e-01 0.000000000000000000e+00 0.000000000000000000e+00 0.000000000000000000e+00 1.000000000000000000e+00
1.716363873157157898e+09 6.916488170623779297e+00 -2.301332473754882812e+01 3.239256441593170166e-01 0.000000000000000000e+00 0.000000000000000000e+00 0.000000000000000000e+00 1.000000000000000000e+00
1.716363873207497120e+09 6.916588783264160156e+00 -2.301329612731933594e+01 3.239268362522125244e-01 0.000000000000000000e+00 0.000000000000000000e+00 0.000000000000000000e+00 1.000000000000000000e+00
1.716363873307933331e+09 6.916607379913330078e+00 -2.301329040527344105e+01 3.239244520664215088e-01 0.000000000000000000e+00 0.000000000000000000e+00 0.000000000000000000e+00 1.000000000000000000e+00
1.716363873358162880e+09 6.916714668273925781e+00 -2.301325225830078125e+01 3.238166868686676025e-01 0.000000000000000000e+00 0.000000000000000000e+00 0.000000000000000000e+00 1.000000000000000000e+00
1.716363873408491611e+09 6.916718006134033203e+00 -2.301325035095214844e+01 3.238127231597899836e-01 0.000000000000000000e+00 0.000000000000000000e+00 0.000000000000000000e+00 1.000000000000000000e+00
1.716363873509132385e+09 6.916607379913330078e+00 -2.301328468322753906e+01 3.238134682178496759e-01 0.000000000000000000e+00 0.000000000000000000e+00 0.000000000000000000e+00 1.000000000000000000e+00
1.716363873559268236e+09 6.916495800018311435e+00 -2.301332664489746094e+01 3.239999115467070978e-01 0.000000000000000000e+00 0.000000000000000000e+00 0.000000000000000000e+00 1.000000000000000000e+00
1.716363873609385729e+09 6.916503906250000000e+00 -2.301332664489746094e+01 3.240234553813933771e-01 0.000000000000000000e+00 0.000000000000000000e+00 0.000000000000000000e+00 1.000000000000000000e+00
1.716363873659653425e+09 6.916681289672851562e+00 -2.301326751708984375e+01 3.239193558692932129e-01 0.000000000000000000e+00 0.000000000000000000e+00 0.000000000000000000e+00 1.000000000000000000e+00
1.716363873709928274e+09 6.916600704193115234e+00 -2.301329231262207031e+01 3.239180445671080988e-01 0.000000000000000000e+00 0.000000000000000000e+00 0.000000000000000000e+00 1.000000000000000000e+00
1.716363873760159492e+09 6.916595935821533203e+00 -2.301329231262207031e+01 3.239161372184752863e-01 0.000000000000000000e+00 0.000000000000000000e+00 0.000000000000000000e+00 1.000000000000000000e+00
1.716363873810350180e+09 6.916781425476074219e+00 -2.301322746276855469e+01 3.237361609935759943e-01 0.000000000000000000e+00 0.000000000000000000e+00 0.000000000000000000e+00 1.000000000000000000e+00
1.716363873860630274e+09 6.916696548461914062e+00 -2.301325798034667969e+01 3.238250613212584894e-01 0.000000000000000000e+00 0.000000000000000000e+00 0.000000000000000000e+00 1.000000000000000000e+00
1.716363873910641909e+09 6.916506290435791016e+00 -2.301331901550292969e+01 3.239091336727141779e-01 0.000000000000000000e+00 0.000000000000000000e+00 0.000000000000000000e+00 1.000000000000000000e+00
1.716363873961348295e+09 6.916607856750488281e+00 -2.301328659057616832e+01 3.238677084445952814e-01 0.000000000000000000e+00 0.000000000000000000e+00 0.000000000000000000e+00 1.000000000000000000e+00
1.716363874061954021e+09 6.916514873504638672e+00 -2.301331710815429688e+01 3.239258527755736750e-01 0.000000000000000000e+00 0.000000000000000000e+00 0.000000000000000000e+00 1.000000000000000000e+00
1.716363874111929893e+09 6.916554927825927734e+00 -2.301330184936523438e+01 3.238629996776580811e-01 0.000000000000000000e+00 0.000000000000000000e+00 0.000000000000000000e+00 1.000000000000000000e+00
1.716363874212941885e+09 6.916599750518798828e+00 -2.301328659057616832e+01 3.238188326358795166e-01 0.000000000000000000e+00 0.000000000000000000e+00 0.000000000000000000e+00 1.000000000000000000e+00
1.716363874263223648e+09 6.916545867919921875e+00 -2.301330566406250000e+01 3.238631486892700195e-01 0.000000000000000000e+00 0.000000000000000000e+00 0.000000000000000000e+00 1.000000000000000000e+00
1.716363874313385487e+09 6.916607379913330078e+00 -2.301328659057616832e+01 3.238789141178131104e-01 0.000000000000000000e+00 0.000000000000000000e+00 0.000000000000000000e+00 1.000000000000000000e+00
1.716363874413846493e+09 6.916606426239013672e+00 -2.301329040527344105e+01 3.239171504974365234e-01 0.000000000000000000e+00 0.000000000000000000e+00 0.000000000000000000e+00 1.000000000000000000e+00
1.716363874464003086e+09 6.916602611541748047e+00 -2.301329040527344105e+01 3.239210844039916992e-01 0.000000000000000000e+00 0.000000000000000000e+00 0.000000000000000000e+00 1.000000000000000000e+00
1.716363874514043808e+09 6.916604042053222656e+00 -2.301329040527344105e+01 3.239172101020812988e-01 0.000000000000000000e+00 0.000000000000000000e+00 0.000000000000000000e+00 1.000000000000000000e+00
1.716363874564426184e+09 6.916604995727539062e+00 -2.301329040527344105e+01 3.239086270332335871e-01 0.000000000000000000e+00 0.000000000000000000e+00 0.000000000000000000e+00 1.000000000000000000e+00
1.716363874614475965e+09 6.916605949401856357e+00 -2.301329040527344105e+01 3.239172101020812988e-01 0.000000000000000000e+00 0.000000000000000000e+00 0.000000000000000000e+00 1.000000000000000000e+00
1.716363874664758205e+09 6.916517257690429688e+00 -2.301332092285155895e+01 3.240042328834533136e-01 0.000000000000000000e+00 0.000000000000000000e+00 0.000000000000000000e+00 1.000000000000000000e+00
1.716363874714968681e+09 6.916606426239013672e+00 -2.301328468322753906e+01 3.238155543804168146e-01 0.000000000000000000e+00 0.000000000000000000e+00 0.000000000000000000e+00 1.000000000000000000e+00
1.716363874765122890e+09 6.916713714599609375e+00 -2.301325225830078125e+01 3.238002359867095947e-01 0.000000000000000000e+00 0.000000000000000000e+00 0.000000000000000000e+00 1.000000000000000000e+00
1.716363874815435410e+09 6.916570186614990234e+00 -2.301330184936523438e+01 3.239313960075377863e-01 0.000000000000000000e+00 0.000000000000000000e+00 0.000000000000000000e+00 1.000000000000000000e+00
1.716363874865990639e+09 6.916476726531982422e+00 -2.301333427429199219e+01 3.240263462066649836e-01 0.000000000000000000e+00 0.000000000000000000e+00 0.000000000000000000e+00 1.000000000000000000e+00
1.716363874915775537e+09 6.916718959808349609e+00 -2.301325035095214844e+01 3.238013088703154962e-01 0.000000000000000000e+00 0.000000000000000000e+00 0.000000000000000000e+00 1.000000000000000000e+00
1.716363874966257572e+09 6.916810035705566406e+00 -2.301321601867676137e+01 3.236807286739348810e-01 0.000000000000000000e+00 0.000000000000000000e+00 0.000000000000000000e+00 1.000000000000000000e+00
1.716363875016541243e+09 6.916715145111083984e+00 -2.301324844360351918e+01 3.237609863281250000e-01 0.000000000000000000e+00 0.000000000000000000e+00 0.000000000000000000e+00 1.000000000000000000e+00
1.716363875066709280e+09 6.916610717773437500e+00 -2.301328086853027699e+01 3.237867951393126886e-01 0.000000000000000000e+00 0.000000000000000000e+00 0.000000000000000000e+00 1.000000000000000000e+00
1.716363875116751194e+09 6.916841506958007812e+00 -2.301426506042480469e+01 3.239253759384155273e-01 0.000000000000000000e+00 0.000000000000000000e+00 0.000000000000000000e+00 1.000000000000000000e+00
1.716363875167796135e+09 6.917005062103272373e+00 -2.301421165466308949e+01 3.238544762134552002e-01 0.000000000000000000e+00 0.000000000000000000e+00 0.000000000000000000e+00 1.000000000000000000e+00
1.716363875217242718e+09 6.917012691497802734e+00 -2.301421737670898438e+01 3.240189850330352783e-01 0.000000000000000000e+00 0.000000000000000000e+00 0.000000000000000000e+00 1.000000000000000000e+00
1.716363875267400503e+09 6.916676044464111328e+00 -2.301327323913574574e+01 3.239971101284027100e-01 0.000000000000000000e+00 0.000000000000000000e+00 0.000000000000000000e+00 1.000000000000000000e+00
1.716363875318953991e+09 6.916014671325683594e+00 -2.301241874694823863e+01 3.238581418991088867e-01 0.000000000000000000e+00 0.000000000000000000e+00 0.000000000000000000e+00 1.000000000000000000e+00
1.716363875418120146e+09 6.916937351226806641e+00 -2.301319694519042969e+01 3.240558207035064142e-01 0.000000000000000000e+00 0.000000000000000000e+00 0.000000000000000000e+00 1.000000000000000000e+00
1.716363875519219398e+09 6.916596889495849609e+00 -2.301433944702148438e+01 3.239335715770720880e-01 0.000000000000000000e+00 0.000000000000000000e+00 0.000000000000000000e+00 1.000000000000000000e+00
1.716363875569277763e+09 6.915741443634033203e+00 -2.301354789733886719e+01 3.238947391510009766e-01 0.000000000000000000e+00 0.000000000000000000e+00 0.000000000000000000e+00 1.000000000000000000e+00
1.716363875619158983e+09 6.917047977447509766e+00 -2.301315116882323863e+01 3.238089084625244141e-01 0.000000000000000000e+00 0.000000000000000000e+00 0.000000000000000000e+00 1.000000000000000000e+00
1.716363875669512272e+09 6.917103767395020419e+00 -2.301313591003417969e+01 3.238528668880462091e-01 0.000000000000000000e+00 0.000000000000000000e+00 0.000000000000000000e+00 1.000000000000000000e+00
1.716363875719598532e+09 6.916497230529785156e+00 -2.301331710815429688e+01 3.237986564636229914e-01 0.000000000000000000e+00 0.000000000000000000e+00 0.000000000000000000e+00 1.000000000000000000e+00
1.716363875770135880e+09 6.916616439819335938e+00 -2.301432418823242543e+01 3.237466812133789062e-01 0.000000000000000000e+00 0.000000000000000000e+00 0.000000000000000000e+00 1.000000000000000000e+00
1.716363875820210457e+09 6.916835784912109375e+00 -2.301427650451660156e+01 3.241284787654876154e-01 0.000000000000000000e+00 0.000000000000000000e+00 0.000000000000000000e+00 1.000000000000000000e+00
1.716363875871237278e+09 6.917388439178466797e+00 -2.301410865783691762e+01 3.240914940834044855e-01 0.000000000000000000e+00 0.000000000000000000e+00 0.000000000000000000e+00 1.000000000000000000e+00
1.716363875920614958e+09 6.916838169097900391e+00 -2.301427459716796875e+01 3.241096436977385919e-01 0.000000000000000000e+00 0.000000000000000000e+00 0.000000000000000000e+00 1.000000000000000000e+00
1.716363875971189022e+09 6.916208267211914062e+00 -2.301341438293457031e+01 3.240228891372680109e-01 0.000000000000000000e+00 0.000000000000000000e+00 0.000000000000000000e+00 1.000000000000000000e+00
1.716363876071195126e+09 6.916614532470703125e+00 -2.301329612731933594e+01 3.240870237350463867e-01 0.000000000000000000e+00 0.000000000000000000e+00 0.000000000000000000e+00 1.000000000000000000e+00
1.716363876121541262e+09 6.917317867279052734e+00 -2.301412963867187500e+01 3.240784406661986750e-01 0.000000000000000000e+00 0.000000000000000000e+00 0.000000000000000000e+00 1.000000000000000000e+00
1.716363876171810150e+09 6.917006015777587891e+00 -2.301526641845703125e+01 3.240449130535125732e-01 0.000000000000000000e+00 0.000000000000000000e+00 0.000000000000000000e+00 1.000000000000000000e+00
1.716363876223908663e+09 6.916743278503417969e+00 -2.301430702209472656e+01 3.241679668426513117e-01 0.000000000000000000e+00 0.000000000000000000e+00 0.000000000000000000e+00 1.000000000000000000e+00
1.716363876272825718e+09 6.917077064514160156e+00 -2.301419639587402344e+01 3.239797949790954035e-01 0.000000000000000000e+00 0.000000000000000000e+00 0.000000000000000000e+00 1.000000000000000000e+00
1.716363876322465897e+09 6.916826725006104404e+00 -2.301322746276855469e+01 3.240182995796203058e-01 0.000000000000000000e+00 0.000000000000000000e+00 0.000000000000000000e+00 1.000000000000000000e+00
1.716363876372772455e+09 6.917014598846436435e+00 -2.301421737670898438e+01 3.240006864070891779e-01 0.000000000000000000e+00 0.000000000000000000e+00 0.000000000000000000e+00 1.000000000000000000e+00
1.716363876423085451e+09 6.917024135589599609e+00 -2.301422309875488281e+01 3.241875171661376953e-01 0.000000000000000000e+00 0.000000000000000000e+00 0.000000000000000000e+00 1.000000000000000000e+00
1.716363876473009348e+09 6.917116165161132812e+00 -2.301419258117676137e+01 3.241243064403533936e-01 0.000000000000000000e+00 0.000000000000000000e+00 0.000000000000000000e+00 1.000000000000000000e+00
1.716363876574439287e+09 6.917116165161132812e+00 -2.301419067382812500e+01 3.240992426872252863e-01 0.000000000000000000e+00 0.000000000000000000e+00 0.000000000000000000e+00 1.000000000000000000e+00
1.716363876624152899e+09 6.916945457458496094e+00 -2.301426124572753906e+01 3.244686722755432129e-01 0.000000000000000000e+00 0.000000000000000000e+00 0.000000000000000000e+00 1.000000000000000000e+00
1.716363876674091816e+09 6.917151927947998047e+00 -2.301418495178222656e+01 3.241967856884002130e-01 0.000000000000000000e+00 0.000000000000000000e+00 0.000000000000000000e+00 1.000000000000000000e+00
1.716363876774789095e+09 6.917074203491210938e+00 -2.301421737670898438e+01 3.243696093559265137e-01 0.000000000000000000e+00 0.000000000000000000e+00 0.000000000000000000e+00 1.000000000000000000e+00
1.716363876875215054e+09 6.917679786682128906e+00 -2.301507759094238281e+01 3.243242502212523859e-01 0.000000000000000000e+00 0.000000000000000000e+00 0.000000000000000000e+00 1.000000000000000000e+00
1.716363876925568581e+09 6.917958736419677734e+00 -2.301499176025390270e+01 3.242802917957305908e-01 0.000000000000000000e+00 0.000000000000000000e+00 0.000000000000000000e+00 1.000000000000000000e+00
1.716363876975283861e+09 6.917963027954101562e+00 -2.301500511169433594e+01 3.245555460453032892e-01 0.000000000000000000e+00 0.000000000000000000e+00 0.000000000000000000e+00 1.000000000000000000e+00
1.716363877025668621e+09 6.918616771697998047e+00 -2.301586723327636719e+01 3.248248696327208918e-01 0.000000000000000000e+00 0.000000000000000000e+00 0.000000000000000000e+00 1.000000000000000000e+00
1.716363877075765848e+09 6.921589374542236328e+00 -2.302026176452636719e+01 3.260439634323120117e-01 0.000000000000000000e+00 0.000000000000000000e+00 0.000000000000000000e+00 1.000000000000000000e+00
1.716363877176676273e+09 6.920558452606201172e+00 -2.301745223999023438e+01 3.263739943504332941e-01 0.000000000000000000e+00 0.000000000000000000e+00 0.000000000000000000e+00 1.000000000000000000e+00
1.716363877226338387e+09 6.919353485107421875e+00 -2.301357841491699219e+01 3.252766132354735773e-01 0.000000000000000000e+00 0.000000000000000000e+00 0.000000000000000000e+00 1.000000000000000000e+00
1.716363877327019215e+09 6.916374206542968750e+00 -2.300406837463378906e+01 3.262546956539154053e-01 0.000000000000000000e+00 0.000000000000000000e+00 0.000000000000000000e+00 1.000000000000000000e+00
1.716363877377538919e+09 6.915462493896484375e+00 -2.300225830078125000e+01 3.263788521289824884e-01 0.000000000000000000e+00 0.000000000000000000e+00 0.000000000000000000e+00 1.000000000000000000e+00
1.716363877427363396e+09 6.915235042572021484e+00 -2.300025749206542969e+01 3.268217742443084162e-01 0.000000000000000000e+00 0.000000000000000000e+00 0.000000000000000000e+00 1.000000000000000000e+00
1.716363877477285385e+09 6.915782928466796875e+00 -2.299907302856445312e+01 3.273257017135620117e-01 0.000000000000000000e+00 0.000000000000000000e+00 0.000000000000000000e+00 1.000000000000000000e+00
1.716363877527524233e+09 6.915345668792724609e+00 -2.299816322326660156e+01 3.274403810501098078e-01 0.000000000000000000e+00 0.000000000000000000e+00 0.000000000000000000e+00 1.000000000000000000e+00
1.716363877628378391e+09 6.916687011718750000e+00 -2.300294876098632812e+01 3.266461789608001154e-01 0.000000000000000000e+00 0.000000000000000000e+00 0.000000000000000000e+00 1.000000000000000000e+00
1.716363877678432941e+09 6.918558597564697266e+00 -2.300450897216796875e+01 3.272836804389953058e-01 0.000000000000000000e+00 0.000000000000000000e+00 0.000000000000000000e+00 1.000000000000000000e+00
1.716363877728637457e+09 6.920503616333007812e+00 -2.300497055053710938e+01 3.273237049579619806e-01 0.000000000000000000e+00 0.000000000000000000e+00 0.000000000000000000e+00 1.000000000000000000e+00
1.716363877778934002e+09 6.921947479248046875e+00 -2.300558090209960938e+01 3.273161053657531738e-01 0.000000000000000000e+00 0.000000000000000000e+00 0.000000000000000000e+00 1.000000000000000000e+00
1.716363877829029799e+09 6.924188613891601562e+00 -2.300493621826171875e+01 3.279148042201995850e-01 0.000000000000000000e+00 0.000000000000000000e+00 0.000000000000000000e+00 1.000000000000000000e+00
1.716363877879309893e+09 6.926235198974609375e+00 -2.300436210632323863e+01 3.287327289581298828e-01 0.000000000000000000e+00 0.000000000000000000e+00 0.000000000000000000e+00 1.000000000000000000e+00
1.716363877929434061e+09 6.932485580444335938e+00 -2.300055694580078125e+01 3.321134448051452082e-01 0.000000000000000000e+00 0.000000000000000000e+00 0.000000000000000000e+00 1.000000000000000000e+00
1.716363878029700518e+09 6.935245037078857422e+00 -2.299774932861328125e+01 3.344552516937255859e-01 0.000000000000000000e+00 0.000000000000000000e+00 0.000000000000000000e+00 1.000000000000000000e+00
1.716363878080093384e+09 6.939565181732177734e+00 -2.299656105041503906e+01 3.367493450641632080e-01 0.000000000000000000e+00 0.000000000000000000e+00 0.000000000000000000e+00 1.000000000000000000e+00
1.716363878130351067e+09 6.944848537445068359e+00 -2.299296379089355469e+01 3.385623395442962091e-01 0.000000000000000000e+00 0.000000000000000000e+00 0.000000000000000000e+00 1.000000000000000000e+00
1.716363878180974245e+09 6.958173751831054688e+00 -2.298297119140625000e+01 3.448356389999389093e-01 0.000000000000000000e+00 0.000000000000000000e+00 0.000000000000000000e+00 1.000000000000000000e+00
1.716363878281278133e+09 6.964056968688964844e+00 -2.297514533996582031e+01 3.495752215385437012e-01 0.000000000000000000e+00 0.000000000000000000e+00 0.000000000000000000e+00 1.000000000000000000e+00
1.716363878331330299e+09 6.969581127166748047e+00 -2.296962356567382812e+01 3.564544916152954102e-01 0.000000000000000000e+00 0.000000000000000000e+00 0.000000000000000000e+00 1.000000000000000000e+00
1.716363878381673098e+09 6.974970340728759766e+00 -2.296526336669921875e+01 3.649624288082122803e-01 0.000000000000000000e+00 0.000000000000000000e+00 0.000000000000000000e+00 1.000000000000000000e+00
1.716363878431945324e+09 6.980945110321044922e+00 -2.296183013916015980e+01 3.748012483119964044e-01 0.000000000000000000e+00 0.000000000000000000e+00 0.000000000000000000e+00 1.000000000000000000e+00
1.716363878532178640e+09 6.995902538299560547e+00 -2.295218467712402344e+01 3.996898829936981201e-01 0.000000000000000000e+00 0.000000000000000000e+00 0.000000000000000000e+00 1.000000000000000000e+00
1.716363878583167315e+09 7.004503250122070312e+00 -2.294708824157714844e+01 4.139849841594696045e-01 0.000000000000000000e+00 0.000000000000000000e+00 0.000000000000000000e+00 1.000000000000000000e+00
1.716363878632579803e+09 7.012337684631347656e+00 -2.293811035156250000e+01 4.300365746021270752e-01 0.000000000000000000e+00 0.000000000000000000e+00 0.000000000000000000e+00 1.000000000000000000e+00
1.716363878683339834e+09 7.020895004272460938e+00 -2.293314743041991832e+01 4.475888609886168878e-01 0.000000000000000000e+00 0.000000000000000000e+00 0.000000000000000000e+00 1.000000000000000000e+00
1.716363878733157158e+09 7.028625488281250000e+00 -2.292836380004882812e+01 4.637808799743651789e-01 0.000000000000000000e+00 0.000000000000000000e+00 0.000000000000000000e+00 1.000000000000000000e+00
1.716363878785027981e+09 7.038516044616699219e+00 -2.292511558532714844e+01 4.827640056610106867e-01 0.000000000000000000e+00 0.000000000000000000e+00 0.000000000000000000e+00 1.000000000000000000e+00
1.716363878833709002e+09 7.047440528869628906e+00 -2.292216873168945312e+01 5.023454427719116211e-01 0.000000000000000000e+00 0.000000000000000000e+00 0.000000000000000000e+00 1.000000000000000000e+00
1.716363878887007475e+09 7.056583404541015625e+00 -2.292024230957031250e+01 5.233457684516906738e-01 0.000000000000000000e+00 0.000000000000000000e+00 0.000000000000000000e+00 1.000000000000000000e+00
1.716363878985348463e+09 7.065712928771972656e+00 -2.291832923889160156e+01 5.451125502586364746e-01 0.000000000000000000e+00 0.000000000000000000e+00 0.000000000000000000e+00 1.000000000000000000e+00
1.716363879034807444e+09 7.081911563873291016e+00 -2.291726875305176137e+01 5.914991497993469238e-01 0.000000000000000000e+00 0.000000000000000000e+00 0.000000000000000000e+00 1.000000000000000000e+00
1.716363879086148977e+09 7.089928627014160156e+00 -2.291781997680664062e+01 6.159954667091369629e-01 0.000000000000000000e+00 0.000000000000000000e+00 0.000000000000000000e+00 1.000000000000000000e+00
1.716363879185626984e+09 7.098878383636474609e+00 -2.292123794555664062e+01 6.415639519691467285e-01 0.000000000000000000e+00 0.000000000000000000e+00 0.000000000000000000e+00 1.000000000000000000e+00
1.716363879235105276e+09 7.115279197692871094e+00 -2.292536735534667969e+01 6.947094202041625977e-01 0.000000000000000000e+00 0.000000000000000000e+00 0.000000000000000000e+00 1.000000000000000000e+00
1.716363879285264492e+09 7.122943878173828125e+00 -2.292798614501953125e+01 7.186509370803833008e-01 0.000000000000000000e+00 0.000000000000000000e+00 0.000000000000000000e+00 1.000000000000000000e+00
1.716363879385581255e+09 7.132594585418701172e+00 -2.293527412414550781e+01 7.449690103530883789e-01 0.000000000000000000e+00 0.000000000000000000e+00 0.000000000000000000e+00 1.000000000000000000e+00
1.716363879435556412e+09 7.156227588653564453e+00 -2.294780731201171875e+01 8.130318522453308105e-01 0.000000000000000000e+00 0.000000000000000000e+00 0.000000000000000000e+00 1.000000000000000000e+00
1.716363879586013079e+09 7.165908813476562500e+00 -2.295902252197265625e+01 8.344663977622985840e-01 0.000000000000000000e+00 0.000000000000000000e+00 0.000000000000000000e+00 1.000000000000000000e+00
1.716363879636207581e+09 7.190537452697753906e+00 -2.297591781616210938e+01 8.916715383529663086e-01 0.000000000000000000e+00 0.000000000000000000e+00 0.000000000000000000e+00 1.000000000000000000e+00
1.716363879736406803e+09 7.198276996612548828e+00 -2.298231315612792969e+01 9.088446497917176403e-01 0.000000000000000000e+00 0.000000000000000000e+00 0.000000000000000000e+00 1.000000000000000000e+00
1.716363879786810637e+09 7.208940982818603516e+00 -2.299930000305176137e+01 9.256454706192015491e-01 0.000000000000000000e+00 0.000000000000000000e+00 0.000000000000000000e+00 1.000000000000000000e+00
1.716363879836788177e+09 7.216776847839355469e+00 -2.300768089294433594e+01 9.405686259269714355e-01 0.000000000000000000e+00 0.000000000000000000e+00 0.000000000000000000e+00 1.000000000000000000e+00
1.716363879887166023e+09 7.224711894989013672e+00 -2.301704978942871094e+01 9.547014236450196423e-01 0.000000000000000000e+00 0.000000000000000000e+00 0.000000000000000000e+00 1.000000000000000000e+00
1.716363879937184334e+09 7.235329151153564453e+00 -2.303602027893066406e+01 9.675080180168151855e-01 0.000000000000000000e+00 0.000000000000000000e+00 0.000000000000000000e+00 1.000000000000000000e+00
1.716363879987410069e+09 7.243482112884521484e+00 -2.304630661010742543e+01 9.796310067176819958e-01 0.000000000000000000e+00 0.000000000000000000e+00 0.000000000000000000e+00 1.000000000000000000e+00
1.716363880037639856e+09 7.251055717468261719e+00 -2.305674362182616832e+01 9.906588792800904431e-01 0.000000000000000000e+00 0.000000000000000000e+00 0.000000000000000000e+00 1.000000000000000000e+00
1.716363880087731361e+09 7.258246421813964844e+00 -2.306832504272460938e+01 1.000811696052551270e+00 0.000000000000000000e+00 0.000000000000000000e+00 0.000000000000000000e+00 1.000000000000000000e+00
1.716363880137992382e+09 7.265745639801025391e+00 -2.308082199096680043e+01 1.009443640708923118e+00 0.000000000000000000e+00 0.000000000000000000e+00 0.000000000000000000e+00 1.000000000000000000e+00
1.716363880188061237e+09 7.278110027313232422e+00 -2.310750007629394531e+01 1.017467975616455078e+00 0.000000000000000000e+00 0.000000000000000000e+00 0.000000000000000000e+00 1.000000000000000000e+00
1.716363880238435745e+09 7.285606384277343750e+00 -2.312205886840820312e+01 1.024653077125549094e+00 0.000000000000000000e+00 0.000000000000000000e+00 0.000000000000000000e+00 1.000000000000000000e+00
1.716363880288604259e+09 7.293479442596435547e+00 -2.313647651672363637e+01 1.030780553817749023e+00 0.000000000000000000e+00 0.000000000000000000e+00 0.000000000000000000e+00 1.000000000000000000e+00
1.716363880339102268e+09 7.301311969757080078e+00 -2.315194702148437145e+01 1.036606431007385254e+00 0.000000000000000000e+00 0.000000000000000000e+00 0.000000000000000000e+00 1.000000000000000000e+00
1.716363880388894320e+09 7.314767837524414062e+00 -2.318659400939941051e+01 1.041175246238708496e+00 0.000000000000000000e+00 0.000000000000000000e+00 0.000000000000000000e+00 1.000000000000000000e+00
1.716363880439159870e+09 7.322999477386474609e+00 -2.320610809326171875e+01 1.045847773551940918e+00 0.000000000000000000e+00 0.000000000000000000e+00 0.000000000000000000e+00 1.000000000000000000e+00
1.716363880489313602e+09 7.331323623657226562e+00 -2.322557830810546875e+01 1.049767374992370605e+00 0.000000000000000000e+00 0.000000000000000000e+00 0.000000000000000000e+00 1.000000000000000000e+00
1.716363880539491415e+09 7.340791702270507812e+00 -2.324887275695800781e+01 1.053178787231445090e+00 0.000000000000000000e+00 0.000000000000000000e+00 0.000000000000000000e+00 1.000000000000000000e+00
1.716363880589694977e+09 7.349782943725585938e+00 -2.327125358581542969e+01 1.055819034576416016e+00 0.000000000000000000e+00 0.000000000000000000e+00 0.000000000000000000e+00 1.000000000000000000e+00
1.716363880639833927e+09 7.366571426391601562e+00 -2.332052230834960938e+01 1.057486653327941895e+00 0.000000000000000000e+00 0.000000000000000000e+00 0.000000000000000000e+00 1.000000000000000000e+00
1.716363880690626860e+09 7.386279582977294922e+00 -2.337516403198242543e+01 1.059384703636169434e+00 0.000000000000000000e+00 0.000000000000000000e+00 0.000000000000000000e+00 1.000000000000000000e+00
1.716363880790939569e+09 7.395925998687744141e+00 -2.340254402160644531e+01 1.059891581535339355e+00 0.000000000000000000e+00 0.000000000000000000e+00 0.000000000000000000e+00 1.000000000000000000e+00
1.716363880841227531e+09 7.415214061737058771e+00 -2.346040534973144531e+01 1.058489799499511497e+00 0.000000000000000000e+00 0.000000000000000000e+00 0.000000000000000000e+00 1.000000000000000000e+00
1.716363880891460419e+09 7.436028957366943359e+00 -2.352508926391601562e+01 1.054934144020080566e+00 0.000000000000000000e+00 0.000000000000000000e+00 0.000000000000000000e+00 1.000000000000000000e+00
1.716363880991862774e+09 7.446584701538085938e+00 -2.356050872802734375e+01 1.051977634429931641e+00 0.000000000000000000e+00 0.000000000000000000e+00 0.000000000000000000e+00 1.000000000000000000e+00
1.716363881041765928e+09 7.469599723815917969e+00 -2.363603401184082031e+01 1.048409581184387207e+00 0.000000000000000000e+00 0.000000000000000000e+00 0.000000000000000000e+00 1.000000000000000000e+00
1.716363881092073202e+09 7.492951393127441406e+00 -2.371775245666503906e+01 1.045128345489501953e+00 0.000000000000000000e+00 0.000000000000000000e+00 0.000000000000000000e+00 1.000000000000000000e+00
1.716363881142292738e+09 7.504504680633544922e+00 -2.375815010070800781e+01 1.044929504394531250e+00 0.000000000000000000e+00 0.000000000000000000e+00 0.000000000000000000e+00 1.000000000000000000e+00
1.716363881242690563e+09 7.530706882476806641e+00 -2.384532165527344105e+01 1.044974923133850098e+00 0.000000000000000000e+00 0.000000000000000000e+00 0.000000000000000000e+00 1.000000000000000000e+00
1.716363881292812109e+09 7.544137954711914062e+00 -2.389145660400390270e+01 1.046759009361267090e+00 0.000000000000000000e+00 0.000000000000000000e+00 0.000000000000000000e+00 1.000000000000000000e+00
1.716363881343766451e+09 7.558269500732421875e+00 -2.393737411499023438e+01 1.048804879188537598e+00 0.000000000000000000e+00 0.000000000000000000e+00 0.000000000000000000e+00 1.000000000000000000e+00
1.716363881393843174e+09 7.585708618164062500e+00 -2.403472709655761719e+01 1.053555965423583984e+00 0.000000000000000000e+00 0.000000000000000000e+00 0.000000000000000000e+00 1.000000000000000000e+00
1.716363881493629217e+09 7.617696762084960938e+00 -2.414107704162597656e+01 1.055481791496276855e+00 0.000000000000000000e+00 0.000000000000000000e+00 0.000000000000000000e+00 1.000000000000000000e+00
1.716363881543817043e+09 7.633059501647949219e+00 -2.419292259216308949e+01 1.058893442153930886e+00 0.000000000000000000e+00 0.000000000000000000e+00 0.000000000000000000e+00 1.000000000000000000e+00
1.716363881594088554e+09 7.666814327239990234e+00 -2.429987144470214844e+01 1.067084908485412598e+00 0.000000000000000000e+00 0.000000000000000000e+00 0.000000000000000000e+00 1.000000000000000000e+00
1.716363881644202471e+09 7.683138847351074219e+00 -2.435457992553710938e+01 1.071900606155395508e+00 0.000000000000000000e+00 0.000000000000000000e+00 0.000000000000000000e+00 1.000000000000000000e+00
1.716363881794869423e+09 7.717830657958984375e+00 -2.447059631347655895e+01 1.075861811637878418e+00 0.000000000000000000e+00 0.000000000000000000e+00 0.000000000000000000e+00 1.000000000000000000e+00
1.716363881845169067e+09 7.752498626708984375e+00 -2.459301948547363637e+01 1.086633443832397683e+00 0.000000000000000000e+00 0.000000000000000000e+00 0.000000000000000000e+00 1.000000000000000000e+00
1.716363881895314217e+09 7.771617412567138672e+00 -2.465104675292968750e+01 1.092156291007995605e+00 0.000000000000000000e+00 0.000000000000000000e+00 0.000000000000000000e+00 1.000000000000000000e+00
1.716363881945419073e+09 7.833377838134765625e+00 -2.483203506469726562e+01 1.103194117546081543e+00 0.000000000000000000e+00 0.000000000000000000e+00 0.000000000000000000e+00 1.000000000000000000e+00
1.716363881996000290e+09 7.855463504791259766e+00 -2.489436721801757457e+01 1.108947038650512695e+00 0.000000000000000000e+00 0.000000000000000000e+00 0.000000000000000000e+00 1.000000000000000000e+00
1.716363882045962095e+09 7.877372264862060547e+00 -2.495570755004882812e+01 1.114876031875610352e+00 0.000000000000000000e+00 0.000000000000000000e+00 0.000000000000000000e+00 1.000000000000000000e+00
1.716363882146385908e+09 7.946399688720703125e+00 -2.514486312866210938e+01 1.125380754470825195e+00 0.000000000000000000e+00 0.000000000000000000e+00 0.000000000000000000e+00 1.000000000000000000e+00
1.716363882196563959e+09 7.972969532012939453e+00 -2.520679664611816406e+01 1.129558324813842773e+00 0.000000000000000000e+00 0.000000000000000000e+00 0.000000000000000000e+00 1.000000000000000000e+00
1.716363882296971321e+09 8.032245635986328125e+00 -2.533392524719238281e+01 1.135718464851379395e+00 0.000000000000000000e+00 0.000000000000000000e+00 0.000000000000000000e+00 1.000000000000000000e+00
1.716363882397282124e+09 8.085070610046386719e+00 -2.546512603759765625e+01 1.137303113937377930e+00 0.000000000000000000e+00 0.000000000000000000e+00 0.000000000000000000e+00 1.000000000000000000e+00
1.716363882447592497e+09 8.150856018066406250e+00 -2.559324264526367188e+01 1.138526439666748047e+00 0.000000000000000000e+00 0.000000000000000000e+00 0.000000000000000000e+00 1.000000000000000000e+00
1.716363882548170090e+09 8.207704544067382812e+00 -2.572730636596680043e+01 1.137420654296875000e+00 0.000000000000000000e+00 0.000000000000000000e+00 0.000000000000000000e+00 1.000000000000000000e+00
1.716363882598244190e+09 8.242667198181152344e+00 -2.579275321960448863e+01 1.135417819023132324e+00 0.000000000000000000e+00 0.000000000000000000e+00 0.000000000000000000e+00 1.000000000000000000e+00
1.716363882648592472e+09 8.313147544860839844e+00 -2.592449378967285156e+01 1.131052970886230469e+00 0.000000000000000000e+00 0.000000000000000000e+00 0.000000000000000000e+00 1.000000000000000000e+00
1.716363882698539734e+09 8.351675033569335938e+00 -2.599085235595703125e+01 1.127373933792114480e+00 0.000000000000000000e+00 0.000000000000000000e+00 0.000000000000000000e+00 1.000000000000000000e+00
1.716363882798875570e+09 8.454454421997070312e+00 -2.619192886352539062e+01 1.118427395820617676e+00 0.000000000000000000e+00 0.000000000000000000e+00 0.000000000000000000e+00 1.000000000000000000e+00
1.716363882848978519e+09 8.494517326354980469e+00 -2.625459098815917969e+01 1.113878965377807617e+00 0.000000000000000000e+00 0.000000000000000000e+00 0.000000000000000000e+00 1.000000000000000000e+00
1.716363882899333954e+09 8.537438392639160156e+00 -2.632578659057616832e+01 1.110078692436218484e+00 0.000000000000000000e+00 0.000000000000000000e+00 0.000000000000000000e+00 1.000000000000000000e+00
1.716363882999927044e+09 8.601191520690917969e+00 -2.645536994934082031e+01 1.104532957077026367e+00 0.000000000000000000e+00 0.000000000000000000e+00 0.000000000000000000e+00 1.000000000000000000e+00
1.716363883049815178e+09 8.685805320739746094e+00 -2.659281730651855469e+01 1.096127986907958984e+00 0.000000000000000000e+00 0.000000000000000000e+00 0.000000000000000000e+00 1.000000000000000000e+00
1.716363883100808859e+09 8.727720260620117188e+00 -2.666112518310546875e+01 1.092044234275818093e+00 0.000000000000000000e+00 0.000000000000000000e+00 0.000000000000000000e+00 1.000000000000000000e+00
1.716363883150159836e+09 8.768424987792968750e+00 -2.673088073730468750e+01 1.088852882385253906e+00 0.000000000000000000e+00 0.000000000000000000e+00 0.000000000000000000e+00 1.000000000000000000e+00
1.716363883200377941e+09 8.809567451477050781e+00 -2.680257415771484375e+01 1.084684848785400391e+00 0.000000000000000000e+00 0.000000000000000000e+00 0.000000000000000000e+00 1.000000000000000000e+00
1.716363883300692558e+09 8.872989654541015625e+00 -2.694165611267089844e+01 1.079127311706542969e+00 0.000000000000000000e+00 0.000000000000000000e+00 0.000000000000000000e+00 1.000000000000000000e+00
1.716363883351013422e+09 8.954835891723632812e+00 -2.708513450622558238e+01 1.070905089378356934e+00 0.000000000000000000e+00 0.000000000000000000e+00 0.000000000000000000e+00 1.000000000000000000e+00
1.716363883400952816e+09 8.993980407714843750e+00 -2.715640068054199219e+01 1.067270517349243164e+00 0.000000000000000000e+00 0.000000000000000000e+00 0.000000000000000000e+00 1.000000000000000000e+00
1.716363883551767588e+09 9.137756347656250000e+00 -2.745203399658203125e+01 1.056404590606689675e+00 0.000000000000000000e+00 0.000000000000000000e+00 0.000000000000000000e+00 1.000000000000000000e+00
1.716363883602178574e+09 9.176063537597656250e+00 -2.752674484252929688e+01 1.055001258850097656e+00 0.000000000000000000e+00 0.000000000000000000e+00 0.000000000000000000e+00 1.000000000000000000e+00
1.716363883702767849e+09 9.277029991149902344e+00 -2.775239562988280895e+01 1.053930640220642090e+00 0.000000000000000000e+00 0.000000000000000000e+00 0.000000000000000000e+00 1.000000000000000000e+00
1.716363883752871752e+09 9.316514015197753906e+00 -2.783411407470703125e+01 1.054795622825622559e+00 0.000000000000000000e+00 0.000000000000000000e+00 0.000000000000000000e+00 1.000000000000000000e+00
1.716363883802978277e+09 9.353864669799804688e+00 -2.791233634948730469e+01 1.056704163551330566e+00 0.000000000000000000e+00 0.000000000000000000e+00 0.000000000000000000e+00 1.000000000000000000e+00
1.716363883853611231e+09 9.390943527221679688e+00 -2.798855400085448863e+01 1.059635519981384499e+00 0.000000000000000000e+00 0.000000000000000000e+00 0.000000000000000000e+00 1.000000000000000000e+00
1.716363883903766155e+09 9.455239295959472656e+00 -2.814846229553222656e+01 1.062405586242675781e+00 0.000000000000000000e+00 0.000000000000000000e+00 0.000000000000000000e+00 1.000000000000000000e+00
1.716363883954288483e+09 9.493102073669433594e+00 -2.822653579711914062e+01 1.066712379455566406e+00 0.000000000000000000e+00 0.000000000000000000e+00 0.000000000000000000e+00 1.000000000000000000e+00
1.716363884003964424e+09 9.532705307006835938e+00 -2.830717086791991832e+01 1.070086002349853516e+00 0.000000000000000000e+00 0.000000000000000000e+00 0.000000000000000000e+00 1.000000000000000000e+00
1.716363884104822636e+09 9.601110458374023438e+00 -2.846883010864257457e+01 1.071735024452209695e+00 0.000000000000000000e+00 0.000000000000000000e+00 0.000000000000000000e+00 1.000000000000000000e+00
1.716363884154505253e+09 9.680763244628906250e+00 -2.862891387939453125e+01 1.082115173339843750e+00 0.000000000000000000e+00 0.000000000000000000e+00 0.000000000000000000e+00 1.000000000000000000e+00
1.716363884204939127e+09 9.718974113464355469e+00 -2.870579719543457031e+01 1.087270021438598633e+00 0.000000000000000000e+00 0.000000000000000000e+00 0.000000000000000000e+00 1.000000000000000000e+00
1.716363884255337477e+09 9.758739471435548651e+00 -2.878424835205078125e+01 1.091585516929626465e+00 0.000000000000000000e+00 0.000000000000000000e+00 0.000000000000000000e+00 1.000000000000000000e+00
1.716363884305211544e+09 9.798642158508300781e+00 -2.886264991760253906e+01 1.096136689186096191e+00 0.000000000000000000e+00 0.000000000000000000e+00 0.000000000000000000e+00 1.000000000000000000e+00
1.716363884355496168e+09 9.865643501281738281e+00 -2.901949882507323863e+01 1.100174188613891602e+00 0.000000000000000000e+00 0.000000000000000000e+00 0.000000000000000000e+00 1.000000000000000000e+00
1.716363884405826330e+09 9.906394958496093750e+00 -2.909761047363280895e+01 1.105752944946289062e+00 0.000000000000000000e+00 0.000000000000000000e+00 0.000000000000000000e+00 1.000000000000000000e+00
1.716363884456207514e+09 9.946262359619140625e+00 -2.917285156250000000e+01 1.111759424209594727e+00 0.000000000000000000e+00 0.000000000000000000e+00 0.000000000000000000e+00 1.000000000000000000e+00
1.716363884506314993e+09 9.985873222351074219e+00 -2.924924087524414062e+01 1.118654012680053711e+00 0.000000000000000000e+00 0.000000000000000000e+00 0.000000000000000000e+00 1.000000000000000000e+00
1.716363884556604147e+09 1.005536174774169922e+01 -2.940839385986328125e+01 1.123778343200683594e+00 0.000000000000000000e+00 0.000000000000000000e+00 0.000000000000000000e+00 1.000000000000000000e+00
1.716363884606931210e+09 1.009768867492675781e+01 -2.948383331298828125e+01 1.130473256111145020e+00 0.000000000000000000e+00 0.000000000000000000e+00 0.000000000000000000e+00 1.000000000000000000e+00
1.716363884657163858e+09 1.014184665679931641e+01 -2.956075286865234375e+01 1.137296915054321289e+00 0.000000000000000000e+00 0.000000000000000000e+00 0.000000000000000000e+00 1.000000000000000000e+00
1.716363884707390308e+09 1.018595790863037287e+01 -2.963451385498046875e+01 1.145140767097473145e+00 0.000000000000000000e+00 0.000000000000000000e+00 0.000000000000000000e+00 1.000000000000000000e+00
1.716363884757897139e+09 1.025675392150878729e+01 -2.978474044799804688e+01 1.152479171752929688e+00 0.000000000000000000e+00 0.000000000000000000e+00 0.000000000000000000e+00 1.000000000000000000e+00
1.716363884807837248e+09 1.030282783508300781e+01 -2.986098098754882812e+01 1.161049127578735352e+00 0.000000000000000000e+00 0.000000000000000000e+00 0.000000000000000000e+00 1.000000000000000000e+00
1.716363884858025789e+09 1.034669113159179688e+01 -2.993479537963867188e+01 1.169661402702331543e+00 0.000000000000000000e+00 0.000000000000000000e+00 0.000000000000000000e+00 1.000000000000000000e+00
1.716363884908556461e+09 1.039127826690673828e+01 -3.000729370117187500e+01 1.178723335266113281e+00 0.000000000000000000e+00 0.000000000000000000e+00 0.000000000000000000e+00 1.000000000000000000e+00
1.716363885008975029e+09 1.051033020019531250e+01 -3.023080253601074574e+01 1.197799921035766602e+00 0.000000000000000000e+00 0.000000000000000000e+00 0.000000000000000000e+00 1.000000000000000000e+00
1.716363885059107304e+09 1.055714607238769531e+01 -3.030355262756348012e+01 1.208447456359863281e+00 0.000000000000000000e+00 0.000000000000000000e+00 0.000000000000000000e+00 1.000000000000000000e+00
1.716363885109387159e+09 1.060406303405761541e+01 -3.037413406372070312e+01 1.219743967056274414e+00 0.000000000000000000e+00 0.000000000000000000e+00 0.000000000000000000e+00 1.000000000000000000e+00
1.716363885159668207e+09 1.065027141571044922e+01 -3.044176673889160156e+01 1.230764389038085938e+00 0.000000000000000000e+00 0.000000000000000000e+00 0.000000000000000000e+00 1.000000000000000000e+00
1.716363885209873199e+09 1.072250461578369141e+01 -3.058290481567382812e+01 1.240854024887084961e+00 0.000000000000000000e+00 0.000000000000000000e+00 0.000000000000000000e+00 1.000000000000000000e+00
1.716363885260097980e+09 1.076791095733642578e+01 -3.064652442932128906e+01 1.250007629394531250e+00 0.000000000000000000e+00 0.000000000000000000e+00 0.000000000000000000e+00 1.000000000000000000e+00
1.716363885310671091e+09 1.081701564788818359e+01 -3.071624946594238281e+01 1.259526014328002930e+00 0.000000000000000000e+00 0.000000000000000000e+00 0.000000000000000000e+00 1.000000000000000000e+00
1.716363885360496521e+09 1.086427497863769531e+01 -3.078129959106445312e+01 1.268753886222839355e+00 0.000000000000000000e+00 0.000000000000000000e+00 0.000000000000000000e+00 1.000000000000000000e+00
1.716363885461479425e+09 1.098145961761474609e+01 -3.098710823059082031e+01 1.284830927848815918e+00 0.000000000000000000e+00 0.000000000000000000e+00 0.000000000000000000e+00 1.000000000000000000e+00
1.716363885511415482e+09 1.102748298645019531e+01 -3.105464553833008168e+01 1.291275382041931152e+00 0.000000000000000000e+00 0.000000000000000000e+00 0.000000000000000000e+00 1.000000000000000000e+00
1.716363885561638117e+09 1.107244396209716797e+01 -3.112042045593261719e+01 1.297154426574707031e+00 0.000000000000000000e+00 0.000000000000000000e+00 0.000000000000000000e+00 1.000000000000000000e+00
1.716363885611939430e+09 1.111862850189208984e+01 -3.118573188781738281e+01 1.300572037696838379e+00 0.000000000000000000e+00 0.000000000000000000e+00 0.000000000000000000e+00 1.000000000000000000e+00
1.716363885662602425e+09 1.118972206115722834e+01 -3.132070541381835938e+01 1.303604841232299805e+00 0.000000000000000000e+00 0.000000000000000000e+00 0.000000000000000000e+00 1.000000000000000000e+00
1.716363885712081432e+09 1.123513698577880859e+01 -3.138413047790527699e+01 1.305770039558410645e+00 0.000000000000000000e+00 0.000000000000000000e+00 0.000000000000000000e+00 1.000000000000000000e+00
1.716363885762287378e+09 1.127856349945068359e+01 -3.144505500793457031e+01 1.306367874145507812e+00 0.000000000000000000e+00 0.000000000000000000e+00 0.000000000000000000e+00 1.000000000000000000e+00
1.716363885812531710e+09 1.132338619232177557e+01 -3.151077270507812500e+01 1.305679082870483398e+00 0.000000000000000000e+00 0.000000000000000000e+00 0.000000000000000000e+00 1.000000000000000000e+00
1.716363885862987041e+09 1.139192867279052734e+01 -3.164339065551757457e+01 1.303195595741271973e+00 0.000000000000000000e+00 0.000000000000000000e+00 0.000000000000000000e+00 1.000000000000000000e+00
1.716363885963362932e+09 1.147873497009277166e+01 -3.176831626892089844e+01 1.296579599380493164e+00 0.000000000000000000e+00 0.000000000000000000e+00 0.000000000000000000e+00 1.000000000000000000e+00
1.716363886013317585e+09 1.152254390716552734e+01 -3.183325767517089844e+01 1.291057348251342773e+00 0.000000000000000000e+00 0.000000000000000000e+00 0.000000000000000000e+00 1.000000000000000000e+00
1.716363886063497066e+09 1.159151077270507812e+01 -3.197309684753417969e+01 1.284898400306701660e+00 0.000000000000000000e+00 0.000000000000000000e+00 0.000000000000000000e+00 1.000000000000000000e+00
1.716363886113816738e+09 1.162984752655029119e+01 -3.203468322753906250e+01 1.279212474822998047e+00 0.000000000000000000e+00 0.000000000000000000e+00 0.000000000000000000e+00 1.000000000000000000e+00
1.716363886164210796e+09 1.168850898742675781e+01 -3.215058517456054688e+01 1.272985458374023438e+00 0.000000000000000000e+00 0.000000000000000000e+00 0.000000000000000000e+00 1.000000000000000000e+00
1.716363886214219332e+09 1.173440933227539062e+01 -3.222959136962890625e+01 1.262863516807556152e+00 0.000000000000000000e+00 0.000000000000000000e+00 0.000000000000000000e+00 1.000000000000000000e+00
1.716363886264596224e+09 1.177519702911376953e+01 -3.229448318481445312e+01 1.252567291259765625e+00 0.000000000000000000e+00 0.000000000000000000e+00 0.000000000000000000e+00 1.000000000000000000e+00
1.716363886314753771e+09 1.181343650817871271e+01 -3.235283660888671875e+01 1.241492390632629395e+00 0.000000000000000000e+00 0.000000000000000000e+00 0.000000000000000000e+00 1.000000000000000000e+00
1.716363886415041685e+09 1.188944816589355646e+01 -3.247500991821289062e+01 1.219656825065612793e+00 0.000000000000000000e+00 0.000000000000000000e+00 0.000000000000000000e+00 1.000000000000000000e+00
1.716363886515558720e+09 1.199153423309326172e+01 -3.268131256103516336e+01 1.197061896324157493e+00 0.000000000000000000e+00 0.000000000000000000e+00 0.000000000000000000e+00 1.000000000000000000e+00
1.716363886616015196e+09 1.209758281707763672e+01 -3.289786529541016336e+01 1.176978945732116699e+00 0.000000000000000000e+00 0.000000000000000000e+00 0.000000000000000000e+00 1.000000000000000000e+00
1.716363886666438103e+09 1.213496780395507812e+01 -3.296394348144531250e+01 1.167810678482055664e+00 0.000000000000000000e+00 0.000000000000000000e+00 0.000000000000000000e+00 1.000000000000000000e+00
1.716363886716622591e+09 1.217257404327392578e+01 -3.303100585937500000e+01 1.159444808959960938e+00 0.000000000000000000e+00 0.000000000000000000e+00 0.000000000000000000e+00 1.000000000000000000e+00
1.716363886817207575e+09 1.225009918212890625e+01 -3.317494583129882812e+01 1.145415902137756348e+00 0.000000000000000000e+00 0.000000000000000000e+00 0.000000000000000000e+00 1.000000000000000000e+00
1.716363886875813484e+09 1.231662368774414062e+01 -3.332300567626953125e+01 1.137976050376892090e+00 0.000000000000000000e+00 0.000000000000000000e+00 0.000000000000000000e+00 1.000000000000000000e+00
1.716363886917613268e+09 1.235522842407226562e+01 -3.339503097534179688e+01 1.131959676742553711e+00 0.000000000000000000e+00 0.000000000000000000e+00 0.000000000000000000e+00 1.000000000000000000e+00
1.716363887017463207e+09 1.242975902557373047e+01 -3.353262329101562500e+01 1.122149944305419922e+00 0.000000000000000000e+00 0.000000000000000000e+00 0.000000000000000000e+00 1.000000000000000000e+00
1.716363887067491770e+09 1.246435451507568359e+01 -3.359656524658203125e+01 1.119789600372314453e+00 0.000000000000000000e+00 0.000000000000000000e+00 0.000000000000000000e+00 1.000000000000000000e+00
1.716363887168679714e+09 1.252990150451660156e+01 -3.374287033081054688e+01 1.116220831871032715e+00 0.000000000000000000e+00 0.000000000000000000e+00 0.000000000000000000e+00 1.000000000000000000e+00
1.716363887218323946e+09 1.260469341278076172e+01 -3.388361358642578125e+01 1.113618254661560059e+00 0.000000000000000000e+00 0.000000000000000000e+00 0.000000000000000000e+00 1.000000000000000000e+00
1.716363887268849850e+09 1.263990211486816406e+01 -3.394947052001953125e+01 1.113361477851867676e+00 0.000000000000000000e+00 0.000000000000000000e+00 0.000000000000000000e+00 1.000000000000000000e+00
1.716363887318709135e+09 1.267525577545166016e+01 -3.401419830322265625e+01 1.112825632095336914e+00 0.000000000000000000e+00 0.000000000000000000e+00 0.000000000000000000e+00 1.000000000000000000e+00
1.716363887369617462e+09 1.273616313934326172e+01 -3.414731216430664062e+01 1.112302660942077637e+00 0.000000000000000000e+00 0.000000000000000000e+00 0.000000000000000000e+00 1.000000000000000000e+00
1.716363887418804407e+09 1.277128696441650391e+01 -3.421212768554687500e+01 1.112530589103698730e+00 0.000000000000000000e+00 0.000000000000000000e+00 0.000000000000000000e+00 1.000000000000000000e+00
1.716363887469669342e+09 1.280620574951172053e+01 -3.427595520019531250e+01 1.113209247589111106e+00 0.000000000000000000e+00 0.000000000000000000e+00 0.000000000000000000e+00 1.000000000000000000e+00
1.716363887519229174e+09 1.284039688110351562e+01 -3.433683395385742188e+01 1.112423419952392578e+00 0.000000000000000000e+00 0.000000000000000000e+00 0.000000000000000000e+00 1.000000000000000000e+00
1.716363887620115519e+09 1.289833641052245916e+01 -3.445928192138671875e+01 1.110643982887268066e+00 0.000000000000000000e+00 0.000000000000000000e+00 0.000000000000000000e+00 1.000000000000000000e+00
1.716363887670000315e+09 1.293178462982177557e+01 -3.451828384399414062e+01 1.108687996864318848e+00 0.000000000000000000e+00 0.000000000000000000e+00 0.000000000000000000e+00 1.000000000000000000e+00
1.716363887720005035e+09 1.299661540985107422e+01 -3.462954330444335938e+01 1.102145314216613770e+00 0.000000000000000000e+00 0.000000000000000000e+00 0.000000000000000000e+00 1.000000000000000000e+00
1.716363887771169186e+09 1.302971935272216797e+01 -3.469077682495117188e+01 1.097830176353454590e+00 0.000000000000000000e+00 0.000000000000000000e+00 0.000000000000000000e+00 1.000000000000000000e+00
1.716363887873198271e+09 1.308147048950195135e+01 -3.480267715454101562e+01 1.092530131340026855e+00 0.000000000000000000e+00 0.000000000000000000e+00 0.000000000000000000e+00 1.000000000000000000e+00
1.716363887929057837e+09 1.314048767089843750e+01 -3.490857696533203125e+01 1.082391381263732910e+00 0.000000000000000000e+00 0.000000000000000000e+00 0.000000000000000000e+00 1.000000000000000000e+00
1.716363887972055435e+09 1.316770839691161932e+01 -3.495384979248046875e+01 1.078583955764770508e+00 0.000000000000000000e+00 0.000000000000000000e+00 0.000000000000000000e+00 1.000000000000000000e+00
1.716363888021897078e+09 1.321563339233398438e+01 -3.505434036254882812e+01 1.071938633918762207e+00 0.000000000000000000e+00 0.000000000000000000e+00 0.000000000000000000e+00 1.000000000000000000e+00
1.716363888071618557e+09 1.324061679840088068e+01 -3.509510040283203125e+01 1.067299127578735352e+00 0.000000000000000000e+00 0.000000000000000000e+00 0.000000000000000000e+00 1.000000000000000000e+00
1.716363888122002125e+09 1.326372241973876953e+01 -3.513549804687500000e+01 1.062998414039611816e+00 0.000000000000000000e+00 0.000000000000000000e+00 0.000000000000000000e+00 1.000000000000000000e+00
1.716363888172307014e+09 1.330072021484375000e+01 -3.521556091308593750e+01 1.059921860694885254e+00 0.000000000000000000e+00 0.000000000000000000e+00 0.000000000000000000e+00 1.000000000000000000e+00
1.716363888223139286e+09 1.332347106933593750e+01 -3.525717926025390625e+01 1.057206988334655762e+00 0.000000000000000000e+00 0.000000000000000000e+00 0.000000000000000000e+00 1.000000000000000000e+00
1.716363888272290707e+09 1.334402656555175781e+01 -3.529428863525390625e+01 1.055236458778381126e+00 0.000000000000000000e+00 0.000000000000000000e+00 0.000000000000000000e+00 1.000000000000000000e+00
1.716363888323061228e+09 1.336267471313476562e+01 -3.532999801635742188e+01 1.054660797119140625e+00 0.000000000000000000e+00 0.000000000000000000e+00 0.000000000000000000e+00 1.000000000000000000e+00
1.716363888373416424e+09 1.339443492889404475e+01 -3.539709091186523438e+01 1.053518176078796387e+00 0.000000000000000000e+00 0.000000000000000000e+00 0.000000000000000000e+00 1.000000000000000000e+00
1.716363888423414230e+09 1.341094589233398438e+01 -3.542826843261718750e+01 1.053668856620788574e+00 0.000000000000000000e+00 0.000000000000000000e+00 0.000000000000000000e+00 1.000000000000000000e+00
1.716363888474632263e+09 1.342571735382080078e+01 -3.545690155029296875e+01 1.054203391075134499e+00 0.000000000000000000e+00 0.000000000000000000e+00 0.000000000000000000e+00 1.000000000000000000e+00
1.716363888528203726e+09 1.343944644927978338e+01 -3.548165893554687500e+01 1.055429339408874290e+00 0.000000000000000000e+00 0.000000000000000000e+00 0.000000000000000000e+00 1.000000000000000000e+00
1.716363888624277592e+09 1.346429538726806641e+01 -3.553216552734375000e+01 1.058161616325378418e+00 0.000000000000000000e+00 0.000000000000000000e+00 0.000000000000000000e+00 1.000000000000000000e+00
1.716363888724971771e+09 1.348114967346191406e+01 -3.557392883300781250e+01 1.060140490531921387e+00 0.000000000000000000e+00 0.000000000000000000e+00 0.000000000000000000e+00 1.000000000000000000e+00
1.716363888775008440e+09 1.348932838439941406e+01 -3.559224700927734375e+01 1.062368154525756836e+00 0.000000000000000000e+00 0.000000000000000000e+00 0.000000000000000000e+00 1.000000000000000000e+00
1.716363888825388193e+09 1.350167751312256037e+01 -3.562397766113281250e+01 1.066680550575256348e+00 0.000000000000000000e+00 0.000000000000000000e+00 0.000000000000000000e+00 1.000000000000000000e+00
1.716363888925781012e+09 1.351012134552001953e+01 -3.564646530151367188e+01 1.068496823310852051e+00 0.000000000000000000e+00 0.000000000000000000e+00 0.000000000000000000e+00 1.000000000000000000e+00
1.716363888976949215e+09 1.351210594177245916e+01 -3.565536499023437500e+01 1.070613741874694824e+00 0.000000000000000000e+00 0.000000000000000000e+00 0.000000000000000000e+00 1.000000000000000000e+00
1.716363889025902510e+09 1.351254463195800781e+01 -3.566701126098632812e+01 1.075124859809875710e+00 0.000000000000000000e+00 0.000000000000000000e+00 0.000000000000000000e+00 1.000000000000000000e+00
1.716363889126592398e+09 1.351174259185791016e+01 -3.567054367065429688e+01 1.076865673065185547e+00 0.000000000000000000e+00 0.000000000000000000e+00 0.000000000000000000e+00 1.000000000000000000e+00
1.716363889176819563e+09 1.350791168212890625e+01 -3.566986846923828125e+01 1.078085184097290039e+00 0.000000000000000000e+00 0.000000000000000000e+00 0.000000000000000000e+00 1.000000000000000000e+00
1.716363889226517439e+09 1.350254344940185547e+01 -3.566657257080078125e+01 1.079421281814575195e+00 0.000000000000000000e+00 0.000000000000000000e+00 0.000000000000000000e+00 1.000000000000000000e+00
1.716363889277582407e+09 1.348972797393798828e+01 -3.565325546264648438e+01 1.080447912216186301e+00 0.000000000000000000e+00 0.000000000000000000e+00 0.000000000000000000e+00 1.000000000000000000e+00
1.716363889377588511e+09 1.347759723663330078e+01 -3.563217926025390625e+01 1.080137729644775391e+00 0.000000000000000000e+00 0.000000000000000000e+00 0.000000000000000000e+00 1.000000000000000000e+00
1.716363889427064180e+09 1.346675109863281250e+01 -3.561917114257812500e+01 1.079997539520263672e+00 0.000000000000000000e+00 0.000000000000000000e+00 0.000000000000000000e+00 1.000000000000000000e+00
1.716363889477763891e+09 1.344370651245117188e+01 -3.558615493774414062e+01 1.077131390571594238e+00 0.000000000000000000e+00 0.000000000000000000e+00 0.000000000000000000e+00 1.000000000000000000e+00
1.716363889577656746e+09 1.342196559906006037e+01 -3.554410552978516336e+01 1.075545072555541992e+00 0.000000000000000000e+00 0.000000000000000000e+00 0.000000000000000000e+00 1.000000000000000000e+00
1.716363889627493143e+09 1.340639400482177557e+01 -3.552003097534179688e+01 1.073519229888916016e+00 0.000000000000000000e+00 0.000000000000000000e+00 0.000000000000000000e+00 1.000000000000000000e+00
1.716363889678274632e+09 1.339038372039794922e+01 -3.549504089355468750e+01 1.070856094360351562e+00 0.000000000000000000e+00 0.000000000000000000e+00 0.000000000000000000e+00 1.000000000000000000e+00
1.716363889728549004e+09 1.334098052978515625e+01 -3.540568161010742188e+01 1.067409038543701172e+00 0.000000000000000000e+00 0.000000000000000000e+00 0.000000000000000000e+00 1.000000000000000000e+00
1.716363889778943777e+09 1.332018661499023438e+01 -3.537288284301757812e+01 1.065529704093933105e+00 0.000000000000000000e+00 0.000000000000000000e+00 0.000000000000000000e+00 1.000000000000000000e+00
1.716363889828635454e+09 1.329824161529541016e+01 -3.533837509155273438e+01 1.063361644744873047e+00 0.000000000000000000e+00 0.000000000000000000e+00 0.000000000000000000e+00 1.000000000000000000e+00
1.716363889928734064e+09 1.325300598144531250e+01 -3.526453399658203125e+01 1.060335636138916016e+00 0.000000000000000000e+00 0.000000000000000000e+00 0.000000000000000000e+00 1.000000000000000000e+00
1.716363889979551554e+09 1.321091938018798828e+01 -3.517886352539062500e+01 1.060848116874694824e+00 0.000000000000000000e+00 0.000000000000000000e+00 0.000000000000000000e+00 1.000000000000000000e+00
1.716363890029123068e+09 1.318332481384277166e+01 -3.513261032104492188e+01 1.061256527900695801e+00 0.000000000000000000e+00 0.000000000000000000e+00 0.000000000000000000e+00 1.000000000000000000e+00
1.716363890079499483e+09 1.315535449981689631e+01 -3.508649826049804688e+01 1.061446309089660645e+00 0.000000000000000000e+00 0.000000000000000000e+00 0.000000000000000000e+00 1.000000000000000000e+00
1.716363890129683018e+09 1.312582492828369141e+01 -3.503776931762695312e+01 1.062577247619628906e+00 0.000000000000000000e+00 0.000000000000000000e+00 0.000000000000000000e+00 1.000000000000000000e+00
1.716363890180643797e+09 1.307437992095947266e+01 -3.493318557739257812e+01 1.064598917961120605e+00 0.000000000000000000e+00 0.000000000000000000e+00 0.000000000000000000e+00 1.000000000000000000e+00
1.716363890230030298e+09 1.304173374176025391e+01 -3.488029861450195312e+01 1.067565679550170898e+00 0.000000000000000000e+00 0.000000000000000000e+00 0.000000000000000000e+00 1.000000000000000000e+00
1.716363890281375170e+09 1.300731277465820312e+01 -3.482701873779296875e+01 1.071835994720458984e+00 0.000000000000000000e+00 0.000000000000000000e+00 0.000000000000000000e+00 1.000000000000000000e+00
1.716363890330279827e+09 1.297193145751953125e+01 -3.477090454101562500e+01 1.077288746833801270e+00 0.000000000000000000e+00 0.000000000000000000e+00 0.000000000000000000e+00 1.000000000000000000e+00
1.716363890380537510e+09 1.291232395172119141e+01 -3.465233612060546875e+01 1.085182309150695801e+00 0.000000000000000000e+00 0.000000000000000000e+00 0.000000000000000000e+00 1.000000000000000000e+00
1.716363890430644751e+09 1.287378883361816406e+01 -3.459421539306640625e+01 1.093759298324584961e+00 0.000000000000000000e+00 0.000000000000000000e+00 0.000000000000000000e+00 1.000000000000000000e+00
1.716363890481000423e+09 1.283703136444091797e+01 -3.453649902343750000e+01 1.102858066558837891e+00 0.000000000000000000e+00 0.000000000000000000e+00 0.000000000000000000e+00 1.000000000000000000e+00
1.716363890531167030e+09 1.279743003845214844e+01 -3.447450637817382812e+01 1.112703919410705566e+00 0.000000000000000000e+00 0.000000000000000000e+00 0.000000000000000000e+00 1.000000000000000000e+00
1.716363890631500483e+09 1.269638347625732422e+01 -3.429999542236328125e+01 1.139312624931335449e+00 0.000000000000000000e+00 0.000000000000000000e+00 0.000000000000000000e+00 1.000000000000000000e+00
1.716363890682017088e+09 1.265229701995849609e+01 -3.423432922363281250e+01 1.152674198150634766e+00 0.000000000000000000e+00 0.000000000000000000e+00 0.000000000000000000e+00 1.000000000000000000e+00
1.716363890782101154e+09 1.253532791137695135e+01 -3.402405548095703125e+01 1.180989027023315430e+00 0.000000000000000000e+00 0.000000000000000000e+00 0.000000000000000000e+00 1.000000000000000000e+00
1.716363890832494497e+09 1.248781776428222834e+01 -3.394895553588867188e+01 1.195001006126403809e+00 0.000000000000000000e+00 0.000000000000000000e+00 0.000000000000000000e+00 1.000000000000000000e+00
1.716363890882453442e+09 1.244096851348876953e+01 -3.387573242187500000e+01 1.209686517715454102e+00 0.000000000000000000e+00 0.000000000000000000e+00 0.000000000000000000e+00 1.000000000000000000e+00
1.716363890932707548e+09 1.239505958557128729e+01 -3.380641174316406250e+01 1.224909186363220215e+00 0.000000000000000000e+00 0.000000000000000000e+00 0.000000000000000000e+00 1.000000000000000000e+00
1.716363890982860327e+09 1.231773185729980469e+01 -3.365167236328125000e+01 1.240536093711853027e+00 0.000000000000000000e+00 0.000000000000000000e+00 0.000000000000000000e+00 1.000000000000000000e+00
1.716363891033172131e+09 1.226925754547119141e+01 -3.357687377929687500e+01 1.256540179252624290e+00 0.000000000000000000e+00 0.000000000000000000e+00 0.000000000000000000e+00 1.000000000000000000e+00
1.716363891083197355e+09 1.222155857086181641e+01 -3.350389862060546875e+01 1.272275209426880105e+00 0.000000000000000000e+00 0.000000000000000000e+00 0.000000000000000000e+00 1.000000000000000000e+00
1.716363891133651733e+09 1.217189407348632812e+01 -3.342737579345703125e+01 1.289484143257141113e+00 0.000000000000000000e+00 0.000000000000000000e+00 0.000000000000000000e+00 1.000000000000000000e+00
1.716363891183625937e+09 1.209223461151123047e+01 -3.327023315429687500e+01 1.308361768722534180e+00 0.000000000000000000e+00 0.000000000000000000e+00 0.000000000000000000e+00 1.000000000000000000e+00
1.716363891233778477e+09 1.204337978363037287e+01 -3.319550323486328125e+01 1.326716899871826172e+00 0.000000000000000000e+00 0.000000000000000000e+00 0.000000000000000000e+00 1.000000000000000000e+00
1.716363891284035921e+09 1.199330711364745916e+01 -3.311693954467773438e+01 1.344931721687316895e+00 0.000000000000000000e+00 0.000000000000000000e+00 0.000000000000000000e+00 1.000000000000000000e+00
1.716363891334233522e+09 1.194321346282958984e+01 -3.304154968261718750e+01 1.363333225250243919e+00 0.000000000000000000e+00 0.000000000000000000e+00 0.000000000000000000e+00 1.000000000000000000e+00
1.716363891434638739e+09 1.186097526550292969e+01 -3.287461471557617188e+01 1.382254004478454590e+00 0.000000000000000000e+00 0.000000000000000000e+00 0.000000000000000000e+00 1.000000000000000000e+00
1.716363891484942913e+09 1.176171398162841797e+01 -3.271488571166992188e+01 1.419379472732543945e+00 0.000000000000000000e+00 0.000000000000000000e+00 0.000000000000000000e+00 1.000000000000000000e+00
1.716363891535345316e+09 1.171273231506347656e+01 -3.263368606567382812e+01 1.435912966728210449e+00 0.000000000000000000e+00 0.000000000000000000e+00 0.000000000000000000e+00 1.000000000000000000e+00
1.716363891585282803e+09 1.166494655609130859e+01 -3.255735397338867188e+01 1.452040672302246094e+00 0.000000000000000000e+00 0.000000000000000000e+00 0.000000000000000000e+00 1.000000000000000000e+00
1.716363891686514378e+09 1.158766937255859375e+01 -3.240021514892578125e+01 1.469071388244628906e+00 0.000000000000000000e+00 0.000000000000000000e+00 0.000000000000000000e+00 1.000000000000000000e+00
1.716363891735755920e+09 1.153773021697998047e+01 -3.232142639160156250e+01 1.484958648681640625e+00 0.000000000000000000e+00 0.000000000000000000e+00 0.000000000000000000e+00 1.000000000000000000e+00
1.716363891786007404e+09 1.144230079650878729e+01 -3.216539001464843750e+01 1.512430667877197266e+00 0.000000000000000000e+00 0.000000000000000000e+00 0.000000000000000000e+00 1.000000000000000000e+00
1.716363891886482954e+09 1.132158565521240234e+01 -3.192595481872558238e+01 1.534745335578918457e+00 0.000000000000000000e+00 0.000000000000000000e+00 0.000000000000000000e+00 1.000000000000000000e+00
1.716363891986760139e+09 1.122851753234863281e+01 -3.177109146118164062e+01 1.557163238525390625e+00 0.000000000000000000e+00 0.000000000000000000e+00 0.000000000000000000e+00 1.000000000000000000e+00
1.716363892037053347e+09 1.118178653717041016e+01 -3.169105720520019531e+01 1.568134665489196777e+00 0.000000000000000000e+00 0.000000000000000000e+00 0.000000000000000000e+00 1.000000000000000000e+00
1.716363892087213039e+09 1.110356807708740234e+01 -3.152243804931640625e+01 1.579260587692260742e+00 0.000000000000000000e+00 0.000000000000000000e+00 0.000000000000000000e+00 1.000000000000000000e+00
1.716363892187597513e+09 1.101287841796875000e+01 -3.136237716674804688e+01 1.604154825210571289e+00 0.000000000000000000e+00 0.000000000000000000e+00 0.000000000000000000e+00 1.000000000000000000e+00
1.716363892237882137e+09 1.093720245361327947e+01 -3.119495010375976918e+01 1.613718867301940918e+00 0.000000000000000000e+00 0.000000000000000000e+00 0.000000000000000000e+00 1.000000000000000000e+00
1.716363892288116455e+09 1.089138603210449219e+01 -3.111242866516113281e+01 1.620531678199768066e+00 0.000000000000000000e+00 0.000000000000000000e+00 0.000000000000000000e+00 1.000000000000000000e+00
1.716363892338351011e+09 1.084487247467041016e+01 -3.102379798889160156e+01 1.624513506889343262e+00 0.000000000000000000e+00 0.000000000000000000e+00 0.000000000000000000e+00 1.000000000000000000e+00
1.716363892388511181e+09 1.075165081024169922e+01 -3.085296058654785156e+01 1.627370953559875710e+00 0.000000000000000000e+00 0.000000000000000000e+00 0.000000000000000000e+00 1.000000000000000000e+00
1.716363892438704491e+09 1.070290470123291016e+01 -3.076298904418945312e+01 1.626656889915466309e+00 0.000000000000000000e+00 0.000000000000000000e+00 0.000000000000000000e+00 1.000000000000000000e+00
1.716363892539075375e+09 1.062166404724121271e+01 -3.057843971252441051e+01 1.624452233314514160e+00 0.000000000000000000e+00 0.000000000000000000e+00 0.000000000000000000e+00 1.000000000000000000e+00
1.716363892589913368e+09 1.057425785064697266e+01 -3.049117088317871094e+01 1.621550202369689941e+00 0.000000000000000000e+00 0.000000000000000000e+00 0.000000000000000000e+00 1.000000000000000000e+00
1.716363892639510870e+09 1.052587032318115234e+01 -3.039894676208496094e+01 1.617705225944519043e+00 0.000000000000000000e+00 0.000000000000000000e+00 0.000000000000000000e+00 1.000000000000000000e+00
1.716363892689639330e+09 1.047800827026367188e+01 -3.030865097045898438e+01 1.613374233245849609e+00 0.000000000000000000e+00 0.000000000000000000e+00 0.000000000000000000e+00 1.000000000000000000e+00
1.716363892739795923e+09 1.039591884613037287e+01 -3.012225532531738281e+01 1.608851909637451172e+00 0.000000000000000000e+00 0.000000000000000000e+00 0.000000000000000000e+00 1.000000000000000000e+00
1.716363892790167809e+09 1.034207820892333984e+01 -3.001708030700683949e+01 1.603477120399475098e+00 0.000000000000000000e+00 0.000000000000000000e+00 0.000000000000000000e+00 1.000000000000000000e+00
1.716363892840271950e+09 1.029491519927978338e+01 -2.993075752258300781e+01 1.596474170684814453e+00 0.000000000000000000e+00 0.000000000000000000e+00 0.000000000000000000e+00 1.000000000000000000e+00
1.716363892890519619e+09 1.024901008605957031e+01 -2.984504508972167969e+01 1.590296745300292969e+00 0.000000000000000000e+00 0.000000000000000000e+00 0.000000000000000000e+00 1.000000000000000000e+00
1.716363892940560341e+09 1.016490364074707031e+01 -2.964661979675292969e+01 1.584626793861389160e+00 0.000000000000000000e+00 0.000000000000000000e+00 0.000000000000000000e+00 1.000000000000000000e+00
1.716363892990751982e+09 1.011532211303710938e+01 -2.955051994323730469e+01 1.578694820404052734e+00 0.000000000000000000e+00 0.000000000000000000e+00 0.000000000000000000e+00 1.000000000000000000e+00
1.716363893040884972e+09 1.001861953735351562e+01 -2.936062431335448863e+01 1.566417455673217773e+00 0.000000000000000000e+00 0.000000000000000000e+00 0.000000000000000000e+00 1.000000000000000000e+00
1.716363893141274452e+09 9.930663108825683594e+00 -2.914974975585937145e+01 1.557710766792297363e+00 0.000000000000000000e+00 0.000000000000000000e+00 0.000000000000000000e+00 1.000000000000000000e+00
1.716363893191388130e+09 9.879849433898925781e+00 -2.904664421081542969e+01 1.548873662948608398e+00 0.000000000000000000e+00 0.000000000000000000e+00 0.000000000000000000e+00 1.000000000000000000e+00
1.716363893241555691e+09 9.831451416015623224e+00 -2.895010185241699219e+01 1.539847850799560325e+00 0.000000000000000000e+00 0.000000000000000000e+00 0.000000000000000000e+00 1.000000000000000000e+00
1.716363893291924000e+09 9.734656333923339844e+00 -2.875065422058105113e+01 1.521300792694091797e+00 0.000000000000000000e+00 0.000000000000000000e+00 0.000000000000000000e+00 1.000000000000000000e+00
1.716363893392698050e+09 9.655166625976562500e+00 -2.855797576904296875e+01 1.512524247169494629e+00 0.000000000000000000e+00 0.000000000000000000e+00 0.000000000000000000e+00 1.000000000000000000e+00
1.716363893442541599e+09 9.604410171508787286e+00 -2.845058059692382812e+01 1.503546118736267090e+00 0.000000000000000000e+00 0.000000000000000000e+00 0.000000000000000000e+00 1.000000000000000000e+00
1.716363893492775202e+09 9.506206512451171875e+00 -2.824730873107910156e+01 1.484998583793639915e+00 0.000000000000000000e+00 0.000000000000000000e+00 0.000000000000000000e+00 1.000000000000000000e+00
1.716363893593114138e+09 9.421409606933593750e+00 -2.803738784790039062e+01 1.475826501846313699e+00 0.000000000000000000e+00 0.000000000000000000e+00 0.000000000000000000e+00 1.000000000000000000e+00
1.716363893643441916e+09 9.372370719909667969e+00 -2.793148612976074574e+01 1.467419505119323508e+00 0.000000000000000000e+00 0.000000000000000000e+00 0.000000000000000000e+00 1.000000000000000000e+00
1.716363893743864775e+09 9.278240203857421875e+00 -2.772888374328613281e+01 1.450991749763488770e+00 0.000000000000000000e+00 0.000000000000000000e+00 0.000000000000000000e+00 1.000000000000000000e+00
1.716363893793834925e+09 9.230162620544433594e+00 -2.762263679504394531e+01 1.442438244819641113e+00 0.000000000000000000e+00 0.000000000000000000e+00 0.000000000000000000e+00 1.000000000000000000e+00
1.716363893894342899e+09 9.053708076477050781e+00 -2.720074462890625000e+01 1.415778160095214844e+00 0.000000000000000000e+00 0.000000000000000000e+00 0.000000000000000000e+00 1.000000000000000000e+00
1.716363893944415092e+09 9.009244918823242188e+00 -2.709747695922851918e+01 1.406902670860290305e+00 0.000000000000000000e+00 0.000000000000000000e+00 0.000000000000000000e+00 1.000000000000000000e+00
1.716363894044815779e+09 8.932356834411621094e+00 -2.688906288146972656e+01 1.396862745285034180e+00 0.000000000000000000e+00 0.000000000000000000e+00 0.000000000000000000e+00 1.000000000000000000e+00
1.716363894094808340e+09 8.890882492065429688e+00 -2.678478813171386719e+01 1.386930823326110840e+00 0.000000000000000000e+00 0.000000000000000000e+00 0.000000000000000000e+00 1.000000000000000000e+00
1.716363894145106077e+09 8.807574272155761719e+00 -2.657003211975097656e+01 1.369816064834594727e+00 0.000000000000000000e+00 0.000000000000000000e+00 0.000000000000000000e+00 1.000000000000000000e+00
1.716363894295674324e+09 8.694439888000488281e+00 -2.625559616088867188e+01 1.356223106384277122e+00 0.000000000000000000e+00 0.000000000000000000e+00 0.000000000000000000e+00 1.000000000000000000e+00
1.716363894346057415e+09 8.617472648620605469e+00 -2.603666496276855469e+01 1.350473880767822488e+00 0.000000000000000000e+00 0.000000000000000000e+00 0.000000000000000000e+00 1.000000000000000000e+00
1.716363894396541834e+09 8.581675529479980469e+00 -2.592843246459960938e+01 1.351069450378417969e+00 0.000000000000000000e+00 0.000000000000000000e+00 0.000000000000000000e+00 1.000000000000000000e+00
1.716363894446540356e+09 8.511777877807617188e+00 -2.571457290649414062e+01 1.353732109069824219e+00 0.000000000000000000e+00 0.000000000000000000e+00 0.000000000000000000e+00 1.000000000000000000e+00
1.716363894546804905e+09 8.446220397949218750e+00 -2.550035476684570312e+01 1.361311078071594238e+00 0.000000000000000000e+00 0.000000000000000000e+00 0.000000000000000000e+00 1.000000000000000000e+00
1.716363894596933365e+09 8.417959213256835938e+00 -2.539491271972655895e+01 1.366472125053405762e+00 0.000000000000000000e+00 0.000000000000000000e+00 0.000000000000000000e+00 1.000000000000000000e+00
1.716363895049333572e+09 8.138854980468750000e+00 -2.418842124938964844e+01 1.451872944831847922e+00 0.000000000000000000e+00 0.000000000000000000e+00 0.000000000000000000e+00 1.000000000000000000e+00
1.716363895149295330e+09 8.089142799377441406e+00 -2.398252487182616832e+01 1.461853265762329102e+00 0.000000000000000000e+00 0.000000000000000000e+00 0.000000000000000000e+00 1.000000000000000000e+00
1.716363895200197220e+09 8.071073532104492188e+00 -2.386725234985351918e+01 1.470892548561096191e+00 0.000000000000000000e+00 0.000000000000000000e+00 0.000000000000000000e+00 1.000000000000000000e+00
1.716363895299860477e+09 8.015890121459960938e+00 -2.351636123657226562e+01 1.496705889701843262e+00 0.000000000000000000e+00 0.000000000000000000e+00 0.000000000000000000e+00 1.000000000000000000e+00
1.716363895350153208e+09 7.965415954589843750e+00 -2.329583740234375000e+01 1.502812623977661133e+00 0.000000000000000000e+00 0.000000000000000000e+00 0.000000000000000000e+00 1.000000000000000000e+00
1.716363895401643276e+09 7.954028606414794922e+00 -2.318240165710448863e+01 1.507554054260253906e+00 0.000000000000000000e+00 0.000000000000000000e+00 0.000000000000000000e+00 1.000000000000000000e+00
1.716363895450673103e+09 7.943768501281738281e+00 -2.307383728027344105e+01 1.510653138160705566e+00 0.000000000000000000e+00 0.000000000000000000e+00 0.000000000000000000e+00 1.000000000000000000e+00
1.716363895552441359e+09 7.887183189392089844e+00 -2.274847602844238281e+01 1.513146162033081055e+00 0.000000000000000000e+00 0.000000000000000000e+00 0.000000000000000000e+00 1.000000000000000000e+00
1.716363895601807356e+09 7.874589920043945312e+00 -2.263322830200195668e+01 1.512716293334960938e+00 0.000000000000000000e+00 0.000000000000000000e+00 0.000000000000000000e+00 1.000000000000000000e+00
1.716363895651809454e+09 7.863687515258789062e+00 -2.252265930175780895e+01 1.511480331420898438e+00 0.000000000000000000e+00 0.000000000000000000e+00 0.000000000000000000e+00 1.000000000000000000e+00
1.716363895702126503e+09 7.852911472320556641e+00 -2.240777778625488281e+01 1.508566856384277122e+00 0.000000000000000000e+00 0.000000000000000000e+00 0.000000000000000000e+00 1.000000000000000000e+00
1.716363895802408934e+09 7.803092956542968750e+00 -2.208396339416503906e+01 1.499852776527404785e+00 0.000000000000000000e+00 0.000000000000000000e+00 0.000000000000000000e+00 1.000000000000000000e+00
1.716363895902800322e+09 7.798709869384765625e+00 -2.197625160217285156e+01 1.494823098182678223e+00 0.000000000000000000e+00 0.000000000000000000e+00 0.000000000000000000e+00 1.000000000000000000e+00
1.716363895953082323e+09 7.746371746063232422e+00 -2.163926887512207031e+01 1.484451413154602051e+00 0.000000000000000000e+00 0.000000000000000000e+00 0.000000000000000000e+00 1.000000000000000000e+00
1.716363896003793240e+09 7.741846084594726562e+00 -2.153146553039550781e+01 1.480189323425292969e+00 0.000000000000000000e+00 0.000000000000000000e+00 0.000000000000000000e+00 1.000000000000000000e+00
1.716363896103688240e+09 7.735858440399169922e+00 -2.141669654846191762e+01 1.476224184036254883e+00 0.000000000000000000e+00 0.000000000000000000e+00 0.000000000000000000e+00 1.000000000000000000e+00
1.716363896153880358e+09 7.722436428070068359e+00 -2.117369461059570312e+01 1.471986293792724609e+00 0.000000000000000000e+00 0.000000000000000000e+00 0.000000000000000000e+00 1.000000000000000000e+00
1.716363896204485178e+09 7.717051506042479581e+00 -2.105215263366699219e+01 1.470901250839233398e+00 0.000000000000000000e+00 0.000000000000000000e+00 0.000000000000000000e+00 1.000000000000000000e+00
1.716363896254435778e+09 7.674361228942871094e+00 -2.082706260681152344e+01 1.470308899879455566e+00 0.000000000000000000e+00 0.000000000000000000e+00 0.000000000000000000e+00 1.000000000000000000e+00
1.716363896304651976e+09 7.672412395477294922e+00 -2.071158027648925426e+01 1.470868587493896484e+00 0.000000000000000000e+00 0.000000000000000000e+00 0.000000000000000000e+00 1.000000000000000000e+00
1.716363896354727745e+09 7.669715404510498047e+00 -2.059310722351074574e+01 1.472154855728149414e+00 0.000000000000000000e+00 0.000000000000000000e+00 0.000000000000000000e+00 1.000000000000000000e+00
1.716363896404871225e+09 7.666982650756835938e+00 -2.047777557373046875e+01 1.473991751670837402e+00 0.000000000000000000e+00 0.000000000000000000e+00 0.000000000000000000e+00 1.000000000000000000e+00
1.716363896505316019e+09 7.620110034942626953e+00 -2.013854408264160156e+01 1.478832483291625977e+00 0.000000000000000000e+00 0.000000000000000000e+00 0.000000000000000000e+00 1.000000000000000000e+00
1.716363896555539608e+09 7.617112636566162109e+00 -2.001667976379394531e+01 1.481452703475951926e+00 0.000000000000000000e+00 0.000000000000000000e+00 0.000000000000000000e+00 1.000000000000000000e+00
1.716363896655876160e+09 7.571997642517089844e+00 -1.968168067932128906e+01 1.485605120658874290e+00 0.000000000000000000e+00 0.000000000000000000e+00 0.000000000000000000e+00 1.000000000000000000e+00
1.716363896706497192e+09 7.568006038665771484e+00 -1.956103134155273082e+01 1.486767292022705078e+00 0.000000000000000000e+00 0.000000000000000000e+00 0.000000000000000000e+00 1.000000000000000000e+00
1.716363896756696939e+09 7.565390586853027344e+00 -1.944298171997070312e+01 1.487611055374145508e+00 0.000000000000000000e+00 0.000000000000000000e+00 0.000000000000000000e+00 1.000000000000000000e+00
1.716363896806753874e+09 7.560639381408691406e+00 -1.931817054748535156e+01 1.487841486930847168e+00 0.000000000000000000e+00 0.000000000000000000e+00 0.000000000000000000e+00 1.000000000000000000e+00
1.716363896857013226e+09 7.513576984405517578e+00 -1.908633613586425426e+01 1.487716794013977051e+00 0.000000000000000000e+00 0.000000000000000000e+00 0.000000000000000000e+00 1.000000000000000000e+00
1.716363896908715010e+09 7.508589267730712891e+00 -1.896359252929687500e+01 1.486659526824951172e+00 0.000000000000000000e+00 0.000000000000000000e+00 0.000000000000000000e+00 1.000000000000000000e+00
1.716363896957338333e+09 7.504878997802734375e+00 -1.884455871582031250e+01 1.484980702400207520e+00 0.000000000000000000e+00 0.000000000000000000e+00 0.000000000000000000e+00 1.000000000000000000e+00
1.716363897057748079e+09 7.494541645050048828e+00 -1.859985542297363637e+01 1.478106975555419922e+00 0.000000000000000000e+00 0.000000000000000000e+00 0.000000000000000000e+00 1.000000000000000000e+00
1.716363897158085108e+09 7.441118240356445312e+00 -1.836582565307616832e+01 1.473746657371520996e+00 0.000000000000000000e+00 0.000000000000000000e+00 0.000000000000000000e+00 1.000000000000000000e+00
1.716363897208331823e+09 7.434141635894775391e+00 -1.824128913879394531e+01 1.468763113021850586e+00 0.000000000000000000e+00 0.000000000000000000e+00 0.000000000000000000e+00 1.000000000000000000e+00
1.716363897258492470e+09 7.417964458465576172e+00 -1.798420143127441406e+01 1.459854722023010476e+00 0.000000000000000000e+00 0.000000000000000000e+00 0.000000000000000000e+00 1.000000000000000000e+00
1.716363897358916521e+09 7.361317157745361328e+00 -1.773816490173339844e+01 1.456354618072509766e+00 0.000000000000000000e+00 0.000000000000000000e+00 0.000000000000000000e+00 1.000000000000000000e+00
1.716363897408977509e+09 7.353500843048095703e+00 -1.761034774780273438e+01 1.453382492065429688e+00 0.000000000000000000e+00 0.000000000000000000e+00 0.000000000000000000e+00 1.000000000000000000e+00
1.716363897459286213e+09 7.332731723785400391e+00 -1.734572982788085938e+01 1.449860692024230957e+00 0.000000000000000000e+00 0.000000000000000000e+00 0.000000000000000000e+00 1.000000000000000000e+00
1.716363897509495735e+09 7.324438571929931641e+00 -1.721564102172851562e+01 1.448754310607910156e+00 0.000000000000000000e+00 0.000000000000000000e+00 0.000000000000000000e+00 1.000000000000000000e+00
1.716363897609981775e+09 7.265090465545654297e+00 -1.696262550354003906e+01 1.448249936103820801e+00 0.000000000000000000e+00 0.000000000000000000e+00 0.000000000000000000e+00 1.000000000000000000e+00
1.716363897660166979e+09 7.255249023437500000e+00 -1.669241714477539062e+01 1.448840141296386719e+00 0.000000000000000000e+00 0.000000000000000000e+00 0.000000000000000000e+00 1.000000000000000000e+00
1.716363897710432053e+09 7.244091987609863281e+00 -1.655436706542968750e+01 1.449121117591857910e+00 0.000000000000000000e+00 0.000000000000000000e+00 0.000000000000000000e+00 1.000000000000000000e+00
1.716363897811218023e+09 7.185323238372802734e+00 -1.629620552062988281e+01 1.449856996536254883e+00 0.000000000000000000e+00 0.000000000000000000e+00 0.000000000000000000e+00 1.000000000000000000e+00
1.716363897861388683e+09 7.174128532409667969e+00 -1.601776504516601562e+01 1.454370498657226562e+00 0.000000000000000000e+00 0.000000000000000000e+00 0.000000000000000000e+00 1.000000000000000000e+00
1.716363897911514282e+09 7.168065547943115234e+00 -1.587466716766357422e+01 1.457770109176635520e+00 0.000000000000000000e+00 0.000000000000000000e+00 0.000000000000000000e+00 1.000000000000000000e+00
1.716363897962286711e+09 7.115297794342041016e+00 -1.562629604339599609e+01 1.461990356445312500e+00 0.000000000000000000e+00 0.000000000000000000e+00 0.000000000000000000e+00 1.000000000000000000e+00
1.716363898012421846e+09 7.111755847930908203e+00 -1.548607254028320312e+01 1.466958642005920410e+00 0.000000000000000000e+00 0.000000000000000000e+00 0.000000000000000000e+00 1.000000000000000000e+00
1.716363898163260221e+09 7.043762683868408203e+00 -1.494419097900390625e+01 1.479901432991027832e+00 0.000000000000000000e+00 0.000000000000000000e+00 0.000000000000000000e+00 1.000000000000000000e+00
1.716363898213341713e+09 7.042876720428466797e+00 -1.480962848663330078e+01 1.482422232627868874e+00 0.000000000000000000e+00 0.000000000000000000e+00 0.000000000000000000e+00 1.000000000000000000e+00
1.716363898263642788e+09 7.041691780090332031e+00 -1.467831611633300781e+01 1.484719753265380859e+00 0.000000000000000000e+00 0.000000000000000000e+00 0.000000000000000000e+00 1.000000000000000000e+00
1.716363898364091158e+09 7.035195827484130859e+00 -1.439369201660156250e+01 1.489778876304626465e+00 0.000000000000000000e+00 0.000000000000000000e+00 0.000000000000000000e+00 1.000000000000000000e+00
1.716363898464333057e+09 6.973907947540283203e+00 -1.414416408538818359e+01 1.491549849510192871e+00 0.000000000000000000e+00 0.000000000000000000e+00 0.000000000000000000e+00 1.000000000000000000e+00
1.716363898514441252e+09 6.964916229248046875e+00 -1.387275600433349609e+01 1.490718007087707520e+00 0.000000000000000000e+00 0.000000000000000000e+00 0.000000000000000000e+00 1.000000000000000000e+00
1.716363898564715862e+09 6.961087226867675781e+00 -1.373804855346679688e+01 1.488763332366943359e+00 0.000000000000000000e+00 0.000000000000000000e+00 0.000000000000000000e+00 1.000000000000000000e+00
1.716363898614943504e+09 6.959065914154052734e+00 -1.360779190063476562e+01 1.486794829368591309e+00 0.000000000000000000e+00 0.000000000000000000e+00 0.000000000000000000e+00 1.000000000000000000e+00
1.716363898715211153e+09 6.892214298248291016e+00 -1.324507904052734375e+01 1.485220193862915039e+00 0.000000000000000000e+00 0.000000000000000000e+00 0.000000000000000000e+00 1.000000000000000000e+00
1.716363898765501499e+09 6.883448600769042969e+00 -1.311990737915039062e+01 1.485609650611877441e+00 0.000000000000000000e+00 0.000000000000000000e+00 0.000000000000000000e+00 1.000000000000000000e+00
1.716363898815726519e+09 6.876029014587402344e+00 -1.299835395812988459e+01 1.487033009529113770e+00 0.000000000000000000e+00 0.000000000000000000e+00 0.000000000000000000e+00 1.000000000000000000e+00
1.716363898916014910e+09 6.801127910614013672e+00 -1.266773033142089844e+01 1.491963863372802734e+00 0.000000000000000000e+00 0.000000000000000000e+00 0.000000000000000000e+00 1.000000000000000000e+00
1.716363898966576576e+09 6.793569087982177734e+00 -1.255933761596679688e+01 1.497051477432250977e+00 0.000000000000000000e+00 0.000000000000000000e+00 0.000000000000000000e+00 1.000000000000000000e+00
1.716363899468011618e+09 6.555548667907714844e+00 -1.139739036560058594e+01 1.623036623001098633e+00 0.000000000000000000e+00 0.000000000000000000e+00 0.000000000000000000e+00 1.000000000000000000e+00
1.716363899518150568e+09 6.535086154937744141e+00 -1.131319713592529119e+01 1.636772751808166504e+00 0.000000000000000000e+00 0.000000000000000000e+00 0.000000000000000000e+00 1.000000000000000000e+00
1.716363899568708181e+09 6.517433166503906250e+00 -1.123538112640380859e+01 1.651356101036071777e+00 0.000000000000000000e+00 0.000000000000000000e+00 0.000000000000000000e+00 1.000000000000000000e+00
1.716363899618441582e+09 6.496167659759521484e+00 -1.115267372131347656e+01 1.664736270904541016e+00 0.000000000000000000e+00 0.000000000000000000e+00 0.000000000000000000e+00 1.000000000000000000e+00
1.716363899668596745e+09 6.441323757171630859e+00 -1.101544380187988459e+01 1.674883961677551270e+00 0.000000000000000000e+00 0.000000000000000000e+00 0.000000000000000000e+00 1.000000000000000000e+00
1.716363899718805790e+09 6.424546241760253906e+00 -1.094278812408447266e+01 1.685128808021545410e+00 0.000000000000000000e+00 0.000000000000000000e+00 0.000000000000000000e+00 1.000000000000000000e+00
1.716363899768870354e+09 6.407925128936767578e+00 -1.087235355377197266e+01 1.692843675613403098e+00 0.000000000000000000e+00 0.000000000000000000e+00 0.000000000000000000e+00 1.000000000000000000e+00
1.716363899819009066e+09 6.392285823822021484e+00 -1.080597972869873047e+01 1.698450565338134766e+00 0.000000000000000000e+00 0.000000000000000000e+00 0.000000000000000000e+00 1.000000000000000000e+00
1.716363899869290590e+09 6.340230464935302734e+00 -1.068448925018310369e+01 1.700533747673034890e+00 0.000000000000000000e+00 0.000000000000000000e+00 0.000000000000000000e+00 1.000000000000000000e+00
1.716363899919520140e+09 6.322578907012940341e+00 -1.062396907806396484e+01 1.702472329139709695e+00 0.000000000000000000e+00 0.000000000000000000e+00 0.000000000000000000e+00 1.000000000000000000e+00
1.716363899969735384e+09 6.301738262176513672e+00 -1.056188297271728338e+01 1.702077507972717285e+00 0.000000000000000000e+00 0.000000000000000000e+00 0.000000000000000000e+00 1.000000000000000000e+00
1.716363900020253181e+09 6.282703876495361328e+00 -1.050338840484619141e+01 1.700303077697753906e+00 0.000000000000000000e+00 0.000000000000000000e+00 0.000000000000000000e+00 1.000000000000000000e+00
1.716363900120568275e+09 6.235181331634521484e+00 -1.039787387847900391e+01 1.695886373519897683e+00 0.000000000000000000e+00 0.000000000000000000e+00 0.000000000000000000e+00 1.000000000000000000e+00
1.716363900422410727e+09 6.082985877990722656e+00 -1.004209995269775391e+01 1.647533416748046875e+00 0.000000000000000000e+00 0.000000000000000000e+00 0.000000000000000000e+00 1.000000000000000000e+00
1.716363900522456408e+09 6.041977405548095703e+00 -9.967664718627929688e+00 1.640697360038757102e+00 0.000000000000000000e+00 0.000000000000000000e+00 0.000000000000000000e+00 1.000000000000000000e+00
1.716363900573031664e+09 6.005278110504150391e+00 -9.902370452880859375e+00 1.629726171493530495e+00 0.000000000000000000e+00 0.000000000000000000e+00 0.000000000000000000e+00 1.000000000000000000e+00
1.716363900624185085e+09 5.988102436065673828e+00 -9.874253273010253906e+00 1.625390291213989258e+00 0.000000000000000000e+00 0.000000000000000000e+00 0.000000000000000000e+00 1.000000000000000000e+00
1.716363900723620653e+09 5.955832481384277344e+00 -9.821372032165527344e+00 1.621008276939392090e+00 0.000000000000000000e+00 0.000000000000000000e+00 0.000000000000000000e+00 1.000000000000000000e+00
1.716363900773655415e+09 5.940872669219970703e+00 -9.797739028930664062e+00 1.617918610572814941e+00 0.000000000000000000e+00 0.000000000000000000e+00 0.000000000000000000e+00 1.000000000000000000e+00
1.716363900824012041e+09 5.915343761444091797e+00 -9.760650634765623224e+00 1.613399267196655273e+00 0.000000000000000000e+00 0.000000000000000000e+00 0.000000000000000000e+00 1.000000000000000000e+00
1.716363900924505711e+09 5.894105911254882812e+00 -9.731444358825683594e+00 1.611874699592590332e+00 0.000000000000000000e+00 0.000000000000000000e+00 0.000000000000000000e+00 1.000000000000000000e+00
1.716363900983703136e+09 5.883228302001953125e+00 -9.720505714416503906e+00 1.610975861549377441e+00 0.000000000000000000e+00 0.000000000000000000e+00 0.000000000000000000e+00 1.000000000000000000e+00
1.716363901024901152e+09 5.862610340118408203e+00 -9.702590942382812500e+00 1.610742330551147683e+00 0.000000000000000000e+00 0.000000000000000000e+00 0.000000000000000000e+00 1.000000000000000000e+00
1.716363901075020790e+09 5.854791641235351562e+00 -9.697959899902343750e+00 1.611272811889648438e+00 0.000000000000000000e+00 0.000000000000000000e+00 0.000000000000000000e+00 1.000000000000000000e+00
1.716363901175585032e+09 5.844749450683593750e+00 -9.689993858337402344e+00 1.611925125122070312e+00 0.000000000000000000e+00 0.000000000000000000e+00 0.000000000000000000e+00 1.000000000000000000e+00
1.716363901225919724e+09 5.834331512451171875e+00 -9.688060760498048651e+00 1.614703178405761497e+00 0.000000000000000000e+00 0.000000000000000000e+00 0.000000000000000000e+00 1.000000000000000000e+00
1.716363901275949240e+09 5.831860542297363281e+00 -9.688353538513183594e+00 1.616716742515563965e+00 0.000000000000000000e+00 0.000000000000000000e+00 0.000000000000000000e+00 1.000000000000000000e+00
1.716363901326067209e+09 5.832276821136474609e+00 -9.691574096679687500e+00 1.618832588195800781e+00 0.000000000000000000e+00 0.000000000000000000e+00 0.000000000000000000e+00 1.000000000000000000e+00
1.716363901426398993e+09 5.835117340087890625e+00 -9.700300216674804688e+00 1.623593211174011230e+00 0.000000000000000000e+00 0.000000000000000000e+00 0.000000000000000000e+00 1.000000000000000000e+00
1.716363901476671457e+09 5.836289882659912109e+00 -9.704221725463867188e+00 1.626374006271362305e+00 0.000000000000000000e+00 0.000000000000000000e+00 0.000000000000000000e+00 1.000000000000000000e+00
1.716363901526839256e+09 5.841189861297607422e+00 -9.712906837463380683e+00 1.628901243209838867e+00 0.000000000000000000e+00 0.000000000000000000e+00 0.000000000000000000e+00 1.000000000000000000e+00
1.716363901577033758e+09 5.845271587371826172e+00 -9.717415809631347656e+00 1.631335854530334473e+00 0.000000000000000000e+00 0.000000000000000000e+00 0.000000000000000000e+00 1.000000000000000000e+00
1.716363901627212048e+09 5.850895881652832031e+00 -9.722163200378417969e+00 1.633809089660644309e+00 0.000000000000000000e+00 0.000000000000000000e+00 0.000000000000000000e+00 1.000000000000000000e+00
1.716363901677380562e+09 5.858004570007324219e+00 -9.726012229919433594e+00 1.636482238769531250e+00 0.000000000000000000e+00 0.000000000000000000e+00 0.000000000000000000e+00 1.000000000000000000e+00
1.716363901928322554e+09 5.916998863220214844e+00 -9.751996994018556464e+00 1.653592705726623535e+00 0.000000000000000000e+00 0.000000000000000000e+00 0.000000000000000000e+00 1.000000000000000000e+00
1.716363902229940176e+09 6.008691787719726562e+00 -9.735459327697753906e+00 1.669221401214599609e+00 0.000000000000000000e+00 0.000000000000000000e+00 0.000000000000000000e+00 1.000000000000000000e+00
1.716363902280712605e+09 6.024744987487792969e+00 -9.731412887573242188e+00 1.669376969337463379e+00 0.000000000000000000e+00 0.000000000000000000e+00 0.000000000000000000e+00 1.000000000000000000e+00
1.716363902330344200e+09 6.039149761199951172e+00 -9.729557991027832031e+00 1.668620824813842773e+00 0.000000000000000000e+00 0.000000000000000000e+00 0.000000000000000000e+00 1.000000000000000000e+00
1.716363902430624485e+09 6.057156085968017578e+00 -9.733688354492187500e+00 1.667927861213684082e+00 0.000000000000000000e+00 0.000000000000000000e+00 0.000000000000000000e+00 1.000000000000000000e+00
1.716363902480770350e+09 6.085232257843017578e+00 -9.727994918823242188e+00 1.666133999824523926e+00 0.000000000000000000e+00 0.000000000000000000e+00 0.000000000000000000e+00 1.000000000000000000e+00
1.716363902531016350e+09 6.101400375366210938e+00 -9.721428871154783380e+00 1.664867162704467773e+00 0.000000000000000000e+00 0.000000000000000000e+00 0.000000000000000000e+00 1.000000000000000000e+00
1.716363902631335497e+09 6.141142845153808594e+00 -9.709425926208496094e+00 1.663085937500000000e+00 0.000000000000000000e+00 0.000000000000000000e+00 0.000000000000000000e+00 1.000000000000000000e+00
1.716363902681513309e+09 6.159405231475830078e+00 -9.702598571777343750e+00 1.662611842155456321e+00 0.000000000000000000e+00 0.000000000000000000e+00 0.000000000000000000e+00 1.000000000000000000e+00
1.716363902731648445e+09 6.176700592041015625e+00 -9.696336746215820312e+00 1.662806272506714089e+00 0.000000000000000000e+00 0.000000000000000000e+00 0.000000000000000000e+00 1.000000000000000000e+00
1.716363902781971693e+09 6.193347454071044922e+00 -9.691624641418455255e+00 1.664017558097839355e+00 0.000000000000000000e+00 0.000000000000000000e+00 0.000000000000000000e+00 1.000000000000000000e+00
1.716363902832071781e+09 6.213277816772460938e+00 -9.693075180053712714e+00 1.666258811950683594e+00 0.000000000000000000e+00 0.000000000000000000e+00 0.000000000000000000e+00 1.000000000000000000e+00
1.716363902882343769e+09 6.230021476745605469e+00 -9.690591812133787286e+00 1.669080972671508789e+00 0.000000000000000000e+00 0.000000000000000000e+00 0.000000000000000000e+00 1.000000000000000000e+00
1.716363902932494879e+09 6.247773170471191406e+00 -9.688606262207031250e+00 1.672689080238342507e+00 0.000000000000000000e+00 0.000000000000000000e+00 0.000000000000000000e+00 1.000000000000000000e+00
1.716363902982782364e+09 6.265419483184815341e+00 -9.684280395507812500e+00 1.676268696784973145e+00 0.000000000000000000e+00 0.000000000000000000e+00 0.000000000000000000e+00 1.000000000000000000e+00
1.716363903033079863e+09 6.284345149993896484e+00 -9.680250167846679688e+00 1.681515574455261230e+00 0.000000000000000000e+00 0.000000000000000000e+00 0.000000000000000000e+00 1.000000000000000000e+00
1.716363903133397818e+09 6.306255817413330078e+00 -9.680207252502439630e+00 1.686766862869262695e+00 0.000000000000000000e+00 0.000000000000000000e+00 0.000000000000000000e+00 1.000000000000000000e+00
1.716363903184118032e+09 6.345785617828369141e+00 -9.673209190368652344e+00 1.699243664741515891e+00 0.000000000000000000e+00 0.000000000000000000e+00 0.000000000000000000e+00 1.000000000000000000e+00
1.716363903233685017e+09 6.365386486053466797e+00 -9.668570518493652344e+00 1.705129027366638184e+00 0.000000000000000000e+00 0.000000000000000000e+00 0.000000000000000000e+00 1.000000000000000000e+00
1.716363903284045458e+09 6.384319782257080078e+00 -9.666756629943847656e+00 1.709892034530639648e+00 0.000000000000000000e+00 0.000000000000000000e+00 0.000000000000000000e+00 1.000000000000000000e+00
1.716363903384209871e+09 6.408803939819335938e+00 -9.675640106201171875e+00 1.714287877082824707e+00 0.000000000000000000e+00 0.000000000000000000e+00 0.000000000000000000e+00 1.000000000000000000e+00
1.716363903434398890e+09 6.446536540985107422e+00 -9.680438041687011719e+00 1.720761775970458984e+00 0.000000000000000000e+00 0.000000000000000000e+00 0.000000000000000000e+00 1.000000000000000000e+00
1.716363903484929562e+09 6.465491294860839844e+00 -9.682182312011720526e+00 1.722484469413757102e+00 0.000000000000000000e+00 0.000000000000000000e+00 0.000000000000000000e+00 1.000000000000000000e+00
1.716363903585557938e+09 6.493724346160888672e+00 -9.695757865905761719e+00 1.723720669746398926e+00 0.000000000000000000e+00 0.000000000000000000e+00 0.000000000000000000e+00 1.000000000000000000e+00
1.716363903635200500e+09 6.538898468017578125e+00 -9.703982353210449219e+00 1.723209500312805176e+00 0.000000000000000000e+00 0.000000000000000000e+00 0.000000000000000000e+00 1.000000000000000000e+00
1.716363903685384750e+09 6.561298847198486328e+00 -9.709405899047851562e+00 1.722139239311218484e+00 0.000000000000000000e+00 0.000000000000000000e+00 0.000000000000000000e+00 1.000000000000000000e+00
1.716363903786078453e+09 6.594887256622314453e+00 -9.731387138366699219e+00 1.721101284027099609e+00 0.000000000000000000e+00 0.000000000000000000e+00 0.000000000000000000e+00 1.000000000000000000e+00
1.716363903836095333e+09 6.642346382141113281e+00 -9.748823165893556464e+00 1.716801643371582031e+00 0.000000000000000000e+00 0.000000000000000000e+00 0.000000000000000000e+00 1.000000000000000000e+00
1.716363903886354446e+09 6.666989803314208984e+00 -9.759912490844728339e+00 1.714570164680480957e+00 0.000000000000000000e+00 0.000000000000000000e+00 0.000000000000000000e+00 1.000000000000000000e+00
1.716363903987136841e+09 6.731869220733642578e+00 -9.807781219482421875e+00 1.707493066787719505e+00 0.000000000000000000e+00 0.000000000000000000e+00 0.000000000000000000e+00 1.000000000000000000e+00
1.716363904037474394e+09 6.757634639739990234e+00 -9.825366020202636719e+00 1.703357934951782227e+00 0.000000000000000000e+00 0.000000000000000000e+00 0.000000000000000000e+00 1.000000000000000000e+00
1.716363904137546062e+09 6.827332496643066406e+00 -9.892918586730955255e+00 1.694870233535766602e+00 0.000000000000000000e+00 0.000000000000000000e+00 0.000000000000000000e+00 1.000000000000000000e+00
1.716363904187576532e+09 6.881635665893554688e+00 -9.937087059020996094e+00 1.683236241340637207e+00 0.000000000000000000e+00 0.000000000000000000e+00 0.000000000000000000e+00 1.000000000000000000e+00
1.716363904288183451e+09 6.909902572631835938e+00 -9.960211753845216620e+00 1.676968336105346902e+00 0.000000000000000000e+00 0.000000000000000000e+00 0.000000000000000000e+00 1.000000000000000000e+00
1.716363904338230371e+09 6.939098358154296875e+00 -9.983906745910644531e+00 1.670068621635437012e+00 0.000000000000000000e+00 0.000000000000000000e+00 0.000000000000000000e+00 1.000000000000000000e+00
1.716363904438461781e+09 7.020169258117675781e+00 -1.006420135498046875e+01 1.656235694885253906e+00 0.000000000000000000e+00 0.000000000000000000e+00 0.000000000000000000e+00 1.000000000000000000e+00
1.716363904489428997e+09 7.050868511199951172e+00 -1.009167480468750000e+01 1.649386525154113770e+00 0.000000000000000000e+00 0.000000000000000000e+00 0.000000000000000000e+00 1.000000000000000000e+00
1.716363904538934946e+09 7.082078456878662109e+00 -1.011758327484130859e+01 1.640841960906982422e+00 0.000000000000000000e+00 0.000000000000000000e+00 0.000000000000000000e+00 1.000000000000000000e+00
1.716363904639593124e+09 7.169816017150878906e+00 -1.020897674560546875e+01 1.625266432762145996e+00 0.000000000000000000e+00 0.000000000000000000e+00 0.000000000000000000e+00 1.000000000000000000e+00
1.716363904690187931e+09 7.202644824981689453e+00 -1.023980140686035156e+01 1.617017269134521706e+00 0.000000000000000000e+00 0.000000000000000000e+00 0.000000000000000000e+00 1.000000000000000000e+00
1.716363904739960670e+09 7.235461711883544922e+00 -1.027062606811523438e+01 1.608135700225830078e+00 0.000000000000000000e+00 0.000000000000000000e+00 0.000000000000000000e+00 1.000000000000000000e+00
1.716363904790181875e+09 7.269555568695068359e+00 -1.030298805236816406e+01 1.598740100860595703e+00 0.000000000000000000e+00 0.000000000000000000e+00 0.000000000000000000e+00 1.000000000000000000e+00
1.716363904840442896e+09 7.330424785614013672e+00 -1.037273788452148438e+01 1.589484572410583496e+00 0.000000000000000000e+00 0.000000000000000000e+00 0.000000000000000000e+00 1.000000000000000000e+00
1.716363904890676737e+09 7.400081634521484375e+00 -1.043635272979736328e+01 1.568191766738891602e+00 0.000000000000000000e+00 0.000000000000000000e+00 0.000000000000000000e+00 1.000000000000000000e+00
1.716363904990932941e+09 7.435730457305908203e+00 -1.046877861022949219e+01 1.556597828865051270e+00 0.000000000000000000e+00 0.000000000000000000e+00 0.000000000000000000e+00 1.000000000000000000e+00
1.716363905041182756e+09 7.500901222229003906e+00 -1.054154586791992188e+01 1.544344544410705566e+00 0.000000000000000000e+00 0.000000000000000000e+00 0.000000000000000000e+00 1.000000000000000000e+00
1.716363905091467857e+09 7.537921428680419922e+00 -1.057417774200439631e+01 1.531912565231323242e+00 0.000000000000000000e+00 0.000000000000000000e+00 0.000000000000000000e+00 1.000000000000000000e+00
1.716363905141765118e+09 7.577578544616699219e+00 -1.060736274719238459e+01 1.518072247505187988e+00 0.000000000000000000e+00 0.000000000000000000e+00 0.000000000000000000e+00 1.000000000000000000e+00
1.716363905191807985e+09 7.645838260650634766e+00 -1.067906856536865234e+01 1.504734873771667703e+00 0.000000000000000000e+00 0.000000000000000000e+00 0.000000000000000000e+00 1.000000000000000000e+00
1.716363905242185116e+09 7.688108921051025391e+00 -1.071277046203613281e+01 1.491521716117858887e+00 0.000000000000000000e+00 0.000000000000000000e+00 0.000000000000000000e+00 1.000000000000000000e+00
1.716363905293610811e+09 7.730410575866699219e+00 -1.074271678924560369e+01 1.477015376091003418e+00 0.000000000000000000e+00 0.000000000000000000e+00 0.000000000000000000e+00 1.000000000000000000e+00
1.716363905342693567e+09 7.818398952484130859e+00 -1.080372714996338068e+01 1.448018670082092507e+00 0.000000000000000000e+00 0.000000000000000000e+00 0.000000000000000000e+00 1.000000000000000000e+00
1.716363905443423510e+09 7.893273830413818359e+00 -1.087537956237792969e+01 1.433096885681152344e+00 0.000000000000000000e+00 0.000000000000000000e+00 0.000000000000000000e+00 1.000000000000000000e+00
1.716363905493755579e+09 7.939708709716796875e+00 -1.090707397460937678e+01 1.417947649955749512e+00 0.000000000000000000e+00 0.000000000000000000e+00 0.000000000000000000e+00 1.000000000000000000e+00
1.716363905593433857e+09 8.081954002380371094e+00 -1.099842834472656250e+01 1.371403455734252930e+00 0.000000000000000000e+00 0.000000000000000000e+00 0.000000000000000000e+00 1.000000000000000000e+00
1.716363905693956614e+09 8.161652565002441406e+00 -1.106997489929199219e+01 1.355126857757568359e+00 0.000000000000000000e+00 0.000000000000000000e+00 0.000000000000000000e+00 1.000000000000000000e+00
1.716363905794455290e+09 8.262732505798339844e+00 -1.112790584564208984e+01 1.324163079261779785e+00 0.000000000000000000e+00 0.000000000000000000e+00 0.000000000000000000e+00 1.000000000000000000e+00
1.716363905845153093e+09 8.316283226013183594e+00 -1.115889835357666016e+01 1.309262514114380105e+00 0.000000000000000000e+00 0.000000000000000000e+00 0.000000000000000000e+00 1.000000000000000000e+00
1.716363905945855141e+09 8.509158134460449219e+00 -1.128600883483886719e+01 1.263803124427795410e+00 0.000000000000000000e+00 0.000000000000000000e+00 0.000000000000000000e+00 1.000000000000000000e+00
1.716363906045666933e+09 8.563250541687011719e+00 -1.131254863739013672e+01 1.249590158462524414e+00 0.000000000000000000e+00 0.000000000000000000e+00 0.000000000000000000e+00 1.000000000000000000e+00
1.716363906103680372e+09 8.652173995971679688e+00 -1.138791847229004084e+01 1.235823631286621094e+00 0.000000000000000000e+00 0.000000000000000000e+00 0.000000000000000000e+00 1.000000000000000000e+00
1.716363906146383762e+09 8.765907287597656250e+00 -1.144651412963867188e+01 1.210567951202392578e+00 0.000000000000000000e+00 0.000000000000000000e+00 0.000000000000000000e+00 1.000000000000000000e+00
1.716363906196022749e+09 8.823870658874511719e+00 -1.147615146636962713e+01 1.199451208114624023e+00 0.000000000000000000e+00 0.000000000000000000e+00 0.000000000000000000e+00 1.000000000000000000e+00
1.716363906296988010e+09 8.917186737060546875e+00 -1.155043888092041016e+01 1.188133001327514648e+00 0.000000000000000000e+00 0.000000000000000000e+00 0.000000000000000000e+00 1.000000000000000000e+00
1.716363906347318411e+09 9.035040855407716620e+00 -1.160671806335449219e+01 1.171638011932373047e+00 0.000000000000000000e+00 0.000000000000000000e+00 0.000000000000000000e+00 1.000000000000000000e+00
1.716363906397284269e+09 9.097172737121582031e+00 -1.163672828674316406e+01 1.165241360664367676e+00 0.000000000000000000e+00 0.000000000000000000e+00 0.000000000000000000e+00 1.000000000000000000e+00
1.716363906497466564e+09 9.193720817565917969e+00 -1.171212100982666016e+01 1.158778190612792969e+00 0.000000000000000000e+00 0.000000000000000000e+00 0.000000000000000000e+00 1.000000000000000000e+00
1.716363906547578335e+09 9.322276115417480469e+00 -1.177488994598388850e+01 1.151932477951049805e+00 0.000000000000000000e+00 0.000000000000000000e+00 0.000000000000000000e+00 1.000000000000000000e+00
1.716363906597900391e+09 9.387710571289062500e+00 -1.180591678619384766e+01 1.150155425071716309e+00 0.000000000000000000e+00 0.000000000000000000e+00 0.000000000000000000e+00 1.000000000000000000e+00
1.716363906648116112e+09 9.451586723327636719e+00 -1.183686447143554865e+01 1.149906754493713379e+00 0.000000000000000000e+00 0.000000000000000000e+00 0.000000000000000000e+00 1.000000000000000000e+00
1.716363906748476744e+09 9.517009735107421875e+00 -1.186651897430419922e+01 1.150612235069274902e+00 0.000000000000000000e+00 0.000000000000000000e+00 0.000000000000000000e+00 1.000000000000000000e+00
1.716363907049635887e+09 1.006400203704833984e+01 -1.218169498443603516e+01 1.182346940040588379e+00 0.000000000000000000e+00 0.000000000000000000e+00 0.000000000000000000e+00 1.000000000000000000e+00
1.716363907149985075e+09 1.020541667938232422e+01 -1.224673366546630859e+01 1.200481534004211426e+00 0.000000000000000000e+00 0.000000000000000000e+00 0.000000000000000000e+00 1.000000000000000000e+00
1.716363907252351761e+09 1.031749343872070312e+01 -1.232794666290283203e+01 1.209520816802978294e+00 0.000000000000000000e+00 0.000000000000000000e+00 0.000000000000000000e+00 1.000000000000000000e+00
1.716363907300554514e+09 1.038243579864501953e+01 -1.235593986511230469e+01 1.219859480857849121e+00 0.000000000000000000e+00 0.000000000000000000e+00 0.000000000000000000e+00 1.000000000000000000e+00
1.716363907350724936e+09 1.052527618408203125e+01 -1.242556190490722834e+01 1.239612817764282227e+00 0.000000000000000000e+00 0.000000000000000000e+00 0.000000000000000000e+00 1.000000000000000000e+00
1.716363907451064348e+09 1.063979339599609375e+01 -1.250824832916259766e+01 1.248785138130187988e+00 0.000000000000000000e+00 0.000000000000000000e+00 0.000000000000000000e+00 1.000000000000000000e+00
1.716363907501311779e+09 1.071034908294677557e+01 -1.253895759582519531e+01 1.258565664291381836e+00 0.000000000000000000e+00 0.000000000000000000e+00 0.000000000000000000e+00 1.000000000000000000e+00
1.716363907551458120e+09 1.084754276275634766e+01 -1.259946727752685547e+01 1.276597857475280762e+00 0.000000000000000000e+00 0.000000000000000000e+00 0.000000000000000000e+00 1.000000000000000000e+00
1.716363907652211189e+09 1.096849441528320312e+01 -1.268412494659423828e+01 1.284989118576049805e+00 0.000000000000000000e+00 0.000000000000000000e+00 0.000000000000000000e+00 1.000000000000000000e+00
1.716363907702387571e+09 1.111154270172119141e+01 -1.275352096557617188e+01 1.300075292587280495e+00 0.000000000000000000e+00 0.000000000000000000e+00 0.000000000000000000e+00 1.000000000000000000e+00
1.716363907802749395e+09 1.125364875793457031e+01 -1.281807613372802734e+01 1.313628196716308594e+00 0.000000000000000000e+00 0.000000000000000000e+00 0.000000000000000000e+00 1.000000000000000000e+00
1.716363907903111696e+09 1.143925380706787287e+01 -1.293590927124023438e+01 1.324732899665832297e+00 0.000000000000000000e+00 0.000000000000000000e+00 0.000000000000000000e+00 1.000000000000000000e+00
1.716363908003554106e+09 1.157762813568115234e+01 -1.300041484832763672e+01 1.335004925727844238e+00 0.000000000000000000e+00 0.000000000000000000e+00 0.000000000000000000e+00 1.000000000000000000e+00
1.716363908104567766e+09 1.176323795318603516e+01 -1.312432193756103516e+01 1.342035531997680886e+00 0.000000000000000000e+00 0.000000000000000000e+00 0.000000000000000000e+00 1.000000000000000000e+00
1.716363908154388666e+09 1.182928371429443359e+01 -1.315914154052734375e+01 1.345536589622497559e+00 0.000000000000000000e+00 0.000000000000000000e+00 0.000000000000000000e+00 1.000000000000000000e+00
1.716363908205055237e+09 1.189621353149414062e+01 -1.319445228576660156e+01 1.348478794097900391e+00 0.000000000000000000e+00 0.000000000000000000e+00 0.000000000000000000e+00 1.000000000000000000e+00
1.716363908304874897e+09 1.207799053192138850e+01 -1.331999301910400391e+01 1.352345108985900879e+00 0.000000000000000000e+00 0.000000000000000000e+00 0.000000000000000000e+00 1.000000000000000000e+00
1.716363908354952335e+09 1.214557552337646484e+01 -1.335589599609375000e+01 1.354053735733032227e+00 0.000000000000000000e+00 0.000000000000000000e+00 0.000000000000000000e+00 1.000000000000000000e+00
1.716363908405036211e+09 1.221286106109619141e+01 -1.339202117919922053e+01 1.355794072151184082e+00 0.000000000000000000e+00 0.000000000000000000e+00 0.000000000000000000e+00 1.000000000000000000e+00
1.716363908505428553e+09 1.238965320587158203e+01 -1.351902008056640625e+01 1.358146190643310325e+00 0.000000000000000000e+00 0.000000000000000000e+00 0.000000000000000000e+00 1.000000000000000000e+00
1.716363908555714846e+09 1.245461654663085938e+01 -1.355849933624267578e+01 1.359397530555725098e+00 0.000000000000000000e+00 0.000000000000000000e+00 0.000000000000000000e+00 1.000000000000000000e+00
1.716363908605880976e+09 1.252262592315673828e+01 -1.360057735443115234e+01 1.360542297363281250e+00 0.000000000000000000e+00 0.000000000000000000e+00 0.000000000000000000e+00 1.000000000000000000e+00
1.716363908656024933e+09 1.258807659149169922e+01 -1.364090156555175781e+01 1.361755013465881126e+00 0.000000000000000000e+00 0.000000000000000000e+00 0.000000000000000000e+00 1.000000000000000000e+00
1.716363908806704283e+09 1.283177089691161932e+01 -1.381733417510986328e+01 1.364250063896179199e+00 0.000000000000000000e+00 0.000000000000000000e+00 0.000000000000000000e+00 1.000000000000000000e+00
1.716363908857069969e+09 1.289337539672851562e+01 -1.385837936401367188e+01 1.364954829216003418e+00 0.000000000000000000e+00 0.000000000000000000e+00 0.000000000000000000e+00 1.000000000000000000e+00
1.716363908907101870e+09 1.300867366790771662e+01 -1.395598125457763672e+01 1.364933013916015625e+00 0.000000000000000000e+00 0.000000000000000000e+00 0.000000000000000000e+00 1.000000000000000000e+00
1.716363908957772255e+09 1.307237529754638850e+01 -1.399775505065917969e+01 1.364773035049438477e+00 0.000000000000000000e+00 0.000000000000000000e+00 0.000000000000000000e+00 1.000000000000000000e+00
1.716363909008396387e+09 1.313570499420166016e+01 -1.403985404968261541e+01 1.364684104919433594e+00 0.000000000000000000e+00 0.000000000000000000e+00 0.000000000000000000e+00 1.000000000000000000e+00
1.716363909058326006e+09 1.319938278198242188e+01 -1.408296966552734375e+01 1.363919258117675781e+00 0.000000000000000000e+00 0.000000000000000000e+00 0.000000000000000000e+00 1.000000000000000000e+00
1.716363909108475685e+09 1.331368827819824219e+01 -1.418139934539794922e+01 1.362034440040588379e+00 0.000000000000000000e+00 0.000000000000000000e+00 0.000000000000000000e+00 1.000000000000000000e+00
1.716363909158598661e+09 1.337781620025634766e+01 -1.422679042816161932e+01 1.360361337661743164e+00 0.000000000000000000e+00 0.000000000000000000e+00 0.000000000000000000e+00 1.000000000000000000e+00
1.716363909208801985e+09 1.344232368469238459e+01 -1.427317810058593750e+01 1.358372569084167703e+00 0.000000000000000000e+00 0.000000000000000000e+00 0.000000000000000000e+00 1.000000000000000000e+00
1.716363909258925915e+09 1.350604724884033203e+01 -1.431890964508056641e+01 1.355990767478942871e+00 0.000000000000000000e+00 0.000000000000000000e+00 0.000000000000000000e+00 1.000000000000000000e+00
1.716363909309033394e+09 1.362793064117431641e+01 -1.442660617828369141e+01 1.352449536323547363e+00 0.000000000000000000e+00 0.000000000000000000e+00 0.000000000000000000e+00 1.000000000000000000e+00
1.716363909359205961e+09 1.368851280212402344e+01 -1.446976947784423828e+01 1.349772810935973899e+00 0.000000000000000000e+00 0.000000000000000000e+00 0.000000000000000000e+00 1.000000000000000000e+00
1.716363909409189224e+09 1.375116729736327947e+01 -1.451507377624511541e+01 1.345641374588012695e+00 0.000000000000000000e+00 0.000000000000000000e+00 0.000000000000000000e+00 1.000000000000000000e+00
1.716363909459413052e+09 1.381707191467285156e+01 -1.456279373168945135e+01 1.341487646102905273e+00 0.000000000000000000e+00 0.000000000000000000e+00 0.000000000000000000e+00 1.000000000000000000e+00
1.716363909509823561e+09 1.388555526733398438e+01 -1.461494731903076172e+01 1.337666273117065430e+00 0.000000000000000000e+00 0.000000000000000000e+00 0.000000000000000000e+00 1.000000000000000000e+00
1.716363909559805393e+09 1.400319004058838068e+01 -1.471832275390625000e+01 1.333272576332092507e+00 0.000000000000000000e+00 0.000000000000000000e+00 0.000000000000000000e+00 1.000000000000000000e+00
1.716363909610242844e+09 1.406709098815917969e+01 -1.476514434814453125e+01 1.329252123832702637e+00 0.000000000000000000e+00 0.000000000000000000e+00 0.000000000000000000e+00 1.000000000000000000e+00
1.716363909660574675e+09 1.413133811950683594e+01 -1.481300544738769531e+01 1.325471520423889160e+00 0.000000000000000000e+00 0.000000000000000000e+00 0.000000000000000000e+00 1.000000000000000000e+00
1.716363909710604429e+09 1.419560623168945135e+01 -1.486083316802978338e+01 1.321462035179138184e+00 0.000000000000000000e+00 0.000000000000000000e+00 0.000000000000000000e+00 1.000000000000000000e+00
1.716363909760981321e+09 1.431482791900634766e+01 -1.496678829193115234e+01 1.317270159721374290e+00 0.000000000000000000e+00 0.000000000000000000e+00 0.000000000000000000e+00 1.000000000000000000e+00
1.716363909811663389e+09 1.437957477569580078e+01 -1.501413631439208984e+01 1.313713073730468750e+00 0.000000000000000000e+00 0.000000000000000000e+00 0.000000000000000000e+00 1.000000000000000000e+00
1.716363909861862421e+09 1.444417190551757812e+01 -1.506161499023437678e+01 1.310204386711120605e+00 0.000000000000000000e+00 0.000000000000000000e+00 0.000000000000000000e+00 1.000000000000000000e+00
1.716363909962043047e+09 1.457569885253906250e+01 -1.515568351745605646e+01 1.303745746612548828e+00 0.000000000000000000e+00 0.000000000000000000e+00 0.000000000000000000e+00 1.000000000000000000e+00
1.716363910012102604e+09 1.469941425323486328e+01 -1.526141738891601562e+01 1.299761176109313965e+00 0.000000000000000000e+00 0.000000000000000000e+00 0.000000000000000000e+00 1.000000000000000000e+00
1.716363910062735319e+09 1.476602077484130859e+01 -1.530691242218017578e+01 1.297168493270874023e+00 0.000000000000000000e+00 0.000000000000000000e+00 0.000000000000000000e+00 1.000000000000000000e+00
1.716363910162750721e+09 1.489940452575683594e+01 -1.539768791198730469e+01 1.292164444923400879e+00 0.000000000000000000e+00 0.000000000000000000e+00 0.000000000000000000e+00 1.000000000000000000e+00
1.716363910212679386e+09 1.502489471435546875e+01 -1.550165176391601562e+01 1.289524316787719505e+00 0.000000000000000000e+00 0.000000000000000000e+00 0.000000000000000000e+00 1.000000000000000000e+00
1.716363910263072729e+09 1.509414196014404475e+01 -1.554731178283691406e+01 1.287926316261291504e+00 0.000000000000000000e+00 0.000000000000000000e+00 0.000000000000000000e+00 1.000000000000000000e+00
1.716363910313231468e+09 1.516518974304199219e+01 -1.559399127960205078e+01 1.286457419395446777e+00 0.000000000000000000e+00 0.000000000000000000e+00 0.000000000000000000e+00 1.000000000000000000e+00
1.716363910413550854e+09 1.530346679687500000e+01 -1.568124485015869141e+01 1.284484863281250000e+00 0.000000000000000000e+00 0.000000000000000000e+00 0.000000000000000000e+00 1.000000000000000000e+00
1.716363910463897705e+09 1.542836570739745916e+01 -1.578150558471679688e+01 1.283379673957824707e+00 0.000000000000000000e+00 0.000000000000000000e+00 0.000000000000000000e+00 1.000000000000000000e+00
1.716363910514385462e+09 1.549906635284423828e+01 -1.582565784454345525e+01 1.283562302589416504e+00 0.000000000000000000e+00 0.000000000000000000e+00 0.000000000000000000e+00 1.000000000000000000e+00
1.716363910614566326e+09 1.563661289215088068e+01 -1.590648174285888850e+01 1.285499691963195801e+00 0.000000000000000000e+00 0.000000000000000000e+00 0.000000000000000000e+00 1.000000000000000000e+00
1.716363910715037584e+09 1.577007102966308594e+01 -1.601087951660156250e+01 1.286935925483703613e+00 0.000000000000000000e+00 0.000000000000000000e+00 0.000000000000000000e+00 1.000000000000000000e+00
1.716363910765168428e+09 1.584199523925781250e+01 -1.605234909057617188e+01 1.289781689643860085e+00 0.000000000000000000e+00 0.000000000000000000e+00 0.000000000000000000e+00 1.000000000000000000e+00
1.716363910815330267e+09 1.598936367034911932e+01 -1.614017105102539062e+01 1.296794176101684570e+00 0.000000000000000000e+00 0.000000000000000000e+00 0.000000000000000000e+00 1.000000000000000000e+00
1.716363910915794849e+09 1.613053894042968750e+01 -1.625230216979980469e+01 1.299483060836791992e+00 0.000000000000000000e+00 0.000000000000000000e+00 0.000000000000000000e+00 1.000000000000000000e+00
1.716363910967010260e+09 1.620284461975097656e+01 -1.629329872131347656e+01 1.304843544960021973e+00 0.000000000000000000e+00 0.000000000000000000e+00 0.000000000000000000e+00 1.000000000000000000e+00
1.716363911016033649e+09 1.635513877868652344e+01 -1.637885093688964844e+01 1.317830204963684082e+00 0.000000000000000000e+00 0.000000000000000000e+00 0.000000000000000000e+00 1.000000000000000000e+00
1.716363911066460133e+09 1.642993545532226562e+01 -1.642009162902832031e+01 1.324372172355652078e+00 0.000000000000000000e+00 0.000000000000000000e+00 0.000000000000000000e+00 1.000000000000000000e+00
1.716363911166608810e+09 1.656605911254882812e+01 -1.652159309387207031e+01 1.330620884895324707e+00 0.000000000000000000e+00 0.000000000000000000e+00 0.000000000000000000e+00 1.000000000000000000e+00
1.716363911216854334e+09 1.664293289184570312e+01 -1.656209754943847656e+01 1.338157415390014648e+00 0.000000000000000000e+00 0.000000000000000000e+00 0.000000000000000000e+00 1.000000000000000000e+00
1.716363911267836809e+09 1.672524261474609375e+01 -1.660702133178710938e+01 1.345810651779174805e+00 0.000000000000000000e+00 0.000000000000000000e+00 0.000000000000000000e+00 1.000000000000000000e+00
1.716363911317328930e+09 1.688445663452148438e+01 -1.670075798034667969e+01 1.358274459838867188e+00 0.000000000000000000e+00 0.000000000000000000e+00 0.000000000000000000e+00 1.000000000000000000e+00
1.716363911417594671e+09 1.702952003479003906e+01 -1.681435775756835938e+01 1.363828182220458984e+00 0.000000000000000000e+00 0.000000000000000000e+00 0.000000000000000000e+00 1.000000000000000000e+00
1.716363911468102217e+09 1.710863494873046875e+01 -1.686377525329589844e+01 1.369443893432617188e+00 0.000000000000000000e+00 0.000000000000000000e+00 0.000000000000000000e+00 1.000000000000000000e+00
1.716363911517986298e+09 1.726135063171386719e+01 -1.696098899841308594e+01 1.376777529716491699e+00 0.000000000000000000e+00 0.000000000000000000e+00 0.000000000000000000e+00 1.000000000000000000e+00
1.716363911568514585e+09 1.739719581604003906e+01 -1.706957244873046875e+01 1.377948284149169922e+00 0.000000000000000000e+00 0.000000000000000000e+00 0.000000000000000000e+00 1.000000000000000000e+00
1.716363911618405342e+09 1.747089958190917969e+01 -1.711867904663085938e+01 1.379235506057739258e+00 0.000000000000000000e+00 0.000000000000000000e+00 0.000000000000000000e+00 1.000000000000000000e+00
1.716363911668477297e+09 1.754431533813476562e+01 -1.716947555541992188e+01 1.377948999404907227e+00 0.000000000000000000e+00 0.000000000000000000e+00 0.000000000000000000e+00 1.000000000000000000e+00
1.716363911718713045e+09 1.761910629272460938e+01 -1.722171020507812500e+01 1.376054406166076882e+00 0.000000000000000000e+00 0.000000000000000000e+00 0.000000000000000000e+00 1.000000000000000000e+00
1.716363911769425869e+09 1.774927520751953125e+01 -1.732885551452636719e+01 1.372318863868713379e+00 0.000000000000000000e+00 0.000000000000000000e+00 0.000000000000000000e+00 1.000000000000000000e+00
1.716363911819239140e+09 1.782383346557617188e+01 -1.738558197021484375e+01 1.367135882377624290e+00 0.000000000000000000e+00 0.000000000000000000e+00 0.000000000000000000e+00 1.000000000000000000e+00
1.716363911869645119e+09 1.789275169372558594e+01 -1.744091033935546875e+01 1.360514760017395020e+00 0.000000000000000000e+00 0.000000000000000000e+00 0.000000000000000000e+00 1.000000000000000000e+00
1.716363912120330095e+09 1.825455856323242543e+01 -1.778284835815429688e+01 1.316820979118347168e+00 0.000000000000000000e+00 0.000000000000000000e+00 0.000000000000000000e+00 1.000000000000000000e+00
1.716363912170950413e+09 1.833999443054199219e+01 -1.786989974975585938e+01 1.307418584823608398e+00 0.000000000000000000e+00 0.000000000000000000e+00 0.000000000000000000e+00 1.000000000000000000e+00
1.716363912220841408e+09 1.840308189392089844e+01 -1.793976593017578125e+01 1.298809051513672097e+00 0.000000000000000000e+00 0.000000000000000000e+00 0.000000000000000000e+00 1.000000000000000000e+00
1.716363912270969629e+09 1.846142959594726562e+01 -1.800445365905761719e+01 1.289806604385375977e+00 0.000000000000000000e+00 0.000000000000000000e+00 0.000000000000000000e+00 1.000000000000000000e+00
1.716363912522136927e+09 1.878395271301269176e+01 -1.838067245483398438e+01 1.240129709243774414e+00 0.000000000000000000e+00 0.000000000000000000e+00 0.000000000000000000e+00 1.000000000000000000e+00
1.716363912572264433e+09 1.889049530029296875e+01 -1.850184059143066406e+01 1.228303790092468484e+00 0.000000000000000000e+00 0.000000000000000000e+00 0.000000000000000000e+00 1.000000000000000000e+00
1.716363912622623444e+09 1.893616485595703125e+01 -1.856366539001464844e+01 1.216702580451965110e+00 0.000000000000000000e+00 0.000000000000000000e+00 0.000000000000000000e+00 1.000000000000000000e+00
1.716363912672787428e+09 1.898463439941406250e+01 -1.862834358215332031e+01 1.205514550209045410e+00 0.000000000000000000e+00 0.000000000000000000e+00 0.000000000000000000e+00 1.000000000000000000e+00
1.716363912722853661e+09 1.903066062927246094e+01 -1.869119262695312500e+01 1.193131923675537109e+00 0.000000000000000000e+00 0.000000000000000000e+00 0.000000000000000000e+00 1.000000000000000000e+00
1.716363912773189545e+09 1.912677764892578125e+01 -1.880434799194335938e+01 1.180224895477294922e+00 0.000000000000000000e+00 0.000000000000000000e+00 0.000000000000000000e+00 1.000000000000000000e+00
1.716363912823119402e+09 1.917423629760742543e+01 -1.887000846862792969e+01 1.169030785560607910e+00 0.000000000000000000e+00 0.000000000000000000e+00 0.000000000000000000e+00 1.000000000000000000e+00
1.716363912873425722e+09 1.922042465209960938e+01 -1.893266868591308949e+01 1.157936453819274902e+00 0.000000000000000000e+00 0.000000000000000000e+00 0.000000000000000000e+00 1.000000000000000000e+00
1.716363912923760653e+09 1.926643180847167969e+01 -1.899549102783203125e+01 1.146245956420898438e+00 0.000000000000000000e+00 0.000000000000000000e+00 0.000000000000000000e+00 1.000000000000000000e+00
1.716363913024165392e+09 1.935896682739257457e+01 -1.910510826110839844e+01 1.134001374244689941e+00 0.000000000000000000e+00 0.000000000000000000e+00 0.000000000000000000e+00 1.000000000000000000e+00
1.716363913074351788e+09 1.944720077514648438e+01 -1.922743225097655895e+01 1.112908720970153809e+00 0.000000000000000000e+00 0.000000000000000000e+00 0.000000000000000000e+00 1.000000000000000000e+00
1.716363913124418020e+09 1.949118995666503906e+01 -1.928941345214844105e+01 1.102220296859741211e+00 0.000000000000000000e+00 0.000000000000000000e+00 0.000000000000000000e+00 1.000000000000000000e+00
1.716363913174816370e+09 1.953083419799804688e+01 -1.934581947326660156e+01 1.091549515724181907e+00 0.000000000000000000e+00 0.000000000000000000e+00 0.000000000000000000e+00 1.000000000000000000e+00
1.716363913275302172e+09 1.966979980468750000e+01 -1.951912307739257457e+01 1.069391131401062012e+00 0.000000000000000000e+00 0.000000000000000000e+00 0.000000000000000000e+00 1.000000000000000000e+00
1.716363913325150728e+09 1.971247863769531250e+01 -1.957812881469726562e+01 1.059414982795715110e+00 0.000000000000000000e+00 0.000000000000000000e+00 0.000000000000000000e+00 1.000000000000000000e+00
1.716363913375406265e+09 1.975392723083496094e+01 -1.963693237304687500e+01 1.049008250236511230e+00 0.000000000000000000e+00 0.000000000000000000e+00 0.000000000000000000e+00 1.000000000000000000e+00
1.716363913476018667e+09 1.988992118835448863e+01 -1.980604171752929688e+01 1.027103543281555176e+00 0.000000000000000000e+00 0.000000000000000000e+00 0.000000000000000000e+00 1.000000000000000000e+00
1.716363913527044296e+09 1.993288803100585938e+01 -1.986472892761230469e+01 1.017781734466552734e+00 0.000000000000000000e+00 0.000000000000000000e+00 0.000000000000000000e+00 1.000000000000000000e+00
1.716363913576353312e+09 1.997501754760742543e+01 -1.992283821105957031e+01 1.008909344673156738e+00 0.000000000000000000e+00 0.000000000000000000e+00 0.000000000000000000e+00 1.000000000000000000e+00
1.716363913626243830e+09 2.006956672668457031e+01 -2.003461265563964844e+01 1.000506281852722168e+00 0.000000000000000000e+00 0.000000000000000000e+00 0.000000000000000000e+00 1.000000000000000000e+00
1.716363913676345110e+09 2.011095046997070312e+01 -2.009494400024414062e+01 9.949417114257812500e-01 0.000000000000000000e+00 0.000000000000000000e+00 0.000000000000000000e+00 1.000000000000000000e+00
1.716363913726829290e+09 2.015217399597167969e+01 -2.015547943115234375e+01 9.915355443954467773e-01 0.000000000000000000e+00 0.000000000000000000e+00 0.000000000000000000e+00 1.000000000000000000e+00
1.716363913776941776e+09 2.019376945495605113e+01 -2.021567153930664062e+01 9.896418452262878418e-01 0.000000000000000000e+00 0.000000000000000000e+00 0.000000000000000000e+00 1.000000000000000000e+00
1.716363913827092171e+09 2.028372192382812500e+01 -2.032369232177734375e+01 9.883113503456115723e-01 0.000000000000000000e+00 0.000000000000000000e+00 0.000000000000000000e+00 1.000000000000000000e+00
1.716363913877235651e+09 2.032637405395508168e+01 -2.038290405273437145e+01 9.901764988899232067e-01 0.000000000000000000e+00 0.000000000000000000e+00 0.000000000000000000e+00 1.000000000000000000e+00
1.716363913927630424e+09 2.037084579467773082e+01 -2.044314384460448863e+01 9.930763244628906250e-01 0.000000000000000000e+00 0.000000000000000000e+00 0.000000000000000000e+00 1.000000000000000000e+00
1.716363913977840185e+09 2.041402053833008168e+01 -2.050329971313476918e+01 9.978191256523132324e-01 0.000000000000000000e+00 0.000000000000000000e+00 0.000000000000000000e+00 1.000000000000000000e+00
1.716363914027786732e+09 2.046211624145508168e+01 -2.056703186035155895e+01 1.003185987472534180e+00 0.000000000000000000e+00 0.000000000000000000e+00 0.000000000000000000e+00 1.000000000000000000e+00
1.716363914178743362e+09 2.064145278930664062e+01 -2.079261589050292969e+01 1.027412891387939675e+00 0.000000000000000000e+00 0.000000000000000000e+00 0.000000000000000000e+00 1.000000000000000000e+00
1.716363914229003668e+09 2.068360137939453125e+01 -2.085103797912597656e+01 1.037227988243103027e+00 0.000000000000000000e+00 0.000000000000000000e+00 0.000000000000000000e+00 1.000000000000000000e+00
1.716363914279348135e+09 2.072611045837402344e+01 -2.090769004821777344e+01 1.047407031059265137e+00 0.000000000000000000e+00 0.000000000000000000e+00 0.000000000000000000e+00 1.000000000000000000e+00
1.716363914379487991e+09 2.086431121826171875e+01 -2.107104682922363637e+01 1.067784786224365234e+00 0.000000000000000000e+00 0.000000000000000000e+00 0.000000000000000000e+00 1.000000000000000000e+00
1.716363914429913521e+09 2.090796279907226562e+01 -2.112799453735351918e+01 1.080597996711730957e+00 0.000000000000000000e+00 0.000000000000000000e+00 0.000000000000000000e+00 1.000000000000000000e+00
1.716363914480113983e+09 2.095307540893554688e+01 -2.118486785888671875e+01 1.092047214508056641e+00 0.000000000000000000e+00 0.000000000000000000e+00 0.000000000000000000e+00 1.000000000000000000e+00
1.716363914580414057e+09 2.108663940429687500e+01 -2.134578704833984375e+01 1.117890238761902078e+00 0.000000000000000000e+00 0.000000000000000000e+00 0.000000000000000000e+00 1.000000000000000000e+00
1.716363914630460739e+09 2.113106536865234375e+01 -2.139911270141601562e+01 1.130808711051940918e+00 0.000000000000000000e+00 0.000000000000000000e+00 0.000000000000000000e+00 1.000000000000000000e+00
1.716363914680752754e+09 2.117753601074218750e+01 -2.145321846008300781e+01 1.143844485282897949e+00 0.000000000000000000e+00 0.000000000000000000e+00 0.000000000000000000e+00 1.000000000000000000e+00
1.716363914730918407e+09 2.122004699707031250e+01 -2.150280380249023438e+01 1.157472848892211914e+00 0.000000000000000000e+00 0.000000000000000000e+00 0.000000000000000000e+00 1.000000000000000000e+00
1.716363914781578779e+09 2.131238365173339844e+01 -2.160296440124512074e+01 1.171195387840270996e+00 0.000000000000000000e+00 0.000000000000000000e+00 0.000000000000000000e+00 1.000000000000000000e+00
1.716363914831845284e+09 2.135681152343750000e+01 -2.165346145629882812e+01 1.186029195785522461e+00 0.000000000000000000e+00 0.000000000000000000e+00 0.000000000000000000e+00 1.000000000000000000e+00
1.716363914883279562e+09 2.140172767639160156e+01 -2.170345687866210938e+01 1.199993491172790305e+00 0.000000000000000000e+00 0.000000000000000000e+00 0.000000000000000000e+00 1.000000000000000000e+00
1.716363914932201147e+09 2.144747924804687500e+01 -2.175402069091796875e+01 1.213906764984130859e+00 0.000000000000000000e+00 0.000000000000000000e+00 0.000000000000000000e+00 1.000000000000000000e+00
1.716363915035202742e+09 2.158064270019531250e+01 -2.189686965942382812e+01 1.239257097244262695e+00 0.000000000000000000e+00 0.000000000000000000e+00 0.000000000000000000e+00 1.000000000000000000e+00
1.716363915084513903e+09 2.162505531311035156e+01 -2.194448661804199219e+01 1.250727891921997070e+00 0.000000000000000000e+00 0.000000000000000000e+00 0.000000000000000000e+00 1.000000000000000000e+00
1.716363915132847786e+09 2.166855430603027699e+01 -2.199159240722655895e+01 1.262035965919494629e+00 0.000000000000000000e+00 0.000000000000000000e+00 0.000000000000000000e+00 1.000000000000000000e+00
1.716363915183525085e+09 2.171035385131835938e+01 -2.203614234924316406e+01 1.272130250930785911e+00 0.000000000000000000e+00 0.000000000000000000e+00 0.000000000000000000e+00 1.000000000000000000e+00
1.716363915233541012e+09 2.179643249511718750e+01 -2.212689399719238281e+01 1.280885219573974609e+00 0.000000000000000000e+00 0.000000000000000000e+00 0.000000000000000000e+00 1.000000000000000000e+00
1.716363915284195423e+09 2.183554458618164062e+01 -2.217125701904296875e+01 1.288762331008911133e+00 0.000000000000000000e+00 0.000000000000000000e+00 0.000000000000000000e+00 1.000000000000000000e+00
1.716363915333521366e+09 2.187607574462890270e+01 -2.221560859680176137e+01 1.295322895050048828e+00 0.000000000000000000e+00 0.000000000000000000e+00 0.000000000000000000e+00 1.000000000000000000e+00
1.716363915384166718e+09 2.191497993469238281e+01 -2.225733947753906250e+01 1.300407052040100098e+00 0.000000000000000000e+00 0.000000000000000000e+00 0.000000000000000000e+00 1.000000000000000000e+00
1.716363915434009790e+09 2.199469947814941051e+01 -2.234026908874512074e+01 1.304504275321960449e+00 0.000000000000000000e+00 0.000000000000000000e+00 0.000000000000000000e+00 1.000000000000000000e+00
1.716363915484854460e+09 2.203191184997558238e+01 -2.238224029541015980e+01 1.307269096374511497e+00 0.000000000000000000e+00 0.000000000000000000e+00 0.000000000000000000e+00 1.000000000000000000e+00
1.716363915534659624e+09 2.206970214843750000e+01 -2.242644309997558238e+01 1.309175372123718484e+00 0.000000000000000000e+00 0.000000000000000000e+00 0.000000000000000000e+00 1.000000000000000000e+00
1.716363915585335970e+09 2.210437965393066406e+01 -2.246949386596680043e+01 1.310888051986694336e+00 0.000000000000000000e+00 0.000000000000000000e+00 0.000000000000000000e+00 1.000000000000000000e+00
1.716363915634932041e+09 2.217943191528320312e+01 -2.255277442932128906e+01 1.310770750045776367e+00 0.000000000000000000e+00 0.000000000000000000e+00 0.000000000000000000e+00 1.000000000000000000e+00
1.716363915685386658e+09 2.221357345581054688e+01 -2.259353256225585938e+01 1.310488939285278320e+00 0.000000000000000000e+00 0.000000000000000000e+00 0.000000000000000000e+00 1.000000000000000000e+00
1.716363915735470772e+09 2.224885177612304688e+01 -2.263456916809082031e+01 1.309629321098327637e+00 0.000000000000000000e+00 0.000000000000000000e+00 0.000000000000000000e+00 1.000000000000000000e+00
1.716363915788291216e+09 2.228370285034180043e+01 -2.267602348327636719e+01 1.308518886566162109e+00 0.000000000000000000e+00 0.000000000000000000e+00 0.000000000000000000e+00 1.000000000000000000e+00
1.716363915836320877e+09 2.231757736206054688e+01 -2.271842765808105113e+01 1.306317925453186035e+00 0.000000000000000000e+00 0.000000000000000000e+00 0.000000000000000000e+00 1.000000000000000000e+00
1.716363915887473345e+09 2.238649177551269176e+01 -2.279790496826171875e+01 1.304419279098510742e+00 0.000000000000000000e+00 0.000000000000000000e+00 0.000000000000000000e+00 1.000000000000000000e+00
1.716363915987101793e+09 2.245236015319823863e+01 -2.288455009460448863e+01 1.299744963645935059e+00 0.000000000000000000e+00 0.000000000000000000e+00 0.000000000000000000e+00 1.000000000000000000e+00
1.716363916036912441e+09 2.248317909240722656e+01 -2.292714500427246094e+01 1.297755718231201172e+00 0.000000000000000000e+00 0.000000000000000000e+00 0.000000000000000000e+00 1.000000000000000000e+00
1.716363916137246132e+09 2.255416870117187500e+01 -2.301157569885253906e+01 1.295060634613037109e+00 0.000000000000000000e+00 0.000000000000000000e+00 0.000000000000000000e+00 1.000000000000000000e+00
1.716363916188014269e+09 2.261535453796386719e+01 -2.310138511657714844e+01 1.290332198143005371e+00 0.000000000000000000e+00 0.000000000000000000e+00 0.000000000000000000e+00 1.000000000000000000e+00
1.716363916237894058e+09 2.264965438842773082e+01 -2.315174102783203125e+01 1.286541819572448730e+00 0.000000000000000000e+00 0.000000000000000000e+00 0.000000000000000000e+00 1.000000000000000000e+00
1.716363916288380146e+09 2.271616554260253906e+01 -2.323493576049804688e+01 1.283321499824523926e+00 0.000000000000000000e+00 0.000000000000000000e+00 0.000000000000000000e+00 1.000000000000000000e+00
1.716363916389252424e+09 2.281021690368652344e+01 -2.337782859802246094e+01 1.273409605026245117e+00 0.000000000000000000e+00 0.000000000000000000e+00 0.000000000000000000e+00 1.000000000000000000e+00
1.716363916439091682e+09 2.284271240234375000e+01 -2.342712974548339844e+01 1.270365357398986816e+00 0.000000000000000000e+00 0.000000000000000000e+00 0.000000000000000000e+00 1.000000000000000000e+00
1.716363916589665174e+09 2.294829940795898438e+01 -2.356853485107421875e+01 1.264189600944519043e+00 0.000000000000000000e+00 0.000000000000000000e+00 0.000000000000000000e+00 1.000000000000000000e+00
1.716363916639039278e+09 2.298302078247070312e+01 -2.362264442443848012e+01 1.262840270996093750e+00 0.000000000000000000e+00 0.000000000000000000e+00 0.000000000000000000e+00 1.000000000000000000e+00
1.716363916690992594e+09 2.305753707885742543e+01 -2.371755981445312500e+01 1.261834263801574707e+00 0.000000000000000000e+00 0.000000000000000000e+00 0.000000000000000000e+00 1.000000000000000000e+00
1.716363916791273355e+09 2.312862777709960938e+01 -2.382694625854491832e+01 1.260690212249756081e+00 0.000000000000000000e+00 0.000000000000000000e+00 0.000000000000000000e+00 1.000000000000000000e+00
1.716363916840121269e+09 2.316283607482910156e+01 -2.388153839111328125e+01 1.260714411735534890e+00 0.000000000000000000e+00 0.000000000000000000e+00 0.000000000000000000e+00 1.000000000000000000e+00
1.716363916891510010e+09 2.319579887390136719e+01 -2.393594360351562500e+01 1.261372327804565430e+00 0.000000000000000000e+00 0.000000000000000000e+00 0.000000000000000000e+00 1.000000000000000000e+00
1.716363916940291643e+09 2.327355957031250000e+01 -2.403744506835937145e+01 1.262260675430298074e+00 0.000000000000000000e+00 0.000000000000000000e+00 0.000000000000000000e+00 1.000000000000000000e+00
1.716363916990490913e+09 2.330751037597655895e+01 -2.409366416931152344e+01 1.263652682304382324e+00 0.000000000000000000e+00 0.000000000000000000e+00 0.000000000000000000e+00 1.000000000000000000e+00
1.716363917040458441e+09 2.333959960937500000e+01 -2.414890480041503906e+01 1.266010999679565430e+00 0.000000000000000000e+00 0.000000000000000000e+00 0.000000000000000000e+00 1.000000000000000000e+00
1.716363917090742111e+09 2.337442970275878906e+01 -2.420565986633300781e+01 1.268867015838623047e+00 0.000000000000000000e+00 0.000000000000000000e+00 0.000000000000000000e+00 1.000000000000000000e+00
1.716363917141008139e+09 2.345191955566406250e+01 -2.430740737915039062e+01 1.272060990333557129e+00 0.000000000000000000e+00 0.000000000000000000e+00 0.000000000000000000e+00 1.000000000000000000e+00
1.716363917191140413e+09 2.348643493652344105e+01 -2.436584854125976918e+01 1.276264667510986328e+00 0.000000000000000000e+00 0.000000000000000000e+00 0.000000000000000000e+00 1.000000000000000000e+00
1.716363917241402626e+09 2.351964187622070312e+01 -2.442415428161621094e+01 1.280790567398071289e+00 0.000000000000000000e+00 0.000000000000000000e+00 0.000000000000000000e+00 1.000000000000000000e+00
1.716363917291565418e+09 2.355271720886230469e+01 -2.448118019104003906e+01 1.284644842147827148e+00 0.000000000000000000e+00 0.000000000000000000e+00 0.000000000000000000e+00 1.000000000000000000e+00
1.716363917341698408e+09 2.363660812377929688e+01 -2.458921432495116832e+01 1.287471890449523926e+00 0.000000000000000000e+00 0.000000000000000000e+00 0.000000000000000000e+00 1.000000000000000000e+00
1.716363917392147779e+09 2.366997337341308949e+01 -2.464455413818359730e+01 1.291205525398254395e+00 0.000000000000000000e+00 0.000000000000000000e+00 0.000000000000000000e+00 1.000000000000000000e+00
1.716363917442305326e+09 2.370326614379882812e+01 -2.470134735107421875e+01 1.295870780944824219e+00 0.000000000000000000e+00 0.000000000000000000e+00 0.000000000000000000e+00 1.000000000000000000e+00
1.716363917492295742e+09 2.373736763000488281e+01 -2.475873184204101562e+01 1.299259543418884499e+00 0.000000000000000000e+00 0.000000000000000000e+00 0.000000000000000000e+00 1.000000000000000000e+00
1.716363917543409348e+09 2.381285095214844105e+01 -2.486093139648437145e+01 1.301976203918457031e+00 0.000000000000000000e+00 0.000000000000000000e+00 0.000000000000000000e+00 1.000000000000000000e+00
1.716363917594094753e+09 2.384910392761230469e+01 -2.492038154602050781e+01 1.304222941398620605e+00 0.000000000000000000e+00 0.000000000000000000e+00 0.000000000000000000e+00 1.000000000000000000e+00
1.716363917643023014e+09 2.388415336608886719e+01 -2.497821044921875000e+01 1.307079672813415527e+00 0.000000000000000000e+00 0.000000000000000000e+00 0.000000000000000000e+00 1.000000000000000000e+00
1.716363917693162680e+09 2.391626167297363637e+01 -2.503330421447753906e+01 1.309625625610351562e+00 0.000000000000000000e+00 0.000000000000000000e+00 0.000000000000000000e+00 1.000000000000000000e+00
1.716363917743338346e+09 2.394879913330078125e+01 -2.508935928344726562e+01 1.311543822288513184e+00 0.000000000000000000e+00 0.000000000000000000e+00 0.000000000000000000e+00 1.000000000000000000e+00
1.716363917793600321e+09 2.402789688110351918e+01 -2.519219779968261719e+01 1.312556266784667969e+00 0.000000000000000000e+00 0.000000000000000000e+00 0.000000000000000000e+00 1.000000000000000000e+00
1.716363917843863726e+09 2.406018257141113281e+01 -2.524707984924316406e+01 1.312899589538574219e+00 0.000000000000000000e+00 0.000000000000000000e+00 0.000000000000000000e+00 1.000000000000000000e+00
1.716363917894157171e+09 2.409436798095703125e+01 -2.530152893066406250e+01 1.313149213790893555e+00 0.000000000000000000e+00 0.000000000000000000e+00 0.000000000000000000e+00 1.000000000000000000e+00
1.716363917944378138e+09 2.416066932678222656e+01 -2.540959739685058238e+01 1.311318993568420410e+00 0.000000000000000000e+00 0.000000000000000000e+00 0.000000000000000000e+00 1.000000000000000000e+00
1.716363918044810057e+09 2.423671340942382812e+01 -2.550839042663574574e+01 1.310472130775451660e+00 0.000000000000000000e+00 0.000000000000000000e+00 0.000000000000000000e+00 1.000000000000000000e+00
1.716363918095079184e+09 2.427111434936523438e+01 -2.556259918212890270e+01 1.309465646743774414e+00 0.000000000000000000e+00 0.000000000000000000e+00 0.000000000000000000e+00 1.000000000000000000e+00
1.716363918145395279e+09 2.433754158020019531e+01 -2.567048072814941051e+01 1.305749297142028809e+00 0.000000000000000000e+00 0.000000000000000000e+00 0.000000000000000000e+00 1.000000000000000000e+00
1.716363918195568085e+09 2.437097167968750000e+01 -2.572420501708984375e+01 1.303408980369568093e+00 0.000000000000000000e+00 0.000000000000000000e+00 0.000000000000000000e+00 1.000000000000000000e+00
1.716363918295779943e+09 2.447962570190429688e+01 -2.587605285644531250e+01 1.296989083290100098e+00 0.000000000000000000e+00 0.000000000000000000e+00 0.000000000000000000e+00 1.000000000000000000e+00
1.716363918346094847e+09 2.451208305358886719e+01 -2.592791557312012074e+01 1.293475151062011497e+00 0.000000000000000000e+00 0.000000000000000000e+00 0.000000000000000000e+00 1.000000000000000000e+00
1.716363918396300316e+09 2.454440879821777344e+01 -2.597989463806152344e+01 1.289706826210021973e+00 0.000000000000000000e+00 0.000000000000000000e+00 0.000000000000000000e+00 1.000000000000000000e+00
1.716363918496844053e+09 2.462431144714355469e+01 -2.608045387268066406e+01 1.283920049667358398e+00 0.000000000000000000e+00 0.000000000000000000e+00 0.000000000000000000e+00 1.000000000000000000e+00
1.716363918546999693e+09 2.465890121459960938e+01 -2.613440132141113281e+01 1.279079318046569824e+00 0.000000000000000000e+00 0.000000000000000000e+00 0.000000000000000000e+00 1.000000000000000000e+00
1.716363918597086430e+09 2.472354316711425426e+01 -2.624381828308105113e+01 1.271113514900207520e+00 0.000000000000000000e+00 0.000000000000000000e+00 0.000000000000000000e+00 1.000000000000000000e+00
1.716363918697502375e+09 2.479277992248535156e+01 -2.633516311645508168e+01 1.265033364295959695e+00 0.000000000000000000e+00 0.000000000000000000e+00 0.000000000000000000e+00 1.000000000000000000e+00
1.716363918747754335e+09 2.482230567932128906e+01 -2.638559913635253906e+01 1.259045124053955078e+00 0.000000000000000000e+00 0.000000000000000000e+00 0.000000000000000000e+00 1.000000000000000000e+00
1.716363918797897577e+09 2.488365554809570312e+01 -2.648979187011718750e+01 1.248213529586791992e+00 0.000000000000000000e+00 0.000000000000000000e+00 0.000000000000000000e+00 1.000000000000000000e+00
1.716363918847972155e+09 2.491431045532226562e+01 -2.654326057434082031e+01 1.242325544357299805e+00 0.000000000000000000e+00 0.000000000000000000e+00 0.000000000000000000e+00 1.000000000000000000e+00
1.716363918898106575e+09 2.493969726562500000e+01 -2.659344291687012074e+01 1.237137079238891602e+00 0.000000000000000000e+00 0.000000000000000000e+00 0.000000000000000000e+00 1.000000000000000000e+00
1.716363919049048662e+09 2.506522750854491832e+01 -2.679632568359375000e+01 1.220116138458251953e+00 0.000000000000000000e+00 0.000000000000000000e+00 0.000000000000000000e+00 1.000000000000000000e+00
1.716363919099148512e+09 2.509264373779296875e+01 -2.684730339050292969e+01 1.214316844940185547e+00 0.000000000000000000e+00 0.000000000000000000e+00 0.000000000000000000e+00 1.000000000000000000e+00
1.716363919149665833e+09 2.515654754638671875e+01 -2.693670845031738281e+01 1.207835316658020020e+00 0.000000000000000000e+00 0.000000000000000000e+00 0.000000000000000000e+00 1.000000000000000000e+00
1.716363919200029850e+09 2.518308258056640625e+01 -2.698575401306152344e+01 1.202097654342651367e+00 0.000000000000000000e+00 0.000000000000000000e+00 0.000000000000000000e+00 1.000000000000000000e+00
1.716363919300172091e+09 2.523336219787597656e+01 -2.708233451843261719e+01 1.192127466201782227e+00 0.000000000000000000e+00 0.000000000000000000e+00 0.000000000000000000e+00 1.000000000000000000e+00
1.716363919400464535e+09 2.532294082641601562e+01 -2.722017097473144531e+01 1.181518316268920898e+00 0.000000000000000000e+00 0.000000000000000000e+00 0.000000000000000000e+00 1.000000000000000000e+00
1.716363919450818300e+09 2.535039329528808949e+01 -2.726832962036132812e+01 1.176456809043884499e+00 0.000000000000000000e+00 0.000000000000000000e+00 0.000000000000000000e+00 1.000000000000000000e+00
1.716363919550843716e+09 2.540203666687012074e+01 -2.735811042785644531e+01 1.167057633399963379e+00 0.000000000000000000e+00 0.000000000000000000e+00 0.000000000000000000e+00 1.000000000000000000e+00
1.716363919600986004e+09 2.545735740661621094e+01 -2.743631744384765625e+01 1.161256551742553711e+00 0.000000000000000000e+00 0.000000000000000000e+00 0.000000000000000000e+00 1.000000000000000000e+00
1.716363919650923491e+09 2.548034477233886719e+01 -2.747904968261718750e+01 1.156810879707336426e+00 0.000000000000000000e+00 0.000000000000000000e+00 0.000000000000000000e+00 1.000000000000000000e+00
1.716363919701002121e+09 2.550367927551269176e+01 -2.752146148681640625e+01 1.152816414833068848e+00 0.000000000000000000e+00 0.000000000000000000e+00 0.000000000000000000e+00 1.000000000000000000e+00
1.716363919801295280e+09 2.552649307250976918e+01 -2.756162071228027699e+01 1.148547649383544922e+00 0.000000000000000000e+00 0.000000000000000000e+00 0.000000000000000000e+00 1.000000000000000000e+00
1.716363919851492643e+09 2.557749557495116832e+01 -2.763155364990234375e+01 1.144240260124206321e+00 0.000000000000000000e+00 0.000000000000000000e+00 0.000000000000000000e+00 1.000000000000000000e+00
1.716363919902465105e+09 2.559972763061523438e+01 -2.766950798034667969e+01 1.139232277870178223e+00 0.000000000000000000e+00 0.000000000000000000e+00 0.000000000000000000e+00 1.000000000000000000e+00
1.716363919952541590e+09 2.564154243469238281e+01 -2.774240493774414062e+01 1.129011869430541992e+00 0.000000000000000000e+00 0.000000000000000000e+00 0.000000000000000000e+00 1.000000000000000000e+00
1.716363920052979469e+09 2.568824005126953125e+01 -2.780539703369140625e+01 1.123934745788574219e+00 0.000000000000000000e+00 0.000000000000000000e+00 0.000000000000000000e+00 1.000000000000000000e+00
1.716363920103855610e+09 2.570707511901855469e+01 -2.783830833435058238e+01 1.119143962860107422e+00 0.000000000000000000e+00 0.000000000000000000e+00 0.000000000000000000e+00 1.000000000000000000e+00
1.716363920154075146e+09 2.574290084838867188e+01 -2.790308380126953125e+01 1.108296751976013184e+00 0.000000000000000000e+00 0.000000000000000000e+00 0.000000000000000000e+00 1.000000000000000000e+00
1.716363920203399897e+09 2.576160812377929688e+01 -2.793609809875488281e+01 1.103050231933593750e+00 0.000000000000000000e+00 0.000000000000000000e+00 0.000000000000000000e+00 1.000000000000000000e+00
1.716363920304427147e+09 2.581677436828613281e+01 -2.801976203918457031e+01 1.093301653861999512e+00 0.000000000000000000e+00 0.000000000000000000e+00 0.000000000000000000e+00 1.000000000000000000e+00
1.716363920354130507e+09 2.583104896545410156e+01 -2.804870796203613281e+01 1.089348435401916504e+00 0.000000000000000000e+00 0.000000000000000000e+00 0.000000000000000000e+00 1.000000000000000000e+00
1.716363920404606819e+09 2.584577941894531250e+01 -2.807860183715820312e+01 1.086094498634338379e+00 0.000000000000000000e+00 0.000000000000000000e+00 0.000000000000000000e+00 1.000000000000000000e+00
1.716363920454553843e+09 2.585885620117187500e+01 -2.810458183288574574e+01 1.083234071731567383e+00 0.000000000000000000e+00 0.000000000000000000e+00 0.000000000000000000e+00 1.000000000000000000e+00
1.716363920554929495e+09 2.590356063842773082e+01 -2.817341041564941051e+01 1.075427174568176492e+00 0.000000000000000000e+00 0.000000000000000000e+00 0.000000000000000000e+00 1.000000000000000000e+00
1.716363920605430126e+09 2.591615104675292969e+01 -2.819846916198730469e+01 1.072392702102661133e+00 0.000000000000000000e+00 0.000000000000000000e+00 0.000000000000000000e+00 1.000000000000000000e+00
1.716363920657045364e+09 2.592566299438476918e+01 -2.821956443786621094e+01 1.069412708282470703e+00 0.000000000000000000e+00 0.000000000000000000e+00 0.000000000000000000e+00 1.000000000000000000e+00
1.716363920755800486e+09 2.595961761474609375e+01 -2.828062820434570312e+01 1.063708305358886719e+00 0.000000000000000000e+00 0.000000000000000000e+00 0.000000000000000000e+00 1.000000000000000000e+00
1.716363920805992603e+09 2.597024536132812500e+01 -2.830204963684082031e+01 1.060665607452392578e+00 0.000000000000000000e+00 0.000000000000000000e+00 0.000000000000000000e+00 1.000000000000000000e+00
1.716363920856462955e+09 2.597687339782714844e+01 -2.831762886047363637e+01 1.057069659233093262e+00 0.000000000000000000e+00 0.000000000000000000e+00 0.000000000000000000e+00 1.000000000000000000e+00
1.716363920957306862e+09 2.600036430358886719e+01 -2.836248016357421875e+01 1.050625205039978027e+00 0.000000000000000000e+00 0.000000000000000000e+00 0.000000000000000000e+00 1.000000000000000000e+00
1.716363921007085085e+09 2.600669860839844105e+01 -2.837695312500000000e+01 1.046014189720153809e+00 0.000000000000000000e+00 0.000000000000000000e+00 0.000000000000000000e+00 1.000000000000000000e+00
1.716363921057471752e+09 2.601206779479980469e+01 -2.838959121704101562e+01 1.041056990623473899e+00 0.000000000000000000e+00 0.000000000000000000e+00 0.000000000000000000e+00 1.000000000000000000e+00
1.716363921108160734e+09 2.601766204833984375e+01 -2.840202713012695668e+01 1.036548614501953125e+00 0.000000000000000000e+00 0.000000000000000000e+00 0.000000000000000000e+00 1.000000000000000000e+00
1.716363921208714247e+09 2.603090476989746094e+01 -2.842235755920410156e+01 1.030973315238952637e+00 0.000000000000000000e+00 0.000000000000000000e+00 0.000000000000000000e+00 1.000000000000000000e+00
1.716363921258975983e+09 2.603729820251464844e+01 -2.844071960449218750e+01 1.018992781639099121e+00 0.000000000000000000e+00 0.000000000000000000e+00 0.000000000000000000e+00 1.000000000000000000e+00
1.716363921358116150e+09 2.604545021057128906e+01 -2.845744705200195668e+01 1.005868792533874290e+00 0.000000000000000000e+00 0.000000000000000000e+00 0.000000000000000000e+00 1.000000000000000000e+00
1.716363921408247232e+09 2.604686737060546875e+01 -2.846145629882812500e+01 9.989100098609924316e-01 0.000000000000000000e+00 0.000000000000000000e+00 0.000000000000000000e+00 1.000000000000000000e+00
1.716363921458670616e+09 2.604625511169433594e+01 -2.846324729919433594e+01 9.916797280311584473e-01 0.000000000000000000e+00 0.000000000000000000e+00 0.000000000000000000e+00 1.000000000000000000e+00
1.716363921559014082e+09 2.604476737976074574e+01 -2.846571159362792969e+01 9.771409034729003906e-01 0.000000000000000000e+00 0.000000000000000000e+00 0.000000000000000000e+00 1.000000000000000000e+00
1.716363921611730576e+09 2.604067802429199219e+01 -2.846253585815429688e+01 9.693328738212584339e-01 0.000000000000000000e+00 0.000000000000000000e+00 0.000000000000000000e+00 1.000000000000000000e+00
1.716363921661936998e+09 2.603723144531250000e+01 -2.845878219604491832e+01 9.621229767799376331e-01 0.000000000000000000e+00 0.000000000000000000e+00 0.000000000000000000e+00 1.000000000000000000e+00
1.716363921760401487e+09 2.602797508239746094e+01 -2.844936561584472656e+01 9.478372931480407715e-01 0.000000000000000000e+00 0.000000000000000000e+00 0.000000000000000000e+00 1.000000000000000000e+00
1.716363921912276745e+09 2.600663375854491832e+01 -2.842530059814453125e+01 9.365880489349364124e-01 0.000000000000000000e+00 0.000000000000000000e+00 0.000000000000000000e+00 1.000000000000000000e+00
1.716363921961585045e+09 2.598656845092773082e+01 -2.840146255493164062e+01 9.274403452873229980e-01 0.000000000000000000e+00 0.000000000000000000e+00 0.000000000000000000e+00 1.000000000000000000e+00
1.716363922012253761e+09 2.597467613220214844e+01 -2.838786506652832031e+01 9.233841896057127796e-01 0.000000000000000000e+00 0.000000000000000000e+00 0.000000000000000000e+00 1.000000000000000000e+00
1.716363922113043308e+09 2.593485641479491832e+01 -2.834152984619140625e+01 9.193705320358276367e-01 0.000000000000000000e+00 0.000000000000000000e+00 0.000000000000000000e+00 1.000000000000000000e+00
1.716363922161751986e+09 2.591842079162597656e+01 -2.832267379760742543e+01 9.192033410072327770e-01 0.000000000000000000e+00 0.000000000000000000e+00 0.000000000000000000e+00 1.000000000000000000e+00
1.716363922211828470e+09 2.590186691284180043e+01 -2.830394744873046875e+01 9.200043678283692516e-01 0.000000000000000000e+00 0.000000000000000000e+00 0.000000000000000000e+00 1.000000000000000000e+00
1.716363922312613726e+09 2.584493637084960938e+01 -2.824091148376464844e+01 9.249183535575867809e-01 0.000000000000000000e+00 0.000000000000000000e+00 0.000000000000000000e+00 1.000000000000000000e+00
1.716363922362637758e+09 2.582489204406738281e+01 -2.821868324279785156e+01 9.300057888031005859e-01 0.000000000000000000e+00 0.000000000000000000e+00 0.000000000000000000e+00 1.000000000000000000e+00
1.716363922412820816e+09 2.580358314514160156e+01 -2.819627761840820312e+01 9.362152814865112305e-01 0.000000000000000000e+00 0.000000000000000000e+00 0.000000000000000000e+00 1.000000000000000000e+00
1.716363922513250351e+09 2.573353576660155895e+01 -2.812243270874023438e+01 9.535297155380247913e-01 0.000000000000000000e+00 0.000000000000000000e+00 0.000000000000000000e+00 1.000000000000000000e+00
1.716363922563589811e+09 2.571003341674804688e+01 -2.809936904907226562e+01 9.624797105789183460e-01 0.000000000000000000e+00 0.000000000000000000e+00 0.000000000000000000e+00 1.000000000000000000e+00
1.716363922663837433e+09 2.562771034240722656e+01 -2.801653480529785156e+01 9.870283603668211780e-01 0.000000000000000000e+00 0.000000000000000000e+00 0.000000000000000000e+00 1.000000000000000000e+00
1.716363922714273453e+09 2.559895706176757457e+01 -2.798884582519531250e+01 9.998474121093750000e-01 0.000000000000000000e+00 0.000000000000000000e+00 0.000000000000000000e+00 1.000000000000000000e+00
1.716363922764112711e+09 2.557101440429687500e+01 -2.796583175659180043e+01 1.012883067131042480e+00 0.000000000000000000e+00 0.000000000000000000e+00 0.000000000000000000e+00 1.000000000000000000e+00
1.716363922814518929e+09 2.553825759887695668e+01 -2.793637657165527699e+01 1.026131391525268555e+00 0.000000000000000000e+00 0.000000000000000000e+00 0.000000000000000000e+00 1.000000000000000000e+00
1.716363922865083933e+09 2.548203659057616832e+01 -2.787957382202148438e+01 1.038639903068542480e+00 0.000000000000000000e+00 0.000000000000000000e+00 0.000000000000000000e+00 1.000000000000000000e+00
1.716363922914959908e+09 2.545063972473144531e+01 -2.785155296325683949e+01 1.050512194633484109e+00 0.000000000000000000e+00 0.000000000000000000e+00 0.000000000000000000e+00 1.000000000000000000e+00
1.716363922965220690e+09 2.541885375976562500e+01 -2.782388687133789062e+01 1.062812566757201926e+00 0.000000000000000000e+00 0.000000000000000000e+00 0.000000000000000000e+00 1.000000000000000000e+00
1.716363923015313625e+09 2.538470458984375000e+01 -2.779566955566406250e+01 1.075450181961059570e+00 0.000000000000000000e+00 0.000000000000000000e+00 0.000000000000000000e+00 1.000000000000000000e+00
1.716363923065497398e+09 2.534658622741699219e+01 -2.776430130004882812e+01 1.088263750076293945e+00 0.000000000000000000e+00 0.000000000000000000e+00 0.000000000000000000e+00 1.000000000000000000e+00
1.716363923116049051e+09 2.531159782409667969e+01 -2.773547935485839844e+01 1.100664734840393066e+00 0.000000000000000000e+00 0.000000000000000000e+00 0.000000000000000000e+00 1.000000000000000000e+00
1.716363923215939045e+09 2.524384689331054688e+01 -2.767156791687012074e+01 1.113349676132201926e+00 0.000000000000000000e+00 0.000000000000000000e+00 0.000000000000000000e+00 1.000000000000000000e+00
1.716363923266397476e+09 2.520790481567382812e+01 -2.764361000061035156e+01 1.126431107521057129e+00 0.000000000000000000e+00 0.000000000000000000e+00 0.000000000000000000e+00 1.000000000000000000e+00
1.716363923316473961e+09 2.513575935363769176e+01 -2.758382034301757457e+01 1.150043010711669922e+00 0.000000000000000000e+00 0.000000000000000000e+00 0.000000000000000000e+00 1.000000000000000000e+00
1.716363923417021990e+09 2.505975532531738281e+01 -2.750980186462402344e+01 1.161613583564758301e+00 0.000000000000000000e+00 0.000000000000000000e+00 0.000000000000000000e+00 1.000000000000000000e+00
1.716363923468230486e+09 2.502035140991210938e+01 -2.747547721862792969e+01 1.172686576843261497e+00 0.000000000000000000e+00 0.000000000000000000e+00 0.000000000000000000e+00 1.000000000000000000e+00
1.716363923517304897e+09 2.494372367858886719e+01 -2.740484046936035156e+01 1.195820331573486328e+00 0.000000000000000000e+00 0.000000000000000000e+00 0.000000000000000000e+00 1.000000000000000000e+00
1.716363923567510605e+09 2.490655708312988281e+01 -2.736710739135742543e+01 1.206237912178039551e+00 0.000000000000000000e+00 0.000000000000000000e+00 0.000000000000000000e+00 1.000000000000000000e+00
1.716363923667952061e+09 2.483082771301269176e+01 -2.728333663940429688e+01 1.216864466667175293e+00 0.000000000000000000e+00 0.000000000000000000e+00 0.000000000000000000e+00 1.000000000000000000e+00
1.716363923718068361e+09 2.475064277648925426e+01 -2.719559478759765625e+01 1.237377762794494629e+00 0.000000000000000000e+00 0.000000000000000000e+00 0.000000000000000000e+00 1.000000000000000000e+00
1.716363923768675804e+09 2.471003913879394531e+01 -2.715151977539062500e+01 1.248799085617065430e+00 0.000000000000000000e+00 0.000000000000000000e+00 0.000000000000000000e+00 1.000000000000000000e+00
1.716363923869759321e+09 2.462695503234863637e+01 -2.705956077575683949e+01 1.260281562805175781e+00 0.000000000000000000e+00 0.000000000000000000e+00 0.000000000000000000e+00 1.000000000000000000e+00
1.716363923918668509e+09 2.454540634155273082e+01 -2.695951461791991832e+01 1.281759381294250488e+00 0.000000000000000000e+00 0.000000000000000000e+00 0.000000000000000000e+00 1.000000000000000000e+00
1.716363923969218731e+09 2.450126075744628906e+01 -2.690240669250488281e+01 1.292080163955688477e+00 0.000000000000000000e+00 0.000000000000000000e+00 0.000000000000000000e+00 1.000000000000000000e+00
1.716363924069257498e+09 2.441415786743164062e+01 -2.679514503479003906e+01 1.302207112312316895e+00 0.000000000000000000e+00 0.000000000000000000e+00 0.000000000000000000e+00 1.000000000000000000e+00
1.716363924119328260e+09 2.433452224731445312e+01 -2.667570686340332031e+01 1.320814609527587891e+00 0.000000000000000000e+00 0.000000000000000000e+00 0.000000000000000000e+00 1.000000000000000000e+00
1.716363924169453621e+09 2.429392051696777344e+01 -2.661262321472167969e+01 1.328588247299194336e+00 0.000000000000000000e+00 0.000000000000000000e+00 0.000000000000000000e+00 1.000000000000000000e+00
1.716363924220522404e+09 2.425323295593261719e+01 -2.654961204528808949e+01 1.337316632270812988e+00 0.000000000000000000e+00 0.000000000000000000e+00 0.000000000000000000e+00 1.000000000000000000e+00
1.716363924320058584e+09 2.411827278137207031e+01 -2.636280059814453125e+01 1.353414893150329590e+00 0.000000000000000000e+00 0.000000000000000000e+00 0.000000000000000000e+00 1.000000000000000000e+00
1.716363924370478392e+09 2.407769012451171875e+01 -2.629423713684082031e+01 1.360278844833374023e+00 0.000000000000000000e+00 0.000000000000000000e+00 0.000000000000000000e+00 1.000000000000000000e+00
1.716363924420480728e+09 2.403539276123046875e+01 -2.622451782226562500e+01 1.366449236869812012e+00 0.000000000000000000e+00 0.000000000000000000e+00 0.000000000000000000e+00 1.000000000000000000e+00
1.716363924520795584e+09 2.393502998352050781e+01 -2.609134292602539062e+01 1.371087789535522461e+00 0.000000000000000000e+00 0.000000000000000000e+00 0.000000000000000000e+00 1.000000000000000000e+00
1.716363924570976257e+09 2.384727096557616832e+01 -2.594522476196289062e+01 1.377098083496093750e+00 0.000000000000000000e+00 0.000000000000000000e+00 0.000000000000000000e+00 1.000000000000000000e+00
1.716363924621323109e+09 2.380405235290527699e+01 -2.587085151672363637e+01 1.377910017967223899e+00 0.000000000000000000e+00 0.000000000000000000e+00 0.000000000000000000e+00 1.000000000000000000e+00
1.716363924721673012e+09 2.370225143432616832e+01 -2.573486137390136719e+01 1.378190994262695090e+00 0.000000000000000000e+00 0.000000000000000000e+00 0.000000000000000000e+00 1.000000000000000000e+00
1.716363924771906137e+09 2.360878944396972656e+01 -2.558299064636230469e+01 1.375001549720764160e+00 0.000000000000000000e+00 0.000000000000000000e+00 0.000000000000000000e+00 1.000000000000000000e+00
1.716363924822001219e+09 2.356205749511718750e+01 -2.550634956359863637e+01 1.371242761611938477e+00 0.000000000000000000e+00 0.000000000000000000e+00 0.000000000000000000e+00 1.000000000000000000e+00
1.716363924872509480e+09 2.351235771179199219e+01 -2.542698669433593750e+01 1.366645216941833496e+00 0.000000000000000000e+00 0.000000000000000000e+00 0.000000000000000000e+00 1.000000000000000000e+00
1.716363924922653437e+09 2.340781784057616832e+01 -2.528935432434082031e+01 1.360891461372375710e+00 0.000000000000000000e+00 0.000000000000000000e+00 0.000000000000000000e+00 1.000000000000000000e+00
1.716363925073390961e+09 2.321426963806152344e+01 -2.502964401245116832e+01 1.347064375877380371e+00 0.000000000000000000e+00 0.000000000000000000e+00 0.000000000000000000e+00 1.000000000000000000e+00
1.716363925123337746e+09 2.313475990295410156e+01 -2.489866638183593750e+01 1.326741814613342507e+00 0.000000000000000000e+00 0.000000000000000000e+00 0.000000000000000000e+00 1.000000000000000000e+00
1.716363925173294783e+09 2.308328819274902344e+01 -2.481809806823730469e+01 1.315396547317504883e+00 0.000000000000000000e+00 0.000000000000000000e+00 0.000000000000000000e+00 1.000000000000000000e+00
1.716363925223527193e+09 2.303067016601562500e+01 -2.473583412170410156e+01 1.302297353744506836e+00 0.000000000000000000e+00 0.000000000000000000e+00 0.000000000000000000e+00 1.000000000000000000e+00
1.716363925324487209e+09 2.292849349975585938e+01 -2.457793998718261719e+01 1.273136973381042480e+00 0.000000000000000000e+00 0.000000000000000000e+00 0.000000000000000000e+00 1.000000000000000000e+00
1.716363925424274206e+09 2.279506301879882812e+01 -2.441235733032226562e+01 1.259063243865966797e+00 0.000000000000000000e+00 0.000000000000000000e+00 0.000000000000000000e+00 1.000000000000000000e+00
1.716363925474482775e+09 2.273939704895019531e+01 -2.433009147644042969e+01 1.242661237716674805e+00 0.000000000000000000e+00 0.000000000000000000e+00 0.000000000000000000e+00 1.000000000000000000e+00
1.716363925524808884e+09 2.261877250671386719e+01 -2.416051101684570312e+01 1.211160540580749512e+00 0.000000000000000000e+00 0.000000000000000000e+00 0.000000000000000000e+00 1.000000000000000000e+00
1.716363925575585365e+09 2.256131362915039062e+01 -2.407849502563476918e+01 1.194930911064147949e+00 0.000000000000000000e+00 0.000000000000000000e+00 0.000000000000000000e+00 1.000000000000000000e+00
1.716363925675451756e+09 2.243717193603515980e+01 -2.392603111267089844e+01 1.180635690689086914e+00 0.000000000000000000e+00 0.000000000000000000e+00 0.000000000000000000e+00 1.000000000000000000e+00
1.716363925725600004e+09 2.232131767272948863e+01 -2.376148033142089844e+01 1.153596401214599609e+00 0.000000000000000000e+00 0.000000000000000000e+00 0.000000000000000000e+00 1.000000000000000000e+00
1.716363925775882721e+09 2.226239013671875000e+01 -2.367808151245116832e+01 1.141613125801086426e+00 0.000000000000000000e+00 0.000000000000000000e+00 0.000000000000000000e+00 1.000000000000000000e+00
1.716363925826060057e+09 2.219928550720214844e+01 -2.359312629699707031e+01 1.131101965904235840e+00 0.000000000000000000e+00 0.000000000000000000e+00 0.000000000000000000e+00 1.000000000000000000e+00
1.716363925926509619e+09 2.206763267517089844e+01 -2.343675804138183949e+01 1.123227953910827637e+00 0.000000000000000000e+00 0.000000000000000000e+00 0.000000000000000000e+00 1.000000000000000000e+00
1.716363925977103472e+09 2.193838310241699219e+01 -2.326563262939453125e+01 1.108305454254150391e+00 0.000000000000000000e+00 0.000000000000000000e+00 0.000000000000000000e+00 1.000000000000000000e+00
1.716363926027086496e+09 2.180548286437988281e+01 -2.310632896423339844e+01 1.103093981742858887e+00 0.000000000000000000e+00 0.000000000000000000e+00 0.000000000000000000e+00 1.000000000000000000e+00
1.716363926077285051e+09 2.174243354797363637e+01 -2.302272605895996094e+01 1.097452759742736816e+00 0.000000000000000000e+00 0.000000000000000000e+00 0.000000000000000000e+00 1.000000000000000000e+00
1.716363926127570629e+09 2.167799377441406250e+01 -2.293906593322753906e+01 1.092711925506591797e+00 0.000000000000000000e+00 0.000000000000000000e+00 0.000000000000000000e+00 1.000000000000000000e+00
1.716363926227855206e+09 2.146413040161132812e+01 -2.268286323547363637e+01 1.087230086326599121e+00 0.000000000000000000e+00 0.000000000000000000e+00 0.000000000000000000e+00 1.000000000000000000e+00
1.716363926278065205e+09 2.139654159545898438e+01 -2.259668922424316406e+01 1.084336519241333008e+00 0.000000000000000000e+00 0.000000000000000000e+00 0.000000000000000000e+00 1.000000000000000000e+00
1.716363926328303337e+09 2.132743263244628906e+01 -2.251057624816894531e+01 1.081603288650512695e+00 0.000000000000000000e+00 0.000000000000000000e+00 0.000000000000000000e+00 1.000000000000000000e+00
1.716363926378485918e+09 2.118826293945312500e+01 -2.233786582946777344e+01 1.076327323913574219e+00 0.000000000000000000e+00 0.000000000000000000e+00 0.000000000000000000e+00 1.000000000000000000e+00
1.716363926479042530e+09 2.103486251831054688e+01 -2.216354751586914062e+01 1.074650049209594727e+00 0.000000000000000000e+00 0.000000000000000000e+00 0.000000000000000000e+00 1.000000000000000000e+00
1.716363926529048681e+09 2.096051406860351918e+01 -2.207272720336914062e+01 1.071352481842041016e+00 0.000000000000000000e+00 0.000000000000000000e+00 0.000000000000000000e+00 1.000000000000000000e+00
1.716363926629434586e+09 2.081060218811035156e+01 -2.188945960998535156e+01 1.064197063446044922e+00 0.000000000000000000e+00 0.000000000000000000e+00 0.000000000000000000e+00 1.000000000000000000e+00
1.716363926679555655e+09 2.073683929443359730e+01 -2.179943275451660156e+01 1.060047984123229980e+00 0.000000000000000000e+00 0.000000000000000000e+00 0.000000000000000000e+00 1.000000000000000000e+00
1.716363926780071974e+09 2.050008201599121094e+01 -2.152480316162109375e+01 1.051572561264038086e+00 0.000000000000000000e+00 0.000000000000000000e+00 0.000000000000000000e+00 1.000000000000000000e+00
1.716363926830408335e+09 2.034150505065917969e+01 -2.133308601379394531e+01 1.040642261505126953e+00 0.000000000000000000e+00 0.000000000000000000e+00 0.000000000000000000e+00 1.000000000000000000e+00
1.716363926930568457e+09 2.018175506591796875e+01 -2.115507507324218750e+01 1.037617087364196777e+00 0.000000000000000000e+00 0.000000000000000000e+00 0.000000000000000000e+00 1.000000000000000000e+00
1.716363926980939865e+09 2.009432601928710938e+01 -2.105455398559570312e+01 1.033338308334350586e+00 0.000000000000000000e+00 0.000000000000000000e+00 0.000000000000000000e+00 1.000000000000000000e+00
1.716363927031254768e+09 2.000996589660644531e+01 -2.095941162109375000e+01 1.029675245285034180e+00 0.000000000000000000e+00 0.000000000000000000e+00 0.000000000000000000e+00 1.000000000000000000e+00
1.716363927081197977e+09 1.992278671264648438e+01 -2.086283302307128906e+01 1.027196049690246582e+00 0.000000000000000000e+00 0.000000000000000000e+00 0.000000000000000000e+00 1.000000000000000000e+00
1.716363927131435871e+09 1.984052467346191762e+01 -2.076987266540527699e+01 1.025487661361694336e+00 0.000000000000000000e+00 0.000000000000000000e+00 0.000000000000000000e+00 1.000000000000000000e+00
1.716363927231730223e+09 1.966937065124512074e+01 -2.058208465576171875e+01 1.026735782623291016e+00 0.000000000000000000e+00 0.000000000000000000e+00 0.000000000000000000e+00 1.000000000000000000e+00
1.716363927282301664e+09 1.949968719482421875e+01 -2.039157104492187500e+01 1.030936121940612793e+00 0.000000000000000000e+00 0.000000000000000000e+00 0.000000000000000000e+00 1.000000000000000000e+00
1.716363927332520723e+09 1.932183456420898438e+01 -2.020201301574707031e+01 1.038209438323974609e+00 0.000000000000000000e+00 0.000000000000000000e+00 0.000000000000000000e+00 1.000000000000000000e+00
1.716363927382797241e+09 1.923417282104491832e+01 -2.010887908935546875e+01 1.045845270156860352e+00 0.000000000000000000e+00 0.000000000000000000e+00 0.000000000000000000e+00 1.000000000000000000e+00
1.716363927432734489e+09 1.914505958557128906e+01 -2.001437950134277344e+01 1.054170131683349609e+00 0.000000000000000000e+00 0.000000000000000000e+00 0.000000000000000000e+00 1.000000000000000000e+00
1.716363927583412647e+09 1.876693153381348012e+01 -1.961280441284180043e+01 1.087388157844543679e+00 0.000000000000000000e+00 0.000000000000000000e+00 0.000000000000000000e+00 1.000000000000000000e+00
1.716363927633650780e+09 1.867361831665039062e+01 -1.951270103454589844e+01 1.099647998809814453e+00 0.000000000000000000e+00 0.000000000000000000e+00 0.000000000000000000e+00 1.000000000000000000e+00
1.716363927683943272e+09 1.858724594116210938e+01 -1.941981506347655895e+01 1.113167166709899902e+00 0.000000000000000000e+00 0.000000000000000000e+00 0.000000000000000000e+00 1.000000000000000000e+00
1.716363927784460306e+09 1.840313911437988281e+01 -1.921998023986816406e+01 1.140227794647216797e+00 0.000000000000000000e+00 0.000000000000000000e+00 0.000000000000000000e+00 1.000000000000000000e+00
1.716363927884811401e+09 1.811457633972167969e+01 -1.890831184387207031e+01 1.168829441070556641e+00 0.000000000000000000e+00 0.000000000000000000e+00 0.000000000000000000e+00 1.000000000000000000e+00
1.716363927936628819e+09 1.792792701721191406e+01 -1.869562530517578125e+01 1.196718931198119895e+00 0.000000000000000000e+00 0.000000000000000000e+00 0.000000000000000000e+00 1.000000000000000000e+00
1.716363928085889578e+09 1.764569473266601562e+01 -1.838618659973144531e+01 1.229221701622009277e+00 0.000000000000000000e+00 0.000000000000000000e+00 0.000000000000000000e+00 1.000000000000000000e+00
1.716363928136058807e+09 1.755197715759277344e+01 -1.827949142456054688e+01 1.243447780609130859e+00 0.000000000000000000e+00 0.000000000000000000e+00 0.000000000000000000e+00 1.000000000000000000e+00
1.716363928186177254e+09 1.745241737365722656e+01 -1.816452217102050781e+01 1.256948590278625710e+00 0.000000000000000000e+00 0.000000000000000000e+00 0.000000000000000000e+00 1.000000000000000000e+00
1.716363928286765337e+09 1.716039466857910156e+01 -1.783240509033203125e+01 1.281976342201232910e+00 0.000000000000000000e+00 0.000000000000000000e+00 0.000000000000000000e+00 1.000000000000000000e+00
1.716363928337172031e+09 1.706775283813476562e+01 -1.772181510925292969e+01 1.292532920837402344e+00 0.000000000000000000e+00 0.000000000000000000e+00 0.000000000000000000e+00 1.000000000000000000e+00
1.716363928387533903e+09 1.697909545898437500e+01 -1.761569976806640625e+01 1.302370309829711914e+00 0.000000000000000000e+00 0.000000000000000000e+00 0.000000000000000000e+00 1.000000000000000000e+00
1.716363928437716961e+09 1.687569427490234375e+01 -1.749461174011230469e+01 1.311569213867187500e+00 0.000000000000000000e+00 0.000000000000000000e+00 0.000000000000000000e+00 1.000000000000000000e+00
1.716363928537856579e+09 1.656849479675292969e+01 -1.714778137207031250e+01 1.329531550407409668e+00 0.000000000000000000e+00 0.000000000000000000e+00 0.000000000000000000e+00 1.000000000000000000e+00
1.716363928588245869e+09 1.646836280822753906e+01 -1.702905464172363281e+01 1.336973786354064941e+00 0.000000000000000000e+00 0.000000000000000000e+00 0.000000000000000000e+00 1.000000000000000000e+00
1.716363928638216972e+09 1.637229919433593750e+01 -1.691750144958496094e+01 1.342735052108764648e+00 0.000000000000000000e+00 0.000000000000000000e+00 0.000000000000000000e+00 1.000000000000000000e+00
1.716363928688437462e+09 1.627627754211425781e+01 -1.680590438842773438e+01 1.348895192146301270e+00 0.000000000000000000e+00 0.000000000000000000e+00 0.000000000000000000e+00 1.000000000000000000e+00
1.716363928740020752e+09 1.607086944580078125e+01 -1.658168220520019531e+01 1.355726122856139915e+00 0.000000000000000000e+00 0.000000000000000000e+00 0.000000000000000000e+00 1.000000000000000000e+00
1.716363928788991451e+09 1.597365856170654475e+01 -1.646983146667480469e+01 1.361594557762145996e+00 0.000000000000000000e+00 0.000000000000000000e+00 0.000000000000000000e+00 1.000000000000000000e+00
1.716363928839385748e+09 1.587364482879638850e+01 -1.635372734069824219e+01 1.367413163185119629e+00 0.000000000000000000e+00 0.000000000000000000e+00 0.000000000000000000e+00 1.000000000000000000e+00
1.716363928889619350e+09 1.577700805664062322e+01 -1.624130439758300781e+01 1.372588872909545898e+00 0.000000000000000000e+00 0.000000000000000000e+00 0.000000000000000000e+00 1.000000000000000000e+00
1.716363928939877033e+09 1.557325077056884766e+01 -1.601823043823242188e+01 1.377880334854125977e+00 0.000000000000000000e+00 0.000000000000000000e+00 0.000000000000000000e+00 1.000000000000000000e+00
1.716363928990036488e+09 1.547515964508056641e+01 -1.590441226959228338e+01 1.381978631019592507e+00 0.000000000000000000e+00 0.000000000000000000e+00 0.000000000000000000e+00 1.000000000000000000e+00
1.716363929040508509e+09 1.537234306335449219e+01 -1.578681755065917969e+01 1.386641025543212891e+00 0.000000000000000000e+00 0.000000000000000000e+00 0.000000000000000000e+00 1.000000000000000000e+00
1.716363929090336323e+09 1.527460193634033203e+01 -1.567683887481689631e+01 1.391642212867736816e+00 0.000000000000000000e+00 0.000000000000000000e+00 0.000000000000000000e+00 1.000000000000000000e+00
1.716363929141912460e+09 1.507438659667968750e+01 -1.546426105499267578e+01 1.398056983947753906e+00 0.000000000000000000e+00 0.000000000000000000e+00 0.000000000000000000e+00 1.000000000000000000e+00
1.716363929190652370e+09 1.497011280059814453e+01 -1.535227680206298828e+01 1.405207872390747070e+00 0.000000000000000000e+00 0.000000000000000000e+00 0.000000000000000000e+00 1.000000000000000000e+00
1.716363929240957260e+09 1.486643695831298828e+01 -1.524389648437500000e+01 1.412857890129089355e+00 0.000000000000000000e+00 0.000000000000000000e+00 0.000000000000000000e+00 1.000000000000000000e+00
1.716363929290964127e+09 1.476575088500976562e+01 -1.514098358154296875e+01 1.421270966529846191e+00 0.000000000000000000e+00 0.000000000000000000e+00 0.000000000000000000e+00 1.000000000000000000e+00
1.716363929391237259e+09 1.445174121856689631e+01 -1.482429790496826172e+01 1.440502405166625977e+00 0.000000000000000000e+00 0.000000000000000000e+00 0.000000000000000000e+00 1.000000000000000000e+00
1.716363929441298962e+09 1.435045337677001953e+01 -1.472475433349609375e+01 1.451427698135375977e+00 0.000000000000000000e+00 0.000000000000000000e+00 0.000000000000000000e+00 1.000000000000000000e+00
1.716363929541536570e+09 1.414569568634033203e+01 -1.452916240692138850e+01 1.476117134094238503e+00 0.000000000000000000e+00 0.000000000000000000e+00 0.000000000000000000e+00 1.000000000000000000e+00
1.716363929641790628e+09 1.395019817352294922e+01 -1.433987045288085938e+01 1.490161776542663574e+00 0.000000000000000000e+00 0.000000000000000000e+00 0.000000000000000000e+00 1.000000000000000000e+00
1.716363929691864252e+09 1.364044475555419922e+01 -1.406488132476806641e+01 1.535119056701660156e+00 0.000000000000000000e+00 0.000000000000000000e+00 0.000000000000000000e+00 1.000000000000000000e+00
1.716363929843252182e+09 1.343920421600341797e+01 -1.387549591064453125e+01 1.549917936325073242e+00 0.000000000000000000e+00 0.000000000000000000e+00 0.000000000000000000e+00 1.000000000000000000e+00
1.716363929892835617e+09 1.312959384918212713e+01 -1.362505340576172053e+01 1.597261905670166016e+00 0.000000000000000000e+00 0.000000000000000000e+00 0.000000000000000000e+00 1.000000000000000000e+00
1.716363929993199587e+09 1.294264316558838068e+01 -1.345786285400390625e+01 1.612198352813720703e+00 0.000000000000000000e+00 0.000000000000000000e+00 0.000000000000000000e+00 1.000000000000000000e+00
1.716363930043394327e+09 1.283966350555419922e+01 -1.337914085388183594e+01 1.626814723014831543e+00 0.000000000000000000e+00 0.000000000000000000e+00 0.000000000000000000e+00 1.000000000000000000e+00
1.716363930094094753e+09 1.273930358886718750e+01 -1.330480289459228338e+01 1.639991879463195801e+00 0.000000000000000000e+00 0.000000000000000000e+00 0.000000000000000000e+00 1.000000000000000000e+00
1.716363930144180775e+09 1.253623771667480469e+01 -1.315690422058105646e+01 1.661325216293334961e+00 0.000000000000000000e+00 0.000000000000000000e+00 0.000000000000000000e+00 1.000000000000000000e+00
1.716363930244299412e+09 1.235313987731933594e+01 -1.299695587158203125e+01 1.668925404548645020e+00 0.000000000000000000e+00 0.000000000000000000e+00 0.000000000000000000e+00 1.000000000000000000e+00
1.716363930294461489e+09 1.225696563720703125e+01 -1.292681217193603516e+01 1.676270246505737305e+00 0.000000000000000000e+00 0.000000000000000000e+00 0.000000000000000000e+00 1.000000000000000000e+00
1.716363930344967604e+09 1.205680274963378729e+01 -1.277597808837890625e+01 1.686175465583801270e+00 0.000000000000000000e+00 0.000000000000000000e+00 0.000000000000000000e+00 1.000000000000000000e+00
1.716363930445236921e+09 1.187683200836181641e+01 -1.261576175689697266e+01 1.687347769737243652e+00 0.000000000000000000e+00 0.000000000000000000e+00 0.000000000000000000e+00 1.000000000000000000e+00
1.716363930495388746e+09 1.177910041809082031e+01 -1.254291439056396484e+01 1.688209772109985352e+00 0.000000000000000000e+00 0.000000000000000000e+00 0.000000000000000000e+00 1.000000000000000000e+00
1.716363930553132772e+09 1.158729553222656250e+01 -1.240197753906250000e+01 1.685429453849792480e+00 0.000000000000000000e+00 0.000000000000000000e+00 0.000000000000000000e+00 1.000000000000000000e+00
1.716363930646101713e+09 1.141370296478271662e+01 -1.224806308746338068e+01 1.680945158004760742e+00 0.000000000000000000e+00 0.000000000000000000e+00 0.000000000000000000e+00 1.000000000000000000e+00
1.716363930696255445e+09 1.132156848907470881e+01 -1.218087100982666016e+01 1.676538705825805664e+00 0.000000000000000000e+00 0.000000000000000000e+00 0.000000000000000000e+00 1.000000000000000000e+00
1.716363930746423006e+09 1.117724514007568359e+01 -1.205703830718993963e+01 1.670696139335632324e+00 0.000000000000000000e+00 0.000000000000000000e+00 0.000000000000000000e+00 1.000000000000000000e+00
1.716363930847149372e+09 1.092132282257080078e+01 -1.187303829193115234e+01 1.651293158531188965e+00 0.000000000000000000e+00 0.000000000000000000e+00 0.000000000000000000e+00 1.000000000000000000e+00
1.716363930947685719e+09 1.073825836181640625e+01 -1.170454597473144354e+01 1.643194794654846191e+00 0.000000000000000000e+00 0.000000000000000000e+00 0.000000000000000000e+00 1.000000000000000000e+00
1.716363930998067856e+09 1.065018463134765625e+01 -1.164019775390625000e+01 1.636967062950134499e+00 0.000000000000000000e+00 0.000000000000000000e+00 0.000000000000000000e+00 1.000000000000000000e+00
1.716363931048073530e+09 1.055556011199951172e+01 -1.156824207305908203e+01 1.631123423576354980e+00 0.000000000000000000e+00 0.000000000000000000e+00 0.000000000000000000e+00 1.000000000000000000e+00
1.716363931098586082e+09 1.035751152038574219e+01 -1.140922546386718750e+01 1.620070338249206321e+00 0.000000000000000000e+00 0.000000000000000000e+00 0.000000000000000000e+00 1.000000000000000000e+00
1.716363931148774147e+09 1.026276874542236328e+01 -1.133321571350097656e+01 1.613802790641784890e+00 0.000000000000000000e+00 0.000000000000000000e+00 0.000000000000000000e+00 1.000000000000000000e+00
1.716363931299486637e+09 9.910315513610839844e+00 -1.102515888214111150e+01 1.590208768844604492e+00 0.000000000000000000e+00 0.000000000000000000e+00 0.000000000000000000e+00 1.000000000000000000e+00
1.716363931399911165e+09 9.727322578430175781e+00 -1.087376689910888850e+01 1.572089791297912598e+00 0.000000000000000000e+00 0.000000000000000000e+00 0.000000000000000000e+00 1.000000000000000000e+00
1.716363931500224829e+09 9.561575889587402344e+00 -1.071350860595703125e+01 1.561239600181579590e+00 0.000000000000000000e+00 0.000000000000000000e+00 0.000000000000000000e+00 1.000000000000000000e+00
1.716363931550319433e+09 9.473640441894531250e+00 -1.063790607452392578e+01 1.551550865173339844e+00 0.000000000000000000e+00 0.000000000000000000e+00 0.000000000000000000e+00 1.000000000000000000e+00
1.716363931600562572e+09 9.299860000610351562e+00 -1.048878574371338068e+01 1.527987360954284890e+00 0.000000000000000000e+00 0.000000000000000000e+00 0.000000000000000000e+00 1.000000000000000000e+00
1.716363931652232885e+09 9.212153434753417969e+00 -1.041022491455077947e+01 1.515409111976623535e+00 0.000000000000000000e+00 0.000000000000000000e+00 0.000000000000000000e+00 1.000000000000000000e+00
1.716363931801699162e+09 8.881024360656738281e+00 -1.009299373626708984e+01 1.477896451950073242e+00 0.000000000000000000e+00 0.000000000000000000e+00 0.000000000000000000e+00 1.000000000000000000e+00
1.716363931901911020e+09 8.633937835693359375e+00 -9.852128028869627130e+00 1.453878641128540039e+00 0.000000000000000000e+00 0.000000000000000000e+00 0.000000000000000000e+00 1.000000000000000000e+00
1.716363931952093124e+09 8.547592163085937500e+00 -9.772176742553712714e+00 1.441157102584838867e+00 0.000000000000000000e+00 0.000000000000000000e+00 0.000000000000000000e+00 1.000000000000000000e+00
1.716363932052551031e+09 8.464846611022949219e+00 -9.694353103637695312e+00 1.427216410636902078e+00 0.000000000000000000e+00 0.000000000000000000e+00 0.000000000000000000e+00 1.000000000000000000e+00
1.716363932103090525e+09 8.306779861450195312e+00 -9.528261184692384589e+00 1.412764787673950195e+00 0.000000000000000000e+00 0.000000000000000000e+00 0.000000000000000000e+00 1.000000000000000000e+00
1.716363932152938128e+09 8.140364646911621094e+00 -9.361306190490724433e+00 1.383832693099975586e+00 0.000000000000000000e+00 0.000000000000000000e+00 0.000000000000000000e+00 1.000000000000000000e+00
1.716363932253861427e+09 7.978492259979248047e+00 -9.199562072753906250e+00 1.355881690979003906e+00 0.000000000000000000e+00 0.000000000000000000e+00 0.000000000000000000e+00 1.000000000000000000e+00
1.716363932354118586e+09 7.746432304382324219e+00 -8.950366973876953125e+00 1.331812500953674316e+00 0.000000000000000000e+00 0.000000000000000000e+00 0.000000000000000000e+00 1.000000000000000000e+00
1.716363932454569817e+09 7.594964027404785156e+00 -8.782191276550292969e+00 1.312103152275085449e+00 0.000000000000000000e+00 0.000000000000000000e+00 0.000000000000000000e+00 1.000000000000000000e+00
1.716363932504762888e+09 7.519625186920166016e+00 -8.696444511413574219e+00 1.303674817085265891e+00 0.000000000000000000e+00 0.000000000000000000e+00 0.000000000000000000e+00 1.000000000000000000e+00
1.716363932605102539e+09 7.372992515563964844e+00 -8.528265953063964844e+00 1.297570347785949707e+00 0.000000000000000000e+00 0.000000000000000000e+00 0.000000000000000000e+00 1.000000000000000000e+00
1.716363932655504942e+09 7.225004673004150391e+00 -8.357068061828613281e+00 1.282219648361206055e+00 0.000000000000000000e+00 0.000000000000000000e+00 0.000000000000000000e+00 1.000000000000000000e+00
1.716363932705436468e+09 7.154805183410644531e+00 -8.272119522094726562e+00 1.273761510848999023e+00 0.000000000000000000e+00 0.000000000000000000e+00 0.000000000000000000e+00 1.000000000000000000e+00
1.716363932906239986e+09 6.816002845764160156e+00 -7.841758728027343750e+00 1.228250503540039062e+00 0.000000000000000000e+00 0.000000000000000000e+00 0.000000000000000000e+00 1.000000000000000000e+00
1.716363933006455898e+09 6.610724925994873047e+00 -7.579169750213623047e+00 1.200305938720703125e+00 0.000000000000000000e+00 0.000000000000000000e+00 0.000000000000000000e+00 1.000000000000000000e+00
1.716363933107780695e+09 6.482419967651367188e+00 -7.394787311553955078e+00 1.161764025688171387e+00 0.000000000000000000e+00 0.000000000000000000e+00 0.000000000000000000e+00 1.000000000000000000e+00
1.716363933157856941e+09 6.418981075286865234e+00 -7.301781654357910156e+00 1.141382932662964089e+00 0.000000000000000000e+00 0.000000000000000000e+00 0.000000000000000000e+00 1.000000000000000000e+00
1.716363933257526159e+09 6.224122524261474609e+00 -7.040755748748779297e+00 1.103056073188781516e+00 0.000000000000000000e+00 0.000000000000000000e+00 0.000000000000000000e+00 1.000000000000000000e+00
1.716363933307630301e+09 6.165349960327148438e+00 -6.953882217407226562e+00 1.081015586853027122e+00 0.000000000000000000e+00 0.000000000000000000e+00 0.000000000000000000e+00 1.000000000000000000e+00
1.716363933408036947e+09 6.051386833190917969e+00 -6.780582427978515625e+00 1.037021875381469505e+00 0.000000000000000000e+00 0.000000000000000000e+00 0.000000000000000000e+00 1.000000000000000000e+00
1.716363933458349943e+09 5.934572219848632812e+00 -6.624683856964111328e+00 1.020367622375488503e+00 0.000000000000000000e+00 0.000000000000000000e+00 0.000000000000000000e+00 1.000000000000000000e+00
1.716363933508460522e+09 5.888710498809815341e+00 -6.547297477722167969e+00 9.996313452720642090e-01 0.000000000000000000e+00 0.000000000000000000e+00 0.000000000000000000e+00 1.000000000000000000e+00
1.716363933558802843e+09 5.832336425781250000e+00 -6.457755088806152344e+00 9.800848960876463734e-01 0.000000000000000000e+00 0.000000000000000000e+00 0.000000000000000000e+00 1.000000000000000000e+00
1.716363933608903885e+09 5.780742645263671875e+00 -6.376132011413574219e+00 9.634279608726500355e-01 0.000000000000000000e+00 0.000000000000000000e+00 0.000000000000000000e+00 1.000000000000000000e+00
1.716363933709351063e+09 5.668189048767089844e+00 -6.225625991821289062e+00 9.514976143836976208e-01 0.000000000000000000e+00 0.000000000000000000e+00 0.000000000000000000e+00 1.000000000000000000e+00
1.716363933759665012e+09 5.575255393981933594e+00 -6.067561149597167969e+00 9.211477041244507946e-01 0.000000000000000000e+00 0.000000000000000000e+00 0.000000000000000000e+00 1.000000000000000000e+00
1.716363933859988451e+09 5.486005306243896484e+00 -5.902851104736328125e+00 8.913546204566955566e-01 0.000000000000000000e+00 0.000000000000000000e+00 0.000000000000000000e+00 1.000000000000000000e+00
1.716363933960243225e+09 5.347597599029541016e+00 -5.685416221618652344e+00 8.696824312210083008e-01 0.000000000000000000e+00 0.000000000000000000e+00 0.000000000000000000e+00 1.000000000000000000e+00
1.716363934010385036e+09 5.308160305023193359e+00 -5.608189582824707031e+00 8.573763966560363770e-01 0.000000000000000000e+00 0.000000000000000000e+00 0.000000000000000000e+00 1.000000000000000000e+00
1.716363934060657263e+09 5.271706104278564453e+00 -5.532207012176513672e+00 8.459404110908508301e-01 0.000000000000000000e+00 0.000000000000000000e+00 0.000000000000000000e+00 1.000000000000000000e+00
1.716363934110934734e+09 5.187254905700683594e+00 -5.402777194976806641e+00 8.415027856826782227e-01 0.000000000000000000e+00 0.000000000000000000e+00 0.000000000000000000e+00 1.000000000000000000e+00
1.716363934161218882e+09 5.157673835754394531e+00 -5.326805591583251953e+00 8.305376172065734863e-01 0.000000000000000000e+00 0.000000000000000000e+00 0.000000000000000000e+00 1.000000000000000000e+00
1.716363934212071180e+09 5.129442214965820312e+00 -5.249307632446289062e+00 8.198773860931396484e-01 0.000000000000000000e+00 0.000000000000000000e+00 0.000000000000000000e+00 1.000000000000000000e+00
1.716363934261726618e+09 5.103028774261474609e+00 -5.172603130340576172e+00 8.095605373382568359e-01 0.000000000000000000e+00 0.000000000000000000e+00 0.000000000000000000e+00 1.000000000000000000e+00
1.716363934312225103e+09 5.028253555297851562e+00 -5.045531272888183594e+00 8.067167997360229492e-01 0.000000000000000000e+00 0.000000000000000000e+00 0.000000000000000000e+00 1.000000000000000000e+00
1.716363934362171173e+09 5.006667613983154297e+00 -4.969233989715576172e+00 7.976739406585693359e-01 0.000000000000000000e+00 0.000000000000000000e+00 0.000000000000000000e+00 1.000000000000000000e+00
1.716363934412366867e+09 4.985218524932861328e+00 -4.891271114349365234e+00 7.905127406120300293e-01 0.000000000000000000e+00 0.000000000000000000e+00 0.000000000000000000e+00 1.000000000000000000e+00
1.716363934462524652e+09 4.962798595428466797e+00 -4.814198493957520419e+00 7.852120995521545410e-01 0.000000000000000000e+00 0.000000000000000000e+00 0.000000000000000000e+00 1.000000000000000000e+00
1.716363934512645721e+09 4.902162551879882812e+00 -4.694666862487792969e+00 7.855642437934875488e-01 0.000000000000000000e+00 0.000000000000000000e+00 0.000000000000000000e+00 1.000000000000000000e+00
1.716363934563001394e+09 4.886858463287353516e+00 -4.623924732208251953e+00 7.802598476409912109e-01 0.000000000000000000e+00 0.000000000000000000e+00 0.000000000000000000e+00 1.000000000000000000e+00
1.716363934613145590e+09 4.871819972991943359e+00 -4.554107189178466797e+00 7.757866978645324707e-01 0.000000000000000000e+00 0.000000000000000000e+00 0.000000000000000000e+00 1.000000000000000000e+00
1.716363934663490772e+09 4.853940486907958984e+00 -4.478196144104003906e+00 7.720507383346557617e-01 0.000000000000000000e+00 0.000000000000000000e+00 0.000000000000000000e+00 1.000000000000000000e+00
1.716363934713616610e+09 4.839959144592285156e+00 -4.405036449432373047e+00 7.684236168861389160e-01 0.000000000000000000e+00 0.000000000000000000e+00 0.000000000000000000e+00 1.000000000000000000e+00
1.716363934763870239e+09 4.787894725799560547e+00 -4.296629905700683594e+00 7.716034650802612305e-01 0.000000000000000000e+00 0.000000000000000000e+00 0.000000000000000000e+00 1.000000000000000000e+00
1.716363934864321470e+09 4.764831066131591797e+00 -4.152225971221923828e+00 7.693608999252319336e-01 0.000000000000000000e+00 0.000000000000000000e+00 0.000000000000000000e+00 1.000000000000000000e+00
1.716363934914516926e+09 4.753835678100585938e+00 -4.080312252044677734e+00 7.692786455154418945e-01 0.000000000000000000e+00 0.000000000000000000e+00 0.000000000000000000e+00 1.000000000000000000e+00
1.716363934964679241e+09 4.709097385406494141e+00 -3.980121374130249023e+00 7.746790647506713867e-01 0.000000000000000000e+00 0.000000000000000000e+00 0.000000000000000000e+00 1.000000000000000000e+00
1.716363935065216064e+09 4.697591304779052734e+00 -3.849096775054932085e+00 7.742439508438110352e-01 0.000000000000000000e+00 0.000000000000000000e+00 0.000000000000000000e+00 1.000000000000000000e+00
1.716363935115692616e+09 4.690680980682373047e+00 -3.785916328430175781e+00 7.749351263046264648e-01 0.000000000000000000e+00 0.000000000000000000e+00 0.000000000000000000e+00 1.000000000000000000e+00
1.716363935215788603e+09 4.647689342498779297e+00 -3.692869424819945401e+00 7.826975584030151367e-01 0.000000000000000000e+00 0.000000000000000000e+00 0.000000000000000000e+00 1.000000000000000000e+00
1.716363935268209457e+09 4.634641647338867188e+00 -3.567435741424560547e+00 7.916528582572937012e-01 0.000000000000000000e+00 0.000000000000000000e+00 0.000000000000000000e+00 1.000000000000000000e+00
1.716363935368654966e+09 4.622543811798095703e+00 -3.449103832244873047e+00 8.039638400077819824e-01 0.000000000000000000e+00 0.000000000000000000e+00 0.000000000000000000e+00 1.000000000000000000e+00
1.716363935466738701e+09 4.584753513336181641e+00 -3.370378017425537109e+00 8.151451349258422852e-01 0.000000000000000000e+00 0.000000000000000000e+00 0.000000000000000000e+00 1.000000000000000000e+00
1.716363935516861677e+09 4.583073139190673828e+00 -3.317636251449584961e+00 8.218589425086975098e-01 0.000000000000000000e+00 0.000000000000000000e+00 0.000000000000000000e+00 1.000000000000000000e+00
1.716363935567148685e+09 4.574975967407226562e+00 -3.217272281646728516e+00 8.352869749069213867e-01 0.000000000000000000e+00 0.000000000000000000e+00 0.000000000000000000e+00 1.000000000000000000e+00
1.716363935618257523e+09 4.571042537689208984e+00 -3.167955875396728516e+00 8.418517708778381348e-01 0.000000000000000000e+00 0.000000000000000000e+00 0.000000000000000000e+00 1.000000000000000000e+00
1.716363935719188213e+09 4.542440414428710938e+00 -3.099726200103760210e+00 8.521791696548461914e-01 0.000000000000000000e+00 0.000000000000000000e+00 0.000000000000000000e+00 1.000000000000000000e+00
1.716363935768074751e+09 4.537594795227050781e+00 -3.000630140304564986e+00 8.618727326393127441e-01 0.000000000000000000e+00 0.000000000000000000e+00 0.000000000000000000e+00 1.000000000000000000e+00
1.716363935818391562e+09 4.534572124481201172e+00 -2.950809955596923828e+00 8.648535013198852539e-01 0.000000000000000000e+00 0.000000000000000000e+00 0.000000000000000000e+00 1.000000000000000000e+00
1.716363935868752480e+09 4.533086299896240234e+00 -2.905157327651977095e+00 8.661972880363464355e-01 0.000000000000000000e+00 0.000000000000000000e+00 0.000000000000000000e+00 1.000000000000000000e+00
1.716363935918986797e+09 4.531726837158203125e+00 -2.862477064132690430e+00 8.670504689216613770e-01 0.000000000000000000e+00 0.000000000000000000e+00 0.000000000000000000e+00 1.000000000000000000e+00
1.716363935968880177e+09 4.514354705810546875e+00 -2.809290885925292969e+00 8.697593212127685547e-01 0.000000000000000000e+00 0.000000000000000000e+00 0.000000000000000000e+00 1.000000000000000000e+00
1.716363936019158363e+09 4.515642166137695312e+00 -2.768877506256103516e+00 8.696569800376892090e-01 0.000000000000000000e+00 0.000000000000000000e+00 0.000000000000000000e+00 1.000000000000000000e+00
1.716363936069253922e+09 4.518818855285644531e+00 -2.728782892227172852e+00 8.695756196975708008e-01 0.000000000000000000e+00 0.000000000000000000e+00 0.000000000000000000e+00 1.000000000000000000e+00
1.716363936119331837e+09 4.518193721771240234e+00 -2.688538074493408203e+00 8.688199520111083984e-01 0.000000000000000000e+00 0.000000000000000000e+00 0.000000000000000000e+00 1.000000000000000000e+00
1.716363936169578791e+09 4.518876552581787109e+00 -2.649532794952392578e+00 8.677822947502136230e-01 0.000000000000000000e+00 0.000000000000000000e+00 0.000000000000000000e+00 1.000000000000000000e+00
1.716363936219770908e+09 4.508382797241210938e+00 -2.605514764785766602e+00 8.677669763565063477e-01 0.000000000000000000e+00 0.000000000000000000e+00 0.000000000000000000e+00 1.000000000000000000e+00
1.716363936270106554e+09 4.512772560119628906e+00 -2.571094989776611772e+00 8.657884597778320312e-01 0.000000000000000000e+00 0.000000000000000000e+00 0.000000000000000000e+00 1.000000000000000000e+00
1.716363936320229530e+09 4.517472267150878906e+00 -2.537708759307861328e+00 8.635554313659667969e-01 0.000000000000000000e+00 0.000000000000000000e+00 0.000000000000000000e+00 1.000000000000000000e+00
1.716363936370471478e+09 4.510611057281494141e+00 -2.502364873886108398e+00 8.630835413932800293e-01 0.000000000000000000e+00 0.000000000000000000e+00 0.000000000000000000e+00 1.000000000000000000e+00
1.716363936420769930e+09 4.515948295593261719e+00 -2.473313808441162109e+00 8.607031106948852539e-01 0.000000000000000000e+00 0.000000000000000000e+00 0.000000000000000000e+00 1.000000000000000000e+00
1.716363936471019506e+09 4.521276473999023438e+00 -2.443938016891479492e+00 8.582632541656494141e-01 0.000000000000000000e+00 0.000000000000000000e+00 0.000000000000000000e+00 1.000000000000000000e+00
1.716363936521109343e+09 4.526284694671630859e+00 -2.419219732284545898e+00 8.562795519828796387e-01 0.000000000000000000e+00 0.000000000000000000e+00 0.000000000000000000e+00 1.000000000000000000e+00
1.716363936621406317e+09 4.535442829132080078e+00 -2.366500377655029297e+00 8.529817461967468262e-01 0.000000000000000000e+00 0.000000000000000000e+00 0.000000000000000000e+00 1.000000000000000000e+00
1.716363936671830416e+09 4.542510032653808594e+00 -2.343863487243652344e+00 8.519815206527709961e-01 0.000000000000000000e+00 0.000000000000000000e+00 0.000000000000000000e+00 1.000000000000000000e+00
1.716363936722124815e+09 4.548939704895020419e+00 -2.324599981307983398e+00 8.515141606330871582e-01 0.000000000000000000e+00 0.000000000000000000e+00 0.000000000000000000e+00 1.000000000000000000e+00
1.716363936772725821e+09 4.554899692535400391e+00 -2.308434009552001953e+00 8.514713644981384277e-01 0.000000000000000000e+00 0.000000000000000000e+00 0.000000000000000000e+00 1.000000000000000000e+00
1.716363936822522640e+09 4.559782981872558594e+00 -2.294347524642944336e+00 8.516693115234375000e-01 0.000000000000000000e+00 0.000000000000000000e+00 0.000000000000000000e+00 1.000000000000000000e+00
1.716363936872588634e+09 4.564000129699707031e+00 -2.281648635864257812e+00 8.524135351181030273e-01 0.000000000000000000e+00 0.000000000000000000e+00 0.000000000000000000e+00 1.000000000000000000e+00
1.716363936923051357e+09 4.568660736083984375e+00 -2.270195245742797852e+00 8.529781103134155273e-01 0.000000000000000000e+00 0.000000000000000000e+00 0.000000000000000000e+00 1.000000000000000000e+00
1.716363936973272324e+09 4.573684215545654297e+00 -2.260354995727539062e+00 8.540512919425964355e-01 0.000000000000000000e+00 0.000000000000000000e+00 0.000000000000000000e+00 1.000000000000000000e+00
1.716363937023607969e+09 4.580147266387940341e+00 -2.254482507705688477e+00 8.554919958114624023e-01 0.000000000000000000e+00 0.000000000000000000e+00 0.000000000000000000e+00 1.000000000000000000e+00
1.716363937123909950e+09 4.586163997650146484e+00 -2.252041578292846680e+00 8.578903079032897949e-01 0.000000000000000000e+00 0.000000000000000000e+00 0.000000000000000000e+00 1.000000000000000000e+00
1.716363937174003601e+09 4.591012001037597656e+00 -2.252016544342041016e+00 8.604559302330017090e-01 0.000000000000000000e+00 0.000000000000000000e+00 0.000000000000000000e+00 1.000000000000000000e+00
1.716363937224195242e+09 4.594003677368164062e+00 -2.251764535903930664e+00 8.651033043861389160e-01 0.000000000000000000e+00 0.000000000000000000e+00 0.000000000000000000e+00 1.000000000000000000e+00
1.716363937274446011e+09 4.602059841156005859e+00 -2.254223108291625977e+00 8.757447600364685059e-01 0.000000000000000000e+00 0.000000000000000000e+00 0.000000000000000000e+00 1.000000000000000000e+00
1.716363937324640512e+09 4.606654167175292969e+00 -2.257462739944458008e+00 8.801457881927490234e-01 0.000000000000000000e+00 0.000000000000000000e+00 0.000000000000000000e+00 1.000000000000000000e+00
1.716363937374680281e+09 4.610403060913085938e+00 -2.262362241744995117e+00 8.843463659286499023e-01 0.000000000000000000e+00 0.000000000000000000e+00 0.000000000000000000e+00 1.000000000000000000e+00
1.716363937424968958e+09 4.615269184112548828e+00 -2.269308567047119141e+00 8.876640796661376953e-01 0.000000000000000000e+00 0.000000000000000000e+00 0.000000000000000000e+00 1.000000000000000000e+00
1.716363937475236893e+09 4.619720935821533203e+00 -2.276876688003540039e+00 8.901965618133544922e-01 0.000000000000000000e+00 0.000000000000000000e+00 0.000000000000000000e+00 1.000000000000000000e+00
1.716363937525386333e+09 4.623818397521972656e+00 -2.285058021545410156e+00 8.923812508583068848e-01 0.000000000000000000e+00 0.000000000000000000e+00 0.000000000000000000e+00 1.000000000000000000e+00
1.716363937575680256e+09 4.627788066864013672e+00 -2.293395280838012695e+00 8.942338824272155762e-01 0.000000000000000000e+00 0.000000000000000000e+00 0.000000000000000000e+00 1.000000000000000000e+00
1.716363937676179409e+09 4.638256549835205078e+00 -2.304099082946777344e+00 8.946369290351867676e-01 0.000000000000000000e+00 0.000000000000000000e+00 0.000000000000000000e+00 1.000000000000000000e+00
1.716363937726237774e+09 4.643819808959960938e+00 -2.311105966567993164e+00 8.950807452201843262e-01 0.000000000000000000e+00 0.000000000000000000e+00 0.000000000000000000e+00 1.000000000000000000e+00
1.716363937776458979e+09 4.654487133026123047e+00 -2.325558900833129883e+00 8.941460251808166504e-01 0.000000000000000000e+00 0.000000000000000000e+00 0.000000000000000000e+00 1.000000000000000000e+00
1.716363937826566219e+09 4.660076141357421875e+00 -2.334334850311279741e+00 8.929729461669921875e-01 0.000000000000000000e+00 0.000000000000000000e+00 0.000000000000000000e+00 1.000000000000000000e+00
1.716363937876827717e+09 4.665619850158691406e+00 -2.343065500259399414e+00 8.913109898567199707e-01 0.000000000000000000e+00 0.000000000000000000e+00 0.000000000000000000e+00 1.000000000000000000e+00
1.716363937979329109e+09 4.686251163482666016e+00 -2.363162517547607422e+00 8.849865198135375977e-01 0.000000000000000000e+00 0.000000000000000000e+00 0.000000000000000000e+00 1.000000000000000000e+00
1.716363938028524637e+09 4.694272994995117188e+00 -2.370920896530151811e+00 8.813453316688537598e-01 0.000000000000000000e+00 0.000000000000000000e+00 0.000000000000000000e+00 1.000000000000000000e+00
1.716363938078326941e+09 4.701851367950440341e+00 -2.377279758453369141e+00 8.775495886802673340e-01 0.000000000000000000e+00 0.000000000000000000e+00 0.000000000000000000e+00 1.000000000000000000e+00
1.716363938128471613e+09 4.710505962371826172e+00 -2.383411884307861328e+00 8.724811077117919922e-01 0.000000000000000000e+00 0.000000000000000000e+00 0.000000000000000000e+00 1.000000000000000000e+00
1.716363938178800106e+09 4.718478202819824219e+00 -2.388779640197753906e+00 8.678950071334838867e-01 0.000000000000000000e+00 0.000000000000000000e+00 0.000000000000000000e+00 1.000000000000000000e+00
1.716363938279287815e+09 4.737194538116455078e+00 -2.399283647537231445e+00 8.618228435516357422e-01 0.000000000000000000e+00 0.000000000000000000e+00 0.000000000000000000e+00 1.000000000000000000e+00
1.716363938329677105e+09 4.745517253875732422e+00 -2.403980493545531782e+00 8.573598861694335938e-01 0.000000000000000000e+00 0.000000000000000000e+00 0.000000000000000000e+00 1.000000000000000000e+00
1.716363938379536629e+09 4.755782127380371094e+00 -2.409269332885742188e+00 8.527954816818237305e-01 0.000000000000000000e+00 0.000000000000000000e+00 0.000000000000000000e+00 1.000000000000000000e+00
1.716363938429923534e+09 4.776865482330322266e+00 -2.418980121612548828e+00 8.445793986320495605e-01 0.000000000000000000e+00 0.000000000000000000e+00 0.000000000000000000e+00 1.000000000000000000e+00
1.716363938479933739e+09 4.787620544433593750e+00 -2.423530817031860352e+00 8.409313559532165527e-01 0.000000000000000000e+00 0.000000000000000000e+00 0.000000000000000000e+00 1.000000000000000000e+00
1.716363938530286551e+09 4.797336578369140625e+00 -2.427914857864379883e+00 8.373332023620605469e-01 0.000000000000000000e+00 0.000000000000000000e+00 0.000000000000000000e+00 1.000000000000000000e+00
1.716363938630596876e+09 4.816589355468750000e+00 -2.437820911407470703e+00 8.331090807914733887e-01 0.000000000000000000e+00 0.000000000000000000e+00 0.000000000000000000e+00 1.000000000000000000e+00
1.716363938680852413e+09 4.824932098388671875e+00 -2.442953586578369141e+00 8.305238485336303711e-01 0.000000000000000000e+00 0.000000000000000000e+00 0.000000000000000000e+00 1.000000000000000000e+00
1.716363938731021881e+09 4.834246158599853516e+00 -2.448496103286743164e+00 8.283123373985290527e-01 0.000000000000000000e+00 0.000000000000000000e+00 0.000000000000000000e+00 1.000000000000000000e+00
1.716363938781337023e+09 4.854880809783936435e+00 -2.458490371704101562e+00 8.263014554977416992e-01 0.000000000000000000e+00 0.000000000000000000e+00 0.000000000000000000e+00 1.000000000000000000e+00
1.716363938831543207e+09 4.865938186645507812e+00 -2.463531255722045898e+00 8.267666101455688477e-01 0.000000000000000000e+00 0.000000000000000000e+00 0.000000000000000000e+00 1.000000000000000000e+00
1.716363938881732702e+09 4.877062320709228516e+00 -2.468692541122436523e+00 8.281975984573364258e-01 0.000000000000000000e+00 0.000000000000000000e+00 0.000000000000000000e+00 1.000000000000000000e+00
1.716363938982234478e+09 4.902988433837890625e+00 -2.481961965560913086e+00 8.275226354598999023e-01 0.000000000000000000e+00 0.000000000000000000e+00 0.000000000000000000e+00 1.000000000000000000e+00
1.716363939032420158e+09 4.926307678222656250e+00 -2.495554924011230469e+00 8.340096473693847656e-01 0.000000000000000000e+00 0.000000000000000000e+00 0.000000000000000000e+00 1.000000000000000000e+00
1.716363939082768202e+09 4.938065052032470703e+00 -2.502375364303588867e+00 8.381565809249877930e-01 0.000000000000000000e+00 0.000000000000000000e+00 0.000000000000000000e+00 1.000000000000000000e+00
1.716363939132850409e+09 4.949921607971191406e+00 -2.509115219116210938e+00 8.428061604499816895e-01 0.000000000000000000e+00 0.000000000000000000e+00 0.000000000000000000e+00 1.000000000000000000e+00
1.716363939183005333e+09 4.961775779724121094e+00 -2.516013145446777344e+00 8.481273651123046875e-01 0.000000000000000000e+00 0.000000000000000000e+00 0.000000000000000000e+00 1.000000000000000000e+00
1.716363939233025551e+09 4.973600387573242188e+00 -2.522940635681152344e+00 8.534097671508789062e-01 0.000000000000000000e+00 0.000000000000000000e+00 0.000000000000000000e+00 1.000000000000000000e+00
1.716363939283275604e+09 4.985940456390380859e+00 -2.531042575836181641e+00 8.586317300796508789e-01 0.000000000000000000e+00 0.000000000000000000e+00 0.000000000000000000e+00 1.000000000000000000e+00
1.716363939383414268e+09 5.011305332183837891e+00 -2.546352148056030273e+00 8.619896769523620605e-01 0.000000000000000000e+00 0.000000000000000000e+00 0.000000000000000000e+00 1.000000000000000000e+00
1.716363939434651852e+09 5.024040222167968750e+00 -2.555846691131591797e+00 8.671618700027465820e-01 0.000000000000000000e+00 0.000000000000000000e+00 0.000000000000000000e+00 1.000000000000000000e+00
1.716363939483693123e+09 5.037593364715576172e+00 -2.565952777862548828e+00 8.724335432052612305e-01 0.000000000000000000e+00 0.000000000000000000e+00 0.000000000000000000e+00 1.000000000000000000e+00
1.716363939533851862e+09 5.064194202423095703e+00 -2.587036132812500000e+00 8.827490806579589844e-01 0.000000000000000000e+00 0.000000000000000000e+00 0.000000000000000000e+00 1.000000000000000000e+00
1.716363939584026575e+09 5.077001571655273438e+00 -2.598665714263916016e+00 8.886016607284545898e-01 0.000000000000000000e+00 0.000000000000000000e+00 0.000000000000000000e+00 1.000000000000000000e+00
1.716363939634273767e+09 5.089606761932373047e+00 -2.610653638839721680e+00 8.944286108016967773e-01 0.000000000000000000e+00 0.000000000000000000e+00 0.000000000000000000e+00 1.000000000000000000e+00
1.716363939734445095e+09 5.117177963256835938e+00 -2.630530357360839844e+00 8.987179398536682129e-01 0.000000000000000000e+00 0.000000000000000000e+00 0.000000000000000000e+00 1.000000000000000000e+00
1.716363939784722328e+09 5.145976066589356357e+00 -2.658830642700195757e+00 9.125915765762327991e-01 0.000000000000000000e+00 0.000000000000000000e+00 0.000000000000000000e+00 1.000000000000000000e+00
1.716363939834849119e+09 5.159488201141357422e+00 -2.673759937286376953e+00 9.205946326255798340e-01 0.000000000000000000e+00 0.000000000000000000e+00 0.000000000000000000e+00 1.000000000000000000e+00
1.716363939885051966e+09 5.171884059906005859e+00 -2.688777446746826172e+00 9.294357895851136364e-01 0.000000000000000000e+00 0.000000000000000000e+00 0.000000000000000000e+00 1.000000000000000000e+00
1.716363939935316801e+09 5.201081275939941406e+00 -2.712502479553222656e+00 9.368901252746582031e-01 0.000000000000000000e+00 0.000000000000000000e+00 0.000000000000000000e+00 1.000000000000000000e+00
1.716363939985362768e+09 5.214359283447265625e+00 -2.727990627288818359e+00 9.463273286819458008e-01 0.000000000000000000e+00 0.000000000000000000e+00 0.000000000000000000e+00 1.000000000000000000e+00
1.716363940035525799e+09 5.228914737701416016e+00 -2.745507240295410156e+00 9.568521380424499512e-01 0.000000000000000000e+00 0.000000000000000000e+00 0.000000000000000000e+00 1.000000000000000000e+00
1.716363940085986853e+09 5.242317676544189453e+00 -2.763017654418945312e+00 9.676104187965391956e-01 0.000000000000000000e+00 0.000000000000000000e+00 0.000000000000000000e+00 1.000000000000000000e+00
1.716363940135905981e+09 5.256321907043457031e+00 -2.781410455703735796e+00 9.781415462493896484e-01 0.000000000000000000e+00 0.000000000000000000e+00 0.000000000000000000e+00 1.000000000000000000e+00
1.716363940186228037e+09 5.269733905792236328e+00 -2.801225900650024414e+00 9.909356236457823597e-01 0.000000000000000000e+00 0.000000000000000000e+00 0.000000000000000000e+00 1.000000000000000000e+00
1.716363940236221790e+09 5.283822536468505859e+00 -2.819449663162231445e+00 1.002519726753234863e+00 0.000000000000000000e+00 0.000000000000000000e+00 0.000000000000000000e+00 1.000000000000000000e+00
1.716363940286798954e+09 5.298652172088623047e+00 -2.838592052459716797e+00 1.015754699707031250e+00 0.000000000000000000e+00 0.000000000000000000e+00 0.000000000000000000e+00 1.000000000000000000e+00
1.716363940336814642e+09 5.311578273773193359e+00 -2.856933116912841797e+00 1.029030799865722878e+00 0.000000000000000000e+00 0.000000000000000000e+00 0.000000000000000000e+00 1.000000000000000000e+00
1.716363940437813759e+09 5.343419551849365234e+00 -2.886304140090942383e+00 1.040636897087097168e+00 0.000000000000000000e+00 0.000000000000000000e+00 0.000000000000000000e+00 1.000000000000000000e+00
1.716363940487586498e+09 5.357449054718017578e+00 -2.906427860260009766e+00 1.052780151367187500e+00 0.000000000000000000e+00 0.000000000000000000e+00 0.000000000000000000e+00 1.000000000000000000e+00
1.716363940537958384e+09 5.388122558593750000e+00 -2.947517156600952148e+00 1.074657082557678223e+00 0.000000000000000000e+00 0.000000000000000000e+00 0.000000000000000000e+00 1.000000000000000000e+00
1.716363940588228703e+09 5.403454780578613281e+00 -2.966650247573852539e+00 1.083775758743285911e+00 0.000000000000000000e+00 0.000000000000000000e+00 0.000000000000000000e+00 1.000000000000000000e+00
1.716363940638477325e+09 5.439102172851562500e+00 -2.996340990066528320e+00 1.090903639793395996e+00 0.000000000000000000e+00 0.000000000000000000e+00 0.000000000000000000e+00 1.000000000000000000e+00
1.716363940688806295e+09 5.455718994140625000e+00 -3.014936447143554688e+00 1.098799705505371094e+00 0.000000000000000000e+00 0.000000000000000000e+00 0.000000000000000000e+00 1.000000000000000000e+00
1.716363940788822174e+09 5.490276813507080078e+00 -3.051444053649902344e+00 1.112825274467468484e+00 0.000000000000000000e+00 0.000000000000000000e+00 0.000000000000000000e+00 1.000000000000000000e+00
1.716363940839303017e+09 5.508751392364501953e+00 -3.070549964904785156e+00 1.119624733924865501e+00 0.000000000000000000e+00 0.000000000000000000e+00 0.000000000000000000e+00 1.000000000000000000e+00
1.716363940889368773e+09 5.546391963958740234e+00 -3.105264186859130859e+00 1.132392168045043945e+00 0.000000000000000000e+00 0.000000000000000000e+00 0.000000000000000000e+00 1.000000000000000000e+00
1.716363940989793777e+09 5.567480564117431641e+00 -3.121565341949462891e+00 1.138451695442199707e+00 0.000000000000000000e+00 0.000000000000000000e+00 0.000000000000000000e+00 1.000000000000000000e+00
1.716363941039910555e+09 5.610029220581054688e+00 -3.148523569107056108e+00 1.142753124237060325e+00 0.000000000000000000e+00 0.000000000000000000e+00 0.000000000000000000e+00 1.000000000000000000e+00
1.716363941090095758e+09 5.631978511810302734e+00 -3.163248777389526367e+00 1.148786425590515137e+00 0.000000000000000000e+00 0.000000000000000000e+00 0.000000000000000000e+00 1.000000000000000000e+00
1.716363941140356302e+09 5.676860332489013672e+00 -3.190775156021118164e+00 1.159671425819396973e+00 0.000000000000000000e+00 0.000000000000000000e+00 0.000000000000000000e+00 1.000000000000000000e+00
1.716363941190613985e+09 5.701759338378906250e+00 -3.204177379608154297e+00 1.164574623107910156e+00 0.000000000000000000e+00 0.000000000000000000e+00 0.000000000000000000e+00 1.000000000000000000e+00
1.716363941290991783e+09 5.751688480377197266e+00 -3.228611230850220171e+00 1.173793673515319824e+00 0.000000000000000000e+00 0.000000000000000000e+00 0.000000000000000000e+00 1.000000000000000000e+00
1.716363941391576290e+09 5.796234130859375000e+00 -3.251860380172729048e+00 1.177536964416503906e+00 0.000000000000000000e+00 0.000000000000000000e+00 0.000000000000000000e+00 1.000000000000000000e+00
1.716363941441550493e+09 5.817437648773193359e+00 -3.261532068252563477e+00 1.181997179985046387e+00 0.000000000000000000e+00 0.000000000000000000e+00 0.000000000000000000e+00 1.000000000000000000e+00
1.716363941541822910e+09 5.862656116485595703e+00 -3.279783248901367188e+00 1.189371824264526367e+00 0.000000000000000000e+00 0.000000000000000000e+00 0.000000000000000000e+00 1.000000000000000000e+00
1.716363941592026472e+09 5.907478809356689453e+00 -3.294370412826538086e+00 1.194130539894104004e+00 0.000000000000000000e+00 0.000000000000000000e+00 0.000000000000000000e+00 1.000000000000000000e+00
1.716363941692610025e+09 5.952407360076904297e+00 -3.314542770385742188e+00 1.194668889045715110e+00 0.000000000000000000e+00 0.000000000000000000e+00 0.000000000000000000e+00 1.000000000000000000e+00
1.716363941792913675e+09 5.996691703796386719e+00 -3.329714775085449219e+00 1.195542216300964355e+00 0.000000000000000000e+00 0.000000000000000000e+00 0.000000000000000000e+00 1.000000000000000000e+00
1.716363941843214512e+09 6.019101619720458984e+00 -3.336723327636718750e+00 1.194978475570678711e+00 0.000000000000000000e+00 0.000000000000000000e+00 0.000000000000000000e+00 1.000000000000000000e+00
1.716363941893405914e+09 6.040356159210205078e+00 -3.343739986419677734e+00 1.194342017173767090e+00 0.000000000000000000e+00 0.000000000000000000e+00 0.000000000000000000e+00 1.000000000000000000e+00
1.716363941943598509e+09 6.076075553894042969e+00 -3.359668493270874023e+00 1.192707180976867676e+00 0.000000000000000000e+00 0.000000000000000000e+00 0.000000000000000000e+00 1.000000000000000000e+00
1.716363941994782686e+09 6.092354774475097656e+00 -3.365315675735473633e+00 1.191864848136902078e+00 0.000000000000000000e+00 0.000000000000000000e+00 0.000000000000000000e+00 1.000000000000000000e+00
1.716363942044194460e+09 6.108659744262695312e+00 -3.370897531509399414e+00 1.190833687782287598e+00 0.000000000000000000e+00 0.000000000000000000e+00 0.000000000000000000e+00 1.000000000000000000e+00
1.716363942094286442e+09 6.138970851898193359e+00 -3.380013465881348100e+00 1.188891768455505371e+00 0.000000000000000000e+00 0.000000000000000000e+00 0.000000000000000000e+00 1.000000000000000000e+00
1.716363942144502640e+09 6.154934883117675781e+00 -3.384131431579589844e+00 1.187885284423827903e+00 0.000000000000000000e+00 0.000000000000000000e+00 0.000000000000000000e+00 1.000000000000000000e+00
1.716363942245157480e+09 6.179573059082031250e+00 -3.393206357955932617e+00 1.186463594436645508e+00 0.000000000000000000e+00 0.000000000000000000e+00 0.000000000000000000e+00 1.000000000000000000e+00
1.716363942295274734e+09 6.191639900207520419e+00 -3.396098375320434570e+00 1.185485720634460449e+00 0.000000000000000000e+00 0.000000000000000000e+00 0.000000000000000000e+00 1.000000000000000000e+00
1.716363942345540285e+09 6.215036392211914062e+00 -3.403196096420288086e+00 1.183272004127502441e+00 0.000000000000000000e+00 0.000000000000000000e+00 0.000000000000000000e+00 1.000000000000000000e+00
1.716363942395534515e+09 6.225732326507568359e+00 -3.406472444534301758e+00 1.181987643241882324e+00 0.000000000000000000e+00 0.000000000000000000e+00 0.000000000000000000e+00 1.000000000000000000e+00
1.716363942445779800e+09 6.237268924713134766e+00 -3.410292863845825195e+00 1.180659890174865501e+00 0.000000000000000000e+00 0.000000000000000000e+00 0.000000000000000000e+00 1.000000000000000000e+00
1.716363942546324968e+09 6.247154712677001953e+00 -3.412929773330688477e+00 1.179006695747375710e+00 0.000000000000000000e+00 0.000000000000000000e+00 0.000000000000000000e+00 1.000000000000000000e+00
1.716363942596413612e+09 6.266707420349121094e+00 -3.420778512954711914e+00 1.176735877990722878e+00 0.000000000000000000e+00 0.000000000000000000e+00 0.000000000000000000e+00 1.000000000000000000e+00
1.716363942646817446e+09 6.284828662872314453e+00 -3.424751520156860352e+00 1.171939373016357422e+00 0.000000000000000000e+00 0.000000000000000000e+00 0.000000000000000000e+00 1.000000000000000000e+00
1.716363942697141647e+09 6.293671131134033203e+00 -3.427103757858276367e+00 1.169204235076904297e+00 0.000000000000000000e+00 0.000000000000000000e+00 0.000000000000000000e+00 1.000000000000000000e+00
1.716363942797521591e+09 6.301526546478272373e+00 -3.429179191589355469e+00 1.166540980339050293e+00 0.000000000000000000e+00 0.000000000000000000e+00 0.000000000000000000e+00 1.000000000000000000e+00
1.716363942847465277e+09 6.316409587860107422e+00 -3.435010910034180132e+00 1.163009881973266602e+00 0.000000000000000000e+00 0.000000000000000000e+00 0.000000000000000000e+00 1.000000000000000000e+00
1.716363942897955894e+09 6.324270725250244141e+00 -3.437009811401367188e+00 1.159698367118835449e+00 0.000000000000000000e+00 0.000000000000000000e+00 0.000000000000000000e+00 1.000000000000000000e+00
1.716363942947868347e+09 6.331963539123535156e+00 -3.439300537109375000e+00 1.156237959861755371e+00 0.000000000000000000e+00 0.000000000000000000e+00 0.000000000000000000e+00 1.000000000000000000e+00
1.716363943048367500e+09 6.358024597167968750e+00 -3.448989629745483398e+00 1.145220398902893066e+00 0.000000000000000000e+00 0.000000000000000000e+00 0.000000000000000000e+00 1.000000000000000000e+00
1.716363943098419189e+09 6.366528987884521484e+00 -3.453904867172241211e+00 1.141102433204650879e+00 0.000000000000000000e+00 0.000000000000000000e+00 0.000000000000000000e+00 1.000000000000000000e+00
1.716363943198797941e+09 6.381798744201660156e+00 -3.463102102279663086e+00 1.136586546897888184e+00 0.000000000000000000e+00 0.000000000000000000e+00 0.000000000000000000e+00 1.000000000000000000e+00
1.716363943299220085e+09 6.406851291656494141e+00 -3.484915494918823242e+00 1.123870372772216797e+00 0.000000000000000000e+00 0.000000000000000000e+00 0.000000000000000000e+00 1.000000000000000000e+00
1.716363943349747896e+09 6.415414810180664062e+00 -3.493870258331298828e+00 1.119555592536926492e+00 0.000000000000000000e+00 0.000000000000000000e+00 0.000000000000000000e+00 1.000000000000000000e+00
1.716363943400318146e+09 6.424350738525390625e+00 -3.502113342285155806e+00 1.115032196044922097e+00 0.000000000000000000e+00 0.000000000000000000e+00 0.000000000000000000e+00 1.000000000000000000e+00
1.716363943449698448e+09 6.434418201446533203e+00 -3.510379791259765625e+00 1.110644936561584473e+00 0.000000000000000000e+00 0.000000000000000000e+00 0.000000000000000000e+00 1.000000000000000000e+00
1.716363943550266266e+09 6.454059600830078125e+00 -3.524085283279418945e+00 1.106221318244934082e+00 0.000000000000000000e+00 0.000000000000000000e+00 0.000000000000000000e+00 1.000000000000000000e+00
1.716363943600329638e+09 6.470351696014404297e+00 -3.541516065597534180e+00 1.098930835723876953e+00 0.000000000000000000e+00 0.000000000000000000e+00 0.000000000000000000e+00 1.000000000000000000e+00
1.716363943650491476e+09 6.477257251739501953e+00 -3.551491022109985352e+00 1.095727920532226562e+00 0.000000000000000000e+00 0.000000000000000000e+00 0.000000000000000000e+00 1.000000000000000000e+00
1.716363943700586557e+09 6.483419895172119141e+00 -3.560768127441406250e+00 1.092892050743103027e+00 0.000000000000000000e+00 0.000000000000000000e+00 0.000000000000000000e+00 1.000000000000000000e+00
1.716363943801062107e+09 6.500267505645751953e+00 -3.575448036193848100e+00 1.089182257652282715e+00 0.000000000000000000e+00 0.000000000000000000e+00 0.000000000000000000e+00 1.000000000000000000e+00
1.716363943901448488e+09 6.524675846099853516e+00 -3.602694988250732422e+00 1.079386830329895020e+00 0.000000000000000000e+00 0.000000000000000000e+00 0.000000000000000000e+00 1.000000000000000000e+00
1.716363943951540947e+09 6.534220695495605469e+00 -3.611979961395264116e+00 1.076155900955200195e+00 0.000000000000000000e+00 0.000000000000000000e+00 0.000000000000000000e+00 1.000000000000000000e+00
1.716363944052306414e+09 6.551192283630371094e+00 -3.628084659576416016e+00 1.069045424461364746e+00 0.000000000000000000e+00 0.000000000000000000e+00 0.000000000000000000e+00 1.000000000000000000e+00
1.716363944152417183e+09 6.570167541503906250e+00 -3.640891551971435991e+00 1.064859747886657493e+00 0.000000000000000000e+00 0.000000000000000000e+00 0.000000000000000000e+00 1.000000000000000000e+00
1.716363944202704668e+09 6.578136920928955078e+00 -3.646751403808593750e+00 1.061181664466857910e+00 0.000000000000000000e+00 0.000000000000000000e+00 0.000000000000000000e+00 1.000000000000000000e+00
1.716363944303099871e+09 6.608151435852050781e+00 -3.661276102066040039e+00 1.047697663307189941e+00 0.000000000000000000e+00 0.000000000000000000e+00 0.000000000000000000e+00 1.000000000000000000e+00
1.716363944353303671e+09 6.618702888488769531e+00 -3.664397001266479936e+00 1.042904973030090332e+00 0.000000000000000000e+00 0.000000000000000000e+00 0.000000000000000000e+00 1.000000000000000000e+00
1.716363944403467417e+09 6.631293296813964844e+00 -3.667944192886352983e+00 1.037939548492431641e+00 0.000000000000000000e+00 0.000000000000000000e+00 0.000000000000000000e+00 1.000000000000000000e+00
1.716363944554755926e+09 6.666415214538574219e+00 -3.677719831466674805e+00 1.027871251106262207e+00 0.000000000000000000e+00 0.000000000000000000e+00 0.000000000000000000e+00 1.000000000000000000e+00
1.716363944604873657e+09 6.678510189056396484e+00 -3.678067922592163086e+00 1.023525953292846902e+00 0.000000000000000000e+00 0.000000000000000000e+00 0.000000000000000000e+00 1.000000000000000000e+00
1.716363944655061483e+09 6.706155300140380859e+00 -3.678768873214721680e+00 1.015547633171081543e+00 0.000000000000000000e+00 0.000000000000000000e+00 0.000000000000000000e+00 1.000000000000000000e+00
1.716363944705462933e+09 6.718928813934326172e+00 -3.677969932556151900e+00 1.012227416038513184e+00 0.000000000000000000e+00 0.000000000000000000e+00 0.000000000000000000e+00 1.000000000000000000e+00
1.716363944755980253e+09 6.732965946197509766e+00 -3.676971912384033203e+00 1.009204506874084473e+00 0.000000000000000000e+00 0.000000000000000000e+00 0.000000000000000000e+00 1.000000000000000000e+00
1.716363944856272936e+09 6.771917819976806641e+00 -3.678084850311279297e+00 1.003903985023498313e+00 0.000000000000000000e+00 0.000000000000000000e+00 0.000000000000000000e+00 1.000000000000000000e+00
1.716363944906621218e+09 6.786956310272216797e+00 -3.675379037857056108e+00 1.002392172813415527e+00 0.000000000000000000e+00 0.000000000000000000e+00 0.000000000000000000e+00 1.000000000000000000e+00
1.716363944956633568e+09 6.803335189819335938e+00 -3.672321319580078125e+00 1.001244068145751953e+00 0.000000000000000000e+00 0.000000000000000000e+00 0.000000000000000000e+00 1.000000000000000000e+00
1.716363945006738901e+09 6.819791316986083984e+00 -3.669130086898804155e+00 1.000398278236389160e+00 0.000000000000000000e+00 0.000000000000000000e+00 0.000000000000000000e+00 1.000000000000000000e+00
1.716363945056879520e+09 6.836617946624755859e+00 -3.665287494659423828e+00 1.000090718269347922e+00 0.000000000000000000e+00 0.000000000000000000e+00 0.000000000000000000e+00 1.000000000000000000e+00
1.716363945157386541e+09 6.862947463989257812e+00 -3.667001008987426314e+00 9.997106790542603649e-01 0.000000000000000000e+00 0.000000000000000000e+00 0.000000000000000000e+00 1.000000000000000000e+00
1.716363945207442999e+09 6.878096580505371094e+00 -3.662127494812012163e+00 1.000561714172363281e+00 0.000000000000000000e+00 0.000000000000000000e+00 0.000000000000000000e+00 1.000000000000000000e+00
1.716363945258030891e+09 6.911055564880371094e+00 -3.651856422424316850e+00 1.004792213439941406e+00 0.000000000000000000e+00 0.000000000000000000e+00 0.000000000000000000e+00 1.000000000000000000e+00
1.716363945308156252e+09 6.928589820861816406e+00 -3.646930217742919922e+00 1.007891654968261497e+00 0.000000000000000000e+00 0.000000000000000000e+00 0.000000000000000000e+00 1.000000000000000000e+00
1.716363945358468533e+09 6.948221206665039062e+00 -3.642374992370605469e+00 1.011799693107604980e+00 0.000000000000000000e+00 0.000000000000000000e+00 0.000000000000000000e+00 1.000000000000000000e+00
1.716363945408501148e+09 6.974277019500732422e+00 -3.640629291534423828e+00 1.015842199325561523e+00 0.000000000000000000e+00 0.000000000000000000e+00 0.000000000000000000e+00 1.000000000000000000e+00
1.716363945458823681e+09 6.991791725158691406e+00 -3.633681058883666992e+00 1.021021127700805664e+00 0.000000000000000000e+00 0.000000000000000000e+00 0.000000000000000000e+00 1.000000000000000000e+00
1.716363945508959055e+09 7.010136604309082031e+00 -3.627319812774658203e+00 1.026815295219421387e+00 0.000000000000000000e+00 0.000000000000000000e+00 0.000000000000000000e+00 1.000000000000000000e+00
1.716363945559294462e+09 7.027425289154052734e+00 -3.620794773101807085e+00 1.032931566238403098e+00 0.000000000000000000e+00 0.000000000000000000e+00 0.000000000000000000e+00 1.000000000000000000e+00
1.716363945609474659e+09 7.046577453613281250e+00 -3.615057229995727983e+00 1.039847135543823242e+00 0.000000000000000000e+00 0.000000000000000000e+00 0.000000000000000000e+00 1.000000000000000000e+00
1.716363945659602880e+09 7.064037799835205078e+00 -3.608246326446533203e+00 1.047485947608947754e+00 0.000000000000000000e+00 0.000000000000000000e+00 0.000000000000000000e+00 1.000000000000000000e+00
1.716363945710056305e+09 7.084058761596679688e+00 -3.603006124496459961e+00 1.055565953254699707e+00 0.000000000000000000e+00 0.000000000000000000e+00 0.000000000000000000e+00 1.000000000000000000e+00
1.716363945810087204e+09 7.116238594055175781e+00 -3.604628801345825195e+00 1.062926054000854492e+00 0.000000000000000000e+00 0.000000000000000000e+00 0.000000000000000000e+00 1.000000000000000000e+00
1.716363945860338449e+09 7.158956527709960938e+00 -3.595328330993652344e+00 1.080753207206726074e+00 0.000000000000000000e+00 0.000000000000000000e+00 0.000000000000000000e+00 1.000000000000000000e+00
1.716363945960794210e+09 7.203796863555908203e+00 -3.585855007171630859e+00 1.097776651382446289e+00 0.000000000000000000e+00 0.000000000000000000e+00 0.000000000000000000e+00 1.000000000000000000e+00
1.716363946061531067e+09 7.268508911132812500e+00 -3.585278511047363725e+00 1.112133264541625977e+00 0.000000000000000000e+00 0.000000000000000000e+00 0.000000000000000000e+00 1.000000000000000000e+00
1.716363946111391783e+09 7.291974067687988281e+00 -3.581398248672485352e+00 1.119267344474792480e+00 0.000000000000000000e+00 0.000000000000000000e+00 0.000000000000000000e+00 1.000000000000000000e+00
1.716363946262096405e+09 7.358490467071533203e+00 -3.585576295852661133e+00 1.131412029266357422e+00 0.000000000000000000e+00 0.000000000000000000e+00 0.000000000000000000e+00 1.000000000000000000e+00
1.716363946312288523e+09 7.383255004882812500e+00 -3.585527420043945312e+00 1.136823296546936035e+00 0.000000000000000000e+00 0.000000000000000000e+00 0.000000000000000000e+00 1.000000000000000000e+00
1.716363946362708569e+09 7.409718513488769531e+00 -3.586447954177856445e+00 1.141491413116455078e+00 0.000000000000000000e+00 0.000000000000000000e+00 0.000000000000000000e+00 1.000000000000000000e+00
1.716363946412663698e+09 7.462138652801513672e+00 -3.588955402374268022e+00 1.147948980331420898e+00 0.000000000000000000e+00 0.000000000000000000e+00 0.000000000000000000e+00 1.000000000000000000e+00
1.716363946462982893e+09 7.488753318786621094e+00 -3.591493844985961914e+00 1.149710774421691895e+00 0.000000000000000000e+00 0.000000000000000000e+00 0.000000000000000000e+00 1.000000000000000000e+00
1.716363946513051748e+09 7.540374279022216797e+00 -3.606451511383056641e+00 1.149101257324218750e+00 0.000000000000000000e+00 0.000000000000000000e+00 0.000000000000000000e+00 1.000000000000000000e+00
1.716363946563207626e+09 7.567806720733642578e+00 -3.609378099441527876e+00 1.148982882499694824e+00 0.000000000000000000e+00 0.000000000000000000e+00 0.000000000000000000e+00 1.000000000000000000e+00
1.716363946663694620e+09 7.654551982879638672e+00 -3.631689071655273438e+00 1.145170927047729492e+00 0.000000000000000000e+00 0.000000000000000000e+00 0.000000000000000000e+00 1.000000000000000000e+00
1.716363946713872194e+09 7.685769081115722656e+00 -3.638019561767578125e+00 1.142551660537719505e+00 0.000000000000000000e+00 0.000000000000000000e+00 0.000000000000000000e+00 1.000000000000000000e+00
1.716363946764040709e+09 7.716539859771727627e+00 -3.645272731781005859e+00 1.139878988265991211e+00 0.000000000000000000e+00 0.000000000000000000e+00 0.000000000000000000e+00 1.000000000000000000e+00
1.716363946814215183e+09 7.747689723968505859e+00 -3.654014825820922852e+00 1.136762738227844238e+00 0.000000000000000000e+00 0.000000000000000000e+00 0.000000000000000000e+00 1.000000000000000000e+00
1.716363946864563704e+09 7.782047271728515625e+00 -3.665319442749023882e+00 1.133504986763000488e+00 0.000000000000000000e+00 0.000000000000000000e+00 0.000000000000000000e+00 1.000000000000000000e+00
1.716363946914710522e+09 7.813455581665039062e+00 -3.675782680511474609e+00 1.129710435867309570e+00 0.000000000000000000e+00 0.000000000000000000e+00 0.000000000000000000e+00 1.000000000000000000e+00
1.716363946965046167e+09 7.874341964721679688e+00 -3.701122283935546875e+00 1.125455856323242188e+00 0.000000000000000000e+00 0.000000000000000000e+00 0.000000000000000000e+00 1.000000000000000000e+00
1.716363947015116453e+09 7.906188011169433594e+00 -3.713149547576903853e+00 1.123239994049072488e+00 0.000000000000000000e+00 0.000000000000000000e+00 0.000000000000000000e+00 1.000000000000000000e+00
1.716363947065265894e+09 7.937115192413330078e+00 -3.724910497665404829e+00 1.122402667999267578e+00 0.000000000000000000e+00 0.000000000000000000e+00 0.000000000000000000e+00 1.000000000000000000e+00
1.716363947115512133e+09 7.968845844268798828e+00 -3.737369775772095171e+00 1.122165322303771973e+00 0.000000000000000000e+00 0.000000000000000000e+00 0.000000000000000000e+00 1.000000000000000000e+00
1.716363947165831566e+09 8.028586387634277344e+00 -3.763103485107421875e+00 1.121210813522338867e+00 0.000000000000000000e+00 0.000000000000000000e+00 0.000000000000000000e+00 1.000000000000000000e+00
1.716363947216927528e+09 8.058533668518066406e+00 -3.774816274642943892e+00 1.122732639312743919e+00 0.000000000000000000e+00 0.000000000000000000e+00 0.000000000000000000e+00 1.000000000000000000e+00
1.716363947266185522e+09 8.088416099548339844e+00 -3.786697864532471147e+00 1.124633789062500000e+00 0.000000000000000000e+00 0.000000000000000000e+00 0.000000000000000000e+00 1.000000000000000000e+00
1.716363947316378593e+09 8.122615814208984375e+00 -3.801198959350585938e+00 1.126979827880859375e+00 0.000000000000000000e+00 0.000000000000000000e+00 0.000000000000000000e+00 1.000000000000000000e+00
1.716363947366532326e+09 8.154827117919921875e+00 -3.815395116806030273e+00 1.131193041801452637e+00 0.000000000000000000e+00 0.000000000000000000e+00 0.000000000000000000e+00 1.000000000000000000e+00
1.716363947416690111e+09 8.186004638671875000e+00 -3.829462051391601562e+00 1.135785341262817383e+00 0.000000000000000000e+00 0.000000000000000000e+00 0.000000000000000000e+00 1.000000000000000000e+00
1.716363947517301321e+09 8.271697998046875000e+00 -3.869057178497314453e+00 1.144645690917968750e+00 0.000000000000000000e+00 0.000000000000000000e+00 0.000000000000000000e+00 1.000000000000000000e+00
1.716363947567362070e+09 8.299264907836914062e+00 -3.881468772888184038e+00 1.150407671928405762e+00 0.000000000000000000e+00 0.000000000000000000e+00 0.000000000000000000e+00 1.000000000000000000e+00
1.716363947617606640e+09 8.326782226562500000e+00 -3.893935918807983843e+00 1.155710935592651367e+00 0.000000000000000000e+00 0.000000000000000000e+00 0.000000000000000000e+00 1.000000000000000000e+00
1.716363947718048573e+09 8.379763603210449219e+00 -3.917954921722412109e+00 1.159484624862670898e+00 0.000000000000000000e+00 0.000000000000000000e+00 0.000000000000000000e+00 1.000000000000000000e+00
1.716363947768343449e+09 8.430771827697753906e+00 -3.939429759979248047e+00 1.167430877685546875e+00 0.000000000000000000e+00 0.000000000000000000e+00 0.000000000000000000e+00 1.000000000000000000e+00
1.716363947818554878e+09 8.454924583435058594e+00 -3.949395656585692915e+00 1.169998288154602051e+00 0.000000000000000000e+00 0.000000000000000000e+00 0.000000000000000000e+00 1.000000000000000000e+00
1.716363947918851137e+09 8.503785133361816406e+00 -3.970148801803588867e+00 1.170699000358581543e+00 0.000000000000000000e+00 0.000000000000000000e+00 0.000000000000000000e+00 1.000000000000000000e+00
1.716363947969769001e+09 8.551938056945800781e+00 -3.987627744674682617e+00 1.170712590217590332e+00 0.000000000000000000e+00 0.000000000000000000e+00 0.000000000000000000e+00 1.000000000000000000e+00
1.716363948019365788e+09 8.575654983520507812e+00 -3.995820522308349609e+00 1.169004201889038086e+00 0.000000000000000000e+00 0.000000000000000000e+00 0.000000000000000000e+00 1.000000000000000000e+00
1.716363948069415092e+09 8.597794532775878906e+00 -4.002600669860839844e+00 1.166567087173461914e+00 0.000000000000000000e+00 0.000000000000000000e+00 0.000000000000000000e+00 1.000000000000000000e+00
1.716363948169889450e+09 8.643630981445312500e+00 -4.019957542419433594e+00 1.162153005599975586e+00 0.000000000000000000e+00 0.000000000000000000e+00 0.000000000000000000e+00 1.000000000000000000e+00
1.716363948270236254e+09 8.706427574157714844e+00 -4.038400173187255859e+00 1.152812480926513672e+00 0.000000000000000000e+00 0.000000000000000000e+00 0.000000000000000000e+00 1.000000000000000000e+00
1.716363948320846319e+09 8.743389129638671875e+00 -4.043410778045654297e+00 1.141915559768676758e+00 0.000000000000000000e+00 0.000000000000000000e+00 0.000000000000000000e+00 1.000000000000000000e+00
1.716363948370823145e+09 8.766854286193847656e+00 -4.047042369842529297e+00 1.136531472206115501e+00 0.000000000000000000e+00 0.000000000000000000e+00 0.000000000000000000e+00 1.000000000000000000e+00
1.716363948420818806e+09 8.819824218750000000e+00 -4.063048362731933594e+00 1.130094885826110840e+00 0.000000000000000000e+00 0.000000000000000000e+00 0.000000000000000000e+00 1.000000000000000000e+00
1.716363948471160173e+09 8.846672058105468750e+00 -4.066487312316895419e+00 1.124844074249267578e+00 0.000000000000000000e+00 0.000000000000000000e+00 0.000000000000000000e+00 1.000000000000000000e+00
1.716363948521231174e+09 8.874822616577148438e+00 -4.069434642791748047e+00 1.119262814521789551e+00 0.000000000000000000e+00 0.000000000000000000e+00 0.000000000000000000e+00 1.000000000000000000e+00
1.716363948571233034e+09 8.900019645690917969e+00 -4.071661472320556641e+00 1.114396810531616211e+00 0.000000000000000000e+00 0.000000000000000000e+00 0.000000000000000000e+00 1.000000000000000000e+00
1.716363948621839523e+09 8.951910972595214844e+00 -4.085147857666015625e+00 1.108155727386474609e+00 0.000000000000000000e+00 0.000000000000000000e+00 0.000000000000000000e+00 1.000000000000000000e+00
1.716363948671964169e+09 8.980052947998046875e+00 -4.088130950927734375e+00 1.103539705276489258e+00 0.000000000000000000e+00 0.000000000000000000e+00 0.000000000000000000e+00 1.000000000000000000e+00
1.716363948722464323e+09 9.008244514465332031e+00 -4.091036796569824219e+00 1.099523305892944336e+00 0.000000000000000000e+00 0.000000000000000000e+00 0.000000000000000000e+00 1.000000000000000000e+00
1.716363948772397757e+09 9.038801193237304688e+00 -4.093531608581542969e+00 1.095323204994201660e+00 0.000000000000000000e+00 0.000000000000000000e+00 0.000000000000000000e+00 1.000000000000000000e+00
1.716363948822577953e+09 9.073393821716308594e+00 -4.096796989440917969e+00 1.091221570968627930e+00 0.000000000000000000e+00 0.000000000000000000e+00 0.000000000000000000e+00 1.000000000000000000e+00
1.716363948872632504e+09 9.133637428283691406e+00 -4.111271858215332031e+00 1.086681723594665527e+00 0.000000000000000000e+00 0.000000000000000000e+00 0.000000000000000000e+00 1.000000000000000000e+00
1.716363948922865391e+09 9.167388916015623224e+00 -4.114017009735107422e+00 1.083779335021972878e+00 0.000000000000000000e+00 0.000000000000000000e+00 0.000000000000000000e+00 1.000000000000000000e+00
1.716363948973300695e+09 9.203008651733398438e+00 -4.117472648620605469e+00 1.081052541732788086e+00 0.000000000000000000e+00 0.000000000000000000e+00 0.000000000000000000e+00 1.000000000000000000e+00
1.716363949023483038e+09 9.241492271423339844e+00 -4.121874809265136719e+00 1.078633308410644309e+00 0.000000000000000000e+00 0.000000000000000000e+00 0.000000000000000000e+00 1.000000000000000000e+00
1.716363949073763609e+09 9.278955459594728339e+00 -4.126102924346923828e+00 1.076475143432617188e+00 0.000000000000000000e+00 0.000000000000000000e+00 0.000000000000000000e+00 1.000000000000000000e+00
1.716363949123753548e+09 9.317644119262695312e+00 -4.130063533782958984e+00 1.074919342994689941e+00 0.000000000000000000e+00 0.000000000000000000e+00 0.000000000000000000e+00 1.000000000000000000e+00
1.716363949224039078e+09 9.427662849426269531e+00 -4.153025627136231357e+00 1.070532798767089844e+00 0.000000000000000000e+00 0.000000000000000000e+00 0.000000000000000000e+00 1.000000000000000000e+00
1.716363949274185181e+09 9.466240882873535156e+00 -4.157165527343750000e+00 1.069299459457397683e+00 0.000000000000000000e+00 0.000000000000000000e+00 0.000000000000000000e+00 1.000000000000000000e+00
1.716363949324297905e+09 9.502747535705566406e+00 -4.161019802093505859e+00 1.068131327629089355e+00 0.000000000000000000e+00 0.000000000000000000e+00 0.000000000000000000e+00 1.000000000000000000e+00
1.716363949425427914e+09 9.624832153320312500e+00 -4.188605308532714844e+00 1.063789129257201926e+00 0.000000000000000000e+00 0.000000000000000000e+00 0.000000000000000000e+00 1.000000000000000000e+00
1.716363949474760771e+09 9.667974472045898438e+00 -4.194641590118408203e+00 1.062300324440002441e+00 0.000000000000000000e+00 0.000000000000000000e+00 0.000000000000000000e+00 1.000000000000000000e+00
1.716363949524813175e+09 9.711801528930664062e+00 -4.201627254486083984e+00 1.061256527900695801e+00 0.000000000000000000e+00 0.000000000000000000e+00 0.000000000000000000e+00 1.000000000000000000e+00
1.716363949575155973e+09 9.753864288330078125e+00 -4.207674980163574219e+00 1.060745477676391602e+00 0.000000000000000000e+00 0.000000000000000000e+00 0.000000000000000000e+00 1.000000000000000000e+00
1.716363949625115395e+09 9.837831497192384589e+00 -4.232622146606445312e+00 1.058669090270996094e+00 0.000000000000000000e+00 0.000000000000000000e+00 0.000000000000000000e+00 1.000000000000000000e+00
1.716363949675627232e+09 9.881957054138183594e+00 -4.241447448730468750e+00 1.058455467224121094e+00 0.000000000000000000e+00 0.000000000000000000e+00 0.000000000000000000e+00 1.000000000000000000e+00
1.716363949725776434e+09 9.926412582397459161e+00 -4.252041339874267578e+00 1.058409690856933594e+00 0.000000000000000000e+00 0.000000000000000000e+00 0.000000000000000000e+00 1.000000000000000000e+00
1.716363949777221918e+09 9.969624519348144531e+00 -4.262987136840820312e+00 1.058417320251464844e+00 0.000000000000000000e+00 0.000000000000000000e+00 0.000000000000000000e+00 1.000000000000000000e+00
1.716363949826203346e+09 1.005745983123779119e+01 -4.294177055358886719e+00 1.057291507720947266e+00 0.000000000000000000e+00 0.000000000000000000e+00 0.000000000000000000e+00 1.000000000000000000e+00
1.716363949876269102e+09 1.010062789916992188e+01 -4.307850837707520419e+00 1.058265328407287598e+00 0.000000000000000000e+00 0.000000000000000000e+00 0.000000000000000000e+00 1.000000000000000000e+00
1.716363949976692677e+09 1.018673515319824219e+01 -4.338273048400878906e+00 1.060218572616577148e+00 0.000000000000000000e+00 0.000000000000000000e+00 0.000000000000000000e+00 1.000000000000000000e+00
1.716363950026985407e+09 1.027764987945556641e+01 -4.374991893768311435e+00 1.059226751327514648e+00 0.000000000000000000e+00 0.000000000000000000e+00 0.000000000000000000e+00 1.000000000000000000e+00
1.716363950077241659e+09 1.032128429412841797e+01 -4.392670631408691406e+00 1.060263633728027122e+00 0.000000000000000000e+00 0.000000000000000000e+00 0.000000000000000000e+00 1.000000000000000000e+00
1.716363950177583694e+09 1.045375919342041016e+01 -4.451898097991943359e+00 1.059957742691040039e+00 0.000000000000000000e+00 0.000000000000000000e+00 0.000000000000000000e+00 1.000000000000000000e+00
1.716363950227823257e+09 1.049641895294189631e+01 -4.474367618560791016e+00 1.060538530349731445e+00 0.000000000000000000e+00 0.000000000000000000e+00 0.000000000000000000e+00 1.000000000000000000e+00
1.716363950278134346e+09 1.053872299194335938e+01 -4.497650146484375000e+00 1.060922980308532715e+00 0.000000000000000000e+00 0.000000000000000000e+00 0.000000000000000000e+00 1.000000000000000000e+00
1.716363950378936052e+09 1.066089725494384766e+01 -4.570627212524414062e+00 1.059171676635742188e+00 0.000000000000000000e+00 0.000000000000000000e+00 0.000000000000000000e+00 1.000000000000000000e+00
1.716363950484193563e+09 1.074146366119384766e+01 -4.613489627838134766e+00 1.055878400802612305e+00 0.000000000000000000e+00 0.000000000000000000e+00 0.000000000000000000e+00 1.000000000000000000e+00
1.716363950579997778e+09 1.081786632537841797e+01 -4.665961742401123047e+00 1.052108764648437500e+00 0.000000000000000000e+00 0.000000000000000000e+00 0.000000000000000000e+00 1.000000000000000000e+00
1.716363950629789352e+09 1.085490989685058594e+01 -4.693569660186767578e+00 1.050009846687316895e+00 0.000000000000000000e+00 0.000000000000000000e+00 0.000000000000000000e+00 1.000000000000000000e+00
1.716363950730315924e+09 1.093212985992431641e+01 -4.738989830017089844e+00 1.045895338058471680e+00 0.000000000000000000e+00 0.000000000000000000e+00 0.000000000000000000e+00 1.000000000000000000e+00
1.716363950780581713e+09 1.100459289550781250e+01 -4.792576789855957031e+00 1.039224505424499512e+00 0.000000000000000000e+00 0.000000000000000000e+00 0.000000000000000000e+00 1.000000000000000000e+00
1.716363950880998850e+09 1.107332134246826172e+01 -4.839442729949951172e+00 1.030557394027709961e+00 0.000000000000000000e+00 0.000000000000000000e+00 0.000000000000000000e+00 1.000000000000000000e+00
1.716363951031550646e+09 1.121984481811523438e+01 -4.924717426300048828e+00 1.012141942977905273e+00 0.000000000000000000e+00 0.000000000000000000e+00 0.000000000000000000e+00 1.000000000000000000e+00
1.716363951081987143e+09 1.124892425537109375e+01 -4.945014476776123047e+00 1.005910277366638184e+00 0.000000000000000000e+00 0.000000000000000000e+00 0.000000000000000000e+00 1.000000000000000000e+00
1.716363951132155657e+09 1.130607223510742188e+01 -4.975974559783936435e+00 9.988837242126463734e-01 0.000000000000000000e+00 0.000000000000000000e+00 0.000000000000000000e+00 1.000000000000000000e+00
1.716363951182433605e+09 1.133712005615234375e+01 -4.994193553924560547e+00 9.919841289520263672e-01 0.000000000000000000e+00 0.000000000000000000e+00 0.000000000000000000e+00 1.000000000000000000e+00
1.716363951232530594e+09 1.136798191070556641e+01 -5.010314464569091797e+00 9.847893118858336292e-01 0.000000000000000000e+00 0.000000000000000000e+00 0.000000000000000000e+00 1.000000000000000000e+00
1.716363951284260750e+09 1.139741992950439631e+01 -5.024662017822265625e+00 9.772483110427856445e-01 0.000000000000000000e+00 0.000000000000000000e+00 0.000000000000000000e+00 1.000000000000000000e+00
1.716363951332830906e+09 1.145835113525390625e+01 -5.056035041809082031e+00 9.614098072052001953e-01 0.000000000000000000e+00 0.000000000000000000e+00 0.000000000000000000e+00 1.000000000000000000e+00
1.716363951433252811e+09 1.151861381530761541e+01 -5.084588527679443359e+00 9.518773555755616345e-01 0.000000000000000000e+00 0.000000000000000000e+00 0.000000000000000000e+00 1.000000000000000000e+00
1.716363951483446836e+09 1.154811954498291016e+01 -5.098659515380859375e+00 9.434856772422790527e-01 0.000000000000000000e+00 0.000000000000000000e+00 0.000000000000000000e+00 1.000000000000000000e+00
1.716363951533767939e+09 1.157983303070068359e+01 -5.112684726715087891e+00 9.351787567138671875e-01 0.000000000000000000e+00 0.000000000000000000e+00 0.000000000000000000e+00 1.000000000000000000e+00
1.716363951583788633e+09 1.160995864868164062e+01 -5.125325202941895419e+00 9.267204403877258301e-01 0.000000000000000000e+00 0.000000000000000000e+00 0.000000000000000000e+00 1.000000000000000000e+00
1.716363951684231520e+09 1.166864204406738459e+01 -5.150001525878906250e+00 9.173412322998047985e-01 0.000000000000000000e+00 0.000000000000000000e+00 0.000000000000000000e+00 1.000000000000000000e+00
1.716363951734418392e+09 1.172853946685791016e+01 -5.173854827880859375e+00 9.030885696411131702e-01 0.000000000000000000e+00 0.000000000000000000e+00 0.000000000000000000e+00 1.000000000000000000e+00
1.716363951784530401e+09 1.175902748107910156e+01 -5.185861587524414062e+00 8.965955376625061035e-01 0.000000000000000000e+00 0.000000000000000000e+00 0.000000000000000000e+00 1.000000000000000000e+00
1.716363951834761143e+09 1.181797027587890625e+01 -5.210138797760009766e+00 8.891703486442565918e-01 0.000000000000000000e+00 0.000000000000000000e+00 0.000000000000000000e+00 1.000000000000000000e+00
1.716363951885291338e+09 1.184672355651855646e+01 -5.221303462982177734e+00 8.843864202499389648e-01 0.000000000000000000e+00 0.000000000000000000e+00 0.000000000000000000e+00 1.000000000000000000e+00
1.716363951985391855e+09 1.190668582916259766e+01 -5.245573043823242188e+00 8.754817247390747070e-01 0.000000000000000000e+00 0.000000000000000000e+00 0.000000000000000000e+00 1.000000000000000000e+00
1.716363952035393715e+09 1.196626281738281250e+01 -5.271116733551025391e+00 8.700797557830810547e-01 0.000000000000000000e+00 0.000000000000000000e+00 0.000000000000000000e+00 1.000000000000000000e+00
1.716363952085724354e+09 1.199561595916748047e+01 -5.283558845520020419e+00 8.667242527008056641e-01 0.000000000000000000e+00 0.000000000000000000e+00 0.000000000000000000e+00 1.000000000000000000e+00
1.716363952135894537e+09 1.202498817443847656e+01 -5.296010494232177734e+00 8.638244867324829102e-01 0.000000000000000000e+00 0.000000000000000000e+00 0.000000000000000000e+00 1.000000000000000000e+00
1.716363952186124325e+09 1.205449581146240234e+01 -5.308183193206787109e+00 8.611885309219360352e-01 0.000000000000000000e+00 0.000000000000000000e+00 0.000000000000000000e+00 1.000000000000000000e+00
1.716363952236258268e+09 1.208511352539062322e+01 -5.320340633392333984e+00 8.587181568145751953e-01 0.000000000000000000e+00 0.000000000000000000e+00 0.000000000000000000e+00 1.000000000000000000e+00
1.716363952286487818e+09 1.214604854583740234e+01 -5.345482826232910156e+00 8.550580143928527832e-01 0.000000000000000000e+00 0.000000000000000000e+00 0.000000000000000000e+00 1.000000000000000000e+00
1.716363952387009859e+09 1.220726203918457031e+01 -5.370141983032226562e+00 8.526651859283447266e-01 0.000000000000000000e+00 0.000000000000000000e+00 0.000000000000000000e+00 1.000000000000000000e+00
1.716363952437244177e+09 1.223777580261230469e+01 -5.382776737213134766e+00 8.522844314575195312e-01 0.000000000000000000e+00 0.000000000000000000e+00 0.000000000000000000e+00 1.000000000000000000e+00
1.716363952537459135e+09 1.229943561553955078e+01 -5.409008026123046875e+00 8.507580757141113281e-01 0.000000000000000000e+00 0.000000000000000000e+00 0.000000000000000000e+00 1.000000000000000000e+00
1.716363952588516235e+09 1.233096218109130859e+01 -5.421926021575927734e+00 8.512427210807800293e-01 0.000000000000000000e+00 0.000000000000000000e+00 0.000000000000000000e+00 1.000000000000000000e+00
1.716363952637801409e+09 1.239423656463623047e+01 -5.447447299957275391e+00 8.538596034049987793e-01 0.000000000000000000e+00 0.000000000000000000e+00 0.000000000000000000e+00 1.000000000000000000e+00
1.716363952738569021e+09 1.245775318145751953e+01 -5.474661350250244141e+00 8.543968796730041504e-01 0.000000000000000000e+00 0.000000000000000000e+00 0.000000000000000000e+00 1.000000000000000000e+00
1.716363952788399696e+09 1.249018669128417969e+01 -5.488177776336669922e+00 8.564481735229492188e-01 0.000000000000000000e+00 0.000000000000000000e+00 0.000000000000000000e+00 1.000000000000000000e+00
1.716363952838602304e+09 1.255484962463378729e+01 -5.515928268432617188e+00 8.628852367401123047e-01 0.000000000000000000e+00 0.000000000000000000e+00 0.000000000000000000e+00 1.000000000000000000e+00
1.716363952888891697e+09 1.258600425720214844e+01 -5.530085086822509766e+00 8.669843077659606934e-01 0.000000000000000000e+00 0.000000000000000000e+00 0.000000000000000000e+00 1.000000000000000000e+00
1.716363952989644527e+09 1.264927673339843750e+01 -5.558080196380615234e+00 8.697044849395751953e-01 0.000000000000000000e+00 0.000000000000000000e+00 0.000000000000000000e+00 1.000000000000000000e+00
1.716363953039521217e+09 1.271251201629638850e+01 -5.586903572082520419e+00 8.793580532073974609e-01 0.000000000000000000e+00 0.000000000000000000e+00 0.000000000000000000e+00 1.000000000000000000e+00
1.716363953089677334e+09 1.274352073669433594e+01 -5.601536273956298828e+00 8.850466609001159668e-01 0.000000000000000000e+00 0.000000000000000000e+00 0.000000000000000000e+00 1.000000000000000000e+00
1.716363953139861584e+09 1.280553817749023438e+01 -5.629987239837647373e+00 8.888466358184814453e-01 0.000000000000000000e+00 0.000000000000000000e+00 0.000000000000000000e+00 1.000000000000000000e+00
1.716363953240348577e+09 1.286752796173095525e+01 -5.659260749816895419e+00 9.001078605651855469e-01 0.000000000000000000e+00 0.000000000000000000e+00 0.000000000000000000e+00 1.000000000000000000e+00
1.716363953290551662e+09 1.292749881744384766e+01 -5.687490463256835938e+00 9.051450490951538086e-01 0.000000000000000000e+00 0.000000000000000000e+00 0.000000000000000000e+00 1.000000000000000000e+00
1.716363953340872765e+09 1.295824146270751953e+01 -5.702763557434082031e+00 9.116345047950743519e-01 0.000000000000000000e+00 0.000000000000000000e+00 0.000000000000000000e+00 1.000000000000000000e+00
1.716363953390942574e+09 1.301692676544189631e+01 -5.734818458557128906e+00 9.261865615844727673e-01 0.000000000000000000e+00 0.000000000000000000e+00 0.000000000000000000e+00 1.000000000000000000e+00
1.716363953441331148e+09 1.304443645477294922e+01 -5.750087261199951172e+00 9.341436624526977539e-01 0.000000000000000000e+00 0.000000000000000000e+00 0.000000000000000000e+00 1.000000000000000000e+00
1.716363953541519165e+09 1.310046577453613281e+01 -5.777404308319091797e+00 9.405640959739683948e-01 0.000000000000000000e+00 0.000000000000000000e+00 0.000000000000000000e+00 1.000000000000000000e+00
1.716363953591656923e+09 1.312857532501220881e+01 -5.791288852691650391e+00 9.485968351364135742e-01 0.000000000000000000e+00 0.000000000000000000e+00 0.000000000000000000e+00 1.000000000000000000e+00
1.716363953641959429e+09 1.315587806701660156e+01 -5.804574489593505859e+00 9.573884010314940296e-01 0.000000000000000000e+00 0.000000000000000000e+00 0.000000000000000000e+00 1.000000000000000000e+00
1.716363953692200184e+09 1.318390274047851562e+01 -5.818689346313476562e+00 9.662119746208192028e-01 0.000000000000000000e+00 0.000000000000000000e+00 0.000000000000000000e+00 1.000000000000000000e+00
1.716363953742859840e+09 1.324007606506347656e+01 -5.845773696899414062e+00 9.743837118148803711e-01 0.000000000000000000e+00 0.000000000000000000e+00 0.000000000000000000e+00 1.000000000000000000e+00
1.716363953792618990e+09 1.326772022247314453e+01 -5.860786437988281250e+00 9.840551614761352539e-01 0.000000000000000000e+00 0.000000000000000000e+00 0.000000000000000000e+00 1.000000000000000000e+00
1.716363953843851805e+09 1.329565143585205078e+01 -5.875089645385742188e+00 9.932481050491331898e-01 0.000000000000000000e+00 0.000000000000000000e+00 0.000000000000000000e+00 1.000000000000000000e+00
1.716363953893072367e+09 1.332197189331054865e+01 -5.888108253479003906e+00 1.002937912940979004e+00 0.000000000000000000e+00 0.000000000000000000e+00 0.000000000000000000e+00 1.000000000000000000e+00
1.716363953943261385e+09 1.334860038757324219e+01 -5.900421142578125000e+00 1.012754917144775391e+00 0.000000000000000000e+00 0.000000000000000000e+00 0.000000000000000000e+00 1.000000000000000000e+00
1.716363953993459702e+09 1.339828777313232422e+01 -5.922299861907958984e+00 1.021080851554870605e+00 0.000000000000000000e+00 0.000000000000000000e+00 0.000000000000000000e+00 1.000000000000000000e+00
1.716363954043650389e+09 1.345166301727294922e+01 -5.944045066833496094e+00 1.040128231048583984e+00 0.000000000000000000e+00 0.000000000000000000e+00 0.000000000000000000e+00 1.000000000000000000e+00
1.716363954093895197e+09 1.347877597808838068e+01 -5.955134868621826172e+00 1.049244761466979980e+00 0.000000000000000000e+00 0.000000000000000000e+00 0.000000000000000000e+00 1.000000000000000000e+00
1.716363954194237471e+09 1.353150081634521662e+01 -5.977502346038818359e+00 1.057678341865539551e+00 0.000000000000000000e+00 0.000000000000000000e+00 0.000000000000000000e+00 1.000000000000000000e+00
1.716363954244672537e+09 1.355791664123535156e+01 -5.987692832946777344e+00 1.067226409912109375e+00 0.000000000000000000e+00 0.000000000000000000e+00 0.000000000000000000e+00 1.000000000000000000e+00
1.716363954294734001e+09 1.358459949493408203e+01 -5.997247219085693359e+00 1.076599240303039551e+00 0.000000000000000000e+00 0.000000000000000000e+00 0.000000000000000000e+00 1.000000000000000000e+00
1.716363954345070601e+09 1.361247825622558594e+01 -6.006521224975585938e+00 1.085517287254333496e+00 0.000000000000000000e+00 0.000000000000000000e+00 0.000000000000000000e+00 1.000000000000000000e+00
1.716363954395267487e+09 1.366599464416504084e+01 -6.027001857757568359e+00 1.093581080436706321e+00 0.000000000000000000e+00 0.000000000000000000e+00 0.000000000000000000e+00 1.000000000000000000e+00
1.716363954445515156e+09 1.369386482238769531e+01 -6.036225318908691406e+00 1.101894736289978027e+00 0.000000000000000000e+00 0.000000000000000000e+00 0.000000000000000000e+00 1.000000000000000000e+00
1.716363954495919704e+09 1.372259140014648438e+01 -6.045968055725097656e+00 1.110177040100097656e+00 0.000000000000000000e+00 0.000000000000000000e+00 0.000000000000000000e+00 1.000000000000000000e+00
1.716363954545960665e+09 1.375215625762939631e+01 -6.056269168853759766e+00 1.118384242057800293e+00 0.000000000000000000e+00 0.000000000000000000e+00 0.000000000000000000e+00 1.000000000000000000e+00
1.716363954596044064e+09 1.381033325195312322e+01 -6.078460693359375000e+00 1.125502705574035645e+00 0.000000000000000000e+00 0.000000000000000000e+00 0.000000000000000000e+00 1.000000000000000000e+00
1.716363954646228075e+09 1.387126350402832031e+01 -6.097306728363037109e+00 1.140504240989685059e+00 0.000000000000000000e+00 0.000000000000000000e+00 0.000000000000000000e+00 1.000000000000000000e+00
1.716363954696644545e+09 1.390425205230712713e+01 -6.107138156890869141e+00 1.147190213203430176e+00 0.000000000000000000e+00 0.000000000000000000e+00 0.000000000000000000e+00 1.000000000000000000e+00
1.716363954796716690e+09 1.396824645996093750e+01 -6.130880832672119141e+00 1.152952313423156738e+00 0.000000000000000000e+00 0.000000000000000000e+00 0.000000000000000000e+00 1.000000000000000000e+00
1.716363954846945286e+09 1.403722763061523438e+01 -6.153507709503173828e+00 1.164552092552185059e+00 0.000000000000000000e+00 0.000000000000000000e+00 0.000000000000000000e+00 1.000000000000000000e+00
1.716363954897607327e+09 1.407495307922363281e+01 -6.167310714721679688e+00 1.168720841407776101e+00 0.000000000000000000e+00 0.000000000000000000e+00 0.000000000000000000e+00 1.000000000000000000e+00
1.716363954947709799e+09 1.411121845245361150e+01 -6.179474353790283203e+00 1.173250198364257812e+00 0.000000000000000000e+00 0.000000000000000000e+00 0.000000000000000000e+00 1.000000000000000000e+00
1.716363955048048019e+09 1.414828300476074219e+01 -6.192275524139404297e+00 1.177271842956542969e+00 0.000000000000000000e+00 0.000000000000000000e+00 0.000000000000000000e+00 1.000000000000000000e+00
1.716363955098430395e+09 1.422105979919433594e+01 -6.220720291137695312e+00 1.180438876152038574e+00 0.000000000000000000e+00 0.000000000000000000e+00 0.000000000000000000e+00 1.000000000000000000e+00
1.716363955148393393e+09 1.429516601562500000e+01 -6.246291160583496094e+00 1.187270998954772949e+00 0.000000000000000000e+00 0.000000000000000000e+00 0.000000000000000000e+00 1.000000000000000000e+00
1.716363955198633671e+09 1.433681297302245916e+01 -6.261023998260498047e+00 1.190159916877746582e+00 0.000000000000000000e+00 0.000000000000000000e+00 0.000000000000000000e+00 1.000000000000000000e+00
1.716363955299166679e+09 1.437743282318115234e+01 -6.275601863861083984e+00 1.193022131919860840e+00 0.000000000000000000e+00 0.000000000000000000e+00 0.000000000000000000e+00 1.000000000000000000e+00
1.716363955349351168e+09 1.445718669891357422e+01 -6.307998180389404297e+00 1.195236444473266602e+00 0.000000000000000000e+00 0.000000000000000000e+00 0.000000000000000000e+00 1.000000000000000000e+00
1.716363955399455070e+09 1.453100109100341797e+01 -6.336678028106689453e+00 1.201512455940246582e+00 0.000000000000000000e+00 0.000000000000000000e+00 0.000000000000000000e+00 1.000000000000000000e+00
1.716363955450011969e+09 1.456706333160400391e+01 -6.351688385009765625e+00 1.204371333122253418e+00 0.000000000000000000e+00 0.000000000000000000e+00 0.000000000000000000e+00 1.000000000000000000e+00
1.716363955550443888e+09 1.463773250579833984e+01 -6.382377147674560547e+00 1.206325650215148926e+00 0.000000000000000000e+00 0.000000000000000000e+00 0.000000000000000000e+00 1.000000000000000000e+00
1.716363955600597143e+09 1.470854187011718750e+01 -6.415339946746826172e+00 1.210545420646667703e+00 0.000000000000000000e+00 0.000000000000000000e+00 0.000000000000000000e+00 1.000000000000000000e+00
1.716363955650768757e+09 1.474207878112792969e+01 -6.431084156036376953e+00 1.212262511253356934e+00 0.000000000000000000e+00 0.000000000000000000e+00 0.000000000000000000e+00 1.000000000000000000e+00
1.716363955700945616e+09 1.477585220336914062e+01 -6.446257114410400391e+00 1.213353991508484109e+00 0.000000000000000000e+00 0.000000000000000000e+00 0.000000000000000000e+00 1.000000000000000000e+00
1.716363955801333189e+09 1.487584209442138850e+01 -6.492198944091796875e+00 1.213615417480468750e+00 0.000000000000000000e+00 0.000000000000000000e+00 0.000000000000000000e+00 1.000000000000000000e+00
1.716363955901688576e+09 1.490819358825683594e+01 -6.508075237274169922e+00 1.213385462760925293e+00 0.000000000000000000e+00 0.000000000000000000e+00 0.000000000000000000e+00 1.000000000000000000e+00
1.716363955952017307e+09 1.496620273590088068e+01 -6.535133838653564453e+00 1.212251543998718484e+00 0.000000000000000000e+00 0.000000000000000000e+00 0.000000000000000000e+00 1.000000000000000000e+00
1.716363956002434492e+09 1.499344062805175781e+01 -6.550199985504150391e+00 1.211410284042358398e+00 0.000000000000000000e+00 0.000000000000000000e+00 0.000000000000000000e+00 1.000000000000000000e+00
1.716363956052637100e+09 1.502079486846923828e+01 -6.564980983734130859e+00 1.210214495658874290e+00 0.000000000000000000e+00 0.000000000000000000e+00 0.000000000000000000e+00 1.000000000000000000e+00
1.716363956102729559e+09 1.507056236267089844e+01 -6.595811843872070312e+00 1.206791639328002930e+00 0.000000000000000000e+00 0.000000000000000000e+00 0.000000000000000000e+00 1.000000000000000000e+00
1.716363956152930021e+09 1.509334182739257812e+01 -6.611035823822021484e+00 1.204929947853088379e+00 0.000000000000000000e+00 0.000000000000000000e+00 0.000000000000000000e+00 1.000000000000000000e+00
1.716363956303918123e+09 1.518394374847411932e+01 -6.665576934814453125e+00 1.196855306625366211e+00 0.000000000000000000e+00 0.000000000000000000e+00 0.000000000000000000e+00 1.000000000000000000e+00
1.716363956353820324e+09 1.520217132568359375e+01 -6.678623199462890625e+00 1.192852497100830078e+00 0.000000000000000000e+00 0.000000000000000000e+00 0.000000000000000000e+00 1.000000000000000000e+00
1.716363956454401016e+09 1.525516414642333984e+01 -6.711802005767822266e+00 1.184589266777038574e+00 0.000000000000000000e+00 0.000000000000000000e+00 0.000000000000000000e+00 1.000000000000000000e+00
1.716363956554843903e+09 1.528933048248291016e+01 -6.735591888427734375e+00 1.176208734512329102e+00 0.000000000000000000e+00 0.000000000000000000e+00 0.000000000000000000e+00 1.000000000000000000e+00
1.716363956604984760e+09 1.530396175384521662e+01 -6.746842384338378906e+00 1.172003984451293945e+00 0.000000000000000000e+00 0.000000000000000000e+00 0.000000000000000000e+00 1.000000000000000000e+00
1.716363956705757141e+09 1.533219337463378729e+01 -6.764402866363525391e+00 1.167217135429382324e+00 0.000000000000000000e+00 0.000000000000000000e+00 0.000000000000000000e+00 1.000000000000000000e+00
1.716363956806142092e+09 1.536611557006835938e+01 -6.793359279632568359e+00 1.152586221694946289e+00 0.000000000000000000e+00 0.000000000000000000e+00 0.000000000000000000e+00 1.000000000000000000e+00
1.716363956856790781e+09 1.538841056823730469e+01 -6.806953430175781250e+00 1.146660566329956055e+00 0.000000000000000000e+00 0.000000000000000000e+00 0.000000000000000000e+00 1.000000000000000000e+00
1.716363956906650782e+09 1.539687919616699219e+01 -6.814722537994384766e+00 1.140959501266479492e+00 0.000000000000000000e+00 0.000000000000000000e+00 0.000000000000000000e+00 1.000000000000000000e+00
1.716363956956781387e+09 1.540423011779785156e+01 -6.822476387023925781e+00 1.133988499641418457e+00 0.000000000000000000e+00 0.000000000000000000e+00 0.000000000000000000e+00 1.000000000000000000e+00
1.716363957006976604e+09 1.541056823730468750e+01 -6.830028533935546875e+00 1.126846313476562500e+00 0.000000000000000000e+00 0.000000000000000000e+00 0.000000000000000000e+00 1.000000000000000000e+00
1.716363957057299852e+09 1.541499042510986328e+01 -6.836956024169921875e+00 1.119705438613891602e+00 0.000000000000000000e+00 0.000000000000000000e+00 0.000000000000000000e+00 1.000000000000000000e+00
1.716363957107459307e+09 1.542427921295166016e+01 -6.845221996307373047e+00 1.112311124801635520e+00 0.000000000000000000e+00 0.000000000000000000e+00 0.000000000000000000e+00 1.000000000000000000e+00
1.716363957157720804e+09 1.542735576629638850e+01 -6.850198745727539062e+00 1.104579210281372070e+00 0.000000000000000000e+00 0.000000000000000000e+00 0.000000000000000000e+00 1.000000000000000000e+00
1.716363957208260298e+09 1.542992210388183594e+01 -6.853780746459960938e+00 1.095623612403869629e+00 0.000000000000000000e+00 0.000000000000000000e+00 0.000000000000000000e+00 1.000000000000000000e+00
1.716363957257964611e+09 1.543059635162353516e+01 -6.856729030609130859e+00 1.087457060813903809e+00 0.000000000000000000e+00 0.000000000000000000e+00 0.000000000000000000e+00 1.000000000000000000e+00
1.716363957308092117e+09 1.542959308624267578e+01 -6.858513355255126953e+00 1.079287648200988770e+00 0.000000000000000000e+00 0.000000000000000000e+00 0.000000000000000000e+00 1.000000000000000000e+00
1.716363957358478069e+09 1.542742538452148438e+01 -6.860443115234375000e+00 1.071092844009399414e+00 0.000000000000000000e+00 0.000000000000000000e+00 0.000000000000000000e+00 1.000000000000000000e+00
1.716363957408940554e+09 1.542360210418701172e+01 -6.861198902130126953e+00 1.063509702682495117e+00 0.000000000000000000e+00 0.000000000000000000e+00 0.000000000000000000e+00 1.000000000000000000e+00
1.716363957458762407e+09 1.541897201538085938e+01 -6.861329555511474609e+00 1.056457281112670898e+00 0.000000000000000000e+00 0.000000000000000000e+00 0.000000000000000000e+00 1.000000000000000000e+00
1.716363957559806108e+09 1.539931774139404475e+01 -6.855532169342041016e+00 1.044387578964233398e+00 0.000000000000000000e+00 0.000000000000000000e+00 0.000000000000000000e+00 1.000000000000000000e+00
1.716363957609654427e+09 1.539075469970703125e+01 -6.852352142333984375e+00 1.040040373802185059e+00 0.000000000000000000e+00 0.000000000000000000e+00 0.000000000000000000e+00 1.000000000000000000e+00
1.716363957659667969e+09 1.538241291046142578e+01 -6.848747730255126953e+00 1.036850094795227051e+00 0.000000000000000000e+00 0.000000000000000000e+00 0.000000000000000000e+00 1.000000000000000000e+00
1.716363957760109425e+09 1.534909820556640625e+01 -6.832499980926513672e+00 1.035708546638488770e+00 0.000000000000000000e+00 0.000000000000000000e+00 0.000000000000000000e+00 1.000000000000000000e+00
1.716363957860582113e+09 1.532268238067626953e+01 -6.815849781036376953e+00 1.039777040481567383e+00 0.000000000000000000e+00 0.000000000000000000e+00 0.000000000000000000e+00 1.000000000000000000e+00
1.716363957910890579e+09 1.530864906311035156e+01 -6.805768489837647373e+00 1.043094635009765625e+00 0.000000000000000000e+00 0.000000000000000000e+00 0.000000000000000000e+00 1.000000000000000000e+00
1.716363957961292028e+09 1.527721214294433594e+01 -6.788083553314208984e+00 1.047024488449096902e+00 0.000000000000000000e+00 0.000000000000000000e+00 0.000000000000000000e+00 1.000000000000000000e+00
1.716363958011398554e+09 1.526116275787353516e+01 -6.775138378143311435e+00 1.050302505493164062e+00 0.000000000000000000e+00 0.000000000000000000e+00 0.000000000000000000e+00 1.000000000000000000e+00
1.716363958061267138e+09 1.523963928222656250e+01 -6.759740352630615234e+00 1.053791880607604980e+00 0.000000000000000000e+00 0.000000000000000000e+00 0.000000000000000000e+00 1.000000000000000000e+00
1.716363958111662865e+09 1.519907855987548828e+01 -6.735416889190673828e+00 1.056808590888977051e+00 0.000000000000000000e+00 0.000000000000000000e+00 0.000000000000000000e+00 1.000000000000000000e+00
1.716363958161763906e+09 1.517825126647949219e+01 -6.718314170837402344e+00 1.058370471000671387e+00 0.000000000000000000e+00 0.000000000000000000e+00 0.000000000000000000e+00 1.000000000000000000e+00
1.716363958211844921e+09 1.515792846679687678e+01 -6.700045108795166016e+00 1.059637188911437988e+00 0.000000000000000000e+00 0.000000000000000000e+00 0.000000000000000000e+00 1.000000000000000000e+00
1.716363958262046099e+09 1.513889884948730469e+01 -6.681221485137940341e+00 1.059482693672180176e+00 0.000000000000000000e+00 0.000000000000000000e+00 0.000000000000000000e+00 1.000000000000000000e+00
1.716363958312298775e+09 1.509397315979004084e+01 -6.649237632751464844e+00 1.059734225273132324e+00 0.000000000000000000e+00 0.000000000000000000e+00 0.000000000000000000e+00 1.000000000000000000e+00
1.716363958362349033e+09 1.507390403747558594e+01 -6.627731323242188388e+00 1.058817148208618164e+00 0.000000000000000000e+00 0.000000000000000000e+00 0.000000000000000000e+00 1.000000000000000000e+00
1.716363958412685871e+09 1.505290317535400391e+01 -6.605828285217285156e+00 1.057755708694458008e+00 0.000000000000000000e+00 0.000000000000000000e+00 0.000000000000000000e+00 1.000000000000000000e+00
1.716363958462866783e+09 1.503248786926269531e+01 -6.582551956176757812e+00 1.056440830230712891e+00 0.000000000000000000e+00 0.000000000000000000e+00 0.000000000000000000e+00 1.000000000000000000e+00
1.716363958563169718e+09 1.496123313903808594e+01 -6.523091316223144531e+00 1.053702712059020996e+00 0.000000000000000000e+00 0.000000000000000000e+00 0.000000000000000000e+00 1.000000000000000000e+00
1.716363958613304138e+09 1.493830776214599609e+01 -6.497972488403320312e+00 1.052279949188232422e+00 0.000000000000000000e+00 0.000000000000000000e+00 0.000000000000000000e+00 1.000000000000000000e+00
1.716363958713771343e+09 1.489368534088134766e+01 -6.449753284454345703e+00 1.048114299774169922e+00 0.000000000000000000e+00 0.000000000000000000e+00 0.000000000000000000e+00 1.000000000000000000e+00
1.716363958764079094e+09 1.487127304077148438e+01 -6.425850391387940341e+00 1.046246409416198730e+00 0.000000000000000000e+00 0.000000000000000000e+00 0.000000000000000000e+00 1.000000000000000000e+00
1.716363958814166546e+09 1.482386398315429688e+01 -6.391712665557861328e+00 1.044922351837158203e+00 0.000000000000000000e+00 0.000000000000000000e+00 0.000000000000000000e+00 1.000000000000000000e+00
1.716363958914561033e+09 1.477785968780517578e+01 -6.346447467803955078e+00 1.040231227874756081e+00 0.000000000000000000e+00 0.000000000000000000e+00 0.000000000000000000e+00 1.000000000000000000e+00
1.716363958964861631e+09 1.475462436676025391e+01 -6.324359416961669922e+00 1.038358807563781516e+00 0.000000000000000000e+00 0.000000000000000000e+00 0.000000000000000000e+00 1.000000000000000000e+00
1.716363959015005112e+09 1.470637416839599609e+01 -6.292097568511962891e+00 1.037178158760070801e+00 0.000000000000000000e+00 0.000000000000000000e+00 0.000000000000000000e+00 1.000000000000000000e+00
1.716363959067059994e+09 1.468438148498535156e+01 -6.272144794464111328e+00 1.035222053527832031e+00 0.000000000000000000e+00 0.000000000000000000e+00 0.000000000000000000e+00 1.000000000000000000e+00
1.716363959115459681e+09 1.466242218017577947e+01 -6.252082824707031250e+00 1.033043384552001953e+00 0.000000000000000000e+00 0.000000000000000000e+00 0.000000000000000000e+00 1.000000000000000000e+00
1.716363959165768623e+09 1.464087581634521662e+01 -6.233634471893311435e+00 1.031516313552856445e+00 0.000000000000000000e+00 0.000000000000000000e+00 0.000000000000000000e+00 1.000000000000000000e+00
1.716363959215871572e+09 1.459308528900146484e+01 -6.205404281616210938e+00 1.031302094459533691e+00 0.000000000000000000e+00 0.000000000000000000e+00 0.000000000000000000e+00 1.000000000000000000e+00
1.716363959266175032e+09 1.457095050811767578e+01 -6.188368797302246094e+00 1.030477762222290039e+00 0.000000000000000000e+00 0.000000000000000000e+00 0.000000000000000000e+00 1.000000000000000000e+00
1.716363959316294670e+09 1.454626369476318359e+01 -6.172257900238037109e+00 1.030181765556335449e+00 0.000000000000000000e+00 0.000000000000000000e+00 0.000000000000000000e+00 1.000000000000000000e+00
1.716363959366449356e+09 1.452328872680664062e+01 -6.157278537750244141e+00 1.030588030815124290e+00 0.000000000000000000e+00 0.000000000000000000e+00 0.000000000000000000e+00 1.000000000000000000e+00
1.716363959416640282e+09 1.447346687316894354e+01 -6.131369113922119141e+00 1.032003402709960938e+00 0.000000000000000000e+00 0.000000000000000000e+00 0.000000000000000000e+00 1.000000000000000000e+00
1.716363959467162371e+09 1.445007610321044922e+01 -6.117400169372558594e+00 1.032867431640625000e+00 0.000000000000000000e+00 0.000000000000000000e+00 0.000000000000000000e+00 1.000000000000000000e+00
1.716363959516734838e+09 1.442653751373291016e+01 -6.103789329528808594e+00 1.033878207206726074e+00 0.000000000000000000e+00 0.000000000000000000e+00 0.000000000000000000e+00 1.000000000000000000e+00
1.716363959566965580e+09 1.440293407440185547e+01 -6.090323925018311435e+00 1.034806728363037109e+00 0.000000000000000000e+00 0.000000000000000000e+00 0.000000000000000000e+00 1.000000000000000000e+00
1.716363959617353439e+09 1.437742519378661932e+01 -6.076233386993408203e+00 1.035854697227478027e+00 0.000000000000000000e+00 0.000000000000000000e+00 0.000000000000000000e+00 1.000000000000000000e+00
1.716363959717334747e+09 1.432894897460937678e+01 -6.052304267883300781e+00 1.037759304046630859e+00 0.000000000000000000e+00 0.000000000000000000e+00 0.000000000000000000e+00 1.000000000000000000e+00
1.716363959767846346e+09 1.428142452239990234e+01 -6.023597240447998047e+00 1.040415048599243164e+00 0.000000000000000000e+00 0.000000000000000000e+00 0.000000000000000000e+00 1.000000000000000000e+00
1.716363959818517208e+09 1.425836944580077947e+01 -6.008870124816895419e+00 1.042001485824584961e+00 0.000000000000000000e+00 0.000000000000000000e+00 0.000000000000000000e+00 1.000000000000000000e+00
1.716363959918101788e+09 1.420855998992919922e+01 -5.982987880706787109e+00 1.044551253318786621e+00 0.000000000000000000e+00 0.000000000000000000e+00 0.000000000000000000e+00 1.000000000000000000e+00
1.716363959968451262e+09 1.416127967834472834e+01 -5.953787326812744141e+00 1.048698782920837402e+00 0.000000000000000000e+00 0.000000000000000000e+00 0.000000000000000000e+00 1.000000000000000000e+00
1.716363960018562555e+09 1.413829517364501953e+01 -5.938951492309570312e+00 1.051335573196411133e+00 0.000000000000000000e+00 0.000000000000000000e+00 0.000000000000000000e+00 1.000000000000000000e+00
1.716363960068718433e+09 1.408867549896240234e+01 -5.912662506103515625e+00 1.054690122604369895e+00 0.000000000000000000e+00 0.000000000000000000e+00 0.000000000000000000e+00 1.000000000000000000e+00
1.716363960119952917e+09 1.406680870056152344e+01 -5.897746086120605469e+00 1.057427763938903809e+00 0.000000000000000000e+00 0.000000000000000000e+00 0.000000000000000000e+00 1.000000000000000000e+00
1.716363960169268131e+09 1.404344177246093750e+01 -5.881239414215087891e+00 1.060290336608886719e+00 0.000000000000000000e+00 0.000000000000000000e+00 0.000000000000000000e+00 1.000000000000000000e+00
1.716363960219402790e+09 1.402087783813476562e+01 -5.865416526794433594e+00 1.063452363014221191e+00 0.000000000000000000e+00 0.000000000000000000e+00 0.000000000000000000e+00 1.000000000000000000e+00
1.716363960269856930e+09 1.397380065917968750e+01 -5.838289260864257812e+00 1.067957997322082297e+00 0.000000000000000000e+00 0.000000000000000000e+00 0.000000000000000000e+00 1.000000000000000000e+00
1.716363960320293188e+09 1.395173645019531250e+01 -5.821290016174316406e+00 1.071618795394897683e+00 0.000000000000000000e+00 0.000000000000000000e+00 0.000000000000000000e+00 1.000000000000000000e+00
1.716363960370118141e+09 1.393170261383056641e+01 -5.804605007171630859e+00 1.075220704078674316e+00 0.000000000000000000e+00 0.000000000000000000e+00 0.000000000000000000e+00 1.000000000000000000e+00
1.716363960420425415e+09 1.390896892547607422e+01 -5.786606311798095703e+00 1.079160809516906738e+00 0.000000000000000000e+00 0.000000000000000000e+00 0.000000000000000000e+00 1.000000000000000000e+00
1.716363960471108913e+09 1.386619663238525391e+01 -5.759496212005615234e+00 1.083501815795898438e+00 0.000000000000000000e+00 0.000000000000000000e+00 0.000000000000000000e+00 1.000000000000000000e+00
1.716363960520870209e+09 1.384556961059570312e+01 -5.741624355316162109e+00 1.087576031684875710e+00 0.000000000000000000e+00 0.000000000000000000e+00 0.000000000000000000e+00 1.000000000000000000e+00
1.716363960571259975e+09 1.382617092132568359e+01 -5.723373413085937500e+00 1.091460466384887695e+00 0.000000000000000000e+00 0.000000000000000000e+00 0.000000000000000000e+00 1.000000000000000000e+00
1.716363960621192694e+09 1.380789947509765625e+01 -5.705009460449218750e+00 1.095526099205017090e+00 0.000000000000000000e+00 0.000000000000000000e+00 0.000000000000000000e+00 1.000000000000000000e+00
1.716363960671476364e+09 1.376769542694091797e+01 -5.676892757415772373e+00 1.100425839424133301e+00 0.000000000000000000e+00 0.000000000000000000e+00 0.000000000000000000e+00 1.000000000000000000e+00
1.716363960729538202e+09 1.375047397613525391e+01 -5.658577442169189453e+00 1.104676723480224609e+00 0.000000000000000000e+00 0.000000000000000000e+00 0.000000000000000000e+00 1.000000000000000000e+00
1.716363960771973372e+09 1.373412132263183594e+01 -5.640740394592285156e+00 1.108675003051757812e+00 0.000000000000000000e+00 0.000000000000000000e+00 0.000000000000000000e+00 1.000000000000000000e+00
1.716363960822201252e+09 1.371611976623535156e+01 -5.621628761291503906e+00 1.112666726112365501e+00 0.000000000000000000e+00 0.000000000000000000e+00 0.000000000000000000e+00 1.000000000000000000e+00
1.716363960872486830e+09 1.368074417114257812e+01 -5.594762325286865234e+00 1.116526246070861816e+00 0.000000000000000000e+00 0.000000000000000000e+00 0.000000000000000000e+00 1.000000000000000000e+00
1.716363960923049450e+09 1.366619968414306641e+01 -5.574995994567871094e+00 1.119298458099365234e+00 0.000000000000000000e+00 0.000000000000000000e+00 0.000000000000000000e+00 1.000000000000000000e+00
1.716363960973070860e+09 1.365235519409179688e+01 -5.556077480316162109e+00 1.121176838874816895e+00 0.000000000000000000e+00 0.000000000000000000e+00 0.000000000000000000e+00 1.000000000000000000e+00
1.716363961023283243e+09 1.363948535919189631e+01 -5.537296772003173828e+00 1.121632456779479980e+00 0.000000000000000000e+00 0.000000000000000000e+00 0.000000000000000000e+00 1.000000000000000000e+00
1.716363961073570728e+09 1.362549400329589844e+01 -5.518518924713134766e+00 1.120967864990234375e+00 0.000000000000000000e+00 0.000000000000000000e+00 0.000000000000000000e+00 1.000000000000000000e+00
1.716363961173771620e+09 1.359429740905761541e+01 -5.494227409362792969e+00 1.120213389396667703e+00 0.000000000000000000e+00 0.000000000000000000e+00 0.000000000000000000e+00 1.000000000000000000e+00
1.716363961223777533e+09 1.357075977325439631e+01 -5.461196422576904297e+00 1.113233327865600586e+00 0.000000000000000000e+00 0.000000000000000000e+00 0.000000000000000000e+00 1.000000000000000000e+00
1.716363961625705957e+09 1.344758415222167969e+01 -5.341184616088867188e+00 1.045466899871826172e+00 0.000000000000000000e+00 0.000000000000000000e+00 0.000000000000000000e+00 1.000000000000000000e+00
1.716363961675608397e+09 1.342749595642089844e+01 -5.328576087951660156e+00 1.035200357437133789e+00 0.000000000000000000e+00 0.000000000000000000e+00 0.000000000000000000e+00 1.000000000000000000e+00
1.716363961725845337e+09 1.341258621215820312e+01 -5.319193363189697266e+00 1.025227546691894309e+00 0.000000000000000000e+00 0.000000000000000000e+00 0.000000000000000000e+00 1.000000000000000000e+00
1.716363961826431513e+09 1.338146781921386719e+01 -5.304524898529052734e+00 1.015294671058654785e+00 0.000000000000000000e+00 0.000000000000000000e+00 0.000000000000000000e+00 1.000000000000000000e+00
1.716363961876839161e+09 1.336477565765380859e+01 -5.296848297119140625e+00 1.004977345466613770e+00 0.000000000000000000e+00 0.000000000000000000e+00 0.000000000000000000e+00 1.000000000000000000e+00
1.716363961927064896e+09 1.333295059204101562e+01 -5.285629272460937500e+00 9.842492341995240368e-01 0.000000000000000000e+00 0.000000000000000000e+00 0.000000000000000000e+00 1.000000000000000000e+00
1.716363961977410316e+09 1.330227851867675781e+01 -5.275182247161865234e+00 9.744156002998352051e-01 0.000000000000000000e+00 0.000000000000000000e+00 0.000000000000000000e+00 1.000000000000000000e+00
1.716363962027414799e+09 1.328507137298583984e+01 -5.271412372589111328e+00 9.639554619789123535e-01 0.000000000000000000e+00 0.000000000000000000e+00 0.000000000000000000e+00 1.000000000000000000e+00
1.716363962077883482e+09 1.326758003234863281e+01 -5.268356323242188388e+00 9.536978006362916149e-01 0.000000000000000000e+00 0.000000000000000000e+00 0.000000000000000000e+00 1.000000000000000000e+00
1.716363962127835035e+09 1.324978637695312322e+01 -5.266119003295898438e+00 9.442855119705200195e-01 0.000000000000000000e+00 0.000000000000000000e+00 0.000000000000000000e+00 1.000000000000000000e+00
1.716363962178112745e+09 1.321412658691406250e+01 -5.257460594177246094e+00 9.361269474029539905e-01 0.000000000000000000e+00 0.000000000000000000e+00 0.000000000000000000e+00 1.000000000000000000e+00
1.716363962228268623e+09 1.319424057006835938e+01 -5.255141735076904297e+00 9.278425574302672230e-01 0.000000000000000000e+00 0.000000000000000000e+00 0.000000000000000000e+00 1.000000000000000000e+00
1.716363962278723240e+09 1.317442703247070312e+01 -5.252697944641113281e+00 9.202673435211181641e-01 0.000000000000000000e+00 0.000000000000000000e+00 0.000000000000000000e+00 1.000000000000000000e+00
1.716363962328773737e+09 1.315456485748291016e+01 -5.250401973724365234e+00 9.131181240081788220e-01 0.000000000000000000e+00 0.000000000000000000e+00 0.000000000000000000e+00 1.000000000000000000e+00
1.716363962379170418e+09 1.312090873718261541e+01 -5.242314815521240234e+00 9.074797630310059704e-01 0.000000000000000000e+00 0.000000000000000000e+00 0.000000000000000000e+00 1.000000000000000000e+00
1.716363962429001570e+09 1.310031414031982422e+01 -5.239400386810302734e+00 9.028497934341431774e-01 0.000000000000000000e+00 0.000000000000000000e+00 0.000000000000000000e+00 1.000000000000000000e+00
1.716363962479271889e+09 1.308185386657714844e+01 -5.239152908325195312e+00 8.975858092308044434e-01 0.000000000000000000e+00 0.000000000000000000e+00 0.000000000000000000e+00 1.000000000000000000e+00
1.716363962529521704e+09 1.306220245361327947e+01 -5.236718177795410156e+00 8.944294452667236328e-01 0.000000000000000000e+00 0.000000000000000000e+00 0.000000000000000000e+00 1.000000000000000000e+00
1.716363962579614401e+09 1.302627468109130859e+01 -5.229204177856445312e+00 8.917791843414306641e-01 0.000000000000000000e+00 0.000000000000000000e+00 0.000000000000000000e+00 1.000000000000000000e+00
1.716363962630088806e+09 1.300846958160400391e+01 -5.227646827697753906e+00 8.896963596343994141e-01 0.000000000000000000e+00 0.000000000000000000e+00 0.000000000000000000e+00 1.000000000000000000e+00
1.716363962680055380e+09 1.298989677429199219e+01 -5.225326538085937500e+00 8.877633213996887207e-01 0.000000000000000000e+00 0.000000000000000000e+00 0.000000000000000000e+00 1.000000000000000000e+00
1.716363962730293274e+09 1.297258853912353516e+01 -5.222664356231689453e+00 8.869158029556274414e-01 0.000000000000000000e+00 0.000000000000000000e+00 0.000000000000000000e+00 1.000000000000000000e+00
1.716363962780321836e+09 1.293848800659179688e+01 -5.213625907897949219e+00 8.874626159667968750e-01 0.000000000000000000e+00 0.000000000000000000e+00 0.000000000000000000e+00 1.000000000000000000e+00
1.716363962830615520e+09 1.292124080657958984e+01 -5.211003303527832031e+00 8.883764743804931641e-01 0.000000000000000000e+00 0.000000000000000000e+00 0.000000000000000000e+00 1.000000000000000000e+00
1.716363962880802155e+09 1.290416908264160156e+01 -5.207987785339356357e+00 8.896781206130981445e-01 0.000000000000000000e+00 0.000000000000000000e+00 0.000000000000000000e+00 1.000000000000000000e+00
1.716363962930949211e+09 1.288763141632080078e+01 -5.203744888305664062e+00 8.918305635452270508e-01 0.000000000000000000e+00 0.000000000000000000e+00 0.000000000000000000e+00 1.000000000000000000e+00
1.716363962981340647e+09 1.285843658447265625e+01 -5.193523883819580078e+00 8.949055075645446777e-01 0.000000000000000000e+00 0.000000000000000000e+00 0.000000000000000000e+00 1.000000000000000000e+00
1.716363963031471729e+09 1.284420490264892578e+01 -5.189045906066895419e+00 8.982286453247070312e-01 0.000000000000000000e+00 0.000000000000000000e+00 0.000000000000000000e+00 1.000000000000000000e+00
1.716363963182093859e+09 1.279922294616699219e+01 -5.170950412750244141e+00 9.116349220275880016e-01 0.000000000000000000e+00 0.000000000000000000e+00 0.000000000000000000e+00 1.000000000000000000e+00
1.716363963233467817e+09 1.278587245941161932e+01 -5.164528369903564453e+00 9.172099232673643909e-01 0.000000000000000000e+00 0.000000000000000000e+00 0.000000000000000000e+00 1.000000000000000000e+00
1.716363963332834721e+09 1.274304008483886719e+01 -5.143724441528320312e+00 9.304081201553343616e-01 0.000000000000000000e+00 0.000000000000000000e+00 0.000000000000000000e+00 1.000000000000000000e+00
1.716363963383030415e+09 1.273032665252685547e+01 -5.135809421539306641e+00 9.369484782218931995e-01 0.000000000000000000e+00 0.000000000000000000e+00 0.000000000000000000e+00 1.000000000000000000e+00
1.716363963433604717e+09 1.271749496459960938e+01 -5.128145694732666016e+00 9.431744813919068493e-01 0.000000000000000000e+00 0.000000000000000000e+00 0.000000000000000000e+00 1.000000000000000000e+00
1.716363963533330202e+09 1.268293190002441406e+01 -5.105512142181396484e+00 9.564327001571656384e-01 0.000000000000000000e+00 0.000000000000000000e+00 0.000000000000000000e+00 1.000000000000000000e+00
1.716363963583699703e+09 1.267380523681640625e+01 -5.096612930297851562e+00 9.621950387954711914e-01 0.000000000000000000e+00 0.000000000000000000e+00 0.000000000000000000e+00 1.000000000000000000e+00
1.716363963633842707e+09 1.266391277313232422e+01 -5.086929321289063388e+00 9.680142402648925781e-01 0.000000000000000000e+00 0.000000000000000000e+00 0.000000000000000000e+00 1.000000000000000000e+00
1.716363963734067917e+09 1.263425731658935547e+01 -5.062434673309326172e+00 9.783042073249815784e-01 0.000000000000000000e+00 0.000000000000000000e+00 0.000000000000000000e+00 1.000000000000000000e+00
1.716363963784415722e+09 1.262574863433838068e+01 -5.051821708679199219e+00 9.827626943588255726e-01 0.000000000000000000e+00 0.000000000000000000e+00 0.000000000000000000e+00 1.000000000000000000e+00
1.716363963834974051e+09 1.261839962005615234e+01 -5.040962696075440341e+00 9.869502186775207520e-01 0.000000000000000000e+00 0.000000000000000000e+00 0.000000000000000000e+00 1.000000000000000000e+00
1.716363963885030746e+09 1.261215877532958984e+01 -5.029958248138427734e+00 9.905629754066468395e-01 0.000000000000000000e+00 0.000000000000000000e+00 0.000000000000000000e+00 1.000000000000000000e+00
1.716363963935090065e+09 1.259586143493652344e+01 -5.014447689056396484e+00 9.942405819892884411e-01 0.000000000000000000e+00 0.000000000000000000e+00 0.000000000000000000e+00 1.000000000000000000e+00
1.716363963985729456e+09 1.258994102478027166e+01 -5.002537727355957031e+00 9.971420168876647949e-01 0.000000000000000000e+00 0.000000000000000000e+00 0.000000000000000000e+00 1.000000000000000000e+00
1.716363964035490751e+09 1.258410453796386719e+01 -4.990355491638183594e+00 9.995968341827391468e-01 0.000000000000000000e+00 0.000000000000000000e+00 0.000000000000000000e+00 1.000000000000000000e+00
1.716363964085771561e+09 1.257833385467529119e+01 -4.977983474731445312e+00 1.001967191696166992e+00 0.000000000000000000e+00 0.000000000000000000e+00 0.000000000000000000e+00 1.000000000000000000e+00
1.716363964135895967e+09 1.257380676269531250e+01 -4.965140819549560547e+00 1.004077553749084473e+00 0.000000000000000000e+00 0.000000000000000000e+00 0.000000000000000000e+00 1.000000000000000000e+00
1.716363964236591816e+09 1.256083869934082031e+01 -4.949159622192382812e+00 1.006462693214416504e+00 0.000000000000000000e+00 0.000000000000000000e+00 0.000000000000000000e+00 1.000000000000000000e+00
1.716363964286669016e+09 1.255651664733886719e+01 -4.935737133026123047e+00 1.008399724960327148e+00 0.000000000000000000e+00 0.000000000000000000e+00 0.000000000000000000e+00 1.000000000000000000e+00
1.716363964336862326e+09 1.254868984222411932e+01 -4.909422874450683594e+00 1.011762738227844238e+00 0.000000000000000000e+00 0.000000000000000000e+00 0.000000000000000000e+00 1.000000000000000000e+00
1.716363964437200069e+09 1.253801727294922053e+01 -4.892892837524414062e+00 1.013278484344482422e+00 0.000000000000000000e+00 0.000000000000000000e+00 0.000000000000000000e+00 1.000000000000000000e+00
1.716363964487841606e+09 1.253577709197998047e+01 -4.879431247711181641e+00 1.014119029045104980e+00 0.000000000000000000e+00 0.000000000000000000e+00 0.000000000000000000e+00 1.000000000000000000e+00
1.716363964537557364e+09 1.253074550628661932e+01 -4.850982666015625000e+00 1.014782190322875977e+00 0.000000000000000000e+00 0.000000000000000000e+00 0.000000000000000000e+00 1.000000000000000000e+00
1.716363964637753010e+09 1.252032279968261541e+01 -4.833573341369628906e+00 1.015092372894287109e+00 0.000000000000000000e+00 0.000000000000000000e+00 0.000000000000000000e+00 1.000000000000000000e+00
1.716363964688054800e+09 1.251707649230957031e+01 -4.819733142852783203e+00 1.014992475509643555e+00 0.000000000000000000e+00 0.000000000000000000e+00 0.000000000000000000e+00 1.000000000000000000e+00
1.716363964738246918e+09 1.250830650329589844e+01 -4.795125961303710938e+00 1.014956474304199219e+00 0.000000000000000000e+00 0.000000000000000000e+00 0.000000000000000000e+00 1.000000000000000000e+00
1.716363964788257360e+09 1.250314617156982422e+01 -4.783361911773681641e+00 1.014369130134582297e+00 0.000000000000000000e+00 0.000000000000000000e+00 0.000000000000000000e+00 1.000000000000000000e+00
1.716363964888992310e+09 1.248455047607422053e+01 -4.759026050567626953e+00 1.013267993927001953e+00 0.000000000000000000e+00 0.000000000000000000e+00 0.000000000000000000e+00 1.000000000000000000e+00
1.716363964938910723e+09 1.247777652740478338e+01 -4.748619079589843750e+00 1.012440443038940430e+00 0.000000000000000000e+00 0.000000000000000000e+00 0.000000000000000000e+00 1.000000000000000000e+00
1.716363964989221334e+09 1.247070121765136719e+01 -4.738964080810546875e+00 1.011330485343933105e+00 0.000000000000000000e+00 0.000000000000000000e+00 0.000000000000000000e+00 1.000000000000000000e+00
1.716363965039374590e+09 1.246240615844726562e+01 -4.729676723480224609e+00 1.010057806968688965e+00 0.000000000000000000e+00 0.000000000000000000e+00 0.000000000000000000e+00 1.000000000000000000e+00
1.716363965139825583e+09 1.243144035339355646e+01 -4.709500312805175781e+00 1.007649540901184082e+00 0.000000000000000000e+00 0.000000000000000000e+00 0.000000000000000000e+00 1.000000000000000000e+00
1.716363965189997673e+09 1.241975879669189631e+01 -4.703450202941895419e+00 1.006000995635986328e+00 0.000000000000000000e+00 0.000000000000000000e+00 0.000000000000000000e+00 1.000000000000000000e+00
1.716363965240318775e+09 1.240661621093750000e+01 -4.698410511016845703e+00 1.004133224487304910e+00 0.000000000000000000e+00 0.000000000000000000e+00 0.000000000000000000e+00 1.000000000000000000e+00
1.716363965340506315e+09 1.236738109588623047e+01 -4.685895919799804688e+00 1.001423954963684082e+00 0.000000000000000000e+00 0.000000000000000000e+00 0.000000000000000000e+00 1.000000000000000000e+00
1.716363965390810251e+09 1.234052562713623047e+01 -4.677281856536865234e+00 9.973962903022766113e-01 0.000000000000000000e+00 0.000000000000000000e+00 0.000000000000000000e+00 1.000000000000000000e+00
1.716363965541828156e+09 1.229691696166992188e+01 -4.664826869964599609e+00 9.930152893066406250e-01 0.000000000000000000e+00 0.000000000000000000e+00 0.000000000000000000e+00 1.000000000000000000e+00
1.716363965592610121e+09 1.226410293579101562e+01 -4.660493373870849609e+00 9.878333806991576038e-01 0.000000000000000000e+00 0.000000000000000000e+00 0.000000000000000000e+00 1.000000000000000000e+00
1.716363965641797304e+09 1.224713420867919922e+01 -4.656913280487060547e+00 9.845946431159972034e-01 0.000000000000000000e+00 0.000000000000000000e+00 0.000000000000000000e+00 1.000000000000000000e+00
1.716363965893125534e+09 1.217167377471923828e+01 -4.628786087036132812e+00 9.723315834999084473e-01 0.000000000000000000e+00 0.000000000000000000e+00 0.000000000000000000e+00 1.000000000000000000e+00
1.716363965943176508e+09 1.215816211700439631e+01 -4.621719360351562500e+00 9.690208435058593750e-01 0.000000000000000000e+00 0.000000000000000000e+00 0.000000000000000000e+00 1.000000000000000000e+00
1.716363965993517637e+09 1.214420223236083984e+01 -4.613007545471191406e+00 9.656705856323242188e-01 0.000000000000000000e+00 0.000000000000000000e+00 0.000000000000000000e+00 1.000000000000000000e+00
1.716363966046179771e+09 1.210466384887695135e+01 -4.586736679077148438e+00 9.594290256500244141e-01 0.000000000000000000e+00 0.000000000000000000e+00 0.000000000000000000e+00 1.000000000000000000e+00
1.716363966144472599e+09 1.208213806152343750e+01 -4.563518524169921875e+00 9.530059695243835449e-01 0.000000000000000000e+00 0.000000000000000000e+00 0.000000000000000000e+00 1.000000000000000000e+00
1.716363966296550989e+09 1.204959106445312322e+01 -4.532946109771728516e+00 9.480245709419250488e-01 0.000000000000000000e+00 0.000000000000000000e+00 0.000000000000000000e+00 1.000000000000000000e+00
1.716363966345558167e+09 1.204006004333495916e+01 -4.518180370330810547e+00 9.455392360687255859e-01 0.000000000000000000e+00 0.000000000000000000e+00 0.000000000000000000e+00 1.000000000000000000e+00
1.716363966395796776e+09 1.203183841705322443e+01 -4.502750873565673828e+00 9.430891871452331543e-01 0.000000000000000000e+00 0.000000000000000000e+00 0.000000000000000000e+00 1.000000000000000000e+00
1.716363966446028233e+09 1.200432395935058594e+01 -4.464350700378417969e+00 9.391264915466307484e-01 0.000000000000000000e+00 0.000000000000000000e+00 0.000000000000000000e+00 1.000000000000000000e+00
1.716363966546683788e+09 1.199014472961425781e+01 -4.427246093750000000e+00 9.352127909660340466e-01 0.000000000000000000e+00 0.000000000000000000e+00 0.000000000000000000e+00 1.000000000000000000e+00
1.716363966647113800e+09 1.197246360778808594e+01 -4.402700901031494141e+00 9.339389204978943981e-01 0.000000000000000000e+00 0.000000000000000000e+00 0.000000000000000000e+00 1.000000000000000000e+00
1.716363966698516130e+09 1.196142292022705078e+01 -4.359664440155029297e+00 9.306724667549132191e-01 0.000000000000000000e+00 0.000000000000000000e+00 0.000000000000000000e+00 1.000000000000000000e+00
1.716363966797762394e+09 1.195582485198974609e+01 -4.336814403533936435e+00 9.293470382690429688e-01 0.000000000000000000e+00 0.000000000000000000e+00 0.000000000000000000e+00 1.000000000000000000e+00
1.716363966849418640e+09 1.195035552978515625e+01 -4.313548564910888672e+00 9.282799363136291504e-01 0.000000000000000000e+00 0.000000000000000000e+00 0.000000000000000000e+00 1.000000000000000000e+00
1.716363966898190498e+09 1.192711639404296875e+01 -4.259657859802246094e+00 9.272421598434448242e-01 0.000000000000000000e+00 0.000000000000000000e+00 0.000000000000000000e+00 1.000000000000000000e+00
1.716363966948491573e+09 1.192241573333740234e+01 -4.233949661254882812e+00 9.263002872467039905e-01 0.000000000000000000e+00 0.000000000000000000e+00 0.000000000000000000e+00 1.000000000000000000e+00
1.716363967049044132e+09 1.191807937622070312e+01 -4.207098960876464844e+00 9.254482984542847790e-01 0.000000000000000000e+00 0.000000000000000000e+00 0.000000000000000000e+00 1.000000000000000000e+00
1.716363967099457741e+09 1.189712810516357422e+01 -4.145678520202636719e+00 9.241008162498474121e-01 0.000000000000000000e+00 0.000000000000000000e+00 0.000000000000000000e+00 1.000000000000000000e+00
1.716363967149274111e+09 1.189238452911376953e+01 -4.116499423980712891e+00 9.231865406036375843e-01 0.000000000000000000e+00 0.000000000000000000e+00 0.000000000000000000e+00 1.000000000000000000e+00
1.716363967199465752e+09 1.188865470886230469e+01 -4.087245941162109375e+00 9.219782352447509766e-01 0.000000000000000000e+00 0.000000000000000000e+00 0.000000000000000000e+00 1.000000000000000000e+00
1.716363967300006628e+09 1.187118339538574219e+01 -4.051681518554688388e+00 9.214084744453430176e-01 0.000000000000000000e+00 0.000000000000000000e+00 0.000000000000000000e+00 1.000000000000000000e+00
1.716363967350180626e+09 1.186436843872070312e+01 -3.987221956253052202e+00 9.190365076065063477e-01 0.000000000000000000e+00 0.000000000000000000e+00 0.000000000000000000e+00 1.000000000000000000e+00
1.716363967450404167e+09 1.184679412841796875e+01 -3.951342344284057617e+00 9.184154868125915527e-01 0.000000000000000000e+00 0.000000000000000000e+00 0.000000000000000000e+00 1.000000000000000000e+00
1.716363967500972986e+09 1.184355449676513672e+01 -3.916430234909057617e+00 9.169895648956299938e-01 0.000000000000000000e+00 0.000000000000000000e+00 0.000000000000000000e+00 1.000000000000000000e+00
1.716363967550943136e+09 1.183615970611572443e+01 -3.848653078079224077e+00 9.144194126129150391e-01 0.000000000000000000e+00 0.000000000000000000e+00 0.000000000000000000e+00 1.000000000000000000e+00
1.716363967601339102e+09 1.183093929290771662e+01 -3.812554597854614258e+00 9.129332900047302246e-01 0.000000000000000000e+00 0.000000000000000000e+00 0.000000000000000000e+00 1.000000000000000000e+00
1.716363967651316881e+09 1.182756805419922053e+01 -3.776939153671264648e+00 9.112972617149351917e-01 0.000000000000000000e+00 0.000000000000000000e+00 0.000000000000000000e+00 1.000000000000000000e+00
1.716363967802184343e+09 1.180253505706787287e+01 -3.665717601776123047e+00 9.063560962677001953e-01 0.000000000000000000e+00 0.000000000000000000e+00 0.000000000000000000e+00 1.000000000000000000e+00
1.716363967902515411e+09 1.179300785064697266e+01 -3.593832492828369141e+00 9.018088579177856445e-01 0.000000000000000000e+00 0.000000000000000000e+00 0.000000000000000000e+00 1.000000000000000000e+00
1.716363967952772379e+09 1.177586460113525391e+01 -3.553453207015991211e+00 8.998238444328308105e-01 0.000000000000000000e+00 0.000000000000000000e+00 0.000000000000000000e+00 1.000000000000000000e+00
1.716363968053541899e+09 1.177035713195800781e+01 -3.480225563049316406e+00 8.954666256904602051e-01 0.000000000000000000e+00 0.000000000000000000e+00 0.000000000000000000e+00 1.000000000000000000e+00
1.716363968153981686e+09 1.175492668151855646e+01 -3.404228687286376953e+00 8.931014537811279297e-01 0.000000000000000000e+00 0.000000000000000000e+00 0.000000000000000000e+00 1.000000000000000000e+00
1.716363968204004049e+09 1.175179481506347656e+01 -3.368009090423583984e+00 8.926554918289184570e-01 0.000000000000000000e+00 0.000000000000000000e+00 0.000000000000000000e+00 1.000000000000000000e+00
1.716363968304492950e+09 1.174812602996826172e+01 -3.333438158035278320e+00 8.927851319313049316e-01 0.000000000000000000e+00 0.000000000000000000e+00 0.000000000000000000e+00 1.000000000000000000e+00
1.716363968354923487e+09 1.172741317749023438e+01 -3.263212919235229048e+00 8.950210213661193848e-01 0.000000000000000000e+00 0.000000000000000000e+00 0.000000000000000000e+00 1.000000000000000000e+00
1.716363968405300617e+09 1.172424030303955078e+01 -3.229894161224364790e+00 8.963729739189147949e-01 0.000000000000000000e+00 0.000000000000000000e+00 0.000000000000000000e+00 1.000000000000000000e+00
1.716363968455217838e+09 1.172085285186767578e+01 -3.197106838226318359e+00 8.980221152305603027e-01 0.000000000000000000e+00 0.000000000000000000e+00 0.000000000000000000e+00 1.000000000000000000e+00
1.716363968555490494e+09 1.170391750335693359e+01 -3.164485454559326172e+00 9.008615016937255859e-01 0.000000000000000000e+00 0.000000000000000000e+00 0.000000000000000000e+00 1.000000000000000000e+00
1.716363968605621815e+09 1.169270801544189631e+01 -3.106819629669189009e+00 9.065744280815124512e-01 0.000000000000000000e+00 0.000000000000000000e+00 0.000000000000000000e+00 1.000000000000000000e+00
1.716363968655849218e+09 1.168648529052734375e+01 -3.080110788345336914e+00 9.100910425186156116e-01 0.000000000000000000e+00 0.000000000000000000e+00 0.000000000000000000e+00 1.000000000000000000e+00
1.716363968756171942e+09 1.167018795013427557e+01 -3.029556035995483398e+00 9.201598167419433594e-01 0.000000000000000000e+00 0.000000000000000000e+00 0.000000000000000000e+00 1.000000000000000000e+00
1.716363968806289673e+09 1.164846134185791016e+01 -3.002924680709838867e+00 9.272184371948242188e-01 0.000000000000000000e+00 0.000000000000000000e+00 0.000000000000000000e+00 1.000000000000000000e+00
1.716363968856732368e+09 1.163894748687743963e+01 -2.980973005294799805e+00 9.346156716346739612e-01 0.000000000000000000e+00 0.000000000000000000e+00 0.000000000000000000e+00 1.000000000000000000e+00
1.716363968907062531e+09 1.162813282012939631e+01 -2.960125923156738281e+00 9.430431723594665527e-01 0.000000000000000000e+00 0.000000000000000000e+00 0.000000000000000000e+00 1.000000000000000000e+00
1.716363968956956387e+09 1.161615848541259766e+01 -2.939811706542968750e+00 9.523506164550780140e-01 0.000000000000000000e+00 0.000000000000000000e+00 0.000000000000000000e+00 1.000000000000000000e+00
1.716363969057272673e+09 1.157901573181152344e+01 -2.898467063903808594e+00 9.739397764205931507e-01 0.000000000000000000e+00 0.000000000000000000e+00 0.000000000000000000e+00 1.000000000000000000e+00
1.716363969107566357e+09 1.156724357604980469e+01 -2.881499290466308594e+00 9.854260683059692383e-01 0.000000000000000000e+00 0.000000000000000000e+00 0.000000000000000000e+00 1.000000000000000000e+00
1.716363969207942486e+09 1.154311943054199219e+01 -2.849978446960449219e+00 1.010710716247558594e+00 0.000000000000000000e+00 0.000000000000000000e+00 0.000000000000000000e+00 1.000000000000000000e+00
1.716363969258069754e+09 1.151548099517822443e+01 -2.830598115921020508e+00 1.024910211563110352e+00 0.000000000000000000e+00 0.000000000000000000e+00 0.000000000000000000e+00 1.000000000000000000e+00
1.716363969308304787e+09 1.150339698791504084e+01 -2.814790487289428711e+00 1.038373708724975586e+00 0.000000000000000000e+00 0.000000000000000000e+00 0.000000000000000000e+00 1.000000000000000000e+00
1.716363969409480095e+09 1.147997570037841797e+01 -2.784119606018066406e+00 1.066186308860778809e+00 0.000000000000000000e+00 0.000000000000000000e+00 0.000000000000000000e+00 1.000000000000000000e+00
1.716363969508733034e+09 1.143992424011230469e+01 -2.753929615020751953e+00 1.095890283584594727e+00 0.000000000000000000e+00 0.000000000000000000e+00 0.000000000000000000e+00 1.000000000000000000e+00
1.716363969558881044e+09 1.142588233947754084e+01 -2.741489648818969727e+00 1.109867095947265625e+00 0.000000000000000000e+00 0.000000000000000000e+00 0.000000000000000000e+00 1.000000000000000000e+00
1.716363969608976603e+09 1.141360187530517578e+01 -2.729995489120483398e+00 1.122370243072509766e+00 0.000000000000000000e+00 0.000000000000000000e+00 0.000000000000000000e+00 1.000000000000000000e+00
1.716363969709339857e+09 1.137783622741699219e+01 -2.701803684234619141e+00 1.145771861076354980e+00 0.000000000000000000e+00 0.000000000000000000e+00 0.000000000000000000e+00 1.000000000000000000e+00
1.716363969759821892e+09 1.136737632751464844e+01 -2.690577268600463867e+00 1.154193639755249023e+00 0.000000000000000000e+00 0.000000000000000000e+00 0.000000000000000000e+00 1.000000000000000000e+00
1.716363969809684038e+09 1.135687160491943359e+01 -2.679427146911621094e+00 1.162064433097839355e+00 0.000000000000000000e+00 0.000000000000000000e+00 0.000000000000000000e+00 1.000000000000000000e+00
1.716363969910196066e+09 1.132397747039794922e+01 -2.654644727706909180e+00 1.174001216888427512e+00 0.000000000000000000e+00 0.000000000000000000e+00 0.000000000000000000e+00 1.000000000000000000e+00
1.716363969960237741e+09 1.131331348419189631e+01 -2.643588542938232422e+00 1.177885293960571289e+00 0.000000000000000000e+00 0.000000000000000000e+00 0.000000000000000000e+00 1.000000000000000000e+00
1.716363970010743141e+09 1.130343914031982422e+01 -2.633353233337402344e+00 1.180287003517150879e+00 0.000000000000000000e+00 0.000000000000000000e+00 0.000000000000000000e+00 1.000000000000000000e+00
1.716363970060744047e+09 1.129336643218993963e+01 -2.623823881149291992e+00 1.181625962257385254e+00 0.000000000000000000e+00 0.000000000000000000e+00 0.000000000000000000e+00 1.000000000000000000e+00
1.716363970111565351e+09 1.127228832244873047e+01 -2.612908840179443803e+00 1.181930184364318848e+00 0.000000000000000000e+00 0.000000000000000000e+00 0.000000000000000000e+00 1.000000000000000000e+00
1.716363970161552429e+09 1.126262474060058594e+01 -2.605743169784545898e+00 1.180858612060546875e+00 0.000000000000000000e+00 0.000000000000000000e+00 0.000000000000000000e+00 1.000000000000000000e+00
1.716363970211661339e+09 1.125271224975585938e+01 -2.599498033523560014e+00 1.178516864776611106e+00 0.000000000000000000e+00 0.000000000000000000e+00 0.000000000000000000e+00 1.000000000000000000e+00
1.716363970462944746e+09 1.118482685089111150e+01 -2.575907468795776367e+00 1.162703394889831543e+00 0.000000000000000000e+00 0.000000000000000000e+00 0.000000000000000000e+00 1.000000000000000000e+00
1.716363970512737989e+09 1.117404079437256037e+01 -2.573317527770996094e+00 1.159549355506896973e+00 0.000000000000000000e+00 0.000000000000000000e+00 0.000000000000000000e+00 1.000000000000000000e+00
1.716363970562993526e+09 1.116224193572998047e+01 -2.570639848709106445e+00 1.156200528144836426e+00 0.000000000000000000e+00 0.000000000000000000e+00 0.000000000000000000e+00 1.000000000000000000e+00
1.716363970613204241e+09 1.115050315856933594e+01 -2.567666292190552202e+00 1.152611017227172852e+00 0.000000000000000000e+00 0.000000000000000000e+00 0.000000000000000000e+00 1.000000000000000000e+00
1.716363970663809776e+09 1.113869190216064453e+01 -2.565017938613892046e+00 1.149164795875549094e+00 0.000000000000000000e+00 0.000000000000000000e+00 0.000000000000000000e+00 1.000000000000000000e+00
1.716363970763990164e+09 1.110578918457031250e+01 -2.559883832931518555e+00 1.142291188240051270e+00 0.000000000000000000e+00 0.000000000000000000e+00 0.000000000000000000e+00 1.000000000000000000e+00
1.716363970864665747e+09 1.108307456970214844e+01 -2.559558391571044922e+00 1.135717630386352317e+00 0.000000000000000000e+00 0.000000000000000000e+00 0.000000000000000000e+00 1.000000000000000000e+00
1.716363970964832306e+09 1.105691909790039062e+01 -2.556796789169311523e+00 1.132645606994628906e+00 0.000000000000000000e+00 0.000000000000000000e+00 0.000000000000000000e+00 1.000000000000000000e+00
1.716363971015007019e+09 1.102973079681396484e+01 -2.558076143264770508e+00 1.126629710197448730e+00 0.000000000000000000e+00 0.000000000000000000e+00 0.000000000000000000e+00 1.000000000000000000e+00
1.716363971065085173e+09 1.101517486572265625e+01 -2.558397293090820312e+00 1.123461484909057617e+00 0.000000000000000000e+00 0.000000000000000000e+00 0.000000000000000000e+00 1.000000000000000000e+00
1.716363971165657520e+09 1.098503971099853516e+01 -2.555125951766968218e+00 1.120970964431762695e+00 0.000000000000000000e+00 0.000000000000000000e+00 0.000000000000000000e+00 1.000000000000000000e+00
1.716363971215904474e+09 1.095403289794922053e+01 -2.555204868316650391e+00 1.115833044052124023e+00 0.000000000000000000e+00 0.000000000000000000e+00 0.000000000000000000e+00 1.000000000000000000e+00
1.716363971265799522e+09 1.093754959106445135e+01 -2.555060148239136186e+00 1.113501787185668945e+00 0.000000000000000000e+00 0.000000000000000000e+00 0.000000000000000000e+00 1.000000000000000000e+00
1.716363971316023588e+09 1.091906642913818359e+01 -2.554734230041503906e+00 1.111594200134277122e+00 0.000000000000000000e+00 0.000000000000000000e+00 0.000000000000000000e+00 1.000000000000000000e+00
1.716363971416845322e+09 1.088397979736327947e+01 -2.550781726837158203e+00 1.110244512557983398e+00 0.000000000000000000e+00 0.000000000000000000e+00 0.000000000000000000e+00 1.000000000000000000e+00
1.716363971467426062e+09 1.084705829620361150e+01 -2.549897909164428711e+00 1.106423616409301758e+00 0.000000000000000000e+00 0.000000000000000000e+00 0.000000000000000000e+00 1.000000000000000000e+00
1.716363971517340183e+09 1.082767581939697266e+01 -2.548997163772583008e+00 1.104564666748046875e+00 0.000000000000000000e+00 0.000000000000000000e+00 0.000000000000000000e+00 1.000000000000000000e+00
1.716363971570395470e+09 1.078979969024658203e+01 -2.543854713439941406e+00 1.103847265243530495e+00 0.000000000000000000e+00 0.000000000000000000e+00 0.000000000000000000e+00 1.000000000000000000e+00
1.716363971617513180e+09 1.076932430267333984e+01 -2.543233394622802734e+00 1.102109909057617188e+00 0.000000000000000000e+00 0.000000000000000000e+00 0.000000000000000000e+00 1.000000000000000000e+00
1.716363971668057203e+09 1.074878597259521662e+01 -2.542817831039428711e+00 1.100027203559875710e+00 0.000000000000000000e+00 0.000000000000000000e+00 0.000000000000000000e+00 1.000000000000000000e+00
1.716363971718061209e+09 1.070781421661376953e+01 -2.537645101547241211e+00 1.098958015441894309e+00 0.000000000000000000e+00 0.000000000000000000e+00 0.000000000000000000e+00 1.000000000000000000e+00
1.716363971768410921e+09 1.068622398376464844e+01 -2.537392377853393555e+00 1.097432732582092507e+00 0.000000000000000000e+00 0.000000000000000000e+00 0.000000000000000000e+00 1.000000000000000000e+00
1.716363971818506718e+09 1.066438007354736328e+01 -2.538079977035522461e+00 1.095155000686645508e+00 0.000000000000000000e+00 0.000000000000000000e+00 0.000000000000000000e+00 1.000000000000000000e+00
1.716363971868767023e+09 1.064151954650878729e+01 -2.538740396499633789e+00 1.093118786811828613e+00 0.000000000000000000e+00 0.000000000000000000e+00 0.000000000000000000e+00 1.000000000000000000e+00
1.716363971918940783e+09 1.059718036651611150e+01 -2.534718751907348633e+00 1.092194557189941406e+00 0.000000000000000000e+00 0.000000000000000000e+00 0.000000000000000000e+00 1.000000000000000000e+00
1.716363971969555140e+09 1.057414340972900391e+01 -2.536059617996215820e+00 1.090051412582397683e+00 0.000000000000000000e+00 0.000000000000000000e+00 0.000000000000000000e+00 1.000000000000000000e+00
1.716363972019549370e+09 1.054914855957031250e+01 -2.537018537521362305e+00 1.088269233703613281e+00 0.000000000000000000e+00 0.000000000000000000e+00 0.000000000000000000e+00 1.000000000000000000e+00
1.716363972119868755e+09 1.049991703033447266e+01 -2.539975404739379883e+00 1.084570288658142090e+00 0.000000000000000000e+00 0.000000000000000000e+00 0.000000000000000000e+00 1.000000000000000000e+00
1.716363972220179558e+09 1.045237636566161932e+01 -2.536293268203735796e+00 1.083486437797546387e+00 0.000000000000000000e+00 0.000000000000000000e+00 0.000000000000000000e+00 1.000000000000000000e+00
1.716363972270557642e+09 1.042709732055664062e+01 -2.538301944732666016e+00 1.081510305404663086e+00 0.000000000000000000e+00 0.000000000000000000e+00 0.000000000000000000e+00 1.000000000000000000e+00
1.716363972320696592e+09 1.037228393554687678e+01 -2.542725801467895508e+00 1.077206850051880105e+00 0.000000000000000000e+00 0.000000000000000000e+00 0.000000000000000000e+00 1.000000000000000000e+00
1.716363972370918512e+09 1.034479522705077947e+01 -2.545122861862182617e+00 1.074438452720642090e+00 0.000000000000000000e+00 0.000000000000000000e+00 0.000000000000000000e+00 1.000000000000000000e+00
1.716363972471495628e+09 1.029200267791748047e+01 -2.541554689407348633e+00 1.072483658790588379e+00 0.000000000000000000e+00 0.000000000000000000e+00 0.000000000000000000e+00 1.000000000000000000e+00
1.716363972521439791e+09 1.023361396789550781e+01 -2.547240018844604492e+00 1.065712332725524902e+00 0.000000000000000000e+00 0.000000000000000000e+00 0.000000000000000000e+00 1.000000000000000000e+00
1.716363972571966171e+09 1.020390796661376953e+01 -2.549987316131591797e+00 1.062251806259155273e+00 0.000000000000000000e+00 0.000000000000000000e+00 0.000000000000000000e+00 1.000000000000000000e+00
1.716363972621650696e+09 1.017213916778564453e+01 -2.552628278732299805e+00 1.058463335037231445e+00 0.000000000000000000e+00 0.000000000000000000e+00 0.000000000000000000e+00 1.000000000000000000e+00
1.716363972722266197e+09 1.011322593688964844e+01 -2.548422813415527788e+00 1.055682182312011497e+00 0.000000000000000000e+00 0.000000000000000000e+00 0.000000000000000000e+00 1.000000000000000000e+00
1.716363972772506714e+09 1.008141613006591797e+01 -2.551088094711304155e+00 1.051655769348144309e+00 0.000000000000000000e+00 0.000000000000000000e+00 0.000000000000000000e+00 1.000000000000000000e+00
1.716363972822741032e+09 1.001802158355712713e+01 -2.555416822433472124e+00 1.043873786926269531e+00 0.000000000000000000e+00 0.000000000000000000e+00 0.000000000000000000e+00 1.000000000000000000e+00
1.716363972922960281e+09 9.957449913024902344e+00 -2.549434185028076172e+00 1.041211724281311035e+00 0.000000000000000000e+00 0.000000000000000000e+00 0.000000000000000000e+00 1.000000000000000000e+00
1.716363972973262072e+09 9.924000740051269531e+00 -2.550272941589355469e+00 1.037447094917297363e+00 0.000000000000000000e+00 0.000000000000000000e+00 0.000000000000000000e+00 1.000000000000000000e+00
1.716363973023414850e+09 9.859396934509275567e+00 -2.551068544387817383e+00 1.030567288398742898e+00 0.000000000000000000e+00 0.000000000000000000e+00 0.000000000000000000e+00 1.000000000000000000e+00
1.716363973125067949e+09 9.795203208923339844e+00 -2.543111801147460938e+00 1.028903603553771973e+00 0.000000000000000000e+00 0.000000000000000000e+00 0.000000000000000000e+00 1.000000000000000000e+00
1.716363973174264669e+09 9.761958122253417969e+00 -2.543190717697143999e+00 1.026174783706665039e+00 0.000000000000000000e+00 0.000000000000000000e+00 0.000000000000000000e+00 1.000000000000000000e+00
1.716363973224190474e+09 9.693869590759275567e+00 -2.541710853576660156e+00 1.022145986557006836e+00 0.000000000000000000e+00 0.000000000000000000e+00 0.000000000000000000e+00 1.000000000000000000e+00
1.716363973274315834e+09 9.659045219421388495e+00 -2.540010213851928711e+00 1.020427346229553223e+00 0.000000000000000000e+00 0.000000000000000000e+00 0.000000000000000000e+00 1.000000000000000000e+00
1.716363973374788761e+09 9.594400405883787286e+00 -2.529990196228027788e+00 1.020511031150818093e+00 0.000000000000000000e+00 0.000000000000000000e+00 0.000000000000000000e+00 1.000000000000000000e+00
1.716363973433152199e+09 9.525486946105955255e+00 -2.523845434188842773e+00 1.017897844314575195e+00 0.000000000000000000e+00 0.000000000000000000e+00 0.000000000000000000e+00 1.000000000000000000e+00
1.716363973475190639e+09 9.493800163269044745e+00 -2.522172927856445312e+00 1.017430067062377930e+00 0.000000000000000000e+00 0.000000000000000000e+00 0.000000000000000000e+00 1.000000000000000000e+00
1.716363973525353432e+09 9.457535743713380683e+00 -2.517993688583374023e+00 1.015743613243103027e+00 0.000000000000000000e+00 0.000000000000000000e+00 0.000000000000000000e+00 1.000000000000000000e+00
1.716363973625714779e+09 9.392782211303712714e+00 -2.504618883132934570e+00 1.017003655433654785e+00 0.000000000000000000e+00 0.000000000000000000e+00 0.000000000000000000e+00 1.000000000000000000e+00
1.716363973676204205e+09 9.326669692993164062e+00 -2.495915174484252930e+00 1.016098260879516602e+00 0.000000000000000000e+00 0.000000000000000000e+00 0.000000000000000000e+00 1.000000000000000000e+00
1.716363973726354361e+09 9.295732498168943536e+00 -2.491399288177490234e+00 1.015752673149108887e+00 0.000000000000000000e+00 0.000000000000000000e+00 0.000000000000000000e+00 1.000000000000000000e+00
1.716363973826447725e+09 9.232940673828123224e+00 -2.478299379348754883e+00 1.016440153121948242e+00 0.000000000000000000e+00 0.000000000000000000e+00 0.000000000000000000e+00 1.000000000000000000e+00
1.716363973876636982e+09 9.172517776489257812e+00 -2.467450141906738281e+00 1.014471411705017090e+00 0.000000000000000000e+00 0.000000000000000000e+00 0.000000000000000000e+00 1.000000000000000000e+00
1.716363973926679373e+09 9.145019531250000000e+00 -2.461556673049926758e+00 1.013425946235656738e+00 0.000000000000000000e+00 0.000000000000000000e+00 0.000000000000000000e+00 1.000000000000000000e+00
1.716363973976927042e+09 9.086757659912109375e+00 -2.446918010711669922e+00 1.013612747192382812e+00 0.000000000000000000e+00 0.000000000000000000e+00 0.000000000000000000e+00 1.000000000000000000e+00
1.716363974027120829e+09 9.058538436889648438e+00 -2.439801216125488281e+00 1.012338995933532715e+00 0.000000000000000000e+00 0.000000000000000000e+00 0.000000000000000000e+00 1.000000000000000000e+00
1.716363974077395916e+09 9.030468940734863281e+00 -2.432067871093750000e+00 1.010774612426757812e+00 0.000000000000000000e+00 0.000000000000000000e+00 0.000000000000000000e+00 1.000000000000000000e+00
1.716363974177639484e+09 8.976701736450195312e+00 -2.415261983871459961e+00 1.006499290466308594e+00 0.000000000000000000e+00 0.000000000000000000e+00 0.000000000000000000e+00 1.000000000000000000e+00
1.716363974277931213e+09 8.898303985595703125e+00 -2.389783620834350586e+00 1.002302408218383789e+00 0.000000000000000000e+00 0.000000000000000000e+00 0.000000000000000000e+00 1.000000000000000000e+00
1.716363974328621387e+09 8.847393035888671875e+00 -2.369438171386718750e+00 9.952425360679626465e-01 0.000000000000000000e+00 0.000000000000000000e+00 0.000000000000000000e+00 1.000000000000000000e+00
1.716363974428623676e+09 8.796898841857910156e+00 -2.352357625961304155e+00 9.930145740509032093e-01 0.000000000000000000e+00 0.000000000000000000e+00 0.000000000000000000e+00 1.000000000000000000e+00
1.716363974478779316e+09 8.772476196289062500e+00 -2.342072010040283203e+00 9.890585541725159802e-01 0.000000000000000000e+00 0.000000000000000000e+00 0.000000000000000000e+00 1.000000000000000000e+00
1.716363974531599283e+09 8.745039939880371094e+00 -2.331468343734741211e+00 9.854003190994263806e-01 0.000000000000000000e+00 0.000000000000000000e+00 0.000000000000000000e+00 1.000000000000000000e+00
1.716363974579411983e+09 8.718444824218750000e+00 -2.321524381637572798e+00 9.814478754997252308e-01 0.000000000000000000e+00 0.000000000000000000e+00 0.000000000000000000e+00 1.000000000000000000e+00
1.716363974629984140e+09 8.667716026306152344e+00 -2.305095434188842773e+00 9.784663915634156384e-01 0.000000000000000000e+00 0.000000000000000000e+00 0.000000000000000000e+00 1.000000000000000000e+00
1.716363974679887056e+09 8.643135070800781250e+00 -2.295211791992187500e+00 9.739671945571900524e-01 0.000000000000000000e+00 0.000000000000000000e+00 0.000000000000000000e+00 1.000000000000000000e+00
1.716363974730374098e+09 8.618796348571777344e+00 -2.284371137619018555e+00 9.693399667739868164e-01 0.000000000000000000e+00 0.000000000000000000e+00 0.000000000000000000e+00 1.000000000000000000e+00
1.716363974780535460e+09 8.594612121582031250e+00 -2.272860050201416016e+00 9.644554257392884411e-01 0.000000000000000000e+00 0.000000000000000000e+00 0.000000000000000000e+00 1.000000000000000000e+00
1.716363974830560207e+09 8.545298576354980469e+00 -2.254851341247558594e+00 9.612125754356384277e-01 0.000000000000000000e+00 0.000000000000000000e+00 0.000000000000000000e+00 1.000000000000000000e+00
1.716363974880901575e+09 8.519964218139648438e+00 -2.243737220764160156e+00 9.564146399497985840e-01 0.000000000000000000e+00 0.000000000000000000e+00 0.000000000000000000e+00 1.000000000000000000e+00
1.716363974931195974e+09 8.494426727294921875e+00 -2.233351469039916992e+00 9.515450596809388317e-01 0.000000000000000000e+00 0.000000000000000000e+00 0.000000000000000000e+00 1.000000000000000000e+00
1.716363974981391191e+09 8.467836380004882812e+00 -2.222931146621704102e+00 9.463578462600708008e-01 0.000000000000000000e+00 0.000000000000000000e+00 0.000000000000000000e+00 1.000000000000000000e+00
1.716363975031445980e+09 8.440155982971191406e+00 -2.212795972824096680e+00 9.416004419326782227e-01 0.000000000000000000e+00 0.000000000000000000e+00 0.000000000000000000e+00 1.000000000000000000e+00
1.716363975081659079e+09 8.386318206787109375e+00 -2.195912837982177734e+00 9.375622272491456188e-01 0.000000000000000000e+00 0.000000000000000000e+00 0.000000000000000000e+00 1.000000000000000000e+00
1.716363975131906271e+09 8.359427452087402344e+00 -2.186572074890136719e+00 9.324177503585816540e-01 0.000000000000000000e+00 0.000000000000000000e+00 0.000000000000000000e+00 1.000000000000000000e+00
1.716363975182078838e+09 8.332446098327636719e+00 -2.177450180053710938e+00 9.268657565116882324e-01 0.000000000000000000e+00 0.000000000000000000e+00 0.000000000000000000e+00 1.000000000000000000e+00
1.716363975232395172e+09 8.304450035095214844e+00 -2.168245077133178711e+00 9.213994741439820446e-01 0.000000000000000000e+00 0.000000000000000000e+00 0.000000000000000000e+00 1.000000000000000000e+00
1.716363975282925844e+09 8.247450828552246094e+00 -2.151601552963256836e+00 9.179228544235229492e-01 0.000000000000000000e+00 0.000000000000000000e+00 0.000000000000000000e+00 1.000000000000000000e+00
1.716363975333173990e+09 8.219337463378906250e+00 -2.142860412597655806e+00 9.127164483070373535e-01 0.000000000000000000e+00 0.000000000000000000e+00 0.000000000000000000e+00 1.000000000000000000e+00
1.716363975383372545e+09 8.190117835998535156e+00 -2.134433984756469727e+00 9.077648520469665527e-01 0.000000000000000000e+00 0.000000000000000000e+00 0.000000000000000000e+00 1.000000000000000000e+00
1.716363975433705330e+09 8.130756378173828125e+00 -2.119047880172729048e+00 9.050791263580322266e-01 0.000000000000000000e+00 0.000000000000000000e+00 0.000000000000000000e+00 1.000000000000000000e+00
1.716363975483771086e+09 8.100079536437988281e+00 -2.112243175506591797e+00 9.003278017044067383e-01 0.000000000000000000e+00 0.000000000000000000e+00 0.000000000000000000e+00 1.000000000000000000e+00
1.716363975534129858e+09 8.069253921508789062e+00 -2.106018066406250000e+00 8.956694006919860840e-01 0.000000000000000000e+00 0.000000000000000000e+00 0.000000000000000000e+00 1.000000000000000000e+00
1.716363975584006548e+09 8.037131309509277344e+00 -2.100744724273681641e+00 8.909505605697631836e-01 0.000000000000000000e+00 0.000000000000000000e+00 0.000000000000000000e+00 1.000000000000000000e+00
1.716363975685042858e+09 7.972570419311523438e+00 -2.091281414031982422e+00 8.813661336898803711e-01 0.000000000000000000e+00 0.000000000000000000e+00 0.000000000000000000e+00 1.000000000000000000e+00
1.716363975785038233e+09 7.873958587646484375e+00 -2.073858499526977095e+00 8.740991353988647461e-01 0.000000000000000000e+00 0.000000000000000000e+00 0.000000000000000000e+00 1.000000000000000000e+00
1.716363975835317135e+09 7.837643623352050781e+00 -2.068555593490600586e+00 8.692104816436767578e-01 0.000000000000000000e+00 0.000000000000000000e+00 0.000000000000000000e+00 1.000000000000000000e+00
1.716363975885909319e+09 7.803274154663085938e+00 -2.063716173171997070e+00 8.643518686294555664e-01 0.000000000000000000e+00 0.000000000000000000e+00 0.000000000000000000e+00 1.000000000000000000e+00
1.716363975936180830e+09 7.737061977386474609e+00 -2.050552845001220703e+00 8.620238900184631348e-01 0.000000000000000000e+00 0.000000000000000000e+00 0.000000000000000000e+00 1.000000000000000000e+00
1.716363975986718893e+09 7.701623916625976562e+00 -2.045859098434447798e+00 8.574988245964050293e-01 0.000000000000000000e+00 0.000000000000000000e+00 0.000000000000000000e+00 1.000000000000000000e+00
1.716363976036447763e+09 7.667055130004882812e+00 -2.041827678680419922e+00 8.531896471977233887e-01 0.000000000000000000e+00 0.000000000000000000e+00 0.000000000000000000e+00 1.000000000000000000e+00
1.716363976086978674e+09 7.596879482269287109e+00 -2.033949851989746094e+00 8.455102443695068359e-01 0.000000000000000000e+00 0.000000000000000000e+00 0.000000000000000000e+00 1.000000000000000000e+00
1.716363976187347412e+09 7.529563426971435547e+00 -2.021402835845947710e+00 8.449426293373107910e-01 0.000000000000000000e+00 0.000000000000000000e+00 0.000000000000000000e+00 1.000000000000000000e+00
1.716363976237216711e+09 7.494992733001708984e+00 -2.017727375030517578e+00 8.421829938888549805e-01 0.000000000000000000e+00 0.000000000000000000e+00 0.000000000000000000e+00 1.000000000000000000e+00
1.716363976287952423e+09 7.428003787994384766e+00 -2.010351896286010742e+00 8.377124667167663574e-01 0.000000000000000000e+00 0.000000000000000000e+00 0.000000000000000000e+00 1.000000000000000000e+00
1.716363976387923717e+09 7.357362270355224609e+00 -1.995317816734313965e+00 8.393471240997314453e-01 0.000000000000000000e+00 0.000000000000000000e+00 0.000000000000000000e+00 1.000000000000000000e+00
1.716363976438019514e+09 7.322612285614013672e+00 -1.988882899284362793e+00 8.381881713867187500e-01 0.000000000000000000e+00 0.000000000000000000e+00 0.000000000000000000e+00 1.000000000000000000e+00
1.716363976488302231e+09 7.289102077484130859e+00 -1.981800675392150879e+00 8.373304605484008789e-01 0.000000000000000000e+00 0.000000000000000000e+00 0.000000000000000000e+00 1.000000000000000000e+00
1.716363976538366556e+09 7.252971649169921875e+00 -1.973057389259338379e+00 8.370482325553894043e-01 0.000000000000000000e+00 0.000000000000000000e+00 0.000000000000000000e+00 1.000000000000000000e+00
1.716363976588607073e+09 7.218925952911376953e+00 -1.964386582374572754e+00 8.370550870895385742e-01 0.000000000000000000e+00 0.000000000000000000e+00 0.000000000000000000e+00 1.000000000000000000e+00
1.716363976638797045e+09 7.184164524078369141e+00 -1.954736232757568359e+00 8.377237319946289062e-01 0.000000000000000000e+00 0.000000000000000000e+00 0.000000000000000000e+00 1.000000000000000000e+00
1.716363976739187956e+09 7.118844509124755859e+00 -1.936056375503540039e+00 8.414323329925537109e-01 0.000000000000000000e+00 0.000000000000000000e+00 0.000000000000000000e+00 1.000000000000000000e+00
1.716363976789328337e+09 7.056117057800292969e+00 -1.914956927299499512e+00 8.435398340225219727e-01 0.000000000000000000e+00 0.000000000000000000e+00 0.000000000000000000e+00 1.000000000000000000e+00
1.716363976839684963e+09 7.026948451995849609e+00 -1.904018163681030495e+00 8.447214365005493164e-01 0.000000000000000000e+00 0.000000000000000000e+00 0.000000000000000000e+00 1.000000000000000000e+00
1.716363976939921379e+09 6.969246864318847656e+00 -1.884185075759887917e+00 8.487626910209655762e-01 0.000000000000000000e+00 0.000000000000000000e+00 0.000000000000000000e+00 1.000000000000000000e+00
1.716363976990407228e+09 6.914209842681884766e+00 -1.857927322387695535e+00 8.516815304756164551e-01 0.000000000000000000e+00 0.000000000000000000e+00 0.000000000000000000e+00 1.000000000000000000e+00
1.716363977040544748e+09 6.886151313781738281e+00 -1.842908143997192383e+00 8.531420826911926270e-01 0.000000000000000000e+00 0.000000000000000000e+00 0.000000000000000000e+00 1.000000000000000000e+00
1.716363977141039371e+09 6.836181163787841797e+00 -1.821003913879394309e+00 8.563182950019836426e-01 0.000000000000000000e+00 0.000000000000000000e+00 0.000000000000000000e+00 1.000000000000000000e+00
1.716363977192241669e+09 6.811557292938232422e+00 -1.804516196250915527e+00 8.571935892105102539e-01 0.000000000000000000e+00 0.000000000000000000e+00 0.000000000000000000e+00 1.000000000000000000e+00
1.716363977241369247e+09 6.767652988433837891e+00 -1.770329356193542480e+00 8.576355576515197754e-01 0.000000000000000000e+00 0.000000000000000000e+00 0.000000000000000000e+00 1.000000000000000000e+00
1.716363977291524649e+09 6.725351333618164062e+00 -1.746185302734375000e+00 8.594618439674377441e-01 0.000000000000000000e+00 0.000000000000000000e+00 0.000000000000000000e+00 1.000000000000000000e+00
1.716363977341861725e+09 6.704575061798095703e+00 -1.726082801818847656e+00 8.589362502098083496e-01 0.000000000000000000e+00 0.000000000000000000e+00 0.000000000000000000e+00 1.000000000000000000e+00
1.716363977392068386e+09 6.669297695159912109e+00 -1.684656620025634766e+00 8.562594056129455566e-01 0.000000000000000000e+00 0.000000000000000000e+00 0.000000000000000000e+00 1.000000000000000000e+00
1.716363977492434740e+09 6.653995513916015625e+00 -1.662298679351806641e+00 8.539976477622985840e-01 0.000000000000000000e+00 0.000000000000000000e+00 0.000000000000000000e+00 1.000000000000000000e+00
1.716363977542728901e+09 6.639977455139160156e+00 -1.638485670089721680e+00 8.511165380477905273e-01 0.000000000000000000e+00 0.000000000000000000e+00 0.000000000000000000e+00 1.000000000000000000e+00
1.716363977592861414e+09 6.610518932342529297e+00 -1.610430240631103516e+00 8.495637774467468262e-01 0.000000000000000000e+00 0.000000000000000000e+00 0.000000000000000000e+00 1.000000000000000000e+00
1.716363977643115997e+09 6.587931156158447266e+00 -1.559857249259948730e+00 8.428097367286682129e-01 0.000000000000000000e+00 0.000000000000000000e+00 0.000000000000000000e+00 1.000000000000000000e+00
1.716363977743600607e+09 6.578216552734375000e+00 -1.533711910247802734e+00 8.388869166374206543e-01 0.000000000000000000e+00 0.000000000000000000e+00 0.000000000000000000e+00 1.000000000000000000e+00
1.716363977793781757e+09 6.551855564117431641e+00 -1.504324674606323242e+00 8.371839523315429688e-01 0.000000000000000000e+00 0.000000000000000000e+00 0.000000000000000000e+00 1.000000000000000000e+00
1.716363977843980551e+09 6.542270183563232422e+00 -1.476801633834838867e+00 8.331548571586608887e-01 0.000000000000000000e+00 0.000000000000000000e+00 0.000000000000000000e+00 1.000000000000000000e+00
1.716363977894204855e+09 6.533504009246826172e+00 -1.449878931045532227e+00 8.293396234512329102e-01 0.000000000000000000e+00 0.000000000000000000e+00 0.000000000000000000e+00 1.000000000000000000e+00
1.716363977944486380e+09 6.512358665466308594e+00 -1.418425083160400391e+00 8.264936208724975586e-01 0.000000000000000000e+00 0.000000000000000000e+00 0.000000000000000000e+00 1.000000000000000000e+00
1.716363977994630814e+09 6.503618240356445312e+00 -1.390328407287597656e+00 8.224066495895385742e-01 0.000000000000000000e+00 0.000000000000000000e+00 0.000000000000000000e+00 1.000000000000000000e+00
1.716363978044945717e+09 6.495548725128173828e+00 -1.363540291786193848e+00 8.185572028160095215e-01 0.000000000000000000e+00 0.000000000000000000e+00 0.000000000000000000e+00 1.000000000000000000e+00
1.716363978094950914e+09 6.479797840118408203e+00 -1.306229948997497559e+00 8.101294040679931641e-01 0.000000000000000000e+00 0.000000000000000000e+00 0.000000000000000000e+00 1.000000000000000000e+00
1.716363978195438623e+09 6.457927227020263672e+00 -1.275641202926635520e+00 8.072355985641479492e-01 0.000000000000000000e+00 0.000000000000000000e+00 0.000000000000000000e+00 1.000000000000000000e+00
1.716363978245698214e+09 6.448735237121582031e+00 -1.247192859649658203e+00 8.032887578010559082e-01 0.000000000000000000e+00 0.000000000000000000e+00 0.000000000000000000e+00 1.000000000000000000e+00
1.716363978295988083e+09 6.429875850677490234e+00 -1.190985202789306641e+00 7.952499389648437500e-01 0.000000000000000000e+00 0.000000000000000000e+00 0.000000000000000000e+00 1.000000000000000000e+00
1.716363978396286249e+09 6.402451992034912109e+00 -1.160966753959655762e+00 7.932567000389099121e-01 0.000000000000000000e+00 0.000000000000000000e+00 0.000000000000000000e+00 1.000000000000000000e+00
1.716363978446557760e+09 6.389562129974365234e+00 -1.134020447731018066e+00 7.899485230445861816e-01 0.000000000000000000e+00 0.000000000000000000e+00 0.000000000000000000e+00 1.000000000000000000e+00
1.716363978496678829e+09 6.359342575073242188e+00 -1.080935239791869895e+00 7.839466929435729980e-01 0.000000000000000000e+00 0.000000000000000000e+00 0.000000000000000000e+00 1.000000000000000000e+00
1.716363978546961308e+09 6.342948436737060547e+00 -1.055548787117004395e+00 7.815367579460144043e-01 0.000000000000000000e+00 0.000000000000000000e+00 0.000000000000000000e+00 1.000000000000000000e+00
1.716363978647403479e+09 6.303887367248535156e+00 -1.026577234268188477e+00 7.815921902656555176e-01 0.000000000000000000e+00 0.000000000000000000e+00 0.000000000000000000e+00 1.000000000000000000e+00
1.716363978697570324e+09 6.265715122222900391e+00 -9.757065773010253906e-01 7.777064442634582520e-01 0.000000000000000000e+00 0.000000000000000000e+00 0.000000000000000000e+00 1.000000000000000000e+00
1.716363978797965527e+09 6.246985435485839844e+00 -9.509680867195128284e-01 7.764359116554260254e-01 0.000000000000000000e+00 0.000000000000000000e+00 0.000000000000000000e+00 1.000000000000000000e+00
1.716363978848282576e+09 6.202760219573974609e+00 -9.216562509536744274e-01 7.782737612724304199e-01 0.000000000000000000e+00 0.000000000000000000e+00 0.000000000000000000e+00 1.000000000000000000e+00
1.716363978898480892e+09 6.159243583679199219e+00 -8.718883395195007324e-01 7.791928052902221680e-01 0.000000000000000000e+00 0.000000000000000000e+00 0.000000000000000000e+00 1.000000000000000000e+00
1.716363978949638128e+09 6.136423587799072266e+00 -8.474178314208984375e-01 7.807514667510986328e-01 0.000000000000000000e+00 0.000000000000000000e+00 0.000000000000000000e+00 1.000000000000000000e+00
1.716363979099446535e+09 6.041453361511231357e+00 -7.702344655990600586e-01 7.928148508071899414e-01 0.000000000000000000e+00 0.000000000000000000e+00 0.000000000000000000e+00 1.000000000000000000e+00
1.716363979149694443e+09 6.018765449523925781e+00 -7.450942397117614746e-01 7.974247336387634277e-01 0.000000000000000000e+00 0.000000000000000000e+00 0.000000000000000000e+00 1.000000000000000000e+00
1.716363979300099373e+09 5.947057723999023438e+00 -6.891434788703918457e-01 8.120436668395996094e-01 0.000000000000000000e+00 0.000000000000000000e+00 0.000000000000000000e+00 1.000000000000000000e+00
1.716363979350390196e+09 5.922895908355712891e+00 -6.605527400970458984e-01 8.204603195190429688e-01 0.000000000000000000e+00 0.000000000000000000e+00 0.000000000000000000e+00 1.000000000000000000e+00
1.716363979400490522e+09 5.877720355987548828e+00 -6.311594247817993164e-01 8.312668204307556152e-01 0.000000000000000000e+00 0.000000000000000000e+00 0.000000000000000000e+00 1.000000000000000000e+00
1.716363979450613976e+09 5.856521606445312500e+00 -6.021648645401000977e-01 8.407498598098754883e-01 0.000000000000000000e+00 0.000000000000000000e+00 0.000000000000000000e+00 1.000000000000000000e+00
1.716363979500936985e+09 5.834400177001953125e+00 -5.725318789482116699e-01 8.516684174537658691e-01 0.000000000000000000e+00 0.000000000000000000e+00 0.000000000000000000e+00 1.000000000000000000e+00
1.716363979550932169e+09 5.797194004058837891e+00 -5.114911794662475586e-01 8.757455945014953613e-01 0.000000000000000000e+00 0.000000000000000000e+00 0.000000000000000000e+00 1.000000000000000000e+00
1.716363979601081371e+09 5.779121875762940341e+00 -4.795208871364592951e-01 8.891937136650085449e-01 0.000000000000000000e+00 0.000000000000000000e+00 0.000000000000000000e+00 1.000000000000000000e+00
1.716363979701295614e+09 5.739243984222412109e+00 -4.443845450878142755e-01 9.056926369667052112e-01 0.000000000000000000e+00 0.000000000000000000e+00 0.000000000000000000e+00 1.000000000000000000e+00
1.716363979752114773e+09 5.724088668823242188e+00 -4.102387428283690851e-01 9.202940464019776501e-01 0.000000000000000000e+00 0.000000000000000000e+00 0.000000000000000000e+00 1.000000000000000000e+00
1.716363979801545382e+09 5.696422576904296875e+00 -3.397158980369567871e-01 9.511085748672484241e-01 0.000000000000000000e+00 0.000000000000000000e+00 0.000000000000000000e+00 1.000000000000000000e+00
1.716363979901728630e+09 5.675087928771972656e+00 -2.668420374393463135e-01 9.836277365684508167e-01 0.000000000000000000e+00 0.000000000000000000e+00 0.000000000000000000e+00 1.000000000000000000e+00
1.716363979952075958e+09 5.657143592834472656e+00 -2.290394306182861051e-01 1.001049637794494629e+00 0.000000000000000000e+00 0.000000000000000000e+00 0.000000000000000000e+00 1.000000000000000000e+00
1.716363980002101898e+09 5.652909755706787109e+00 -1.910812556743620994e-01 1.017693996429443359e+00 0.000000000000000000e+00 0.000000000000000000e+00 0.000000000000000000e+00 1.000000000000000000e+00
1.716363980052401304e+09 5.649394035339356357e+00 -1.521528661251068115e-01 1.034178137779235840e+00 0.000000000000000000e+00 0.000000000000000000e+00 0.000000000000000000e+00 1.000000000000000000e+00
1.716363980102545500e+09 5.647607326507568359e+00 -1.120184212923048955e-01 1.050800204277038574e+00 0.000000000000000000e+00 0.000000000000000000e+00 0.000000000000000000e+00 1.000000000000000000e+00
1.716363980202869654e+09 5.644541263580322266e+00 -7.163976132869720459e-02 1.068144679069519043e+00 0.000000000000000000e+00 0.000000000000000000e+00 0.000000000000000000e+00 1.000000000000000000e+00
1.716363980303491354e+09 5.653475284576416016e+00 5.006152391433710269e-02 1.122316479682922363e+00 0.000000000000000000e+00 0.000000000000000000e+00 0.000000000000000000e+00 1.000000000000000000e+00
1.716363980353409529e+09 5.660999774932861328e+00 9.343231469392769550e-02 1.139502286911010742e+00 0.000000000000000000e+00 0.000000000000000000e+00 0.000000000000000000e+00 1.000000000000000000e+00
1.716363980453736782e+09 5.680138587951660156e+00 1.356409043073653897e-01 1.155795574188232422e+00 0.000000000000000000e+00 0.000000000000000000e+00 0.000000000000000000e+00 1.000000000000000000e+00
1.716363980554177284e+09 5.725585937500000000e+00 2.586196660995482843e-01 1.205358624458312988e+00 0.000000000000000000e+00 0.000000000000000000e+00 0.000000000000000000e+00 1.000000000000000000e+00
1.716363980604318142e+09 5.743401527404785156e+00 2.991175353527069092e-01 1.221318364143371582e+00 0.000000000000000000e+00 0.000000000000000000e+00 0.000000000000000000e+00 1.000000000000000000e+00
1.716363980704701424e+09 5.786816596984863281e+00 3.414889276027678888e-01 1.236393213272094727e+00 0.000000000000000000e+00 0.000000000000000000e+00 0.000000000000000000e+00 1.000000000000000000e+00
1.716363980805249453e+09 5.862980842590332031e+00 4.675334393978118896e-01 1.279760122299194336e+00 0.000000000000000000e+00 0.000000000000000000e+00 0.000000000000000000e+00 1.000000000000000000e+00
1.716363981257571936e+09 5.925138950347900391e+00 5.100361704826354980e-01 1.292662978172302246e+00 0.000000000000000000e+00 0.000000000000000000e+00 0.000000000000000000e+00 1.000000000000000000e+00
1.716363981860202074e+09 7.051620483398437500e+00 1.324514865875243919e+00 1.510534286499023438e+00 0.000000000000000000e+00 0.000000000000000000e+00 0.000000000000000000e+00 1.000000000000000000e+00
1.716363981910232067e+09 7.173114299774169922e+00 1.375988721847534180e+00 1.518793940544128418e+00 0.000000000000000000e+00 0.000000000000000000e+00 0.000000000000000000e+00 1.000000000000000000e+00
1.716363982010516882e+09 7.318761825561523438e+00 1.459274172782897949e+00 1.531133890151977539e+00 0.000000000000000000e+00 0.000000000000000000e+00 0.000000000000000000e+00 1.000000000000000000e+00
1.716363982061047316e+09 7.394181728363037109e+00 1.499972462654113770e+00 1.536419510841369629e+00 0.000000000000000000e+00 0.000000000000000000e+00 0.000000000000000000e+00 1.000000000000000000e+00
1.716363982111286879e+09 7.461343288421630859e+00 1.540757536888122559e+00 1.539861440658569114e+00 0.000000000000000000e+00 0.000000000000000000e+00 0.000000000000000000e+00 1.000000000000000000e+00
1.716363982161609888e+09 7.604074001312255859e+00 1.595921039581298828e+00 1.543222069740295410e+00 0.000000000000000000e+00 0.000000000000000000e+00 0.000000000000000000e+00 1.000000000000000000e+00
1.716363982211987495e+09 7.681061267852783203e+00 1.637739777565002441e+00 1.546505570411681907e+00 0.000000000000000000e+00 0.000000000000000000e+00 0.000000000000000000e+00 1.000000000000000000e+00
1.716363982262033939e+09 7.754043579101561612e+00 1.678797721862792969e+00 1.549281597137451172e+00 0.000000000000000000e+00 0.000000000000000000e+00 0.000000000000000000e+00 1.000000000000000000e+00
1.716363982312283754e+09 7.816037178039550781e+00 1.718237876892089844e+00 1.552311778068542480e+00 0.000000000000000000e+00 0.000000000000000000e+00 0.000000000000000000e+00 1.000000000000000000e+00
1.716363982362837315e+09 7.967950344085693359e+00 1.776748180389404297e+00 1.556360006332397683e+00 0.000000000000000000e+00 0.000000000000000000e+00 0.000000000000000000e+00 1.000000000000000000e+00
1.716363982414699793e+09 8.042559623718261719e+00 1.818608403205872026e+00 1.560129642486572488e+00 0.000000000000000000e+00 0.000000000000000000e+00 0.000000000000000000e+00 1.000000000000000000e+00
1.716363982462983131e+09 8.116374015808105469e+00 1.859124779701232910e+00 1.564000606536865234e+00 0.000000000000000000e+00 0.000000000000000000e+00 0.000000000000000000e+00 1.000000000000000000e+00
1.716363982513114214e+09 8.188136100769042969e+00 1.899365782737731934e+00 1.567592144012451172e+00 0.000000000000000000e+00 0.000000000000000000e+00 0.000000000000000000e+00 1.000000000000000000e+00
1.716363982563407660e+09 8.337023735046386719e+00 1.956439256668090820e+00 1.572094917297363281e+00 0.000000000000000000e+00 0.000000000000000000e+00 0.000000000000000000e+00 1.000000000000000000e+00
1.716363982613472223e+09 8.408681869506835938e+00 1.996600151062011941e+00 1.575448751449584961e+00 0.000000000000000000e+00 0.000000000000000000e+00 0.000000000000000000e+00 1.000000000000000000e+00
1.716363982663750410e+09 8.483081817626953125e+00 2.037944078445434570e+00 1.578660845756530762e+00 0.000000000000000000e+00 0.000000000000000000e+00 0.000000000000000000e+00 1.000000000000000000e+00
1.716363982713892698e+09 8.556497573852539062e+00 2.078836917877197266e+00 1.582097768783569114e+00 0.000000000000000000e+00 0.000000000000000000e+00 0.000000000000000000e+00 1.000000000000000000e+00
1.716363982764046907e+09 8.707595825195312500e+00 2.138574838638305664e+00 1.586612224578857422e+00 0.000000000000000000e+00 0.000000000000000000e+00 0.000000000000000000e+00 1.000000000000000000e+00
1.716363982814620495e+09 8.780911445617675781e+00 2.179425477981567383e+00 1.589519500732422097e+00 0.000000000000000000e+00 0.000000000000000000e+00 0.000000000000000000e+00 1.000000000000000000e+00
1.716363982865045071e+09 8.856082916259765625e+00 2.220872640609741211e+00 1.592630624771118164e+00 0.000000000000000000e+00 0.000000000000000000e+00 0.000000000000000000e+00 1.000000000000000000e+00
1.716363982915032625e+09 8.928281784057617188e+00 2.261617898941040039e+00 1.595721006393432617e+00 0.000000000000000000e+00 0.000000000000000000e+00 0.000000000000000000e+00 1.000000000000000000e+00
1.716363982965457439e+09 9.077857971191406250e+00 2.322472810745239702e+00 1.599379301071166992e+00 0.000000000000000000e+00 0.000000000000000000e+00 0.000000000000000000e+00 1.000000000000000000e+00
1.716363983015577078e+09 9.151642799377439630e+00 2.364681482315063477e+00 1.602191448211669922e+00 0.000000000000000000e+00 0.000000000000000000e+00 0.000000000000000000e+00 1.000000000000000000e+00
1.716363983067066908e+09 9.223361968994140625e+00 2.406677007675170898e+00 1.604881167411804199e+00 0.000000000000000000e+00 0.000000000000000000e+00 0.000000000000000000e+00 1.000000000000000000e+00
1.716363983116474867e+09 9.300827026367187500e+00 2.450229406356811523e+00 1.607075929641723633e+00 0.000000000000000000e+00 0.000000000000000000e+00 0.000000000000000000e+00 1.000000000000000000e+00
1.716363983166236877e+09 9.450769424438476562e+00 2.512844800949096680e+00 1.610235691070556641e+00 0.000000000000000000e+00 0.000000000000000000e+00 0.000000000000000000e+00 1.000000000000000000e+00
1.716363983216250181e+09 9.523313522338867188e+00 2.555048227310180664e+00 1.612437725067138894e+00 0.000000000000000000e+00 0.000000000000000000e+00 0.000000000000000000e+00 1.000000000000000000e+00
1.716363983266458035e+09 9.593960762023925781e+00 2.596422195434570312e+00 1.614579916000366211e+00 0.000000000000000000e+00 0.000000000000000000e+00 0.000000000000000000e+00 1.000000000000000000e+00
1.716363983316595793e+09 9.672840118408203125e+00 2.637821912765502930e+00 1.617036819458007812e+00 0.000000000000000000e+00 0.000000000000000000e+00 0.000000000000000000e+00 1.000000000000000000e+00
1.716363983366833925e+09 9.822697639465332031e+00 2.700049638748168945e+00 1.620306611061096191e+00 0.000000000000000000e+00 0.000000000000000000e+00 0.000000000000000000e+00 1.000000000000000000e+00
1.716363983417156935e+09 9.894794464111328125e+00 2.739434242248535156e+00 1.622687220573425293e+00 0.000000000000000000e+00 0.000000000000000000e+00 0.000000000000000000e+00 1.000000000000000000e+00
1.716363983467613697e+09 9.969458580017089844e+00 2.780671596527100053e+00 1.624790668487548828e+00 0.000000000000000000e+00 0.000000000000000000e+00 0.000000000000000000e+00 1.000000000000000000e+00
1.716363983517485857e+09 1.004306316375732422e+01 2.821838855743408203e+00 1.626939535140991211e+00 0.000000000000000000e+00 0.000000000000000000e+00 0.000000000000000000e+00 1.000000000000000000e+00
1.716363983567681313e+09 1.011951351165771662e+01 2.863819360733031782e+00 1.629363059997558594e+00 0.000000000000000000e+00 0.000000000000000000e+00 0.000000000000000000e+00 1.000000000000000000e+00
1.716363983618264437e+09 1.019519901275634766e+01 2.904706716537476030e+00 1.631679058074951172e+00 0.000000000000000000e+00 0.000000000000000000e+00 0.000000000000000000e+00 1.000000000000000000e+00
1.716363983719071150e+09 1.041896057128906250e+01 3.005778551101685014e+00 1.636800169944763184e+00 0.000000000000000000e+00 0.000000000000000000e+00 0.000000000000000000e+00 1.000000000000000000e+00
1.716363983769117355e+09 1.049109554290771662e+01 3.044237136840820312e+00 1.638584852218627930e+00 0.000000000000000000e+00 0.000000000000000000e+00 0.000000000000000000e+00 1.000000000000000000e+00
1.716363983819110870e+09 1.056526470184326172e+01 3.082795143127441406e+00 1.639984130859375000e+00 0.000000000000000000e+00 0.000000000000000000e+00 0.000000000000000000e+00 1.000000000000000000e+00
1.716363983919605732e+09 1.079255676269531250e+01 3.181797742843627930e+00 1.643988370895385520e+00 0.000000000000000000e+00 0.000000000000000000e+00 0.000000000000000000e+00 1.000000000000000000e+00
1.716363983970322847e+09 1.086603641510009766e+01 3.218930006027221680e+00 1.645237326622009277e+00 0.000000000000000000e+00 0.000000000000000000e+00 0.000000000000000000e+00 1.000000000000000000e+00
1.716363984020303011e+09 1.093948459625243963e+01 3.256112098693848100e+00 1.646256446838378906e+00 0.000000000000000000e+00 0.000000000000000000e+00 0.000000000000000000e+00 1.000000000000000000e+00
1.716363984120637178e+09 1.109930419921875000e+01 3.318515777587890181e+00 1.648195624351501687e+00 0.000000000000000000e+00 0.000000000000000000e+00 0.000000000000000000e+00 1.000000000000000000e+00
1.716363984170837402e+09 1.124862957000732422e+01 3.391440153121947798e+00 1.650167822837829590e+00 0.000000000000000000e+00 0.000000000000000000e+00 0.000000000000000000e+00 1.000000000000000000e+00
1.716363984221110106e+09 1.132702445983886719e+01 3.429305076599121094e+00 1.651119351387023926e+00 0.000000000000000000e+00 0.000000000000000000e+00 0.000000000000000000e+00 1.000000000000000000e+00
1.716363984271986723e+09 1.140162658691406250e+01 3.465827465057373047e+00 1.652257561683654785e+00 0.000000000000000000e+00 0.000000000000000000e+00 0.000000000000000000e+00 1.000000000000000000e+00
1.716363984371725798e+09 1.162592124938964844e+01 3.559863090515136719e+00 1.655842781066894309e+00 0.000000000000000000e+00 0.000000000000000000e+00 0.000000000000000000e+00 1.000000000000000000e+00
1.716363984421981812e+09 1.170104217529296875e+01 3.594553232192993164e+00 1.657116770744323508e+00 0.000000000000000000e+00 0.000000000000000000e+00 0.000000000000000000e+00 1.000000000000000000e+00
1.716363984472063065e+09 1.177152156829833984e+01 3.627271652221680132e+00 1.658714890480041504e+00 0.000000000000000000e+00 0.000000000000000000e+00 0.000000000000000000e+00 1.000000000000000000e+00
1.716363984572517395e+09 1.192415142059326172e+01 3.685356855392456055e+00 1.661883711814880371e+00 0.000000000000000000e+00 0.000000000000000000e+00 0.000000000000000000e+00 1.000000000000000000e+00
1.716363984622655630e+09 1.199950408935546875e+01 3.719158649444580078e+00 1.663967251777648926e+00 0.000000000000000000e+00 0.000000000000000000e+00 0.000000000000000000e+00 1.000000000000000000e+00
1.716363984672784805e+09 1.213359737396240234e+01 3.782827854156494141e+00 1.668507933616638184e+00 0.000000000000000000e+00 0.000000000000000000e+00 0.000000000000000000e+00 1.000000000000000000e+00
1.716363984722941875e+09 1.220697689056396484e+01 3.816125631332397461e+00 1.671236276626586914e+00 0.000000000000000000e+00 0.000000000000000000e+00 0.000000000000000000e+00 1.000000000000000000e+00
1.716363984823496342e+09 1.234273624420166016e+01 3.867663860321044922e+00 1.675287127494812012e+00 0.000000000000000000e+00 0.000000000000000000e+00 0.000000000000000000e+00 1.000000000000000000e+00
1.716363984873583555e+09 1.247242927551269531e+01 3.924988269805908203e+00 1.682224631309509277e+00 0.000000000000000000e+00 0.000000000000000000e+00 0.000000000000000000e+00 1.000000000000000000e+00
1.716363984924020052e+09 1.253675079345703125e+01 3.953629016876220703e+00 1.685669779777526855e+00 0.000000000000000000e+00 0.000000000000000000e+00 0.000000000000000000e+00 1.000000000000000000e+00
1.716363985024293900e+09 1.267742347717285156e+01 4.006126880645751953e+00 1.689932107925415039e+00 0.000000000000000000e+00 0.000000000000000000e+00 0.000000000000000000e+00 1.000000000000000000e+00
1.716363985074872017e+09 1.279566955566406250e+01 4.059691905975341797e+00 1.697273969650268555e+00 0.000000000000000000e+00 0.000000000000000000e+00 0.000000000000000000e+00 1.000000000000000000e+00
1.716363985124753237e+09 1.285615921020507812e+01 4.087122917175292969e+00 1.700554251670837402e+00 0.000000000000000000e+00 0.000000000000000000e+00 0.000000000000000000e+00 1.000000000000000000e+00
1.716363985225081205e+09 1.298264503479004084e+01 4.134696483612060547e+00 1.704368352890014648e+00 0.000000000000000000e+00 0.000000000000000000e+00 0.000000000000000000e+00 1.000000000000000000e+00
1.716363985275615215e+09 1.310541629791259766e+01 4.190538883209228516e+00 1.709267616271972878e+00 0.000000000000000000e+00 0.000000000000000000e+00 0.000000000000000000e+00 1.000000000000000000e+00
1.716363985325808525e+09 1.316860103607177557e+01 4.219363212585449219e+00 1.711975455284118874e+00 0.000000000000000000e+00 0.000000000000000000e+00 0.000000000000000000e+00 1.000000000000000000e+00
1.716363985375972033e+09 1.322802352905273438e+01 4.246820449829101562e+00 1.714364767074584961e+00 0.000000000000000000e+00 0.000000000000000000e+00 0.000000000000000000e+00 1.000000000000000000e+00
1.716363985476360798e+09 1.341109657287597656e+01 4.324152946472167969e+00 1.718394637107849121e+00 0.000000000000000000e+00 0.000000000000000000e+00 0.000000000000000000e+00 1.000000000000000000e+00
1.716363985526438236e+09 1.347681903839111150e+01 4.354871749877929688e+00 1.720139622688293679e+00 0.000000000000000000e+00 0.000000000000000000e+00 0.000000000000000000e+00 1.000000000000000000e+00
1.716363985577068806e+09 1.354202556610107422e+01 4.383914947509765625e+00 1.721930742263793945e+00 0.000000000000000000e+00 0.000000000000000000e+00 0.000000000000000000e+00 1.000000000000000000e+00
1.716363985677036524e+09 1.367063522338867188e+01 4.434624671936035156e+00 1.724367737770080566e+00 0.000000000000000000e+00 0.000000000000000000e+00 0.000000000000000000e+00 1.000000000000000000e+00
1.716363985727272272e+09 1.379665279388427557e+01 4.493303775787353516e+00 1.726425290107727051e+00 0.000000000000000000e+00 0.000000000000000000e+00 0.000000000000000000e+00 1.000000000000000000e+00
1.716363985777685642e+09 1.385974788665771662e+01 4.522384166717529297e+00 1.726945400238037109e+00 0.000000000000000000e+00 0.000000000000000000e+00 0.000000000000000000e+00 1.000000000000000000e+00
1.716363985827919006e+09 1.392195320129394354e+01 4.550948143005371094e+00 1.727562308311462402e+00 0.000000000000000000e+00 0.000000000000000000e+00 0.000000000000000000e+00 1.000000000000000000e+00
1.716363985928196669e+09 1.411970710754394354e+01 4.631505012512207031e+00 1.729146003723144309e+00 0.000000000000000000e+00 0.000000000000000000e+00 0.000000000000000000e+00 1.000000000000000000e+00
1.716363985978387594e+09 1.418301963806152344e+01 4.659929752349853516e+00 1.728523612022399902e+00 0.000000000000000000e+00 0.000000000000000000e+00 0.000000000000000000e+00 1.000000000000000000e+00
1.716363986028564215e+09 1.424820995330810369e+01 4.689058780670166016e+00 1.727481722831726074e+00 0.000000000000000000e+00 0.000000000000000000e+00 0.000000000000000000e+00 1.000000000000000000e+00
1.716363986078858137e+09 1.437709999084472834e+01 4.738956451416015625e+00 1.726754665374756081e+00 0.000000000000000000e+00 0.000000000000000000e+00 0.000000000000000000e+00 1.000000000000000000e+00
1.716363986130148172e+09 1.444137001037597656e+01 4.767711162567138672e+00 1.724667072296142578e+00 0.000000000000000000e+00 0.000000000000000000e+00 0.000000000000000000e+00 1.000000000000000000e+00
1.716363986179295063e+09 1.450296211242675781e+01 4.794995307922363281e+00 1.722563982009887695e+00 0.000000000000000000e+00 0.000000000000000000e+00 0.000000000000000000e+00 1.000000000000000000e+00
1.716363986229449272e+09 1.456088352203369141e+01 4.820619583129882812e+00 1.720610618591308594e+00 0.000000000000000000e+00 0.000000000000000000e+00 0.000000000000000000e+00 1.000000000000000000e+00
1.716363986329755545e+09 1.471101093292236328e+01 4.876396656036376953e+00 1.718525767326354980e+00 0.000000000000000000e+00 0.000000000000000000e+00 0.000000000000000000e+00 1.000000000000000000e+00
1.716363986380267382e+09 1.476730060577392578e+01 4.900623798370361328e+00 1.715470433235168457e+00 0.000000000000000000e+00 0.000000000000000000e+00 0.000000000000000000e+00 1.000000000000000000e+00
1.716363986430106163e+09 1.488121318817138850e+01 4.948180675506591797e+00 1.709887266159057617e+00 0.000000000000000000e+00 0.000000000000000000e+00 0.000000000000000000e+00 1.000000000000000000e+00
1.716363986480330229e+09 1.493325042724609375e+01 4.969305515289306641e+00 1.707230567932128906e+00 0.000000000000000000e+00 0.000000000000000000e+00 0.000000000000000000e+00 1.000000000000000000e+00
1.716363986530799150e+09 1.499105644226074219e+01 4.992095947265625000e+00 1.704517722129821777e+00 0.000000000000000000e+00 0.000000000000000000e+00 0.000000000000000000e+00 1.000000000000000000e+00
1.716363986632642269e+09 1.514838695526123047e+01 5.051642894744873047e+00 1.699470877647399902e+00 0.000000000000000000e+00 0.000000000000000000e+00 0.000000000000000000e+00 1.000000000000000000e+00
1.716363986681244373e+09 1.520122814178466797e+01 5.073497772216796875e+00 1.696827888488769531e+00 0.000000000000000000e+00 0.000000000000000000e+00 0.000000000000000000e+00 1.000000000000000000e+00
1.716363986732020378e+09 1.525017261505126953e+01 5.094394683837890625e+00 1.693947076797485352e+00 0.000000000000000000e+00 0.000000000000000000e+00 0.000000000000000000e+00 1.000000000000000000e+00
1.716363986832248211e+09 1.538908004760742188e+01 5.149046421051025391e+00 1.689695954322814941e+00 0.000000000000000000e+00 0.000000000000000000e+00 0.000000000000000000e+00 1.000000000000000000e+00
1.716363986882271767e+09 1.543171405792236328e+01 5.166690349578857422e+00 1.687703132629394309e+00 0.000000000000000000e+00 0.000000000000000000e+00 0.000000000000000000e+00 1.000000000000000000e+00
1.716363986932622910e+09 1.547442150115966797e+01 5.184089660644531250e+00 1.686244606971740723e+00 0.000000000000000000e+00 0.000000000000000000e+00 0.000000000000000000e+00 1.000000000000000000e+00
1.716363987033016920e+09 1.558707809448242188e+01 5.228766441345214844e+00 1.685788750648498313e+00 0.000000000000000000e+00 0.000000000000000000e+00 0.000000000000000000e+00 1.000000000000000000e+00
1.716363987083312273e+09 1.562113380432128729e+01 5.243536949157714844e+00 1.687163710594177246e+00 0.000000000000000000e+00 0.000000000000000000e+00 0.000000000000000000e+00 1.000000000000000000e+00
1.716363987133520842e+09 1.565149497985839844e+01 5.256715297698974609e+00 1.689283013343811035e+00 0.000000000000000000e+00 0.000000000000000000e+00 0.000000000000000000e+00 1.000000000000000000e+00
1.716363987234121561e+09 1.571604347229004084e+01 5.281097888946533203e+00 1.693415880203247070e+00 0.000000000000000000e+00 0.000000000000000000e+00 0.000000000000000000e+00 1.000000000000000000e+00
1.716363987283945799e+09 1.577399826049804865e+01 5.306046009063720703e+00 1.702693819999694824e+00 0.000000000000000000e+00 0.000000000000000000e+00 0.000000000000000000e+00 1.000000000000000000e+00
1.716363987535169125e+09 1.591641712188720881e+01 5.367205619812011719e+00 1.739134192466735840e+00 0.000000000000000000e+00 0.000000000000000000e+00 0.000000000000000000e+00 1.000000000000000000e+00
1.716363987636896610e+09 1.595013141632080078e+01 5.385401248931884766e+00 1.754427671432495117e+00 0.000000000000000000e+00 0.000000000000000000e+00 0.000000000000000000e+00 1.000000000000000000e+00
1.716363987736216545e+09 1.597915267944335938e+01 5.399083614349365234e+00 1.762379050254821777e+00 0.000000000000000000e+00 0.000000000000000000e+00 0.000000000000000000e+00 1.000000000000000000e+00
1.716363987786297560e+09 1.599295806884765625e+01 5.407847881317138672e+00 1.769287228584289551e+00 0.000000000000000000e+00 0.000000000000000000e+00 0.000000000000000000e+00 1.000000000000000000e+00
1.716363987836740971e+09 1.601655578613281250e+01 5.424954414367675781e+00 1.778980374336242898e+00 0.000000000000000000e+00 0.000000000000000000e+00 0.000000000000000000e+00 1.000000000000000000e+00
1.716363987936978579e+09 1.603862380981445312e+01 5.437569618225097656e+00 1.781987667083740234e+00 0.000000000000000000e+00 0.000000000000000000e+00 0.000000000000000000e+00 1.000000000000000000e+00
1.716363987987309456e+09 1.605408477783203125e+01 5.454191684722900391e+00 1.783200263977050781e+00 0.000000000000000000e+00 0.000000000000000000e+00 0.000000000000000000e+00 1.000000000000000000e+00
1.716363988037516832e+09 1.606076431274414062e+01 5.462586402893066406e+00 1.781831502914428711e+00 0.000000000000000000e+00 0.000000000000000000e+00 0.000000000000000000e+00 1.000000000000000000e+00
1.716363988087780714e+09 1.607195854187011719e+01 5.473279953002929688e+00 1.779527068138122559e+00 0.000000000000000000e+00 0.000000000000000000e+00 0.000000000000000000e+00 1.000000000000000000e+00
1.716363988137722731e+09 1.607457351684570312e+01 5.481330871582031250e+00 1.775430917739868164e+00 0.000000000000000000e+00 0.000000000000000000e+00 0.000000000000000000e+00 1.000000000000000000e+00
1.716363988188293695e+09 1.607735824584960938e+01 5.488904476165772373e+00 1.770775794982910156e+00 0.000000000000000000e+00 0.000000000000000000e+00 0.000000000000000000e+00 1.000000000000000000e+00
1.716363988338735342e+09 1.607608604431152344e+01 5.515444278717041016e+00 1.747024655342102051e+00 0.000000000000000000e+00 0.000000000000000000e+00 0.000000000000000000e+00 1.000000000000000000e+00
1.716363988389315128e+09 1.607121849060058594e+01 5.520684719085693359e+00 1.740794062614440918e+00 0.000000000000000000e+00 0.000000000000000000e+00 0.000000000000000000e+00 1.000000000000000000e+00
1.716363988489843607e+09 1.606646728515625000e+01 5.525578022003173828e+00 1.734311461448669434e+00 0.000000000000000000e+00 0.000000000000000000e+00 0.000000000000000000e+00 1.000000000000000000e+00
1.716363988589928865e+09 1.605236816406250000e+01 5.526873588562011719e+00 1.728125214576721191e+00 0.000000000000000000e+00 0.000000000000000000e+00 0.000000000000000000e+00 1.000000000000000000e+00
1.716363988640068769e+09 1.604425048828125000e+01 5.529193401336669922e+00 1.722512602806091309e+00 0.000000000000000000e+00 0.000000000000000000e+00 0.000000000000000000e+00 1.000000000000000000e+00
1.716363988690304756e+09 1.602790832519531250e+01 5.530996799468994141e+00 1.712467312812805176e+00 0.000000000000000000e+00 0.000000000000000000e+00 0.000000000000000000e+00 1.000000000000000000e+00
1.716363988740956306e+09 1.601852416992187500e+01 5.530812263488769531e+00 1.707372426986694336e+00 0.000000000000000000e+00 0.000000000000000000e+00 0.000000000000000000e+00 1.000000000000000000e+00
1.716363988840926647e+09 1.599806118011474609e+01 5.525915622711181641e+00 1.702772617340087891e+00 0.000000000000000000e+00 0.000000000000000000e+00 0.000000000000000000e+00 1.000000000000000000e+00
1.716363988899039507e+09 1.597239971160888850e+01 5.520864963531494141e+00 1.695121407508850098e+00 0.000000000000000000e+00 0.000000000000000000e+00 0.000000000000000000e+00 1.000000000000000000e+00
1.716363988941411018e+09 1.595977401733398438e+01 5.517724514007568359e+00 1.691790699958801270e+00 0.000000000000000000e+00 0.000000000000000000e+00 0.000000000000000000e+00 1.000000000000000000e+00
1.716363989042151928e+09 1.593313884735107422e+01 5.509193420410156250e+00 1.688502788543701172e+00 0.000000000000000000e+00 0.000000000000000000e+00 0.000000000000000000e+00 1.000000000000000000e+00
1.716363989091987371e+09 1.590491580963134766e+01 5.499230384826660156e+00 1.682544231414794922e+00 0.000000000000000000e+00 0.000000000000000000e+00 0.000000000000000000e+00 1.000000000000000000e+00
1.716363989142121077e+09 1.587414932250976562e+01 5.487318038940429688e+00 1.679787874221801758e+00 0.000000000000000000e+00 0.000000000000000000e+00 0.000000000000000000e+00 1.000000000000000000e+00
1.716363989194146395e+09 1.585859966278076172e+01 5.480345726013183594e+00 1.677522182464599609e+00 0.000000000000000000e+00 0.000000000000000000e+00 0.000000000000000000e+00 1.000000000000000000e+00
1.716363989292625427e+09 1.582669067382812322e+01 5.465690612792968750e+00 1.672603726387023926e+00 0.000000000000000000e+00 0.000000000000000000e+00 0.000000000000000000e+00 1.000000000000000000e+00
1.716363989342680216e+09 1.581111717224121271e+01 5.458787441253662109e+00 1.670252919197082297e+00 0.000000000000000000e+00 0.000000000000000000e+00 0.000000000000000000e+00 1.000000000000000000e+00
1.716363989392733097e+09 1.579661273956298828e+01 5.451842784881591797e+00 1.668083429336548074e+00 0.000000000000000000e+00 0.000000000000000000e+00 0.000000000000000000e+00 1.000000000000000000e+00
1.716363989443019867e+09 1.576612949371338068e+01 5.439085960388183594e+00 1.665876984596252441e+00 0.000000000000000000e+00 0.000000000000000000e+00 0.000000000000000000e+00 1.000000000000000000e+00
1.716363989493204117e+09 1.574980831146240234e+01 5.431266784667968750e+00 1.663806080818176492e+00 0.000000000000000000e+00 0.000000000000000000e+00 0.000000000000000000e+00 1.000000000000000000e+00
1.716363989543491840e+09 1.573343849182128729e+01 5.423585891723632812e+00 1.661872744560241699e+00 0.000000000000000000e+00 0.000000000000000000e+00 0.000000000000000000e+00 1.000000000000000000e+00
1.716363989593357086e+09 1.571796417236327947e+01 5.416374683380126953e+00 1.659915328025818093e+00 0.000000000000000000e+00 0.000000000000000000e+00 0.000000000000000000e+00 1.000000000000000000e+00
1.716363989643607378e+09 1.568345260620117188e+01 5.403012752532958984e+00 1.657969951629638894e+00 0.000000000000000000e+00 0.000000000000000000e+00 0.000000000000000000e+00 1.000000000000000000e+00
1.716363989693762779e+09 1.565056800842285156e+01 5.388081550598144531e+00 1.653453350067138894e+00 0.000000000000000000e+00 0.000000000000000000e+00 0.000000000000000000e+00 1.000000000000000000e+00
1.716363989794103622e+09 1.563416862487792969e+01 5.380494117736816406e+00 1.651090145111083984e+00 0.000000000000000000e+00 0.000000000000000000e+00 0.000000000000000000e+00 1.000000000000000000e+00
1.716363989844266891e+09 1.560265064239501953e+01 5.367683410644531250e+00 1.648147940635681152e+00 0.000000000000000000e+00 0.000000000000000000e+00 0.000000000000000000e+00 1.000000000000000000e+00
1.716363989894883156e+09 1.558628463745117188e+01 5.360003471374511719e+00 1.645472764968872070e+00 0.000000000000000000e+00 0.000000000000000000e+00 0.000000000000000000e+00 1.000000000000000000e+00
1.716363989995407104e+09 1.555477619171142578e+01 5.344163417816162109e+00 1.639825820922851562e+00 0.000000000000000000e+00 0.000000000000000000e+00 0.000000000000000000e+00 1.000000000000000000e+00
1.716363990045630693e+09 1.552262306213378729e+01 5.330121040344238281e+00 1.636716008186340332e+00 0.000000000000000000e+00 0.000000000000000000e+00 0.000000000000000000e+00 1.000000000000000000e+00
1.716363990095716000e+09 1.550660800933838068e+01 5.321427345275878906e+00 1.633451104164123535e+00 0.000000000000000000e+00 0.000000000000000000e+00 0.000000000000000000e+00 1.000000000000000000e+00
1.716363990145938873e+09 1.547589397430419922e+01 5.303278923034667969e+00 1.626699090003967285e+00 0.000000000000000000e+00 0.000000000000000000e+00 0.000000000000000000e+00 1.000000000000000000e+00
1.716363990197081089e+09 1.546019649505615234e+01 5.293661594390869141e+00 1.622962474822998047e+00 0.000000000000000000e+00 0.000000000000000000e+00 0.000000000000000000e+00 1.000000000000000000e+00
1.716363990296522379e+09 1.542747306823730469e+01 5.278203964233398438e+00 1.618783354759216309e+00 0.000000000000000000e+00 0.000000000000000000e+00 0.000000000000000000e+00 1.000000000000000000e+00
1.716363990346728563e+09 1.539434337615966797e+01 5.257831096649169922e+00 1.611199259757995605e+00 0.000000000000000000e+00 0.000000000000000000e+00 0.000000000000000000e+00 1.000000000000000000e+00
1.716363990396795988e+09 1.537896251678466797e+01 5.247260093688964844e+00 1.607502460479736328e+00 0.000000000000000000e+00 0.000000000000000000e+00 0.000000000000000000e+00 1.000000000000000000e+00
1.716363990497526884e+09 1.534484863281250000e+01 5.229650020599365234e+00 1.603788733482360840e+00 0.000000000000000000e+00 0.000000000000000000e+00 0.000000000000000000e+00 1.000000000000000000e+00
1.716363990547704220e+09 1.531104755401611150e+01 5.204977035522460938e+00 1.596647381782531516e+00 0.000000000000000000e+00 0.000000000000000000e+00 0.000000000000000000e+00 1.000000000000000000e+00
1.716363990647969723e+09 1.527411460876464844e+01 5.186290740966796875e+00 1.593900799751281516e+00 0.000000000000000000e+00 0.000000000000000000e+00 0.000000000000000000e+00 1.000000000000000000e+00
1.716363990698431492e+09 1.524053859710693359e+01 5.160873413085937500e+00 1.587955832481384499e+00 0.000000000000000000e+00 0.000000000000000000e+00 0.000000000000000000e+00 1.000000000000000000e+00
1.716363990799235582e+09 1.522357559204101562e+01 5.148661613464356357e+00 1.585211515426635520e+00 0.000000000000000000e+00 0.000000000000000000e+00 0.000000000000000000e+00 1.000000000000000000e+00
1.716363990849189043e+09 1.518511295318603516e+01 5.122004985809326172e+00 1.580475687980652078e+00 0.000000000000000000e+00 0.000000000000000000e+00 0.000000000000000000e+00 1.000000000000000000e+00
1.716363990899306059e+09 1.514289474487304865e+01 5.100152015686035156e+00 1.578061223030090332e+00 0.000000000000000000e+00 0.000000000000000000e+00 0.000000000000000000e+00 1.000000000000000000e+00
1.716363990949475288e+09 1.512311935424804865e+01 5.086837291717529297e+00 1.576371788978576882e+00 0.000000000000000000e+00 0.000000000000000000e+00 0.000000000000000000e+00 1.000000000000000000e+00
1.716363991050101280e+09 1.510153675079345525e+01 5.072607517242431641e+00 1.574834942817687988e+00 0.000000000000000000e+00 0.000000000000000000e+00 0.000000000000000000e+00 1.000000000000000000e+00
1.716363991100570440e+09 1.505423164367675781e+01 5.050152778625488281e+00 1.573342680931091309e+00 0.000000000000000000e+00 0.000000000000000000e+00 0.000000000000000000e+00 1.000000000000000000e+00
1.716363991150493860e+09 1.502975177764892578e+01 5.035098075866699219e+00 1.572387337684631126e+00 0.000000000000000000e+00 0.000000000000000000e+00 0.000000000000000000e+00 1.000000000000000000e+00
1.716363991250914097e+09 1.498056602478027166e+01 5.005627155303955078e+00 1.571458220481872559e+00 0.000000000000000000e+00 0.000000000000000000e+00 0.000000000000000000e+00 1.000000000000000000e+00
1.716363991301112175e+09 1.492749118804931641e+01 4.975134372711181641e+00 1.570923328399658203e+00 0.000000000000000000e+00 0.000000000000000000e+00 0.000000000000000000e+00 1.000000000000000000e+00
1.716363991452228069e+09 1.481179428100585938e+01 4.917389869689941406e+00 1.571969628334045410e+00 0.000000000000000000e+00 0.000000000000000000e+00 0.000000000000000000e+00 1.000000000000000000e+00
1.716363991552654743e+09 1.478157234191894354e+01 4.900490760803222656e+00 1.572852969169616699e+00 0.000000000000000000e+00 0.000000000000000000e+00 0.000000000000000000e+00 1.000000000000000000e+00
1.716363991602885723e+09 1.471881866455077947e+01 4.873664379119873047e+00 1.573750495910644309e+00 0.000000000000000000e+00 0.000000000000000000e+00 0.000000000000000000e+00 1.000000000000000000e+00
1.716363991653334618e+09 1.468267345428466797e+01 4.855539798736572266e+00 1.575216054916381836e+00 0.000000000000000000e+00 0.000000000000000000e+00 0.000000000000000000e+00 1.000000000000000000e+00
1.716363991703919172e+09 1.464845657348632812e+01 4.837936401367188388e+00 1.577095985412597656e+00 0.000000000000000000e+00 0.000000000000000000e+00 0.000000000000000000e+00 1.000000000000000000e+00
1.716363991804033756e+09 1.454137516021728338e+01 4.788968086242675781e+00 1.581398129463195801e+00 0.000000000000000000e+00 0.000000000000000000e+00 0.000000000000000000e+00 1.000000000000000000e+00
1.716363991904621363e+09 1.446576499938964844e+01 4.749854087829589844e+00 1.587752342224121094e+00 0.000000000000000000e+00 0.000000000000000000e+00 0.000000000000000000e+00 1.000000000000000000e+00
1.716363991954624414e+09 1.438850784301757812e+01 4.709240436553955078e+00 1.596184253692626953e+00 0.000000000000000000e+00 0.000000000000000000e+00 0.000000000000000000e+00 1.000000000000000000e+00
1.716363992055105448e+09 1.426598739624023438e+01 4.652507781982421875e+00 1.605709910392761230e+00 0.000000000000000000e+00 0.000000000000000000e+00 0.000000000000000000e+00 1.000000000000000000e+00
1.716363992105246544e+09 1.422102260589599609e+01 4.628946304321289062e+00 1.611519217491149902e+00 0.000000000000000000e+00 0.000000000000000000e+00 0.000000000000000000e+00 1.000000000000000000e+00
1.716363992155802250e+09 1.417906284332275391e+01 4.605814456939697266e+00 1.617585301399230957e+00 0.000000000000000000e+00 0.000000000000000000e+00 0.000000000000000000e+00 1.000000000000000000e+00
1.716363992255848169e+09 1.408493614196777166e+01 4.565218925476074219e+00 1.623522996902465820e+00 0.000000000000000000e+00 0.000000000000000000e+00 0.000000000000000000e+00 1.000000000000000000e+00
1.716363992306025982e+09 1.399542808532714844e+01 4.516565799713134766e+00 1.636461377143860085e+00 0.000000000000000000e+00 0.000000000000000000e+00 0.000000000000000000e+00 1.000000000000000000e+00
1.716363992356308937e+09 1.395163536071777166e+01 4.492450237274169922e+00 1.643484234809875710e+00 0.000000000000000000e+00 0.000000000000000000e+00 0.000000000000000000e+00 1.000000000000000000e+00
1.716363992406723022e+09 1.390799140930175781e+01 4.467827796936035156e+00 1.650792956352234109e+00 0.000000000000000000e+00 0.000000000000000000e+00 0.000000000000000000e+00 1.000000000000000000e+00
1.716363992557282925e+09 1.372690010070800781e+01 4.376604557037353516e+00 1.671860814094543679e+00 0.000000000000000000e+00 0.000000000000000000e+00 0.000000000000000000e+00 1.000000000000000000e+00
1.716363992607477903e+09 1.368049907684326172e+01 4.350573062896728516e+00 1.679739236831665039e+00 0.000000000000000000e+00 0.000000000000000000e+00 0.000000000000000000e+00 1.000000000000000000e+00
1.716363992657775879e+09 1.358751106262207031e+01 4.309321403503417969e+00 1.686960101127624290e+00 0.000000000000000000e+00 0.000000000000000000e+00 0.000000000000000000e+00 1.000000000000000000e+00
1.716363992707942724e+09 1.354227542877197266e+01 4.282824993133544922e+00 1.694942474365234375e+00 0.000000000000000000e+00 0.000000000000000000e+00 0.000000000000000000e+00 1.000000000000000000e+00
1.716363992758757830e+09 1.349685573577880859e+01 4.256881713867188388e+00 1.702584624290466309e+00 0.000000000000000000e+00 0.000000000000000000e+00 0.000000000000000000e+00 1.000000000000000000e+00
1.716363992808346033e+09 1.344869327545166016e+01 4.229615688323974609e+00 1.710191845893860085e+00 0.000000000000000000e+00 0.000000000000000000e+00 0.000000000000000000e+00 1.000000000000000000e+00
1.716363992908900499e+09 1.330773067474365234e+01 4.160181522369384766e+00 1.725369691848754883e+00 0.000000000000000000e+00 0.000000000000000000e+00 0.000000000000000000e+00 1.000000000000000000e+00
1.716363992959045172e+09 1.326506614685058594e+01 4.135268688201904297e+00 1.733340382575988770e+00 0.000000000000000000e+00 0.000000000000000000e+00 0.000000000000000000e+00 1.000000000000000000e+00
1.716363993009247303e+09 1.321564579010009766e+01 4.108459949493408203e+00 1.741201758384704590e+00 0.000000000000000000e+00 0.000000000000000000e+00 0.000000000000000000e+00 1.000000000000000000e+00
1.716363993109603643e+09 1.311910152435302734e+01 4.068219184875488281e+00 1.747204422950744629e+00 0.000000000000000000e+00 0.000000000000000000e+00 0.000000000000000000e+00 1.000000000000000000e+00
1.716363993159796715e+09 1.302562236785888850e+01 4.020969390869140625e+00 1.759598493576049805e+00 0.000000000000000000e+00 0.000000000000000000e+00 0.000000000000000000e+00 1.000000000000000000e+00
1.716363993209986210e+09 1.297274684906006037e+01 3.995202302932739258e+00 1.764820933341979980e+00 0.000000000000000000e+00 0.000000000000000000e+00 0.000000000000000000e+00 1.000000000000000000e+00
1.716363993310395241e+09 1.286567020416259766e+01 3.944533109664916992e+00 1.774575233459472878e+00 0.000000000000000000e+00 0.000000000000000000e+00 0.000000000000000000e+00 1.000000000000000000e+00
1.716363993360617638e+09 1.282075214385986328e+01 3.923599243164063388e+00 1.777653217315673828e+00 0.000000000000000000e+00 0.000000000000000000e+00 0.000000000000000000e+00 1.000000000000000000e+00
1.716363993461247683e+09 1.272697257995605646e+01 3.888129472732543945e+00 1.778884649276733398e+00 0.000000000000000000e+00 0.000000000000000000e+00 0.000000000000000000e+00 1.000000000000000000e+00
1.716363993511321306e+09 1.263911342620849609e+01 3.850344657897949219e+00 1.780522704124450906e+00 0.000000000000000000e+00 0.000000000000000000e+00 0.000000000000000000e+00 1.000000000000000000e+00
1.716363993561652184e+09 1.259428215026855646e+01 3.832780838012695312e+00 1.780117630958557129e+00 0.000000000000000000e+00 0.000000000000000000e+00 0.000000000000000000e+00 1.000000000000000000e+00
1.716363993612073421e+09 1.255015182495117188e+01 3.816364049911499023e+00 1.779482960700988770e+00 0.000000000000000000e+00 0.000000000000000000e+00 0.000000000000000000e+00 1.000000000000000000e+00
1.716363993712655544e+09 1.241806983947754084e+01 3.773259401321411133e+00 1.773888707160949707e+00 0.000000000000000000e+00 0.000000000000000000e+00 0.000000000000000000e+00 1.000000000000000000e+00
1.716363993762839317e+09 1.237511253356933594e+01 3.760074853897095171e+00 1.770478725433349609e+00 0.000000000000000000e+00 0.000000000000000000e+00 0.000000000000000000e+00 1.000000000000000000e+00
1.716363993813056231e+09 1.233474540710449219e+01 3.748713254928588867e+00 1.766736745834350586e+00 0.000000000000000000e+00 0.000000000000000000e+00 0.000000000000000000e+00 1.000000000000000000e+00
1.716363993913559198e+09 1.222676753997802734e+01 3.719470024108887163e+00 1.757084846496582031e+00 0.000000000000000000e+00 0.000000000000000000e+00 0.000000000000000000e+00 1.000000000000000000e+00
1.716363993964190722e+09 1.214664649963378729e+01 3.698060035705566406e+00 1.750778675079345703e+00 0.000000000000000000e+00 0.000000000000000000e+00 0.000000000000000000e+00 1.000000000000000000e+00
1.716363994013833046e+09 1.210477828979492188e+01 3.688270092010498047e+00 1.745792031288146973e+00 0.000000000000000000e+00 0.000000000000000000e+00 0.000000000000000000e+00 1.000000000000000000e+00
1.716363994064116716e+09 1.205990219116210938e+01 3.678110122680664062e+00 1.739954829216003418e+00 0.000000000000000000e+00 0.000000000000000000e+00 0.000000000000000000e+00 1.000000000000000000e+00
1.716363994114487410e+09 1.201887798309326172e+01 3.669077157974243164e+00 1.733376741409301758e+00 0.000000000000000000e+00 0.000000000000000000e+00 0.000000000000000000e+00 1.000000000000000000e+00
1.716363994164754152e+09 1.193570327758789062e+01 3.647419214248656782e+00 1.726178169250488503e+00 0.000000000000000000e+00 0.000000000000000000e+00 0.000000000000000000e+00 1.000000000000000000e+00
1.716363994214969873e+09 1.189449214935302734e+01 3.638988971710205078e+00 1.719363570213318093e+00 0.000000000000000000e+00 0.000000000000000000e+00 0.000000000000000000e+00 1.000000000000000000e+00
1.716363994265167952e+09 1.185404968261718750e+01 3.631474971771239790e+00 1.712128758430480957e+00 0.000000000000000000e+00 0.000000000000000000e+00 0.000000000000000000e+00 1.000000000000000000e+00
1.716363994315293074e+09 1.181163787841796875e+01 3.623563289642333984e+00 1.704596757888793945e+00 0.000000000000000000e+00 0.000000000000000000e+00 0.000000000000000000e+00 1.000000000000000000e+00
1.716363994366215944e+09 1.173386764526367188e+01 3.604726791381835938e+00 1.696858525276184082e+00 0.000000000000000000e+00 0.000000000000000000e+00 0.000000000000000000e+00 1.000000000000000000e+00
1.716363994424769640e+09 1.169238662719726562e+01 3.597152233123779741e+00 1.689292669296264648e+00 0.000000000000000000e+00 0.000000000000000000e+00 0.000000000000000000e+00 1.000000000000000000e+00
1.716363994466304064e+09 1.165280246734619141e+01 3.590167284011840820e+00 1.682272911071777122e+00 0.000000000000000000e+00 0.000000000000000000e+00 0.000000000000000000e+00 1.000000000000000000e+00
1.716363994516424656e+09 1.161137676239013672e+01 3.582367897033691406e+00 1.674893140792846902e+00 0.000000000000000000e+00 0.000000000000000000e+00 0.000000000000000000e+00 1.000000000000000000e+00
1.716363994566741943e+09 1.153361225128173828e+01 3.563438892364501953e+00 1.667121410369873047e+00 0.000000000000000000e+00 0.000000000000000000e+00 0.000000000000000000e+00 1.000000000000000000e+00
1.716363994616756916e+09 1.149306583404541016e+01 3.556128501892089844e+00 1.660039067268371582e+00 0.000000000000000000e+00 0.000000000000000000e+00 0.000000000000000000e+00 1.000000000000000000e+00
1.716363994667098045e+09 1.144962120056152344e+01 3.548012733459472656e+00 1.652948141098022461e+00 0.000000000000000000e+00 0.000000000000000000e+00 0.000000000000000000e+00 1.000000000000000000e+00
1.716363994717275620e+09 1.140420436859130859e+01 3.539529085159301758e+00 1.644968390464782715e+00 0.000000000000000000e+00 0.000000000000000000e+00 0.000000000000000000e+00 1.000000000000000000e+00
1.716363994767762661e+09 1.136361217498779119e+01 3.532319545745849609e+00 1.637599110603332297e+00 0.000000000000000000e+00 0.000000000000000000e+00 0.000000000000000000e+00 1.000000000000000000e+00
1.716363994817609072e+09 1.132302570343017578e+01 3.525074005126953125e+00 1.630131602287292480e+00 0.000000000000000000e+00 0.000000000000000000e+00 0.000000000000000000e+00 1.000000000000000000e+00
1.716363994917880535e+09 1.119694995880126953e+01 3.496695518493652344e+00 1.613415837287902832e+00 0.000000000000000000e+00 0.000000000000000000e+00 0.000000000000000000e+00 1.000000000000000000e+00
1.716363994968269587e+09 1.115648365020751953e+01 3.489010572433472124e+00 1.605636119842529297e+00 0.000000000000000000e+00 0.000000000000000000e+00 0.000000000000000000e+00 1.000000000000000000e+00
1.716363995018436670e+09 1.111416053771972834e+01 3.480562925338745117e+00 1.597108483314514160e+00 0.000000000000000000e+00 0.000000000000000000e+00 0.000000000000000000e+00 1.000000000000000000e+00
1.716363995068511486e+09 1.107843494415283203e+01 3.474418401718140093e+00 1.589579343795776367e+00 0.000000000000000000e+00 0.000000000000000000e+00 0.000000000000000000e+00 1.000000000000000000e+00
1.716363995118615866e+09 1.099274635314941406e+01 3.453870773315429688e+00 1.579190135002136230e+00 0.000000000000000000e+00 0.000000000000000000e+00 0.000000000000000000e+00 1.000000000000000000e+00
1.716363995168923140e+09 1.095192718505859375e+01 3.447228670120239702e+00 1.570666432380676492e+00 0.000000000000000000e+00 0.000000000000000000e+00 0.000000000000000000e+00 1.000000000000000000e+00
1.716363995219124317e+09 1.090849685668945135e+01 3.438880443572998047e+00 1.561467528343200906e+00 0.000000000000000000e+00 0.000000000000000000e+00 0.000000000000000000e+00 1.000000000000000000e+00
1.716363995269368172e+09 1.086583709716796875e+01 3.431374788284301758e+00 1.552593350410461426e+00 0.000000000000000000e+00 0.000000000000000000e+00 0.000000000000000000e+00 1.000000000000000000e+00
1.716363995319576263e+09 1.082122898101806641e+01 3.423372507095336914e+00 1.543436408042907493e+00 0.000000000000000000e+00 0.000000000000000000e+00 0.000000000000000000e+00 1.000000000000000000e+00
1.716363995419870377e+09 1.073744773864745916e+01 3.403245210647583008e+00 1.533222198486327903e+00 0.000000000000000000e+00 0.000000000000000000e+00 0.000000000000000000e+00 1.000000000000000000e+00
1.716363995469987631e+09 1.065538597106933594e+01 3.390973091125488281e+00 1.514132857322692871e+00 0.000000000000000000e+00 0.000000000000000000e+00 0.000000000000000000e+00 1.000000000000000000e+00
1.716363995521998405e+09 1.061348724365234375e+01 3.384208679199218750e+00 1.505093097686767578e+00 0.000000000000000000e+00 0.000000000000000000e+00 0.000000000000000000e+00 1.000000000000000000e+00
1.716363995620839357e+09 1.053355693817138850e+01 3.365005493164062500e+00 1.496453762054443359e+00 0.000000000000000000e+00 0.000000000000000000e+00 0.000000000000000000e+00 1.000000000000000000e+00
1.716363995671062231e+09 1.045102882385254084e+01 3.350615024566650391e+00 1.479465961456298828e+00 0.000000000000000000e+00 0.000000000000000000e+00 0.000000000000000000e+00 1.000000000000000000e+00
1.716363995721158981e+09 1.040926837921142578e+01 3.343282938003540039e+00 1.471291780471801758e+00 0.000000000000000000e+00 0.000000000000000000e+00 0.000000000000000000e+00 1.000000000000000000e+00
1.716363995771576643e+09 1.032787799835205078e+01 3.321964979171752930e+00 1.463276982307434082e+00 0.000000000000000000e+00 0.000000000000000000e+00 0.000000000000000000e+00 1.000000000000000000e+00
1.716363995821692467e+09 1.028381633758544922e+01 3.311938285827636719e+00 1.455358266830444336e+00 0.000000000000000000e+00 0.000000000000000000e+00 0.000000000000000000e+00 1.000000000000000000e+00
1.716363995871699572e+09 1.024360466003417969e+01 3.302982091903686523e+00 1.447579145431518555e+00 0.000000000000000000e+00 0.000000000000000000e+00 0.000000000000000000e+00 1.000000000000000000e+00
1.716363995922190666e+09 1.016343498229980469e+01 3.281058788299560547e+00 1.439456582069396973e+00 0.000000000000000000e+00 0.000000000000000000e+00 0.000000000000000000e+00 1.000000000000000000e+00
1.716363995972068310e+09 1.012321567535400391e+01 3.272070646286010742e+00 1.431281208992004395e+00 0.000000000000000000e+00 0.000000000000000000e+00 0.000000000000000000e+00 1.000000000000000000e+00
1.716363996022335529e+09 1.008400630950927557e+01 3.263190269470214844e+00 1.423357248306274414e+00 0.000000000000000000e+00 0.000000000000000000e+00 0.000000000000000000e+00 1.000000000000000000e+00
1.716363996072524548e+09 1.004305934906006037e+01 3.253159046173096147e+00 1.415476799011230469e+00 0.000000000000000000e+00 0.000000000000000000e+00 0.000000000000000000e+00 1.000000000000000000e+00
1.716363996122676134e+09 1.000134849548339844e+01 3.242232084274291992e+00 1.408153891563415527e+00 0.000000000000000000e+00 0.000000000000000000e+00 0.000000000000000000e+00 1.000000000000000000e+00
1.716363996172836065e+09 9.961729049682615411e+00 3.231330871582031250e+00 1.401384949684143066e+00 0.000000000000000000e+00 0.000000000000000000e+00 0.000000000000000000e+00 1.000000000000000000e+00
1.716363996277349472e+09 9.841068267822265625e+00 3.194585323333739790e+00 1.388326644897460938e+00 0.000000000000000000e+00 0.000000000000000000e+00 0.000000000000000000e+00 1.000000000000000000e+00
1.716363996323654175e+09 9.800031661987304688e+00 3.181532621383666992e+00 1.381759166717529297e+00 0.000000000000000000e+00 0.000000000000000000e+00 0.000000000000000000e+00 1.000000000000000000e+00
1.716363996423858643e+09 9.719233512878417969e+00 3.154915571212768999e+00 1.375307202339172363e+00 0.000000000000000000e+00 0.000000000000000000e+00 0.000000000000000000e+00 1.000000000000000000e+00
1.716363996474354982e+09 9.640892982482910156e+00 3.126901865005493164e+00 1.361023068428039551e+00 0.000000000000000000e+00 0.000000000000000000e+00 0.000000000000000000e+00 1.000000000000000000e+00
1.716363996524506092e+09 9.604355812072753906e+00 3.112835407257080078e+00 1.353414416313171387e+00 0.000000000000000000e+00 0.000000000000000000e+00 0.000000000000000000e+00 1.000000000000000000e+00
1.716363996624945641e+09 9.527960777282716620e+00 3.081891536712646484e+00 1.338069200515747070e+00 0.000000000000000000e+00 0.000000000000000000e+00 0.000000000000000000e+00 1.000000000000000000e+00
1.716363996725281954e+09 9.452681541442872870e+00 3.054259300231933594e+00 1.329856038093566895e+00 0.000000000000000000e+00 0.000000000000000000e+00 0.000000000000000000e+00 1.000000000000000000e+00
1.716363996775566101e+09 9.374973297119140625e+00 3.023815870285034180e+00 1.311698317527770996e+00 0.000000000000000000e+00 0.000000000000000000e+00 0.000000000000000000e+00 1.000000000000000000e+00
1.716363996825687885e+09 9.300639152526855469e+00 2.996456146240234375e+00 1.304218053817749023e+00 0.000000000000000000e+00 0.000000000000000000e+00 0.000000000000000000e+00 1.000000000000000000e+00
1.716363996875828743e+09 9.265288352966308594e+00 2.981701612472534180e+00 1.295306324958801270e+00 0.000000000000000000e+00 0.000000000000000000e+00 0.000000000000000000e+00 1.000000000000000000e+00
1.716363996925982714e+09 9.229321479797363281e+00 2.965494632720947710e+00 1.285360693931579590e+00 0.000000000000000000e+00 0.000000000000000000e+00 0.000000000000000000e+00 1.000000000000000000e+00
1.716363997026637554e+09 9.120227813720703125e+00 2.921243906021118164e+00 1.267810702323913574e+00 0.000000000000000000e+00 0.000000000000000000e+00 0.000000000000000000e+00 1.000000000000000000e+00
1.716363997076774359e+09 9.084417343139648438e+00 2.904389619827270508e+00 1.257550954818725586e+00 0.000000000000000000e+00 0.000000000000000000e+00 0.000000000000000000e+00 1.000000000000000000e+00
1.716363997126875162e+09 9.048508644104003906e+00 2.887794971466064453e+00 1.247319698333740234e+00 0.000000000000000000e+00 0.000000000000000000e+00 0.000000000000000000e+00 1.000000000000000000e+00
1.716363997177076340e+09 8.979194641113281250e+00 2.856384992599487749e+00 1.225814223289489524e+00 0.000000000000000000e+00 0.000000000000000000e+00 0.000000000000000000e+00 1.000000000000000000e+00
1.716363997277763367e+09 8.909785270690917969e+00 2.829422712326049805e+00 1.215435028076172097e+00 0.000000000000000000e+00 0.000000000000000000e+00 0.000000000000000000e+00 1.000000000000000000e+00
1.716363997327943087e+09 8.874824523925781250e+00 2.812784433364868164e+00 1.203726410865783691e+00 0.000000000000000000e+00 0.000000000000000000e+00 0.000000000000000000e+00 1.000000000000000000e+00
1.716363997380337477e+09 8.804960250854492188e+00 2.779048919677734375e+00 1.179654598236083984e+00 0.000000000000000000e+00 0.000000000000000000e+00 0.000000000000000000e+00 1.000000000000000000e+00
1.716363997478531599e+09 8.732904434204101562e+00 2.750089645385742188e+00 1.168038010597229004e+00 0.000000000000000000e+00 0.000000000000000000e+00 0.000000000000000000e+00 1.000000000000000000e+00
1.716363997528770208e+09 8.696150779724121094e+00 2.732023000717163086e+00 1.154955625534057617e+00 0.000000000000000000e+00 0.000000000000000000e+00 0.000000000000000000e+00 1.000000000000000000e+00
1.716363997579022646e+09 8.655515670776367188e+00 2.712900161743164062e+00 1.142134428024291992e+00 0.000000000000000000e+00 0.000000000000000000e+00 0.000000000000000000e+00 1.000000000000000000e+00
1.716363997629168034e+09 8.616931915283203125e+00 2.693767786026000977e+00 1.128824472427368164e+00 0.000000000000000000e+00 0.000000000000000000e+00 0.000000000000000000e+00 1.000000000000000000e+00
1.716363997679520369e+09 8.582216262817382812e+00 2.675566434860229048e+00 1.115410208702087402e+00 0.000000000000000000e+00 0.000000000000000000e+00 0.000000000000000000e+00 1.000000000000000000e+00
1.716363997729612589e+09 8.509494781494140625e+00 2.644794702529907227e+00 1.103011608123779297e+00 0.000000000000000000e+00 0.000000000000000000e+00 0.000000000000000000e+00 1.000000000000000000e+00
1.716363997779940844e+09 8.473985671997070312e+00 2.625585794448852539e+00 1.089788436889648438e+00 0.000000000000000000e+00 0.000000000000000000e+00 0.000000000000000000e+00 1.000000000000000000e+00
1.716363997830077410e+09 8.438498497009277344e+00 2.606102943420410156e+00 1.075942993164062500e+00 0.000000000000000000e+00 0.000000000000000000e+00 0.000000000000000000e+00 1.000000000000000000e+00
1.716363997880272388e+09 8.402940750122070312e+00 2.586770057678222656e+00 1.062362432479858398e+00 0.000000000000000000e+00 0.000000000000000000e+00 0.000000000000000000e+00 1.000000000000000000e+00
1.716363997930376530e+09 8.329101562500000000e+00 2.555854320526123047e+00 1.050566196441650391e+00 0.000000000000000000e+00 0.000000000000000000e+00 0.000000000000000000e+00 1.000000000000000000e+00
1.716363997980753899e+09 8.293421745300292969e+00 2.536835670471191406e+00 1.037871479988097922e+00 0.000000000000000000e+00 0.000000000000000000e+00 0.000000000000000000e+00 1.000000000000000000e+00
1.716363998030861139e+09 8.257761955261230469e+00 2.517692327499389648e+00 1.025449514389038086e+00 0.000000000000000000e+00 0.000000000000000000e+00 0.000000000000000000e+00 1.000000000000000000e+00
1.716363998131767511e+09 8.183973312377929688e+00 2.477004528045654297e+00 1.001323103904723899e+00 0.000000000000000000e+00 0.000000000000000000e+00 0.000000000000000000e+00 1.000000000000000000e+00
1.716363998231581926e+09 8.108410835266113281e+00 2.444846868515014204e+00 9.924603104591369629e-01 0.000000000000000000e+00 0.000000000000000000e+00 0.000000000000000000e+00 1.000000000000000000e+00
1.716363998282093287e+09 8.071878433227539062e+00 2.425238370895385742e+00 9.827530980110168457e-01 0.000000000000000000e+00 0.000000000000000000e+00 0.000000000000000000e+00 1.000000000000000000e+00
1.716363998332478285e+09 7.996012687683105469e+00 2.384308338165283203e+00 9.618696570396424450e-01 0.000000000000000000e+00 0.000000000000000000e+00 0.000000000000000000e+00 1.000000000000000000e+00
1.716363998432626009e+09 7.921913146972656250e+00 2.354439258575439453e+00 9.557128548622132458e-01 0.000000000000000000e+00 0.000000000000000000e+00 0.000000000000000000e+00 1.000000000000000000e+00
1.716363998482815742e+09 7.847259521484375000e+00 2.316440343856811523e+00 9.372071027755736194e-01 0.000000000000000000e+00 0.000000000000000000e+00 0.000000000000000000e+00 1.000000000000000000e+00
1.716363998533061743e+09 7.805568695068359375e+00 2.296335935592651811e+00 9.286640286445617676e-01 0.000000000000000000e+00 0.000000000000000000e+00 0.000000000000000000e+00 1.000000000000000000e+00
1.716363998583227873e+09 7.767567634582518643e+00 2.277811288833618164e+00 9.201161861419677734e-01 0.000000000000000000e+00 0.000000000000000000e+00 0.000000000000000000e+00 1.000000000000000000e+00
1.716363998633557081e+09 7.729414939880371094e+00 2.259788513183593750e+00 9.118130803108216442e-01 0.000000000000000000e+00 0.000000000000000000e+00 0.000000000000000000e+00 1.000000000000000000e+00
1.716363998733907461e+09 7.622053146362304688e+00 2.216092109680175781e+00 8.978229761123657227e-01 0.000000000000000000e+00 0.000000000000000000e+00 0.000000000000000000e+00 1.000000000000000000e+00
1.716363998784173012e+09 7.585331916809082031e+00 2.200170516967772993e+00 8.897483348846435547e-01 0.000000000000000000e+00 0.000000000000000000e+00 0.000000000000000000e+00 1.000000000000000000e+00
1.716363998834288120e+09 7.551510334014892578e+00 2.184857130050659180e+00 8.812048435211181641e-01 0.000000000000000000e+00 0.000000000000000000e+00 0.000000000000000000e+00 1.000000000000000000e+00
1.716363998884530783e+09 7.483009338378906250e+00 2.160306930541992188e+00 8.758508563041687012e-01 0.000000000000000000e+00 0.000000000000000000e+00 0.000000000000000000e+00 1.000000000000000000e+00
1.716363998934720039e+09 7.449772834777832031e+00 2.146453619003295898e+00 8.673350214958190918e-01 0.000000000000000000e+00 0.000000000000000000e+00 0.000000000000000000e+00 1.000000000000000000e+00
1.716363998984956741e+09 7.417258739471435547e+00 2.133771896362304688e+00 8.592366576194763184e-01 0.000000000000000000e+00 0.000000000000000000e+00 0.000000000000000000e+00 1.000000000000000000e+00
1.716363999035055876e+09 7.383495330810546875e+00 2.121468544006348100e+00 8.502081036567687988e-01 0.000000000000000000e+00 0.000000000000000000e+00 0.000000000000000000e+00 1.000000000000000000e+00
1.716363999135491848e+09 7.317873001098632812e+00 2.101003646850585938e+00 8.442921638488769531e-01 0.000000000000000000e+00 0.000000000000000000e+00 0.000000000000000000e+00 1.000000000000000000e+00
1.716363999185961008e+09 7.286611080169677734e+00 2.090909719467163086e+00 8.357427120208740234e-01 0.000000000000000000e+00 0.000000000000000000e+00 0.000000000000000000e+00 1.000000000000000000e+00
1.716363999235877275e+09 7.226624488830566406e+00 2.072587013244628906e+00 8.185638189315795898e-01 0.000000000000000000e+00 0.000000000000000000e+00 0.000000000000000000e+00 1.000000000000000000e+00
1.716363999336097002e+09 7.168171405792236328e+00 2.056075572967529297e+00 8.128801584243774414e-01 0.000000000000000000e+00 0.000000000000000000e+00 0.000000000000000000e+00 1.000000000000000000e+00
1.716363999386341810e+09 7.139222145080566406e+00 2.048635482788085938e+00 8.044477701187133789e-01 0.000000000000000000e+00 0.000000000000000000e+00 0.000000000000000000e+00 1.000000000000000000e+00
1.716363999436391115e+09 7.081858158111572266e+00 2.035459041595458984e+00 7.879030704498291016e-01 0.000000000000000000e+00 0.000000000000000000e+00 0.000000000000000000e+00 1.000000000000000000e+00
1.716363999486991167e+09 7.055282592773437500e+00 2.030579566955566406e+00 7.797380089759826660e-01 0.000000000000000000e+00 0.000000000000000000e+00 0.000000000000000000e+00 1.000000000000000000e+00
1.716363999586969614e+09 7.004568576812744141e+00 2.019536733627319780e+00 7.739760875701904297e-01 0.000000000000000000e+00 0.000000000000000000e+00 0.000000000000000000e+00 1.000000000000000000e+00
1.716363999637107611e+09 6.951392650604248047e+00 2.013063430786132812e+00 7.573328614234924316e-01 0.000000000000000000e+00 0.000000000000000000e+00 0.000000000000000000e+00 1.000000000000000000e+00
1.716363999687586784e+09 6.926035881042480469e+00 2.011024951934814453e+00 7.493765354156494141e-01 0.000000000000000000e+00 0.000000000000000000e+00 0.000000000000000000e+00 1.000000000000000000e+00
1.716363999737354755e+09 6.901566505432128906e+00 2.009472370147705078e+00 7.414305210113525391e-01 0.000000000000000000e+00 0.000000000000000000e+00 0.000000000000000000e+00 1.000000000000000000e+00
1.716363999787717342e+09 6.857071876525878906e+00 2.001947164535522461e+00 7.357514500617980957e-01 0.000000000000000000e+00 0.000000000000000000e+00 0.000000000000000000e+00 1.000000000000000000e+00
1.716363999888272285e+09 6.812564849853515625e+00 2.001583099365234375e+00 7.207175493240356445e-01 0.000000000000000000e+00 0.000000000000000000e+00 0.000000000000000000e+00 1.000000000000000000e+00
1.716363999938419104e+09 6.791417121887207031e+00 2.002624273300170898e+00 7.125114798545837402e-01 0.000000000000000000e+00 0.000000000000000000e+00 0.000000000000000000e+00 1.000000000000000000e+00
1.716363999988652468e+09 6.752384662628173828e+00 1.997637391090393066e+00 7.068181037902832031e-01 0.000000000000000000e+00 0.000000000000000000e+00 0.000000000000000000e+00 1.000000000000000000e+00
1.716364000038741589e+09 6.732305049896240234e+00 1.998545289039612038e+00 6.988158822059631348e-01 0.000000000000000000e+00 0.000000000000000000e+00 0.000000000000000000e+00 1.000000000000000000e+00
1.716364000089084864e+09 6.712351799011231357e+00 1.999012112617492898e+00 6.909537315368652344e-01 0.000000000000000000e+00 0.000000000000000000e+00 0.000000000000000000e+00 1.000000000000000000e+00
1.716364000139233351e+09 6.693371772766113281e+00 1.999715924263000488e+00 6.832079291343688965e-01 0.000000000000000000e+00 0.000000000000000000e+00 0.000000000000000000e+00 1.000000000000000000e+00
1.716364000189666033e+09 6.658926010131835938e+00 1.996240496635437012e+00 6.764201521873474121e-01 0.000000000000000000e+00 0.000000000000000000e+00 0.000000000000000000e+00 1.000000000000000000e+00
1.716364000239893913e+09 6.640486240386962891e+00 1.997913360595703125e+00 6.672179698944091797e-01 0.000000000000000000e+00 0.000000000000000000e+00 0.000000000000000000e+00 1.000000000000000000e+00
1.716364000290094137e+09 6.622961521148681641e+00 1.999985933303833008e+00 6.580942869186401367e-01 0.000000000000000000e+00 0.000000000000000000e+00 0.000000000000000000e+00 1.000000000000000000e+00
1.716364000340351820e+09 6.604475975036621094e+00 2.001596689224243164e+00 6.487884521484375000e-01 0.000000000000000000e+00 0.000000000000000000e+00 0.000000000000000000e+00 1.000000000000000000e+00
1.716364000390454292e+09 6.588019847869873047e+00 2.003168582916260210e+00 6.389992833137512207e-01 0.000000000000000000e+00 0.000000000000000000e+00 0.000000000000000000e+00 1.000000000000000000e+00
1.716364000491028786e+09 6.559393405914306641e+00 2.000385999679564986e+00 6.309308409690856934e-01 0.000000000000000000e+00 0.000000000000000000e+00 0.000000000000000000e+00 1.000000000000000000e+00
1.716364000541234732e+09 6.527907848358154297e+00 2.001365661621093750e+00 6.101424694061279297e-01 0.000000000000000000e+00 0.000000000000000000e+00 0.000000000000000000e+00 1.000000000000000000e+00
1.716364000591376066e+09 6.513606548309326172e+00 2.002032518386840820e+00 5.994091033935546875e-01 0.000000000000000000e+00 0.000000000000000000e+00 0.000000000000000000e+00 1.000000000000000000e+00
1.716364000642029285e+09 6.488925933837890625e+00 1.999196529388427956e+00 5.899640321731567383e-01 0.000000000000000000e+00 0.000000000000000000e+00 0.000000000000000000e+00 1.000000000000000000e+00
1.716364000692273378e+09 6.474683761596679688e+00 1.999281525611877219e+00 5.787537693977355957e-01 0.000000000000000000e+00 0.000000000000000000e+00 0.000000000000000000e+00 1.000000000000000000e+00
1.716364000742052555e+09 6.462473869323730469e+00 1.999449849128723145e+00 5.673574805259704590e-01 0.000000000000000000e+00 0.000000000000000000e+00 0.000000000000000000e+00 1.000000000000000000e+00
1.716364000792542934e+09 6.449501514434815341e+00 1.998677492141724077e+00 5.561779141426086426e-01 0.000000000000000000e+00 0.000000000000000000e+00 0.000000000000000000e+00 1.000000000000000000e+00
1.716364000842399597e+09 6.429136753082275391e+00 1.995113849639892800e+00 5.465409755706787109e-01 0.000000000000000000e+00 0.000000000000000000e+00 0.000000000000000000e+00 1.000000000000000000e+00
1.716364000892571211e+09 6.417372703552246094e+00 1.993907809257507546e+00 5.358271598815917969e-01 0.000000000000000000e+00 0.000000000000000000e+00 0.000000000000000000e+00 1.000000000000000000e+00
1.716364000942834139e+09 6.396747112274169922e+00 1.992406487464904785e+00 5.149573683738708496e-01 0.000000000000000000e+00 0.000000000000000000e+00 0.000000000000000000e+00 1.000000000000000000e+00
1.716364001043168306e+09 6.379218101501464844e+00 1.989699721336364746e+00 5.054818391799926758e-01 0.000000000000000000e+00 0.000000000000000000e+00 0.000000000000000000e+00 1.000000000000000000e+00
1.716364001093281507e+09 6.361353397369384766e+00 1.988885045051574707e+00 4.841850101947783869e-01 0.000000000000000000e+00 0.000000000000000000e+00 0.000000000000000000e+00 1.000000000000000000e+00
1.716364001193862915e+09 6.344029426574707031e+00 1.986572027206420898e+00 4.639014303684234064e-01 0.000000000000000000e+00 0.000000000000000000e+00 0.000000000000000000e+00 1.000000000000000000e+00
1.716364001344191551e+09 6.330414295196533203e+00 1.984610795974731667e+00 4.545474946498870850e-01 0.000000000000000000e+00 0.000000000000000000e+00 0.000000000000000000e+00 1.000000000000000000e+00
1.716364001394385576e+09 6.310463905334472656e+00 1.987702488899230957e+00 4.230757057666778009e-01 0.000000000000000000e+00 0.000000000000000000e+00 0.000000000000000000e+00 1.000000000000000000e+00
1.716364001444656610e+09 6.304097652435302734e+00 1.988843560218811035e+00 4.126317203044890802e-01 0.000000000000000000e+00 0.000000000000000000e+00 0.000000000000000000e+00 1.000000000000000000e+00
1.716364001545131207e+09 6.289935588836669922e+00 1.992262363433837891e+00 3.920752108097075861e-01 0.000000000000000000e+00 0.000000000000000000e+00 0.000000000000000000e+00 1.000000000000000000e+00
1.716364001645489931e+09 6.279702663421630859e+00 1.999752521514892800e+00 3.714769184589385986e-01 0.000000000000000000e+00 0.000000000000000000e+00 0.000000000000000000e+00 1.000000000000000000e+00
1.716364001796306372e+09 6.269314765930175781e+00 2.008341312408447710e+00 3.524765372276306152e-01 0.000000000000000000e+00 0.000000000000000000e+00 0.000000000000000000e+00 1.000000000000000000e+00
1.716364001846373081e+09 6.265027046203613281e+00 2.013300657272338867e+00 3.434489965438842773e-01 0.000000000000000000e+00 0.000000000000000000e+00 0.000000000000000000e+00 1.000000000000000000e+00
1.716364001896449327e+09 6.260772228240966797e+00 2.018454313278198242e+00 3.350503146648406982e-01 0.000000000000000000e+00 0.000000000000000000e+00 0.000000000000000000e+00 1.000000000000000000e+00
1.716364001946798563e+09 6.256402015686035156e+00 2.024044513702392578e+00 3.268899917602539062e-01 0.000000000000000000e+00 0.000000000000000000e+00 0.000000000000000000e+00 1.000000000000000000e+00
1.716364001997248411e+09 6.253043651580810547e+00 2.029969692230224609e+00 3.191162049770355225e-01 0.000000000000000000e+00 0.000000000000000000e+00 0.000000000000000000e+00 1.000000000000000000e+00
1.716364002047146559e+09 6.250624656677246094e+00 2.036374330520629883e+00 3.115781247615814209e-01 0.000000000000000000e+00 0.000000000000000000e+00 0.000000000000000000e+00 1.000000000000000000e+00
1.716364002097401381e+09 6.245270729064941406e+00 2.049989938735961914e+00 2.954399287700653076e-01 0.000000000000000000e+00 0.000000000000000000e+00 0.000000000000000000e+00 1.000000000000000000e+00
1.716364002197615862e+09 6.245404720306396484e+00 2.057067394256591797e+00 2.858939766883850098e-01 0.000000000000000000e+00 0.000000000000000000e+00 0.000000000000000000e+00 1.000000000000000000e+00
1.716364002298817873e+09 6.238304138183593750e+00 2.079692840576171875e+00 2.657436728477478027e-01 0.000000000000000000e+00 0.000000000000000000e+00 0.000000000000000000e+00 1.000000000000000000e+00
1.716364002549555540e+09 6.229673385620117188e+00 2.099416494369506836e+00 2.774541676044464111e-01 0.000000000000000000e+00 0.000000000000000000e+00 0.000000000000000000e+00 1.000000000000000000e+00
1.716364002599653482e+09 6.222631931304931641e+00 2.108419895172119141e+00 2.679013013839721125e-01 0.000000000000000000e+00 0.000000000000000000e+00 0.000000000000000000e+00 1.000000000000000000e+00
1.716364002650022745e+09 6.214202880859375000e+00 2.115569114685058594e+00 2.646665275096892755e-01 0.000000000000000000e+00 0.000000000000000000e+00 0.000000000000000000e+00 1.000000000000000000e+00
1.716364002700170040e+09 6.208396434783936435e+00 2.126547574996947798e+00 2.651371657848358154e-01 0.000000000000000000e+00 0.000000000000000000e+00 0.000000000000000000e+00 1.000000000000000000e+00
1.716364002750239134e+09 6.201654434204101562e+00 2.141597986221313032e+00 2.626344561576843262e-01 0.000000000000000000e+00 0.000000000000000000e+00 0.000000000000000000e+00 1.000000000000000000e+00
1.716364002800703287e+09 6.199189186096191406e+00 2.139550924301147461e+00 2.629194557666778009e-01 0.000000000000000000e+00 0.000000000000000000e+00 0.000000000000000000e+00 1.000000000000000000e+00
1.716364002900956869e+09 6.203852653503417969e+00 2.135231018066406250e+00 2.626508474349975031e-01 0.000000000000000000e+00 0.000000000000000000e+00 0.000000000000000000e+00 1.000000000000000000e+00
1.716364003001434088e+09 6.208789825439453125e+00 2.124288320541381836e+00 2.631964981555938166e-01 0.000000000000000000e+00 0.000000000000000000e+00 0.000000000000000000e+00 1.000000000000000000e+00
1.716364003101978779e+09 6.208892822265625000e+00 2.120880126953125000e+00 2.632613182067871094e-01 0.000000000000000000e+00 0.000000000000000000e+00 0.000000000000000000e+00 1.000000000000000000e+00
1.716364003152204037e+09 6.206852912902832031e+00 2.126710891723632812e+00 2.630306482315062921e-01 0.000000000000000000e+00 0.000000000000000000e+00 0.000000000000000000e+00 1.000000000000000000e+00
1.716364003202250719e+09 6.207377433776856357e+00 2.128227233886718750e+00 2.628720998764038086e-01 0.000000000000000000e+00 0.000000000000000000e+00 0.000000000000000000e+00 1.000000000000000000e+00
1.716364003302665234e+09 6.207817554473876953e+00 2.127005815505981001e+00 2.629831731319426935e-01 0.000000000000000000e+00 0.000000000000000000e+00 0.000000000000000000e+00 1.000000000000000000e+00
1.716364003353136539e+09 6.208302021026611328e+00 2.122536659240722656e+00 2.631336450576782227e-01 0.000000000000000000e+00 0.000000000000000000e+00 0.000000000000000000e+00 1.000000000000000000e+00
1.716364003403054476e+09 6.208583831787109375e+00 2.121734142303466797e+00 2.631717920303344727e-01 0.000000000000000000e+00 0.000000000000000000e+00 0.000000000000000000e+00 1.000000000000000000e+00
1.716364003503314257e+09 6.209341049194335938e+00 2.122596979141235796e+00 2.630565762519835871e-01 0.000000000000000000e+00 0.000000000000000000e+00 0.000000000000000000e+00 1.000000000000000000e+00
1.716364003553690434e+09 6.208322048187255859e+00 2.125519275665283203e+00 2.629581093788146973e-01 0.000000000000000000e+00 0.000000000000000000e+00 0.000000000000000000e+00 1.000000000000000000e+00
1.716364003603706121e+09 6.208118915557861328e+00 2.126107931137084961e+00 2.629506289958953857e-01 0.000000000000000000e+00 0.000000000000000000e+00 0.000000000000000000e+00 1.000000000000000000e+00
1.716364003704478979e+09 6.208472728729248047e+00 2.125084161758422852e+00 2.629671990871428888e-01 0.000000000000000000e+00 0.000000000000000000e+00 0.000000000000000000e+00 1.000000000000000000e+00
1.716364003754564524e+09 6.208979606628417969e+00 2.123638868331909180e+00 2.630298435688018799e-01 0.000000000000000000e+00 0.000000000000000000e+00 0.000000000000000000e+00 1.000000000000000000e+00
1.716364003804779053e+09 6.209384918212890625e+00 2.122455120086669922e+00 2.630338966846466064e-01 0.000000000000000000e+00 0.000000000000000000e+00 0.000000000000000000e+00 1.000000000000000000e+00
1.716364003905210733e+09 6.208611011505126953e+00 2.124680995941162109e+00 2.629695832729339044e-01 0.000000000000000000e+00 0.000000000000000000e+00 0.000000000000000000e+00 1.000000000000000000e+00
1.716364003955450773e+09 6.208477020263671875e+00 2.125072002410888672e+00 2.629690170288085938e-01 0.000000000000000000e+00 0.000000000000000000e+00 0.000000000000000000e+00 1.000000000000000000e+00
1.716364004055782318e+09 6.209037780761718750e+00 2.123460769653320312e+00 2.630162537097930908e-01 0.000000000000000000e+00 0.000000000000000000e+00 0.000000000000000000e+00 1.000000000000000000e+00
1.716364004105960369e+09 6.209266662597656250e+00 2.122807741165161133e+00 2.630448341369628906e-01 0.000000000000000000e+00 0.000000000000000000e+00 0.000000000000000000e+00 1.000000000000000000e+00
1.716364004156191349e+09 6.209210395812988281e+00 2.122957706451416016e+00 2.630198597908020020e-01 0.000000000000000000e+00 0.000000000000000000e+00 0.000000000000000000e+00 1.000000000000000000e+00
1.716364004206367016e+09 6.208985805511474609e+00 2.123612403869628906e+00 2.630153298377990723e-01 0.000000000000000000e+00 0.000000000000000000e+00 0.000000000000000000e+00 1.000000000000000000e+00
1.716364004256621838e+09 6.208727359771728516e+00 2.124346733093261719e+00 2.629802227020263117e-01 0.000000000000000000e+00 0.000000000000000000e+00 0.000000000000000000e+00 1.000000000000000000e+00
1.716364004306708574e+09 6.208612442016601562e+00 2.124649763107299805e+00 2.629230022430419922e-01 0.000000000000000000e+00 0.000000000000000000e+00 0.000000000000000000e+00 1.000000000000000000e+00
1.716364004407466650e+09 6.208731651306152344e+00 2.124328136444091797e+00 2.629698216915130060e-01 0.000000000000000000e+00 0.000000000000000000e+00 0.000000000000000000e+00 1.000000000000000000e+00
1.716364004457477331e+09 6.208979606628417969e+00 2.123610258102416992e+00 2.629807293415069025e-01 0.000000000000000000e+00 0.000000000000000000e+00 0.000000000000000000e+00 1.000000000000000000e+00
1.716364004507782459e+09 6.209164619445800781e+00 2.123086214065552202e+00 2.630099058151245117e-01 0.000000000000000000e+00 0.000000000000000000e+00 0.000000000000000000e+00 1.000000000000000000e+00
1.716364004608279467e+09 6.208878517150878906e+00 2.123890399932861328e+00 2.629545629024505060e-01 0.000000000000000000e+00 0.000000000000000000e+00 0.000000000000000000e+00 1.000000000000000000e+00
1.716364004658498764e+09 6.208407402038574219e+00 2.125198125839233398e+00 2.628322541713714044e-01 0.000000000000000000e+00 0.000000000000000000e+00 0.000000000000000000e+00 1.000000000000000000e+00
1.716364004708580017e+09 6.207970619201660156e+00 2.126445531845092773e+00 2.627853453159332275e-01 0.000000000000000000e+00 0.000000000000000000e+00 0.000000000000000000e+00 1.000000000000000000e+00
1.716364004758842945e+09 6.208250999450683594e+00 2.125610351562500000e+00 2.627542316913604736e-01 0.000000000000000000e+00 0.000000000000000000e+00 0.000000000000000000e+00 1.000000000000000000e+00
1.716364004859492302e+09 6.208657264709472656e+00 2.124444246292114258e+00 2.627912759780883789e-01 0.000000000000000000e+00 0.000000000000000000e+00 0.000000000000000000e+00 1.000000000000000000e+00
1.716364004909485817e+09 6.208788871765136719e+00 2.123985767364501953e+00 2.626641988754271906e-01 0.000000000000000000e+00 0.000000000000000000e+00 0.000000000000000000e+00 1.000000000000000000e+00
1.716364004959663391e+09 6.207446098327636719e+00 2.124862194061279741e+00 2.628278732299804132e-01 0.000000000000000000e+00 0.000000000000000000e+00 0.000000000000000000e+00 1.000000000000000000e+00
1.716364005060225010e+09 6.208063602447509766e+00 2.126066207885742188e+00 2.625955641269683838e-01 0.000000000000000000e+00 0.000000000000000000e+00 0.000000000000000000e+00 1.000000000000000000e+00
1.716364005110435486e+09 6.207945823669433594e+00 2.126393795013428178e+00 2.625678777694702148e-01 0.000000000000000000e+00 0.000000000000000000e+00 0.000000000000000000e+00 1.000000000000000000e+00
1.716364005160717010e+09 6.208221912384033203e+00 2.125587940216064453e+00 2.625685930252075195e-01 0.000000000000000000e+00 0.000000000000000000e+00 0.000000000000000000e+00 1.000000000000000000e+00
1.716364005210874081e+09 6.208728790283203125e+00 2.124165534973144531e+00 2.626688480377197266e-01 0.000000000000000000e+00 0.000000000000000000e+00 0.000000000000000000e+00 1.000000000000000000e+00
1.716364005261271477e+09 6.208582401275634766e+00 2.124557256698608398e+00 2.626067996025084894e-01 0.000000000000000000e+00 0.000000000000000000e+00 0.000000000000000000e+00 1.000000000000000000e+00
1.716364005311494350e+09 6.208303928375244141e+00 2.125340461730957031e+00 2.625550627708435059e-01 0.000000000000000000e+00 0.000000000000000000e+00 0.000000000000000000e+00 1.000000000000000000e+00
1.716364005411862135e+09 6.208048343658447266e+00 2.126069545745849609e+00 2.625236809253692072e-01 0.000000000000000000e+00 0.000000000000000000e+00 0.000000000000000000e+00 1.000000000000000000e+00
1.716364005462155104e+09 6.208338737487792969e+00 2.125243425369262695e+00 2.625623643398284912e-01 0.000000000000000000e+00 0.000000000000000000e+00 0.000000000000000000e+00 1.000000000000000000e+00
1.716364005512320518e+09 6.208524227142333984e+00 2.124717235565185103e+00 2.625905871391295832e-01 0.000000000000000000e+00 0.000000000000000000e+00 0.000000000000000000e+00 1.000000000000000000e+00
1.716364005612876177e+09 6.207510948181152344e+00 2.124592065811156782e+00 2.626860439777374268e-01 0.000000000000000000e+00 0.000000000000000000e+00 0.000000000000000000e+00 1.000000000000000000e+00
1.716364005713321209e+09 6.208367347717285156e+00 2.125191926956176758e+00 2.626172602176666260e-01 0.000000000000000000e+00 0.000000000000000000e+00 0.000000000000000000e+00 1.000000000000000000e+00
1.716364005763592482e+09 6.208245277404785156e+00 2.125574588775634766e+00 2.626646757125853937e-01 0.000000000000000000e+00 0.000000000000000000e+00 0.000000000000000000e+00 1.000000000000000000e+00
1.716364005813673019e+09 6.207003116607666016e+00 2.125988721847534180e+00 2.625343799591063898e-01 0.000000000000000000e+00 0.000000000000000000e+00 0.000000000000000000e+00 1.000000000000000000e+00
1.716364005863803387e+09 6.207281589508056641e+00 2.125196695327758789e+00 2.625722289085388184e-01 0.000000000000000000e+00 0.000000000000000000e+00 0.000000000000000000e+00 1.000000000000000000e+00
1.716364005913956165e+09 6.208715915679931641e+00 2.124202728271484375e+00 2.626706659793853760e-01 0.000000000000000000e+00 0.000000000000000000e+00 0.000000000000000000e+00 1.000000000000000000e+00
1.716364005964337349e+09 6.208942413330078125e+00 2.123589992523193359e+00 2.627569437026976984e-01 0.000000000000000000e+00 0.000000000000000000e+00 0.000000000000000000e+00 1.000000000000000000e+00
1.716364006014432669e+09 6.208805084228515625e+00 2.123943567276000977e+00 2.626720666885375977e-01 0.000000000000000000e+00 0.000000000000000000e+00 0.000000000000000000e+00 1.000000000000000000e+00
1.716364006064940453e+09 6.207354545593261719e+00 2.125011682510375977e+00 2.626198828220366877e-01 0.000000000000000000e+00 0.000000000000000000e+00 0.000000000000000000e+00 1.000000000000000000e+00
1.716364006114990473e+09 6.207940101623535156e+00 2.126348257064819780e+00 2.624587714672088068e-01 0.000000000000000000e+00 0.000000000000000000e+00 0.000000000000000000e+00 1.000000000000000000e+00
1.716364006165166140e+09 6.207816123962402344e+00 2.126787900924682617e+00 2.625950872898101807e-01 0.000000000000000000e+00 0.000000000000000000e+00 0.000000000000000000e+00 1.000000000000000000e+00
1.716364006215176344e+09 6.208050727844238281e+00 2.126090288162231445e+00 2.625718414783477783e-01 0.000000000000000000e+00 0.000000000000000000e+00 0.000000000000000000e+00 1.000000000000000000e+00
1.716364006265443087e+09 6.208369731903076172e+00 2.125113248825072798e+00 2.624921500682830811e-01 0.000000000000000000e+00 0.000000000000000000e+00 0.000000000000000000e+00 1.000000000000000000e+00
1.716364006315468073e+09 6.207704544067382812e+00 2.124000787734985352e+00 2.626413106918334961e-01 0.000000000000000000e+00 0.000000000000000000e+00 0.000000000000000000e+00 1.000000000000000000e+00
1.716364006416331768e+09 6.208528041839599609e+00 2.124727487564086914e+00 2.626283466815947931e-01 0.000000000000000000e+00 0.000000000000000000e+00 0.000000000000000000e+00 1.000000000000000000e+00
1.716364006466218948e+09 6.208230495452880859e+00 2.125571489334106445e+00 2.625820338726043146e-01 0.000000000000000000e+00 0.000000000000000000e+00 0.000000000000000000e+00 1.000000000000000000e+00
1.716364006516492844e+09 6.208044528961181641e+00 2.126052379608154297e+00 2.624745070934295099e-01 0.000000000000000000e+00 0.000000000000000000e+00 0.000000000000000000e+00 1.000000000000000000e+00
1.716364006616765499e+09 6.208139896392822266e+00 2.125784873962402344e+00 2.624943256378173828e-01 0.000000000000000000e+00 0.000000000000000000e+00 0.000000000000000000e+00 1.000000000000000000e+00
1.716364006667142630e+09 6.208584785461425781e+00 2.124549388885498047e+00 2.626051008701323908e-01 0.000000000000000000e+00 0.000000000000000000e+00 0.000000000000000000e+00 1.000000000000000000e+00
1.716364006717428446e+09 6.208493232727050781e+00 2.124771833419799805e+00 2.625261843204497736e-01 0.000000000000000000e+00 0.000000000000000000e+00 0.000000000000000000e+00 1.000000000000000000e+00
1.716364006767813206e+09 6.207336902618408203e+00 2.125084161758422852e+00 2.626572549343109131e-01 0.000000000000000000e+00 0.000000000000000000e+00 0.000000000000000000e+00 1.000000000000000000e+00
1.716364006817829847e+09 6.208076000213623047e+00 2.125964164733886719e+00 2.624812722206115723e-01 0.000000000000000000e+00 0.000000000000000000e+00 0.000000000000000000e+00 1.000000000000000000e+00
1.716364006868003607e+09 6.208065986633300781e+00 2.126020431518554688e+00 2.625271379947661798e-01 0.000000000000000000e+00 0.000000000000000000e+00 0.000000000000000000e+00 1.000000000000000000e+00
1.716364006918060303e+09 6.208258628845214844e+00 2.125443458557128906e+00 2.625021040439605158e-01 0.000000000000000000e+00 0.000000000000000000e+00 0.000000000000000000e+00 1.000000000000000000e+00
1.716364006968422174e+09 6.208432674407958984e+00 2.124947309494018555e+00 2.625235021114348810e-01 0.000000000000000000e+00 0.000000000000000000e+00 0.000000000000000000e+00 1.000000000000000000e+00
1.716364007018640280e+09 6.207567214965820312e+00 2.124442577362060547e+00 2.627128362655639093e-01 0.000000000000000000e+00 0.000000000000000000e+00 0.000000000000000000e+00 1.000000000000000000e+00
1.716364007068902493e+09 6.208415985107421875e+00 2.124983787536621094e+00 2.625030279159545898e-01 0.000000000000000000e+00 0.000000000000000000e+00 0.000000000000000000e+00 1.000000000000000000e+00
1.716364007119003296e+09 6.208250522613525391e+00 2.125462532043457031e+00 2.624951303005217951e-01 0.000000000000000000e+00 0.000000000000000000e+00 0.000000000000000000e+00 1.000000000000000000e+00
1.716364007219364643e+09 6.208150386810302734e+00 2.125753641128540039e+00 2.624932825565338135e-01 0.000000000000000000e+00 0.000000000000000000e+00 0.000000000000000000e+00 1.000000000000000000e+00
1.716364007320581436e+09 6.208280563354492188e+00 2.125375986099243164e+00 2.624956965446472168e-01 0.000000000000000000e+00 0.000000000000000000e+00 0.000000000000000000e+00 1.000000000000000000e+00
1.716364007370166540e+09 6.207515716552734375e+00 2.124575138092041016e+00 2.626816034317016046e-01 0.000000000000000000e+00 0.000000000000000000e+00 0.000000000000000000e+00 1.000000000000000000e+00
1.716364007420208454e+09 6.208399295806884766e+00 2.125038623809814453e+00 2.625145614147185724e-01 0.000000000000000000e+00 0.000000000000000000e+00 0.000000000000000000e+00 1.000000000000000000e+00
1.716364007521007776e+09 6.208230972290039062e+00 2.125525951385498047e+00 2.625060677528380793e-01 0.000000000000000000e+00 0.000000000000000000e+00 0.000000000000000000e+00 1.000000000000000000e+00
1.716364007571191788e+09 6.208208560943604404e+00 2.125575304031372070e+00 2.624765634536743164e-01 0.000000000000000000e+00 0.000000000000000000e+00 0.000000000000000000e+00 1.000000000000000000e+00
1.716364007621293068e+09 6.208386898040772373e+00 2.125085353851318359e+00 2.625311315059661865e-01 0.000000000000000000e+00 0.000000000000000000e+00 0.000000000000000000e+00 1.000000000000000000e+00
1.716364007671641350e+09 6.208477020263671875e+00 2.124833106994628906e+00 2.625511288642882746e-01 0.000000000000000000e+00 0.000000000000000000e+00 0.000000000000000000e+00 1.000000000000000000e+00
1.716364007722014904e+09 6.208453655242919922e+00 2.124896764755249023e+00 2.625432014465332031e-01 0.000000000000000000e+00 0.000000000000000000e+00 0.000000000000000000e+00 1.000000000000000000e+00
1.716364007772095203e+09 6.208333969116210938e+00 2.125225305557250977e+00 2.625070214271544855e-01 0.000000000000000000e+00 0.000000000000000000e+00 0.000000000000000000e+00 1.000000000000000000e+00
1.716364007872945070e+09 6.208171844482421875e+00 2.125707387924194336e+00 2.625226080417633057e-01 0.000000000000000000e+00 0.000000000000000000e+00 0.000000000000000000e+00 1.000000000000000000e+00
1.716364007922590017e+09 6.208266735076904297e+00 2.125432252883911133e+00 2.625251412391662043e-01 0.000000000000000000e+00 0.000000000000000000e+00 0.000000000000000000e+00 1.000000000000000000e+00
1.716364007972729921e+09 6.207452774047851562e+00 2.124772071838378906e+00 2.627024054527282160e-01 0.000000000000000000e+00 0.000000000000000000e+00 0.000000000000000000e+00 1.000000000000000000e+00
1.716364008023057461e+09 6.207546710968017578e+00 2.124531507492064986e+00 2.627636492252349854e-01 0.000000000000000000e+00 0.000000000000000000e+00 0.000000000000000000e+00 1.000000000000000000e+00
1.716364008073259592e+09 6.208427906036376953e+00 2.124975204467772993e+00 2.625497579574584961e-01 0.000000000000000000e+00 0.000000000000000000e+00 0.000000000000000000e+00 1.000000000000000000e+00
1.716364008123441219e+09 6.208313941955566406e+00 2.125311613082885742e+00 2.625558972358703058e-01 0.000000000000000000e+00 0.000000000000000000e+00 0.000000000000000000e+00 1.000000000000000000e+00
1.716364008173543215e+09 6.208206653594970703e+00 2.125595092773437056e+00 2.625018954277038019e-01 0.000000000000000000e+00 0.000000000000000000e+00 0.000000000000000000e+00 1.000000000000000000e+00
1.716364008223649979e+09 6.208216190338134766e+00 2.125572919845581055e+00 2.625125348567962091e-01 0.000000000000000000e+00 0.000000000000000000e+00 0.000000000000000000e+00 1.000000000000000000e+00
1.716364008274003506e+09 6.208328723907470703e+00 2.125256299972534180e+00 2.625344395637512207e-01 0.000000000000000000e+00 0.000000000000000000e+00 0.000000000000000000e+00 1.000000000000000000e+00
1.716364008324163914e+09 6.208437442779541016e+00 2.124955415725708008e+00 2.625618875026702881e-01 0.000000000000000000e+00 0.000000000000000000e+00 0.000000000000000000e+00 1.000000000000000000e+00
1.716364008424582005e+09 6.208380222320556641e+00 2.125102043151855469e+00 2.625279128551483154e-01 0.000000000000000000e+00 0.000000000000000000e+00 0.000000000000000000e+00 1.000000000000000000e+00
1.716364008474902153e+09 6.208281040191650391e+00 2.125391483306884766e+00 2.625266313552855890e-01 0.000000000000000000e+00 0.000000000000000000e+00 0.000000000000000000e+00 1.000000000000000000e+00
1.716364008525087118e+09 6.208234786987304688e+00 2.125529527664185014e+00 2.625328302383422852e-01 0.000000000000000000e+00 0.000000000000000000e+00 0.000000000000000000e+00 1.000000000000000000e+00
1.716364008625397205e+09 6.208365917205810547e+00 2.125146389007568359e+00 2.625322341918944757e-01 0.000000000000000000e+00 0.000000000000000000e+00 0.000000000000000000e+00 1.000000000000000000e+00
1.716364008675847769e+09 6.208427906036376953e+00 2.124983310699462891e+00 2.625633180141448975e-01 0.000000000000000000e+00 0.000000000000000000e+00 0.000000000000000000e+00 1.000000000000000000e+00
1.716364008725878239e+09 6.208426952362060547e+00 2.124986410140991211e+00 2.625630795955657959e-01 0.000000000000000000e+00 0.000000000000000000e+00 0.000000000000000000e+00 1.000000000000000000e+00
1.716364008826235056e+09 6.208343505859375000e+00 2.125224351882934570e+00 2.625527083873748779e-01 0.000000000000000000e+00 0.000000000000000000e+00 0.000000000000000000e+00 1.000000000000000000e+00
1.716364008876461744e+09 6.208233356475830078e+00 2.125509262084960938e+00 2.624885737895965021e-01 0.000000000000000000e+00 0.000000000000000000e+00 0.000000000000000000e+00 1.000000000000000000e+00
1.716364008926530600e+09 6.208303451538085938e+00 2.125322818756103516e+00 2.625204920768737793e-01 0.000000000000000000e+00 0.000000000000000000e+00 0.000000000000000000e+00 1.000000000000000000e+00
1.716364008976682425e+09 6.208394050598144531e+00 2.125069141387939453e+00 2.625402808189392090e-01 0.000000000000000000e+00 0.000000000000000000e+00 0.000000000000000000e+00 1.000000000000000000e+00
1.716364009077291965e+09 6.208383083343505859e+00 2.125091552734375000e+00 2.625239491462706964e-01 0.000000000000000000e+00 0.000000000000000000e+00 0.000000000000000000e+00 1.000000000000000000e+00
1.716364009127596855e+09 6.208315849304199219e+00 2.125287055969238281e+00 2.625208795070648193e-01 0.000000000000000000e+00 0.000000000000000000e+00 0.000000000000000000e+00 1.000000000000000000e+00
1.716364009177584410e+09 6.208261966705322266e+00 2.125442266464233398e+00 2.625183463096618097e-01 0.000000000000000000e+00 0.000000000000000000e+00 0.000000000000000000e+00 1.000000000000000000e+00
1.716364009227923155e+09 6.208273410797119141e+00 2.125408887863159180e+00 2.625181674957274836e-01 0.000000000000000000e+00 0.000000000000000000e+00 0.000000000000000000e+00 1.000000000000000000e+00
1.716364009328635931e+09 6.208345413208007812e+00 2.125181674957275391e+00 2.624889612197875977e-01 0.000000000000000000e+00 0.000000000000000000e+00 0.000000000000000000e+00 1.000000000000000000e+00
1.716364009378171921e+09 6.208416938781738281e+00 2.125009059906005859e+00 2.625531554222106934e-01 0.000000000000000000e+00 0.000000000000000000e+00 0.000000000000000000e+00 1.000000000000000000e+00
1.716364009428222895e+09 6.208359718322753906e+00 2.125166416168212891e+00 2.625353932380676270e-01 0.000000000000000000e+00 0.000000000000000000e+00 0.000000000000000000e+00 1.000000000000000000e+00
1.716364009528511047e+09 6.208291053771972656e+00 2.125379562377929688e+00 2.625561952590941828e-01 0.000000000000000000e+00 0.000000000000000000e+00 0.000000000000000000e+00 1.000000000000000000e+00
1.716364009578685045e+09 6.208317279815673828e+00 2.125302791595458984e+00 2.625555992126464844e-01 0.000000000000000000e+00 0.000000000000000000e+00 0.000000000000000000e+00 1.000000000000000000e+00
1.716364009628877163e+09 6.208389282226562500e+00 2.125093698501586914e+00 2.625589668750762939e-01 0.000000000000000000e+00 0.000000000000000000e+00 0.000000000000000000e+00 1.000000000000000000e+00
1.716364009729326248e+09 6.208408832550048828e+00 2.125018835067749023e+00 2.625278532505034845e-01 0.000000000000000000e+00 0.000000000000000000e+00 0.000000000000000000e+00 1.000000000000000000e+00
1.716364009779796124e+09 6.208336353302001953e+00 2.125225067138671875e+00 2.625173032283782959e-01 0.000000000000000000e+00 0.000000000000000000e+00 0.000000000000000000e+00 1.000000000000000000e+00
1.716364009829860687e+09 6.208291053771972656e+00 2.125356674194335938e+00 2.625157833099365234e-01 0.000000000000000000e+00 0.000000000000000000e+00 0.000000000000000000e+00 1.000000000000000000e+00
1.716364009880244017e+09 6.208292961120605469e+00 2.125349998474121094e+00 2.625158429145812988e-01 0.000000000000000000e+00 0.000000000000000000e+00 0.000000000000000000e+00 1.000000000000000000e+00
1.716364009980484247e+09 6.208384513854980469e+00 2.125079154968261719e+00 2.625088095664978027e-01 0.000000000000000000e+00 0.000000000000000000e+00 0.000000000000000000e+00 1.000000000000000000e+00
1.716364010080802679e+09 6.208353996276856357e+00 2.125174045562744141e+00 2.625190019607543945e-01 0.000000000000000000e+00 0.000000000000000000e+00 0.000000000000000000e+00 1.000000000000000000e+00
1.716364010130995512e+09 6.208296298980712891e+00 2.125320911407470703e+00 2.624802887439727783e-01 0.000000000000000000e+00 0.000000000000000000e+00 0.000000000000000000e+00 1.000000000000000000e+00
1.716364010181255817e+09 6.208279132843017578e+00 2.125374555587768999e+00 2.624881863594055176e-01 0.000000000000000000e+00 0.000000000000000000e+00 0.000000000000000000e+00 1.000000000000000000e+00
1.716364010231637955e+09 6.208314895629882812e+00 2.125277757644653320e+00 2.625008225440979004e-01 0.000000000000000000e+00 0.000000000000000000e+00 0.000000000000000000e+00 1.000000000000000000e+00
1.716364010282046795e+09 6.208361148834228516e+00 2.125155448913574219e+00 2.625229954719542902e-01 0.000000000000000000e+00 0.000000000000000000e+00 0.000000000000000000e+00 1.000000000000000000e+00
1.716364010332375050e+09 6.208412647247314453e+00 2.125021696090698242e+00 2.625511288642882746e-01 0.000000000000000000e+00 0.000000000000000000e+00 0.000000000000000000e+00 1.000000000000000000e+00
1.716364010382392883e+09 6.208393573760986328e+00 2.125077009201049805e+00 2.625514566898345947e-01 0.000000000000000000e+00 0.000000000000000000e+00 0.000000000000000000e+00 1.000000000000000000e+00
1.716364010433337688e+09 6.208347797393798828e+00 2.125208854675292969e+00 2.625489532947539728e-01 0.000000000000000000e+00 0.000000000000000000e+00 0.000000000000000000e+00 1.000000000000000000e+00
1.716364010482766867e+09 6.208313465118408203e+00 2.125309467315673828e+00 2.625484168529509943e-01 0.000000000000000000e+00 0.000000000000000000e+00 0.000000000000000000e+00 1.000000000000000000e+00
1.716364010533015728e+09 6.208309650421142578e+00 2.125303983688354492e+00 2.625191211700438898e-01 0.000000000000000000e+00 0.000000000000000000e+00 0.000000000000000000e+00 1.000000000000000000e+00
1.716364010688058376e+09 6.208388805389404297e+00 2.125086545944213867e+00 2.625432312488555908e-01 0.000000000000000000e+00 0.000000000000000000e+00 0.000000000000000000e+00 1.000000000000000000e+00
1.716364010733657122e+09 6.208358287811279297e+00 2.125163316726685014e+00 2.625217139720916748e-01 0.000000000000000000e+00 0.000000000000000000e+00 0.000000000000000000e+00 1.000000000000000000e+00
1.716364010784008503e+09 6.208325386047363281e+00 2.125259637832641602e+00 2.625234723091124933e-01 0.000000000000000000e+00 0.000000000000000000e+00 0.000000000000000000e+00 1.000000000000000000e+00
1.716364010834112883e+09 6.208310127258300781e+00 2.125317335128784180e+00 2.625461518764495850e-01 0.000000000000000000e+00 0.000000000000000000e+00 0.000000000000000000e+00 1.000000000000000000e+00
1.716364010884397984e+09 6.208317279815673828e+00 2.125283956527709961e+00 2.625231444835662842e-01 0.000000000000000000e+00 0.000000000000000000e+00 0.000000000000000000e+00 1.000000000000000000e+00
1.716364010934529781e+09 6.208337783813476562e+00 2.125224113464355469e+00 2.625230550765991211e-01 0.000000000000000000e+00 0.000000000000000000e+00 0.000000000000000000e+00 1.000000000000000000e+00
1.716364010984856129e+09 6.208369731903076172e+00 2.125130653381348100e+00 2.625240087509155273e-01 0.000000000000000000e+00 0.000000000000000000e+00 0.000000000000000000e+00 1.000000000000000000e+00
1.716364011087091208e+09 6.208349227905273438e+00 2.125198364257812500e+00 2.625366151332855225e-01 0.000000000000000000e+00 0.000000000000000000e+00 0.000000000000000000e+00 1.000000000000000000e+00
1.716364011135844707e+09 6.208319664001464844e+00 2.125295162200928178e+00 2.625545561313629150e-01 0.000000000000000000e+00 0.000000000000000000e+00 0.000000000000000000e+00 1.000000000000000000e+00
1.716364011186096191e+09 6.208301067352294922e+00 2.125349998474121094e+00 2.625552117824553888e-01 0.000000000000000000e+00 0.000000000000000000e+00 0.000000000000000000e+00 1.000000000000000000e+00
1.716364011236341476e+09 6.208321094512940341e+00 2.125290632247924805e+00 2.625546157360076904e-01 0.000000000000000000e+00 0.000000000000000000e+00 0.000000000000000000e+00 1.000000000000000000e+00
1.716364011286557674e+09 6.208368778228759766e+00 2.125164031982421875e+00 2.625758647918701172e-01 0.000000000000000000e+00 0.000000000000000000e+00 0.000000000000000000e+00 1.000000000000000000e+00
1.716364011336766243e+09 6.208386421203613281e+00 2.125111341476440430e+00 2.625755965709685724e-01 0.000000000000000000e+00 0.000000000000000000e+00 0.000000000000000000e+00 1.000000000000000000e+00
1.716364011386938095e+09 6.208359718322753906e+00 2.125164031982421875e+00 2.625301778316497803e-01 0.000000000000000000e+00 0.000000000000000000e+00 0.000000000000000000e+00 1.000000000000000000e+00
1.716364011437440395e+09 6.208323478698730469e+00 2.125261068344116211e+00 2.625152468681334894e-01 0.000000000000000000e+00 0.000000000000000000e+00 0.000000000000000000e+00 1.000000000000000000e+00
1.716364011537656784e+09 6.208302974700927734e+00 2.125319719314575195e+00 2.625138163566588800e-01 0.000000000000000000e+00 0.000000000000000000e+00 0.000000000000000000e+00 1.000000000000000000e+00
1.716364011588058472e+09 6.208335876464843750e+00 2.125224351882934570e+00 2.625132799148559015e-01 0.000000000000000000e+00 0.000000000000000000e+00 0.000000000000000000e+00 1.000000000000000000e+00
1.716364011638128281e+09 6.208356857299804688e+00 2.125175714492797852e+00 2.625368237495421808e-01 0.000000000000000000e+00 0.000000000000000000e+00 0.000000000000000000e+00 1.000000000000000000e+00
1.716364011738554478e+09 6.208333015441895419e+00 2.125232458114624023e+00 2.625133097171782892e-01 0.000000000000000000e+00 0.000000000000000000e+00 0.000000000000000000e+00 1.000000000000000000e+00
1.716364011788752317e+09 6.208321571350097656e+00 2.125278949737548828e+00 2.625362277030944824e-01 0.000000000000000000e+00 0.000000000000000000e+00 0.000000000000000000e+00 1.000000000000000000e+00
1.716364011839036226e+09 6.208325862884521484e+00 2.125270843505859819e+00 2.625440061092376154e-01 0.000000000000000000e+00 0.000000000000000000e+00 0.000000000000000000e+00 1.000000000000000000e+00
1.716364011939409733e+09 6.208358287811279297e+00 2.125173807144165039e+00 2.625393867492675781e-01 0.000000000000000000e+00 0.000000000000000000e+00 0.000000000000000000e+00 1.000000000000000000e+00
1.716364011989953995e+09 6.208367824554443359e+00 2.125148773193359819e+00 2.625460624694824219e-01 0.000000000000000000e+00 0.000000000000000000e+00 0.000000000000000000e+00 1.000000000000000000e+00
1.716364012039829493e+09 6.208343505859375000e+00 2.125201702117919922e+00 2.625144124031066895e-01 0.000000000000000000e+00 0.000000000000000000e+00 0.000000000000000000e+00 1.000000000000000000e+00
1.716364012090059519e+09 6.208325862884521484e+00 2.125263929367064986e+00 2.625325918197631836e-01 0.000000000000000000e+00 0.000000000000000000e+00 0.000000000000000000e+00 1.000000000000000000e+00
1.716364012190725088e+09 6.208320140838623047e+00 2.125287771224976030e+00 2.625437080860137939e-01 0.000000000000000000e+00 0.000000000000000000e+00 0.000000000000000000e+00 1.000000000000000000e+00
1.716364012240880013e+09 6.208343505859375000e+00 2.125209569931030273e+00 2.625280022621154785e-01 0.000000000000000000e+00 0.000000000000000000e+00 0.000000000000000000e+00 1.000000000000000000e+00
1.716364012291053057e+09 6.208358287811279297e+00 2.125167369842529297e+00 2.625287473201751154e-01 0.000000000000000000e+00 0.000000000000000000e+00 0.000000000000000000e+00 1.000000000000000000e+00
1.716364012341162443e+09 6.208347320556640625e+00 2.125195980072021040e+00 2.625222802162169855e-01 0.000000000000000000e+00 0.000000000000000000e+00 0.000000000000000000e+00 1.000000000000000000e+00
1.716364012441582680e+09 6.208345890045166016e+00 2.125216245651245117e+00 2.625516057014464777e-01 0.000000000000000000e+00 0.000000000000000000e+00 0.000000000000000000e+00 1.000000000000000000e+00
1.716364012491877317e+09 6.208331584930419922e+00 2.125259399414062500e+00 2.625529766082763117e-01 0.000000000000000000e+00 0.000000000000000000e+00 0.000000000000000000e+00 1.000000000000000000e+00
1.716364012542120934e+09 6.208345890045166016e+00 2.125212430953979492e+00 2.625457346439361017e-01 0.000000000000000000e+00 0.000000000000000000e+00 0.000000000000000000e+00 1.000000000000000000e+00
1.716364012642483473e+09 6.208353042602539062e+00 2.125182867050170898e+00 2.625293135643004816e-01 0.000000000000000000e+00 0.000000000000000000e+00 0.000000000000000000e+00 1.000000000000000000e+00
1.716364012743041039e+09 6.208337783813476562e+00 2.125233650207519531e+00 2.625396847724913996e-01 0.000000000000000000e+00 0.000000000000000000e+00 0.000000000000000000e+00 1.000000000000000000e+00
1.716364012793090582e+09 6.208325386047363281e+00 2.125256538391113281e+00 2.625169157981872003e-01 0.000000000000000000e+00 0.000000000000000000e+00 0.000000000000000000e+00 1.000000000000000000e+00
1.716364012843279600e+09 6.208331108093261719e+00 2.125240802764892578e+00 2.625174820423126221e-01 0.000000000000000000e+00 0.000000000000000000e+00 0.000000000000000000e+00 1.000000000000000000e+00
1.716364012893434048e+09 6.208349227905273438e+00 2.125186681747436523e+00 2.625166773796080988e-01 0.000000000000000000e+00 0.000000000000000000e+00 0.000000000000000000e+00 1.000000000000000000e+00
1.716364012943736315e+09 6.208364486694335938e+00 2.125142335891724077e+00 2.625172138214110773e-01 0.000000000000000000e+00 0.000000000000000000e+00 0.000000000000000000e+00 1.000000000000000000e+00
1.716364013044183731e+09 6.208251476287841797e+00 2.125318527221680132e+00 2.622483968734741211e-01 0.000000000000000000e+00 0.000000000000000000e+00 0.000000000000000000e+00 1.000000000000000000e+00
1.716364013094480276e+09 6.208089351654052734e+00 2.125688791275024414e+00 2.620683014392852783e-01 0.000000000000000000e+00 0.000000000000000000e+00 0.000000000000000000e+00 1.000000000000000000e+00
1.716364013144638538e+09 6.207924842834472656e+00 2.126044511795043945e+00 2.618496716022490900e-01 0.000000000000000000e+00 0.000000000000000000e+00 0.000000000000000000e+00 1.000000000000000000e+00
1.716364013245133400e+09 6.207844257354736328e+00 2.126224279403686523e+00 2.617539763450622003e-01 0.000000000000000000e+00 0.000000000000000000e+00 0.000000000000000000e+00 1.000000000000000000e+00
1.716364013295227289e+09 6.208014488220214844e+00 2.125783920288085938e+00 2.618516087532042902e-01 0.000000000000000000e+00 0.000000000000000000e+00 0.000000000000000000e+00 1.000000000000000000e+00
1.716364013345510721e+09 6.208301544189453125e+00 2.125001907348632812e+00 2.619518637657164972e-01 0.000000000000000000e+00 0.000000000000000000e+00 0.000000000000000000e+00 1.000000000000000000e+00
1.716364013395592213e+09 6.208528041839599609e+00 2.124299287796020508e+00 2.618797421455382746e-01 0.000000000000000000e+00 0.000000000000000000e+00 0.000000000000000000e+00 1.000000000000000000e+00
1.716364013445810795e+09 6.208351135253906250e+00 2.124737262725830078e+00 2.617428302764892023e-01 0.000000000000000000e+00 0.000000000000000000e+00 0.000000000000000000e+00 1.000000000000000000e+00
1.716364013546275377e+09 6.208058357238769531e+00 2.125589847564697266e+00 2.617361843585968018e-01 0.000000000000000000e+00 0.000000000000000000e+00 0.000000000000000000e+00 1.000000000000000000e+00
1.716364013596383333e+09 6.207920551300048828e+00 2.125840902328491211e+00 2.614724636077880859e-01 0.000000000000000000e+00 0.000000000000000000e+00 0.000000000000000000e+00 1.000000000000000000e+00
1.716364013748268604e+09 6.208354473114013672e+00 2.124522924423217773e+00 2.613851428031920832e-01 0.000000000000000000e+00 0.000000000000000000e+00 0.000000000000000000e+00 1.000000000000000000e+00
1.716364013797702551e+09 6.208174228668212891e+00 2.124993801116943803e+00 2.612872123718261164e-01 0.000000000000000000e+00 0.000000000000000000e+00 0.000000000000000000e+00 1.000000000000000000e+00
1.716364013958302975e+09 6.207953453063964844e+00 2.125598430633544922e+00 2.612169384956359863e-01 0.000000000000000000e+00 0.000000000000000000e+00 0.000000000000000000e+00 1.000000000000000000e+00
1.716364013998574734e+09 6.208284378051757812e+00 2.124685287475585938e+00 2.613103389739990234e-01 0.000000000000000000e+00 0.000000000000000000e+00 0.000000000000000000e+00 1.000000000000000000e+00
1.716364014099044800e+09 6.208420276641845703e+00 2.124267101287841797e+00 2.612741589546203058e-01 0.000000000000000000e+00 0.000000000000000000e+00 0.000000000000000000e+00 1.000000000000000000e+00
1.716364014149308681e+09 6.208341121673583984e+00 2.124391794204711914e+00 2.610882520675659180e-01 0.000000000000000000e+00 0.000000000000000000e+00 0.000000000000000000e+00 1.000000000000000000e+00
1.716364014199614525e+09 6.208189487457275391e+00 2.124874591827392578e+00 2.611592113971710205e-01 0.000000000000000000e+00 0.000000000000000000e+00 0.000000000000000000e+00 1.000000000000000000e+00
1.716364014300219536e+09 6.208007335662841797e+00 2.125286817550659180e+00 2.609484791755676270e-01 0.000000000000000000e+00 0.000000000000000000e+00 0.000000000000000000e+00 1.000000000000000000e+00
1.716364014350396156e+09 6.208076953887940341e+00 2.125026464462280273e+00 2.608496248722075861e-01 0.000000000000000000e+00 0.000000000000000000e+00 0.000000000000000000e+00 1.000000000000000000e+00
1.716364014400484085e+09 6.208147048950195312e+00 2.124832630157470703e+00 2.608691751956939142e-01 0.000000000000000000e+00 0.000000000000000000e+00 0.000000000000000000e+00 1.000000000000000000e+00
1.716364014451035500e+09 6.208026409149169922e+00 2.125143051147460938e+00 2.607963979244232178e-01 0.000000000000000000e+00 0.000000000000000000e+00 0.000000000000000000e+00 1.000000000000000000e+00
1.716364014551642179e+09 6.207928657531738281e+00 2.125381469726562500e+00 2.607128620147705078e-01 0.000000000000000000e+00 0.000000000000000000e+00 0.000000000000000000e+00 1.000000000000000000e+00
1.716364014601766109e+09 6.207929611206054688e+00 2.125312566757202148e+00 2.605992853641510010e-01 0.000000000000000000e+00 0.000000000000000000e+00 0.000000000000000000e+00 1.000000000000000000e+00
1.716364014702317476e+09 6.207952499389648438e+00 2.125189542770385742e+00 2.605011761188507080e-01 0.000000000000000000e+00 0.000000000000000000e+00 0.000000000000000000e+00 1.000000000000000000e+00
1.716364014802726507e+09 6.207945346832275391e+00 2.125415325164794922e+00 2.608573734760283869e-01 0.000000000000000000e+00 0.000000000000000000e+00 0.000000000000000000e+00 1.000000000000000000e+00
1.716364014853061438e+09 6.208243370056152344e+00 2.125412940979003906e+00 2.623725831508635919e-01 0.000000000000000000e+00 0.000000000000000000e+00 0.000000000000000000e+00 1.000000000000000000e+00
1.716364014903173447e+09 6.207434654235839844e+00 2.124732255935668945e+00 2.625406980514525812e-01 0.000000000000000000e+00 0.000000000000000000e+00 0.000000000000000000e+00 1.000000000000000000e+00
1.716364015003842354e+09 6.207534790039063388e+00 2.124426126480102539e+00 2.625178396701812744e-01 0.000000000000000000e+00 0.000000000000000000e+00 0.000000000000000000e+00 1.000000000000000000e+00
1.716364015054059744e+09 6.208404541015625000e+00 2.124979734420776367e+00 2.624366283416748047e-01 0.000000000000000000e+00 0.000000000000000000e+00 0.000000000000000000e+00 1.000000000000000000e+00
1.716364015154474974e+09 6.207350730895996094e+00 2.125002861022949219e+00 2.625867426395416260e-01 0.000000000000000000e+00 0.000000000000000000e+00 0.000000000000000000e+00 1.000000000000000000e+00
1.716364015204590321e+09 6.208285331726074219e+00 2.125311374664306197e+00 2.624092996120452881e-01 0.000000000000000000e+00 0.000000000000000000e+00 0.000000000000000000e+00 1.000000000000000000e+00
1.716364015305095673e+09 6.208467483520507812e+00 2.124811172485352007e+00 2.624641954898834229e-01 0.000000000000000000e+00 0.000000000000000000e+00 0.000000000000000000e+00 1.000000000000000000e+00
1.716364015355323792e+09 6.207747459411621094e+00 2.123864173889160156e+00 2.626214027404785156e-01 0.000000000000000000e+00 0.000000000000000000e+00 0.000000000000000000e+00 1.000000000000000000e+00
1.716364015455949545e+09 6.208434581756591797e+00 2.124889373779296875e+00 2.624339461326599121e-01 0.000000000000000000e+00 0.000000000000000000e+00 0.000000000000000000e+00 1.000000000000000000e+00
1.716364015556599855e+09 6.208634853363037109e+00 2.124303579330444336e+00 2.624321281909942072e-01 0.000000000000000000e+00 0.000000000000000000e+00 0.000000000000000000e+00 1.000000000000000000e+00
1.716364015656724691e+09 6.208106994628906250e+00 2.122852325439453125e+00 2.626900076866149902e-01 0.000000000000000000e+00 0.000000000000000000e+00 0.000000000000000000e+00 1.000000000000000000e+00
1.716364015706882000e+09 6.208790302276611328e+00 2.123899459838867188e+00 2.625202536582946777e-01 0.000000000000000000e+00 0.000000000000000000e+00 0.000000000000000000e+00 1.000000000000000000e+00
1.716364015757167339e+09 6.208315849304199219e+00 2.125240564346313032e+00 2.624409794807434082e-01 0.000000000000000000e+00 0.000000000000000000e+00 0.000000000000000000e+00 1.000000000000000000e+00
1.716364015807567358e+09 6.207955360412597656e+00 2.126207590103149414e+00 2.622903287410736084e-01 0.000000000000000000e+00 0.000000000000000000e+00 0.000000000000000000e+00 1.000000000000000000e+00
1.716364015857583523e+09 6.207005977630615234e+00 2.125988721847534180e+00 2.625482678413391113e-01 0.000000000000000000e+00 0.000000000000000000e+00 0.000000000000000000e+00 1.000000000000000000e+00
1.716364015907880783e+09 6.208328723907470703e+00 2.125238418579101562e+00 2.625024616718292236e-01 0.000000000000000000e+00 0.000000000000000000e+00 0.000000000000000000e+00 1.000000000000000000e+00
1.716364015958005428e+09 6.208603858947753906e+00 2.124428749084472656e+00 2.624920010566710871e-01 0.000000000000000000e+00 0.000000000000000000e+00 0.000000000000000000e+00 1.000000000000000000e+00
1.716364016008010149e+09 6.208705425262451172e+00 2.124108791351318359e+00 2.624516189098358154e-01 0.000000000000000000e+00 0.000000000000000000e+00 0.000000000000000000e+00 1.000000000000000000e+00
1.716364016108567476e+09 6.208264827728272373e+00 2.125401735305786133e+00 2.624623477458953857e-01 0.000000000000000000e+00 0.000000000000000000e+00 0.000000000000000000e+00 1.000000000000000000e+00
1.716364016158721209e+09 6.208073616027832031e+00 2.125978231430053711e+00 2.624932527542114258e-01 0.000000000000000000e+00 0.000000000000000000e+00 0.000000000000000000e+00 1.000000000000000000e+00
1.716364016208861113e+09 6.208099842071533203e+00 2.125871419906616211e+00 2.624393105506896973e-01 0.000000000000000000e+00 0.000000000000000000e+00 0.000000000000000000e+00 1.000000000000000000e+00
1.716364016309901714e+09 6.207673549652099609e+00 2.124067783355712891e+00 2.625996768474578857e-01 0.000000000000000000e+00 0.000000000000000000e+00 0.000000000000000000e+00 1.000000000000000000e+00
1.716364016360123158e+09 6.208662986755371094e+00 2.124255418777465820e+00 2.624925673007965088e-01 0.000000000000000000e+00 0.000000000000000000e+00 0.000000000000000000e+00 1.000000000000000000e+00
1.716364016411876917e+09 6.208481788635253906e+00 2.124782800674438477e+00 2.624885141849517822e-01 0.000000000000000000e+00 0.000000000000000000e+00 0.000000000000000000e+00 1.000000000000000000e+00
1.716364016510936737e+09 6.207271575927734375e+00 2.125254869461060014e+00 2.626222372055053156e-01 0.000000000000000000e+00 0.000000000000000000e+00 0.000000000000000000e+00 1.000000000000000000e+00
1.716364016561094999e+09 6.208196640014648438e+00 2.125605821609497070e+00 2.624709010124205988e-01 0.000000000000000000e+00 0.000000000000000000e+00 0.000000000000000000e+00 1.000000000000000000e+00
1.716364016611091614e+09 6.208452701568604404e+00 2.124865770339965820e+00 2.624839246273040771e-01 0.000000000000000000e+00 0.000000000000000000e+00 0.000000000000000000e+00 1.000000000000000000e+00
1.716364016661486149e+09 6.208603858947753906e+00 2.124397039413452148e+00 2.624364793300628107e-01 0.000000000000000000e+00 0.000000000000000000e+00 0.000000000000000000e+00 1.000000000000000000e+00
1.716364016711618900e+09 6.207620143890380859e+00 2.124232053756713867e+00 2.626137137413024902e-01 0.000000000000000000e+00 0.000000000000000000e+00 0.000000000000000000e+00 1.000000000000000000e+00
1.716364016811847687e+09 6.208373546600341797e+00 2.125084638595581055e+00 2.624618709087371826e-01 0.000000000000000000e+00 0.000000000000000000e+00 0.000000000000000000e+00 1.000000000000000000e+00
1.716364016862130165e+09 6.208147048950195312e+00 2.125731706619262695e+00 2.624371945858001154e-01 0.000000000000000000e+00 0.000000000000000000e+00 0.000000000000000000e+00 1.000000000000000000e+00
1.716364016912373304e+09 6.207343101501464844e+00 2.125035524368286133e+00 2.626053094863891046e-01 0.000000000000000000e+00 0.000000000000000000e+00 0.000000000000000000e+00 1.000000000000000000e+00
1.716364017012733221e+09 6.207529544830322266e+00 2.124507427215576172e+00 2.626320123672484796e-01 0.000000000000000000e+00 0.000000000000000000e+00 0.000000000000000000e+00 1.000000000000000000e+00
1.716364017063102484e+09 6.208490848541259766e+00 2.124751806259155718e+00 2.624791264533996027e-01 0.000000000000000000e+00 0.000000000000000000e+00 0.000000000000000000e+00 1.000000000000000000e+00
1.716364017113228083e+09 6.208329677581787109e+00 2.125206470489501953e+00 2.624514997005462091e-01 0.000000000000000000e+00 0.000000000000000000e+00 0.000000000000000000e+00 1.000000000000000000e+00
1.716364017213921070e+09 6.208184719085693359e+00 2.125638008117675781e+00 2.624668180942534845e-01 0.000000000000000000e+00 0.000000000000000000e+00 0.000000000000000000e+00 1.000000000000000000e+00
1.716364017264394999e+09 6.208350181579589844e+00 2.125169992446899414e+00 2.624923586845397949e-01 0.000000000000000000e+00 0.000000000000000000e+00 0.000000000000000000e+00 1.000000000000000000e+00
1.716364017364692926e+09 6.208490848541259766e+00 2.124742746353149414e+00 2.624631822109221857e-01 0.000000000000000000e+00 0.000000000000000000e+00 0.000000000000000000e+00 1.000000000000000000e+00
1.716364017414967775e+09 6.208516120910644531e+00 2.124668836593627930e+00 2.624645531177520752e-01 0.000000000000000000e+00 0.000000000000000000e+00 0.000000000000000000e+00 1.000000000000000000e+00
1.716364017465295792e+09 6.208285808563232422e+00 2.125357866287231445e+00 2.624911665916442871e-01 0.000000000000000000e+00 0.000000000000000000e+00 0.000000000000000000e+00 1.000000000000000000e+00
1.716364017515236616e+09 6.208204269409179688e+00 2.125588655471801758e+00 2.624788582324981134e-01 0.000000000000000000e+00 0.000000000000000000e+00 0.000000000000000000e+00 1.000000000000000000e+00
1.716364017615978241e+09 6.208271980285644531e+00 2.125391960144042969e+00 2.624803781509398859e-01 0.000000000000000000e+00 0.000000000000000000e+00 0.000000000000000000e+00 1.000000000000000000e+00
1.716364017666358709e+09 6.208487987518311435e+00 2.124744892120361328e+00 2.624544799327849787e-01 0.000000000000000000e+00 0.000000000000000000e+00 0.000000000000000000e+00 1.000000000000000000e+00
1.716364017716481686e+09 6.207558631896972656e+00 2.124439716339111772e+00 2.626628279685974121e-01 0.000000000000000000e+00 0.000000000000000000e+00 0.000000000000000000e+00 1.000000000000000000e+00
1.716364017766786098e+09 6.208361148834228516e+00 2.125129461288452148e+00 2.624776363372802734e-01 0.000000000000000000e+00 0.000000000000000000e+00 0.000000000000000000e+00 1.000000000000000000e+00
1.716364017866914749e+09 6.208240509033203125e+00 2.125487089157104492e+00 2.624864280223845880e-01 0.000000000000000000e+00 0.000000000000000000e+00 0.000000000000000000e+00 1.000000000000000000e+00
1.716364017967698336e+09 6.208436965942382812e+00 2.124898910522460938e+00 2.624618709087371826e-01 0.000000000000000000e+00 0.000000000000000000e+00 0.000000000000000000e+00 1.000000000000000000e+00
1.716364018017976761e+09 6.207570075988769531e+00 2.124393701553344727e+00 2.626405656337738037e-01 0.000000000000000000e+00 0.000000000000000000e+00 0.000000000000000000e+00 1.000000000000000000e+00
1.716364018068259001e+09 6.208443641662597656e+00 2.124883413314819780e+00 2.624700367450714111e-01 0.000000000000000000e+00 0.000000000000000000e+00 0.000000000000000000e+00 1.000000000000000000e+00
1.716364018118371248e+09 6.208335399627685547e+00 2.125207424163818359e+00 2.624821066856384277e-01 0.000000000000000000e+00 0.000000000000000000e+00 0.000000000000000000e+00 1.000000000000000000e+00
1.716364018168723106e+09 6.208246231079101562e+00 2.125451087951660156e+00 2.624542117118834894e-01 0.000000000000000000e+00 0.000000000000000000e+00 0.000000000000000000e+00 1.000000000000000000e+00
1.716364018218844414e+09 6.208271026611328125e+00 2.125395774841308594e+00 2.624837160110473078e-01 0.000000000000000000e+00 0.000000000000000000e+00 0.000000000000000000e+00 1.000000000000000000e+00
1.716364018319145918e+09 6.208374977111816406e+00 2.125097751617432085e+00 2.624930739402770996e-01 0.000000000000000000e+00 0.000000000000000000e+00 0.000000000000000000e+00 1.000000000000000000e+00
1.716364018369652748e+09 6.208460330963134766e+00 2.124833106994628906e+00 2.624655961990355890e-01 0.000000000000000000e+00 0.000000000000000000e+00 0.000000000000000000e+00 1.000000000000000000e+00
1.716364018419604778e+09 6.207452297210693359e+00 2.124759197235107422e+00 2.626772820949553888e-01 0.000000000000000000e+00 0.000000000000000000e+00 0.000000000000000000e+00 1.000000000000000000e+00
1.716364018520000696e+09 6.207373619079589844e+00 2.124985456466674805e+00 2.626726031303405762e-01 0.000000000000000000e+00 0.000000000000000000e+00 0.000000000000000000e+00 1.000000000000000000e+00
1.716364018570587873e+09 6.208320140838623047e+00 2.125256299972534180e+00 2.624911665916442871e-01 0.000000000000000000e+00 0.000000000000000000e+00 0.000000000000000000e+00 1.000000000000000000e+00
1.716364018620820761e+09 6.208399295806884766e+00 2.125026464462280273e+00 2.624928355216979980e-01 0.000000000000000000e+00 0.000000000000000000e+00 0.000000000000000000e+00 1.000000000000000000e+00
1.716364018671427250e+09 6.208450317382812500e+00 2.124861955642700195e+00 2.624655067920684814e-01 0.000000000000000000e+00 0.000000000000000000e+00 0.000000000000000000e+00 1.000000000000000000e+00
1.716364018771147966e+09 6.207430362701416016e+00 2.124818563461304155e+00 2.626708149909973145e-01 0.000000000000000000e+00 0.000000000000000000e+00 0.000000000000000000e+00 1.000000000000000000e+00
1.716364018821564913e+09 6.208286762237548828e+00 2.125351428985596147e+00 2.624845802783966064e-01 0.000000000000000000e+00 0.000000000000000000e+00 0.000000000000000000e+00 1.000000000000000000e+00
1.716364018871539116e+09 6.208285808563232422e+00 2.125363111495972124e+00 2.625016272068023127e-01 0.000000000000000000e+00 0.000000000000000000e+00 0.000000000000000000e+00 1.000000000000000000e+00
1.716364018922304153e+09 6.208345413208007812e+00 2.125181198120117188e+00 2.624882757663726807e-01 0.000000000000000000e+00 0.000000000000000000e+00 0.000000000000000000e+00 1.000000000000000000e+00
1.716364019022530317e+09 6.208440303802490234e+00 2.124902486801147461e+00 2.624851465225219727e-01 0.000000000000000000e+00 0.000000000000000000e+00 0.000000000000000000e+00 1.000000000000000000e+00
1.716364019122956753e+09 6.208332538604736328e+00 2.125220060348510742e+00 2.624902129173278809e-01 0.000000000000000000e+00 0.000000000000000000e+00 0.000000000000000000e+00 1.000000000000000000e+00
1.716364019223381996e+09 6.208302021026611328e+00 2.125304460525512695e+00 2.624827027320861816e-01 0.000000000000000000e+00 0.000000000000000000e+00 0.000000000000000000e+00 1.000000000000000000e+00
1.716364019273865223e+09 6.208386898040772373e+00 2.125062942504882812e+00 2.624921500682830811e-01 0.000000000000000000e+00 0.000000000000000000e+00 0.000000000000000000e+00 1.000000000000000000e+00
1.716364019323805094e+09 6.208420276641845703e+00 2.124954938888549805e+00 2.624754607677459162e-01 0.000000000000000000e+00 0.000000000000000000e+00 0.000000000000000000e+00 1.000000000000000000e+00
1.716364019374032974e+09 6.208421230316162109e+00 2.124944210052490234e+00 2.624601125717163086e-01 0.000000000000000000e+00 0.000000000000000000e+00 0.000000000000000000e+00 1.000000000000000000e+00
1.716364019424022436e+09 6.207429885864257812e+00 2.124803781509399414e+00 2.626428008079528809e-01 0.000000000000000000e+00 0.000000000000000000e+00 0.000000000000000000e+00 1.000000000000000000e+00
1.716364019474275589e+09 6.208306789398193359e+00 2.125294923782348633e+00 2.624894976615905762e-01 0.000000000000000000e+00 0.000000000000000000e+00 0.000000000000000000e+00 1.000000000000000000e+00
1.716364019524301052e+09 6.208297252655029297e+00 2.125338315963745117e+00 2.625175118446350098e-01 0.000000000000000000e+00 0.000000000000000000e+00 0.000000000000000000e+00 1.000000000000000000e+00
1.716364019574475050e+09 6.208340644836425781e+00 2.125194787979125977e+00 2.624879777431488037e-01 0.000000000000000000e+00 0.000000000000000000e+00 0.000000000000000000e+00 1.000000000000000000e+00
1.716364019674760103e+09 6.207502841949462891e+00 2.124593019485473633e+00 2.626472413539885919e-01 0.000000000000000000e+00 0.000000000000000000e+00 0.000000000000000000e+00 1.000000000000000000e+00
1.716364019725217104e+09 6.208396434783936435e+00 2.125027179718017578e+00 2.624799013137816828e-01 0.000000000000000000e+00 0.000000000000000000e+00 0.000000000000000000e+00 1.000000000000000000e+00
1.716364019775056362e+09 6.208341598510742188e+00 2.125194787979125977e+00 2.624909877777099054e-01 0.000000000000000000e+00 0.000000000000000000e+00 0.000000000000000000e+00 1.000000000000000000e+00
1.716364019875267267e+09 6.208305358886718750e+00 2.125300884246826172e+00 2.624928653240203857e-01 0.000000000000000000e+00 0.000000000000000000e+00 0.000000000000000000e+00 1.000000000000000000e+00
1.716364019925564766e+09 6.208328723907470703e+00 2.125232934951782227e+00 2.624920308589934748e-01 0.000000000000000000e+00 0.000000000000000000e+00 0.000000000000000000e+00 1.000000000000000000e+00
1.716364019975836277e+09 6.208414077758789062e+00 2.124983072280883789e+00 2.624926269054412842e-01 0.000000000000000000e+00 0.000000000000000000e+00 0.000000000000000000e+00 1.000000000000000000e+00
1.716364020026223660e+09 6.208404064178466797e+00 2.124991655349731445e+00 2.624558508396148127e-01 0.000000000000000000e+00 0.000000000000000000e+00 0.000000000000000000e+00 1.000000000000000000e+00
1.716364020126383066e+09 6.208372116088867188e+00 2.125102281570434570e+00 2.624861598014830988e-01 0.000000000000000000e+00 0.000000000000000000e+00 0.000000000000000000e+00 1.000000000000000000e+00
1.716364020177019596e+09 6.207412719726562500e+00 2.124882936477661133e+00 2.626923024654387873e-01 0.000000000000000000e+00 0.000000000000000000e+00 0.000000000000000000e+00 1.000000000000000000e+00
1.716364020226929426e+09 6.208346843719482422e+00 2.125176191329956055e+00 2.624857127666472834e-01 0.000000000000000000e+00 0.000000000000000000e+00 0.000000000000000000e+00 1.000000000000000000e+00
1.716364020327301979e+09 6.208387851715087891e+00 2.125056266784667969e+00 2.624854743480681818e-01 0.000000000000000000e+00 0.000000000000000000e+00 0.000000000000000000e+00 1.000000000000000000e+00
1.716364020377483845e+09 6.207485675811767578e+00 2.124655246734619141e+00 2.626660764217376154e-01 0.000000000000000000e+00 0.000000000000000000e+00 0.000000000000000000e+00 1.000000000000000000e+00
1.716364020427752733e+09 6.208356857299804688e+00 2.125144720077514204e+00 2.624826431274414062e-01 0.000000000000000000e+00 0.000000000000000000e+00 0.000000000000000000e+00 1.000000000000000000e+00
1.716364020528363705e+09 6.208331584930419922e+00 2.125226020812988281e+00 2.624951303005217951e-01 0.000000000000000000e+00 0.000000000000000000e+00 0.000000000000000000e+00 1.000000000000000000e+00
1.716364020578967333e+09 6.208335876464843750e+00 2.125206708908081055e+00 2.624835669994354248e-01 0.000000000000000000e+00 0.000000000000000000e+00 0.000000000000000000e+00 1.000000000000000000e+00
1.716364020629056692e+09 6.208408355712890625e+00 2.124994993209838867e+00 2.624829709529876154e-01 0.000000000000000000e+00 0.000000000000000000e+00 0.000000000000000000e+00 1.000000000000000000e+00
1.716364020729745626e+09 6.208406925201416016e+00 2.125000000000000000e+00 2.624850869178771973e-01 0.000000000000000000e+00 0.000000000000000000e+00 0.000000000000000000e+00 1.000000000000000000e+00
1.716364020780114889e+09 6.208362102508544922e+00 2.125129461288452148e+00 2.624817192554473877e-01 0.000000000000000000e+00 0.000000000000000000e+00 0.000000000000000000e+00 1.000000000000000000e+00
1.716364020830665588e+09 6.208345413208007812e+00 2.125183582305908203e+00 2.624911367893218994e-01 0.000000000000000000e+00 0.000000000000000000e+00 0.000000000000000000e+00 1.000000000000000000e+00
1.716364020880981684e+09 6.208364009857177734e+00 2.125118017196655718e+00 2.624731063842772882e-01 0.000000000000000000e+00 0.000000000000000000e+00 0.000000000000000000e+00 1.000000000000000000e+00
1.716364020981420755e+09 6.208383083343505859e+00 2.125057697296142578e+00 2.624645829200744074e-01 0.000000000000000000e+00 0.000000000000000000e+00 0.000000000000000000e+00 1.000000000000000000e+00
1.716364021031577349e+09 6.208392143249511719e+00 2.125041723251342773e+00 2.624821364879608154e-01 0.000000000000000000e+00 0.000000000000000000e+00 0.000000000000000000e+00 1.000000000000000000e+00
1.716364021081849098e+09 6.208368778228759766e+00 2.125109910964965820e+00 2.624817788600921076e-01 0.000000000000000000e+00 0.000000000000000000e+00 0.000000000000000000e+00 1.000000000000000000e+00
1.716364021131970644e+09 6.208344459533691406e+00 2.125179767608642578e+00 2.624813318252562921e-01 0.000000000000000000e+00 0.000000000000000000e+00 0.000000000000000000e+00 1.000000000000000000e+00
1.716364021232258797e+09 6.207427978515625000e+00 2.124808311462402344e+00 2.626401782035827082e-01 0.000000000000000000e+00 0.000000000000000000e+00 0.000000000000000000e+00 1.000000000000000000e+00
1.716364021282524586e+09 6.208382606506347656e+00 2.125046491622924805e+00 2.624415755271911066e-01 0.000000000000000000e+00 0.000000000000000000e+00 0.000000000000000000e+00 1.000000000000000000e+00
1.716364021332861900e+09 6.208405494689941406e+00 2.125005483627319780e+00 2.624873220920562744e-01 0.000000000000000000e+00 0.000000000000000000e+00 0.000000000000000000e+00 1.000000000000000000e+00
1.716364021433334589e+09 6.208355426788330078e+00 2.125151395797729048e+00 2.624858021736145020e-01 0.000000000000000000e+00 0.000000000000000000e+00 0.000000000000000000e+00 1.000000000000000000e+00
1.716364021483968496e+09 6.208328247070312500e+00 2.125214576721191406e+00 2.624590694904326837e-01 0.000000000000000000e+00 0.000000000000000000e+00 0.000000000000000000e+00 1.000000000000000000e+00
1.716364021533751965e+09 6.208341598510742188e+00 2.125188112258911133e+00 2.624812126159667969e-01 0.000000000000000000e+00 0.000000000000000000e+00 0.000000000000000000e+00 1.000000000000000000e+00
1.716364021635048866e+09 6.208389759063720703e+00 2.125030517578125000e+00 2.624519765377044123e-01 0.000000000000000000e+00 0.000000000000000000e+00 0.000000000000000000e+00 1.000000000000000000e+00
1.716364021684472084e+09 6.207450866699218750e+00 2.124756097793579102e+00 2.626645267009735107e-01 0.000000000000000000e+00 0.000000000000000000e+00 0.000000000000000000e+00 1.000000000000000000e+00
1.716364021734568119e+09 6.208354473114013672e+00 2.125152111053466797e+00 2.624824047088623047e-01 0.000000000000000000e+00 0.000000000000000000e+00 0.000000000000000000e+00 1.000000000000000000e+00
1.716364021835173130e+09 6.208347320556640625e+00 2.125171899795531782e+00 2.624804675579071045e-01 0.000000000000000000e+00 0.000000000000000000e+00 0.000000000000000000e+00 1.000000000000000000e+00
1.716364021885384798e+09 6.208348751068115234e+00 2.125155687332153320e+00 2.624595463275908869e-01 0.000000000000000000e+00 0.000000000000000000e+00 0.000000000000000000e+00 1.000000000000000000e+00
1.716364021935551643e+09 6.208375930786132812e+00 2.125088691711425781e+00 2.624827623367309015e-01 0.000000000000000000e+00 0.000000000000000000e+00 0.000000000000000000e+00 1.000000000000000000e+00
1.716364021985718966e+09 6.208383560180664062e+00 2.125066757202148438e+00 2.624821066856384277e-01 0.000000000000000000e+00 0.000000000000000000e+00 0.000000000000000000e+00 1.000000000000000000e+00
1.716364022035869837e+09 6.208382606506347656e+00 2.125081777572631836e+00 2.625047564506530762e-01 0.000000000000000000e+00 0.000000000000000000e+00 0.000000000000000000e+00 1.000000000000000000e+00
1.716364022086068153e+09 6.208370208740234375e+00 2.125132083892822266e+00 2.625288665294647217e-01 0.000000000000000000e+00 0.000000000000000000e+00 0.000000000000000000e+00 1.000000000000000000e+00
1.716364022136234522e+09 6.207427978515625000e+00 2.124835968017578125e+00 2.626873850822448730e-01 0.000000000000000000e+00 0.000000000000000000e+00 0.000000000000000000e+00 1.000000000000000000e+00
1.716364022186538935e+09 6.208364009857177734e+00 2.125136375427246094e+00 2.625052928924559992e-01 0.000000000000000000e+00 0.000000000000000000e+00 0.000000000000000000e+00 1.000000000000000000e+00
1.716364022236732960e+09 6.207435131072998047e+00 2.124799966812133789e+00 2.626630663871765137e-01 0.000000000000000000e+00 0.000000000000000000e+00 0.000000000000000000e+00 1.000000000000000000e+00
1.716364022286844730e+09 6.208384513854980469e+00 2.125070571899414062e+00 2.624942958354949951e-01 0.000000000000000000e+00 0.000000000000000000e+00 0.000000000000000000e+00 1.000000000000000000e+00
1.716364022337108850e+09 6.208386421203613281e+00 2.125066041946411133e+00 2.624952793121337891e-01 0.000000000000000000e+00 0.000000000000000000e+00 0.000000000000000000e+00 1.000000000000000000e+00
1.716364022387413502e+09 6.208372592926025391e+00 2.125104904174804688e+00 2.624939680099486750e-01 0.000000000000000000e+00 0.000000000000000000e+00 0.000000000000000000e+00 1.000000000000000000e+00
1.716364022437823057e+09 6.208365440368652344e+00 2.125127553939819780e+00 2.624959945678710938e-01 0.000000000000000000e+00 0.000000000000000000e+00 0.000000000000000000e+00 1.000000000000000000e+00
1.716364022487993717e+09 6.208365440368652344e+00 2.125128030776977095e+00 2.624962627887725830e-01 0.000000000000000000e+00 0.000000000000000000e+00 0.000000000000000000e+00 1.000000000000000000e+00
1.716364022537896395e+09 6.208378791809082031e+00 2.125089168548583984e+00 2.624968886375427246e-01 0.000000000000000000e+00 0.000000000000000000e+00 0.000000000000000000e+00 1.000000000000000000e+00
1.716364022588243723e+09 6.208402156829833984e+00 2.125036001205444336e+00 2.625232636928557794e-01 0.000000000000000000e+00 0.000000000000000000e+00 0.000000000000000000e+00 1.000000000000000000e+00
1.716364022638615608e+09 6.208397388458251953e+00 2.125032186508178711e+00 2.624922692775725763e-01 0.000000000000000000e+00 0.000000000000000000e+00 0.000000000000000000e+00 1.000000000000000000e+00
1.716364022738982916e+09 6.208376884460449219e+00 2.125091791152954102e+00 2.624917030334472101e-01 0.000000000000000000e+00 0.000000000000000000e+00 0.000000000000000000e+00 1.000000000000000000e+00
1.716364022790114641e+09 6.208366870880126953e+00 2.125123500823974609e+00 2.624956369400023859e-01 0.000000000000000000e+00 0.000000000000000000e+00 0.000000000000000000e+00 1.000000000000000000e+00
1.716364022839382410e+09 6.208373546600341797e+00 2.125118732452392578e+00 2.625218927860260010e-01 0.000000000000000000e+00 0.000000000000000000e+00 0.000000000000000000e+00 1.000000000000000000e+00
1.716364022939910889e+09 6.208403587341308594e+00 2.125034809112548828e+00 2.625277042388916016e-01 0.000000000000000000e+00 0.000000000000000000e+00 0.000000000000000000e+00 1.000000000000000000e+00
1.716364022990073442e+09 6.208399295806884766e+00 2.125032424926757812e+00 2.625016272068023127e-01 0.000000000000000000e+00 0.000000000000000000e+00 0.000000000000000000e+00 1.000000000000000000e+00
1.716364023040484667e+09 6.208393573760986328e+00 2.125058650970458984e+00 2.625198066234588068e-01 0.000000000000000000e+00 0.000000000000000000e+00 0.000000000000000000e+00 1.000000000000000000e+00
1.716364023140804529e+09 6.207444190979003906e+00 2.124806642532348633e+00 2.627192437648773193e-01 0.000000000000000000e+00 0.000000000000000000e+00 0.000000000000000000e+00 1.000000000000000000e+00
1.716364023191323757e+09 6.208376407623291016e+00 2.125113964080810547e+00 2.625291347503662109e-01 0.000000000000000000e+00 0.000000000000000000e+00 0.000000000000000000e+00 1.000000000000000000e+00
1.716364023241596699e+09 6.208380699157714844e+00 2.125088930130004883e+00 2.625066339969635010e-01 0.000000000000000000e+00 0.000000000000000000e+00 0.000000000000000000e+00 1.000000000000000000e+00
1.716364023291735411e+09 6.207456111907958984e+00 2.124744892120361328e+00 2.626730799674987793e-01 0.000000000000000000e+00 0.000000000000000000e+00 0.000000000000000000e+00 1.000000000000000000e+00
1.716364023392061949e+09 6.208376884460449219e+00 2.125092029571533203e+00 2.624924480915069025e-01 0.000000000000000000e+00 0.000000000000000000e+00 0.000000000000000000e+00 1.000000000000000000e+00
1.716364023442305565e+09 6.208374500274658203e+00 2.125106573104858398e+00 2.625055909156798761e-01 0.000000000000000000e+00 0.000000000000000000e+00 0.000000000000000000e+00 1.000000000000000000e+00
1.716364023492604494e+09 6.208377838134765625e+00 2.125092506408691406e+00 2.624988555908203125e-01 0.000000000000000000e+00 0.000000000000000000e+00 0.000000000000000000e+00 1.000000000000000000e+00
1.716364023593027592e+09 6.208384990692138672e+00 2.125080108642578125e+00 2.625122964382171076e-01 0.000000000000000000e+00 0.000000000000000000e+00 0.000000000000000000e+00 1.000000000000000000e+00
1.716364023643338203e+09 6.208376884460449219e+00 2.125094890594482422e+00 2.624964118003845215e-01 0.000000000000000000e+00 0.000000000000000000e+00 0.000000000000000000e+00 1.000000000000000000e+00
1.716364023693485022e+09 6.208369255065917969e+00 2.125116825103760210e+00 2.624978125095366877e-01 0.000000000000000000e+00 0.000000000000000000e+00 0.000000000000000000e+00 1.000000000000000000e+00
1.716364023743848085e+09 6.208371162414550781e+00 2.125111818313598189e+00 2.624980509281157892e-01 0.000000000000000000e+00 0.000000000000000000e+00 0.000000000000000000e+00 1.000000000000000000e+00
1.716364023844169378e+09 6.208379745483398438e+00 2.125094652175903764e+00 2.625114321708679199e-01 0.000000000000000000e+00 0.000000000000000000e+00 0.000000000000000000e+00 1.000000000000000000e+00
1.716364023894250870e+09 6.208383083343505859e+00 2.125100851058959961e+00 2.625405192375183105e-01 0.000000000000000000e+00 0.000000000000000000e+00 0.000000000000000000e+00 1.000000000000000000e+00
1.716364023944615126e+09 6.208389759063720703e+00 2.125064611434936523e+00 2.625092566013336182e-01 0.000000000000000000e+00 0.000000000000000000e+00 0.000000000000000000e+00 1.000000000000000000e+00
1.716364024044939518e+09 6.207453250885009766e+00 2.124774694442749023e+00 2.627113163471221924e-01 0.000000000000000000e+00 0.000000000000000000e+00 0.000000000000000000e+00 1.000000000000000000e+00
1.716364024095239878e+09 6.207452774047851562e+00 2.124777555465698242e+00 2.627126872539520264e-01 0.000000000000000000e+00 0.000000000000000000e+00 0.000000000000000000e+00 1.000000000000000000e+00
1.716364024195847988e+09 6.208361625671386719e+00 2.125127077102661133e+00 2.624754309654235840e-01 0.000000000000000000e+00 0.000000000000000000e+00 0.000000000000000000e+00 1.000000000000000000e+00
1.716364024296826601e+09 6.208380699157714844e+00 2.125075340270996094e+00 2.624833881855010986e-01 0.000000000000000000e+00 0.000000000000000000e+00 0.000000000000000000e+00 1.000000000000000000e+00
1.716364024346387863e+09 6.208388805389404297e+00 2.125062465667724609e+00 2.625007927417755127e-01 0.000000000000000000e+00 0.000000000000000000e+00 0.000000000000000000e+00 1.000000000000000000e+00
1.716364024396687269e+09 6.208384513854980469e+00 2.125092983245849609e+00 2.625317871570587158e-01 0.000000000000000000e+00 0.000000000000000000e+00 0.000000000000000000e+00 1.000000000000000000e+00
1.716364024497055769e+09 6.207453727722167969e+00 2.124776840209960938e+00 2.627153992652893066e-01 0.000000000000000000e+00 0.000000000000000000e+00 0.000000000000000000e+00 1.000000000000000000e+00
1.716364024547322512e+09 6.208389759063720703e+00 2.125063657760620117e+00 2.625075876712799072e-01 0.000000000000000000e+00 0.000000000000000000e+00 0.000000000000000000e+00 1.000000000000000000e+00
1.716364024647788048e+09 6.208384990692138672e+00 2.125068902969360352e+00 2.624941468238830011e-01 0.000000000000000000e+00 0.000000000000000000e+00 0.000000000000000000e+00 1.000000000000000000e+00
1.716364024698163509e+09 6.207447052001953125e+00 2.124774694442749023e+00 2.626779675483703058e-01 0.000000000000000000e+00 0.000000000000000000e+00 0.000000000000000000e+00 1.000000000000000000e+00
1.716364024799315453e+09 6.208384037017822266e+00 2.125095605850220171e+00 2.625347375869750977e-01 0.000000000000000000e+00 0.000000000000000000e+00 0.000000000000000000e+00 1.000000000000000000e+00
1.716364024898952007e+09 6.208387374877929688e+00 2.125077962875366211e+00 2.625223100185393732e-01 0.000000000000000000e+00 0.000000000000000000e+00 0.000000000000000000e+00 1.000000000000000000e+00
1.716364024949287176e+09 6.208378791809082031e+00 2.125092744827270508e+00 2.625039517879486084e-01 0.000000000000000000e+00 0.000000000000000000e+00 0.000000000000000000e+00 1.000000000000000000e+00
1.716364024999398708e+09 6.207453250885009766e+00 2.124760389328002930e+00 2.626848816871643066e-01 0.000000000000000000e+00 0.000000000000000000e+00 0.000000000000000000e+00 1.000000000000000000e+00
1.716364025100007057e+09 6.208368301391601562e+00 2.125122308731079102e+00 2.625007033348082941e-01 0.000000000000000000e+00 0.000000000000000000e+00 0.000000000000000000e+00 1.000000000000000000e+00
1.716364025150454760e+09 6.208389759063720703e+00 2.125078201293945312e+00 2.625337541103363037e-01 0.000000000000000000e+00 0.000000000000000000e+00 0.000000000000000000e+00 1.000000000000000000e+00
1.716364025250944614e+09 6.208377838134765625e+00 2.125094413757324219e+00 2.625010907649993896e-01 0.000000000000000000e+00 0.000000000000000000e+00 0.000000000000000000e+00 1.000000000000000000e+00
1.716364025351332903e+09 6.208376884460449219e+00 2.125094175338745117e+00 2.624953389167785089e-01 0.000000000000000000e+00 0.000000000000000000e+00 0.000000000000000000e+00 1.000000000000000000e+00
1.716364025401514530e+09 6.208374500274658203e+00 2.125091552734375000e+00 2.624799013137816828e-01 0.000000000000000000e+00 0.000000000000000000e+00 0.000000000000000000e+00 1.000000000000000000e+00
1.716364025452724934e+09 6.208375930786132812e+00 2.125093698501586914e+00 2.624899148941040039e-01 0.000000000000000000e+00 0.000000000000000000e+00 0.000000000000000000e+00 1.000000000000000000e+00
1.716364025552182436e+09 6.208384513854980469e+00 2.125075101852416992e+00 2.625008821487426758e-01 0.000000000000000000e+00 0.000000000000000000e+00 0.000000000000000000e+00 1.000000000000000000e+00
1.716364025602318048e+09 6.208379268646240234e+00 2.125092983245849609e+00 2.625071704387664795e-01 0.000000000000000000e+00 0.000000000000000000e+00 0.000000000000000000e+00 1.000000000000000000e+00
1.716364025652546883e+09 6.208384513854980469e+00 2.125074863433837891e+00 2.625011801719664972e-01 0.000000000000000000e+00 0.000000000000000000e+00 0.000000000000000000e+00 1.000000000000000000e+00
1.716364025702661991e+09 6.208379268646240234e+00 2.125089406967163086e+00 2.625006139278411865e-01 0.000000000000000000e+00 0.000000000000000000e+00 0.000000000000000000e+00 1.000000000000000000e+00
1.716364025803000689e+09 6.208382606506347656e+00 2.125076770782470703e+00 2.624961137771605890e-01 0.000000000000000000e+00 0.000000000000000000e+00 0.000000000000000000e+00 1.000000000000000000e+00
1.716364025903354406e+09 6.208394527435302734e+00 2.125061273574829102e+00 2.625282108783721924e-01 0.000000000000000000e+00 0.000000000000000000e+00 0.000000000000000000e+00 1.000000000000000000e+00
1.716364025953632355e+09 6.207476615905761719e+00 2.124719381332397017e+00 2.627342641353607178e-01 0.000000000000000000e+00 0.000000000000000000e+00 0.000000000000000000e+00 1.000000000000000000e+00
1.716364026003790379e+09 6.208383083343505859e+00 2.125095367431640625e+00 2.625304162502288818e-01 0.000000000000000000e+00 0.000000000000000000e+00 0.000000000000000000e+00 1.000000000000000000e+00
1.716364026104235172e+09 6.207474708557128906e+00 2.124729394912720171e+00 2.627418935298919123e-01 0.000000000000000000e+00 0.000000000000000000e+00 0.000000000000000000e+00 1.000000000000000000e+00
1.716364026204532385e+09 6.207458972930908203e+00 2.124747276306152344e+00 2.626908123493194025e-01 0.000000000000000000e+00 0.000000000000000000e+00 0.000000000000000000e+00 1.000000000000000000e+00
1.716364026305008888e+09 6.208375930786132812e+00 2.125093936920166016e+00 2.624910473823546808e-01 0.000000000000000000e+00 0.000000000000000000e+00 0.000000000000000000e+00 1.000000000000000000e+00
1.716364026355249882e+09 6.207451343536376953e+00 2.124776601791381836e+00 2.627047598361968994e-01 0.000000000000000000e+00 0.000000000000000000e+00 0.000000000000000000e+00 1.000000000000000000e+00
1.716364026455659628e+09 6.207451343536376953e+00 2.124777793884277344e+00 2.627056241035460871e-01 0.000000000000000000e+00 0.000000000000000000e+00 0.000000000000000000e+00 1.000000000000000000e+00
1.716364026556456566e+09 6.208382129669189453e+00 2.125080347061156782e+00 2.624980509281157892e-01 0.000000000000000000e+00 0.000000000000000000e+00 0.000000000000000000e+00 1.000000000000000000e+00
1.716364026606476068e+09 6.208379745483398438e+00 2.125093936920166016e+00 2.625095844268798828e-01 0.000000000000000000e+00 0.000000000000000000e+00 0.000000000000000000e+00 1.000000000000000000e+00
1.716364026707070112e+09 6.207452774047851562e+00 2.124775171279907227e+00 2.627100348472595215e-01 0.000000000000000000e+00 0.000000000000000000e+00 0.000000000000000000e+00 1.000000000000000000e+00
1.716364026757091999e+09 6.208381175994873047e+00 2.125095367431640625e+00 2.625205218791961115e-01 0.000000000000000000e+00 0.000000000000000000e+00 0.000000000000000000e+00 1.000000000000000000e+00
1.716364026807387590e+09 6.208381175994873047e+00 2.125095367431640625e+00 2.625205814838408869e-01 0.000000000000000000e+00 0.000000000000000000e+00 0.000000000000000000e+00 1.000000000000000000e+00
1.716364026907768250e+09 6.208386421203613281e+00 2.125066518783569336e+00 2.624956369400023859e-01 0.000000000000000000e+00 0.000000000000000000e+00 0.000000000000000000e+00 1.000000000000000000e+00
1.716364026959276915e+09 6.208378314971923828e+00 2.125091314315795898e+00 2.624975442886351984e-01 0.000000000000000000e+00 0.000000000000000000e+00 0.000000000000000000e+00 1.000000000000000000e+00
1.716364027008521557e+09 6.207452297210693359e+00 2.124757051467895508e+00 2.626746892929077148e-01 0.000000000000000000e+00 0.000000000000000000e+00 0.000000000000000000e+00 1.000000000000000000e+00
1.716364027108999968e+09 6.207457065582275391e+00 2.124743700027465820e+00 2.626750767230986994e-01 0.000000000000000000e+00 0.000000000000000000e+00 0.000000000000000000e+00 1.000000000000000000e+00
1.716364027159223557e+09 6.207450866699218750e+00 2.124753713607788086e+00 2.626626789569854736e-01 0.000000000000000000e+00 0.000000000000000000e+00 0.000000000000000000e+00 1.000000000000000000e+00
1.716364027209403276e+09 6.208386898040772373e+00 2.125062704086304155e+00 2.624926567077636164e-01 0.000000000000000000e+00 0.000000000000000000e+00 0.000000000000000000e+00 1.000000000000000000e+00
1.716364027309698105e+09 6.207458019256591797e+00 2.124741554260253906e+00 2.626775503158568781e-01 0.000000000000000000e+00 0.000000000000000000e+00 0.000000000000000000e+00 1.000000000000000000e+00
1.716364027359988689e+09 6.207447052001953125e+00 2.124773979187012163e+00 2.626772820949553888e-01 0.000000000000000000e+00 0.000000000000000000e+00 0.000000000000000000e+00 1.000000000000000000e+00
1.716364027410217285e+09 6.207452297210693359e+00 2.124758720397949219e+00 2.626768946647644043e-01 0.000000000000000000e+00 0.000000000000000000e+00 0.000000000000000000e+00 1.000000000000000000e+00
1.716364027460368633e+09 6.208387374877929688e+00 2.125062227249145064e+00 2.624948620796203058e-01 0.000000000000000000e+00 0.000000000000000000e+00 0.000000000000000000e+00 1.000000000000000000e+00
1.716364027560734272e+09 6.208384513854980469e+00 2.125068426132202148e+00 2.624894380569458008e-01 0.000000000000000000e+00 0.000000000000000000e+00 0.000000000000000000e+00 1.000000000000000000e+00
1.716364027611034870e+09 6.208376884460449219e+00 2.125090599060058594e+00 2.624892890453338068e-01 0.000000000000000000e+00 0.000000000000000000e+00 0.000000000000000000e+00 1.000000000000000000e+00
1.716364027661290407e+09 6.208382606506347656e+00 2.125074386596680132e+00 2.624899744987487793e-01 0.000000000000000000e+00 0.000000000000000000e+00 0.000000000000000000e+00 1.000000000000000000e+00
1.716364027761774302e+09 6.208379268646240234e+00 2.125087738037109375e+00 2.624981105327606201e-01 0.000000000000000000e+00 0.000000000000000000e+00 0.000000000000000000e+00 1.000000000000000000e+00
1.716364027862053156e+09 6.208382606506347656e+00 2.125094175338745117e+00 2.625257372856140137e-01 0.000000000000000000e+00 0.000000000000000000e+00 0.000000000000000000e+00 1.000000000000000000e+00
1.716364027912342548e+09 6.208383083343505859e+00 2.125091552734375000e+00 2.625223696231842041e-01 0.000000000000000000e+00 0.000000000000000000e+00 0.000000000000000000e+00 1.000000000000000000e+00
1.716364027962540627e+09 6.207449436187744141e+00 2.124775171279907227e+00 2.626913487911223810e-01 0.000000000000000000e+00 0.000000000000000000e+00 0.000000000000000000e+00 1.000000000000000000e+00
1.716364028012906075e+09 6.208379268646240234e+00 2.125092267990112305e+00 2.625044584274291992e-01 0.000000000000000000e+00 0.000000000000000000e+00 0.000000000000000000e+00 1.000000000000000000e+00
1.716364028062889099e+09 6.208386898040772373e+00 2.125069379806518555e+00 2.625037431716918945e-01 0.000000000000000000e+00 0.000000000000000000e+00 0.000000000000000000e+00 1.000000000000000000e+00
1.716364028113003731e+09 6.208388328552246094e+00 2.125061273574829102e+00 2.624965310096740723e-01 0.000000000000000000e+00 0.000000000000000000e+00 0.000000000000000000e+00 1.000000000000000000e+00
1.716364028213495970e+09 6.207458496093750000e+00 2.124741077423096147e+00 2.626783549785614014e-01 0.000000000000000000e+00 0.000000000000000000e+00 0.000000000000000000e+00 1.000000000000000000e+00
1.716364028263616800e+09 6.208379268646240234e+00 2.125090360641479492e+00 2.625011205673217773e-01 0.000000000000000000e+00 0.000000000000000000e+00 0.000000000000000000e+00 1.000000000000000000e+00
1.716364028313820839e+09 6.208376407623291016e+00 2.125092029571533203e+00 2.624892592430114746e-01 0.000000000000000000e+00 0.000000000000000000e+00 0.000000000000000000e+00 1.000000000000000000e+00
1.716364028414317608e+09 6.207447052001953125e+00 2.124771118164062500e+00 2.626734375953673761e-01 0.000000000000000000e+00 0.000000000000000000e+00 0.000000000000000000e+00 1.000000000000000000e+00
1.716364028464561462e+09 6.208376884460449219e+00 2.125090837478637695e+00 2.624898552894591730e-01 0.000000000000000000e+00 0.000000000000000000e+00 0.000000000000000000e+00 1.000000000000000000e+00
1.716364028514700174e+09 6.208392620086669922e+00 2.125061511993408203e+00 2.625197172164916992e-01 0.000000000000000000e+00 0.000000000000000000e+00 0.000000000000000000e+00 1.000000000000000000e+00
1.716364028616631746e+09 6.208387374877929688e+00 2.125059604644775391e+00 2.624885141849517822e-01 0.000000000000000000e+00 0.000000000000000000e+00 0.000000000000000000e+00 1.000000000000000000e+00
1.716364028665317059e+09 6.208380222320556641e+00 2.125090599060058594e+00 2.625070810317993164e-01 0.000000000000000000e+00 0.000000000000000000e+00 0.000000000000000000e+00 1.000000000000000000e+00
1.716364028715727091e+09 6.208385467529296875e+00 2.125064611434936523e+00 2.624887228012084961e-01 0.000000000000000000e+00 0.000000000000000000e+00 0.000000000000000000e+00 1.000000000000000000e+00
1.716364028765738010e+09 6.207458019256591797e+00 2.124737024307250977e+00 2.626691460609436035e-01 0.000000000000000000e+00 0.000000000000000000e+00 0.000000000000000000e+00 1.000000000000000000e+00
1.716364028866887093e+09 6.208379268646240234e+00 2.125086069107056108e+00 2.624953091144561768e-01 0.000000000000000000e+00 0.000000000000000000e+00 0.000000000000000000e+00 1.000000000000000000e+00
1.716364028917022705e+09 6.208382606506347656e+00 2.125089883804321289e+00 2.625177204608917236e-01 0.000000000000000000e+00 0.000000000000000000e+00 0.000000000000000000e+00 1.000000000000000000e+00
1.716364028967257738e+09 6.208387374877929688e+00 2.125076055526733398e+00 2.625182867050170898e-01 0.000000000000000000e+00 0.000000000000000000e+00 0.000000000000000000e+00 1.000000000000000000e+00
1.716364029017328501e+09 6.207450389862060547e+00 2.124768972396850586e+00 2.626864910125731867e-01 0.000000000000000000e+00 0.000000000000000000e+00 0.000000000000000000e+00 1.000000000000000000e+00
1.716364029067619562e+09 6.208381175994873047e+00 2.125085115432739702e+00 2.625017464160919189e-01 0.000000000000000000e+00 0.000000000000000000e+00 0.000000000000000000e+00 1.000000000000000000e+00
1.716364029117608547e+09 6.207466602325440341e+00 2.124720573425292969e+00 2.626853287220001221e-01 0.000000000000000000e+00 0.000000000000000000e+00 0.000000000000000000e+00 1.000000000000000000e+00
1.716364029170298815e+09 6.208390235900878906e+00 2.125060081481933594e+00 2.625050246715545099e-01 0.000000000000000000e+00 0.000000000000000000e+00 0.000000000000000000e+00 1.000000000000000000e+00
1.716364029217969418e+09 6.208384513854980469e+00 2.125089168548583984e+00 2.625267505645751953e-01 0.000000000000000000e+00 0.000000000000000000e+00 0.000000000000000000e+00 1.000000000000000000e+00
1.716364029268346310e+09 6.207453727722167969e+00 2.124771595001220703e+00 2.627069354057312012e-01 0.000000000000000000e+00 0.000000000000000000e+00 0.000000000000000000e+00 1.000000000000000000e+00
1.716364029318198681e+09 6.208384513854980469e+00 2.125088453292846680e+00 2.625241279602050781e-01 0.000000000000000000e+00 0.000000000000000000e+00 0.000000000000000000e+00 1.000000000000000000e+00
1.716364029368340731e+09 6.207450389862060547e+00 2.124781370162963867e+00 2.627068758010864258e-01 0.000000000000000000e+00 0.000000000000000000e+00 0.000000000000000000e+00 1.000000000000000000e+00
1.716364029418370724e+09 6.208384513854980469e+00 2.125086545944213867e+00 2.625228464603424072e-01 0.000000000000000000e+00 0.000000000000000000e+00 0.000000000000000000e+00 1.000000000000000000e+00
1.716364029468986511e+09 6.208394527435302734e+00 2.125058650970458984e+00 2.625243961811065119e-01 0.000000000000000000e+00 0.000000000000000000e+00 0.000000000000000000e+00 1.000000000000000000e+00
1.716364029519332647e+09 6.207459449768066406e+00 2.124752759933472124e+00 2.627047300338745117e-01 0.000000000000000000e+00 0.000000000000000000e+00 0.000000000000000000e+00 1.000000000000000000e+00
1.716364029568980217e+09 6.207453727722167969e+00 2.124770402908325195e+00 2.627058029174804132e-01 0.000000000000000000e+00 0.000000000000000000e+00 0.000000000000000000e+00 1.000000000000000000e+00
1.716364029620239019e+09 6.208383560180664062e+00 2.125089883804321289e+00 2.625231742858886164e-01 0.000000000000000000e+00 0.000000000000000000e+00 0.000000000000000000e+00 1.000000000000000000e+00
1.716364029669742107e+09 6.208375453948974609e+00 2.125096082687377930e+00 2.624913454055786133e-01 0.000000000000000000e+00 0.000000000000000000e+00 0.000000000000000000e+00 1.000000000000000000e+00
1.716364029719827890e+09 6.208383560180664062e+00 2.125089168548583984e+00 2.625223100185393732e-01 0.000000000000000000e+00 0.000000000000000000e+00 0.000000000000000000e+00 1.000000000000000000e+00
1.716364029770062685e+09 6.208384990692138672e+00 2.125087022781372070e+00 2.625240385532379150e-01 0.000000000000000000e+00 0.000000000000000000e+00 0.000000000000000000e+00 1.000000000000000000e+00
1.716364029820070505e+09 6.207454204559326172e+00 2.124768972396850586e+00 2.627042233943939209e-01 0.000000000000000000e+00 0.000000000000000000e+00 0.000000000000000000e+00 1.000000000000000000e+00
1.716364029870594501e+09 6.207464694976806641e+00 2.124738693237304688e+00 2.627060711383819025e-01 0.000000000000000000e+00 0.000000000000000000e+00 0.000000000000000000e+00 1.000000000000000000e+00
1.716364029920514107e+09 6.208394527435302734e+00 2.125057935714721680e+00 2.625242173671721857e-01 0.000000000000000000e+00 0.000000000000000000e+00 0.000000000000000000e+00 1.000000000000000000e+00
1.716364029970871210e+09 6.208394050598144531e+00 2.125059843063354492e+00 2.625235319137573242e-01 0.000000000000000000e+00 0.000000000000000000e+00 0.000000000000000000e+00 1.000000000000000000e+00
1.716364030021020651e+09 6.208387374877929688e+00 2.125080347061156782e+00 2.625252306461334229e-01 0.000000000000000000e+00 0.000000000000000000e+00 0.000000000000000000e+00 1.000000000000000000e+00
1.716364030071217299e+09 6.207451343536376953e+00 2.124769210815429688e+00 2.626909315586090088e-01 0.000000000000000000e+00 0.000000000000000000e+00 0.000000000000000000e+00 1.000000000000000000e+00
1.716364030121433258e+09 6.207449436187744141e+00 2.124766588211060014e+00 2.626769244670867920e-01 0.000000000000000000e+00 0.000000000000000000e+00 0.000000000000000000e+00 1.000000000000000000e+00
1.716364030171770573e+09 6.208383083343505859e+00 2.125089168548583984e+00 2.625186145305632990e-01 0.000000000000000000e+00 0.000000000000000000e+00 0.000000000000000000e+00 1.000000000000000000e+00
1.716364030222301245e+09 6.207454204559326172e+00 2.124770879745483398e+00 2.627083957195281982e-01 0.000000000000000000e+00 0.000000000000000000e+00 0.000000000000000000e+00 1.000000000000000000e+00
1.716364030272393942e+09 6.208379268646240234e+00 2.125086784362792969e+00 2.624956965446472168e-01 0.000000000000000000e+00 0.000000000000000000e+00 0.000000000000000000e+00 1.000000000000000000e+00
1.716364030322638988e+09 6.208384513854980469e+00 2.125086784362792969e+00 2.625227868556975763e-01 0.000000000000000000e+00 0.000000000000000000e+00 0.000000000000000000e+00 1.000000000000000000e+00
1.716364030372507811e+09 6.208382606506347656e+00 2.125079870223999023e+00 2.625007033348082941e-01 0.000000000000000000e+00 0.000000000000000000e+00 0.000000000000000000e+00 1.000000000000000000e+00
1.716364030422662735e+09 6.207468986511231357e+00 2.124741554260253906e+00 2.627337276935576837e-01 0.000000000000000000e+00 0.000000000000000000e+00 0.000000000000000000e+00 1.000000000000000000e+00
1.716364030472933531e+09 6.207459926605224609e+00 2.124759674072265625e+00 2.627173364162445068e-01 0.000000000000000000e+00 0.000000000000000000e+00 0.000000000000000000e+00 1.000000000000000000e+00
1.716364030523091793e+09 6.208384037017822266e+00 2.125086545944213867e+00 2.625193595886229914e-01 0.000000000000000000e+00 0.000000000000000000e+00 0.000000000000000000e+00 1.000000000000000000e+00
1.716364030573210716e+09 6.208394050598144531e+00 2.125057458877563477e+00 2.625195384025573730e-01 0.000000000000000000e+00 0.000000000000000000e+00 0.000000000000000000e+00 1.000000000000000000e+00
1.716364030623471260e+09 6.207463264465332031e+00 2.124741077423096147e+00 2.627021670341491144e-01 0.000000000000000000e+00 0.000000000000000000e+00 0.000000000000000000e+00 1.000000000000000000e+00
1.716364030673736095e+09 6.208378314971923828e+00 2.125084877014160156e+00 2.624884545803070068e-01 0.000000000000000000e+00 0.000000000000000000e+00 0.000000000000000000e+00 1.000000000000000000e+00
1.716364030724040031e+09 6.208377838134765625e+00 2.125087261199951172e+00 2.624885439872741144e-01 0.000000000000000000e+00 0.000000000000000000e+00 0.000000000000000000e+00 1.000000000000000000e+00
1.716364030774233341e+09 6.208378791809082031e+00 2.125085353851318359e+00 2.624910473823546808e-01 0.000000000000000000e+00 0.000000000000000000e+00 0.000000000000000000e+00 1.000000000000000000e+00
1.716364030824382544e+09 6.208379268646240234e+00 2.125084161758422852e+00 2.624913454055786133e-01 0.000000000000000000e+00 0.000000000000000000e+00 0.000000000000000000e+00 1.000000000000000000e+00
1.716364030874579430e+09 6.208382606506347656e+00 2.125079631805419922e+00 2.624994814395903986e-01 0.000000000000000000e+00 0.000000000000000000e+00 0.000000000000000000e+00 1.000000000000000000e+00
1.716364030924824238e+09 6.207465648651123047e+00 2.124736547470092773e+00 2.627062499523162842e-01 0.000000000000000000e+00 0.000000000000000000e+00 0.000000000000000000e+00 1.000000000000000000e+00
1.716364030975108862e+09 6.208392143249511719e+00 2.125055789947509766e+00 2.625062167644500732e-01 0.000000000000000000e+00 0.000000000000000000e+00 0.000000000000000000e+00 1.000000000000000000e+00
1.716364031025321960e+09 6.207448005676269531e+00 2.124766588211060014e+00 2.626704573631286066e-01 0.000000000000000000e+00 0.000000000000000000e+00 0.000000000000000000e+00 1.000000000000000000e+00
1.716364031075492144e+09 6.208383083343505859e+00 2.125085115432739702e+00 2.625112533569335938e-01 0.000000000000000000e+00 0.000000000000000000e+00 0.000000000000000000e+00 1.000000000000000000e+00
1.716364031125659227e+09 6.208387851715087891e+00 2.125075101852416992e+00 2.625180482864379883e-01 0.000000000000000000e+00 0.000000000000000000e+00 0.000000000000000000e+00 1.000000000000000000e+00
1.716364031175882101e+09 6.208393573760986328e+00 2.125056505203247070e+00 2.625150680541992188e-01 0.000000000000000000e+00 0.000000000000000000e+00 0.000000000000000000e+00 1.000000000000000000e+00
1.716364031226329803e+09 6.208380699157714844e+00 2.125078201293945312e+00 2.624879777431488037e-01 0.000000000000000000e+00 0.000000000000000000e+00 0.000000000000000000e+00 1.000000000000000000e+00
1.716364031276349783e+09 6.208387851715087891e+00 2.125052213668823242e+00 2.624785304069519043e-01 0.000000000000000000e+00 0.000000000000000000e+00 0.000000000000000000e+00 1.000000000000000000e+00
1.716364031326703072e+09 6.208388805389404297e+00 2.125054359436035156e+00 2.624879479408264160e-01 0.000000000000000000e+00 0.000000000000000000e+00 0.000000000000000000e+00 1.000000000000000000e+00
1.716364031376742125e+09 6.208378791809082031e+00 2.125085830688477007e+00 2.624915838241577148e-01 0.000000000000000000e+00 0.000000000000000000e+00 0.000000000000000000e+00 1.000000000000000000e+00
1.716364031426867485e+09 6.207458496093750000e+00 2.124738216400146484e+00 2.626732289791107178e-01 0.000000000000000000e+00 0.000000000000000000e+00 0.000000000000000000e+00 1.000000000000000000e+00
1.716364031477158546e+09 6.208393573760986328e+00 2.125057458877563477e+00 2.625180780887603760e-01 0.000000000000000000e+00 0.000000000000000000e+00 0.000000000000000000e+00 1.000000000000000000e+00
1.716364031527441263e+09 6.208382606506347656e+00 2.125086307525634766e+00 2.625109851360321045e-01 0.000000000000000000e+00 0.000000000000000000e+00 0.000000000000000000e+00 1.000000000000000000e+00
1.716364031629538774e+09 6.207466602325440341e+00 2.124737977981567383e+00 2.627135813236236017e-01 0.000000000000000000e+00 0.000000000000000000e+00 0.000000000000000000e+00 1.000000000000000000e+00
1.716364031677970648e+09 6.208393573760986328e+00 2.125054836273193359e+00 2.625116109848021906e-01 0.000000000000000000e+00 0.000000000000000000e+00 0.000000000000000000e+00 1.000000000000000000e+00
1.716364031778401136e+09 6.208395957946777344e+00 2.125058650970458984e+00 2.625311613082885742e-01 0.000000000000000000e+00 0.000000000000000000e+00 0.000000000000000000e+00 1.000000000000000000e+00
1.716364031828605413e+09 6.207463264465332031e+00 2.124735832214355469e+00 2.626948058605194092e-01 0.000000000000000000e+00 0.000000000000000000e+00 0.000000000000000000e+00 1.000000000000000000e+00
1.716364031928993702e+09 6.208392143249511719e+00 2.125053167343140093e+00 2.625035345554351807e-01 0.000000000000000000e+00 0.000000000000000000e+00 0.000000000000000000e+00 1.000000000000000000e+00
1.716364031979288816e+09 6.208382606506347656e+00 2.125081777572631836e+00 2.625028491020202082e-01 0.000000000000000000e+00 0.000000000000000000e+00 0.000000000000000000e+00 1.000000000000000000e+00
1.716364032029347181e+09 6.208389759063720703e+00 2.125059366226196289e+00 2.625012695789337158e-01 0.000000000000000000e+00 0.000000000000000000e+00 0.000000000000000000e+00 1.000000000000000000e+00
1.716364032079584837e+09 6.207462787628173828e+00 2.124735355377197266e+00 2.626913487911223810e-01 0.000000000000000000e+00 0.000000000000000000e+00 0.000000000000000000e+00 1.000000000000000000e+00
1.716364032129736662e+09 6.208406448364257812e+00 2.125025749206542969e+00 2.625279724597930908e-01 0.000000000000000000e+00 0.000000000000000000e+00 0.000000000000000000e+00 1.000000000000000000e+00
1.716364032180011511e+09 6.208398818969726562e+00 2.125048160552978516e+00 2.625267803668975830e-01 0.000000000000000000e+00 0.000000000000000000e+00 0.000000000000000000e+00 1.000000000000000000e+00
1.716364032230166674e+09 6.207465648651123047e+00 2.124737977981567383e+00 2.627098262310028076e-01 0.000000000000000000e+00 0.000000000000000000e+00 0.000000000000000000e+00 1.000000000000000000e+00
1.716364032280464888e+09 6.207460403442382812e+00 2.124735832214355469e+00 2.626800537109375000e-01 0.000000000000000000e+00 0.000000000000000000e+00 0.000000000000000000e+00 1.000000000000000000e+00
1.716364032330730677e+09 6.208395957946777344e+00 2.125055074691772461e+00 2.625248134136199951e-01 0.000000000000000000e+00 0.000000000000000000e+00 0.000000000000000000e+00 1.000000000000000000e+00
1.716364032380908489e+09 6.208391189575195312e+00 2.125049829483031782e+00 2.624923288822174072e-01 0.000000000000000000e+00 0.000000000000000000e+00 0.000000000000000000e+00 1.000000000000000000e+00
1.716364032431079149e+09 6.208395957946777344e+00 2.125054597854614258e+00 2.625254392623900812e-01 0.000000000000000000e+00 0.000000000000000000e+00 0.000000000000000000e+00 1.000000000000000000e+00
1.716364032481393576e+09 6.208390712738037109e+00 2.125052452087402344e+00 2.624934315681456964e-01 0.000000000000000000e+00 0.000000000000000000e+00 0.000000000000000000e+00 1.000000000000000000e+00
1.716364032531570911e+09 6.208394050598144531e+00 2.125055074691772461e+00 2.625144720077514093e-01 0.000000000000000000e+00 0.000000000000000000e+00 0.000000000000000000e+00 1.000000000000000000e+00
1.716364032581763983e+09 6.207458972930908203e+00 2.124733209609985352e+00 2.626665830612182062e-01 0.000000000000000000e+00 0.000000000000000000e+00 0.000000000000000000e+00 1.000000000000000000e+00
1.716364032631941319e+09 6.208392143249511719e+00 2.125056028366088867e+00 2.625079154968261164e-01 0.000000000000000000e+00 0.000000000000000000e+00 0.000000000000000000e+00 1.000000000000000000e+00
1.716364032732610703e+09 6.208383560180664062e+00 2.125086069107056108e+00 2.625154554843902033e-01 0.000000000000000000e+00 0.000000000000000000e+00 0.000000000000000000e+00 1.000000000000000000e+00
1.716364032782576084e+09 6.208394050598144531e+00 2.125058650970458984e+00 2.625207901000976007e-01 0.000000000000000000e+00 0.000000000000000000e+00 0.000000000000000000e+00 1.000000000000000000e+00
1.716364032832806587e+09 6.208395957946777344e+00 2.125053167343140093e+00 2.625211179256439209e-01 0.000000000000000000e+00 0.000000000000000000e+00 0.000000000000000000e+00 1.000000000000000000e+00
1.716364032883003712e+09 6.208389759063720703e+00 2.125056982040405273e+00 2.624969184398651123e-01 0.000000000000000000e+00 0.000000000000000000e+00 0.000000000000000000e+00 1.000000000000000000e+00
1.716364032983507156e+09 6.207459449768066406e+00 2.124734163284301758e+00 2.626727223396301270e-01 0.000000000000000000e+00 0.000000000000000000e+00 0.000000000000000000e+00 1.000000000000000000e+00
1.716364033033726215e+09 6.208389759063720703e+00 2.125053644180297852e+00 2.624907791614531916e-01 0.000000000000000000e+00 0.000000000000000000e+00 0.000000000000000000e+00 1.000000000000000000e+00
1.716364033084049463e+09 6.208394527435302734e+00 2.125056028366088867e+00 2.625192403793334961e-01 0.000000000000000000e+00 0.000000000000000000e+00 0.000000000000000000e+00 1.000000000000000000e+00
1.716364033134218931e+09 6.208395481109619141e+00 2.125054597854614258e+00 2.625219821929931086e-01 0.000000000000000000e+00 0.000000000000000000e+00 0.000000000000000000e+00 1.000000000000000000e+00
1.716364033235195398e+09 6.208393573760986328e+00 2.125052690505981001e+00 2.625082135200499933e-01 0.000000000000000000e+00 0.000000000000000000e+00 0.000000000000000000e+00 1.000000000000000000e+00
1.716364033285186052e+09 6.208394050598144531e+00 2.125053167343140093e+00 2.625115811824798029e-01 0.000000000000000000e+00 0.000000000000000000e+00 0.000000000000000000e+00 1.000000000000000000e+00
1.716364033335380554e+09 6.208393573760986328e+00 2.125055074691772461e+00 2.625141143798828125e-01 0.000000000000000000e+00 0.000000000000000000e+00 0.000000000000000000e+00 1.000000000000000000e+00
1.716364033385902166e+09 6.208395957946777344e+00 2.125056266784667969e+00 2.625266313552855890e-01 0.000000000000000000e+00 0.000000000000000000e+00 0.000000000000000000e+00 1.000000000000000000e+00
1.716364033435886860e+09 6.208387851715087891e+00 2.125087976455688477e+00 2.625403702259063166e-01 0.000000000000000000e+00 0.000000000000000000e+00 0.000000000000000000e+00 1.000000000000000000e+00
1.716364033486010790e+09 6.207456588745117188e+00 2.124745607376098189e+00 2.626774013042449951e-01 0.000000000000000000e+00 0.000000000000000000e+00 0.000000000000000000e+00 1.000000000000000000e+00
1.716364033536163092e+09 6.208388805389404297e+00 2.125053167343140093e+00 2.624855339527130127e-01 0.000000000000000000e+00 0.000000000000000000e+00 0.000000000000000000e+00 1.000000000000000000e+00
1.716364033586404562e+09 6.208393573760986328e+00 2.125055789947509766e+00 2.625135183334350031e-01 0.000000000000000000e+00 0.000000000000000000e+00 0.000000000000000000e+00 1.000000000000000000e+00
1.716364033686881065e+09 6.207460403442382812e+00 2.124734640121459961e+00 2.626774609088897150e-01 0.000000000000000000e+00 0.000000000000000000e+00 0.000000000000000000e+00 1.000000000000000000e+00
1.716364033736988068e+09 6.208389282226562500e+00 2.125053644180297852e+00 2.624873816967009943e-01 0.000000000000000000e+00 0.000000000000000000e+00 0.000000000000000000e+00 1.000000000000000000e+00
1.716364033787329674e+09 6.208393573760986328e+00 2.125052452087402344e+00 2.625076770782470148e-01 0.000000000000000000e+00 0.000000000000000000e+00 0.000000000000000000e+00 1.000000000000000000e+00
1.716364033837468386e+09 6.208391189575195312e+00 2.125053167343140093e+00 2.624962925910949152e-01 0.000000000000000000e+00 0.000000000000000000e+00 0.000000000000000000e+00 1.000000000000000000e+00
1.716364033887711048e+09 6.207465171813964844e+00 2.124736547470092773e+00 2.627043724060058039e-01 0.000000000000000000e+00 0.000000000000000000e+00 0.000000000000000000e+00 1.000000000000000000e+00
1.716364033937867165e+09 6.208393096923828125e+00 2.125054597854614258e+00 2.625100314617156982e-01 0.000000000000000000e+00 0.000000000000000000e+00 0.000000000000000000e+00 1.000000000000000000e+00
1.716364033988044262e+09 6.207455635070800781e+00 2.124763727188110352e+00 2.627030611038208008e-01 0.000000000000000000e+00 0.000000000000000000e+00 0.000000000000000000e+00 1.000000000000000000e+00
1.716364034038127899e+09 6.208395004272460938e+00 2.125056266784667969e+00 2.625220417976378839e-01 0.000000000000000000e+00 0.000000000000000000e+00 0.000000000000000000e+00 1.000000000000000000e+00
1.716364034138720751e+09 6.208390235900878906e+00 2.125051975250244141e+00 2.624913156032562256e-01 0.000000000000000000e+00 0.000000000000000000e+00 0.000000000000000000e+00 1.000000000000000000e+00
1.716364034189248323e+09 6.207465171813964844e+00 2.124736070632934570e+00 2.627029418945311945e-01 0.000000000000000000e+00 0.000000000000000000e+00 0.000000000000000000e+00 1.000000000000000000e+00
1.716364034239059210e+09 6.207462310791015625e+00 2.124735355377197266e+00 2.626891732215880793e-01 0.000000000000000000e+00 0.000000000000000000e+00 0.000000000000000000e+00 1.000000000000000000e+00
1.716364034339550495e+09 6.208393096923828125e+00 2.125056028366088867e+00 2.625127136707305908e-01 0.000000000000000000e+00 0.000000000000000000e+00 0.000000000000000000e+00 1.000000000000000000e+00
1.716364034389842987e+09 6.208377838134765625e+00 2.125083208084106445e+00 2.624823451042174738e-01 0.000000000000000000e+00 0.000000000000000000e+00 0.000000000000000000e+00 1.000000000000000000e+00
1.716364034440080643e+09 6.208377838134765625e+00 2.125084638595581055e+00 2.624835073947905939e-01 0.000000000000000000e+00 0.000000000000000000e+00 0.000000000000000000e+00 1.000000000000000000e+00
1.716364034540452957e+09 6.208375453948974609e+00 2.125091314315795898e+00 2.624840140342711847e-01 0.000000000000000000e+00 0.000000000000000000e+00 0.000000000000000000e+00 1.000000000000000000e+00
1.716364034590724945e+09 6.208389282226562500e+00 2.125053167343140093e+00 2.624880671501159113e-01 0.000000000000000000e+00 0.000000000000000000e+00 0.000000000000000000e+00 1.000000000000000000e+00
1.716364034641132355e+09 6.208384037017822266e+00 2.125085830688477007e+00 2.625178992748259943e-01 0.000000000000000000e+00 0.000000000000000000e+00 0.000000000000000000e+00 1.000000000000000000e+00
1.716364034691336155e+09 6.208379745483398438e+00 2.125081777572631836e+00 2.624897062778472900e-01 0.000000000000000000e+00 0.000000000000000000e+00 0.000000000000000000e+00 1.000000000000000000e+00
1.716364034741814852e+09 6.207452774047851562e+00 2.124751091003417969e+00 2.626681327819824219e-01 0.000000000000000000e+00 0.000000000000000000e+00 0.000000000000000000e+00 1.000000000000000000e+00
1.716364034791514874e+09 6.207451820373535156e+00 2.124752998352050781e+00 2.626653313636779785e-01 0.000000000000000000e+00 0.000000000000000000e+00 0.000000000000000000e+00 1.000000000000000000e+00
1.716364034841801643e+09 6.208387851715087891e+00 2.125053167343140093e+00 2.624819576740264893e-01 0.000000000000000000e+00 0.000000000000000000e+00 0.000000000000000000e+00 1.000000000000000000e+00
1.716364034892044783e+09 6.208389759063720703e+00 2.125066518783569336e+00 2.625135481357573908e-01 0.000000000000000000e+00 0.000000000000000000e+00 0.000000000000000000e+00 1.000000000000000000e+00
1.716364034992512226e+09 6.208392620086669922e+00 2.125058174133300781e+00 2.625145912170410156e-01 0.000000000000000000e+00 0.000000000000000000e+00 0.000000000000000000e+00 1.000000000000000000e+00
1.716364035042837858e+09 6.208395004272460938e+00 2.125053405761718750e+00 2.625171244144439142e-01 0.000000000000000000e+00 0.000000000000000000e+00 0.000000000000000000e+00 1.000000000000000000e+00
1.716364035092704058e+09 6.207458972930908203e+00 2.124736070632934570e+00 2.626730203628540039e-01 0.000000000000000000e+00 0.000000000000000000e+00 0.000000000000000000e+00 1.000000000000000000e+00
1.716364035142931700e+09 6.208394050598144531e+00 2.125056266784667969e+00 2.625181972980499268e-01 0.000000000000000000e+00 0.000000000000000000e+00 0.000000000000000000e+00 1.000000000000000000e+00
1.716364035243379354e+09 6.207464694976806641e+00 2.124736309051513672e+00 2.627007067203521729e-01 0.000000000000000000e+00 0.000000000000000000e+00 0.000000000000000000e+00 1.000000000000000000e+00
1.716364035293553114e+09 6.208390712738037109e+00 2.125053167343140093e+00 2.624942362308502197e-01 0.000000000000000000e+00 0.000000000000000000e+00 0.000000000000000000e+00 1.000000000000000000e+00
1.716364035343621969e+09 6.208393573760986328e+00 2.125053405761718750e+00 2.625099122524260919e-01 0.000000000000000000e+00 0.000000000000000000e+00 0.000000000000000000e+00 1.000000000000000000e+00
1.716364035444085598e+09 6.208377838134765625e+00 2.125082254409790039e+00 2.624804973602294922e-01 0.000000000000000000e+00 0.000000000000000000e+00 0.000000000000000000e+00 1.000000000000000000e+00
1.716364035544569969e+09 6.208394527435302734e+00 2.125055789947509766e+00 2.625190019607543945e-01 0.000000000000000000e+00 0.000000000000000000e+00 0.000000000000000000e+00 1.000000000000000000e+00
1.716364035594627142e+09 6.208390235900878906e+00 2.125052928924560547e+00 2.624914646148681086e-01 0.000000000000000000e+00 0.000000000000000000e+00 0.000000000000000000e+00 1.000000000000000000e+00
1.716364035645152807e+09 6.207452774047851562e+00 2.124765634536743164e+00 2.626923322677611750e-01 0.000000000000000000e+00 0.000000000000000000e+00 0.000000000000000000e+00 1.000000000000000000e+00
1.716364035695075512e+09 6.208388805389404297e+00 2.125057458877563477e+00 2.624933123588562012e-01 0.000000000000000000e+00 0.000000000000000000e+00 0.000000000000000000e+00 1.000000000000000000e+00
1.716364035795573711e+09 6.207460403442382812e+00 2.124737262725830078e+00 2.626821398735045832e-01 0.000000000000000000e+00 0.000000000000000000e+00 0.000000000000000000e+00 1.000000000000000000e+00
1.716364035895842075e+09 6.208378314971923828e+00 2.125082254409790039e+00 2.624833881855010986e-01 0.000000000000000000e+00 0.000000000000000000e+00 0.000000000000000000e+00 1.000000000000000000e+00
1.716364035946190596e+09 6.207454204559326172e+00 2.124746561050415039e+00 2.626660168170928955e-01 0.000000000000000000e+00 0.000000000000000000e+00 0.000000000000000000e+00 1.000000000000000000e+00
1.716364035996338367e+09 6.208394527435302734e+00 2.125053882598876953e+00 2.625158429145812988e-01 0.000000000000000000e+00 0.000000000000000000e+00 0.000000000000000000e+00 1.000000000000000000e+00
1.716364036046596527e+09 6.208394527435302734e+00 2.125053882598876953e+00 2.625157833099365234e-01 0.000000000000000000e+00 0.000000000000000000e+00 0.000000000000000000e+00 1.000000000000000000e+00
1.716364036146900177e+09 6.208378314971923828e+00 2.125081777572631836e+00 2.624821960926055908e-01 0.000000000000000000e+00 0.000000000000000000e+00 0.000000000000000000e+00 1.000000000000000000e+00
1.716364036197183132e+09 6.208383560180664062e+00 2.125085592269897017e+00 2.625148296356201172e-01 0.000000000000000000e+00 0.000000000000000000e+00 0.000000000000000000e+00 1.000000000000000000e+00
1.716364036297598362e+09 6.208395481109619141e+00 2.125052928924560547e+00 2.625199258327484131e-01 0.000000000000000000e+00 0.000000000000000000e+00 0.000000000000000000e+00 1.000000000000000000e+00
1.716364036347723246e+09 6.208394527435302734e+00 2.125054836273193359e+00 2.625187635421752930e-01 0.000000000000000000e+00 0.000000000000000000e+00 0.000000000000000000e+00 1.000000000000000000e+00
1.716364036397965908e+09 6.208395004272460938e+00 2.125053882598876953e+00 2.625186443328856867e-01 0.000000000000000000e+00 0.000000000000000000e+00 0.000000000000000000e+00 1.000000000000000000e+00
1.716364036548636675e+09 6.208395004272460938e+00 2.125056743621826172e+00 2.625231444835662842e-01 0.000000000000000000e+00 0.000000000000000000e+00 0.000000000000000000e+00 1.000000000000000000e+00
1.716364036599174500e+09 6.208395481109619141e+00 2.125055313110352007e+00 2.625239193439483087e-01 0.000000000000000000e+00 0.000000000000000000e+00 0.000000000000000000e+00 1.000000000000000000e+00
1.716364036649072409e+09 6.207472324371337891e+00 2.124716997146606445e+00 2.627059817314147949e-01 0.000000000000000000e+00 0.000000000000000000e+00 0.000000000000000000e+00 1.000000000000000000e+00
1.716364036699368954e+09 6.207460403442382812e+00 2.124734163284301758e+00 2.626765668392180841e-01 0.000000000000000000e+00 0.000000000000000000e+00 0.000000000000000000e+00 1.000000000000000000e+00
1.716364036749558687e+09 6.207460403442382812e+00 2.124734163284301758e+00 2.626753449440001886e-01 0.000000000000000000e+00 0.000000000000000000e+00 0.000000000000000000e+00 1.000000000000000000e+00
1.716364036799784184e+09 6.208389759063720703e+00 2.125053167343140093e+00 2.624903023242949884e-01 0.000000000000000000e+00 0.000000000000000000e+00 0.000000000000000000e+00 1.000000000000000000e+00
1.716364036900438786e+09 6.207461833953857422e+00 2.124734878540039062e+00 2.626857459545134943e-01 0.000000000000000000e+00 0.000000000000000000e+00 0.000000000000000000e+00 1.000000000000000000e+00
1.716364037000587702e+09 6.207459449768066406e+00 2.124735116958618164e+00 2.626728117465972900e-01 0.000000000000000000e+00 0.000000000000000000e+00 0.000000000000000000e+00 1.000000000000000000e+00
1.716364037050795317e+09 6.207452774047851562e+00 2.124752521514892578e+00 2.626701295375823975e-01 0.000000000000000000e+00 0.000000000000000000e+00 0.000000000000000000e+00 1.000000000000000000e+00
1.716364037100959301e+09 6.208386421203613281e+00 2.125078916549682617e+00 2.625172138214110773e-01 0.000000000000000000e+00 0.000000000000000000e+00 0.000000000000000000e+00 1.000000000000000000e+00
1.716364037151589155e+09 6.207464694976806641e+00 2.124734163284301758e+00 2.626993060111998957e-01 0.000000000000000000e+00 0.000000000000000000e+00 0.000000000000000000e+00 1.000000000000000000e+00
1.716364037201884508e+09 6.207464694976806641e+00 2.124734163284301758e+00 2.626989185810089111e-01 0.000000000000000000e+00 0.000000000000000000e+00 0.000000000000000000e+00 1.000000000000000000e+00
1.716364037252165794e+09 6.208388328552246094e+00 2.125052928924560547e+00 2.624816894531250000e-01 0.000000000000000000e+00 0.000000000000000000e+00 0.000000000000000000e+00 1.000000000000000000e+00
1.716364037302345991e+09 6.207463741302490234e+00 2.124735593795776367e+00 2.626953125000000000e-01 0.000000000000000000e+00 0.000000000000000000e+00 0.000000000000000000e+00 1.000000000000000000e+00
1.716364037402603626e+09 6.207463264465332031e+00 2.124737024307250977e+00 2.626950144767761230e-01 0.000000000000000000e+00 0.000000000000000000e+00 0.000000000000000000e+00 1.000000000000000000e+00
1.716364037452825785e+09 6.208387851715087891e+00 2.125058889389038086e+00 2.624900937080382746e-01 0.000000000000000000e+00 0.000000000000000000e+00 0.000000000000000000e+00 1.000000000000000000e+00
1.716364037503319979e+09 6.208385467529296875e+00 2.125082969665527788e+00 2.625196874141693115e-01 0.000000000000000000e+00 0.000000000000000000e+00 0.000000000000000000e+00 1.000000000000000000e+00
1.716364037603353739e+09 6.207465648651123047e+00 2.124734640121459961e+00 2.627024054527282160e-01 0.000000000000000000e+00 0.000000000000000000e+00 0.000000000000000000e+00 1.000000000000000000e+00
1.716364037653599977e+09 6.208395481109619141e+00 2.125053882598876953e+00 2.625218331813812256e-01 0.000000000000000000e+00 0.000000000000000000e+00 0.000000000000000000e+00 1.000000000000000000e+00
1.716364037753976345e+09 6.208389759063720703e+00 2.125053167343140093e+00 2.624903619289398193e-01 0.000000000000000000e+00 0.000000000000000000e+00 0.000000000000000000e+00 1.000000000000000000e+00
1.716364037804209471e+09 6.208393573760986328e+00 2.125054836273193359e+00 2.625130712985991877e-01 0.000000000000000000e+00 0.000000000000000000e+00 0.000000000000000000e+00 1.000000000000000000e+00
1.716364037854462624e+09 6.208389282226562500e+00 2.125056982040405273e+00 2.624952793121337891e-01 0.000000000000000000e+00 0.000000000000000000e+00 0.000000000000000000e+00 1.000000000000000000e+00
1.716364037904561043e+09 6.208393573760986328e+00 2.125061035156250000e+00 2.625223398208618164e-01 0.000000000000000000e+00 0.000000000000000000e+00 0.000000000000000000e+00 1.000000000000000000e+00
1.716364037955015421e+09 6.207455158233642578e+00 2.124765396118164062e+00 2.627035379409790039e-01 0.000000000000000000e+00 0.000000000000000000e+00 0.000000000000000000e+00 1.000000000000000000e+00
1.716364038055457830e+09 6.207456588745117188e+00 2.124759197235107422e+00 2.626997232437133789e-01 0.000000000000000000e+00 0.000000000000000000e+00 0.000000000000000000e+00 1.000000000000000000e+00
1.716364038155927658e+09 6.207464694976806641e+00 2.124734878540039062e+00 2.626990079879760742e-01 0.000000000000000000e+00 0.000000000000000000e+00 0.000000000000000000e+00 1.000000000000000000e+00
1.716364038256257534e+09 6.207464218139648438e+00 2.124736309051513672e+00 2.627006173133850098e-01 0.000000000000000000e+00 0.000000000000000000e+00 0.000000000000000000e+00 1.000000000000000000e+00
1.716364038306504488e+09 6.207455158233642578e+00 2.124763727188110352e+00 2.627004384994506836e-01 0.000000000000000000e+00 0.000000000000000000e+00 0.000000000000000000e+00 1.000000000000000000e+00
1.716364038356798649e+09 6.208384037017822266e+00 2.125084400177001953e+00 2.625161111354827881e-01 0.000000000000000000e+00 0.000000000000000000e+00 0.000000000000000000e+00 1.000000000000000000e+00
1.716364038407037973e+09 6.207448959350585938e+00 2.124763488769531250e+00 2.626703083515167236e-01 0.000000000000000000e+00 0.000000000000000000e+00 0.000000000000000000e+00 1.000000000000000000e+00
1.716364038507275581e+09 6.208382129669189453e+00 2.125082015991210938e+00 2.625015676021575928e-01 0.000000000000000000e+00 0.000000000000000000e+00 0.000000000000000000e+00 1.000000000000000000e+00
1.716364038557660103e+09 6.208395004272460938e+00 2.125052928924560547e+00 2.625178396701812744e-01 0.000000000000000000e+00 0.000000000000000000e+00 0.000000000000000000e+00 1.000000000000000000e+00
1.716364038607733727e+09 6.207465171813964844e+00 2.124734401702880859e+00 2.627004683017730158e-01 0.000000000000000000e+00 0.000000000000000000e+00 0.000000000000000000e+00 1.000000000000000000e+00
1.716364038708110332e+09 6.208393573760986328e+00 2.125053405761718750e+00 2.625095844268798828e-01 0.000000000000000000e+00 0.000000000000000000e+00 0.000000000000000000e+00 1.000000000000000000e+00
1.716364038758340120e+09 6.207457065582275391e+00 2.124750137329101562e+00 2.626867890357971191e-01 0.000000000000000000e+00 0.000000000000000000e+00 0.000000000000000000e+00 1.000000000000000000e+00
1.716364038808573484e+09 6.208390712738037109e+00 2.125050544738769087e+00 2.624907791614531916e-01 0.000000000000000000e+00 0.000000000000000000e+00 0.000000000000000000e+00 1.000000000000000000e+00
1.716364038909208059e+09 6.208395481109619141e+00 2.125053405761718750e+00 2.625192403793334961e-01 0.000000000000000000e+00 0.000000000000000000e+00 0.000000000000000000e+00 1.000000000000000000e+00
1.716364038959461451e+09 6.208384513854980469e+00 2.125082731246947798e+00 2.625159323215484064e-01 0.000000000000000000e+00 0.000000000000000000e+00 0.000000000000000000e+00 1.000000000000000000e+00
1.716364039059972048e+09 6.207448959350585938e+00 2.124762058258056641e+00 2.626666724681854248e-01 0.000000000000000000e+00 0.000000000000000000e+00 0.000000000000000000e+00 1.000000000000000000e+00
1.716364039160247087e+09 6.208379268646240234e+00 2.125081300735473633e+00 2.624852359294890802e-01 0.000000000000000000e+00 0.000000000000000000e+00 0.000000000000000000e+00 1.000000000000000000e+00
1.716364039210311890e+09 6.207460880279541016e+00 2.124731302261352539e+00 2.626726627349852961e-01 0.000000000000000000e+00 0.000000000000000000e+00 0.000000000000000000e+00 1.000000000000000000e+00
1.716364039260606289e+09 6.208385944366455078e+00 2.125069856643676758e+00 2.625009417533873957e-01 0.000000000000000000e+00 0.000000000000000000e+00 0.000000000000000000e+00 1.000000000000000000e+00
1.716364039310599089e+09 6.208390235900878906e+00 2.125045061111450195e+00 2.624790370464324951e-01 0.000000000000000000e+00 0.000000000000000000e+00 0.000000000000000000e+00 1.000000000000000000e+00
1.716364039411385059e+09 6.208382129669189453e+00 2.125062465667724609e+00 2.624680101871489923e-01 0.000000000000000000e+00 0.000000000000000000e+00 0.000000000000000000e+00 1.000000000000000000e+00
1.716364039461092234e+09 6.207453727722167969e+00 2.124764204025268999e+00 2.626955807209014893e-01 0.000000000000000000e+00 0.000000000000000000e+00 0.000000000000000000e+00 1.000000000000000000e+00
1.716364039511594772e+09 6.208378314971923828e+00 2.125082731246947798e+00 2.624834477901458740e-01 0.000000000000000000e+00 0.000000000000000000e+00 0.000000000000000000e+00 1.000000000000000000e+00
1.716364039561436415e+09 6.208381175994873047e+00 2.125066518783569336e+00 2.624701559543609064e-01 0.000000000000000000e+00 0.000000000000000000e+00 0.000000000000000000e+00 1.000000000000000000e+00
1.716364039611468792e+09 6.208368301391601562e+00 2.125112533569335938e+00 2.624832689762114923e-01 0.000000000000000000e+00 0.000000000000000000e+00 0.000000000000000000e+00 1.000000000000000000e+00
1.716364039661873817e+09 6.208381175994873047e+00 2.125088453292846680e+00 2.625073492527008057e-01 0.000000000000000000e+00 0.000000000000000000e+00 0.000000000000000000e+00 1.000000000000000000e+00
1.716364039711771250e+09 6.207453727722167969e+00 2.124749183654785156e+00 2.626670598983764093e-01 0.000000000000000000e+00 0.000000000000000000e+00 0.000000000000000000e+00 1.000000000000000000e+00
1.716364039812279463e+09 6.207453250885009766e+00 2.124730348587036133e+00 2.626325488090515137e-01 0.000000000000000000e+00 0.000000000000000000e+00 0.000000000000000000e+00 1.000000000000000000e+00
1.716364039913025141e+09 6.208384990692138672e+00 2.125061035156250000e+00 2.624803185462951105e-01 0.000000000000000000e+00 0.000000000000000000e+00 0.000000000000000000e+00 1.000000000000000000e+00
1.716364039964239359e+09 6.207448959350585938e+00 2.124760150909423828e+00 2.626642584800720215e-01 0.000000000000000000e+00 0.000000000000000000e+00 0.000000000000000000e+00 1.000000000000000000e+00
1.716364040013356209e+09 6.208385944366455078e+00 2.125071763992309570e+00 2.625027000904083252e-01 0.000000000000000000e+00 0.000000000000000000e+00 0.000000000000000000e+00 1.000000000000000000e+00
1.716364040063539505e+09 6.207456111907958984e+00 2.124765396118164062e+00 2.627088129520416260e-01 0.000000000000000000e+00 0.000000000000000000e+00 0.000000000000000000e+00 1.000000000000000000e+00
1.716364040164075375e+09 6.207468509674072266e+00 2.124722480773925781e+00 2.626979649066925049e-01 0.000000000000000000e+00 0.000000000000000000e+00 0.000000000000000000e+00 1.000000000000000000e+00
1.716364040214348078e+09 6.207458972930908203e+00 2.124764204025268999e+00 2.627212405204772949e-01 0.000000000000000000e+00 0.000000000000000000e+00 0.000000000000000000e+00 1.000000000000000000e+00
1.716364040315064669e+09 6.208390712738037109e+00 2.125064611434936523e+00 2.625145614147185724e-01 0.000000000000000000e+00 0.000000000000000000e+00 0.000000000000000000e+00 1.000000000000000000e+00
1.716364040365306139e+09 6.208396911621093750e+00 2.125054121017456055e+00 2.625294625759124756e-01 0.000000000000000000e+00 0.000000000000000000e+00 0.000000000000000000e+00 1.000000000000000000e+00
1.716364040415617943e+09 6.208395004272460938e+00 2.125053167343140093e+00 2.625166773796080988e-01 0.000000000000000000e+00 0.000000000000000000e+00 0.000000000000000000e+00 1.000000000000000000e+00
1.716364040515594006e+09 6.207468032836914062e+00 2.124737024307250977e+00 2.627198696136474054e-01 0.000000000000000000e+00 0.000000000000000000e+00 0.000000000000000000e+00 1.000000000000000000e+00
1.716364040565713167e+09 6.207464694976806641e+00 2.124734640121459961e+00 2.626992166042327881e-01 0.000000000000000000e+00 0.000000000000000000e+00 0.000000000000000000e+00 1.000000000000000000e+00
1.716364040615905046e+09 6.208387374877929688e+00 2.125076055526733398e+00 2.625172436237335205e-01 0.000000000000000000e+00 0.000000000000000000e+00 0.000000000000000000e+00 1.000000000000000000e+00
1.716364040716417551e+09 6.207455158233642578e+00 2.124728918075561079e+00 2.626402378082274836e-01 0.000000000000000000e+00 0.000000000000000000e+00 0.000000000000000000e+00 1.000000000000000000e+00
1.716364040766678333e+09 6.208394527435302734e+00 2.125038385391235796e+00 2.624881267547606867e-01 0.000000000000000000e+00 0.000000000000000000e+00 0.000000000000000000e+00 1.000000000000000000e+00
1.716364040816806555e+09 6.208389282226562500e+00 2.125051021575928178e+00 2.624850273132324219e-01 0.000000000000000000e+00 0.000000000000000000e+00 0.000000000000000000e+00 1.000000000000000000e+00
1.716364040917582512e+09 6.208389759063720703e+00 2.125050067901611772e+00 2.624844312667846125e-01 0.000000000000000000e+00 0.000000000000000000e+00 0.000000000000000000e+00 1.000000000000000000e+00
1.716364040967818499e+09 6.208378314971923828e+00 2.125084161758422852e+00 2.624850869178771973e-01 0.000000000000000000e+00 0.000000000000000000e+00 0.000000000000000000e+00 1.000000000000000000e+00
1.716364041018035650e+09 6.207459449768066406e+00 2.124732017517089844e+00 2.626668214797973078e-01 0.000000000000000000e+00 0.000000000000000000e+00 0.000000000000000000e+00 1.000000000000000000e+00
1.716364041118813515e+09 6.208395957946777344e+00 2.125053882598876953e+00 2.625243365764617920e-01 0.000000000000000000e+00 0.000000000000000000e+00 0.000000000000000000e+00 1.000000000000000000e+00
1.716364041169292212e+09 6.208394527435302734e+00 2.125054836273193359e+00 2.625166475772857111e-01 0.000000000000000000e+00 0.000000000000000000e+00 0.000000000000000000e+00 1.000000000000000000e+00
1.716364041219086409e+09 6.208405494689941406e+00 2.125023126602172852e+00 2.625181078910827082e-01 0.000000000000000000e+00 0.000000000000000000e+00 0.000000000000000000e+00 1.000000000000000000e+00
1.716364041319710970e+09 6.208399772644042969e+00 2.125046491622924805e+00 2.625306844711303156e-01 0.000000000000000000e+00 0.000000000000000000e+00 0.000000000000000000e+00 1.000000000000000000e+00
1.716364041369513512e+09 6.208394527435302734e+00 2.125049591064453125e+00 2.625078260898590088e-01 0.000000000000000000e+00 0.000000000000000000e+00 0.000000000000000000e+00 1.000000000000000000e+00
1.716364041419693470e+09 6.207469463348388672e+00 2.124715805053710938e+00 2.626906335353850763e-01 0.000000000000000000e+00 0.000000000000000000e+00 0.000000000000000000e+00 1.000000000000000000e+00
1.716364041520221949e+09 6.208394050598144531e+00 2.125050783157348633e+00 2.625083029270172119e-01 0.000000000000000000e+00 0.000000000000000000e+00 0.000000000000000000e+00 1.000000000000000000e+00
1.716364041570304155e+09 6.208387374877929688e+00 2.125072002410888672e+00 2.625098526477813166e-01 0.000000000000000000e+00 0.000000000000000000e+00 0.000000000000000000e+00 1.000000000000000000e+00
1.716364041620439291e+09 6.208388328552246094e+00 2.125085115432739702e+00 2.625380456447600763e-01 0.000000000000000000e+00 0.000000000000000000e+00 0.000000000000000000e+00 1.000000000000000000e+00
1.716364041670631647e+09 6.207454681396484375e+00 2.124762296676636186e+00 2.626958787441253107e-01 0.000000000000000000e+00 0.000000000000000000e+00 0.000000000000000000e+00 1.000000000000000000e+00
1.716364041771137714e+09 6.207464218139648438e+00 2.124734640121459961e+00 2.626957297325134277e-01 0.000000000000000000e+00 0.000000000000000000e+00 0.000000000000000000e+00 1.000000000000000000e+00
1.716364041821637154e+09 6.208395004272460938e+00 2.125052690505981001e+00 2.625160813331604004e-01 0.000000000000000000e+00 0.000000000000000000e+00 0.000000000000000000e+00 1.000000000000000000e+00
1.716364041871601820e+09 6.207463264465332031e+00 2.124737024307250977e+00 2.626956403255462091e-01 0.000000000000000000e+00 0.000000000000000000e+00 0.000000000000000000e+00 1.000000000000000000e+00
1.716364041921611547e+09 6.208388328552246094e+00 2.125084877014160156e+00 2.625394761562346857e-01 0.000000000000000000e+00 0.000000000000000000e+00 0.000000000000000000e+00 1.000000000000000000e+00
1.716364041971937895e+09 6.207454204559326172e+00 2.124763250350952148e+00 2.626947462558745783e-01 0.000000000000000000e+00 0.000000000000000000e+00 0.000000000000000000e+00 1.000000000000000000e+00
1.716364042022209644e+09 6.208404541015625000e+00 2.125036478042602539e+00 2.625373601913452148e-01 0.000000000000000000e+00 0.000000000000000000e+00 0.000000000000000000e+00 1.000000000000000000e+00
1.716364042072398663e+09 6.207469463348388672e+00 2.124731779098510742e+00 2.627181112766265869e-01 0.000000000000000000e+00 0.000000000000000000e+00 0.000000000000000000e+00 1.000000000000000000e+00
1.716364042122546434e+09 6.208404541015625000e+00 2.125023126602172852e+00 2.625136971473693848e-01 0.000000000000000000e+00 0.000000000000000000e+00 0.000000000000000000e+00 1.000000000000000000e+00
1.716364042172738075e+09 6.208392143249511719e+00 2.125055074691772461e+00 2.625055611133574884e-01 0.000000000000000000e+00 0.000000000000000000e+00 0.000000000000000000e+00 1.000000000000000000e+00
1.716364042223086596e+09 6.207462310791015625e+00 2.124735355377197266e+00 2.626872956752777100e-01 0.000000000000000000e+00 0.000000000000000000e+00 0.000000000000000000e+00 1.000000000000000000e+00
1.716364042273277998e+09 6.208384990692138672e+00 2.125070333480834961e+00 2.624963819980620783e-01 0.000000000000000000e+00 0.000000000000000000e+00 0.000000000000000000e+00 1.000000000000000000e+00
1.716364042323491573e+09 6.207452774047851562e+00 2.124749898910522461e+00 2.626655399799346924e-01 0.000000000000000000e+00 0.000000000000000000e+00 0.000000000000000000e+00 1.000000000000000000e+00
1.716364042373893976e+09 6.207464694976806641e+00 2.124733209609985352e+00 2.626966238021850031e-01 0.000000000000000000e+00 0.000000000000000000e+00 0.000000000000000000e+00 1.000000000000000000e+00
1.716364042424161911e+09 6.208391189575195312e+00 2.125051975250244141e+00 2.624956965446472168e-01 0.000000000000000000e+00 0.000000000000000000e+00 0.000000000000000000e+00 1.000000000000000000e+00
1.716364042524574757e+09 6.208393096923828125e+00 2.125054597854614258e+00 2.625094056129455011e-01 0.000000000000000000e+00 0.000000000000000000e+00 0.000000000000000000e+00 1.000000000000000000e+00
1.716364042574901342e+09 6.208382129669189453e+00 2.125086069107056108e+00 2.625096142292022150e-01 0.000000000000000000e+00 0.000000000000000000e+00 0.000000000000000000e+00 1.000000000000000000e+00
1.716364042624921322e+09 6.207455635070800781e+00 2.124756574630737305e+00 2.626917958259581964e-01 0.000000000000000000e+00 0.000000000000000000e+00 0.000000000000000000e+00 1.000000000000000000e+00
1.716364042725582600e+09 6.207460403442382812e+00 2.124734163284301758e+00 2.626766264438629150e-01 0.000000000000000000e+00 0.000000000000000000e+00 0.000000000000000000e+00 1.000000000000000000e+00
1.716364042775705576e+09 6.207471847534179688e+00 2.124704360961914062e+00 2.626818120479583740e-01 0.000000000000000000e+00 0.000000000000000000e+00 0.000000000000000000e+00 1.000000000000000000e+00
1.716364042825903893e+09 6.207467555999755859e+00 2.124701499938964844e+00 2.626561224460601807e-01 0.000000000000000000e+00 0.000000000000000000e+00 0.000000000000000000e+00 1.000000000000000000e+00
1.716364042926326275e+09 6.208391189575195312e+00 2.125054359436035156e+00 2.625006735324859064e-01 0.000000000000000000e+00 0.000000000000000000e+00 0.000000000000000000e+00 1.000000000000000000e+00
1.716364043026751280e+09 6.207459926605224609e+00 2.124736547470092773e+00 2.626774907112121027e-01 0.000000000000000000e+00 0.000000000000000000e+00 0.000000000000000000e+00 1.000000000000000000e+00
1.716364043076978445e+09 6.207463264465332031e+00 2.124723196029663086e+00 2.626707553863524836e-01 0.000000000000000000e+00 0.000000000000000000e+00 0.000000000000000000e+00 1.000000000000000000e+00
1.716364043127212048e+09 6.208406925201416016e+00 2.125001192092895508e+00 2.624867260456085205e-01 0.000000000000000000e+00 0.000000000000000000e+00 0.000000000000000000e+00 1.000000000000000000e+00
1.716364043227864265e+09 6.207469940185546875e+00 2.124711751937866211e+00 2.626869678497313898e-01 0.000000000000000000e+00 0.000000000000000000e+00 0.000000000000000000e+00 1.000000000000000000e+00
1.716364043278240204e+09 6.207463264465332031e+00 2.124733448028564453e+00 2.626899480819702148e-01 0.000000000000000000e+00 0.000000000000000000e+00 0.000000000000000000e+00 1.000000000000000000e+00
1.716364043328464746e+09 6.208393573760986328e+00 2.125053167343140093e+00 2.625093758106231134e-01 0.000000000000000000e+00 0.000000000000000000e+00 0.000000000000000000e+00 1.000000000000000000e+00
1.716364043428852320e+09 6.208403587341308594e+00 2.125024080276489258e+00 2.625094652175902765e-01 0.000000000000000000e+00 0.000000000000000000e+00 0.000000000000000000e+00 1.000000000000000000e+00
1.716364043479440451e+09 6.207472801208496094e+00 2.124706745147705078e+00 2.626917064189910889e-01 0.000000000000000000e+00 0.000000000000000000e+00 0.000000000000000000e+00 1.000000000000000000e+00
1.716364043529625177e+09 6.207467555999755859e+00 2.124719858169556108e+00 2.626888453960418146e-01 0.000000000000000000e+00 0.000000000000000000e+00 0.000000000000000000e+00 1.000000000000000000e+00
1.716364043579981804e+09 6.207461833953857422e+00 2.124736547470092773e+00 2.626871764659881037e-01 0.000000000000000000e+00 0.000000000000000000e+00 0.000000000000000000e+00 1.000000000000000000e+00
1.716364043630050898e+09 6.207462310791015625e+00 2.124733686447143999e+00 2.626864910125731867e-01 0.000000000000000000e+00 0.000000000000000000e+00 0.000000000000000000e+00 1.000000000000000000e+00
1.716364043684150219e+09 6.207457065582275391e+00 2.124733686447143999e+00 2.626586258411406916e-01 0.000000000000000000e+00 0.000000000000000000e+00 0.000000000000000000e+00 1.000000000000000000e+00
1.716364043730618000e+09 6.208395957946777344e+00 2.125022888183593750e+00 2.624700963497161865e-01 0.000000000000000000e+00 0.000000000000000000e+00 0.000000000000000000e+00 1.000000000000000000e+00
1.716364043780827284e+09 6.207466602325440341e+00 2.124702930450439453e+00 2.626538276672362726e-01 0.000000000000000000e+00 0.000000000000000000e+00 0.000000000000000000e+00 1.000000000000000000e+00
1.716364043831578970e+09 6.207459449768066406e+00 2.124734640121459961e+00 2.626712918281555176e-01 0.000000000000000000e+00 0.000000000000000000e+00 0.000000000000000000e+00 1.000000000000000000e+00
1.716364043881199598e+09 6.207457065582275391e+00 2.124735116958618164e+00 2.626611292362213135e-01 0.000000000000000000e+00 0.000000000000000000e+00 0.000000000000000000e+00 1.000000000000000000e+00
1.716364043931525230e+09 6.208384513854980469e+00 2.125076532363892046e+00 2.625054121017456055e-01 0.000000000000000000e+00 0.000000000000000000e+00 0.000000000000000000e+00 1.000000000000000000e+00
1.716364043981757164e+09 6.207456588745117188e+00 2.124752283096313032e+00 2.626876831054686945e-01 0.000000000000000000e+00 0.000000000000000000e+00 0.000000000000000000e+00 1.000000000000000000e+00
1.716364044032261848e+09 6.208390712738037109e+00 2.125056266784667969e+00 2.625012695789337158e-01 0.000000000000000000e+00 0.000000000000000000e+00 0.000000000000000000e+00 1.000000000000000000e+00
1.716364044132349730e+09 6.208396911621093750e+00 2.125037670135498047e+00 2.625004947185515802e-01 0.000000000000000000e+00 0.000000000000000000e+00 0.000000000000000000e+00 1.000000000000000000e+00
1.716364044182524920e+09 6.208391666412353516e+00 2.125053644180297852e+00 2.625004947185515802e-01 0.000000000000000000e+00 0.000000000000000000e+00 0.000000000000000000e+00 1.000000000000000000e+00
1.716364044232721090e+09 6.208392620086669922e+00 2.125051259994506836e+00 2.625004947185515802e-01 0.000000000000000000e+00 0.000000000000000000e+00 0.000000000000000000e+00 1.000000000000000000e+00
1.716364044282983780e+09 6.208397388458251953e+00 2.125057458877563477e+00 2.625356018543242853e-01 0.000000000000000000e+00 0.000000000000000000e+00 0.000000000000000000e+00 1.000000000000000000e+00
1.716364044333205700e+09 6.208393096923828125e+00 2.125055789947509766e+00 2.625117301940917969e-01 0.000000000000000000e+00 0.000000000000000000e+00 0.000000000000000000e+00 1.000000000000000000e+00
1.716364044383399963e+09 6.207462787628173828e+00 2.124737501144409180e+00 2.626939713954924982e-01 0.000000000000000000e+00 0.000000000000000000e+00 0.000000000000000000e+00 1.000000000000000000e+00
1.716364044433412790e+09 6.208392620086669922e+00 2.125056982040405273e+00 2.625124156475067139e-01 0.000000000000000000e+00 0.000000000000000000e+00 0.000000000000000000e+00 1.000000000000000000e+00
1.716364044483800173e+09 6.208397388458251953e+00 2.125043153762817383e+00 2.625117003917694092e-01 0.000000000000000000e+00 0.000000000000000000e+00 0.000000000000000000e+00 1.000000000000000000e+00
1.716364044533916473e+09 6.208402156829833984e+00 2.125025510787963867e+00 2.625057995319365900e-01 0.000000000000000000e+00 0.000000000000000000e+00 0.000000000000000000e+00 1.000000000000000000e+00
1.716364044584160328e+09 6.208391666412353516e+00 2.125055074691772461e+00 2.625041306018828791e-01 0.000000000000000000e+00 0.000000000000000000e+00 0.000000000000000000e+00 1.000000000000000000e+00
1.716364044634432554e+09 6.208392143249511719e+00 2.125054121017456055e+00 2.625041306018828791e-01 0.000000000000000000e+00 0.000000000000000000e+00 0.000000000000000000e+00 1.000000000000000000e+00
1.716364044684592962e+09 6.207461357116699219e+00 2.124736785888671875e+00 2.626863420009613037e-01 0.000000000000000000e+00 0.000000000000000000e+00 0.000000000000000000e+00 1.000000000000000000e+00
1.716364044784979343e+09 6.208401679992675781e+00 2.125031232833862305e+00 2.625118196010589044e-01 0.000000000000000000e+00 0.000000000000000000e+00 0.000000000000000000e+00 1.000000000000000000e+00
1.716364044835251808e+09 6.207463264465332031e+00 2.124737024307250977e+00 2.626951634883880060e-01 0.000000000000000000e+00 0.000000000000000000e+00 0.000000000000000000e+00 1.000000000000000000e+00
1.716364044885529995e+09 6.208398342132568359e+00 2.125054836273193359e+00 2.625378966331481934e-01 0.000000000000000000e+00 0.000000000000000000e+00 0.000000000000000000e+00 1.000000000000000000e+00
1.716364044986124039e+09 6.208404064178466797e+00 2.125024557113647461e+00 2.625143229961395264e-01 0.000000000000000000e+00 0.000000000000000000e+00 0.000000000000000000e+00 1.000000000000000000e+00
1.716364045036601782e+09 6.207472324371337891e+00 2.124705553054809570e+00 2.626875936985015869e-01 0.000000000000000000e+00 0.000000000000000000e+00 0.000000000000000000e+00 1.000000000000000000e+00
1.716364045086627722e+09 6.207472324371337891e+00 2.124705553054809570e+00 2.626874148845672052e-01 0.000000000000000000e+00 0.000000000000000000e+00 0.000000000000000000e+00 1.000000000000000000e+00
1.716364045136871099e+09 6.208402156829833984e+00 2.125025033950805664e+00 2.625034749507904053e-01 0.000000000000000000e+00 0.000000000000000000e+00 0.000000000000000000e+00 1.000000000000000000e+00
1.716364045237108707e+09 6.208392143249511719e+00 2.125054359436035156e+00 2.625056803226470947e-01 0.000000000000000000e+00 0.000000000000000000e+00 0.000000000000000000e+00 1.000000000000000000e+00
1.716364045287317038e+09 6.207461833953857422e+00 2.124733448028564453e+00 2.626820504665374756e-01 0.000000000000000000e+00 0.000000000000000000e+00 0.000000000000000000e+00 1.000000000000000000e+00
1.716364045337471247e+09 6.207451343536376953e+00 2.124768018722534180e+00 2.626882195472716730e-01 0.000000000000000000e+00 0.000000000000000000e+00 0.000000000000000000e+00 1.000000000000000000e+00
1.716364045437956333e+09 6.208386898040772373e+00 2.125054836273193359e+00 2.624785006046295166e-01 0.000000000000000000e+00 0.000000000000000000e+00 0.000000000000000000e+00 1.000000000000000000e+00
1.716364045488369942e+09 6.208392620086669922e+00 2.125054359436035156e+00 2.625063955783843994e-01 0.000000000000000000e+00 0.000000000000000000e+00 0.000000000000000000e+00 1.000000000000000000e+00
1.716364045538580418e+09 6.207468032836914062e+00 2.124702930450439453e+00 2.626596391201018732e-01 0.000000000000000000e+00 0.000000000000000000e+00 0.000000000000000000e+00 1.000000000000000000e+00
1.716364045638997793e+09 6.208404064178466797e+00 2.125021696090698242e+00 2.625073194503784180e-01 0.000000000000000000e+00 0.000000000000000000e+00 0.000000000000000000e+00 1.000000000000000000e+00
1.716364045689687729e+09 6.207463264465332031e+00 2.124732017517089844e+00 2.626861035823822021e-01 0.000000000000000000e+00 0.000000000000000000e+00 0.000000000000000000e+00 1.000000000000000000e+00
1.716364045739261627e+09 6.208387374877929688e+00 2.125051975250244141e+00 2.624769210815429132e-01 0.000000000000000000e+00 0.000000000000000000e+00 0.000000000000000000e+00 1.000000000000000000e+00
1.716364045839794636e+09 6.208386898040772373e+00 2.125050544738769087e+00 2.624723613262175959e-01 0.000000000000000000e+00 0.000000000000000000e+00 0.000000000000000000e+00 1.000000000000000000e+00
1.716364045890238285e+09 6.208394527435302734e+00 2.125045537948608398e+00 2.625022530555725098e-01 0.000000000000000000e+00 0.000000000000000000e+00 0.000000000000000000e+00 1.000000000000000000e+00
1.716364045940465450e+09 6.208403110504150391e+00 2.125021219253540039e+00 2.625024914741516113e-01 0.000000000000000000e+00 0.000000000000000000e+00 0.000000000000000000e+00 1.000000000000000000e+00
1.716364045990670443e+09 6.207464218139648438e+00 2.124727249145507812e+00 2.626845836639403742e-01 0.000000000000000000e+00 0.000000000000000000e+00 0.000000000000000000e+00 1.000000000000000000e+00
1.716364046040956497e+09 6.208402633666992188e+00 2.125030279159545898e+00 2.625151276588439941e-01 0.000000000000000000e+00 0.000000000000000000e+00 0.000000000000000000e+00 1.000000000000000000e+00
1.716364046091104746e+09 6.208395004272460938e+00 2.125051975250244141e+00 2.625149786472320002e-01 0.000000000000000000e+00 0.000000000000000000e+00 0.000000000000000000e+00 1.000000000000000000e+00
1.716364046191520214e+09 6.207479476928710938e+00 2.124706506729125977e+00 2.627242803573607843e-01 0.000000000000000000e+00 0.000000000000000000e+00 0.000000000000000000e+00 1.000000000000000000e+00
1.716364046291811943e+09 6.208395481109619141e+00 2.125046968460083008e+00 2.625084817409514826e-01 0.000000000000000000e+00 0.000000000000000000e+00 0.000000000000000000e+00 1.000000000000000000e+00
1.716364046342744589e+09 6.208393096923828125e+00 2.125054359436035156e+00 2.625094354152678888e-01 0.000000000000000000e+00 0.000000000000000000e+00 0.000000000000000000e+00 1.000000000000000000e+00
1.716364046392163038e+09 6.208393096923828125e+00 2.125053882598876953e+00 2.625083625316619873e-01 0.000000000000000000e+00 0.000000000000000000e+00 0.000000000000000000e+00 1.000000000000000000e+00
1.716364046442437410e+09 6.207463741302490234e+00 2.124733209609985352e+00 2.626922428607940119e-01 0.000000000000000000e+00 0.000000000000000000e+00 0.000000000000000000e+00 1.000000000000000000e+00
1.716364046542912722e+09 6.207457542419433594e+00 2.124734640121459961e+00 2.626625895500183105e-01 0.000000000000000000e+00 0.000000000000000000e+00 0.000000000000000000e+00 1.000000000000000000e+00
1.716364046593248606e+09 6.207458019256591797e+00 2.124732732772827148e+00 2.626615166664122980e-01 0.000000000000000000e+00 0.000000000000000000e+00 0.000000000000000000e+00 1.000000000000000000e+00
1.716364046643499374e+09 6.208388805389404297e+00 2.125050544738769087e+00 2.624799907207489014e-01 0.000000000000000000e+00 0.000000000000000000e+00 0.000000000000000000e+00 1.000000000000000000e+00
1.716364046743927717e+09 6.208403587341308594e+00 2.125035047531127930e+00 2.625295221805571955e-01 0.000000000000000000e+00 0.000000000000000000e+00 0.000000000000000000e+00 1.000000000000000000e+00
1.716364046793976545e+09 6.207470417022705078e+00 2.124712467193603516e+00 2.626904845237731934e-01 0.000000000000000000e+00 0.000000000000000000e+00 0.000000000000000000e+00 1.000000000000000000e+00
1.716364046844185829e+09 6.207471370697021484e+00 2.124711036682128906e+00 2.626918554306030273e-01 0.000000000000000000e+00 0.000000000000000000e+00 0.000000000000000000e+00 1.000000000000000000e+00
1.716364046894325256e+09 6.208403587341308594e+00 2.125023126602172852e+00 2.625092864036560059e-01 0.000000000000000000e+00 0.000000000000000000e+00 0.000000000000000000e+00 1.000000000000000000e+00
1.716364046994855404e+09 6.207477569580078125e+00 2.124676227569580078e+00 2.626619338989257812e-01 0.000000000000000000e+00 0.000000000000000000e+00 0.000000000000000000e+00 1.000000000000000000e+00
1.716364047045471191e+09 6.207473278045654297e+00 2.124703168869018555e+00 2.626881897449492853e-01 0.000000000000000000e+00 0.000000000000000000e+00 0.000000000000000000e+00 1.000000000000000000e+00
1.716364047095392942e+09 6.208406925201416016e+00 2.125022411346435547e+00 2.625240981578826904e-01 0.000000000000000000e+00 0.000000000000000000e+00 0.000000000000000000e+00 1.000000000000000000e+00
1.716364047195828438e+09 6.207462787628173828e+00 2.124733448028564453e+00 2.626864314079284113e-01 0.000000000000000000e+00 0.000000000000000000e+00 0.000000000000000000e+00 1.000000000000000000e+00
1.716364047296215773e+09 6.208406448364257812e+00 2.125022888183593750e+00 2.625235915184020996e-01 0.000000000000000000e+00 0.000000000000000000e+00 0.000000000000000000e+00 1.000000000000000000e+00
1.716364047346341372e+09 6.207472801208496094e+00 2.124708414077758789e+00 2.626957595348358154e-01 0.000000000000000000e+00 0.000000000000000000e+00 0.000000000000000000e+00 1.000000000000000000e+00
1.716364047396909237e+09 6.207469463348388672e+00 2.124735355377197266e+00 2.627234756946563166e-01 0.000000000000000000e+00 0.000000000000000000e+00 0.000000000000000000e+00 1.000000000000000000e+00
1.716364047497072220e+09 6.208398818969726562e+00 2.125054121017456055e+00 2.625389993190764826e-01 0.000000000000000000e+00 0.000000000000000000e+00 0.000000000000000000e+00 1.000000000000000000e+00
1.716364047547258615e+09 6.208397388458251953e+00 2.125056266784667969e+00 2.625356316566466730e-01 0.000000000000000000e+00 0.000000000000000000e+00 0.000000000000000000e+00 1.000000000000000000e+00
1.716364047597419977e+09 6.207472324371337891e+00 2.124723911285400391e+00 2.627194225788115900e-01 0.000000000000000000e+00 0.000000000000000000e+00 0.000000000000000000e+00 1.000000000000000000e+00
1.716364047647611141e+09 6.207472324371337891e+00 2.124706029891968218e+00 2.626870572566986084e-01 0.000000000000000000e+00 0.000000000000000000e+00 0.000000000000000000e+00 1.000000000000000000e+00
1.716364047697890043e+09 6.207472801208496094e+00 2.124705314636230469e+00 2.626886367797851007e-01 0.000000000000000000e+00 0.000000000000000000e+00 0.000000000000000000e+00 1.000000000000000000e+00
1.716364047849320412e+09 6.207475185394287109e+00 2.124706029891968218e+00 2.627017498016356867e-01 0.000000000000000000e+00 0.000000000000000000e+00 0.000000000000000000e+00 1.000000000000000000e+00
1.716364047898664951e+09 6.207460880279541016e+00 2.124730348587036133e+00 2.626731395721434992e-01 0.000000000000000000e+00 0.000000000000000000e+00 0.000000000000000000e+00 1.000000000000000000e+00
1.716364047998997688e+09 6.207466125488281250e+00 2.124724864959716797e+00 2.626884877681732178e-01 0.000000000000000000e+00 0.000000000000000000e+00 0.000000000000000000e+00 1.000000000000000000e+00
1.716364048049331427e+09 6.208394527435302734e+00 2.125047922134399414e+00 2.625060379505156916e-01 0.000000000000000000e+00 0.000000000000000000e+00 0.000000000000000000e+00 1.000000000000000000e+00
1.716364048099394321e+09 6.208393573760986328e+00 2.125052690505981001e+00 2.625080645084381104e-01 0.000000000000000000e+00 0.000000000000000000e+00 0.000000000000000000e+00 1.000000000000000000e+00
1.716364048150002956e+09 6.207475185394287109e+00 2.124698638916016069e+00 2.626888453960418146e-01 0.000000000000000000e+00 0.000000000000000000e+00 0.000000000000000000e+00 1.000000000000000000e+00
1.716364048300580502e+09 6.208404064178466797e+00 2.125025272369384766e+00 2.625156044960021973e-01 0.000000000000000000e+00 0.000000000000000000e+00 0.000000000000000000e+00 1.000000000000000000e+00
1.716364048350819826e+09 6.207466125488281250e+00 2.124734878540039062e+00 2.627068758010864258e-01 0.000000000000000000e+00 0.000000000000000000e+00 0.000000000000000000e+00 1.000000000000000000e+00
1.716364048451523066e+09 6.208399295806884766e+00 2.125052928924560547e+00 2.625386714935302734e-01 0.000000000000000000e+00 0.000000000000000000e+00 0.000000000000000000e+00 1.000000000000000000e+00
1.716364048551726341e+09 6.207472324371337891e+00 2.124706029891968218e+00 2.626883387565612793e-01 0.000000000000000000e+00 0.000000000000000000e+00 0.000000000000000000e+00 1.000000000000000000e+00
1.716364048601893187e+09 6.208403587341308594e+00 2.125021934509277344e+00 2.625070810317993164e-01 0.000000000000000000e+00 0.000000000000000000e+00 0.000000000000000000e+00 1.000000000000000000e+00
1.716364048702310801e+09 6.207463264465332031e+00 2.124732494354248047e+00 2.626881301403045099e-01 0.000000000000000000e+00 0.000000000000000000e+00 0.000000000000000000e+00 1.000000000000000000e+00
1.716364048802755356e+09 6.208403587341308594e+00 2.125022649765014204e+00 2.625079452991485041e-01 0.000000000000000000e+00 0.000000000000000000e+00 0.000000000000000000e+00 1.000000000000000000e+00
1.716364048852888346e+09 6.208397388458251953e+00 2.125053405761718750e+00 2.625304758548736017e-01 0.000000000000000000e+00 0.000000000000000000e+00 0.000000000000000000e+00 1.000000000000000000e+00
1.716364048953375340e+09 6.208402633666992188e+00 2.125024557113647461e+00 2.625068426132202148e-01 0.000000000000000000e+00 0.000000000000000000e+00 0.000000000000000000e+00 1.000000000000000000e+00
1.716364049053819180e+09 6.207464218139648438e+00 2.124733924865722656e+00 2.626955211162567139e-01 0.000000000000000000e+00 0.000000000000000000e+00 0.000000000000000000e+00 1.000000000000000000e+00
1.716364049104157448e+09 6.208397388458251953e+00 2.125053167343140093e+00 2.625287771224975031e-01 0.000000000000000000e+00 0.000000000000000000e+00 0.000000000000000000e+00 1.000000000000000000e+00
1.716364049154198885e+09 6.207471370697021484e+00 2.124728918075561079e+00 2.627220153808593750e-01 0.000000000000000000e+00 0.000000000000000000e+00 0.000000000000000000e+00 1.000000000000000000e+00
1.716364049204623222e+09 6.208404541015625000e+00 2.125024318695068359e+00 2.625141739845275879e-01 0.000000000000000000e+00 0.000000000000000000e+00 0.000000000000000000e+00 1.000000000000000000e+00
1.716364049254466057e+09 6.207475185394287109e+00 2.124705076217651811e+00 2.627006173133850098e-01 0.000000000000000000e+00 0.000000000000000000e+00 0.000000000000000000e+00 1.000000000000000000e+00
1.716364049304571390e+09 6.207479953765869141e+00 2.124703645706176758e+00 2.627236247062683105e-01 0.000000000000000000e+00 0.000000000000000000e+00 0.000000000000000000e+00 1.000000000000000000e+00
1.716364049354723692e+09 6.207475185394287109e+00 2.124704837799072266e+00 2.626999318599700928e-01 0.000000000000000000e+00 0.000000000000000000e+00 0.000000000000000000e+00 1.000000000000000000e+00
1.716364049404775143e+09 6.207471370697021484e+00 2.124715566635131836e+00 2.626993358135222834e-01 0.000000000000000000e+00 0.000000000000000000e+00 0.000000000000000000e+00 1.000000000000000000e+00
1.716364049454977989e+09 6.207476139068604404e+00 2.124702215194702148e+00 2.626994252204895020e-01 0.000000000000000000e+00 0.000000000000000000e+00 0.000000000000000000e+00 1.000000000000000000e+00
1.716364049505069494e+09 6.207480430603027344e+00 2.124702453613280806e+00 2.627224624156951904e-01 0.000000000000000000e+00 0.000000000000000000e+00 0.000000000000000000e+00 1.000000000000000000e+00
1.716364049605430365e+09 6.208411693572998047e+00 2.125020980834960938e+00 2.625449001789093018e-01 0.000000000000000000e+00 0.000000000000000000e+00 0.000000000000000000e+00 1.000000000000000000e+00
1.716364049655541658e+09 6.208405017852783203e+00 2.125021934509277344e+00 2.625139951705932062e-01 0.000000000000000000e+00 0.000000000000000000e+00 0.000000000000000000e+00 1.000000000000000000e+00
1.716364049705804348e+09 6.208405494689941406e+00 2.125021457672119141e+00 2.625150680541992188e-01 0.000000000000000000e+00 0.000000000000000000e+00 0.000000000000000000e+00 1.000000000000000000e+00
1.716364049806216478e+09 6.208393096923828125e+00 2.125051975250244141e+00 2.625065147876738947e-01 0.000000000000000000e+00 0.000000000000000000e+00 0.000000000000000000e+00 1.000000000000000000e+00
1.716364049906618834e+09 6.208400726318359375e+00 2.125018835067749023e+00 2.624855637550354004e-01 0.000000000000000000e+00 0.000000000000000000e+00 0.000000000000000000e+00 1.000000000000000000e+00
1.716364049956788778e+09 6.207474231719970703e+00 2.124701738357543945e+00 2.626901865005493164e-01 0.000000000000000000e+00 0.000000000000000000e+00 0.000000000000000000e+00 1.000000000000000000e+00
1.716364050057178974e+09 6.207467555999755859e+00 2.124720811843872070e+00 2.626886069774627130e-01 0.000000000000000000e+00 0.000000000000000000e+00 0.000000000000000000e+00 1.000000000000000000e+00
1.716364050207674026e+09 6.208405494689941406e+00 2.125016450881958008e+00 2.625061273574829102e-01 0.000000000000000000e+00 0.000000000000000000e+00 0.000000000000000000e+00 1.000000000000000000e+00
1.716364050308227301e+09 6.208405494689941406e+00 2.125016450881958008e+00 2.625071406364440918e-01 0.000000000000000000e+00 0.000000000000000000e+00 0.000000000000000000e+00 1.000000000000000000e+00
1.716364050359549046e+09 6.208404541015625000e+00 2.125019550323486328e+00 2.625077068805694025e-01 0.000000000000000000e+00 0.000000000000000000e+00 0.000000000000000000e+00 1.000000000000000000e+00
1.716364050458855152e+09 6.207472801208496094e+00 2.124705791473388672e+00 2.626890242099761963e-01 0.000000000000000000e+00 0.000000000000000000e+00 0.000000000000000000e+00 1.000000000000000000e+00
1.716364050509093523e+09 6.208405971527099609e+00 2.125019073486328125e+00 2.625146508216857910e-01 0.000000000000000000e+00 0.000000000000000000e+00 0.000000000000000000e+00 1.000000000000000000e+00
1.716364050559300661e+09 6.207476615905761719e+00 2.124697208404541016e+00 2.626945376396179199e-01 0.000000000000000000e+00 0.000000000000000000e+00 0.000000000000000000e+00 1.000000000000000000e+00
1.716364050659695625e+09 6.208405494689941406e+00 2.125021696090698242e+00 2.625143527984619141e-01 0.000000000000000000e+00 0.000000000000000000e+00 0.000000000000000000e+00 1.000000000000000000e+00
1.716364050710010767e+09 6.207474231719970703e+00 2.124704599380493164e+00 2.626954019069671076e-01 0.000000000000000000e+00 0.000000000000000000e+00 0.000000000000000000e+00 1.000000000000000000e+00
1.716364050810375690e+09 6.207463264465332031e+00 2.124732732772827148e+00 2.626885175704956055e-01 0.000000000000000000e+00 0.000000000000000000e+00 0.000000000000000000e+00 1.000000000000000000e+00
1.716364050860697746e+09 6.207478046417236328e+00 2.124706268310546875e+00 2.627177238464354914e-01 0.000000000000000000e+00 0.000000000000000000e+00 0.000000000000000000e+00 1.000000000000000000e+00
1.716364050910784483e+09 6.207463741302490234e+00 2.124731540679932085e+00 2.626896798610687256e-01 0.000000000000000000e+00 0.000000000000000000e+00 0.000000000000000000e+00 1.000000000000000000e+00
1.716364050961060286e+09 6.208397388458251953e+00 2.125027656555175781e+00 2.624851763248443048e-01 0.000000000000000000e+00 0.000000000000000000e+00 0.000000000000000000e+00 1.000000000000000000e+00
1.716364051061437845e+09 6.208393096923828125e+00 2.125051736831665039e+00 2.625052928924559992e-01 0.000000000000000000e+00 0.000000000000000000e+00 0.000000000000000000e+00 1.000000000000000000e+00
1.716364051111582994e+09 6.208395004272460938e+00 2.125050067901611772e+00 2.625108957290648859e-01 0.000000000000000000e+00 0.000000000000000000e+00 0.000000000000000000e+00 1.000000000000000000e+00
1.716364051161918163e+09 6.208407402038574219e+00 2.125025033950805664e+00 2.625306844711303156e-01 0.000000000000000000e+00 0.000000000000000000e+00 0.000000000000000000e+00 1.000000000000000000e+00
1.716364051212019682e+09 6.207468509674072266e+00 2.124714136123656782e+00 2.626833915710449219e-01 0.000000000000000000e+00 0.000000000000000000e+00 0.000000000000000000e+00 1.000000000000000000e+00
1.716364051312849998e+09 6.207479000091552734e+00 2.124704360961914062e+00 2.627201378345488947e-01 0.000000000000000000e+00 0.000000000000000000e+00 0.000000000000000000e+00 1.000000000000000000e+00
1.716364051362637281e+09 6.207463741302490234e+00 2.124731540679932085e+00 2.626873850822448730e-01 0.000000000000000000e+00 0.000000000000000000e+00 0.000000000000000000e+00 1.000000000000000000e+00
1.716364051412799835e+09 6.208393573760986328e+00 2.125051021575928178e+00 2.625065147876738947e-01 0.000000000000000000e+00 0.000000000000000000e+00 0.000000000000000000e+00 1.000000000000000000e+00
1.716364051463019609e+09 6.207463741302490234e+00 2.124732732772827148e+00 2.626917064189910889e-01 0.000000000000000000e+00 0.000000000000000000e+00 0.000000000000000000e+00 1.000000000000000000e+00
1.716364051563753843e+09 6.207470893859863281e+00 2.124716997146606445e+00 2.627003788948059082e-01 0.000000000000000000e+00 0.000000000000000000e+00 0.000000000000000000e+00 1.000000000000000000e+00
1.716364051614064217e+09 6.208403110504150391e+00 2.125021457672119141e+00 2.625019848346710205e-01 0.000000000000000000e+00 0.000000000000000000e+00 0.000000000000000000e+00 1.000000000000000000e+00
1.716364051664300919e+09 6.208398818969726562e+00 2.125033617019653320e+00 2.625028789043425959e-01 0.000000000000000000e+00 0.000000000000000000e+00 0.000000000000000000e+00 1.000000000000000000e+00
1.716364051714453697e+09 6.208393096923828125e+00 2.125050306320190430e+00 2.625030875205993097e-01 0.000000000000000000e+00 0.000000000000000000e+00 0.000000000000000000e+00 1.000000000000000000e+00
1.716364051764507532e+09 6.208396434783936435e+00 2.125053882598876953e+00 2.625262439250946045e-01 0.000000000000000000e+00 0.000000000000000000e+00 0.000000000000000000e+00 1.000000000000000000e+00
1.716364051814662218e+09 6.208400726318359375e+00 2.125018596649169922e+00 2.624866664409636896e-01 0.000000000000000000e+00 0.000000000000000000e+00 0.000000000000000000e+00 1.000000000000000000e+00
1.716364051865247488e+09 6.207476139068604404e+00 2.124692916870117188e+00 2.626841962337493896e-01 0.000000000000000000e+00 0.000000000000000000e+00 0.000000000000000000e+00 1.000000000000000000e+00
1.716364051915038347e+09 6.208414077758789062e+00 2.124989032745361328e+00 2.625028789043425959e-01 0.000000000000000000e+00 0.000000000000000000e+00 0.000000000000000000e+00 1.000000000000000000e+00
1.716364051965269089e+09 6.208406925201416016e+00 2.125018358230590820e+00 2.625166773796080988e-01 0.000000000000000000e+00 0.000000000000000000e+00 0.000000000000000000e+00 1.000000000000000000e+00
1.716364052015373230e+09 6.207478046417236328e+00 2.124704122543334961e+00 2.627127170562744141e-01 0.000000000000000000e+00 0.000000000000000000e+00 0.000000000000000000e+00 1.000000000000000000e+00
1.716364052065722466e+09 6.207473278045654297e+00 2.124702215194702148e+00 2.626855671405792236e-01 0.000000000000000000e+00 0.000000000000000000e+00 0.000000000000000000e+00 1.000000000000000000e+00
1.716364052116078138e+09 6.208403110504150391e+00 2.125020503997802734e+00 2.625016868114470880e-01 0.000000000000000000e+00 0.000000000000000000e+00 0.000000000000000000e+00 1.000000000000000000e+00
1.716364052216326952e+09 6.208406925201416016e+00 2.125010490417480469e+00 2.625035047531127930e-01 0.000000000000000000e+00 0.000000000000000000e+00 0.000000000000000000e+00 1.000000000000000000e+00
1.716364052266484022e+09 6.207473278045654297e+00 2.124701023101806197e+00 2.626833915710449219e-01 0.000000000000000000e+00 0.000000000000000000e+00 0.000000000000000000e+00 1.000000000000000000e+00
1.716364052316691399e+09 6.208413124084472656e+00 2.124990463256835938e+00 2.624998688697814941e-01 0.000000000000000000e+00 0.000000000000000000e+00 0.000000000000000000e+00 1.000000000000000000e+00
1.716364052417567015e+09 6.208403110504150391e+00 2.125020265579224077e+00 2.625013589859008789e-01 0.000000000000000000e+00 0.000000000000000000e+00 0.000000000000000000e+00 1.000000000000000000e+00
1.716364052469741106e+09 6.208407878875732422e+00 2.125021934509277344e+00 2.625291943550109863e-01 0.000000000000000000e+00 0.000000000000000000e+00 0.000000000000000000e+00 1.000000000000000000e+00
1.716364052517847300e+09 6.208408355712890625e+00 2.125023365020751953e+00 2.625334858894348145e-01 0.000000000000000000e+00 0.000000000000000000e+00 0.000000000000000000e+00 1.000000000000000000e+00
1.716364052569473743e+09 6.207487583160400391e+00 2.124678373336791992e+00 2.627163827419281006e-01 0.000000000000000000e+00 0.000000000000000000e+00 0.000000000000000000e+00 1.000000000000000000e+00
1.716364052618593931e+09 6.208418846130371094e+00 2.124993085861206055e+00 2.625337839126586914e-01 0.000000000000000000e+00 0.000000000000000000e+00 0.000000000000000000e+00 1.000000000000000000e+00
1.716364052668983459e+09 6.207488059997558594e+00 2.124673843383789062e+00 2.627114653587340753e-01 0.000000000000000000e+00 0.000000000000000000e+00 0.000000000000000000e+00 1.000000000000000000e+00
1.716364052719094276e+09 6.207483768463134766e+00 2.124670505523681641e+00 2.626853883266448975e-01 0.000000000000000000e+00 0.000000000000000000e+00 0.000000000000000000e+00 1.000000000000000000e+00
1.716364052769479513e+09 6.207479476928710938e+00 2.124686956405640093e+00 2.626909315586090088e-01 0.000000000000000000e+00 0.000000000000000000e+00 0.000000000000000000e+00 1.000000000000000000e+00
1.716364052819411278e+09 6.207482814788818359e+00 2.124676465988159180e+00 2.626893520355224054e-01 0.000000000000000000e+00 0.000000000000000000e+00 0.000000000000000000e+00 1.000000000000000000e+00
1.716364052869694948e+09 6.208405017852783203e+00 2.125018358230590820e+00 2.625083327293395996e-01 0.000000000000000000e+00 0.000000000000000000e+00 0.000000000000000000e+00 1.000000000000000000e+00
1.716364052920070410e+09 6.207476615905761719e+00 2.124702930450439453e+00 2.627036571502684992e-01 0.000000000000000000e+00 0.000000000000000000e+00 0.000000000000000000e+00 1.000000000000000000e+00
1.716364052970352650e+09 6.208405017852783203e+00 2.125018596649169922e+00 2.625091075897216797e-01 0.000000000000000000e+00 0.000000000000000000e+00 0.000000000000000000e+00 1.000000000000000000e+00
1.716364053070832729e+09 6.207474708557128906e+00 2.124701261520385742e+00 2.626913785934448242e-01 0.000000000000000000e+00 0.000000000000000000e+00 0.000000000000000000e+00 1.000000000000000000e+00
1.716364053120585442e+09 6.208410739898681641e+00 2.125018358230590820e+00 2.625361382961273193e-01 0.000000000000000000e+00 0.000000000000000000e+00 0.000000000000000000e+00 1.000000000000000000e+00
1.716364053170896292e+09 6.207466125488281250e+00 2.124725580215454102e+00 2.626907527446746826e-01 0.000000000000000000e+00 0.000000000000000000e+00 0.000000000000000000e+00 1.000000000000000000e+00
1.716364053221167803e+09 6.208404541015625000e+00 2.125020265579224077e+00 2.625081837177276056e-01 0.000000000000000000e+00 0.000000000000000000e+00 0.000000000000000000e+00 1.000000000000000000e+00
1.716364053321667671e+09 6.208403587341308594e+00 2.125019788742064986e+00 2.625031471252440851e-01 0.000000000000000000e+00 0.000000000000000000e+00 0.000000000000000000e+00 1.000000000000000000e+00
1.716364053371728659e+09 6.208400249481201172e+00 2.125018358230590820e+00 2.624839544296264093e-01 0.000000000000000000e+00 0.000000000000000000e+00 0.000000000000000000e+00 1.000000000000000000e+00
1.716364053421894312e+09 6.207471847534179688e+00 2.124700307846069336e+00 2.626746296882628839e-01 0.000000000000000000e+00 0.000000000000000000e+00 0.000000000000000000e+00 1.000000000000000000e+00
1.716364053522485018e+09 6.207474231719970703e+00 2.124700307846069336e+00 2.626887857913970947e-01 0.000000000000000000e+00 0.000000000000000000e+00 0.000000000000000000e+00 1.000000000000000000e+00
1.716364053572658062e+09 6.207479476928710938e+00 2.124701261520385742e+00 2.627165317535399836e-01 0.000000000000000000e+00 0.000000000000000000e+00 0.000000000000000000e+00 1.000000000000000000e+00
1.716364053622682095e+09 6.208418846130371094e+00 2.124994993209838867e+00 2.625363469123839777e-01 0.000000000000000000e+00 0.000000000000000000e+00 0.000000000000000000e+00 1.000000000000000000e+00
1.716364053723127604e+09 6.208404541015625000e+00 2.125018596649169922e+00 2.625044882297515869e-01 0.000000000000000000e+00 0.000000000000000000e+00 0.000000000000000000e+00 1.000000000000000000e+00
1.716364053773731470e+09 6.208408832550048828e+00 2.125020027160644531e+00 2.625294327735900879e-01 0.000000000000000000e+00 0.000000000000000000e+00 0.000000000000000000e+00 1.000000000000000000e+00
1.716364053873760462e+09 6.207474231719970703e+00 2.124701023101806197e+00 2.626897990703582764e-01 0.000000000000000000e+00 0.000000000000000000e+00 0.000000000000000000e+00 1.000000000000000000e+00
1.716364053974219084e+09 6.208407878875732422e+00 2.125005960464477095e+00 2.624998986721038818e-01 0.000000000000000000e+00 0.000000000000000000e+00 0.000000000000000000e+00 1.000000000000000000e+00
1.716364054024345398e+09 6.208411216735839844e+00 2.124994993209838867e+00 2.624971568584442139e-01 0.000000000000000000e+00 0.000000000000000000e+00 0.000000000000000000e+00 1.000000000000000000e+00
1.716364054074645281e+09 6.208406925201416016e+00 2.125021457672119141e+00 2.625229060649871826e-01 0.000000000000000000e+00 0.000000000000000000e+00 0.000000000000000000e+00 1.000000000000000000e+00
1.716364054125198126e+09 6.208413600921630859e+00 2.125005960464477095e+00 2.625284194946289062e-01 0.000000000000000000e+00 0.000000000000000000e+00 0.000000000000000000e+00 1.000000000000000000e+00
1.716364054174951077e+09 6.208409786224365234e+00 2.124998807907104492e+00 2.624981105327606201e-01 0.000000000000000000e+00 0.000000000000000000e+00 0.000000000000000000e+00 1.000000000000000000e+00
1.716364054225225449e+09 6.208402633666992188e+00 2.125020265579224077e+00 2.624976038932799738e-01 0.000000000000000000e+00 0.000000000000000000e+00 0.000000000000000000e+00 1.000000000000000000e+00
1.716364054275412083e+09 6.208410263061523438e+00 2.125000953674316406e+00 2.625025808811187744e-01 0.000000000000000000e+00 0.000000000000000000e+00 0.000000000000000000e+00 1.000000000000000000e+00
1.716364054325561047e+09 6.207472801208496094e+00 2.124702930450439453e+00 2.626846134662628174e-01 0.000000000000000000e+00 0.000000000000000000e+00 0.000000000000000000e+00 1.000000000000000000e+00
1.716364054375725031e+09 6.207473278045654297e+00 2.124701976776123047e+00 2.626847028732299805e-01 0.000000000000000000e+00 0.000000000000000000e+00 0.000000000000000000e+00 1.000000000000000000e+00
1.716364054425952911e+09 6.208403587341308594e+00 2.125020027160644531e+00 2.625026702880858820e-01 0.000000000000000000e+00 0.000000000000000000e+00 0.000000000000000000e+00 1.000000000000000000e+00
1.716364054476280212e+09 6.208407402038574219e+00 2.125019073486328125e+00 2.625210285186767023e-01 0.000000000000000000e+00 0.000000000000000000e+00 0.000000000000000000e+00 1.000000000000000000e+00
1.716364054527261734e+09 6.208405017852783203e+00 2.125018119812012163e+00 2.625063955783843994e-01 0.000000000000000000e+00 0.000000000000000000e+00 0.000000000000000000e+00 1.000000000000000000e+00
1.716364054576691866e+09 6.207474708557128906e+00 2.124701023101806197e+00 2.626903653144835871e-01 0.000000000000000000e+00 0.000000000000000000e+00 0.000000000000000000e+00 1.000000000000000000e+00
1.716364054626780748e+09 6.207477569580078125e+00 2.124690055847167969e+00 2.626878023147583008e-01 0.000000000000000000e+00 0.000000000000000000e+00 0.000000000000000000e+00 1.000000000000000000e+00
1.716364054676880360e+09 6.208406448364257812e+00 2.125021457672119141e+00 2.625189423561096191e-01 0.000000000000000000e+00 0.000000000000000000e+00 0.000000000000000000e+00 1.000000000000000000e+00
1.716364054727260351e+09 6.207489013671875000e+00 2.124674558639526367e+00 2.627185285091400146e-01 0.000000000000000000e+00 0.000000000000000000e+00 0.000000000000000000e+00 1.000000000000000000e+00
1.716364054777375221e+09 6.208415031433105469e+00 2.124991178512572798e+00 2.625104486942291260e-01 0.000000000000000000e+00 0.000000000000000000e+00 0.000000000000000000e+00 1.000000000000000000e+00
1.716364054827820301e+09 6.207481861114501953e+00 2.124681472778320312e+00 2.626928091049193781e-01 0.000000000000000000e+00 0.000000000000000000e+00 0.000000000000000000e+00 1.000000000000000000e+00
1.716364054877730131e+09 6.208405017852783203e+00 2.125019788742064986e+00 2.625103592872619074e-01 0.000000000000000000e+00 0.000000000000000000e+00 0.000000000000000000e+00 1.000000000000000000e+00
1.716364054978380442e+09 6.208405017852783203e+00 2.125019311904907227e+00 2.625091075897216797e-01 0.000000000000000000e+00 0.000000000000000000e+00 0.000000000000000000e+00 1.000000000000000000e+00
1.716364055028539658e+09 6.207471847534179688e+00 2.124701499938964844e+00 2.626765966415405273e-01 0.000000000000000000e+00 0.000000000000000000e+00 0.000000000000000000e+00 1.000000000000000000e+00
1.716364055078914404e+09 6.208402633666992188e+00 2.125019073486328125e+00 2.624957263469696045e-01 0.000000000000000000e+00 0.000000000000000000e+00 0.000000000000000000e+00 1.000000000000000000e+00
1.716364055129135609e+09 6.208402633666992188e+00 2.125018835067749023e+00 2.624965310096740723e-01 0.000000000000000000e+00 0.000000000000000000e+00 0.000000000000000000e+00 1.000000000000000000e+00
1.716364055179203272e+09 6.207471370697021484e+00 2.124702930450439453e+00 2.626781463623046875e-01 0.000000000000000000e+00 0.000000000000000000e+00 0.000000000000000000e+00 1.000000000000000000e+00
1.716364055229482651e+09 6.207475185394287109e+00 2.124699831008911133e+00 2.626907527446746826e-01 0.000000000000000000e+00 0.000000000000000000e+00 0.000000000000000000e+00 1.000000000000000000e+00
1.716364055279604435e+09 6.208403110504150391e+00 2.125020265579224077e+00 2.625007033348082941e-01 0.000000000000000000e+00 0.000000000000000000e+00 0.000000000000000000e+00 1.000000000000000000e+00
1.716364055329869986e+09 6.208402633666992188e+00 2.125022411346435547e+00 2.625018656253814142e-01 0.000000000000000000e+00 0.000000000000000000e+00 0.000000000000000000e+00 1.000000000000000000e+00
1.716364055380037069e+09 6.208400726318359375e+00 2.125027179718017578e+00 2.624998688697814941e-01 0.000000000000000000e+00 0.000000000000000000e+00 0.000000000000000000e+00 1.000000000000000000e+00
1.716364055480507851e+09 6.207472324371337891e+00 2.124702930450439453e+00 2.626831233501433771e-01 0.000000000000000000e+00 0.000000000000000000e+00 0.000000000000000000e+00 1.000000000000000000e+00
1.716364055530818224e+09 6.207475662231445312e+00 2.124688863754272461e+00 2.626755833625792902e-01 0.000000000000000000e+00 0.000000000000000000e+00 0.000000000000000000e+00 1.000000000000000000e+00
1.716364055580883265e+09 6.207471370697021484e+00 2.124701738357543945e+00 2.626757025718688965e-01 0.000000000000000000e+00 0.000000000000000000e+00 0.000000000000000000e+00 1.000000000000000000e+00
1.716364055632026196e+09 6.208401679992675781e+00 2.125021219253540039e+00 2.624948322772979736e-01 0.000000000000000000e+00 0.000000000000000000e+00 0.000000000000000000e+00 1.000000000000000000e+00
1.716364055731789351e+09 6.207471847534179688e+00 2.124701976776123047e+00 2.626783251762390137e-01 0.000000000000000000e+00 0.000000000000000000e+00 0.000000000000000000e+00 1.000000000000000000e+00
1.716364055781860590e+09 6.208404064178466797e+00 2.125019788742064986e+00 2.625056207180023193e-01 0.000000000000000000e+00 0.000000000000000000e+00 0.000000000000000000e+00 1.000000000000000000e+00
1.716364055831965923e+09 6.208403587341308594e+00 2.125021934509277344e+00 2.625063955783843994e-01 0.000000000000000000e+00 0.000000000000000000e+00 0.000000000000000000e+00 1.000000000000000000e+00
1.716364055882260799e+09 6.208404064178466797e+00 2.125020503997802734e+00 2.625069618225097101e-01 0.000000000000000000e+00 0.000000000000000000e+00 0.000000000000000000e+00 1.000000000000000000e+00
1.716364055932282686e+09 6.208406448364257812e+00 2.125020980834960938e+00 2.625189721584320068e-01 0.000000000000000000e+00 0.000000000000000000e+00 0.000000000000000000e+00 1.000000000000000000e+00
1.716364055982576847e+09 6.207479000091552734e+00 2.124704837799072266e+00 2.627184391021727961e-01 0.000000000000000000e+00 0.000000000000000000e+00 0.000000000000000000e+00 1.000000000000000000e+00
1.716364056032741070e+09 6.208409309387207031e+00 2.125020980834960938e+00 2.625342607498168945e-01 0.000000000000000000e+00 0.000000000000000000e+00 0.000000000000000000e+00 1.000000000000000000e+00
1.716364056133248568e+09 6.207475185394287109e+00 2.124705076217651811e+00 2.627007067203521729e-01 0.000000000000000000e+00 0.000000000000000000e+00 0.000000000000000000e+00 1.000000000000000000e+00
1.716364056183457375e+09 6.207474231719970703e+00 2.124703884124755859e+00 2.626933455467224121e-01 0.000000000000000000e+00 0.000000000000000000e+00 0.000000000000000000e+00 1.000000000000000000e+00
1.716364056233635187e+09 6.207476139068604404e+00 2.124704122543334961e+00 2.627048492431640070e-01 0.000000000000000000e+00 0.000000000000000000e+00 0.000000000000000000e+00 1.000000000000000000e+00
1.716364056283893108e+09 6.207473278045654297e+00 2.124700546264648438e+00 2.626823782920836847e-01 0.000000000000000000e+00 0.000000000000000000e+00 0.000000000000000000e+00 1.000000000000000000e+00
1.716364056334124804e+09 6.207479000091552734e+00 2.124701976776123047e+00 2.627142369747161865e-01 0.000000000000000000e+00 0.000000000000000000e+00 0.000000000000000000e+00 1.000000000000000000e+00
1.716364056384399414e+09 6.207473278045654297e+00 2.124700784683227539e+00 2.626833319664000910e-01 0.000000000000000000e+00 0.000000000000000000e+00 0.000000000000000000e+00 1.000000000000000000e+00
1.716364056434448957e+09 6.208402633666992188e+00 2.125020027160644531e+00 2.624987661838530939e-01 0.000000000000000000e+00 0.000000000000000000e+00 0.000000000000000000e+00 1.000000000000000000e+00
1.716364056484605789e+09 6.208405494689941406e+00 2.125021934509277344e+00 2.625156342983245850e-01 0.000000000000000000e+00 0.000000000000000000e+00 0.000000000000000000e+00 1.000000000000000000e+00
1.716364056534893751e+09 6.208404064178466797e+00 2.125020265579224077e+00 2.625068724155426025e-01 0.000000000000000000e+00 0.000000000000000000e+00 0.000000000000000000e+00 1.000000000000000000e+00
1.716364056635308504e+09 6.208403110504150391e+00 2.125022649765014204e+00 2.625056803226470947e-01 0.000000000000000000e+00 0.000000000000000000e+00 0.000000000000000000e+00 1.000000000000000000e+00
1.716364056685548067e+09 6.208411216735839844e+00 2.125021696090698242e+00 2.625441849231719971e-01 0.000000000000000000e+00 0.000000000000000000e+00 0.000000000000000000e+00 1.000000000000000000e+00
1.716364056735786676e+09 6.208411693572998047e+00 2.125033617019653320e+00 2.625687718391417902e-01 0.000000000000000000e+00 0.000000000000000000e+00 0.000000000000000000e+00 1.000000000000000000e+00
1.716364056785986662e+09 6.208411216735839844e+00 2.125018119812012163e+00 2.625391185283660889e-01 0.000000000000000000e+00 0.000000000000000000e+00 0.000000000000000000e+00 1.000000000000000000e+00
1.716364056836234093e+09 6.208414077758789062e+00 2.125009059906005859e+00 2.625379562377929132e-01 0.000000000000000000e+00 0.000000000000000000e+00 0.000000000000000000e+00 1.000000000000000000e+00
1.716364056886585236e+09 6.207487106323242188e+00 2.124680995941162109e+00 2.627193629741668146e-01 0.000000000000000000e+00 0.000000000000000000e+00 0.000000000000000000e+00 1.000000000000000000e+00
1.716364056936689138e+09 6.207481861114501953e+00 2.124693155288696289e+00 2.627152204513549805e-01 0.000000000000000000e+00 0.000000000000000000e+00 0.000000000000000000e+00 1.000000000000000000e+00
1.716364056986889839e+09 6.208412170410156250e+00 2.125011444091796875e+00 2.625319361686705988e-01 0.000000000000000000e+00 0.000000000000000000e+00 0.000000000000000000e+00 1.000000000000000000e+00
1.716364057037030220e+09 6.208411693572998047e+00 2.125010728836060014e+00 2.625274658203125000e-01 0.000000000000000000e+00 0.000000000000000000e+00 0.000000000000000000e+00 1.000000000000000000e+00
1.716364057087439537e+09 6.207478046417236328e+00 2.124690771102905273e+00 2.626912295818328857e-01 0.000000000000000000e+00 0.000000000000000000e+00 0.000000000000000000e+00 1.000000000000000000e+00
1.716364057137660265e+09 6.208407878875732422e+00 2.125009775161743164e+00 2.625077366828917902e-01 0.000000000000000000e+00 0.000000000000000000e+00 0.000000000000000000e+00 1.000000000000000000e+00
1.716364057187987804e+09 6.208411693572998047e+00 2.125011444091796875e+00 2.625288963317871094e-01 0.000000000000000000e+00 0.000000000000000000e+00 0.000000000000000000e+00 1.000000000000000000e+00
1.716364057237913609e+09 6.208407878875732422e+00 2.125010728836060014e+00 2.625079452991485041e-01 0.000000000000000000e+00 0.000000000000000000e+00 0.000000000000000000e+00 1.000000000000000000e+00
1.716364057288371801e+09 6.208410263061523438e+00 2.125011444091796875e+00 2.625210285186767023e-01 0.000000000000000000e+00 0.000000000000000000e+00 0.000000000000000000e+00 1.000000000000000000e+00
1.716364057338515759e+09 6.208413124084472656e+00 2.125010967254638672e+00 2.625344693660736084e-01 0.000000000000000000e+00 0.000000000000000000e+00 0.000000000000000000e+00 1.000000000000000000e+00
1.716364057438970804e+09 6.208413600921630859e+00 2.125008821487426758e+00 2.625340819358825128e-01 0.000000000000000000e+00 0.000000000000000000e+00 0.000000000000000000e+00 1.000000000000000000e+00
1.716364057489294529e+09 6.208411693572998047e+00 2.125009059906005859e+00 2.625247836112976074e-01 0.000000000000000000e+00 0.000000000000000000e+00 0.000000000000000000e+00 1.000000000000000000e+00
1.716364057539441347e+09 6.208412647247314453e+00 2.125008344650268999e+00 2.625294625759124756e-01 0.000000000000000000e+00 0.000000000000000000e+00 0.000000000000000000e+00 1.000000000000000000e+00
1.716364057589741707e+09 6.207479000091552734e+00 2.124691247940063477e+00 2.626955509185791016e-01 0.000000000000000000e+00 0.000000000000000000e+00 0.000000000000000000e+00 1.000000000000000000e+00
1.716364057690294981e+09 6.207478046417236328e+00 2.124687194824218750e+00 2.626841962337493896e-01 0.000000000000000000e+00 0.000000000000000000e+00 0.000000000000000000e+00 1.000000000000000000e+00
1.716364057740404367e+09 6.208407402038574219e+00 2.125007629394531250e+00 2.625008821487426758e-01 0.000000000000000000e+00 0.000000000000000000e+00 0.000000000000000000e+00 1.000000000000000000e+00
1.716364057790481329e+09 6.208407402038574219e+00 2.125008106231689009e+00 2.625015974044799805e-01 0.000000000000000000e+00 0.000000000000000000e+00 0.000000000000000000e+00 1.000000000000000000e+00
1.716364057840764999e+09 6.207483768463134766e+00 2.124686241149902344e+00 2.627104222774505060e-01 0.000000000000000000e+00 0.000000000000000000e+00 0.000000000000000000e+00 1.000000000000000000e+00
1.716364057941286325e+09 6.208410263061523438e+00 2.125008583068848100e+00 2.625176310539245050e-01 0.000000000000000000e+00 0.000000000000000000e+00 0.000000000000000000e+00 1.000000000000000000e+00
1.716364057991436243e+09 6.208407402038574219e+00 2.125008106231689009e+00 2.625020742416381836e-01 0.000000000000000000e+00 0.000000000000000000e+00 0.000000000000000000e+00 1.000000000000000000e+00
1.716364058041726351e+09 6.207473278045654297e+00 2.124689817428588867e+00 2.626636326313018799e-01 0.000000000000000000e+00 0.000000000000000000e+00 0.000000000000000000e+00 1.000000000000000000e+00
1.716364058143136501e+09 6.208416938781738281e+00 2.124983072280883789e+00 2.625059187412261963e-01 0.000000000000000000e+00 0.000000000000000000e+00 0.000000000000000000e+00 1.000000000000000000e+00
1.716364058192678690e+09 6.207477092742919922e+00 2.124692201614379883e+00 2.626889348030089777e-01 0.000000000000000000e+00 0.000000000000000000e+00 0.000000000000000000e+00 1.000000000000000000e+00
1.716364058242938280e+09 6.208417892456054688e+00 2.124979496002197266e+00 2.625060379505156916e-01 0.000000000000000000e+00 0.000000000000000000e+00 0.000000000000000000e+00 1.000000000000000000e+00
1.716364058294596910e+09 6.207482337951660156e+00 2.124693393707275391e+00 2.627167403697966974e-01 0.000000000000000000e+00 0.000000000000000000e+00 0.000000000000000000e+00 1.000000000000000000e+00
1.716364058343157291e+09 6.208422183990479404e+00 2.124983072280883789e+00 2.625322341918944757e-01 0.000000000000000000e+00 0.000000000000000000e+00 0.000000000000000000e+00 1.000000000000000000e+00
1.716364058393370867e+09 6.207482337951660156e+00 2.124691724777221680e+00 2.627134025096892755e-01 0.000000000000000000e+00 0.000000000000000000e+00 0.000000000000000000e+00 1.000000000000000000e+00
1.716364058443556070e+09 6.208413124084472656e+00 2.125009059906005859e+00 2.625333368778228760e-01 0.000000000000000000e+00 0.000000000000000000e+00 0.000000000000000000e+00 1.000000000000000000e+00
1.716364058493844509e+09 6.208418846130371094e+00 2.124992609024047852e+00 2.625323832035064142e-01 0.000000000000000000e+00 0.000000000000000000e+00 0.000000000000000000e+00 1.000000000000000000e+00
1.716364058543980360e+09 6.208420753479003906e+00 2.124987125396728516e+00 2.625334262847899836e-01 0.000000000000000000e+00 0.000000000000000000e+00 0.000000000000000000e+00 1.000000000000000000e+00
1.716364058594791651e+09 6.208413124084472656e+00 2.125009536743164062e+00 2.625332772731781006e-01 0.000000000000000000e+00 0.000000000000000000e+00 0.000000000000000000e+00 1.000000000000000000e+00
1.716364058644355536e+09 6.208415031433105469e+00 2.124987125396728516e+00 2.625029981136322021e-01 0.000000000000000000e+00 0.000000000000000000e+00 0.000000000000000000e+00 1.000000000000000000e+00
1.716364058694626808e+09 6.208417415618896484e+00 2.124979257583618164e+00 2.625018954277038019e-01 0.000000000000000000e+00 0.000000000000000000e+00 0.000000000000000000e+00 1.000000000000000000e+00
1.716364058745869398e+09 6.207487106323242188e+00 2.124660968780517578e+00 2.626850008964538019e-01 0.000000000000000000e+00 0.000000000000000000e+00 0.000000000000000000e+00 1.000000000000000000e+00
1.716364058794973373e+09 6.208417892456054688e+00 2.124995946884155718e+00 2.625342011451721191e-01 0.000000000000000000e+00 0.000000000000000000e+00 0.000000000000000000e+00 1.000000000000000000e+00
1.716364058845265865e+09 6.207487583160400391e+00 2.124659299850463867e+00 2.626851499080657959e-01 0.000000000000000000e+00 0.000000000000000000e+00 0.000000000000000000e+00 1.000000000000000000e+00
1.716364058895479441e+09 6.208413124084472656e+00 2.125005722045898438e+00 2.625266015529632013e-01 0.000000000000000000e+00 0.000000000000000000e+00 0.000000000000000000e+00 1.000000000000000000e+00
1.716364058946673155e+09 6.208414077758789062e+00 2.125003576278686523e+00 2.625276744365692139e-01 0.000000000000000000e+00 0.000000000000000000e+00 0.000000000000000000e+00 1.000000000000000000e+00
1.716364058995957851e+09 6.208418369293212891e+00 2.124977588653564453e+00 2.625040709972381037e-01 0.000000000000000000e+00 0.000000000000000000e+00 0.000000000000000000e+00 1.000000000000000000e+00
1.716364059046247244e+09 6.207482814788818359e+00 2.124674320220947710e+00 2.626861333847045898e-01 0.000000000000000000e+00 0.000000000000000000e+00 0.000000000000000000e+00 1.000000000000000000e+00
1.716364059096603870e+09 6.208416461944580078e+00 2.124983787536621094e+00 2.625044584274291992e-01 0.000000000000000000e+00 0.000000000000000000e+00 0.000000000000000000e+00 1.000000000000000000e+00
1.716364059197287083e+09 6.208411216735839844e+00 2.124999046325684038e+00 2.625046670436859131e-01 0.000000000000000000e+00 0.000000000000000000e+00 0.000000000000000000e+00 1.000000000000000000e+00
1.716364059247380018e+09 6.207479476928710938e+00 2.124684810638428178e+00 2.626869678497313898e-01 0.000000000000000000e+00 0.000000000000000000e+00 0.000000000000000000e+00 1.000000000000000000e+00
1.716364059297593117e+09 6.207477092742919922e+00 2.124690294265747070e+00 2.626839280128479004e-01 0.000000000000000000e+00 0.000000000000000000e+00 0.000000000000000000e+00 1.000000000000000000e+00
1.716364059397893667e+09 6.208407402038574219e+00 2.125008106231689009e+00 2.625015974044799805e-01 0.000000000000000000e+00 0.000000000000000000e+00 0.000000000000000000e+00 1.000000000000000000e+00
1.716364059497970343e+09 6.208406925201416016e+00 2.125009536743164062e+00 2.625021040439605158e-01 0.000000000000000000e+00 0.000000000000000000e+00 0.000000000000000000e+00 1.000000000000000000e+00
1.716364059548181534e+09 6.208407402038574219e+00 2.125008821487426758e+00 2.625028192996978760e-01 0.000000000000000000e+00 0.000000000000000000e+00 0.000000000000000000e+00 1.000000000000000000e+00
1.716364059598273754e+09 6.208408355712890625e+00 2.125005722045898438e+00 2.625020444393157959e-01 0.000000000000000000e+00 0.000000000000000000e+00 0.000000000000000000e+00 1.000000000000000000e+00
1.716364059648369074e+09 6.207477092742919922e+00 2.124691247940063477e+00 2.626850605010985773e-01 0.000000000000000000e+00 0.000000000000000000e+00 0.000000000000000000e+00 1.000000000000000000e+00
1.716364059698467731e+09 6.208407878875732422e+00 2.125007629394531250e+00 2.625028192996978760e-01 0.000000000000000000e+00 0.000000000000000000e+00 0.000000000000000000e+00 1.000000000000000000e+00
1.716364059798916578e+09 6.208409309387207031e+00 2.125000715255737305e+00 2.624975740909575861e-01 0.000000000000000000e+00 0.000000000000000000e+00 0.000000000000000000e+00 1.000000000000000000e+00
1.716364059899300337e+09 6.208416461944580078e+00 2.124978542327880859e+00 2.624973952770233154e-01 0.000000000000000000e+00 0.000000000000000000e+00 0.000000000000000000e+00 1.000000000000000000e+00
1.716364059949568510e+09 6.208416938781738281e+00 2.124976634979248047e+00 2.624966204166411798e-01 0.000000000000000000e+00 0.000000000000000000e+00 0.000000000000000000e+00 1.000000000000000000e+00
1.716364059999871969e+09 6.208420753479003906e+00 2.124977350234985352e+00 2.625149190425872803e-01 0.000000000000000000e+00 0.000000000000000000e+00 0.000000000000000000e+00 1.000000000000000000e+00
1.716364060100101471e+09 6.208405017852783203e+00 2.125007390975952148e+00 2.624884545803070068e-01 0.000000000000000000e+00 0.000000000000000000e+00 0.000000000000000000e+00 1.000000000000000000e+00
1.716364060150352240e+09 6.208412170410156250e+00 2.125009775161743164e+00 2.625294625759124756e-01 0.000000000000000000e+00 0.000000000000000000e+00 0.000000000000000000e+00 1.000000000000000000e+00
1.716364060250866175e+09 6.207479000091552734e+00 2.124686002731323242e+00 2.626860439777374268e-01 0.000000000000000000e+00 0.000000000000000000e+00 0.000000000000000000e+00 1.000000000000000000e+00
1.716364060301086903e+09 6.208412170410156250e+00 2.125009775161743164e+00 2.625297307968139093e-01 0.000000000000000000e+00 0.000000000000000000e+00 0.000000000000000000e+00 1.000000000000000000e+00
1.716364060401656866e+09 6.208421230316162109e+00 2.124979972839355469e+00 2.625230252742766779e-01 0.000000000000000000e+00 0.000000000000000000e+00 0.000000000000000000e+00 1.000000000000000000e+00
1.716364060552250624e+09 6.208415031433105469e+00 2.124998807907104492e+00 2.625236511230468750e-01 0.000000000000000000e+00 0.000000000000000000e+00 0.000000000000000000e+00 1.000000000000000000e+00
1.716364060602474451e+09 6.208405017852783203e+00 2.124997377395629883e+00 2.624717354774475098e-01 0.000000000000000000e+00 0.000000000000000000e+00 0.000000000000000000e+00 1.000000000000000000e+00
1.716364060702770948e+09 6.208417415618896484e+00 2.124979257583618164e+00 2.625018656253814142e-01 0.000000000000000000e+00 0.000000000000000000e+00 0.000000000000000000e+00 1.000000000000000000e+00
1.716364060803444386e+09 6.207484245300292969e+00 2.124667406082153320e+00 2.626811265945434015e-01 0.000000000000000000e+00 0.000000000000000000e+00 0.000000000000000000e+00 1.000000000000000000e+00
1.716364060856047153e+09 6.208416938781738281e+00 2.124978303909301758e+00 2.624979615211486816e-01 0.000000000000000000e+00 0.000000000000000000e+00 0.000000000000000000e+00 1.000000000000000000e+00
1.716364060953988552e+09 6.207477569580078125e+00 2.124690055847167969e+00 2.626859247684478760e-01 0.000000000000000000e+00 0.000000000000000000e+00 0.000000000000000000e+00 1.000000000000000000e+00
1.716364061054380178e+09 6.208408832550048828e+00 2.125003576278686523e+00 2.625014781951903742e-01 0.000000000000000000e+00 0.000000000000000000e+00 0.000000000000000000e+00 1.000000000000000000e+00
1.716364061155023575e+09 6.207491397857666016e+00 2.124661445617675781e+00 2.627084255218505859e-01 0.000000000000000000e+00 0.000000000000000000e+00 0.000000000000000000e+00 1.000000000000000000e+00
1.716364061204847097e+09 6.208412647247314453e+00 2.125005483627319780e+00 2.625231444835662842e-01 0.000000000000000000e+00 0.000000000000000000e+00 0.000000000000000000e+00 1.000000000000000000e+00
1.716364061255112886e+09 6.207487583160400391e+00 2.124660968780517578e+00 2.626869082450866144e-01 0.000000000000000000e+00 0.000000000000000000e+00 0.000000000000000000e+00 1.000000000000000000e+00
1.716364061355645657e+09 6.208415031433105469e+00 2.125005006790161133e+00 2.625355124473571777e-01 0.000000000000000000e+00 0.000000000000000000e+00 0.000000000000000000e+00 1.000000000000000000e+00
1.716364061405752897e+09 6.207484722137451172e+00 2.124695062637329102e+00 2.627328932285308838e-01 0.000000000000000000e+00 0.000000000000000000e+00 0.000000000000000000e+00 1.000000000000000000e+00
1.716364061455943346e+09 6.207483291625976562e+00 2.124691963195800781e+00 2.627180218696594238e-01 0.000000000000000000e+00 0.000000000000000000e+00 0.000000000000000000e+00 1.000000000000000000e+00
1.716364061506072998e+09 6.208407878875732422e+00 2.125009775161743164e+00 2.625075280666350763e-01 0.000000000000000000e+00 0.000000000000000000e+00 0.000000000000000000e+00 1.000000000000000000e+00
1.716364061606517553e+09 6.207480430603027344e+00 2.124690771102905273e+00 2.627018988132476807e-01 0.000000000000000000e+00 0.000000000000000000e+00 0.000000000000000000e+00 1.000000000000000000e+00
1.716364061656710625e+09 6.208415508270263672e+00 2.124981403350830078e+00 2.624963521957396906e-01 0.000000000000000000e+00 0.000000000000000000e+00 0.000000000000000000e+00 1.000000000000000000e+00
1.716364061706867695e+09 6.207481861114501953e+00 2.124691247940063477e+00 2.627109885215759277e-01 0.000000000000000000e+00 0.000000000000000000e+00 0.000000000000000000e+00 1.000000000000000000e+00
1.716364061807252645e+09 6.208406925201416016e+00 2.125010251998901367e+00 2.625018358230590820e-01 0.000000000000000000e+00 0.000000000000000000e+00 0.000000000000000000e+00 1.000000000000000000e+00
1.716364061908303499e+09 6.208417892456054688e+00 2.124977350234985352e+00 2.625015079975128174e-01 0.000000000000000000e+00 0.000000000000000000e+00 0.000000000000000000e+00 1.000000000000000000e+00
1.716364061957889080e+09 6.207487106323242188e+00 2.124659299850463867e+00 2.626823484897612970e-01 0.000000000000000000e+00 0.000000000000000000e+00 0.000000000000000000e+00 1.000000000000000000e+00
1.716364062058447361e+09 6.208407878875732422e+00 2.125005245208739790e+00 2.624997198581695002e-01 0.000000000000000000e+00 0.000000000000000000e+00 0.000000000000000000e+00 1.000000000000000000e+00
1.716364062108605862e+09 6.208408832550048828e+00 2.125007629394531250e+00 2.625085711479187012e-01 0.000000000000000000e+00 0.000000000000000000e+00 0.000000000000000000e+00 1.000000000000000000e+00
1.716364062159096718e+09 6.208405971527099609e+00 2.125006437301636186e+00 2.624924480915069025e-01 0.000000000000000000e+00 0.000000000000000000e+00 0.000000000000000000e+00 1.000000000000000000e+00
1.716364062208960295e+09 6.208405971527099609e+00 2.125008344650268999e+00 2.624936103820800781e-01 0.000000000000000000e+00 0.000000000000000000e+00 0.000000000000000000e+00 1.000000000000000000e+00
1.716364062309307575e+09 6.207476139068604404e+00 2.124691247940063477e+00 2.626809775829315186e-01 0.000000000000000000e+00 0.000000000000000000e+00 0.000000000000000000e+00 1.000000000000000000e+00
1.716364062359557152e+09 6.208407402038574219e+00 2.125006914138793945e+00 2.624992430210112970e-01 0.000000000000000000e+00 0.000000000000000000e+00 0.000000000000000000e+00 1.000000000000000000e+00
1.716364062409915924e+09 6.208405017852783203e+00 2.125000715255737305e+00 2.624754905700683039e-01 0.000000000000000000e+00 0.000000000000000000e+00 0.000000000000000000e+00 1.000000000000000000e+00
1.716364062510341167e+09 6.208403110504150391e+00 2.125007152557373047e+00 2.624786198139190119e-01 0.000000000000000000e+00 0.000000000000000000e+00 0.000000000000000000e+00 1.000000000000000000e+00
1.716364062560553789e+09 6.208406448364257812e+00 2.125010728836060014e+00 2.625018358230590820e-01 0.000000000000000000e+00 0.000000000000000000e+00 0.000000000000000000e+00 1.000000000000000000e+00
1.716364062611082554e+09 6.208406448364257812e+00 2.125010967254638672e+00 2.625022232532501221e-01 0.000000000000000000e+00 0.000000000000000000e+00 0.000000000000000000e+00 1.000000000000000000e+00
1.716364062661015749e+09 6.207467079162597656e+00 2.124719142913818359e+00 2.626835703849791925e-01 0.000000000000000000e+00 0.000000000000000000e+00 0.000000000000000000e+00 1.000000000000000000e+00
1.716364062811650991e+09 6.207471370697021484e+00 2.124721765518188477e+00 2.627099752426146906e-01 0.000000000000000000e+00 0.000000000000000000e+00 0.000000000000000000e+00 1.000000000000000000e+00
1.716364062861871719e+09 6.207474231719970703e+00 2.124721765518188477e+00 2.627260982990264893e-01 0.000000000000000000e+00 0.000000000000000000e+00 0.000000000000000000e+00 1.000000000000000000e+00
1.716364062912042141e+09 6.207473278045654297e+00 2.124715089797973633e+00 2.627091407775878906e-01 0.000000000000000000e+00 0.000000000000000000e+00 0.000000000000000000e+00 1.000000000000000000e+00
1.716364062962192059e+09 6.208398342132568359e+00 2.125033378601074219e+00 2.624998092651367188e-01 0.000000000000000000e+00 0.000000000000000000e+00 0.000000000000000000e+00 1.000000000000000000e+00
1.716364063012312412e+09 6.208405971527099609e+00 2.125020980834960938e+00 2.625177800655364990e-01 0.000000000000000000e+00 0.000000000000000000e+00 0.000000000000000000e+00 1.000000000000000000e+00
1.716364063062560081e+09 6.208400726318359375e+00 2.125039100646972656e+00 2.625215947628021240e-01 0.000000000000000000e+00 0.000000000000000000e+00 0.000000000000000000e+00 1.000000000000000000e+00
1.716364063112774372e+09 6.208396911621093750e+00 2.125038623809814453e+00 2.625006735324859064e-01 0.000000000000000000e+00 0.000000000000000000e+00 0.000000000000000000e+00 1.000000000000000000e+00
1.716364063163132191e+09 6.208403587341308594e+00 2.125020265579224077e+00 2.625025510787963867e-01 0.000000000000000000e+00 0.000000000000000000e+00 0.000000000000000000e+00 1.000000000000000000e+00
1.716364063213275433e+09 6.207479953765869141e+00 2.124697923660278320e+00 2.627127766609191895e-01 0.000000000000000000e+00 0.000000000000000000e+00 0.000000000000000000e+00 1.000000000000000000e+00
1.716364063263952732e+09 6.207472324371337891e+00 2.124722480773925781e+00 2.627167999744414728e-01 0.000000000000000000e+00 0.000000000000000000e+00 0.000000000000000000e+00 1.000000000000000000e+00
1.716364063314814091e+09 6.208409309387207031e+00 2.125011682510375977e+00 2.625172436237335205e-01 0.000000000000000000e+00 0.000000000000000000e+00 0.000000000000000000e+00 1.000000000000000000e+00
1.716364063364515305e+09 6.208408355712890625e+00 2.125006914138793945e+00 2.625035643577575128e-01 0.000000000000000000e+00 0.000000000000000000e+00 0.000000000000000000e+00 1.000000000000000000e+00
1.716364063414601326e+09 6.208422660827636719e+00 2.124980926513671875e+00 2.625330090522766113e-01 0.000000000000000000e+00 0.000000000000000000e+00 0.000000000000000000e+00 1.000000000000000000e+00
1.716364063464847803e+09 6.208422183990479404e+00 2.124981164932250977e+00 2.625288665294647217e-01 0.000000000000000000e+00 0.000000000000000000e+00 0.000000000000000000e+00 1.000000000000000000e+00
1.716364063515410185e+09 6.207473278045654297e+00 2.124681234359741211e+00 2.626488804817199152e-01 0.000000000000000000e+00 0.000000000000000000e+00 0.000000000000000000e+00 1.000000000000000000e+00
1.716364063615409136e+09 6.207476139068604404e+00 2.124691009521484375e+00 2.626822590827941895e-01 0.000000000000000000e+00 0.000000000000000000e+00 0.000000000000000000e+00 1.000000000000000000e+00
1.716364063665678024e+09 6.208403587341308594e+00 2.125034570693969727e+00 2.625283598899840753e-01 0.000000000000000000e+00 0.000000000000000000e+00 0.000000000000000000e+00 1.000000000000000000e+00
1.716364063715813398e+09 6.208403587341308594e+00 2.125026226043701172e+00 2.625148296356201172e-01 0.000000000000000000e+00 0.000000000000000000e+00 0.000000000000000000e+00 1.000000000000000000e+00
1.716364063816327333e+09 6.207475662231445312e+00 2.124691963195800781e+00 2.626802325248718262e-01 0.000000000000000000e+00 0.000000000000000000e+00 0.000000000000000000e+00 1.000000000000000000e+00
1.716364063866396189e+09 6.208415031433105469e+00 2.125001430511474609e+00 2.625285685062407892e-01 0.000000000000000000e+00 0.000000000000000000e+00 0.000000000000000000e+00 1.000000000000000000e+00
1.716364063966827869e+09 6.208411693572998047e+00 2.125011205673217773e+00 2.625281214714049738e-01 0.000000000000000000e+00 0.000000000000000000e+00 0.000000000000000000e+00 1.000000000000000000e+00
1.716364064016982079e+09 6.208412647247314453e+00 2.125010251998901367e+00 2.625334262847899836e-01 0.000000000000000000e+00 0.000000000000000000e+00 0.000000000000000000e+00 1.000000000000000000e+00
1.716364064067480564e+09 6.208402633666992188e+00 2.125040531158447710e+00 2.625332176685333252e-01 0.000000000000000000e+00 0.000000000000000000e+00 0.000000000000000000e+00 1.000000000000000000e+00
1.716364064117761374e+09 6.208404541015625000e+00 2.125025510787963867e+00 2.625187039375305176e-01 0.000000000000000000e+00 0.000000000000000000e+00 0.000000000000000000e+00 1.000000000000000000e+00
1.716364064168035269e+09 6.207477569580078125e+00 2.124688148498535156e+00 2.626846730709075928e-01 0.000000000000000000e+00 0.000000000000000000e+00 0.000000000000000000e+00 1.000000000000000000e+00
1.716364064218266010e+09 6.208418369293212891e+00 2.124977111816406250e+00 2.625026106834411066e-01 0.000000000000000000e+00 0.000000000000000000e+00 0.000000000000000000e+00 1.000000000000000000e+00
1.716364064268424511e+09 6.207488059997558594e+00 2.124660253524780273e+00 2.626871168613433838e-01 0.000000000000000000e+00 0.000000000000000000e+00 0.000000000000000000e+00 1.000000000000000000e+00
1.716364064318746805e+09 6.208415985107421875e+00 2.124984979629516602e+00 2.625054419040679932e-01 0.000000000000000000e+00 0.000000000000000000e+00 0.000000000000000000e+00 1.000000000000000000e+00
1.716364064368839979e+09 6.207477092742919922e+00 2.124692201614379883e+00 2.626868188381195068e-01 0.000000000000000000e+00 0.000000000000000000e+00 0.000000000000000000e+00 1.000000000000000000e+00
1.716364064418941259e+09 6.208411216735839844e+00 2.124997854232788086e+00 2.625042796134948730e-01 0.000000000000000000e+00 0.000000000000000000e+00 0.000000000000000000e+00 1.000000000000000000e+00
1.716364064519426107e+09 6.208411693572998047e+00 2.124979496002197266e+00 2.624747455120086115e-01 0.000000000000000000e+00 0.000000000000000000e+00 0.000000000000000000e+00 1.000000000000000000e+00
1.716364064570666790e+09 6.208408832550048828e+00 2.125004053115844727e+00 2.625016272068023127e-01 0.000000000000000000e+00 0.000000000000000000e+00 0.000000000000000000e+00 1.000000000000000000e+00
1.716364064619865179e+09 6.208427429199218750e+00 2.124953508377075195e+00 2.625071406364440918e-01 0.000000000000000000e+00 0.000000000000000000e+00 0.000000000000000000e+00 1.000000000000000000e+00
1.716364064720372915e+09 6.208424091339111328e+00 2.124980211257934570e+00 2.625377178192138117e-01 0.000000000000000000e+00 0.000000000000000000e+00 0.000000000000000000e+00 1.000000000000000000e+00
1.716364064770525932e+09 6.208413124084472656e+00 2.124979257583618164e+00 2.624806165695189875e-01 0.000000000000000000e+00 0.000000000000000000e+00 0.000000000000000000e+00 1.000000000000000000e+00
1.716364064820735455e+09 6.208421230316162109e+00 2.124980926513671875e+00 2.625239789485930841e-01 0.000000000000000000e+00 0.000000000000000000e+00 0.000000000000000000e+00 1.000000000000000000e+00
1.716364064921219349e+09 6.208420753479003906e+00 2.124981880187988281e+00 2.625235915184020996e-01 0.000000000000000000e+00 0.000000000000000000e+00 0.000000000000000000e+00 1.000000000000000000e+00
1.716364064971628904e+09 6.207489967346191406e+00 2.124664783477783203e+00 2.627059221267700195e-01 0.000000000000000000e+00 0.000000000000000000e+00 0.000000000000000000e+00 1.000000000000000000e+00
1.716364065021649599e+09 6.208423137664794922e+00 2.124980688095092773e+00 2.625344991683959961e-01 0.000000000000000000e+00 0.000000000000000000e+00 0.000000000000000000e+00 1.000000000000000000e+00
1.716364065071947813e+09 6.208412647247314453e+00 2.125011920928955078e+00 2.625344991683959961e-01 0.000000000000000000e+00 0.000000000000000000e+00 0.000000000000000000e+00 1.000000000000000000e+00
1.716364065130730152e+09 6.207482337951660156e+00 2.124694347381591797e+00 2.627179920673369806e-01 0.000000000000000000e+00 0.000000000000000000e+00 0.000000000000000000e+00 1.000000000000000000e+00
1.716364065172657967e+09 6.207483768463134766e+00 2.124688386917114258e+00 2.627153992652893066e-01 0.000000000000000000e+00 0.000000000000000000e+00 0.000000000000000000e+00 1.000000000000000000e+00
1.716364065222533703e+09 6.207488536834716797e+00 2.124660968780517578e+00 2.626920044422149103e-01 0.000000000000000000e+00 0.000000000000000000e+00 0.000000000000000000e+00 1.000000000000000000e+00
1.716364065273074627e+09 6.208417415618896484e+00 2.124980211257934570e+00 2.625039815902709961e-01 0.000000000000000000e+00 0.000000000000000000e+00 0.000000000000000000e+00 1.000000000000000000e+00
1.716364065373051643e+09 6.207488059997558594e+00 2.124659299850463867e+00 2.626871764659881037e-01 0.000000000000000000e+00 0.000000000000000000e+00 0.000000000000000000e+00 1.000000000000000000e+00
1.716364065423351526e+09 6.208413124084472656e+00 2.125007629394531250e+00 2.625302076339721125e-01 0.000000000000000000e+00 0.000000000000000000e+00 0.000000000000000000e+00 1.000000000000000000e+00
1.716364065473589897e+09 6.207484245300292969e+00 2.124687910079956055e+00 2.627166211605072021e-01 0.000000000000000000e+00 0.000000000000000000e+00 0.000000000000000000e+00 1.000000000000000000e+00
1.716364065523857117e+09 6.208423137664794922e+00 2.124981403350830078e+00 2.625347375869750977e-01 0.000000000000000000e+00 0.000000000000000000e+00 0.000000000000000000e+00 1.000000000000000000e+00
1.716364065573977947e+09 6.208409786224365234e+00 2.125008106231689009e+00 2.625146806240081787e-01 0.000000000000000000e+00 0.000000000000000000e+00 0.000000000000000000e+00 1.000000000000000000e+00
1.716364065624284983e+09 6.207491874694824219e+00 2.124660730361938477e+00 2.627077102661132812e-01 0.000000000000000000e+00 0.000000000000000000e+00 0.000000000000000000e+00 1.000000000000000000e+00
1.716364065674570322e+09 6.208409786224365234e+00 2.125002622604370117e+00 2.625032961368560791e-01 0.000000000000000000e+00 0.000000000000000000e+00 0.000000000000000000e+00 1.000000000000000000e+00
1.716364065724654675e+09 6.208417892456054688e+00 2.124978780746459961e+00 2.625037431716918945e-01 0.000000000000000000e+00 0.000000000000000000e+00 0.000000000000000000e+00 1.000000000000000000e+00
1.716364065775042295e+09 6.208416461944580078e+00 2.124981403350830078e+00 2.625011503696441095e-01 0.000000000000000000e+00 0.000000000000000000e+00 0.000000000000000000e+00 1.000000000000000000e+00
1.716364065825181484e+09 6.208410739898681641e+00 2.125008583068848100e+00 2.625193297863006037e-01 0.000000000000000000e+00 0.000000000000000000e+00 0.000000000000000000e+00 1.000000000000000000e+00
1.716364065875424623e+09 6.207477092742919922e+00 2.124691486358642578e+00 2.626863718032836914e-01 0.000000000000000000e+00 0.000000000000000000e+00 0.000000000000000000e+00 1.000000000000000000e+00
1.716364065975968838e+09 6.207481861114501953e+00 2.124693870544433594e+00 2.627163231372833252e-01 0.000000000000000000e+00 0.000000000000000000e+00 0.000000000000000000e+00 1.000000000000000000e+00
1.716364066077103615e+09 6.207477092742919922e+00 2.124692916870117188e+00 2.626886367797851007e-01 0.000000000000000000e+00 0.000000000000000000e+00 0.000000000000000000e+00 1.000000000000000000e+00
1.716364066126650572e+09 6.207475185394287109e+00 2.124695777893066406e+00 2.626843750476837158e-01 0.000000000000000000e+00 0.000000000000000000e+00 0.000000000000000000e+00 1.000000000000000000e+00
1.716364066176836252e+09 6.207479953765869141e+00 2.124697923660278320e+00 2.627122104167938232e-01 0.000000000000000000e+00 0.000000000000000000e+00 0.000000000000000000e+00 1.000000000000000000e+00
1.716364066227136850e+09 6.208416461944580078e+00 2.124998331069946289e+00 2.625299394130706787e-01 0.000000000000000000e+00 0.000000000000000000e+00 0.000000000000000000e+00 1.000000000000000000e+00
1.716364066277359009e+09 6.208411693572998047e+00 2.125011205673217773e+00 2.625287175178527832e-01 0.000000000000000000e+00 0.000000000000000000e+00 0.000000000000000000e+00 1.000000000000000000e+00
1.716364066327677488e+09 6.207477569580078125e+00 2.124691009521484375e+00 2.626886367797851007e-01 0.000000000000000000e+00 0.000000000000000000e+00 0.000000000000000000e+00 1.000000000000000000e+00
1.716364066377791882e+09 6.208406448364257812e+00 2.125009298324584961e+00 2.624987065792083740e-01 0.000000000000000000e+00 0.000000000000000000e+00 0.000000000000000000e+00 1.000000000000000000e+00
1.716364066478291273e+09 6.207481384277343750e+00 2.124693155288696289e+00 2.627113461494445801e-01 0.000000000000000000e+00 0.000000000000000000e+00 0.000000000000000000e+00 1.000000000000000000e+00
1.716364066528376341e+09 6.208412170410156250e+00 2.125012397766113281e+00 2.625330686569213867e-01 0.000000000000000000e+00 0.000000000000000000e+00 0.000000000000000000e+00 1.000000000000000000e+00
1.716364066578668356e+09 6.208406448364257812e+00 2.125009536743164062e+00 2.624997198581695002e-01 0.000000000000000000e+00 0.000000000000000000e+00 0.000000000000000000e+00 1.000000000000000000e+00
1.716364066678932667e+09 6.208410739898681641e+00 2.125011205673217773e+00 2.625246047973632812e-01 0.000000000000000000e+00 0.000000000000000000e+00 0.000000000000000000e+00 1.000000000000000000e+00
1.716364066729145765e+09 6.208412170410156250e+00 2.125011205673217773e+00 2.625314891338347834e-01 0.000000000000000000e+00 0.000000000000000000e+00 0.000000000000000000e+00 1.000000000000000000e+00
1.716364066779773474e+09 6.207482814788818359e+00 2.124690055847167969e+00 2.627140283584594727e-01 0.000000000000000000e+00 0.000000000000000000e+00 0.000000000000000000e+00 1.000000000000000000e+00
1.716364066830190659e+09 6.207488536834716797e+00 2.124671697616577148e+00 2.627114057540893000e-01 0.000000000000000000e+00 0.000000000000000000e+00 0.000000000000000000e+00 1.000000000000000000e+00
1.716364066880295277e+09 6.208412647247314453e+00 2.125008344650268999e+00 2.625280916690825861e-01 0.000000000000000000e+00 0.000000000000000000e+00 0.000000000000000000e+00 1.000000000000000000e+00
1.716364066930445194e+09 6.208420753479003906e+00 2.124984979629516602e+00 2.625303268432617188e-01 0.000000000000000000e+00 0.000000000000000000e+00 0.000000000000000000e+00 1.000000000000000000e+00
1.716364066980689049e+09 6.208422183990479404e+00 2.124998569488525391e+00 2.625600695610045832e-01 0.000000000000000000e+00 0.000000000000000000e+00 0.000000000000000000e+00 1.000000000000000000e+00
1.716364067030970335e+09 6.208422183990479404e+00 2.124982118606567383e+00 2.625305354595183771e-01 0.000000000000000000e+00 0.000000000000000000e+00 0.000000000000000000e+00 1.000000000000000000e+00
1.716364067081268787e+09 6.208417892456054688e+00 2.125011444091796875e+00 2.625598907470703125e-01 0.000000000000000000e+00 0.000000000000000000e+00 0.000000000000000000e+00 1.000000000000000000e+00
1.716364067131697178e+09 6.208414554595947266e+00 2.125012159347534180e+00 2.625457644462584894e-01 0.000000000000000000e+00 0.000000000000000000e+00 0.000000000000000000e+00 1.000000000000000000e+00
1.716364067181754827e+09 6.207482337951660156e+00 2.124690771102905273e+00 2.627133727073668878e-01 0.000000000000000000e+00 0.000000000000000000e+00 0.000000000000000000e+00 1.000000000000000000e+00
1.716364067232682705e+09 6.208420753479003906e+00 2.124985218048096147e+00 2.625308036804199219e-01 0.000000000000000000e+00 0.000000000000000000e+00 0.000000000000000000e+00 1.000000000000000000e+00
1.716364067282176018e+09 6.208427429199218750e+00 2.124978780746459961e+00 2.625528872013092041e-01 0.000000000000000000e+00 0.000000000000000000e+00 0.000000000000000000e+00 1.000000000000000000e+00
1.716364067332536936e+09 6.208420753479003906e+00 2.124995231628417969e+00 2.625483572483062744e-01 0.000000000000000000e+00 0.000000000000000000e+00 0.000000000000000000e+00 1.000000000000000000e+00
1.716364067432702065e+09 6.208422660827636719e+00 2.124985933303833008e+00 2.625397145748137873e-01 0.000000000000000000e+00 0.000000000000000000e+00 0.000000000000000000e+00 1.000000000000000000e+00
1.716364067482963085e+09 6.208417415618896484e+00 2.124999761581420898e+00 2.625385522842407227e-01 0.000000000000000000e+00 0.000000000000000000e+00 0.000000000000000000e+00 1.000000000000000000e+00
1.716364067533065796e+09 6.208423137664794922e+00 2.124979734420776367e+00 2.625313997268676758e-01 0.000000000000000000e+00 0.000000000000000000e+00 0.000000000000000000e+00 1.000000000000000000e+00
1.716364067583396912e+09 6.208416461944580078e+00 2.124993085861206055e+00 2.625205814838408869e-01 0.000000000000000000e+00 0.000000000000000000e+00 0.000000000000000000e+00 1.000000000000000000e+00
1.716364067633541584e+09 6.208426475524902344e+00 2.124970912933349609e+00 2.625327110290526789e-01 0.000000000000000000e+00 0.000000000000000000e+00 0.000000000000000000e+00 1.000000000000000000e+00
1.716364067683788776e+09 6.207495212554931641e+00 2.124653577804564986e+00 2.627137601375579834e-01 0.000000000000000000e+00 0.000000000000000000e+00 0.000000000000000000e+00 1.000000000000000000e+00
1.716364067734024525e+09 6.208417892456054688e+00 2.124983310699462891e+00 2.625123262405394953e-01 0.000000000000000000e+00 0.000000000000000000e+00 0.000000000000000000e+00 1.000000000000000000e+00
1.716364067834521294e+09 6.207485675811767578e+00 2.124682188034057617e+00 2.627142369747161865e-01 0.000000000000000000e+00 0.000000000000000000e+00 0.000000000000000000e+00 1.000000000000000000e+00
1.716364067884826660e+09 6.207495212554931641e+00 2.124654531478881836e+00 2.627150118350982111e-01 0.000000000000000000e+00 0.000000000000000000e+00 0.000000000000000000e+00 1.000000000000000000e+00
1.716364067934945583e+09 6.208425521850585938e+00 2.124971866607666016e+00 2.625319063663482111e-01 0.000000000000000000e+00 0.000000000000000000e+00 0.000000000000000000e+00 1.000000000000000000e+00
1.716364067985167503e+09 6.207493782043457031e+00 2.124652624130249023e+00 2.627050876617431086e-01 0.000000000000000000e+00 0.000000000000000000e+00 0.000000000000000000e+00 1.000000000000000000e+00
1.716364068035330057e+09 6.207494735717773438e+00 2.124654769897460938e+00 2.627131342887877863e-01 0.000000000000000000e+00 0.000000000000000000e+00 0.000000000000000000e+00 1.000000000000000000e+00
1.716364068085564137e+09 6.208425998687744141e+00 2.124971628189086914e+00 2.625325024127960205e-01 0.000000000000000000e+00 0.000000000000000000e+00 0.000000000000000000e+00 1.000000000000000000e+00
1.716364068135880709e+09 6.208425998687744141e+00 2.124970674514770508e+00 2.625312507152556818e-01 0.000000000000000000e+00 0.000000000000000000e+00 0.000000000000000000e+00 1.000000000000000000e+00
1.716364068186136246e+09 6.207496166229248047e+00 2.124652147293090820e+00 2.627155184745788019e-01 0.000000000000000000e+00 0.000000000000000000e+00 0.000000000000000000e+00 1.000000000000000000e+00
1.716364068236214876e+09 6.208425998687744141e+00 2.124971151351928711e+00 2.625326216220855158e-01 0.000000000000000000e+00 0.000000000000000000e+00 0.000000000000000000e+00 1.000000000000000000e+00
1.716364068286970615e+09 6.208425998687744141e+00 2.124971389770507812e+00 2.625329792499542236e-01 0.000000000000000000e+00 0.000000000000000000e+00 0.000000000000000000e+00 1.000000000000000000e+00
1.716364068337106943e+09 6.207496166229248047e+00 2.124651908874512163e+00 2.627141177654265802e-01 0.000000000000000000e+00 0.000000000000000000e+00 0.000000000000000000e+00 1.000000000000000000e+00
1.716364068387714148e+09 6.207485675811767578e+00 2.124682188034057617e+00 2.627148032188414972e-01 0.000000000000000000e+00 0.000000000000000000e+00 0.000000000000000000e+00 1.000000000000000000e+00
1.716364068437717199e+09 6.207484245300292969e+00 2.124680519104003906e+00 2.627050280570983887e-01 0.000000000000000000e+00 0.000000000000000000e+00 0.000000000000000000e+00 1.000000000000000000e+00
1.716364068488344431e+09 6.208423614501953125e+00 2.124975442886352539e+00 2.625263631343840998e-01 0.000000000000000000e+00 0.000000000000000000e+00 0.000000000000000000e+00 1.000000000000000000e+00
1.716364068538525581e+09 6.208425045013427734e+00 2.124971628189086914e+00 2.625280320644378107e-01 0.000000000000000000e+00 0.000000000000000000e+00 0.000000000000000000e+00 1.000000000000000000e+00
1.716364068588840008e+09 6.208425045013427734e+00 2.124971389770507812e+00 2.625284194946289062e-01 0.000000000000000000e+00 0.000000000000000000e+00 0.000000000000000000e+00 1.000000000000000000e+00
1.716364068639107227e+09 6.207494735717773438e+00 2.124652624130249023e+00 2.627092897891997736e-01 0.000000000000000000e+00 0.000000000000000000e+00 0.000000000000000000e+00 1.000000000000000000e+00
1.716364068689395666e+09 6.208424568176269531e+00 2.124972343444824219e+00 2.625258862972258966e-01 0.000000000000000000e+00 0.000000000000000000e+00 0.000000000000000000e+00 1.000000000000000000e+00
1.716364068739773512e+09 6.208423614501953125e+00 2.124971628189086914e+00 2.625200450420379084e-01 0.000000000000000000e+00 0.000000000000000000e+00 0.000000000000000000e+00 1.000000000000000000e+00
1.716364068790022373e+09 6.208421707153320312e+00 2.124967336654663086e+00 2.625035941600799005e-01 0.000000000000000000e+00 0.000000000000000000e+00 0.000000000000000000e+00 1.000000000000000000e+00
1.716364068841614246e+09 6.207494258880615234e+00 2.124654531478881836e+00 2.627092003822326105e-01 0.000000000000000000e+00 0.000000000000000000e+00 0.000000000000000000e+00 1.000000000000000000e+00
1.716364068890532017e+09 6.208425998687744141e+00 2.124971389770507812e+00 2.625329792499542236e-01 0.000000000000000000e+00 0.000000000000000000e+00 0.000000000000000000e+00 1.000000000000000000e+00
1.716364068940785170e+09 6.208420276641845703e+00 2.124989748001098189e+00 2.625355720520018976e-01 0.000000000000000000e+00 0.000000000000000000e+00 0.000000000000000000e+00 1.000000000000000000e+00
1.716364068990939140e+09 6.208426952362060547e+00 2.124969720840454102e+00 2.625347971916198730e-01 0.000000000000000000e+00 0.000000000000000000e+00 0.000000000000000000e+00 1.000000000000000000e+00
1.716364069041072607e+09 6.207495689392089844e+00 2.124652385711669922e+00 2.627124786376953125e-01 0.000000000000000000e+00 0.000000000000000000e+00 0.000000000000000000e+00 1.000000000000000000e+00
1.716364069141513586e+09 6.207492828369140625e+00 2.124641418457031250e+00 2.626806497573851984e-01 0.000000000000000000e+00 0.000000000000000000e+00 0.000000000000000000e+00 1.000000000000000000e+00
1.716364069241933823e+09 6.207491874694824219e+00 2.124654293060302734e+00 2.626976370811461847e-01 0.000000000000000000e+00 0.000000000000000000e+00 0.000000000000000000e+00 1.000000000000000000e+00
1.716364069292121410e+09 6.207495689392089844e+00 2.124652147293090820e+00 2.627126872539520264e-01 0.000000000000000000e+00 0.000000000000000000e+00 0.000000000000000000e+00 1.000000000000000000e+00
1.716364069342332125e+09 6.207495212554931641e+00 2.124653339385986328e+00 2.627132833003997803e-01 0.000000000000000000e+00 0.000000000000000000e+00 0.000000000000000000e+00 1.000000000000000000e+00
1.716364069392271519e+09 6.207495689392089844e+00 2.124652385711669922e+00 2.627122998237609863e-01 0.000000000000000000e+00 0.000000000000000000e+00 0.000000000000000000e+00 1.000000000000000000e+00
1.716364069442586422e+09 6.208425998687744141e+00 2.124971628189086914e+00 2.625320255756378174e-01 0.000000000000000000e+00 0.000000000000000000e+00 0.000000000000000000e+00 1.000000000000000000e+00
1.716364069492545128e+09 6.208426475524902344e+00 2.124968767166137695e+00 2.625309526920318048e-01 0.000000000000000000e+00 0.000000000000000000e+00 0.000000000000000000e+00 1.000000000000000000e+00
1.716364069542673826e+09 6.208422183990479404e+00 2.124970674514770508e+00 2.625127732753753107e-01 0.000000000000000000e+00 0.000000000000000000e+00 0.000000000000000000e+00 1.000000000000000000e+00
1.716364069642979383e+09 6.208425998687744141e+00 2.124969482421875000e+00 2.625285089015960138e-01 0.000000000000000000e+00 0.000000000000000000e+00 0.000000000000000000e+00 1.000000000000000000e+00
1.716364069693659306e+09 6.207492828369140625e+00 2.124651908874512163e+00 2.626989781856536865e-01 0.000000000000000000e+00 0.000000000000000000e+00 0.000000000000000000e+00 1.000000000000000000e+00
1.716364069743515968e+09 6.208411216735839844e+00 2.124997138977050781e+00 2.625008225440979004e-01 0.000000000000000000e+00 0.000000000000000000e+00 0.000000000000000000e+00 1.000000000000000000e+00
1.716364069843840837e+09 6.207495212554931641e+00 2.124651908874512163e+00 2.627107203006743830e-01 0.000000000000000000e+00 0.000000000000000000e+00 0.000000000000000000e+00 1.000000000000000000e+00
1.716364069895264626e+09 6.207494735717773438e+00 2.124651670455932617e+00 2.627074420452117920e-01 0.000000000000000000e+00 0.000000000000000000e+00 0.000000000000000000e+00 1.000000000000000000e+00
1.716364069944367170e+09 6.207493305206298828e+00 2.124650478363037109e+00 2.626987993717193048e-01 0.000000000000000000e+00 0.000000000000000000e+00 0.000000000000000000e+00 1.000000000000000000e+00
1.716364069994538069e+09 6.207495212554931641e+00 2.124650955200195757e+00 2.627083957195281982e-01 0.000000000000000000e+00 0.000000000000000000e+00 0.000000000000000000e+00 1.000000000000000000e+00
1.716364070044668436e+09 6.207506179809570312e+00 2.124621629714965820e+00 2.627139389514923096e-01 0.000000000000000000e+00 0.000000000000000000e+00 0.000000000000000000e+00 1.000000000000000000e+00
1.716364070094913960e+09 6.207495689392089844e+00 2.124653100967407227e+00 2.627135515213012140e-01 0.000000000000000000e+00 0.000000000000000000e+00 0.000000000000000000e+00 1.000000000000000000e+00
1.716364070145097733e+09 6.208420276641845703e+00 2.124969244003295898e+00 2.625002264976500910e-01 0.000000000000000000e+00 0.000000000000000000e+00 0.000000000000000000e+00 1.000000000000000000e+00
1.716364070245465517e+09 6.208425521850585938e+00 2.124972820281982422e+00 2.625324130058288019e-01 0.000000000000000000e+00 0.000000000000000000e+00 0.000000000000000000e+00 1.000000000000000000e+00
1.716364070295769453e+09 6.208426475524902344e+00 2.124969720840454102e+00 2.625314891338347834e-01 0.000000000000000000e+00 0.000000000000000000e+00 0.000000000000000000e+00 1.000000000000000000e+00
1.716364070345876694e+09 6.207496166229248047e+00 2.124651193618774414e+00 2.627146840095520020e-01 0.000000000000000000e+00 0.000000000000000000e+00 0.000000000000000000e+00 1.000000000000000000e+00
1.716364070396173716e+09 6.208426475524902344e+00 2.124969959259033203e+00 2.625335156917572021e-01 0.000000000000000000e+00 0.000000000000000000e+00 0.000000000000000000e+00 1.000000000000000000e+00
1.716364070546743631e+09 6.207498550415039062e+00 2.124643802642822266e+00 2.627141475677490234e-01 0.000000000000000000e+00 0.000000000000000000e+00 0.000000000000000000e+00 1.000000000000000000e+00
1.716364070596971512e+09 6.207494258880615234e+00 2.124655485153198242e+00 2.627113461494445801e-01 0.000000000000000000e+00 0.000000000000000000e+00 0.000000000000000000e+00 1.000000000000000000e+00
1.716364070697371960e+09 6.208423614501953125e+00 2.124976873397827148e+00 2.625298798084259033e-01 0.000000000000000000e+00 0.000000000000000000e+00 0.000000000000000000e+00 1.000000000000000000e+00
1.716364070798180580e+09 6.207491397857666016e+00 2.124649524688720703e+00 2.626866102218627930e-01 0.000000000000000000e+00 0.000000000000000000e+00 0.000000000000000000e+00 1.000000000000000000e+00
1.716364070847934008e+09 6.208435058593750000e+00 2.124939680099487749e+00 2.625241279602050781e-01 0.000000000000000000e+00 0.000000000000000000e+00 0.000000000000000000e+00 1.000000000000000000e+00
1.716364070898234129e+09 6.208420753479003906e+00 2.124966382980346680e+00 2.624967694282531738e-01 0.000000000000000000e+00 0.000000000000000000e+00 0.000000000000000000e+00 1.000000000000000000e+00
1.716364070998850822e+09 6.208417892456054688e+00 2.124975442886352539e+00 2.624977827072143000e-01 0.000000000000000000e+00 0.000000000000000000e+00 0.000000000000000000e+00 1.000000000000000000e+00
1.716364071048885345e+09 6.207506179809570312e+00 2.124620437622070312e+00 2.627120912075042725e-01 0.000000000000000000e+00 0.000000000000000000e+00 0.000000000000000000e+00 1.000000000000000000e+00
1.716364071099112272e+09 6.207502841949462891e+00 2.124630689620972124e+00 2.627118527889251154e-01 0.000000000000000000e+00 0.000000000000000000e+00 0.000000000000000000e+00 1.000000000000000000e+00
1.716364071149370909e+09 6.208436012268066406e+00 2.124940633773804155e+00 2.625296711921691895e-01 0.000000000000000000e+00 0.000000000000000000e+00 0.000000000000000000e+00 1.000000000000000000e+00
1.716364071300104141e+09 6.207506656646728516e+00 2.124622106552124023e+00 2.627174258232116144e-01 0.000000000000000000e+00 0.000000000000000000e+00 0.000000000000000000e+00 1.000000000000000000e+00
1.716364071350346565e+09 6.207496166229248047e+00 2.124652385711669922e+00 2.627166509628295898e-01 0.000000000000000000e+00 0.000000000000000000e+00 0.000000000000000000e+00 1.000000000000000000e+00
1.716364071450653076e+09 6.208428859710693359e+00 2.124964475631713867e+00 2.625360190868377130e-01 0.000000000000000000e+00 0.000000000000000000e+00 0.000000000000000000e+00 1.000000000000000000e+00
1.716364071601141930e+09 6.208421230316162109e+00 2.124967098236083984e+00 2.624999284744262140e-01 0.000000000000000000e+00 0.000000000000000000e+00 0.000000000000000000e+00 1.000000000000000000e+00
1.716364071651746273e+09 6.208423614501953125e+00 2.124967336654663086e+00 2.625139951705932062e-01 0.000000000000000000e+00 0.000000000000000000e+00 0.000000000000000000e+00 1.000000000000000000e+00
1.716364071701898098e+09 6.207504749298095703e+00 2.124625444412231445e+00 2.627112567424774170e-01 0.000000000000000000e+00 0.000000000000000000e+00 0.000000000000000000e+00 1.000000000000000000e+00
1.716364071802356005e+09 6.207490921020507812e+00 2.124648094177246094e+00 2.626822590827941895e-01 0.000000000000000000e+00 0.000000000000000000e+00 0.000000000000000000e+00 1.000000000000000000e+00
1.716364071903030634e+09 6.208422660827636719e+00 2.124965667724609375e+00 2.625053822994232178e-01 0.000000000000000000e+00 0.000000000000000000e+00 0.000000000000000000e+00 1.000000000000000000e+00
1.716364071953047514e+09 6.207500457763671875e+00 2.124620437622070312e+00 2.626827359199523926e-01 0.000000000000000000e+00 0.000000000000000000e+00 0.000000000000000000e+00 1.000000000000000000e+00
1.716364072053426027e+09 6.208429813385009766e+00 2.124939680099487749e+00 2.624975442886351984e-01 0.000000000000000000e+00 0.000000000000000000e+00 0.000000000000000000e+00 1.000000000000000000e+00
1.716364072103640079e+09 6.208429336547851562e+00 2.124948501586914062e+00 2.625090777873992920e-01 0.000000000000000000e+00 0.000000000000000000e+00 0.000000000000000000e+00 1.000000000000000000e+00
1.716364072204096556e+09 6.208425998687744141e+00 2.124969959259033203e+00 2.625295519828795832e-01 0.000000000000000000e+00 0.000000000000000000e+00 0.000000000000000000e+00 1.000000000000000000e+00
1.716364072254375935e+09 6.208437919616699219e+00 2.124937295913696289e+00 2.625331580638884943e-01 0.000000000000000000e+00 0.000000000000000000e+00 0.000000000000000000e+00 1.000000000000000000e+00
1.716364072304520130e+09 6.208426475524902344e+00 2.124969482421875000e+00 2.625314295291900080e-01 0.000000000000000000e+00 0.000000000000000000e+00 0.000000000000000000e+00 1.000000000000000000e+00
1.716364072404788256e+09 6.207496643066406250e+00 2.124650478363037109e+00 2.627145051956176758e-01 0.000000000000000000e+00 0.000000000000000000e+00 0.000000000000000000e+00 1.000000000000000000e+00
1.716364072455290556e+09 6.208426952362060547e+00 2.124969720840454102e+00 2.625342607498168945e-01 0.000000000000000000e+00 0.000000000000000000e+00 0.000000000000000000e+00 1.000000000000000000e+00
1.716364072560561895e+09 6.208425521850585938e+00 2.124969005584716797e+00 2.625249624252318781e-01 0.000000000000000000e+00 0.000000000000000000e+00 0.000000000000000000e+00 1.000000000000000000e+00
1.716364072605772495e+09 6.208425998687744141e+00 2.124967336654663086e+00 2.625258564949035089e-01 0.000000000000000000e+00 0.000000000000000000e+00 0.000000000000000000e+00 1.000000000000000000e+00
1.716364072656249046e+09 6.207489967346191406e+00 2.124647617340087891e+00 2.626748383045195978e-01 0.000000000000000000e+00 0.000000000000000000e+00 0.000000000000000000e+00 1.000000000000000000e+00
1.716364072706188917e+09 6.208420276641845703e+00 2.124965667724609375e+00 2.624933719635009766e-01 0.000000000000000000e+00 0.000000000000000000e+00 0.000000000000000000e+00 1.000000000000000000e+00
1.716364072806694508e+09 6.207500934600830078e+00 2.124619245529174805e+00 2.626831531524658203e-01 0.000000000000000000e+00 0.000000000000000000e+00 0.000000000000000000e+00 1.000000000000000000e+00
1.716364072857007027e+09 6.208421707153320312e+00 2.124967575073242188e+00 2.625042796134948730e-01 0.000000000000000000e+00 0.000000000000000000e+00 0.000000000000000000e+00 1.000000000000000000e+00
1.716364072907062292e+09 6.208426952362060547e+00 2.124967575073242188e+00 2.625304460525512140e-01 0.000000000000000000e+00 0.000000000000000000e+00 0.000000000000000000e+00 1.000000000000000000e+00
1.716364072957414150e+09 6.208422183990479404e+00 2.124966859817504883e+00 2.625051140785216730e-01 0.000000000000000000e+00 0.000000000000000000e+00 0.000000000000000000e+00 1.000000000000000000e+00
1.716364073007656336e+09 6.208433151245117188e+00 2.124947071075439453e+00 2.625274658203125000e-01 0.000000000000000000e+00 0.000000000000000000e+00 0.000000000000000000e+00 1.000000000000000000e+00
1.716364073057837009e+09 6.208438873291015625e+00 2.124938964843750000e+00 2.625418603420257013e-01 0.000000000000000000e+00 0.000000000000000000e+00 0.000000000000000000e+00 1.000000000000000000e+00
1.716364073158185720e+09 6.207494735717773438e+00 2.124652862548828125e+00 2.627104222774505060e-01 0.000000000000000000e+00 0.000000000000000000e+00 0.000000000000000000e+00 1.000000000000000000e+00
1.716364073208289385e+09 6.208435058593750000e+00 2.124953031539916992e+00 2.625474631786345880e-01 0.000000000000000000e+00 0.000000000000000000e+00 0.000000000000000000e+00 1.000000000000000000e+00
1.716364073308718920e+09 6.208443641662597656e+00 2.124921083450317383e+00 2.625348269939422052e-01 0.000000000000000000e+00 0.000000000000000000e+00 0.000000000000000000e+00 1.000000000000000000e+00
1.716364073359075069e+09 6.208448410034179688e+00 2.124907732009888139e+00 2.625357508659362793e-01 0.000000000000000000e+00 0.000000000000000000e+00 0.000000000000000000e+00 1.000000000000000000e+00
1.716364073409300327e+09 6.208437919616699219e+00 2.124937057495117188e+00 2.625331282615661066e-01 0.000000000000000000e+00 0.000000000000000000e+00 0.000000000000000000e+00 1.000000000000000000e+00
1.716364073559971809e+09 6.207496166229248047e+00 2.124648571014404297e+00 2.627100646495819092e-01 0.000000000000000000e+00 0.000000000000000000e+00 0.000000000000000000e+00 1.000000000000000000e+00
1.716364073610449314e+09 6.207500457763671875e+00 2.124636411666870117e+00 2.627105414867401123e-01 0.000000000000000000e+00 0.000000000000000000e+00 0.000000000000000000e+00 1.000000000000000000e+00
1.716364073710487127e+09 6.208430290222167969e+00 2.124940395355224609e+00 2.625003159046173096e-01 0.000000000000000000e+00 0.000000000000000000e+00 0.000000000000000000e+00 1.000000000000000000e+00
1.716364073810991526e+09 6.208433151245117188e+00 2.124938249588012695e+00 2.625114619731903076e-01 0.000000000000000000e+00 0.000000000000000000e+00 0.000000000000000000e+00 1.000000000000000000e+00
1.716364073911509752e+09 6.207497119903564453e+00 2.124648809432983398e+00 2.627134919166564941e-01 0.000000000000000000e+00 0.000000000000000000e+00 0.000000000000000000e+00 1.000000000000000000e+00
1.716364073961758614e+09 6.208425998687744141e+00 2.124969720840454102e+00 2.625287473201751154e-01 0.000000000000000000e+00 0.000000000000000000e+00 0.000000000000000000e+00 1.000000000000000000e+00
1.716364074011851072e+09 6.208425521850585938e+00 2.124969959259033203e+00 2.625268697738646906e-01 0.000000000000000000e+00 0.000000000000000000e+00 0.000000000000000000e+00 1.000000000000000000e+00
1.716364074112376213e+09 6.208425521850585938e+00 2.124968051910400391e+00 2.625249922275543213e-01 0.000000000000000000e+00 0.000000000000000000e+00 0.000000000000000000e+00 1.000000000000000000e+00
1.716364074162609577e+09 6.208425998687744141e+00 2.124968767166137695e+00 2.625268697738646906e-01 0.000000000000000000e+00 0.000000000000000000e+00 0.000000000000000000e+00 1.000000000000000000e+00
1.716364074212756157e+09 6.207506656646728516e+00 2.124636173248291016e+00 2.627415359020233154e-01 0.000000000000000000e+00 0.000000000000000000e+00 0.000000000000000000e+00 1.000000000000000000e+00
1.716364074313254595e+09 6.208431720733642578e+00 2.124970436096191406e+00 2.625607252120971125e-01 0.000000000000000000e+00 0.000000000000000000e+00 0.000000000000000000e+00 1.000000000000000000e+00
1.716364074363441467e+09 6.208433151245117188e+00 2.124959230422973633e+00 2.625488936901091974e-01 0.000000000000000000e+00 0.000000000000000000e+00 0.000000000000000000e+00 1.000000000000000000e+00
1.716364074413762569e+09 6.208436489105224609e+00 2.124938249588012695e+00 2.625288367271422785e-01 0.000000000000000000e+00 0.000000000000000000e+00 0.000000000000000000e+00 1.000000000000000000e+00
1.716364074513949633e+09 6.208430767059326172e+00 2.124956607818603516e+00 2.625305652618408203e-01 0.000000000000000000e+00 0.000000000000000000e+00 0.000000000000000000e+00 1.000000000000000000e+00
1.716364074564235449e+09 6.208416938781738281e+00 2.124997615814208984e+00 2.625322043895720880e-01 0.000000000000000000e+00 0.000000000000000000e+00 0.000000000000000000e+00 1.000000000000000000e+00
1.716364074664784908e+09 6.208425521850585938e+00 2.124971151351928711e+00 2.625297009944915771e-01 0.000000000000000000e+00 0.000000000000000000e+00 0.000000000000000000e+00 1.000000000000000000e+00
1.716364074765027285e+09 6.208415508270263672e+00 2.124998569488525391e+00 2.625273168087005060e-01 0.000000000000000000e+00 0.000000000000000000e+00 0.000000000000000000e+00 1.000000000000000000e+00
1.716364074865469456e+09 6.207501411437988281e+00 2.124651193618774414e+00 2.627394795417785089e-01 0.000000000000000000e+00 0.000000000000000000e+00 0.000000000000000000e+00 1.000000000000000000e+00
1.716364074915894508e+09 6.207488059997558594e+00 2.124672412872314453e+00 2.627084255218505859e-01 0.000000000000000000e+00 0.000000000000000000e+00 0.000000000000000000e+00 1.000000000000000000e+00
