# timestamp tx ty tz qx qy qz qw
1.716364295139882803e+09 1.108609485626220881e+01 -4.134016036987304688e+00 2.652232050895690918e-01 0.000000000000000000e+00 0.000000000000000000e+00 0.000000000000000000e+00 1.000000000000000000e+00
1.716364295190295219e+09 1.108618450164794922e+01 -4.133774757385253906e+00 2.652248442173004150e-01 0.000000000000000000e+00 0.000000000000000000e+00 0.000000000000000000e+00 1.000000000000000000e+00
1.716364295240470886e+09 1.108620452880859375e+01 -4.133732795715332031e+00 2.652601003646850031e-01 0.000000000000000000e+00 0.000000000000000000e+00 0.000000000000000000e+00 1.000000000000000000e+00
1.716364295291059732e+09 1.108619976043701172e+01 -4.133767127990722656e+00 2.653384804725646973e-01 0.000000000000000000e+00 0.000000000000000000e+00 0.000000000000000000e+00 1.000000000000000000e+00
1.716364295341037750e+09 1.108615016937256037e+01 -4.133884429931640625e+00 2.652821838855742853e-01 0.000000000000000000e+00 0.000000000000000000e+00 0.000000000000000000e+00 1.000000000000000000e+00
1.716364295391297579e+09 1.108614349365234375e+01 -4.133888721466064453e+00 2.652345597743988037e-01 0.000000000000000000e+00 0.000000000000000000e+00 0.000000000000000000e+00 1.000000000000000000e+00
1.716364295491559029e+09 1.108620452880859375e+01 -4.133738994598388672e+00 2.652855515480040949e-01 0.000000000000000000e+00 0.000000000000000000e+00 0.000000000000000000e+00 1.000000000000000000e+00
1.716364295541836739e+09 1.108618831634521662e+01 -4.133783340454101562e+00 2.652888596057891846e-01 0.000000000000000000e+00 0.000000000000000000e+00 0.000000000000000000e+00 1.000000000000000000e+00
1.716364295592761517e+09 1.108617877960205078e+01 -4.133776664733886719e+00 2.651743590831756037e-01 0.000000000000000000e+00 0.000000000000000000e+00 0.000000000000000000e+00 1.000000000000000000e+00
1.716364295692676306e+09 1.108615303039550781e+01 -4.133871078491210938e+00 2.652615606784820002e-01 0.000000000000000000e+00 0.000000000000000000e+00 0.000000000000000000e+00 1.000000000000000000e+00
1.716364295742896557e+09 1.108617305755615234e+01 -4.133817195892333984e+00 2.652649581432341974e-01 0.000000000000000000e+00 0.000000000000000000e+00 0.000000000000000000e+00 1.000000000000000000e+00
1.716364295793117523e+09 1.108619785308838068e+01 -4.133727550506591797e+00 2.651880085468292236e-01 0.000000000000000000e+00 0.000000000000000000e+00 0.000000000000000000e+00 1.000000000000000000e+00
1.716364295893321753e+09 1.108617305755615234e+01 -4.133833408355712891e+00 2.653145790100097101e-01 0.000000000000000000e+00 0.000000000000000000e+00 0.000000000000000000e+00 1.000000000000000000e+00
1.716364295994382143e+09 1.108618164062500000e+01 -4.133805751800537109e+00 2.653028964996337891e-01 0.000000000000000000e+00 0.000000000000000000e+00 0.000000000000000000e+00 1.000000000000000000e+00
1.716364296044188261e+09 1.108619403839111150e+01 -4.133783817291259766e+00 2.653440535068511963e-01 0.000000000000000000e+00 0.000000000000000000e+00 0.000000000000000000e+00 1.000000000000000000e+00
1.716364296094082117e+09 1.108616542816161932e+01 -4.133835792541503906e+00 2.652560174465178888e-01 0.000000000000000000e+00 0.000000000000000000e+00 0.000000000000000000e+00 1.000000000000000000e+00
1.716364296144314528e+09 1.108617496490478338e+01 -4.133810997009277344e+00 2.652630209922789972e-01 0.000000000000000000e+00 0.000000000000000000e+00 0.000000000000000000e+00 1.000000000000000000e+00
1.716364296244908810e+09 1.108620357513427557e+01 -4.133726596832275391e+00 2.652311921119689941e-01 0.000000000000000000e+00 0.000000000000000000e+00 0.000000000000000000e+00 1.000000000000000000e+00
1.716364296295052767e+09 1.108617687225341797e+01 -4.133825778961181641e+00 2.653297185897827148e-01 0.000000000000000000e+00 0.000000000000000000e+00 0.000000000000000000e+00 1.000000000000000000e+00
1.716364296344991684e+09 1.108617305755615234e+01 -4.133837223052978516e+00 2.653306722640991211e-01 0.000000000000000000e+00 0.000000000000000000e+00 0.000000000000000000e+00 1.000000000000000000e+00
1.716364296445681095e+09 1.108616161346435547e+01 -4.133866310119628906e+00 2.653294503688812256e-01 0.000000000000000000e+00 0.000000000000000000e+00 0.000000000000000000e+00 1.000000000000000000e+00
1.716364296496168137e+09 1.108615970611572443e+01 -4.133872509002685547e+00 2.653301954269409180e-01 0.000000000000000000e+00 0.000000000000000000e+00 0.000000000000000000e+00 1.000000000000000000e+00
1.716364296546121836e+09 1.108615207672119141e+01 -4.133891582489013672e+00 2.653247117996215820e-01 0.000000000000000000e+00 0.000000000000000000e+00 0.000000000000000000e+00 1.000000000000000000e+00
1.716364296596336365e+09 1.108613681793212713e+01 -4.133932590484619141e+00 2.653295695781707764e-01 0.000000000000000000e+00 0.000000000000000000e+00 0.000000000000000000e+00 1.000000000000000000e+00
1.716364296646510839e+09 1.108614158630371271e+01 -4.133921623229980469e+00 2.653272151947020929e-01 0.000000000000000000e+00 0.000000000000000000e+00 0.000000000000000000e+00 1.000000000000000000e+00
1.716364296697194815e+09 1.108617210388183594e+01 -4.133838653564453125e+00 2.653254568576812744e-01 0.000000000000000000e+00 0.000000000000000000e+00 0.000000000000000000e+00 1.000000000000000000e+00
1.716364296747026205e+09 1.108614349365234375e+01 -4.133914470672607422e+00 2.653268277645111084e-01 0.000000000000000000e+00 0.000000000000000000e+00 0.000000000000000000e+00 1.000000000000000000e+00
1.716364296797082663e+09 1.108610820770263672e+01 -4.134027957916259766e+00 2.653847634792327881e-01 0.000000000000000000e+00 0.000000000000000000e+00 0.000000000000000000e+00 1.000000000000000000e+00
1.716364296897486687e+09 1.108615303039550781e+01 -4.133893966674804688e+00 2.653439939022064209e-01 0.000000000000000000e+00 0.000000000000000000e+00 0.000000000000000000e+00 1.000000000000000000e+00
1.716364296947959661e+09 1.108615016937256037e+01 -4.133889675140380859e+00 2.653042376041411798e-01 0.000000000000000000e+00 0.000000000000000000e+00 0.000000000000000000e+00 1.000000000000000000e+00
1.716364296998468876e+09 1.108614921569824219e+01 -4.133890628814697266e+00 2.652933001518248957e-01 0.000000000000000000e+00 0.000000000000000000e+00 0.000000000000000000e+00 1.000000000000000000e+00
1.716364297048465967e+09 1.108615303039550781e+01 -4.133892059326171875e+00 2.653376758098601740e-01 0.000000000000000000e+00 0.000000000000000000e+00 0.000000000000000000e+00 1.000000000000000000e+00
1.716364297148642778e+09 1.108621215820312322e+01 -4.133742332458496094e+00 2.653624713420867920e-01 0.000000000000000000e+00 0.000000000000000000e+00 0.000000000000000000e+00 1.000000000000000000e+00
1.716364297198995352e+09 1.108616256713867188e+01 -4.133865833282470703e+00 2.653355300426483154e-01 0.000000000000000000e+00 0.000000000000000000e+00 0.000000000000000000e+00 1.000000000000000000e+00
1.716364297249270678e+09 1.108612823486327947e+01 -4.133934974670410156e+00 2.652524411678314209e-01 0.000000000000000000e+00 0.000000000000000000e+00 0.000000000000000000e+00 1.000000000000000000e+00
1.716364297350222588e+09 1.108617210388183594e+01 -4.133861541748046875e+00 2.654071152210235041e-01 0.000000000000000000e+00 0.000000000000000000e+00 0.000000000000000000e+00 1.000000000000000000e+00
1.716364297400306702e+09 1.108617496490478338e+01 -4.133853435516357422e+00 2.654065489768981934e-01 0.000000000000000000e+00 0.000000000000000000e+00 0.000000000000000000e+00 1.000000000000000000e+00
1.716364297500926256e+09 1.108617782592773438e+01 -4.133847713470458984e+00 2.654122114181518000e-01 0.000000000000000000e+00 0.000000000000000000e+00 0.000000000000000000e+00 1.000000000000000000e+00
1.716364297551090240e+09 1.108616161346435547e+01 -4.133912086486816406e+00 2.654802501201629084e-01 0.000000000000000000e+00 0.000000000000000000e+00 0.000000000000000000e+00 1.000000000000000000e+00
1.716364297601245642e+09 1.108614730834960938e+01 -4.133947372436523438e+00 2.654739916324614923e-01 0.000000000000000000e+00 0.000000000000000000e+00 0.000000000000000000e+00 1.000000000000000000e+00
1.716364297651506901e+09 1.108618736267089844e+01 -4.133805751800537109e+00 2.653564810752868097e-01 0.000000000000000000e+00 0.000000000000000000e+00 0.000000000000000000e+00 1.000000000000000000e+00
1.716364297701979160e+09 1.108616447448730469e+01 -4.133857727050781250e+00 2.653219401836395264e-01 0.000000000000000000e+00 0.000000000000000000e+00 0.000000000000000000e+00 1.000000000000000000e+00
1.716364297752017736e+09 1.108615684509277166e+01 -4.133888721466064453e+00 2.653569877147674005e-01 0.000000000000000000e+00 0.000000000000000000e+00 0.000000000000000000e+00 1.000000000000000000e+00
1.716364297802180767e+09 1.108613967895507812e+01 -4.133945941925048828e+00 2.653936743736267090e-01 0.000000000000000000e+00 0.000000000000000000e+00 0.000000000000000000e+00 1.000000000000000000e+00
1.716364297852259398e+09 1.108613872528076172e+01 -4.133929729461669922e+00 2.653364837169647217e-01 0.000000000000000000e+00 0.000000000000000000e+00 0.000000000000000000e+00 1.000000000000000000e+00
1.716364297902397633e+09 1.108613681793212713e+01 -4.133934020996093750e+00 2.653317451477050781e-01 0.000000000000000000e+00 0.000000000000000000e+00 0.000000000000000000e+00 1.000000000000000000e+00
1.716364297952742815e+09 1.108615875244140625e+01 -4.133894443511962891e+00 2.653912305831909180e-01 0.000000000000000000e+00 0.000000000000000000e+00 0.000000000000000000e+00 1.000000000000000000e+00
1.716364298002965212e+09 1.108613204956054865e+01 -4.133946895599365234e+00 2.653344273567199152e-01 0.000000000000000000e+00 0.000000000000000000e+00 0.000000000000000000e+00 1.000000000000000000e+00
1.716364298053128242e+09 1.108614158630371271e+01 -4.133942127227783203e+00 2.654007673263549805e-01 0.000000000000000000e+00 0.000000000000000000e+00 0.000000000000000000e+00 1.000000000000000000e+00
1.716364298103334427e+09 1.108615779876708984e+01 -4.133903026580810547e+00 2.654150128364562988e-01 0.000000000000000000e+00 0.000000000000000000e+00 0.000000000000000000e+00 1.000000000000000000e+00
1.716364298153398514e+09 1.108618354797363281e+01 -4.133851051330566406e+00 2.654779851436614990e-01 0.000000000000000000e+00 0.000000000000000000e+00 0.000000000000000000e+00 1.000000000000000000e+00
1.716364298203652620e+09 1.108616828918457031e+01 -4.133893013000488281e+00 2.654816508293151855e-01 0.000000000000000000e+00 0.000000000000000000e+00 0.000000000000000000e+00 1.000000000000000000e+00
1.716364298253994703e+09 1.108617401123046875e+01 -4.133869171142578125e+00 2.654446065425872803e-01 0.000000000000000000e+00 0.000000000000000000e+00 0.000000000000000000e+00 1.000000000000000000e+00
1.716364298304108858e+09 1.108616828918457031e+01 -4.133873462677001953e+00 2.654124498367309015e-01 0.000000000000000000e+00 0.000000000000000000e+00 0.000000000000000000e+00 1.000000000000000000e+00
1.716364298354909658e+09 1.108617782592773438e+01 -4.133838653564453125e+00 2.653766572475432794e-01 0.000000000000000000e+00 0.000000000000000000e+00 0.000000000000000000e+00 1.000000000000000000e+00
1.716364298454796791e+09 1.108615589141845525e+01 -4.133889675140380859e+00 2.653559148311614990e-01 0.000000000000000000e+00 0.000000000000000000e+00 0.000000000000000000e+00 1.000000000000000000e+00
1.716364298504892588e+09 1.108617687225341797e+01 -4.133790493011474609e+00 2.652100920677185059e-01 0.000000000000000000e+00 0.000000000000000000e+00 0.000000000000000000e+00 1.000000000000000000e+00
1.716364298555270910e+09 1.108620738983154475e+01 -4.133732318878173828e+00 2.652859687805175781e-01 0.000000000000000000e+00 0.000000000000000000e+00 0.000000000000000000e+00 1.000000000000000000e+00
1.716364298605386734e+09 1.108617687225341797e+01 -4.133838653564453125e+00 2.653691470623015802e-01 0.000000000000000000e+00 0.000000000000000000e+00 0.000000000000000000e+00 1.000000000000000000e+00
1.716364298706016302e+09 1.108617782592773438e+01 -4.133842945098876953e+00 2.653968632221221924e-01 0.000000000000000000e+00 0.000000000000000000e+00 0.000000000000000000e+00 1.000000000000000000e+00
1.716364298806591034e+09 1.108619403839111150e+01 -4.133766651153564453e+00 2.652837038040161133e-01 0.000000000000000000e+00 0.000000000000000000e+00 0.000000000000000000e+00 1.000000000000000000e+00
1.716364298856839418e+09 1.108620929718017578e+01 -4.133726119995117188e+00 2.652857601642608087e-01 0.000000000000000000e+00 0.000000000000000000e+00 0.000000000000000000e+00 1.000000000000000000e+00
1.716364298957410812e+09 1.108618068695068359e+01 -4.133837223052978516e+00 2.653977274894713800e-01 0.000000000000000000e+00 0.000000000000000000e+00 0.000000000000000000e+00 1.000000000000000000e+00
1.716364299007984161e+09 1.108618927001953125e+01 -4.133800029754638672e+00 2.653530836105346125e-01 0.000000000000000000e+00 0.000000000000000000e+00 0.000000000000000000e+00 1.000000000000000000e+00
1.716364299058325768e+09 1.108618450164794922e+01 -4.133808612823486328e+00 2.653406858444213867e-01 0.000000000000000000e+00 0.000000000000000000e+00 0.000000000000000000e+00 1.000000000000000000e+00
1.716364299108492613e+09 1.108620452880859375e+01 -4.133747100830078125e+00 2.653133273124694824e-01 0.000000000000000000e+00 0.000000000000000000e+00 0.000000000000000000e+00 1.000000000000000000e+00
1.716364299158601999e+09 1.108616256713867188e+01 -4.133848190307617188e+00 2.652724385261535089e-01 0.000000000000000000e+00 0.000000000000000000e+00 0.000000000000000000e+00 1.000000000000000000e+00
1.716364299208761930e+09 1.108617115020751953e+01 -4.133835315704345703e+00 2.653114199638366144e-01 0.000000000000000000e+00 0.000000000000000000e+00 0.000000000000000000e+00 1.000000000000000000e+00
1.716364299259121656e+09 1.108620643615722834e+01 -4.133742332458496094e+00 2.653118968009948730e-01 0.000000000000000000e+00 0.000000000000000000e+00 0.000000000000000000e+00 1.000000000000000000e+00
1.716364299309715748e+09 1.108619308471679688e+01 -4.133779525756835938e+00 2.653220891952514093e-01 0.000000000000000000e+00 0.000000000000000000e+00 0.000000000000000000e+00 1.000000000000000000e+00
1.716364299359755993e+09 1.108619022369384766e+01 -4.133780002593994141e+00 2.652924656867980957e-01 0.000000000000000000e+00 0.000000000000000000e+00 0.000000000000000000e+00 1.000000000000000000e+00
1.716364299409983635e+09 1.108619499206542969e+01 -4.133776187896728516e+00 2.653194367885589044e-01 0.000000000000000000e+00 0.000000000000000000e+00 0.000000000000000000e+00 1.000000000000000000e+00
1.716364299510275602e+09 1.108617019653320312e+01 -4.133832454681396484e+00 2.652924358844757080e-01 0.000000000000000000e+00 0.000000000000000000e+00 0.000000000000000000e+00 1.000000000000000000e+00
1.716364299560854435e+09 1.108618545532226562e+01 -4.133792877197265625e+00 2.652927935123443048e-01 0.000000000000000000e+00 0.000000000000000000e+00 0.000000000000000000e+00 1.000000000000000000e+00
1.716364299610637426e+09 1.108618259429931641e+01 -4.133799552917480469e+00 2.652919590473175049e-01 0.000000000000000000e+00 0.000000000000000000e+00 0.000000000000000000e+00 1.000000000000000000e+00
1.716364299660890341e+09 1.108616161346435547e+01 -4.133872985839843750e+00 2.653505802154541016e-01 0.000000000000000000e+00 0.000000000000000000e+00 0.000000000000000000e+00 1.000000000000000000e+00
1.716364299711289167e+09 1.108616161346435547e+01 -4.133874416351318359e+00 2.653509676456450861e-01 0.000000000000000000e+00 0.000000000000000000e+00 0.000000000000000000e+00 1.000000000000000000e+00
1.716364299761055470e+09 1.108615779876708984e+01 -4.133862018585205078e+00 2.652725279331207275e-01 0.000000000000000000e+00 0.000000000000000000e+00 0.000000000000000000e+00 1.000000000000000000e+00
1.716364299811228752e+09 1.108617591857910156e+01 -4.133839607238769531e+00 2.653686404228209894e-01 0.000000000000000000e+00 0.000000000000000000e+00 0.000000000000000000e+00 1.000000000000000000e+00
1.716364299861615419e+09 1.108617782592773438e+01 -4.133835792541503906e+00 2.653744816780089777e-01 0.000000000000000000e+00 0.000000000000000000e+00 0.000000000000000000e+00 1.000000000000000000e+00
1.716364299911798716e+09 1.108618450164794922e+01 -4.133810997009277344e+00 2.653491795063018799e-01 0.000000000000000000e+00 0.000000000000000000e+00 0.000000000000000000e+00 1.000000000000000000e+00
1.716364299962705135e+09 1.108615016937256037e+01 -4.133878707885742188e+00 2.652610540390014093e-01 0.000000000000000000e+00 0.000000000000000000e+00 0.000000000000000000e+00 1.000000000000000000e+00
1.716364300011591911e+09 1.108618736267089844e+01 -4.133778572082520419e+00 2.652591466903685968e-01 0.000000000000000000e+00 0.000000000000000000e+00 0.000000000000000000e+00 1.000000000000000000e+00
1.716364300061879396e+09 1.108616638183593750e+01 -4.133818626403808594e+00 2.652097344398497980e-01 0.000000000000000000e+00 0.000000000000000000e+00 0.000000000000000000e+00 1.000000000000000000e+00
1.716364300111977577e+09 1.108617973327636719e+01 -4.133795738220214844e+00 2.652501165866851807e-01 0.000000000000000000e+00 0.000000000000000000e+00 0.000000000000000000e+00 1.000000000000000000e+00
1.716364300162219048e+09 1.108615303039550781e+01 -4.133859157562255859e+00 2.652231454849243164e-01 0.000000000000000000e+00 0.000000000000000000e+00 0.000000000000000000e+00 1.000000000000000000e+00
1.716364300212469339e+09 1.108616065979004084e+01 -4.133831024169921875e+00 2.651956677436828058e-01 0.000000000000000000e+00 0.000000000000000000e+00 0.000000000000000000e+00 1.000000000000000000e+00
1.716364300262654781e+09 1.108616161346435547e+01 -4.133828639984130859e+00 2.651951611042022150e-01 0.000000000000000000e+00 0.000000000000000000e+00 0.000000000000000000e+00 1.000000000000000000e+00
1.716364300312844515e+09 1.108613967895507812e+01 -4.133888244628906250e+00 2.651981413364409845e-01 0.000000000000000000e+00 0.000000000000000000e+00 0.000000000000000000e+00 1.000000000000000000e+00
1.716364300363025427e+09 1.108614540100097656e+01 -4.133886814117431641e+00 2.652512192726135254e-01 0.000000000000000000e+00 0.000000000000000000e+00 0.000000000000000000e+00 1.000000000000000000e+00
1.716364300413140297e+09 1.108615684509277166e+01 -4.133845806121826172e+00 2.652129828929901123e-01 0.000000000000000000e+00 0.000000000000000000e+00 0.000000000000000000e+00 1.000000000000000000e+00
1.716364300463382959e+09 1.108617305755615234e+01 -4.133803367614746094e+00 2.652205526828765869e-01 0.000000000000000000e+00 0.000000000000000000e+00 0.000000000000000000e+00 1.000000000000000000e+00
1.716364300513490915e+09 1.108620357513427557e+01 -4.133727550506591797e+00 2.652375698089599054e-01 0.000000000000000000e+00 0.000000000000000000e+00 0.000000000000000000e+00 1.000000000000000000e+00
1.716364300614042282e+09 1.108612442016601562e+01 -4.133958816528320312e+00 2.652989029884337824e-01 0.000000000000000000e+00 0.000000000000000000e+00 0.000000000000000000e+00 1.000000000000000000e+00
1.716364300664224625e+09 1.108607673645019531e+01 -4.134087085723876953e+00 2.653069496154785156e-01 0.000000000000000000e+00 0.000000000000000000e+00 0.000000000000000000e+00 1.000000000000000000e+00
1.716364300714418411e+09 1.108623790740966797e+01 -4.133637428283691406e+00 2.652431726455687921e-01 0.000000000000000000e+00 0.000000000000000000e+00 0.000000000000000000e+00 1.000000000000000000e+00
1.716364300765391588e+09 1.108510971069335938e+01 -4.133783340454101562e+00 2.652369737625122070e-01 0.000000000000000000e+00 0.000000000000000000e+00 0.000000000000000000e+00 1.000000000000000000e+00
1.716364300815098763e+09 1.108517932891845525e+01 -4.133594512939453125e+00 2.652286887168884277e-01 0.000000000000000000e+00 0.000000000000000000e+00 0.000000000000000000e+00 1.000000000000000000e+00
1.716364300915508747e+09 1.108723068237304865e+01 -4.133842468261718750e+00 2.652098238468170166e-01 0.000000000000000000e+00 0.000000000000000000e+00 0.000000000000000000e+00 1.000000000000000000e+00
1.716364301017014027e+09 1.108582115173339844e+01 -4.134764194488525391e+00 2.652730941772460938e-01 0.000000000000000000e+00 0.000000000000000000e+00 0.000000000000000000e+00 1.000000000000000000e+00
1.716364301166658163e+09 1.108621501922607422e+01 -4.133701801300048828e+00 2.652548253536223810e-01 0.000000000000000000e+00 0.000000000000000000e+00 0.000000000000000000e+00 1.000000000000000000e+00
1.716364301216848850e+09 1.108596515655517578e+01 -4.134380340576171875e+00 2.652873992919921875e-01 0.000000000000000000e+00 0.000000000000000000e+00 0.000000000000000000e+00 1.000000000000000000e+00
1.716364301317305803e+09 1.108616733551025391e+01 -4.133835792541503906e+00 2.652789056301116943e-01 0.000000000000000000e+00 0.000000000000000000e+00 0.000000000000000000e+00 1.000000000000000000e+00
1.716364301367472172e+09 1.108620357513427557e+01 -4.133742809295654297e+00 2.652848064899444025e-01 0.000000000000000000e+00 0.000000000000000000e+00 0.000000000000000000e+00 1.000000000000000000e+00
1.716364301467769861e+09 1.108516311645507812e+01 -4.133682727813720703e+00 2.653836309909820002e-01 0.000000000000000000e+00 0.000000000000000000e+00 0.000000000000000000e+00 1.000000000000000000e+00
1.716364301517933607e+09 1.108512401580810369e+01 -4.133804798126220703e+00 2.654401957988739014e-01 0.000000000000000000e+00 0.000000000000000000e+00 0.000000000000000000e+00 1.000000000000000000e+00
1.716364301568358898e+09 1.108619976043701172e+01 -4.133772373199462891e+00 2.653529047966002863e-01 0.000000000000000000e+00 0.000000000000000000e+00 0.000000000000000000e+00 1.000000000000000000e+00
1.716364301668797731e+09 1.108597469329833984e+01 -4.134401798248291016e+00 2.654450535774230957e-01 0.000000000000000000e+00 0.000000000000000000e+00 0.000000000000000000e+00 1.000000000000000000e+00
1.716364301769323826e+09 1.108608818054199219e+01 -4.134057521820068359e+00 2.653045654296875000e-01 0.000000000000000000e+00 0.000000000000000000e+00 0.000000000000000000e+00 1.000000000000000000e+00
1.716364301869503736e+09 1.108517742156982422e+01 -4.133701801300048828e+00 2.655733823776245117e-01 0.000000000000000000e+00 0.000000000000000000e+00 0.000000000000000000e+00 1.000000000000000000e+00
1.716364301919746876e+09 1.108608722686767578e+01 -4.134113788604736328e+00 2.654866576194763184e-01 0.000000000000000000e+00 0.000000000000000000e+00 0.000000000000000000e+00 1.000000000000000000e+00
1.716364301971956015e+09 1.108614158630371271e+01 -4.133978366851806641e+00 2.655211091041564941e-01 0.000000000000000000e+00 0.000000000000000000e+00 0.000000000000000000e+00 1.000000000000000000e+00
1.716364302070729733e+09 1.108610343933105646e+01 -4.134064674377441406e+00 2.654742002487182062e-01 0.000000000000000000e+00 0.000000000000000000e+00 0.000000000000000000e+00 1.000000000000000000e+00
1.716364302170856237e+09 1.108621120452880859e+01 -4.133804798126220703e+00 2.655685842037200928e-01 0.000000000000000000e+00 0.000000000000000000e+00 0.000000000000000000e+00 1.000000000000000000e+00
1.716364302221311092e+09 1.108523559570312322e+01 -4.133584022521972656e+00 2.657103240489959162e-01 0.000000000000000000e+00 0.000000000000000000e+00 0.000000000000000000e+00 1.000000000000000000e+00
1.716364302321738720e+09 1.108612346649169922e+01 -4.134039878845214844e+00 2.655651867389678955e-01 0.000000000000000000e+00 0.000000000000000000e+00 0.000000000000000000e+00 1.000000000000000000e+00
1.716364302371982574e+09 1.108609199523925781e+01 -4.134107112884521484e+00 2.655150294303894043e-01 0.000000000000000000e+00 0.000000000000000000e+00 0.000000000000000000e+00 1.000000000000000000e+00
1.716364302421928167e+09 1.108614253997802734e+01 -4.133993625640869141e+00 2.655821740627288818e-01 0.000000000000000000e+00 0.000000000000000000e+00 0.000000000000000000e+00 1.000000000000000000e+00
1.716364302472589016e+09 1.108605861663818359e+01 -4.134261131286621094e+00 2.657257914543151855e-01 0.000000000000000000e+00 0.000000000000000000e+00 0.000000000000000000e+00 1.000000000000000000e+00
1.716364302522861242e+09 1.108519840240478338e+01 -4.133731365203857422e+00 2.658660411834716797e-01 0.000000000000000000e+00 0.000000000000000000e+00 0.000000000000000000e+00 1.000000000000000000e+00
1.716364302572641134e+09 1.108436775207519531e+01 -4.133084774017333984e+00 2.658741474151610773e-01 0.000000000000000000e+00 0.000000000000000000e+00 0.000000000000000000e+00 1.000000000000000000e+00
1.716364302622456074e+09 1.108342742919922053e+01 -4.132772445678710938e+00 2.660236656665802002e-01 0.000000000000000000e+00 0.000000000000000000e+00 0.000000000000000000e+00 1.000000000000000000e+00
1.716364302673129320e+09 1.108509349822998047e+01 -4.134050846099853516e+00 2.659991681575775146e-01 0.000000000000000000e+00 0.000000000000000000e+00 0.000000000000000000e+00 1.000000000000000000e+00
1.716364302723112822e+09 1.108668231964111150e+01 -4.135564327239990234e+00 2.660629451274871826e-01 0.000000000000000000e+00 0.000000000000000000e+00 0.000000000000000000e+00 1.000000000000000000e+00
1.716364302823596239e+09 1.109125614166259766e+01 -4.137622833251953125e+00 2.658550441265106201e-01 0.000000000000000000e+00 0.000000000000000000e+00 0.000000000000000000e+00 1.000000000000000000e+00
1.716364302874024153e+09 1.109044837951660156e+01 -4.136924743652343750e+00 2.659003138542174738e-01 0.000000000000000000e+00 0.000000000000000000e+00 0.000000000000000000e+00 1.000000000000000000e+00
1.716364302974286079e+09 1.108861446380615234e+01 -4.136147499084472656e+00 2.661027908325194757e-01 0.000000000000000000e+00 0.000000000000000000e+00 0.000000000000000000e+00 1.000000000000000000e+00
1.716364303024403811e+09 1.108865547180175781e+01 -4.136017799377441406e+00 2.660384476184844971e-01 0.000000000000000000e+00 0.000000000000000000e+00 0.000000000000000000e+00 1.000000000000000000e+00
1.716364303074991941e+09 1.108957958221435547e+01 -4.136358261108398438e+00 2.658388614654541016e-01 0.000000000000000000e+00 0.000000000000000000e+00 0.000000000000000000e+00 1.000000000000000000e+00
1.716364303175137520e+09 1.109033966064453125e+01 -4.137184619903564453e+00 2.657963931560515802e-01 0.000000000000000000e+00 0.000000000000000000e+00 0.000000000000000000e+00 1.000000000000000000e+00
1.716364303225173712e+09 1.108948421478271662e+01 -4.136641979217529297e+00 2.659276723861693781e-01 0.000000000000000000e+00 0.000000000000000000e+00 0.000000000000000000e+00 1.000000000000000000e+00
1.716364303325555563e+09 1.108960056304931641e+01 -4.136315822601318359e+00 2.658839821815490723e-01 0.000000000000000000e+00 0.000000000000000000e+00 0.000000000000000000e+00 1.000000000000000000e+00
1.716364303376001596e+09 1.108948612213134766e+01 -4.136625766754150391e+00 2.658973336219787043e-01 0.000000000000000000e+00 0.000000000000000000e+00 0.000000000000000000e+00 1.000000000000000000e+00
1.716364303476457119e+09 1.108953666687011541e+01 -4.136507511138916016e+00 2.659554481506347101e-01 0.000000000000000000e+00 0.000000000000000000e+00 0.000000000000000000e+00 1.000000000000000000e+00
1.716364303527073622e+09 1.108872222900390625e+01 -4.135810852050781250e+00 2.659395635128021240e-01 0.000000000000000000e+00 0.000000000000000000e+00 0.000000000000000000e+00 1.000000000000000000e+00
1.716364303577525139e+09 1.108869266510009766e+01 -4.135904788970947266e+00 2.659875750541687012e-01 0.000000000000000000e+00 0.000000000000000000e+00 0.000000000000000000e+00 1.000000000000000000e+00
1.716364303677279234e+09 1.108868217468261541e+01 -4.135948657989501953e+00 2.660430669784545898e-01 0.000000000000000000e+00 0.000000000000000000e+00 0.000000000000000000e+00 1.000000000000000000e+00
1.716364303727871895e+09 1.108951759338378729e+01 -4.136546611785888672e+00 2.659092545509337824e-01 0.000000000000000000e+00 0.000000000000000000e+00 0.000000000000000000e+00 1.000000000000000000e+00
1.716364303778028965e+09 1.109037971496582031e+01 -4.137111186981201172e+00 2.659057080745697021e-01 0.000000000000000000e+00 0.000000000000000000e+00 0.000000000000000000e+00 1.000000000000000000e+00
1.716364303828558922e+09 1.109036159515380859e+01 -4.137158870697021484e+00 2.659047842025756836e-01 0.000000000000000000e+00 0.000000000000000000e+00 0.000000000000000000e+00 1.000000000000000000e+00
1.716364303928812981e+09 1.108952999114990234e+01 -4.136527061462402344e+00 2.659571468830108087e-01 0.000000000000000000e+00 0.000000000000000000e+00 0.000000000000000000e+00 1.000000000000000000e+00
1.716364303979004622e+09 1.108950328826904475e+01 -4.136611938476562500e+00 2.660037577152252197e-01 0.000000000000000000e+00 0.000000000000000000e+00 0.000000000000000000e+00 1.000000000000000000e+00
1.716364304029679537e+09 1.108945655822754084e+01 -4.136739730834960938e+00 2.660151720046997070e-01 0.000000000000000000e+00 0.000000000000000000e+00 0.000000000000000000e+00 1.000000000000000000e+00
1.716364304129652739e+09 1.109038257598876953e+01 -4.137151718139648438e+00 2.660739123821257990e-01 0.000000000000000000e+00 0.000000000000000000e+00 0.000000000000000000e+00 1.000000000000000000e+00
1.716364304179862976e+09 1.109034729003906250e+01 -4.137224197387695312e+00 2.660014033317565918e-01 0.000000000000000000e+00 0.000000000000000000e+00 0.000000000000000000e+00 1.000000000000000000e+00
1.716364304281058311e+09 1.109036159515380859e+01 -4.137194633483886719e+00 2.660244405269622803e-01 0.000000000000000000e+00 0.000000000000000000e+00 0.000000000000000000e+00 1.000000000000000000e+00
1.716364304330503941e+09 1.109039020538330078e+01 -4.137101173400878906e+00 2.659676671028137207e-01 0.000000000000000000e+00 0.000000000000000000e+00 0.000000000000000000e+00 1.000000000000000000e+00
1.716364304380893230e+09 1.109036159515380859e+01 -4.137190818786621094e+00 2.660169899463653009e-01 0.000000000000000000e+00 0.000000000000000000e+00 0.000000000000000000e+00 1.000000000000000000e+00
1.716364304481352329e+09 1.109038734436035156e+01 -4.137145519256591797e+00 2.660929560661315918e-01 0.000000000000000000e+00 0.000000000000000000e+00 0.000000000000000000e+00 1.000000000000000000e+00
1.716364304582150459e+09 1.109038066864013672e+01 -4.137142658233642578e+00 2.660245001316070002e-01 0.000000000000000000e+00 0.000000000000000000e+00 0.000000000000000000e+00 1.000000000000000000e+00
1.716364304632077217e+09 1.109040451049804865e+01 -4.137081146240234375e+00 2.660319507122039795e-01 0.000000000000000000e+00 0.000000000000000000e+00 0.000000000000000000e+00 1.000000000000000000e+00
1.716364304682490110e+09 1.109043788909911932e+01 -4.137003898620605469e+00 2.660766839981079102e-01 0.000000000000000000e+00 0.000000000000000000e+00 0.000000000000000000e+00 1.000000000000000000e+00
1.716364304783987045e+09 1.109044933319091797e+01 -4.136987686157226562e+00 2.661275565624237061e-01 0.000000000000000000e+00 0.000000000000000000e+00 0.000000000000000000e+00 1.000000000000000000e+00
1.716364304833575010e+09 1.109038925170898438e+01 -4.137185096740722656e+00 2.662455439567565918e-01 0.000000000000000000e+00 0.000000000000000000e+00 0.000000000000000000e+00 1.000000000000000000e+00
1.716364304883710623e+09 1.109131240844726562e+01 -4.137538909912109375e+00 2.660867869853972834e-01 0.000000000000000000e+00 0.000000000000000000e+00 0.000000000000000000e+00 1.000000000000000000e+00
1.716364304933932781e+09 1.109130954742431641e+01 -4.137547492980957031e+00 2.660859525203704834e-01 0.000000000000000000e+00 0.000000000000000000e+00 0.000000000000000000e+00 1.000000000000000000e+00
1.716364304984451294e+09 1.109130954742431641e+01 -4.137536525726318359e+00 2.660472691059111994e-01 0.000000000000000000e+00 0.000000000000000000e+00 0.000000000000000000e+00 1.000000000000000000e+00
1.716364305034325838e+09 1.109128761291504084e+01 -4.137588024139404297e+00 2.660287022590637207e-01 0.000000000000000000e+00 0.000000000000000000e+00 0.000000000000000000e+00 1.000000000000000000e+00
1.716364305085001945e+09 1.109130668640136719e+01 -4.137549400329589844e+00 2.660698890686035156e-01 0.000000000000000000e+00 0.000000000000000000e+00 0.000000000000000000e+00 1.000000000000000000e+00
1.716364305134849310e+09 1.109131717681884766e+01 -4.137526988983154297e+00 2.660935223102569025e-01 0.000000000000000000e+00 0.000000000000000000e+00 0.000000000000000000e+00 1.000000000000000000e+00
1.716364305185257912e+09 1.109128284454345525e+01 -4.137615203857421875e+00 2.660777568817138117e-01 0.000000000000000000e+00 0.000000000000000000e+00 0.000000000000000000e+00 1.000000000000000000e+00
1.716364305235303879e+09 1.109125804901123047e+01 -4.137711048126220703e+00 2.661747932434082031e-01 0.000000000000000000e+00 0.000000000000000000e+00 0.000000000000000000e+00 1.000000000000000000e+00
1.716364305285982370e+09 1.109122562408447266e+01 -4.137795925140380859e+00 2.661666870117186945e-01 0.000000000000000000e+00 0.000000000000000000e+00 0.000000000000000000e+00 1.000000000000000000e+00
1.716364305335805178e+09 1.109124851226806641e+01 -4.137765884399414062e+00 2.662791907787322998e-01 0.000000000000000000e+00 0.000000000000000000e+00 0.000000000000000000e+00 1.000000000000000000e+00
1.716364305386255980e+09 1.109124946594238459e+01 -4.137772560119628906e+00 2.663063406944274902e-01 0.000000000000000000e+00 0.000000000000000000e+00 0.000000000000000000e+00 1.000000000000000000e+00
1.716364305436225891e+09 1.109128093719482422e+01 -4.137697219848632812e+00 2.663329839706420898e-01 0.000000000000000000e+00 0.000000000000000000e+00 0.000000000000000000e+00 1.000000000000000000e+00
1.716364305486637115e+09 1.109039020538330078e+01 -4.137208461761474609e+00 2.663399577140808105e-01 0.000000000000000000e+00 0.000000000000000000e+00 0.000000000000000000e+00 1.000000000000000000e+00
1.716364305536516666e+09 1.109131336212158203e+01 -4.137622833251953125e+00 2.663817107677459162e-01 0.000000000000000000e+00 0.000000000000000000e+00 0.000000000000000000e+00 1.000000000000000000e+00
1.716364305586800337e+09 1.109123897552490234e+01 -4.137844562530517578e+00 2.664540708065032959e-01 0.000000000000000000e+00 0.000000000000000000e+00 0.000000000000000000e+00 1.000000000000000000e+00
1.716364305637084007e+09 1.109118080139160156e+01 -4.138037204742431641e+00 2.665795385837554932e-01 0.000000000000000000e+00 0.000000000000000000e+00 0.000000000000000000e+00 1.000000000000000000e+00
1.716364305687103748e+09 1.109212970733642578e+01 -4.138408660888671875e+00 2.667115032672882080e-01 0.000000000000000000e+00 0.000000000000000000e+00 0.000000000000000000e+00 1.000000000000000000e+00
1.716364305737526178e+09 1.109220600128173828e+01 -4.138246059417724609e+00 2.668604850769042969e-01 0.000000000000000000e+00 0.000000000000000000e+00 0.000000000000000000e+00 1.000000000000000000e+00
1.716364305787788630e+09 1.109314250946044922e+01 -4.138660907745361328e+00 2.670253515243530273e-01 0.000000000000000000e+00 0.000000000000000000e+00 0.000000000000000000e+00 1.000000000000000000e+00
1.716364305888261795e+09 1.109489440917968750e+01 -4.139771938323974609e+00 2.672189176082611084e-01 0.000000000000000000e+00 0.000000000000000000e+00 0.000000000000000000e+00 1.000000000000000000e+00
1.716364305938291311e+09 1.109473896026611150e+01 -4.140288829803466797e+00 2.675588726997374933e-01 0.000000000000000000e+00 0.000000000000000000e+00 0.000000000000000000e+00 1.000000000000000000e+00
1.716364305988750219e+09 1.109555149078369141e+01 -4.141022682189941406e+00 2.676821053028106134e-01 0.000000000000000000e+00 0.000000000000000000e+00 0.000000000000000000e+00 1.000000000000000000e+00
1.716364306089266539e+09 1.109731960296630859e+01 -4.142121315002441406e+00 2.679754793643950861e-01 0.000000000000000000e+00 0.000000000000000000e+00 0.000000000000000000e+00 1.000000000000000000e+00
1.716364306139379501e+09 1.109817600250243963e+01 -4.142847061157226562e+00 2.684696912765502930e-01 0.000000000000000000e+00 0.000000000000000000e+00 0.000000000000000000e+00 1.000000000000000000e+00
1.716364306191226482e+09 1.109895801544189631e+01 -4.143603801727294922e+00 2.683983445167540949e-01 0.000000000000000000e+00 0.000000000000000000e+00 0.000000000000000000e+00 1.000000000000000000e+00
1.716364306239751339e+09 1.110158634185791016e+01 -4.145545959472656250e+00 2.696242630481719971e-01 0.000000000000000000e+00 0.000000000000000000e+00 0.000000000000000000e+00 1.000000000000000000e+00
1.716364306290139914e+09 1.110433769226074219e+01 -4.146934986114501953e+00 2.700996994972229004e-01 0.000000000000000000e+00 0.000000000000000000e+00 0.000000000000000000e+00 1.000000000000000000e+00
1.716364306340258360e+09 1.110521697998046875e+01 -4.147572994232177734e+00 2.705075442790985107e-01 0.000000000000000000e+00 0.000000000000000000e+00 0.000000000000000000e+00 1.000000000000000000e+00
1.716364306440646648e+09 1.110716819763183594e+01 -4.148519992828369141e+00 2.719669938087462824e-01 0.000000000000000000e+00 0.000000000000000000e+00 0.000000000000000000e+00 1.000000000000000000e+00
1.716364306491204500e+09 1.110807800292968750e+01 -4.148982048034667969e+00 2.720522284507750910e-01 0.000000000000000000e+00 0.000000000000000000e+00 0.000000000000000000e+00 1.000000000000000000e+00
1.716364306591377735e+09 1.110706806182861150e+01 -4.148771762847900391e+00 2.719076275825499933e-01 0.000000000000000000e+00 0.000000000000000000e+00 0.000000000000000000e+00 1.000000000000000000e+00
1.716364306641486883e+09 1.110618877410888850e+01 -4.148093223571777344e+00 2.713636159896850031e-01 0.000000000000000000e+00 0.000000000000000000e+00 0.000000000000000000e+00 1.000000000000000000e+00
1.716364306691614628e+09 1.110510253906250000e+01 -4.147966861724853516e+00 2.708049714565277100e-01 0.000000000000000000e+00 0.000000000000000000e+00 0.000000000000000000e+00 1.000000000000000000e+00
1.716364306792985439e+09 1.109924030303955078e+01 -4.146438121795654297e+00 2.708462774753570002e-01 0.000000000000000000e+00 0.000000000000000000e+00 0.000000000000000000e+00 1.000000000000000000e+00
1.716364306843019247e+09 1.109824180603027166e+01 -4.146198272705078125e+00 2.707086801528930109e-01 0.000000000000000000e+00 0.000000000000000000e+00 0.000000000000000000e+00 1.000000000000000000e+00
1.716364306893181324e+09 1.109627437591552734e+01 -4.148414611816406250e+00 2.701086699962615967e-01 0.000000000000000000e+00 0.000000000000000000e+00 0.000000000000000000e+00 1.000000000000000000e+00
1.716364306993498087e+09 1.109605026245117188e+01 -4.151486396789550781e+00 2.687444388866424005e-01 0.000000000000000000e+00 0.000000000000000000e+00 0.000000000000000000e+00 1.000000000000000000e+00
1.716364307044001579e+09 1.109718227386474609e+01 -4.154455661773681641e+00 2.696285545825958252e-01 0.000000000000000000e+00 0.000000000000000000e+00 0.000000000000000000e+00 1.000000000000000000e+00
1.716364307094554424e+09 1.109971427917480469e+01 -4.157358169555664062e+00 2.732915580272674005e-01 0.000000000000000000e+00 0.000000000000000000e+00 0.000000000000000000e+00 1.000000000000000000e+00
1.716364307194379568e+09 1.110903358459472834e+01 -4.167582988739013672e+00 2.757875621318817139e-01 0.000000000000000000e+00 0.000000000000000000e+00 0.000000000000000000e+00 1.000000000000000000e+00
1.716364307244515419e+09 1.111336040496826172e+01 -4.173622608184815341e+00 2.771934270858764093e-01 0.000000000000000000e+00 0.000000000000000000e+00 0.000000000000000000e+00 1.000000000000000000e+00
1.716364307294704676e+09 1.111775970458984375e+01 -4.179651737213134766e+00 2.792518436908721924e-01 0.000000000000000000e+00 0.000000000000000000e+00 0.000000000000000000e+00 1.000000000000000000e+00
1.716364307395935774e+09 1.113341808319091797e+01 -4.193413257598876953e+00 2.832702696323394775e-01 0.000000000000000000e+00 0.000000000000000000e+00 0.000000000000000000e+00 1.000000000000000000e+00
1.716364307445805550e+09 1.113971996307373047e+01 -4.200238704681396484e+00 2.858985662460327148e-01 0.000000000000000000e+00 0.000000000000000000e+00 0.000000000000000000e+00 1.000000000000000000e+00
1.716364307496088266e+09 1.114517688751220881e+01 -4.206517696380615234e+00 2.887569069862365723e-01 0.000000000000000000e+00 0.000000000000000000e+00 0.000000000000000000e+00 1.000000000000000000e+00
1.716364307546320200e+09 1.115147781372070312e+01 -4.213479042053222656e+00 2.919087409973143976e-01 0.000000000000000000e+00 0.000000000000000000e+00 0.000000000000000000e+00 1.000000000000000000e+00
1.716364307596447229e+09 1.116789340972900391e+01 -4.224721431732177734e+00 2.942861616611480158e-01 0.000000000000000000e+00 0.000000000000000000e+00 0.000000000000000000e+00 1.000000000000000000e+00
1.716364307646605015e+09 1.117590236663818359e+01 -4.232979774475097656e+00 2.979681491851806086e-01 0.000000000000000000e+00 0.000000000000000000e+00 0.000000000000000000e+00 1.000000000000000000e+00
1.716364307696820498e+09 1.118494892120361150e+01 -4.241340637207031250e+00 3.017107546329497736e-01 0.000000000000000000e+00 0.000000000000000000e+00 0.000000000000000000e+00 1.000000000000000000e+00
1.716364307747016430e+09 1.119389438629150391e+01 -4.249957084655761719e+00 3.054446578025817871e-01 0.000000000000000000e+00 0.000000000000000000e+00 0.000000000000000000e+00 1.000000000000000000e+00
1.716364307797302485e+09 1.121402740478515625e+01 -4.262763977050781250e+00 3.080900013446807861e-01 0.000000000000000000e+00 0.000000000000000000e+00 0.000000000000000000e+00 1.000000000000000000e+00
1.716364307847812414e+09 1.122311973571777166e+01 -4.270955562591552734e+00 3.117667436599730890e-01 0.000000000000000000e+00 0.000000000000000000e+00 0.000000000000000000e+00 1.000000000000000000e+00
1.716364307947864532e+09 1.125466346740722834e+01 -4.291703701019287109e+00 3.189459741115570068e-01 0.000000000000000000e+00 0.000000000000000000e+00 0.000000000000000000e+00 1.000000000000000000e+00
1.716364307997940540e+09 1.126580619812011541e+01 -4.300304412841796875e+00 3.232759833335875910e-01 0.000000000000000000e+00 0.000000000000000000e+00 0.000000000000000000e+00 1.000000000000000000e+00
1.716364308098367214e+09 1.128712081909179688e+01 -4.320452213287353516e+00 3.336080908775329035e-01 0.000000000000000000e+00 0.000000000000000000e+00 0.000000000000000000e+00 1.000000000000000000e+00
1.716364308148606777e+09 1.129766559600830078e+01 -4.331003189086914062e+00 3.395593762397766113e-01 0.000000000000000000e+00 0.000000000000000000e+00 0.000000000000000000e+00 1.000000000000000000e+00
1.716364308198911428e+09 1.132040214538574219e+01 -4.346019268035888672e+00 3.447995483875274103e-01 0.000000000000000000e+00 0.000000000000000000e+00 0.000000000000000000e+00 1.000000000000000000e+00
1.716364308299377203e+09 1.134285259246826172e+01 -4.367080688476562500e+00 3.598388135433197021e-01 0.000000000000000000e+00 0.000000000000000000e+00 0.000000000000000000e+00 1.000000000000000000e+00
1.716364308349642038e+09 1.135446262359619141e+01 -4.378237247467041016e+00 3.684040307998657227e-01 0.000000000000000000e+00 0.000000000000000000e+00 0.000000000000000000e+00 1.000000000000000000e+00
1.716364308399875641e+09 1.136592674255371271e+01 -4.390019416809082031e+00 3.780789673328399103e-01 0.000000000000000000e+00 0.000000000000000000e+00 0.000000000000000000e+00 1.000000000000000000e+00
1.716364308450286150e+09 1.139122009277343750e+01 -4.407568931579589844e+00 3.870111703872680109e-01 0.000000000000000000e+00 0.000000000000000000e+00 0.000000000000000000e+00 1.000000000000000000e+00
1.716364308500428200e+09 1.140433883666992188e+01 -4.420941352844238281e+00 3.982407748699188232e-01 0.000000000000000000e+00 0.000000000000000000e+00 0.000000000000000000e+00 1.000000000000000000e+00
1.716364308550392628e+09 1.141740703582763672e+01 -4.434612274169921875e+00 4.103837609291076105e-01 0.000000000000000000e+00 0.000000000000000000e+00 0.000000000000000000e+00 1.000000000000000000e+00
1.716364308600672960e+09 1.142959976196289062e+01 -4.447664260864257812e+00 4.223295152187346857e-01 0.000000000000000000e+00 0.000000000000000000e+00 0.000000000000000000e+00 1.000000000000000000e+00
1.716364308701140165e+09 1.146938228607177557e+01 -4.481241226196289062e+00 4.469405114650725763e-01 0.000000000000000000e+00 0.000000000000000000e+00 0.000000000000000000e+00 1.000000000000000000e+00
1.716364308751502991e+09 1.148274803161621271e+01 -4.496819019317626953e+00 4.596998691558837891e-01 0.000000000000000000e+00 0.000000000000000000e+00 0.000000000000000000e+00 1.000000000000000000e+00
1.716364308801649332e+09 1.149599456787109375e+01 -4.512315273284912109e+00 4.710308313369750977e-01 0.000000000000000000e+00 0.000000000000000000e+00 0.000000000000000000e+00 1.000000000000000000e+00
1.716364308902301550e+09 1.154189109802245916e+01 -4.550492286682128906e+00 4.896865487098693848e-01 0.000000000000000000e+00 0.000000000000000000e+00 0.000000000000000000e+00 1.000000000000000000e+00
1.716364308952234507e+09 1.155703544616699219e+01 -4.565956115722656250e+00 4.985570907592772882e-01 0.000000000000000000e+00 0.000000000000000000e+00 0.000000000000000000e+00 1.000000000000000000e+00
1.716364309002459288e+09 1.157300186157226562e+01 -4.581787109375000000e+00 5.062924623489379883e-01 0.000000000000000000e+00 0.000000000000000000e+00 0.000000000000000000e+00 1.000000000000000000e+00
1.716364309052711725e+09 1.160747432708740234e+01 -4.604793548583984375e+00 5.114610195159912109e-01 0.000000000000000000e+00 0.000000000000000000e+00 0.000000000000000000e+00 1.000000000000000000e+00
1.716364309102737904e+09 1.162344169616699219e+01 -4.620214939117431641e+00 5.175738334655761719e-01 0.000000000000000000e+00 0.000000000000000000e+00 0.000000000000000000e+00 1.000000000000000000e+00
1.716364309153388977e+09 1.164011573791504084e+01 -4.636357784271240234e+00 5.227734446525573730e-01 0.000000000000000000e+00 0.000000000000000000e+00 0.000000000000000000e+00 1.000000000000000000e+00
1.716364309203465462e+09 1.165868091583251953e+01 -4.652995586395263672e+00 5.272446274757385254e-01 0.000000000000000000e+00 0.000000000000000000e+00 0.000000000000000000e+00 1.000000000000000000e+00
1.716364309253812313e+09 1.169787502288818359e+01 -4.685639858245849609e+00 5.322209000587463379e-01 0.000000000000000000e+00 0.000000000000000000e+00 0.000000000000000000e+00 1.000000000000000000e+00
1.716364309354243517e+09 1.173884201049804865e+01 -4.710164546966552734e+00 5.324639678001403809e-01 0.000000000000000000e+00 0.000000000000000000e+00 0.000000000000000000e+00 1.000000000000000000e+00
1.716364309404597282e+09 1.175882625579833984e+01 -4.725211620330810547e+00 5.335964560508728027e-01 0.000000000000000000e+00 0.000000000000000000e+00 0.000000000000000000e+00 1.000000000000000000e+00
1.716364309504786730e+09 1.179922389984130859e+01 -4.753656864166259766e+00 5.330959558486938477e-01 0.000000000000000000e+00 0.000000000000000000e+00 0.000000000000000000e+00 1.000000000000000000e+00
1.716364309555037737e+09 1.184195423126220881e+01 -4.775788784027099609e+00 5.300503969192504883e-01 0.000000000000000000e+00 0.000000000000000000e+00 0.000000000000000000e+00 1.000000000000000000e+00
1.716364309605390072e+09 1.186372184753417969e+01 -4.788475513458251953e+00 5.282280445098876953e-01 0.000000000000000000e+00 0.000000000000000000e+00 0.000000000000000000e+00 1.000000000000000000e+00
1.716364309655530691e+09 1.190644836425781250e+01 -4.812459945678710938e+00 5.210333466529846191e-01 0.000000000000000000e+00 0.000000000000000000e+00 0.000000000000000000e+00 1.000000000000000000e+00
1.716364309756247997e+09 1.195282936096191406e+01 -4.832896232604980469e+00 5.145766735076904297e-01 0.000000000000000000e+00 0.000000000000000000e+00 0.000000000000000000e+00 1.000000000000000000e+00
1.716364309856505394e+09 1.199944686889648438e+01 -4.854579448699951172e+00 5.039284825325012207e-01 0.000000000000000000e+00 0.000000000000000000e+00 0.000000000000000000e+00 1.000000000000000000e+00
1.716364309906673670e+09 1.204116630554199219e+01 -4.872984886169433594e+00 4.965999126434326172e-01 0.000000000000000000e+00 0.000000000000000000e+00 0.000000000000000000e+00 1.000000000000000000e+00
1.716364310006848812e+09 1.208705425262451172e+01 -4.893748283386231357e+00 4.857841134071350098e-01 0.000000000000000000e+00 0.000000000000000000e+00 0.000000000000000000e+00 1.000000000000000000e+00
1.716364310057114601e+09 1.213369846343993963e+01 -4.915393829345703125e+00 4.754137694835662842e-01 0.000000000000000000e+00 0.000000000000000000e+00 0.000000000000000000e+00 1.000000000000000000e+00
1.716364310157320261e+09 1.215503501892089844e+01 -4.925791263580322266e+00 4.703226685523986816e-01 0.000000000000000000e+00 0.000000000000000000e+00 0.000000000000000000e+00 1.000000000000000000e+00
1.716364310207507133e+09 1.220042896270751953e+01 -4.945791721343994141e+00 4.629880487918853760e-01 0.000000000000000000e+00 0.000000000000000000e+00 0.000000000000000000e+00 1.000000000000000000e+00
1.716364310257697105e+09 1.222174167633056641e+01 -4.956201076507568359e+00 4.576923549175261896e-01 0.000000000000000000e+00 0.000000000000000000e+00 0.000000000000000000e+00 1.000000000000000000e+00
1.716364310307819366e+09 1.224478054046630859e+01 -4.967596054077148438e+00 4.519509375095366877e-01 0.000000000000000000e+00 0.000000000000000000e+00 0.000000000000000000e+00 1.000000000000000000e+00
1.716364310358030796e+09 1.226750850677490234e+01 -4.979623794555664062e+00 4.455855190753936768e-01 0.000000000000000000e+00 0.000000000000000000e+00 0.000000000000000000e+00 1.000000000000000000e+00
1.716364310408089161e+09 1.231318473815917969e+01 -5.001576900482177734e+00 4.382227659225463867e-01 0.000000000000000000e+00 0.000000000000000000e+00 0.000000000000000000e+00 1.000000000000000000e+00
1.716364310458354712e+09 1.233549690246582031e+01 -5.014814853668212891e+00 4.328005611896514893e-01 0.000000000000000000e+00 0.000000000000000000e+00 0.000000000000000000e+00 1.000000000000000000e+00
1.716364310510191679e+09 1.235659599304199219e+01 -5.028559684753417969e+00 4.283018410205841064e-01 0.000000000000000000e+00 0.000000000000000000e+00 0.000000000000000000e+00 1.000000000000000000e+00
1.716364310558714867e+09 1.237904548645019531e+01 -5.044371128082275391e+00 4.241330623626708984e-01 0.000000000000000000e+00 0.000000000000000000e+00 0.000000000000000000e+00 1.000000000000000000e+00
1.716364310609020948e+09 1.242517757415771662e+01 -5.070824146270751953e+00 4.183154106140136164e-01 0.000000000000000000e+00 0.000000000000000000e+00 0.000000000000000000e+00 1.000000000000000000e+00
1.716364310659085274e+09 1.244625091552734375e+01 -5.087728977203369141e+00 4.160290062427520752e-01 0.000000000000000000e+00 0.000000000000000000e+00 0.000000000000000000e+00 1.000000000000000000e+00
1.716364310709393263e+09 1.246667957305908203e+01 -5.106317043304443359e+00 4.143255352973937988e-01 0.000000000000000000e+00 0.000000000000000000e+00 0.000000000000000000e+00 1.000000000000000000e+00
1.716364310759631634e+09 1.248526000976562322e+01 -5.124209880828857422e+00 4.131208956241607111e-01 0.000000000000000000e+00 0.000000000000000000e+00 0.000000000000000000e+00 1.000000000000000000e+00
1.716364310809760094e+09 1.253298854827880859e+01 -5.155287265777587891e+00 4.103831946849822998e-01 0.000000000000000000e+00 0.000000000000000000e+00 0.000000000000000000e+00 1.000000000000000000e+00
1.716364310860265732e+09 1.255354309082031250e+01 -5.176652431488037109e+00 4.111239016056060791e-01 0.000000000000000000e+00 0.000000000000000000e+00 0.000000000000000000e+00 1.000000000000000000e+00
1.716364310910125732e+09 1.257180976867675781e+01 -5.198428153991699219e+00 4.126307368278502863e-01 0.000000000000000000e+00 0.000000000000000000e+00 0.000000000000000000e+00 1.000000000000000000e+00
1.716364310960720062e+09 1.259160518646240234e+01 -5.221863746643066406e+00 4.148309528827667236e-01 0.000000000000000000e+00 0.000000000000000000e+00 0.000000000000000000e+00 1.000000000000000000e+00
1.716364311211512089e+09 1.275047588348388850e+01 -5.370021343231201172e+00 4.426263570785521906e-01 0.000000000000000000e+00 0.000000000000000000e+00 0.000000000000000000e+00 1.000000000000000000e+00
1.716364311311952353e+09 1.279556655883789062e+01 -5.400649070739746094e+00 4.466435015201568048e-01 0.000000000000000000e+00 0.000000000000000000e+00 0.000000000000000000e+00 1.000000000000000000e+00
1.716364311362205982e+09 1.281696891784667969e+01 -5.420707702636718750e+00 4.526766538619995117e-01 0.000000000000000000e+00 0.000000000000000000e+00 0.000000000000000000e+00 1.000000000000000000e+00
1.716364311412296772e+09 1.283741760253906250e+01 -5.440474033355712891e+00 4.590274691581726074e-01 0.000000000000000000e+00 0.000000000000000000e+00 0.000000000000000000e+00 1.000000000000000000e+00
1.716364311462503195e+09 1.285757637023925781e+01 -5.460972785949707031e+00 4.658116996288299005e-01 0.000000000000000000e+00 0.000000000000000000e+00 0.000000000000000000e+00 1.000000000000000000e+00
1.716364311512778759e+09 1.290435409545898438e+01 -5.492796421051025391e+00 4.707500934600830078e-01 0.000000000000000000e+00 0.000000000000000000e+00 0.000000000000000000e+00 1.000000000000000000e+00
1.716364311562951565e+09 1.292505455017089844e+01 -5.511859893798828125e+00 4.770233333110808771e-01 0.000000000000000000e+00 0.000000000000000000e+00 0.000000000000000000e+00 1.000000000000000000e+00
1.716364311613181114e+09 1.294805335998535156e+01 -5.530461788177490234e+00 4.824202656745910089e-01 0.000000000000000000e+00 0.000000000000000000e+00 0.000000000000000000e+00 1.000000000000000000e+00
1.716364311663291693e+09 1.297056007385254084e+01 -5.547516822814941406e+00 4.871163964271544855e-01 0.000000000000000000e+00 0.000000000000000000e+00 0.000000000000000000e+00 1.000000000000000000e+00
1.716364311713524818e+09 1.301774120330810369e+01 -5.575326442718505859e+00 4.897519350051879883e-01 0.000000000000000000e+00 0.000000000000000000e+00 0.000000000000000000e+00 1.000000000000000000e+00
1.716364311763597727e+09 1.303942584991455078e+01 -5.591680526733398438e+00 4.941968917846679132e-01 0.000000000000000000e+00 0.000000000000000000e+00 0.000000000000000000e+00 1.000000000000000000e+00
1.716364311813686848e+09 1.308756828308105646e+01 -5.623249053955078125e+00 5.022770762443542480e-01 0.000000000000000000e+00 0.000000000000000000e+00 0.000000000000000000e+00 1.000000000000000000e+00
1.716364311914269447e+09 1.311121559143066406e+01 -5.637336254119873047e+00 5.055627226829528809e-01 0.000000000000000000e+00 0.000000000000000000e+00 0.000000000000000000e+00 1.000000000000000000e+00
1.716364311964417696e+09 1.318502044677734375e+01 -5.676556110382080078e+00 5.071114301681518555e-01 0.000000000000000000e+00 0.000000000000000000e+00 0.000000000000000000e+00 1.000000000000000000e+00
1.716364312064974785e+09 1.321049976348876953e+01 -5.690873146057128906e+00 5.070728659629821777e-01 0.000000000000000000e+00 0.000000000000000000e+00 0.000000000000000000e+00 1.000000000000000000e+00
1.716364312115219116e+09 1.323425197601318359e+01 -5.704274177551269531e+00 5.078869462013244629e-01 0.000000000000000000e+00 0.000000000000000000e+00 0.000000000000000000e+00 1.000000000000000000e+00
1.716364312165454149e+09 1.328364753723144354e+01 -5.728802204132080078e+00 5.070834755897521973e-01 0.000000000000000000e+00 0.000000000000000000e+00 0.000000000000000000e+00 1.000000000000000000e+00
1.716364312215544462e+09 1.333273983001708984e+01 -5.756886959075927734e+00 5.082165002822875977e-01 0.000000000000000000e+00 0.000000000000000000e+00 0.000000000000000000e+00 1.000000000000000000e+00
1.716364312315966368e+09 1.335740089416504084e+01 -5.770791053771972656e+00 5.095704793930053711e-01 0.000000000000000000e+00 0.000000000000000000e+00 0.000000000000000000e+00 1.000000000000000000e+00
1.716364312366222143e+09 1.343419742584228338e+01 -5.808176517486572266e+00 5.116587281227111816e-01 0.000000000000000000e+00 0.000000000000000000e+00 0.000000000000000000e+00 1.000000000000000000e+00
1.716364312416281700e+09 1.346028900146484375e+01 -5.821401119232177734e+00 5.136882066726684570e-01 0.000000000000000000e+00 0.000000000000000000e+00 0.000000000000000000e+00 1.000000000000000000e+00
1.716364312466498613e+09 1.348623085021972834e+01 -5.834904193878173828e+00 5.153378844261169434e-01 0.000000000000000000e+00 0.000000000000000000e+00 0.000000000000000000e+00 1.000000000000000000e+00
1.716364312566790819e+09 1.354026031494140625e+01 -5.861238956451416016e+00 5.140451788902282715e-01 0.000000000000000000e+00 0.000000000000000000e+00 0.000000000000000000e+00 1.000000000000000000e+00
1.716364312616925240e+09 1.356590366363525391e+01 -5.875175952911376953e+00 5.141725540161132812e-01 0.000000000000000000e+00 0.000000000000000000e+00 0.000000000000000000e+00 1.000000000000000000e+00
1.716364312717320919e+09 1.364291381835937678e+01 -5.916511058807373047e+00 5.128244161605834961e-01 0.000000000000000000e+00 0.000000000000000000e+00 0.000000000000000000e+00 1.000000000000000000e+00
1.716364312817689657e+09 1.369706916809082031e+01 -5.942292690277099609e+00 5.099826455116271973e-01 0.000000000000000000e+00 0.000000000000000000e+00 0.000000000000000000e+00 1.000000000000000000e+00
1.716364312867882013e+09 1.372352313995361150e+01 -5.956600666046142578e+00 5.084452629089355469e-01 0.000000000000000000e+00 0.000000000000000000e+00 0.000000000000000000e+00 1.000000000000000000e+00
1.716364312918205738e+09 1.377406215667724609e+01 -5.985499858856201172e+00 5.045323967933654785e-01 0.000000000000000000e+00 0.000000000000000000e+00 0.000000000000000000e+00 1.000000000000000000e+00
1.716364313071063519e+09 1.384960460662841797e+01 -6.026808738708496094e+00 4.978814721107482910e-01 0.000000000000000000e+00 0.000000000000000000e+00 0.000000000000000000e+00 1.000000000000000000e+00
1.716364313118737459e+09 1.389733600616455078e+01 -6.057057857513427734e+00 4.935948550701140802e-01 0.000000000000000000e+00 0.000000000000000000e+00 0.000000000000000000e+00 1.000000000000000000e+00
1.716364313219230175e+09 1.394758987426757812e+01 -6.084039211273193359e+00 4.894216060638427734e-01 0.000000000000000000e+00 0.000000000000000000e+00 0.000000000000000000e+00 1.000000000000000000e+00
1.716364313269380093e+09 1.397118759155273438e+01 -6.099785804748535156e+00 4.873797893524169922e-01 0.000000000000000000e+00 0.000000000000000000e+00 0.000000000000000000e+00 1.000000000000000000e+00
1.716364313319681883e+09 1.401917457580566406e+01 -6.131974220275878906e+00 4.833970963954924982e-01 0.000000000000000000e+00 0.000000000000000000e+00 0.000000000000000000e+00 1.000000000000000000e+00
1.716364313369941711e+09 1.404295730590820312e+01 -6.147315502166748047e+00 4.815345704555510919e-01 0.000000000000000000e+00 0.000000000000000000e+00 0.000000000000000000e+00 1.000000000000000000e+00
1.716364313470272303e+09 1.409324359893798828e+01 -6.174194812774658203e+00 4.773083925247191828e-01 0.000000000000000000e+00 0.000000000000000000e+00 0.000000000000000000e+00 1.000000000000000000e+00
1.716364313570833683e+09 1.414088916778564453e+01 -6.207006931304931641e+00 4.725665748119354248e-01 0.000000000000000000e+00 0.000000000000000000e+00 0.000000000000000000e+00 1.000000000000000000e+00
1.716364313620905399e+09 1.419081211090088068e+01 -6.234705448150634766e+00 4.683531522750853937e-01 0.000000000000000000e+00 0.000000000000000000e+00 0.000000000000000000e+00 1.000000000000000000e+00
1.716364313671198130e+09 1.421430969238281250e+01 -6.250604152679443359e+00 4.660449624061583918e-01 0.000000000000000000e+00 0.000000000000000000e+00 0.000000000000000000e+00 1.000000000000000000e+00
1.716364313721367836e+09 1.426390075683593750e+01 -6.281810760498046875e+00 4.635421335697174072e-01 0.000000000000000000e+00 0.000000000000000000e+00 0.000000000000000000e+00 1.000000000000000000e+00
1.716364313821865797e+09 1.431424808502197266e+01 -6.308827400207520419e+00 4.611661136150360107e-01 0.000000000000000000e+00 0.000000000000000000e+00 0.000000000000000000e+00 1.000000000000000000e+00
1.716364313922127247e+09 1.438838100433349609e+01 -6.354393959045410156e+00 4.617447555065155029e-01 0.000000000000000000e+00 0.000000000000000000e+00 0.000000000000000000e+00 1.000000000000000000e+00
1.716364313972352743e+09 1.441385936737060369e+01 -6.368978023529052734e+00 4.638867378234862726e-01 0.000000000000000000e+00 0.000000000000000000e+00 0.000000000000000000e+00 1.000000000000000000e+00
1.716364314072645664e+09 1.446714591979980469e+01 -6.394954681396484375e+00 4.657109975814818781e-01 0.000000000000000000e+00 0.000000000000000000e+00 0.000000000000000000e+00 1.000000000000000000e+00
1.716364314323560476e+09 1.463371086120605646e+01 -6.483661174774169922e+00 5.115447044372558594e-01 0.000000000000000000e+00 0.000000000000000000e+00 0.000000000000000000e+00 1.000000000000000000e+00
1.716364314424018145e+09 1.468637752532958984e+01 -6.512017250061035156e+00 5.204043388366699219e-01 0.000000000000000000e+00 0.000000000000000000e+00 0.000000000000000000e+00 1.000000000000000000e+00
1.716364314524535179e+09 1.473790168762207031e+01 -6.542799472808837891e+00 5.455688238143920898e-01 0.000000000000000000e+00 0.000000000000000000e+00 0.000000000000000000e+00 1.000000000000000000e+00
1.716364314574865103e+09 1.479304981231689631e+01 -6.570976257324218750e+00 5.583912730216979980e-01 0.000000000000000000e+00 0.000000000000000000e+00 0.000000000000000000e+00 1.000000000000000000e+00
1.716364314625784636e+09 1.482137584686279119e+01 -6.588132381439208984e+00 5.725857019424438477e-01 0.000000000000000000e+00 0.000000000000000000e+00 0.000000000000000000e+00 1.000000000000000000e+00
1.716364314675254822e+09 1.487488365173339844e+01 -6.622234344482421875e+00 6.027705073356628418e-01 0.000000000000000000e+00 0.000000000000000000e+00 0.000000000000000000e+00 1.000000000000000000e+00
1.716364314725591660e+09 1.490299224853515625e+01 -6.639954566955566406e+00 6.185391545295715332e-01 0.000000000000000000e+00 0.000000000000000000e+00 0.000000000000000000e+00 1.000000000000000000e+00
1.716364314825575352e+09 1.498600387573242188e+01 -6.688600540161132812e+00 6.475439071655273438e-01 0.000000000000000000e+00 0.000000000000000000e+00 0.000000000000000000e+00 1.000000000000000000e+00
1.716364314876063347e+09 1.501071357727050781e+01 -6.706308841705322266e+00 6.624184250831604004e-01 0.000000000000000000e+00 0.000000000000000000e+00 0.000000000000000000e+00 1.000000000000000000e+00
1.716364314926614761e+09 1.504265975952148438e+01 -6.727421760559082031e+00 6.773635149002075195e-01 0.000000000000000000e+00 0.000000000000000000e+00 0.000000000000000000e+00 1.000000000000000000e+00
1.716364314976489782e+09 1.506876468658447266e+01 -6.746672630310058594e+00 6.909453272819519043e-01 0.000000000000000000e+00 0.000000000000000000e+00 0.000000000000000000e+00 1.000000000000000000e+00
1.716364315077610731e+09 1.515667724609375000e+01 -6.802799701690673828e+00 7.136780619621276855e-01 0.000000000000000000e+00 0.000000000000000000e+00 0.000000000000000000e+00 1.000000000000000000e+00
1.716364315177339792e+09 1.521241283416748047e+01 -6.842031478881835938e+00 7.323820590972900391e-01 0.000000000000000000e+00 0.000000000000000000e+00 0.000000000000000000e+00 1.000000000000000000e+00
1.716364315278399467e+09 1.527277183532714844e+01 -6.876827239990234375e+00 7.380640506744384766e-01 0.000000000000000000e+00 0.000000000000000000e+00 0.000000000000000000e+00 1.000000000000000000e+00
1.716364315328325987e+09 1.532953929901123047e+01 -6.917785167694091797e+00 7.498806715011596680e-01 0.000000000000000000e+00 0.000000000000000000e+00 0.000000000000000000e+00 1.000000000000000000e+00
1.716364315378224850e+09 1.535849475860595525e+01 -6.939085483551025391e+00 7.527253627777099609e-01 0.000000000000000000e+00 0.000000000000000000e+00 0.000000000000000000e+00 1.000000000000000000e+00
1.716364315428615093e+09 1.538740539550781250e+01 -6.960376739501953125e+00 7.546413540840148926e-01 0.000000000000000000e+00 0.000000000000000000e+00 0.000000000000000000e+00 1.000000000000000000e+00
1.716364315579635620e+09 1.550238227844238459e+01 -7.033791542053222656e+00 7.523512244224548340e-01 0.000000000000000000e+00 0.000000000000000000e+00 0.000000000000000000e+00 1.000000000000000000e+00
1.716364315630553484e+09 1.553062152862548828e+01 -7.053668498992919922e+00 7.499862909317016602e-01 0.000000000000000000e+00 0.000000000000000000e+00 0.000000000000000000e+00 1.000000000000000000e+00
1.716364315730382681e+09 1.558911323547363281e+01 -7.086602210998535156e+00 7.456699013710021973e-01 0.000000000000000000e+00 0.000000000000000000e+00 0.000000000000000000e+00 1.000000000000000000e+00
1.716364315784152269e+09 1.564784526824951172e+01 -7.125798225402832031e+00 7.369740009307861328e-01 0.000000000000000000e+00 0.000000000000000000e+00 0.000000000000000000e+00 1.000000000000000000e+00
1.716364315830081701e+09 1.567743587493896484e+01 -7.144834995269775391e+00 7.320760488510131836e-01 0.000000000000000000e+00 0.000000000000000000e+00 0.000000000000000000e+00 1.000000000000000000e+00
1.716364315880672693e+09 1.570217227935791016e+01 -7.162312507629394531e+00 7.258707880973815918e-01 0.000000000000000000e+00 0.000000000000000000e+00 0.000000000000000000e+00 1.000000000000000000e+00
1.716364315981536865e+09 1.578057765960693359e+01 -7.210912227630615234e+00 7.126438617706298828e-01 0.000000000000000000e+00 0.000000000000000000e+00 0.000000000000000000e+00 1.000000000000000000e+00
1.716364316032564402e+09 1.580648422241210938e+01 -7.228205204010009766e+00 7.063494324684143066e-01 0.000000000000000000e+00 0.000000000000000000e+00 0.000000000000000000e+00 1.000000000000000000e+00
1.716364316081706524e+09 1.583006191253661932e+01 -7.243367671966552734e+00 7.000839710235595703e-01 0.000000000000000000e+00 0.000000000000000000e+00 0.000000000000000000e+00 1.000000000000000000e+00
1.716364316182098150e+09 1.590784835815429688e+01 -7.288474082946777344e+00 6.870244145393371582e-01 0.000000000000000000e+00 0.000000000000000000e+00 0.000000000000000000e+00 1.000000000000000000e+00
1.716364316231985092e+09 1.593219089508056641e+01 -7.304410457611083984e+00 6.812943220138549805e-01 0.000000000000000000e+00 0.000000000000000000e+00 0.000000000000000000e+00 1.000000000000000000e+00
1.716364316282531738e+09 1.595620632171630859e+01 -7.321068763732910156e+00 6.756765246391296387e-01 0.000000000000000000e+00 0.000000000000000000e+00 0.000000000000000000e+00 1.000000000000000000e+00
1.716364316382858515e+09 1.602991867065429688e+01 -7.365483760833740234e+00 6.633188128471374512e-01 0.000000000000000000e+00 0.000000000000000000e+00 0.000000000000000000e+00 1.000000000000000000e+00
1.716364316433074713e+09 1.605281066894531250e+01 -7.379842758178710938e+00 6.583122014999389648e-01 0.000000000000000000e+00 0.000000000000000000e+00 0.000000000000000000e+00 1.000000000000000000e+00
1.716364316482813597e+09 1.607688713073730469e+01 -7.394072532653808594e+00 6.537687182426452637e-01 0.000000000000000000e+00 0.000000000000000000e+00 0.000000000000000000e+00 1.000000000000000000e+00
1.716364316533135653e+09 1.610000801086425781e+01 -7.408084392547607422e+00 6.501785516738891602e-01 0.000000000000000000e+00 0.000000000000000000e+00 0.000000000000000000e+00 1.000000000000000000e+00
1.716364316583581448e+09 1.614550971984863281e+01 -7.433244228363037109e+00 6.458222270011901855e-01 0.000000000000000000e+00 0.000000000000000000e+00 0.000000000000000000e+00 1.000000000000000000e+00
1.716364316633466959e+09 1.616637229919433594e+01 -7.447439193725585938e+00 6.428130865097045898e-01 0.000000000000000000e+00 0.000000000000000000e+00 0.000000000000000000e+00 1.000000000000000000e+00
1.716364316685036898e+09 1.618816375732421875e+01 -7.462018966674804688e+00 6.399397253990173340e-01 0.000000000000000000e+00 0.000000000000000000e+00 0.000000000000000000e+00 1.000000000000000000e+00
1.716364316734683752e+09 1.620928764343261719e+01 -7.475702285766601562e+00 6.374992728233337402e-01 0.000000000000000000e+00 0.000000000000000000e+00 0.000000000000000000e+00 1.000000000000000000e+00
1.716364316785100460e+09 1.625347518920898438e+01 -7.499075889587402344e+00 6.344957351684570312e-01 0.000000000000000000e+00 0.000000000000000000e+00 0.000000000000000000e+00 1.000000000000000000e+00
1.716364316835092068e+09 1.627626228332519531e+01 -7.511606216430664062e+00 6.326462030410766602e-01 0.000000000000000000e+00 0.000000000000000000e+00 0.000000000000000000e+00 1.000000000000000000e+00
1.716364316935488224e+09 1.631870269775390625e+01 -7.536262035369873047e+00 6.286842226982116699e-01 0.000000000000000000e+00 0.000000000000000000e+00 0.000000000000000000e+00 1.000000000000000000e+00
1.716364316986220121e+09 1.636083412170410156e+01 -7.559326648712158203e+00 6.258600354194641113e-01 0.000000000000000000e+00 0.000000000000000000e+00 0.000000000000000000e+00 1.000000000000000000e+00
1.716364317035529613e+09 1.638191223144531250e+01 -7.573229312896727627e+00 6.245240569114685059e-01 0.000000000000000000e+00 0.000000000000000000e+00 0.000000000000000000e+00 1.000000000000000000e+00
1.716364317135829210e+09 1.642347145080566406e+01 -7.599952697753906250e+00 6.220732927322387695e-01 0.000000000000000000e+00 0.000000000000000000e+00 0.000000000000000000e+00 1.000000000000000000e+00
1.716364317185962677e+09 1.644417190551757812e+01 -7.612388134002684659e+00 6.216845512390136719e-01 0.000000000000000000e+00 0.000000000000000000e+00 0.000000000000000000e+00 1.000000000000000000e+00
1.716364317236265182e+09 1.648416709899902344e+01 -7.633158206939697266e+00 6.210514307022094727e-01 0.000000000000000000e+00 0.000000000000000000e+00 0.000000000000000000e+00 1.000000000000000000e+00
1.716364317336828709e+09 1.652509307861328125e+01 -7.657025337219238281e+00 6.234872341156005859e-01 0.000000000000000000e+00 0.000000000000000000e+00 0.000000000000000000e+00 1.000000000000000000e+00
1.716364317387627602e+09 1.654246139526367188e+01 -7.667409420013427734e+00 6.256942152976989746e-01 0.000000000000000000e+00 0.000000000000000000e+00 0.000000000000000000e+00 1.000000000000000000e+00
1.716364317487815857e+09 1.660126686096191406e+01 -7.700519084930419922e+00 6.300603747367858887e-01 0.000000000000000000e+00 0.000000000000000000e+00 0.000000000000000000e+00 1.000000000000000000e+00
1.716364317537944794e+09 1.662005043029785156e+01 -7.712747573852539062e+00 6.335728764533996582e-01 0.000000000000000000e+00 0.000000000000000000e+00 0.000000000000000000e+00 1.000000000000000000e+00
1.716364317588217258e+09 1.663875579833984375e+01 -7.725122451782226562e+00 6.368975043296813965e-01 0.000000000000000000e+00 0.000000000000000000e+00 0.000000000000000000e+00 1.000000000000000000e+00
1.716364317638195515e+09 1.667887496948242188e+01 -7.748219966888427734e+00 6.383643746376037598e-01 0.000000000000000000e+00 0.000000000000000000e+00 0.000000000000000000e+00 1.000000000000000000e+00
1.716364317688172579e+09 1.669785118103027344e+01 -7.762299060821533203e+00 6.409602165222167969e-01 0.000000000000000000e+00 0.000000000000000000e+00 0.000000000000000000e+00 1.000000000000000000e+00
1.716364317746179104e+09 1.671755790710449219e+01 -7.777188301086425781e+00 6.436439156532287598e-01 0.000000000000000000e+00 0.000000000000000000e+00 0.000000000000000000e+00 1.000000000000000000e+00
1.716364317788872480e+09 1.673618125915527344e+01 -7.792113780975341797e+00 6.471537351608276367e-01 0.000000000000000000e+00 0.000000000000000000e+00 0.000000000000000000e+00 1.000000000000000000e+00
1.716364317838675022e+09 1.677705383300781250e+01 -7.818500041961669922e+00 6.503223776817321777e-01 0.000000000000000000e+00 0.000000000000000000e+00 0.000000000000000000e+00 1.000000000000000000e+00
1.716364317889139175e+09 1.679591941833496094e+01 -7.835397720336914062e+00 6.551367640495300293e-01 0.000000000000000000e+00 0.000000000000000000e+00 0.000000000000000000e+00 1.000000000000000000e+00
1.716364317939181328e+09 1.681462478637695312e+01 -7.852664947509765625e+00 6.603320837020874023e-01 0.000000000000000000e+00 0.000000000000000000e+00 0.000000000000000000e+00 1.000000000000000000e+00
1.716364317990191698e+09 1.683406448364257812e+01 -7.870748519897460938e+00 6.658565998077392578e-01 0.000000000000000000e+00 0.000000000000000000e+00 0.000000000000000000e+00 1.000000000000000000e+00
1.716364318039921045e+09 1.685351371765136719e+01 -7.888845443725585938e+00 6.718434095382690430e-01 0.000000000000000000e+00 0.000000000000000000e+00 0.000000000000000000e+00 1.000000000000000000e+00
1.716364318141185999e+09 1.691957092285156250e+01 -7.942440032958984375e+00 6.830881237983703613e-01 0.000000000000000000e+00 0.000000000000000000e+00 0.000000000000000000e+00 1.000000000000000000e+00
1.716364318191199780e+09 1.694205284118652344e+01 -7.965844154357910156e+00 6.895077824592590332e-01 0.000000000000000000e+00 0.000000000000000000e+00 0.000000000000000000e+00 1.000000000000000000e+00
1.716364318241139889e+09 1.696454238891601562e+01 -7.989213466644287109e+00 6.959900259971618652e-01 0.000000000000000000e+00 0.000000000000000000e+00 0.000000000000000000e+00 1.000000000000000000e+00
1.716364318341545582e+09 1.703801345825195312e+01 -8.050462722778320312e+00 7.081075310707092285e-01 0.000000000000000000e+00 0.000000000000000000e+00 0.000000000000000000e+00 1.000000000000000000e+00
1.716364318391953468e+09 1.706100273132324219e+01 -8.075124740600585938e+00 7.154732346534729004e-01 0.000000000000000000e+00 0.000000000000000000e+00 0.000000000000000000e+00 1.000000000000000000e+00
1.716364318442090511e+09 1.708637619018554688e+01 -8.101730346679687500e+00 7.227819561958312988e-01 0.000000000000000000e+00 0.000000000000000000e+00 0.000000000000000000e+00 1.000000000000000000e+00
1.716364318542477608e+09 1.716783332824707031e+01 -8.171732902526855469e+00 7.363086342811584473e-01 0.000000000000000000e+00 0.000000000000000000e+00 0.000000000000000000e+00 1.000000000000000000e+00
1.716364318592798471e+09 1.719376754760742188e+01 -8.199437141418457031e+00 7.440579533576965332e-01 0.000000000000000000e+00 0.000000000000000000e+00 0.000000000000000000e+00 1.000000000000000000e+00
1.716364318642743349e+09 1.722058486938476562e+01 -8.227597236633300781e+00 7.520128488540649414e-01 0.000000000000000000e+00 0.000000000000000000e+00 0.000000000000000000e+00 1.000000000000000000e+00
1.716364318692915678e+09 1.724735641479492188e+01 -8.255814552307128906e+00 7.599502801895141602e-01 0.000000000000000000e+00 0.000000000000000000e+00 0.000000000000000000e+00 1.000000000000000000e+00
1.716364318743119001e+09 1.730732727050781250e+01 -8.300356864929199219e+00 7.673811316490173340e-01 0.000000000000000000e+00 0.000000000000000000e+00 0.000000000000000000e+00 1.000000000000000000e+00
1.716364318797769308e+09 1.733541488647460938e+01 -8.328095436096191406e+00 7.755274176597595215e-01 0.000000000000000000e+00 0.000000000000000000e+00 0.000000000000000000e+00 1.000000000000000000e+00
1.716364318843626499e+09 1.736564254760742188e+01 -8.355972290039062500e+00 7.836644649505615234e-01 0.000000000000000000e+00 0.000000000000000000e+00 0.000000000000000000e+00 1.000000000000000000e+00
1.716364318893760681e+09 1.739517974853515625e+01 -8.382988929748535156e+00 7.923033833503723145e-01 0.000000000000000000e+00 0.000000000000000000e+00 0.000000000000000000e+00 1.000000000000000000e+00
1.716364318944335222e+09 1.745723533630371094e+01 -8.425438880920410156e+00 8.004652857780456543e-01 0.000000000000000000e+00 0.000000000000000000e+00 0.000000000000000000e+00 1.000000000000000000e+00
1.716364318995060682e+09 1.748907470703125000e+01 -8.452257156372070312e+00 8.093534708023071289e-01 0.000000000000000000e+00 0.000000000000000000e+00 0.000000000000000000e+00 1.000000000000000000e+00
1.716364319044515133e+09 1.751972579956054688e+01 -8.476866722106933594e+00 8.176801800727844238e-01 0.000000000000000000e+00 0.000000000000000000e+00 0.000000000000000000e+00 1.000000000000000000e+00
1.716364319094921589e+09 1.755334663391113281e+01 -8.502213478088378906e+00 8.260722756385803223e-01 0.000000000000000000e+00 0.000000000000000000e+00 0.000000000000000000e+00 1.000000000000000000e+00
1.716364319144997358e+09 1.758666229248046875e+01 -8.525885581970214844e+00 8.345246911048889160e-01 0.000000000000000000e+00 0.000000000000000000e+00 0.000000000000000000e+00 1.000000000000000000e+00
1.716364319195136070e+09 1.765393447875976562e+01 -8.564279556274414062e+00 8.418827056884765625e-01 0.000000000000000000e+00 0.000000000000000000e+00 0.000000000000000000e+00 1.000000000000000000e+00
1.716364319245621681e+09 1.768855476379394531e+01 -8.585273742675781250e+00 8.509539365768432617e-01 0.000000000000000000e+00 0.000000000000000000e+00 0.000000000000000000e+00 1.000000000000000000e+00
1.716364319295438051e+09 1.772089195251464844e+01 -8.604065895080566406e+00 8.597381711006164551e-01 0.000000000000000000e+00 0.000000000000000000e+00 0.000000000000000000e+00 1.000000000000000000e+00
1.716364319345868349e+09 1.775278472900390625e+01 -8.621498107910156250e+00 8.689050674438476562e-01 0.000000000000000000e+00 0.000000000000000000e+00 0.000000000000000000e+00 1.000000000000000000e+00
1.716364319396269321e+09 1.781923866271972656e+01 -8.654669761657714844e+00 8.764838576316833496e-01 0.000000000000000000e+00 0.000000000000000000e+00 0.000000000000000000e+00 1.000000000000000000e+00
1.716364319446228981e+09 1.785347747802734375e+01 -8.671781539916992188e+00 8.849728107452392578e-01 0.000000000000000000e+00 0.000000000000000000e+00 0.000000000000000000e+00 1.000000000000000000e+00
1.716364319496365309e+09 1.788643646240234375e+01 -8.686884880065917969e+00 8.927439451217651367e-01 0.000000000000000000e+00 0.000000000000000000e+00 0.000000000000000000e+00 1.000000000000000000e+00
1.716364319546466112e+09 1.792184829711914062e+01 -8.701478004455566406e+00 8.999475240707397461e-01 0.000000000000000000e+00 0.000000000000000000e+00 0.000000000000000000e+00 1.000000000000000000e+00
1.716364319596807957e+09 1.799048423767089844e+01 -8.730010986328125000e+00 9.060255885124207653e-01 0.000000000000000000e+00 0.000000000000000000e+00 0.000000000000000000e+00 1.000000000000000000e+00
1.716364319646615267e+09 1.802637672424316406e+01 -8.741306304931640625e+00 9.133532047271728516e-01 0.000000000000000000e+00 0.000000000000000000e+00 0.000000000000000000e+00 1.000000000000000000e+00
1.716364319696736097e+09 1.806174278259277344e+01 -8.751391410827636719e+00 9.208139777183531605e-01 0.000000000000000000e+00 0.000000000000000000e+00 0.000000000000000000e+00 1.000000000000000000e+00
1.716364319747001886e+09 1.809673309326171875e+01 -8.759920120239257812e+00 9.278652071952819824e-01 0.000000000000000000e+00 0.000000000000000000e+00 0.000000000000000000e+00 1.000000000000000000e+00
1.716364319797379255e+09 1.816626358032226562e+01 -8.784194946289062500e+00 9.328224658966064453e-01 0.000000000000000000e+00 0.000000000000000000e+00 0.000000000000000000e+00 1.000000000000000000e+00
1.716364319847191811e+09 1.820305633544921875e+01 -8.791250228881835938e+00 9.396451115608216442e-01 0.000000000000000000e+00 0.000000000000000000e+00 0.000000000000000000e+00 1.000000000000000000e+00
1.716364319947536230e+09 1.827533149719238281e+01 -8.805587768554687500e+00 9.510934352874755859e-01 0.000000000000000000e+00 0.000000000000000000e+00 0.000000000000000000e+00 1.000000000000000000e+00
1.716364319997685194e+09 1.831324005126953125e+01 -8.812520027160644531e+00 9.568682312965391956e-01 0.000000000000000000e+00 0.000000000000000000e+00 0.000000000000000000e+00 1.000000000000000000e+00
1.716364320097854614e+09 1.837994384765625000e+01 -8.833331108093261719e+00 9.611813426017760120e-01 0.000000000000000000e+00 0.000000000000000000e+00 0.000000000000000000e+00 1.000000000000000000e+00
1.716364320148262262e+09 1.845042037963867188e+01 -8.841919898986816406e+00 9.704270362854003906e-01 0.000000000000000000e+00 0.000000000000000000e+00 0.000000000000000000e+00 1.000000000000000000e+00
1.716364320199267387e+09 1.848472785949707031e+01 -8.846921920776367188e+00 9.741618037223815918e-01 0.000000000000000000e+00 0.000000000000000000e+00 0.000000000000000000e+00 1.000000000000000000e+00
1.716364320299125671e+09 1.854917907714844105e+01 -8.867607116699218750e+00 9.761025309562684216e-01 0.000000000000000000e+00 0.000000000000000000e+00 0.000000000000000000e+00 1.000000000000000000e+00
1.716364320349439859e+09 1.861538887023925426e+01 -8.882385253906250000e+00 9.800398349761964001e-01 0.000000000000000000e+00 0.000000000000000000e+00 0.000000000000000000e+00 1.000000000000000000e+00
1.716364320399405003e+09 1.864719581604003906e+01 -8.890121459960937500e+00 9.812307953834533691e-01 0.000000000000000000e+00 0.000000000000000000e+00 0.000000000000000000e+00 1.000000000000000000e+00
1.716364320449651241e+09 1.867744827270508168e+01 -8.898735046386718750e+00 9.814708232879639782e-01 0.000000000000000000e+00 0.000000000000000000e+00 0.000000000000000000e+00 1.000000000000000000e+00
1.716364320550034761e+09 1.876570892333984375e+01 -8.934263229370117188e+00 9.787523746490479626e-01 0.000000000000000000e+00 0.000000000000000000e+00 0.000000000000000000e+00 1.000000000000000000e+00
1.716364320603196859e+09 1.879423522949218750e+01 -8.946383476257324219e+00 9.769695997238160290e-01 0.000000000000000000e+00 0.000000000000000000e+00 0.000000000000000000e+00 1.000000000000000000e+00
1.716364320650599718e+09 1.882206916809082031e+01 -8.959917068481445312e+00 9.745033979415893555e-01 0.000000000000000000e+00 0.000000000000000000e+00 0.000000000000000000e+00 1.000000000000000000e+00
1.716364320750726461e+09 1.890228080749512074e+01 -9.000493049621582031e+00 9.678773880004883923e-01 0.000000000000000000e+00 0.000000000000000000e+00 0.000000000000000000e+00 1.000000000000000000e+00
1.716364320800870419e+09 1.892897224426269176e+01 -9.016401290893556464e+00 9.649497866630554199e-01 0.000000000000000000e+00 0.000000000000000000e+00 0.000000000000000000e+00 1.000000000000000000e+00
1.716364320852721930e+09 1.897826766967773082e+01 -9.045227050781250000e+00 9.602324366569520153e-01 0.000000000000000000e+00 0.000000000000000000e+00 0.000000000000000000e+00 1.000000000000000000e+00
1.716364320901430368e+09 1.900183105468750000e+01 -9.062950134277343750e+00 9.557428956031800427e-01 0.000000000000000000e+00 0.000000000000000000e+00 0.000000000000000000e+00 1.000000000000000000e+00
1.716364320951770544e+09 1.902325630187988281e+01 -9.080492019653320312e+00 9.510510563850403942e-01 0.000000000000000000e+00 0.000000000000000000e+00 0.000000000000000000e+00 1.000000000000000000e+00
1.716364321001837730e+09 1.906521034240722656e+01 -9.115124702453611505e+00 9.418544173240661621e-01 0.000000000000000000e+00 0.000000000000000000e+00 0.000000000000000000e+00 1.000000000000000000e+00
1.716364321102182388e+09 1.910676956176757457e+01 -9.143801689147949219e+00 9.359015822410583496e-01 0.000000000000000000e+00 0.000000000000000000e+00 0.000000000000000000e+00 1.000000000000000000e+00
1.716364321152756929e+09 1.912445068359375000e+01 -9.162107467651367188e+00 9.299157261848449707e-01 0.000000000000000000e+00 0.000000000000000000e+00 0.000000000000000000e+00 1.000000000000000000e+00
1.716364321253184557e+09 1.915812873840332031e+01 -9.199881553649902344e+00 9.179248213768004261e-01 0.000000000000000000e+00 0.000000000000000000e+00 0.000000000000000000e+00 1.000000000000000000e+00
1.716364321303469419e+09 1.917499351501464844e+01 -9.217524528503417969e+00 9.116491675376892090e-01 0.000000000000000000e+00 0.000000000000000000e+00 0.000000000000000000e+00 1.000000000000000000e+00
1.716364321403749704e+09 1.922759056091308949e+01 -9.259624481201171875e+00 8.978077769279479980e-01 0.000000000000000000e+00 0.000000000000000000e+00 0.000000000000000000e+00 1.000000000000000000e+00
1.716364321453911304e+09 1.924391174316406250e+01 -9.275997161865234375e+00 8.905643820762634277e-01 0.000000000000000000e+00 0.000000000000000000e+00 0.000000000000000000e+00 1.000000000000000000e+00
1.716364321504123926e+09 1.925778388977050781e+01 -9.290519714355468750e+00 8.831846714019775391e-01 0.000000000000000000e+00 0.000000000000000000e+00 0.000000000000000000e+00 1.000000000000000000e+00
1.716364321554394722e+09 1.927264976501464844e+01 -9.305211067199708808e+00 8.748863339424133301e-01 0.000000000000000000e+00 0.000000000000000000e+00 0.000000000000000000e+00 1.000000000000000000e+00
1.716364321654903650e+09 1.931412315368652344e+01 -9.337640762329101562e+00 8.549925684928894043e-01 0.000000000000000000e+00 0.000000000000000000e+00 0.000000000000000000e+00 1.000000000000000000e+00
1.716364321705107689e+09 1.932548141479491832e+01 -9.347922325134275567e+00 8.446545600891113281e-01 0.000000000000000000e+00 0.000000000000000000e+00 0.000000000000000000e+00 1.000000000000000000e+00
1.716364321755393267e+09 1.933632087707519531e+01 -9.356929779052734375e+00 8.336849212646484375e-01 0.000000000000000000e+00 0.000000000000000000e+00 0.000000000000000000e+00 1.000000000000000000e+00
1.716364321855866671e+09 1.936793136596680043e+01 -9.377293586730955255e+00 8.110809326171875000e-01 0.000000000000000000e+00 0.000000000000000000e+00 0.000000000000000000e+00 1.000000000000000000e+00
1.716364321956370831e+09 1.939624977111816406e+01 -9.392896652221679688e+00 7.879917025566101074e-01 0.000000000000000000e+00 0.000000000000000000e+00 0.000000000000000000e+00 1.000000000000000000e+00
1.716364322006549358e+09 1.940520668029785156e+01 -9.396533012390136719e+00 7.769001722335815430e-01 0.000000000000000000e+00 0.000000000000000000e+00 0.000000000000000000e+00 1.000000000000000000e+00
1.716364322057101727e+09 1.941473388671875000e+01 -9.398984909057615411e+00 7.659096717834472656e-01 0.000000000000000000e+00 0.000000000000000000e+00 0.000000000000000000e+00 1.000000000000000000e+00
1.716364322107395172e+09 1.942287635803222656e+01 -9.399704933166503906e+00 7.550169229507446289e-01 0.000000000000000000e+00 0.000000000000000000e+00 0.000000000000000000e+00 1.000000000000000000e+00
1.716364322157675982e+09 1.943211364746093750e+01 -9.400490760803224433e+00 7.447823286056518555e-01 0.000000000000000000e+00 0.000000000000000000e+00 0.000000000000000000e+00 1.000000000000000000e+00
1.716364322207853794e+09 1.943927955627441051e+01 -9.401003837585449219e+00 7.351234555244445801e-01 0.000000000000000000e+00 0.000000000000000000e+00 0.000000000000000000e+00 1.000000000000000000e+00
1.716364322308721781e+09 1.946340560913085938e+01 -9.407160758972167969e+00 7.174956798553466797e-01 0.000000000000000000e+00 0.000000000000000000e+00 0.000000000000000000e+00 1.000000000000000000e+00
1.716364322358652830e+09 1.947231674194335938e+01 -9.406512260437011719e+00 7.100723981857299805e-01 0.000000000000000000e+00 0.000000000000000000e+00 0.000000000000000000e+00 1.000000000000000000e+00
1.716364322408848524e+09 1.948168754577636719e+01 -9.404976844787597656e+00 7.035247683525085449e-01 0.000000000000000000e+00 0.000000000000000000e+00 0.000000000000000000e+00 1.000000000000000000e+00
1.716364322509578705e+09 1.950738334655761719e+01 -9.401702880859376776e+00 6.954096555709838867e-01 0.000000000000000000e+00 0.000000000000000000e+00 0.000000000000000000e+00 1.000000000000000000e+00
1.716364322559707880e+09 1.951729393005371094e+01 -9.399379730224609375e+00 6.930401921272277832e-01 0.000000000000000000e+00 0.000000000000000000e+00 0.000000000000000000e+00 1.000000000000000000e+00
1.716364322609888554e+09 1.952613639831542969e+01 -9.397018432617187500e+00 6.913357973098754883e-01 0.000000000000000000e+00 0.000000000000000000e+00 0.000000000000000000e+00 1.000000000000000000e+00
1.716364322710138798e+09 1.955060768127441051e+01 -9.399116516113279474e+00 6.899029016494750977e-01 0.000000000000000000e+00 0.000000000000000000e+00 0.000000000000000000e+00 1.000000000000000000e+00
1.716364322760370731e+09 1.955953025817871094e+01 -9.399216651916503906e+00 6.920949220657348633e-01 0.000000000000000000e+00 0.000000000000000000e+00 0.000000000000000000e+00 1.000000000000000000e+00
1.716364322810608625e+09 1.956920051574707031e+01 -9.400124549865724433e+00 6.949695944786071777e-01 0.000000000000000000e+00 0.000000000000000000e+00 0.000000000000000000e+00 1.000000000000000000e+00
1.716364322860722542e+09 1.957673645019531250e+01 -9.400900840759275567e+00 6.984307765960693359e-01 0.000000000000000000e+00 0.000000000000000000e+00 0.000000000000000000e+00 1.000000000000000000e+00
1.716364322911020041e+09 1.958925437927246094e+01 -9.405154228210449219e+00 7.016847133636474609e-01 0.000000000000000000e+00 0.000000000000000000e+00 0.000000000000000000e+00 1.000000000000000000e+00
1.716364322961159706e+09 1.959512901306152344e+01 -9.407148361206056464e+00 7.060217261314392090e-01 0.000000000000000000e+00 0.000000000000000000e+00 0.000000000000000000e+00 1.000000000000000000e+00
1.716364323011279821e+09 1.960062599182128906e+01 -9.409920692443847656e+00 7.102878689765930176e-01 0.000000000000000000e+00 0.000000000000000000e+00 0.000000000000000000e+00 1.000000000000000000e+00
1.716364323061574221e+09 1.960569953918457031e+01 -9.413612365722656250e+00 7.150733470916748047e-01 0.000000000000000000e+00 0.000000000000000000e+00 0.000000000000000000e+00 1.000000000000000000e+00
1.716364323111788034e+09 1.961682701110839844e+01 -9.420915603637695312e+00 7.203231453895568848e-01 0.000000000000000000e+00 0.000000000000000000e+00 0.000000000000000000e+00 1.000000000000000000e+00
1.716364323162237406e+09 1.962641906738280895e+01 -9.431873321533203125e+00 7.313922643661499023e-01 0.000000000000000000e+00 0.000000000000000000e+00 0.000000000000000000e+00 1.000000000000000000e+00
1.716364323262251377e+09 1.962941551208496094e+01 -9.437565803527832031e+00 7.361315488815307617e-01 0.000000000000000000e+00 0.000000000000000000e+00 0.000000000000000000e+00 1.000000000000000000e+00
1.716364323312363148e+09 1.963541221618652344e+01 -9.446201324462890625e+00 7.402961254119873047e-01 0.000000000000000000e+00 0.000000000000000000e+00 0.000000000000000000e+00 1.000000000000000000e+00
1.716364323362612486e+09 1.963567543029785156e+01 -9.452902793884275567e+00 7.444803118705749512e-01 0.000000000000000000e+00 0.000000000000000000e+00 0.000000000000000000e+00 1.000000000000000000e+00
1.716364323412852287e+09 1.963493537902832031e+01 -9.468677520751951349e+00 7.497522830963134766e-01 0.000000000000000000e+00 0.000000000000000000e+00 0.000000000000000000e+00 1.000000000000000000e+00
1.716364323513231039e+09 1.963663291931152344e+01 -9.479097366333007812e+00 7.513635754585266113e-01 0.000000000000000000e+00 0.000000000000000000e+00 0.000000000000000000e+00 1.000000000000000000e+00
1.716364323563552856e+09 1.963522720336914062e+01 -9.489009857177734375e+00 7.526519298553466797e-01 0.000000000000000000e+00 0.000000000000000000e+00 0.000000000000000000e+00 1.000000000000000000e+00
1.716364323613815546e+09 1.963371276855468750e+01 -9.499135017395019531e+00 7.539666891098022461e-01 0.000000000000000000e+00 0.000000000000000000e+00 0.000000000000000000e+00 1.000000000000000000e+00
1.716364323663910866e+09 1.962917327880859730e+01 -9.519994735717771661e+00 7.541110515594482422e-01 0.000000000000000000e+00 0.000000000000000000e+00 0.000000000000000000e+00 1.000000000000000000e+00
1.716364323814320564e+09 1.962592124938964844e+01 -9.540326118469238281e+00 7.527015805244445801e-01 0.000000000000000000e+00 0.000000000000000000e+00 0.000000000000000000e+00 1.000000000000000000e+00
1.716364323914858818e+09 1.962045288085937145e+01 -9.558008193969728339e+00 7.472434043884277344e-01 0.000000000000000000e+00 0.000000000000000000e+00 0.000000000000000000e+00 1.000000000000000000e+00
1.716364323964883089e+09 1.961424064636230469e+01 -9.574650764465332031e+00 7.386265993118286133e-01 0.000000000000000000e+00 0.000000000000000000e+00 0.000000000000000000e+00 1.000000000000000000e+00
1.716364324065810442e+09 1.961108207702636719e+01 -9.580731391906738281e+00 7.336385846138000488e-01 0.000000000000000000e+00 0.000000000000000000e+00 0.000000000000000000e+00 1.000000000000000000e+00
1.716364324115620852e+09 1.960840034484863637e+01 -9.585909843444824219e+00 7.297127246856689453e-01 0.000000000000000000e+00 0.000000000000000000e+00 0.000000000000000000e+00 1.000000000000000000e+00
1.716364324166040897e+09 1.960325813293457031e+01 -9.589127540588380683e+00 7.237682938575744629e-01 0.000000000000000000e+00 0.000000000000000000e+00 0.000000000000000000e+00 1.000000000000000000e+00
1.716364324231057167e+09 1.959290122985839844e+01 -9.589480400085449219e+00 7.196714282035827637e-01 0.000000000000000000e+00 0.000000000000000000e+00 0.000000000000000000e+00 1.000000000000000000e+00
1.716364324317156553e+09 1.958004760742187500e+01 -9.590233802795410156e+00 7.137852311134338379e-01 0.000000000000000000e+00 0.000000000000000000e+00 0.000000000000000000e+00 1.000000000000000000e+00
1.716364324366702080e+09 1.957344818115234375e+01 -9.587649345397949219e+00 7.121024727821350098e-01 0.000000000000000000e+00 0.000000000000000000e+00 0.000000000000000000e+00 1.000000000000000000e+00
1.716364324417082071e+09 1.956739807128906250e+01 -9.584031105041503906e+00 7.115254998207092285e-01 0.000000000000000000e+00 0.000000000000000000e+00 0.000000000000000000e+00 1.000000000000000000e+00
1.716364324467439413e+09 1.956031799316406250e+01 -9.578088760375976562e+00 7.124781012535095215e-01 0.000000000000000000e+00 0.000000000000000000e+00 0.000000000000000000e+00 1.000000000000000000e+00
1.716364324517246723e+09 1.954150199890136719e+01 -9.566612243652343750e+00 7.144075632095336914e-01 0.000000000000000000e+00 0.000000000000000000e+00 0.000000000000000000e+00 1.000000000000000000e+00
1.716364324567576647e+09 1.953310585021972656e+01 -9.561235427856443536e+00 7.173032164573669434e-01 0.000000000000000000e+00 0.000000000000000000e+00 0.000000000000000000e+00 1.000000000000000000e+00
1.716364324618765354e+09 1.952303695678710938e+01 -9.552631378173828125e+00 7.224892973899841309e-01 0.000000000000000000e+00 0.000000000000000000e+00 0.000000000000000000e+00 1.000000000000000000e+00
1.716364324667981386e+09 1.950317764282226562e+01 -9.530384063720703125e+00 7.341539263725280762e-01 0.000000000000000000e+00 0.000000000000000000e+00 0.000000000000000000e+00 1.000000000000000000e+00
1.716364324818708897e+09 1.946187591552734375e+01 -9.497400283813476562e+00 7.471426129341125488e-01 0.000000000000000000e+00 0.000000000000000000e+00 0.000000000000000000e+00 1.000000000000000000e+00
1.716364324869036436e+09 1.944634628295898438e+01 -9.484066009521484375e+00 7.532992959022521973e-01 0.000000000000000000e+00 0.000000000000000000e+00 0.000000000000000000e+00 1.000000000000000000e+00
1.716364324918981552e+09 1.941551780700683949e+01 -9.454508781433103692e+00 7.641465663909912109e-01 0.000000000000000000e+00 0.000000000000000000e+00 0.000000000000000000e+00 1.000000000000000000e+00
1.716364325070045233e+09 1.935814285278320312e+01 -9.413061141967771661e+00 7.736127972602844238e-01 0.000000000000000000e+00 0.000000000000000000e+00 0.000000000000000000e+00 1.000000000000000000e+00
1.716364325119922161e+09 1.931597900390625000e+01 -9.381432533264160156e+00 7.821887731552124023e-01 0.000000000000000000e+00 0.000000000000000000e+00 0.000000000000000000e+00 1.000000000000000000e+00
1.716364325220122576e+09 1.926634025573730469e+01 -9.353387832641601562e+00 7.860807180404663086e-01 0.000000000000000000e+00 0.000000000000000000e+00 0.000000000000000000e+00 1.000000000000000000e+00
1.716364325270811796e+09 1.924022865295410156e+01 -9.336371421813964844e+00 7.890503406524658203e-01 0.000000000000000000e+00 0.000000000000000000e+00 0.000000000000000000e+00 1.000000000000000000e+00
1.716364325320707560e+09 1.921386528015136719e+01 -9.319853782653808594e+00 7.917208671569824219e-01 0.000000000000000000e+00 0.000000000000000000e+00 0.000000000000000000e+00 1.000000000000000000e+00
1.716364325371299267e+09 1.915992927551269176e+01 -9.286991119384765625e+00 7.968045473098754883e-01 0.000000000000000000e+00 0.000000000000000000e+00 0.000000000000000000e+00 1.000000000000000000e+00
1.716364325471414804e+09 1.906606674194335938e+01 -9.233303070068359375e+00 8.023188710212707520e-01 0.000000000000000000e+00 0.000000000000000000e+00 0.000000000000000000e+00 1.000000000000000000e+00
1.716364325571667910e+09 1.900175666809082031e+01 -9.194306373596191406e+00 8.073956370353698730e-01 0.000000000000000000e+00 0.000000000000000000e+00 0.000000000000000000e+00 1.000000000000000000e+00
1.716364325672185421e+09 1.893166160583496094e+01 -9.157937049865724433e+00 8.105989098548889160e-01 0.000000000000000000e+00 0.000000000000000000e+00 0.000000000000000000e+00 1.000000000000000000e+00
1.716364325722332716e+09 1.885830116271972656e+01 -9.119082450866699219e+00 8.132192492485046387e-01 0.000000000000000000e+00 0.000000000000000000e+00 0.000000000000000000e+00 1.000000000000000000e+00
1.716364325822731495e+09 1.882000541687012074e+01 -9.099445343017578125e+00 8.130799531936645508e-01 0.000000000000000000e+00 0.000000000000000000e+00 0.000000000000000000e+00 1.000000000000000000e+00
1.716364325873429537e+09 1.874399185180664062e+01 -9.061335563659667969e+00 8.137397766113281250e-01 0.000000000000000000e+00 0.000000000000000000e+00 0.000000000000000000e+00 1.000000000000000000e+00
1.716364325923384428e+09 1.870435333251953125e+01 -9.039868354797363281e+00 8.134961128234863281e-01 0.000000000000000000e+00 0.000000000000000000e+00 0.000000000000000000e+00 1.000000000000000000e+00
1.716364325973926306e+09 1.862918663024902344e+01 -8.997474670410156250e+00 8.110440969467163086e-01 0.000000000000000000e+00 0.000000000000000000e+00 0.000000000000000000e+00 1.000000000000000000e+00
1.716364326023759365e+09 1.858870506286621094e+01 -8.973004341125488281e+00 8.088759779930114746e-01 0.000000000000000000e+00 0.000000000000000000e+00 0.000000000000000000e+00 1.000000000000000000e+00
1.716364326123984337e+09 1.850621414184570312e+01 -8.929746627807617188e+00 8.075538873672485352e-01 0.000000000000000000e+00 0.000000000000000000e+00 0.000000000000000000e+00 1.000000000000000000e+00
1.716364326174319029e+09 1.842462730407714844e+01 -8.884339332580566406e+00 8.026240468025207520e-01 0.000000000000000000e+00 0.000000000000000000e+00 0.000000000000000000e+00 1.000000000000000000e+00
1.716364326224488735e+09 1.838276481628417969e+01 -8.860188484191894531e+00 7.975364327430725098e-01 0.000000000000000000e+00 0.000000000000000000e+00 0.000000000000000000e+00 1.000000000000000000e+00
1.716364326375089884e+09 1.821784400939941051e+01 -8.768009185791015625e+00 7.834750413894653320e-01 0.000000000000000000e+00 0.000000000000000000e+00 0.000000000000000000e+00 1.000000000000000000e+00
1.716364326425490379e+09 1.817708969116210938e+01 -8.743698120117187500e+00 7.766639590263366699e-01 0.000000000000000000e+00 0.000000000000000000e+00 0.000000000000000000e+00 1.000000000000000000e+00
1.716364326576828241e+09 1.800949668884277344e+01 -8.647167205810546875e+00 7.556796073913574219e-01 0.000000000000000000e+00 0.000000000000000000e+00 0.000000000000000000e+00 1.000000000000000000e+00
1.716364326626827240e+09 1.796733093261718750e+01 -8.621020317077636719e+00 7.476032376289367676e-01 0.000000000000000000e+00 0.000000000000000000e+00 0.000000000000000000e+00 1.000000000000000000e+00
1.716364326676784754e+09 1.792449188232421875e+01 -8.593918800354003906e+00 7.391619682312011719e-01 0.000000000000000000e+00 0.000000000000000000e+00 0.000000000000000000e+00 1.000000000000000000e+00
1.716364326826917887e+09 1.775521278381347656e+01 -8.491019248962402344e+00 7.135522961616516113e-01 0.000000000000000000e+00 0.000000000000000000e+00 0.000000000000000000e+00 1.000000000000000000e+00
1.716364326877072573e+09 1.770936775207519531e+01 -8.460753440856933594e+00 7.040151953697204590e-01 0.000000000000000000e+00 0.000000000000000000e+00 0.000000000000000000e+00 1.000000000000000000e+00
1.716364326977691889e+09 1.757577896118164062e+01 -8.381443977355957031e+00 6.890478730201721191e-01 0.000000000000000000e+00 0.000000000000000000e+00 0.000000000000000000e+00 1.000000000000000000e+00
1.716364327078548193e+09 1.748742294311523438e+01 -8.321078300476074219e+00 6.734948754310607910e-01 0.000000000000000000e+00 0.000000000000000000e+00 0.000000000000000000e+00 1.000000000000000000e+00
1.716364327178846121e+09 1.734874153137207031e+01 -8.234060287475585938e+00 6.624875664710998535e-01 0.000000000000000000e+00 0.000000000000000000e+00 0.000000000000000000e+00 1.000000000000000000e+00
1.716364327229216099e+09 1.730121612548828125e+01 -8.200613975524902344e+00 6.573140025138854980e-01 0.000000000000000000e+00 0.000000000000000000e+00 0.000000000000000000e+00 1.000000000000000000e+00
1.716364327329318762e+09 1.725396537780761719e+01 -8.166647911071777344e+00 6.529291868209838867e-01 0.000000000000000000e+00 0.000000000000000000e+00 0.000000000000000000e+00 1.000000000000000000e+00
1.716364327379702330e+09 1.711280441284179688e+01 -8.075903892517089844e+00 6.474112868309020996e-01 0.000000000000000000e+00 0.000000000000000000e+00 0.000000000000000000e+00 1.000000000000000000e+00
1.716364327429743052e+09 1.706535530090332031e+01 -8.040080070495605469e+00 6.442223191261291504e-01 0.000000000000000000e+00 0.000000000000000000e+00 0.000000000000000000e+00 1.000000000000000000e+00
1.716364327480287790e+09 1.701712226867675781e+01 -8.003650665283203125e+00 6.420383453369140625e-01 0.000000000000000000e+00 0.000000000000000000e+00 0.000000000000000000e+00 1.000000000000000000e+00
1.716364327581352234e+09 1.691944694519042969e+01 -7.928846359252929688e+00 6.401497721672058105e-01 0.000000000000000000e+00 0.000000000000000000e+00 0.000000000000000000e+00 1.000000000000000000e+00
1.716364327631296158e+09 1.681857681274414062e+01 -7.866054534912109375e+00 6.432998180389404297e-01 0.000000000000000000e+00 0.000000000000000000e+00 0.000000000000000000e+00 1.000000000000000000e+00
1.716364327731062174e+09 1.672187995910644531e+01 -7.789293766021727627e+00 6.440363526344299316e-01 0.000000000000000000e+00 0.000000000000000000e+00 0.000000000000000000e+00 1.000000000000000000e+00
1.716364327781975746e+09 1.667523765563964844e+01 -7.751942634582518643e+00 6.443145275115966797e-01 0.000000000000000000e+00 0.000000000000000000e+00 0.000000000000000000e+00 1.000000000000000000e+00
1.716364327881745815e+09 1.657435607910156250e+01 -7.689099788665771484e+00 6.477715373039245605e-01 0.000000000000000000e+00 0.000000000000000000e+00 0.000000000000000000e+00 1.000000000000000000e+00
1.716364327932042599e+09 1.647804260253906250e+01 -7.611559867858886719e+00 6.510010361671447754e-01 0.000000000000000000e+00 0.000000000000000000e+00 0.000000000000000000e+00 1.000000000000000000e+00
1.716364327982007265e+09 1.643045425415039062e+01 -7.573971271514892578e+00 6.532642841339111328e-01 0.000000000000000000e+00 0.000000000000000000e+00 0.000000000000000000e+00 1.000000000000000000e+00
1.716364328082648993e+09 1.632789802551269531e+01 -7.510160446166992188e+00 6.594075560569763184e-01 0.000000000000000000e+00 0.000000000000000000e+00 0.000000000000000000e+00 1.000000000000000000e+00
1.716364328132944822e+09 1.622748565673828125e+01 -7.432015895843505859e+00 6.654130816459655762e-01 0.000000000000000000e+00 0.000000000000000000e+00 0.000000000000000000e+00 1.000000000000000000e+00
1.716364328182750225e+09 1.617929267883300781e+01 -7.393277168273925781e+00 6.680862903594970703e-01 0.000000000000000000e+00 0.000000000000000000e+00 0.000000000000000000e+00 1.000000000000000000e+00
1.716364328283556461e+09 1.607446289062500000e+01 -7.329428672790527344e+00 6.735292673110961914e-01 0.000000000000000000e+00 0.000000000000000000e+00 0.000000000000000000e+00 1.000000000000000000e+00
1.716364328334751844e+09 1.597755813598632812e+01 -7.252739906311035156e+00 6.770827174186706543e-01 0.000000000000000000e+00 0.000000000000000000e+00 0.000000000000000000e+00 1.000000000000000000e+00
1.716364328384610653e+09 1.592713546752929688e+01 -7.213750839233398438e+00 6.780054569244384766e-01 0.000000000000000000e+00 0.000000000000000000e+00 0.000000000000000000e+00 1.000000000000000000e+00
1.716364328433975220e+09 1.587844276428222834e+01 -7.175644397735595703e+00 6.778394579887390137e-01 0.000000000000000000e+00 0.000000000000000000e+00 0.000000000000000000e+00 1.000000000000000000e+00
1.716364328484169722e+09 1.577877616882324219e+01 -7.114262580871582031e+00 6.784710288047790527e-01 0.000000000000000000e+00 0.000000000000000000e+00 0.000000000000000000e+00 1.000000000000000000e+00
1.716364328534221411e+09 1.572797298431396484e+01 -7.078122138977050781e+00 6.763508915901184082e-01 0.000000000000000000e+00 0.000000000000000000e+00 0.000000000000000000e+00 1.000000000000000000e+00
1.716364328584832668e+09 1.567667675018310369e+01 -7.040518760681152344e+00 6.734344959259033203e-01 0.000000000000000000e+00 0.000000000000000000e+00 0.000000000000000000e+00 1.000000000000000000e+00
1.716364328734796762e+09 1.546460723876953125e+01 -6.900732994079589844e+00 6.651608347892761230e-01 0.000000000000000000e+00 0.000000000000000000e+00 0.000000000000000000e+00 1.000000000000000000e+00
1.716364328785291672e+09 1.541737937927245916e+01 -6.866139888763427734e+00 6.619707942008972168e-01 0.000000000000000000e+00 0.000000000000000000e+00 0.000000000000000000e+00 1.000000000000000000e+00
1.716364328835532188e+09 1.536725234985351562e+01 -6.830768585205078125e+00 6.597756147384643555e-01 0.000000000000000000e+00 0.000000000000000000e+00 0.000000000000000000e+00 1.000000000000000000e+00
1.716364328886852264e+09 1.525994873046875000e+01 -6.769195556640625000e+00 6.615870594978332520e-01 0.000000000000000000e+00 0.000000000000000000e+00 0.000000000000000000e+00 1.000000000000000000e+00
1.716364328936120033e+09 1.520493888854980469e+01 -6.730232715606689453e+00 6.616280078887939453e-01 0.000000000000000000e+00 0.000000000000000000e+00 0.000000000000000000e+00 1.000000000000000000e+00
1.716364328986390352e+09 1.515551376342773438e+01 -6.693624973297119141e+00 6.629521250724792480e-01 0.000000000000000000e+00 0.000000000000000000e+00 0.000000000000000000e+00 1.000000000000000000e+00
1.716364329036332369e+09 1.510158061981201172e+01 -6.655099868774414062e+00 6.666827201843261719e-01 0.000000000000000000e+00 0.000000000000000000e+00 0.000000000000000000e+00 1.000000000000000000e+00
1.716364329087107182e+09 1.499724292755126953e+01 -6.594851016998291016e+00 6.743470430374145508e-01 0.000000000000000000e+00 0.000000000000000000e+00 0.000000000000000000e+00 1.000000000000000000e+00
1.716364329136683941e+09 1.494500064849853516e+01 -6.557768344879150391e+00 6.810818910598754883e-01 0.000000000000000000e+00 0.000000000000000000e+00 0.000000000000000000e+00 1.000000000000000000e+00
1.716364329186984301e+09 1.489535140991210938e+01 -6.522387027740479404e+00 6.891795992851257324e-01 0.000000000000000000e+00 0.000000000000000000e+00 0.000000000000000000e+00 1.000000000000000000e+00
1.716364329237372398e+09 1.484697055816650391e+01 -6.486701965332031250e+00 6.983133554458618164e-01 0.000000000000000000e+00 0.000000000000000000e+00 0.000000000000000000e+00 1.000000000000000000e+00
1.716364330340880871e+09 1.426902198791504084e+01 -6.122121810913085938e+00 7.955857515335083008e-01 0.000000000000000000e+00 0.000000000000000000e+00 0.000000000000000000e+00 1.000000000000000000e+00
1.716364330792383432e+09 1.318544006347656250e+01 -5.516347885131835938e+00 8.670331239700317383e-01 0.000000000000000000e+00 0.000000000000000000e+00 0.000000000000000000e+00 1.000000000000000000e+00
1.716364330843027830e+09 1.314915180206298828e+01 -5.494616031646728516e+00 8.711431026458740234e-01 0.000000000000000000e+00 0.000000000000000000e+00 0.000000000000000000e+00 1.000000000000000000e+00
1.716364330892965555e+09 1.311459732055664062e+01 -5.474102020263671875e+00 8.768969178199768066e-01 0.000000000000000000e+00 0.000000000000000000e+00 0.000000000000000000e+00 1.000000000000000000e+00
1.716364330993338346e+09 1.304589176177978338e+01 -5.434780597686767578e+00 8.893228173255920410e-01 0.000000000000000000e+00 0.000000000000000000e+00 0.000000000000000000e+00 1.000000000000000000e+00
1.716364331093586922e+09 1.297219753265380859e+01 -5.399179458618164062e+00 8.978127241134643555e-01 0.000000000000000000e+00 0.000000000000000000e+00 0.000000000000000000e+00 1.000000000000000000e+00
1.716364331143873930e+09 1.293636131286621271e+01 -5.379215717315673828e+00 9.045909643173217773e-01 0.000000000000000000e+00 0.000000000000000000e+00 0.000000000000000000e+00 1.000000000000000000e+00
1.716364331195700169e+09 1.286681461334228338e+01 -5.339395046234130859e+00 9.184699654579163708e-01 0.000000000000000000e+00 0.000000000000000000e+00 0.000000000000000000e+00 1.000000000000000000e+00
1.716364331244483948e+09 1.283022975921630859e+01 -5.318578720092773438e+00 9.250684380531312145e-01 0.000000000000000000e+00 0.000000000000000000e+00 0.000000000000000000e+00 1.000000000000000000e+00
1.716364331344918251e+09 1.275870227813720881e+01 -5.282895088195800781e+00 9.332388043403624378e-01 0.000000000000000000e+00 0.000000000000000000e+00 0.000000000000000000e+00 1.000000000000000000e+00
1.716364331396394014e+09 1.268748283386230469e+01 -5.241659641265869141e+00 9.457312226295472302e-01 0.000000000000000000e+00 0.000000000000000000e+00 0.000000000000000000e+00 1.000000000000000000e+00
1.716364331446906805e+09 1.265075683593750000e+01 -5.220970630645751953e+00 9.506176710128784180e-01 0.000000000000000000e+00 0.000000000000000000e+00 0.000000000000000000e+00 1.000000000000000000e+00
1.716364331547413826e+09 1.254630470275878729e+01 -5.165101528167724609e+00 9.564943313598631702e-01 0.000000000000000000e+00 0.000000000000000000e+00 0.000000000000000000e+00 1.000000000000000000e+00
1.716364331596708775e+09 1.251126289367675781e+01 -5.142323970794677734e+00 9.554247260093687855e-01 0.000000000000000000e+00 0.000000000000000000e+00 0.000000000000000000e+00 1.000000000000000000e+00
1.716364331646341801e+09 1.247373962402343750e+01 -5.120133876800537109e+00 9.526401758193969727e-01 0.000000000000000000e+00 0.000000000000000000e+00 0.000000000000000000e+00 1.000000000000000000e+00
1.716364332098144293e+09 1.203941249847411932e+01 -4.877068519592285156e+00 8.710759878158569336e-01 0.000000000000000000e+00 0.000000000000000000e+00 0.000000000000000000e+00 1.000000000000000000e+00
1.716364332148698092e+09 1.199457168579101562e+01 -4.850286960601806641e+00 8.593586087226867676e-01 0.000000000000000000e+00 0.000000000000000000e+00 0.000000000000000000e+00 1.000000000000000000e+00
1.716364332198931456e+09 1.194679832458495916e+01 -4.822763442993164062e+00 8.481929898262023926e-01 0.000000000000000000e+00 0.000000000000000000e+00 0.000000000000000000e+00 1.000000000000000000e+00
1.716364332249848127e+09 1.190464782714843750e+01 -4.797261714935302734e+00 8.366826176643371582e-01 0.000000000000000000e+00 0.000000000000000000e+00 0.000000000000000000e+00 1.000000000000000000e+00
1.716364332299378395e+09 1.186248683929443359e+01 -4.771685123443604404e+00 8.248295783996582031e-01 0.000000000000000000e+00 0.000000000000000000e+00 0.000000000000000000e+00 1.000000000000000000e+00
1.716364332349584341e+09 1.178050327301025391e+01 -4.729963302612304688e+00 8.150505423545837402e-01 0.000000000000000000e+00 0.000000000000000000e+00 0.000000000000000000e+00 1.000000000000000000e+00
1.716364332399815798e+09 1.174021911621093750e+01 -4.704919338226318359e+00 8.028274178504943848e-01 0.000000000000000000e+00 0.000000000000000000e+00 0.000000000000000000e+00 1.000000000000000000e+00
1.716364332451062202e+09 1.170004463195800781e+01 -4.679403305053710938e+00 7.896622419357299805e-01 0.000000000000000000e+00 0.000000000000000000e+00 0.000000000000000000e+00 1.000000000000000000e+00
1.716364332501131296e+09 1.166254615783691406e+01 -4.655451297760009766e+00 7.780454754829406738e-01 0.000000000000000000e+00 0.000000000000000000e+00 0.000000000000000000e+00 1.000000000000000000e+00
1.716364332550575972e+09 1.157040309906006037e+01 -4.609553813934326172e+00 7.704690098762512207e-01 0.000000000000000000e+00 0.000000000000000000e+00 0.000000000000000000e+00 1.000000000000000000e+00
1.716364332600779533e+09 1.152958583831787287e+01 -4.582997798919677734e+00 7.588962316513061523e-01 0.000000000000000000e+00 0.000000000000000000e+00 0.000000000000000000e+00 1.000000000000000000e+00
1.716364332650822163e+09 1.148770904541015625e+01 -4.556623458862304688e+00 7.491501569747924805e-01 0.000000000000000000e+00 0.000000000000000000e+00 0.000000000000000000e+00 1.000000000000000000e+00
1.716364332700867653e+09 1.140152740478515625e+01 -4.511941909790039062e+00 7.422882914543151855e-01 0.000000000000000000e+00 0.000000000000000000e+00 0.000000000000000000e+00 1.000000000000000000e+00
1.716364332751200676e+09 1.135894489288330078e+01 -4.484607696533203125e+00 7.330696582794189453e-01 0.000000000000000000e+00 0.000000000000000000e+00 0.000000000000000000e+00 1.000000000000000000e+00
1.716364332801385164e+09 1.131636714935302734e+01 -4.457336425781250000e+00 7.246121764183044434e-01 0.000000000000000000e+00 0.000000000000000000e+00 0.000000000000000000e+00 1.000000000000000000e+00
1.716364332851577282e+09 1.127665138244628729e+01 -4.431035041809082031e+00 7.166667580604553223e-01 0.000000000000000000e+00 0.000000000000000000e+00 0.000000000000000000e+00 1.000000000000000000e+00
1.716364332901821613e+09 1.123150634765625000e+01 -4.402179241180419922e+00 7.093911170959472656e-01 0.000000000000000000e+00 0.000000000000000000e+00 0.000000000000000000e+00 1.000000000000000000e+00
1.716364333002337217e+09 1.114574337005615234e+01 -4.356684207916259766e+00 7.055382132530212402e-01 0.000000000000000000e+00 0.000000000000000000e+00 0.000000000000000000e+00 1.000000000000000000e+00
1.716364333052552938e+09 1.106359863281250000e+01 -4.300433635711669922e+00 6.939407587051391602e-01 0.000000000000000000e+00 0.000000000000000000e+00 0.000000000000000000e+00 1.000000000000000000e+00
1.716364333102675676e+09 1.102247428894042969e+01 -4.272673606872558594e+00 6.897802352905273438e-01 0.000000000000000000e+00 0.000000000000000000e+00 0.000000000000000000e+00 1.000000000000000000e+00
1.716364333203250647e+09 1.089949512481689631e+01 -4.201030254364013672e+00 6.865104436874389648e-01 0.000000000000000000e+00 0.000000000000000000e+00 0.000000000000000000e+00 1.000000000000000000e+00
1.716364333253293276e+09 1.085944652557373047e+01 -4.173562049865722656e+00 6.845485568046569824e-01 0.000000000000000000e+00 0.000000000000000000e+00 0.000000000000000000e+00 1.000000000000000000e+00
1.716364333303648949e+09 1.081932163238525391e+01 -4.146437644958496094e+00 6.835473179817199707e-01 0.000000000000000000e+00 0.000000000000000000e+00 0.000000000000000000e+00 1.000000000000000000e+00
1.716364333353821754e+09 1.077935695648193359e+01 -4.118896007537841797e+00 6.827164292335510254e-01 0.000000000000000000e+00 0.000000000000000000e+00 0.000000000000000000e+00 1.000000000000000000e+00
1.716364333403874874e+09 1.069386005401611150e+01 -4.073533535003662109e+00 6.853109598159790039e-01 0.000000000000000000e+00 0.000000000000000000e+00 0.000000000000000000e+00 1.000000000000000000e+00
1.716364333461746931e+09 1.065367889404296875e+01 -4.046597957611083984e+00 6.850361227989196777e-01 0.000000000000000000e+00 0.000000000000000000e+00 0.000000000000000000e+00 1.000000000000000000e+00
1.716364333504258156e+09 1.061415863037109375e+01 -4.020642280578613281e+00 6.844096779823303223e-01 0.000000000000000000e+00 0.000000000000000000e+00 0.000000000000000000e+00 1.000000000000000000e+00
1.716364333554516554e+09 1.057447910308838068e+01 -3.995084285736083984e+00 6.838055253028869629e-01 0.000000000000000000e+00 0.000000000000000000e+00 0.000000000000000000e+00 1.000000000000000000e+00
1.716364333654878616e+09 1.049171447753906250e+01 -3.953671216964721680e+00 6.862530708312988281e-01 0.000000000000000000e+00 0.000000000000000000e+00 0.000000000000000000e+00 1.000000000000000000e+00
1.716364333705134869e+09 1.045254135131835938e+01 -3.929497480392456055e+00 6.853433847427368164e-01 0.000000000000000000e+00 0.000000000000000000e+00 0.000000000000000000e+00 1.000000000000000000e+00
1.716364333755594730e+09 1.037387466430664062e+01 -3.881934404373168945e+00 6.835449337959289551e-01 0.000000000000000000e+00 0.000000000000000000e+00 0.000000000000000000e+00 1.000000000000000000e+00
1.716364333855916262e+09 1.029281711578369141e+01 -3.844481468200684038e+00 6.861798167228698730e-01 0.000000000000000000e+00 0.000000000000000000e+00 0.000000000000000000e+00 1.000000000000000000e+00
1.716364333905957460e+09 1.021355628967285156e+01 -3.804458856582641602e+00 6.859195232391357422e-01 0.000000000000000000e+00 0.000000000000000000e+00 0.000000000000000000e+00 1.000000000000000000e+00
1.716364334006225586e+09 1.013233470916748047e+01 -3.767224788665771928e+00 6.876959204673767090e-01 0.000000000000000000e+00 0.000000000000000000e+00 0.000000000000000000e+00 1.000000000000000000e+00
1.716364334057035923e+09 1.004967784881591797e+01 -3.734464406967163086e+00 6.924320459365844727e-01 0.000000000000000000e+00 0.000000000000000000e+00 0.000000000000000000e+00 1.000000000000000000e+00
1.716364334106991053e+09 1.000876140594482422e+01 -3.718408107757567915e+00 6.947649717330932617e-01 0.000000000000000000e+00 0.000000000000000000e+00 0.000000000000000000e+00 1.000000000000000000e+00
1.716364334157486677e+09 9.966392517089843750e+00 -3.703491210937500000e+00 6.976294517517089844e-01 0.000000000000000000e+00 0.000000000000000000e+00 0.000000000000000000e+00 1.000000000000000000e+00
1.716364334207280874e+09 9.925647735595703125e+00 -3.690083742141724077e+00 7.010686993598937988e-01 0.000000000000000000e+00 0.000000000000000000e+00 0.000000000000000000e+00 1.000000000000000000e+00
1.716364334258646011e+09 9.840698242187500000e+00 -3.661300182342528853e+00 7.090702056884765625e-01 0.000000000000000000e+00 0.000000000000000000e+00 0.000000000000000000e+00 1.000000000000000000e+00
1.716364334307697296e+09 9.798310279846191406e+00 -3.649917125701903853e+00 7.148331403732299805e-01 0.000000000000000000e+00 0.000000000000000000e+00 0.000000000000000000e+00 1.000000000000000000e+00
1.716364334608831644e+09 9.438251495361328125e+00 -3.568186759948730469e+00 7.724086046218872070e-01 0.000000000000000000e+00 0.000000000000000000e+00 0.000000000000000000e+00 1.000000000000000000e+00
1.716364334659232140e+09 9.388340950012208808e+00 -3.560051441192626953e+00 7.804824709892272949e-01 0.000000000000000000e+00 0.000000000000000000e+00 0.000000000000000000e+00 1.000000000000000000e+00
1.716364334709187984e+09 9.337784767150880683e+00 -3.553534507751464844e+00 7.883309721946716309e-01 0.000000000000000000e+00 0.000000000000000000e+00 0.000000000000000000e+00 1.000000000000000000e+00
1.716364334759554386e+09 9.287763595581056464e+00 -3.548245429992675781e+00 7.954757213592529297e-01 0.000000000000000000e+00 0.000000000000000000e+00 0.000000000000000000e+00 1.000000000000000000e+00
1.716364334809973478e+09 9.238251686096191406e+00 -3.544181346893310547e+00 8.016118407249450684e-01 0.000000000000000000e+00 0.000000000000000000e+00 0.000000000000000000e+00 1.000000000000000000e+00
1.716364334859997511e+09 9.189984321594238281e+00 -3.539445400238037109e+00 8.068282008171081543e-01 0.000000000000000000e+00 0.000000000000000000e+00 0.000000000000000000e+00 1.000000000000000000e+00
1.716364334960447788e+09 9.097302436828611505e+00 -3.516518592834472656e+00 8.141429424285888672e-01 0.000000000000000000e+00 0.000000000000000000e+00 0.000000000000000000e+00 1.000000000000000000e+00
1.716364335010645866e+09 9.049558639526367188e+00 -3.509736299514770508e+00 8.161555528640747070e-01 0.000000000000000000e+00 0.000000000000000000e+00 0.000000000000000000e+00 1.000000000000000000e+00
1.716364335060828924e+09 8.954340934753417969e+00 -3.497074365615844727e+00 8.146011829376220703e-01 0.000000000000000000e+00 0.000000000000000000e+00 0.000000000000000000e+00 1.000000000000000000e+00
1.716364335312085867e+09 8.606257438659667969e+00 -3.420775175094604492e+00 7.746072411537170410e-01 0.000000000000000000e+00 0.000000000000000000e+00 0.000000000000000000e+00 1.000000000000000000e+00
1.716364335363202810e+09 8.562676429748535156e+00 -3.408050298690795898e+00 7.607584595680236816e-01 0.000000000000000000e+00 0.000000000000000000e+00 0.000000000000000000e+00 1.000000000000000000e+00
1.716364335462517023e+09 8.484417915344238281e+00 -3.379831552505493164e+00 7.494920492172241211e-01 0.000000000000000000e+00 0.000000000000000000e+00 0.000000000000000000e+00 1.000000000000000000e+00
1.716364335512677193e+09 8.446585655212402344e+00 -3.368233203887939453e+00 7.332907319068908691e-01 0.000000000000000000e+00 0.000000000000000000e+00 0.000000000000000000e+00 1.000000000000000000e+00
1.716364335562761784e+09 8.406028747558593750e+00 -3.355120420455932617e+00 7.166210412979125977e-01 0.000000000000000000e+00 0.000000000000000000e+00 0.000000000000000000e+00 1.000000000000000000e+00
1.716364335612989426e+09 8.369727134704589844e+00 -3.341706037521362305e+00 6.984697580337524414e-01 0.000000000000000000e+00 0.000000000000000000e+00 0.000000000000000000e+00 1.000000000000000000e+00
1.716364335663182735e+09 8.298690795898437500e+00 -3.307808637619018555e+00 6.620809435844421387e-01 0.000000000000000000e+00 0.000000000000000000e+00 0.000000000000000000e+00 1.000000000000000000e+00
1.716364335813875437e+09 8.199291229248046875e+00 -3.258078336715698242e+00 6.273247003555297852e-01 0.000000000000000000e+00 0.000000000000000000e+00 0.000000000000000000e+00 1.000000000000000000e+00
1.716364335914365292e+09 8.143390655517578125e+00 -3.221939802169799805e+00 5.871925950050354004e-01 0.000000000000000000e+00 0.000000000000000000e+00 0.000000000000000000e+00 1.000000000000000000e+00
1.716364335964613914e+09 8.088896751403808594e+00 -3.191004991531372070e+00 5.704441666603088379e-01 0.000000000000000000e+00 0.000000000000000000e+00 0.000000000000000000e+00 1.000000000000000000e+00
1.716364336014600277e+09 8.061977386474609375e+00 -3.169037818908691406e+00 5.522742271423339844e-01 0.000000000000000000e+00 0.000000000000000000e+00 0.000000000000000000e+00 1.000000000000000000e+00
1.716364336064782619e+09 8.036707878112792969e+00 -3.145596742630004883e+00 5.346497893333435059e-01 0.000000000000000000e+00 0.000000000000000000e+00 0.000000000000000000e+00 1.000000000000000000e+00
1.716364336115087986e+09 8.011864662170410156e+00 -3.121094226837158203e+00 5.177558660507202148e-01 0.000000000000000000e+00 0.000000000000000000e+00 0.000000000000000000e+00 1.000000000000000000e+00
1.716364336165282011e+09 7.989886283874511719e+00 -3.097809076309204102e+00 5.022803544998168945e-01 0.000000000000000000e+00 0.000000000000000000e+00 0.000000000000000000e+00 1.000000000000000000e+00
1.716364336215527058e+09 7.920662879943847656e+00 -3.041010141372680664e+00 4.808925986289978027e-01 0.000000000000000000e+00 0.000000000000000000e+00 0.000000000000000000e+00 1.000000000000000000e+00
1.716364336315734625e+09 7.897888183593750000e+00 -3.015756607055664062e+00 4.716424942016601007e-01 0.000000000000000000e+00 0.000000000000000000e+00 0.000000000000000000e+00 1.000000000000000000e+00
1.716364336366034746e+09 7.876506805419921875e+00 -2.990224599838256836e+00 4.644179642200469971e-01 0.000000000000000000e+00 0.000000000000000000e+00 0.000000000000000000e+00 1.000000000000000000e+00
1.716364336417842865e+09 7.828445911407470703e+00 -2.954635620117187500e+00 4.633303880691527765e-01 0.000000000000000000e+00 0.000000000000000000e+00 0.000000000000000000e+00 1.000000000000000000e+00
1.716364336466330528e+09 7.807434082031250000e+00 -2.929315090179443803e+00 4.602447152137755793e-01 0.000000000000000000e+00 0.000000000000000000e+00 0.000000000000000000e+00 1.000000000000000000e+00
1.716364336567016363e+09 7.740340709686279297e+00 -2.870890617370605025e+00 4.630191028118132990e-01 0.000000000000000000e+00 0.000000000000000000e+00 0.000000000000000000e+00 1.000000000000000000e+00
1.716364336617255449e+09 7.719103813171386719e+00 -2.845088481903076172e+00 4.658811688423156738e-01 0.000000000000000000e+00 0.000000000000000000e+00 0.000000000000000000e+00 1.000000000000000000e+00
1.716364336667454243e+09 7.700014114379882812e+00 -2.819803953170776367e+00 4.704754650592803955e-01 0.000000000000000000e+00 0.000000000000000000e+00 0.000000000000000000e+00 1.000000000000000000e+00
1.716364336868989706e+09 7.615849494934082031e+00 -2.729906558990478516e+00 4.956427514553070068e-01 0.000000000000000000e+00 0.000000000000000000e+00 0.000000000000000000e+00 1.000000000000000000e+00
1.716364336919126749e+09 7.552437305450438565e+00 -2.670401096343994141e+00 5.196461081504821777e-01 0.000000000000000000e+00 0.000000000000000000e+00 0.000000000000000000e+00 1.000000000000000000e+00
1.716364336969896793e+09 7.529845714569091797e+00 -2.644745588302612305e+00 5.312519669532775879e-01 0.000000000000000000e+00 0.000000000000000000e+00 0.000000000000000000e+00 1.000000000000000000e+00
1.716364337019208431e+09 7.492192268371582031e+00 -2.614007234573364258e+00 5.450506210327148438e-01 0.000000000000000000e+00 0.000000000000000000e+00 0.000000000000000000e+00 1.000000000000000000e+00
1.716364337069475174e+09 7.463470458984375000e+00 -2.569400787353516069e+00 5.669217705726623535e-01 0.000000000000000000e+00 0.000000000000000000e+00 0.000000000000000000e+00 1.000000000000000000e+00
1.716364337169843197e+09 7.411425113677977627e+00 -2.534194946289062500e+00 5.821714997291564941e-01 0.000000000000000000e+00 0.000000000000000000e+00 0.000000000000000000e+00 1.000000000000000000e+00
1.716364337220122337e+09 7.363203048706054688e+00 -2.484061479568481001e+00 6.053060293197631836e-01 0.000000000000000000e+00 0.000000000000000000e+00 0.000000000000000000e+00 1.000000000000000000e+00
1.716364337272192955e+09 7.340577125549316406e+00 -2.460370302200317383e+00 6.159306168556213379e-01 0.000000000000000000e+00 0.000000000000000000e+00 0.000000000000000000e+00 1.000000000000000000e+00
1.716364337370951891e+09 7.270878791809082031e+00 -2.407076358795166016e+00 6.389648914337158203e-01 0.000000000000000000e+00 0.000000000000000000e+00 0.000000000000000000e+00 1.000000000000000000e+00
1.716364337421077490e+09 7.246475219726561612e+00 -2.384737014770507812e+00 6.481883525848388672e-01 0.000000000000000000e+00 0.000000000000000000e+00 0.000000000000000000e+00 1.000000000000000000e+00
1.716364337521556854e+09 7.198277473449707031e+00 -2.355025768280029297e+00 6.598858833312988281e-01 0.000000000000000000e+00 0.000000000000000000e+00 0.000000000000000000e+00 1.000000000000000000e+00
1.716364337571828365e+09 7.176447391510009766e+00 -2.333926200866699219e+00 6.679055094718933105e-01 0.000000000000000000e+00 0.000000000000000000e+00 0.000000000000000000e+00 1.000000000000000000e+00
1.716364337621833801e+09 7.133172035217285156e+00 -2.289569854736328125e+00 6.819471120834350586e-01 0.000000000000000000e+00 0.000000000000000000e+00 0.000000000000000000e+00 1.000000000000000000e+00
1.716364337672544956e+09 7.113261222839356357e+00 -2.268092155456542969e+00 6.879494190216064453e-01 0.000000000000000000e+00 0.000000000000000000e+00 0.000000000000000000e+00 1.000000000000000000e+00
1.716364337772819281e+09 7.068324089050292969e+00 -2.239586591720581055e+00 6.957875490188598633e-01 0.000000000000000000e+00 0.000000000000000000e+00 0.000000000000000000e+00 1.000000000000000000e+00
1.716364337822905779e+09 7.027286052703857422e+00 -2.198733806610107422e+00 7.040866613388061523e-01 0.000000000000000000e+00 0.000000000000000000e+00 0.000000000000000000e+00 1.000000000000000000e+00
1.716364337923344612e+09 7.006685256958007812e+00 -2.178349971771239790e+00 7.079631090164184570e-01 0.000000000000000000e+00 0.000000000000000000e+00 0.000000000000000000e+00 1.000000000000000000e+00
1.716364337973781586e+09 6.962364673614501953e+00 -2.150436401367187500e+00 7.144703269004821777e-01 0.000000000000000000e+00 0.000000000000000000e+00 0.000000000000000000e+00 1.000000000000000000e+00
1.716364338023374319e+09 6.941011905670166016e+00 -2.128971815109252930e+00 7.185260653495788574e-01 0.000000000000000000e+00 0.000000000000000000e+00 0.000000000000000000e+00 1.000000000000000000e+00
1.716364338073549032e+09 6.921381473541259766e+00 -2.108513832092285156e+00 7.221878170967102051e-01 0.000000000000000000e+00 0.000000000000000000e+00 0.000000000000000000e+00 1.000000000000000000e+00
1.716364338123831749e+09 6.882969856262207031e+00 -2.064283370971680132e+00 7.289400100708007812e-01 0.000000000000000000e+00 0.000000000000000000e+00 0.000000000000000000e+00 1.000000000000000000e+00
1.716364338224414110e+09 6.819206237792968750e+00 -2.012119293212890181e+00 7.426303625106811523e-01 0.000000000000000000e+00 0.000000000000000000e+00 0.000000000000000000e+00 1.000000000000000000e+00
1.716364338324788332e+09 6.782304763793945312e+00 -1.967062830924988015e+00 7.541821599006652832e-01 0.000000000000000000e+00 0.000000000000000000e+00 0.000000000000000000e+00 1.000000000000000000e+00
1.716364338827227354e+09 6.563713073730468750e+00 -1.819579482078552024e+00 8.011564612388610840e-01 0.000000000000000000e+00 0.000000000000000000e+00 0.000000000000000000e+00 1.000000000000000000e+00
1.716364338877167940e+09 6.484619617462158203e+00 -1.698208093643188477e+00 8.272936940193176270e-01 0.000000000000000000e+00 0.000000000000000000e+00 0.000000000000000000e+00 1.000000000000000000e+00
1.716364338927487373e+09 6.462460041046142578e+00 -1.676863074302673118e+00 8.303790688514709473e-01 0.000000000000000000e+00 0.000000000000000000e+00 0.000000000000000000e+00 1.000000000000000000e+00
1.716364339078641653e+09 6.369755268096923828e+00 -1.608751535415649414e+00 8.386424183845520020e-01 0.000000000000000000e+00 0.000000000000000000e+00 0.000000000000000000e+00 1.000000000000000000e+00
1.716364339128259659e+09 6.347862243652343750e+00 -1.589109182357788086e+00 8.396822214126586914e-01 0.000000000000000000e+00 0.000000000000000000e+00 0.000000000000000000e+00 1.000000000000000000e+00
1.716364339178497076e+09 6.324954509735107422e+00 -1.569237470626831055e+00 8.406624794006347656e-01 0.000000000000000000e+00 0.000000000000000000e+00 0.000000000000000000e+00 1.000000000000000000e+00
1.716364339329385042e+09 6.224420547485351562e+00 -1.504506707191467285e+00 8.457478284835815430e-01 0.000000000000000000e+00 0.000000000000000000e+00 0.000000000000000000e+00 1.000000000000000000e+00
1.716364339379464149e+09 6.199957847595214844e+00 -1.486016869544982910e+00 8.460187911987304688e-01 0.000000000000000000e+00 0.000000000000000000e+00 0.000000000000000000e+00 1.000000000000000000e+00
1.716364339479882956e+09 6.124256610870361328e+00 -1.444640398025512695e+00 8.479617238044738770e-01 0.000000000000000000e+00 0.000000000000000000e+00 0.000000000000000000e+00 1.000000000000000000e+00
1.716364339530153513e+09 6.098458766937255859e+00 -1.426953792572021706e+00 8.478360772132873535e-01 0.000000000000000000e+00 0.000000000000000000e+00 0.000000000000000000e+00 1.000000000000000000e+00
1.716364339580721617e+09 6.074567794799804688e+00 -1.409520030021667703e+00 8.469874858856201172e-01 0.000000000000000000e+00 0.000000000000000000e+00 0.000000000000000000e+00 1.000000000000000000e+00
1.716364339630937099e+09 6.050525665283203125e+00 -1.392545104026794434e+00 8.459326028823852539e-01 0.000000000000000000e+00 0.000000000000000000e+00 0.000000000000000000e+00 1.000000000000000000e+00
1.716364339731132269e+09 5.975365161895751953e+00 -1.351166605949402078e+00 8.454577326774597168e-01 0.000000000000000000e+00 0.000000000000000000e+00 0.000000000000000000e+00 1.000000000000000000e+00
1.716364339831363916e+09 5.931018352508544922e+00 -1.317798256874084473e+00 8.425734043121337891e-01 0.000000000000000000e+00 0.000000000000000000e+00 0.000000000000000000e+00 1.000000000000000000e+00
1.716364339931303740e+09 5.885722637176513672e+00 -1.294975042343139648e+00 8.436710238456726074e-01 0.000000000000000000e+00 0.000000000000000000e+00 0.000000000000000000e+00 1.000000000000000000e+00
1.716364339981780767e+09 5.845470428466796875e+00 -1.261744379997253418e+00 8.422889709472656250e-01 0.000000000000000000e+00 0.000000000000000000e+00 0.000000000000000000e+00 1.000000000000000000e+00
1.716364340032861948e+09 5.825277805328369141e+00 -1.245211482048034890e+00 8.415087461471557617e-01 0.000000000000000000e+00 0.000000000000000000e+00 0.000000000000000000e+00 1.000000000000000000e+00
1.716364340132223845e+09 5.765938758850097656e+00 -1.206413865089416504e+00 8.442786335945129395e-01 0.000000000000000000e+00 0.000000000000000000e+00 0.000000000000000000e+00 1.000000000000000000e+00
1.716364340182324171e+09 5.749354362487792969e+00 -1.188148736953735352e+00 8.457620739936828613e-01 0.000000000000000000e+00 0.000000000000000000e+00 0.000000000000000000e+00 1.000000000000000000e+00
1.716364340232221603e+09 5.731903076171875000e+00 -1.169593930244445801e+00 8.484971523284912109e-01 0.000000000000000000e+00 0.000000000000000000e+00 0.000000000000000000e+00 1.000000000000000000e+00
1.716364340282499552e+09 5.716578006744384766e+00 -1.150811076164245605e+00 8.518288135528564453e-01 0.000000000000000000e+00 0.000000000000000000e+00 0.000000000000000000e+00 1.000000000000000000e+00
1.716364340382819176e+09 5.671571731567382812e+00 -1.109487652778625710e+00 8.622158169746398926e-01 0.000000000000000000e+00 0.000000000000000000e+00 0.000000000000000000e+00 1.000000000000000000e+00
1.716364340433075666e+09 5.656458377838134766e+00 -1.090221524238586426e+00 8.678347468376159668e-01 0.000000000000000000e+00 0.000000000000000000e+00 0.000000000000000000e+00 1.000000000000000000e+00
1.716364340489034891e+09 5.644553661346436435e+00 -1.070471167564392090e+00 8.743273019790649414e-01 0.000000000000000000e+00 0.000000000000000000e+00 0.000000000000000000e+00 1.000000000000000000e+00
1.716364340533402681e+09 5.632693290710449219e+00 -1.050575971603393555e+00 8.815181255340576172e-01 0.000000000000000000e+00 0.000000000000000000e+00 0.000000000000000000e+00 1.000000000000000000e+00
1.716364340583749771e+09 5.607206344604492188e+00 -1.027996420860290305e+00 8.910828232765197754e-01 0.000000000000000000e+00 0.000000000000000000e+00 0.000000000000000000e+00 1.000000000000000000e+00
1.716364340634076357e+09 5.596370220184326172e+00 -1.008152365684509277e+00 8.995440602302551270e-01 0.000000000000000000e+00 0.000000000000000000e+00 0.000000000000000000e+00 1.000000000000000000e+00
1.716364340684101105e+09 5.585588932037353516e+00 -9.879643321037292480e-01 9.085730910301208496e-01 0.000000000000000000e+00 0.000000000000000000e+00 0.000000000000000000e+00 1.000000000000000000e+00
1.716364340734359264e+09 5.575741767883300781e+00 -9.679426550865172230e-01 9.177165627479552112e-01 0.000000000000000000e+00 0.000000000000000000e+00 0.000000000000000000e+00 1.000000000000000000e+00
1.716364340834739923e+09 5.543902397155761719e+00 -9.271653294563292347e-01 9.376716613769532360e-01 0.000000000000000000e+00 0.000000000000000000e+00 0.000000000000000000e+00 1.000000000000000000e+00
1.716364340885181665e+09 5.536851406097412109e+00 -9.078260064125059925e-01 9.474343657493592419e-01 0.000000000000000000e+00 0.000000000000000000e+00 0.000000000000000000e+00 1.000000000000000000e+00
1.716364340935598850e+09 5.529707431793212891e+00 -8.885712027549743652e-01 9.571172595024107776e-01 0.000000000000000000e+00 0.000000000000000000e+00 0.000000000000000000e+00 1.000000000000000000e+00
1.716364340985360861e+09 5.523386955261231357e+00 -8.699830174446105957e-01 9.666228294372559704e-01 0.000000000000000000e+00 0.000000000000000000e+00 0.000000000000000000e+00 1.000000000000000000e+00
1.716364341035465002e+09 5.508031368255615234e+00 -8.504764437675476074e-01 9.765135049819946289e-01 0.000000000000000000e+00 0.000000000000000000e+00 0.000000000000000000e+00 1.000000000000000000e+00
1.716364341085767031e+09 5.502383708953857422e+00 -8.328142762184143066e-01 9.852616786956788220e-01 0.000000000000000000e+00 0.000000000000000000e+00 0.000000000000000000e+00 1.000000000000000000e+00
1.716364341135998726e+09 5.497599124908447266e+00 -8.154169321060180664e-01 9.934357404708862305e-01 0.000000000000000000e+00 0.000000000000000000e+00 0.000000000000000000e+00 1.000000000000000000e+00
1.716364341186092854e+09 5.493745326995849609e+00 -7.979139089584350586e-01 1.001167893409729004e+00 0.000000000000000000e+00 0.000000000000000000e+00 0.000000000000000000e+00 1.000000000000000000e+00
1.716364341236324072e+09 5.489791870117188388e+00 -7.804620265960693359e-01 1.008523941040039062e+00 0.000000000000000000e+00 0.000000000000000000e+00 0.000000000000000000e+00 1.000000000000000000e+00
1.716364341286468506e+09 5.482782840728759766e+00 -7.626826167106628418e-01 1.015851974487304910e+00 0.000000000000000000e+00 0.000000000000000000e+00 0.000000000000000000e+00 1.000000000000000000e+00
1.716364341336840868e+09 5.480606555938720703e+00 -7.455278635025024414e-01 1.022131681442260742e+00 0.000000000000000000e+00 0.000000000000000000e+00 0.000000000000000000e+00 1.000000000000000000e+00
1.716364341386910439e+09 5.480308055877685547e+00 -7.285449504852294922e-01 1.027608394622802734e+00 0.000000000000000000e+00 0.000000000000000000e+00 0.000000000000000000e+00 1.000000000000000000e+00
1.716364341437312365e+09 5.479894638061523438e+00 -7.116842269897460938e-01 1.032564043998718484e+00 0.000000000000000000e+00 0.000000000000000000e+00 0.000000000000000000e+00 1.000000000000000000e+00
1.716364341487338066e+09 5.480367183685302734e+00 -6.950185894966125488e-01 1.036950469017028809e+00 0.000000000000000000e+00 0.000000000000000000e+00 0.000000000000000000e+00 1.000000000000000000e+00
1.716364341538555145e+09 5.482726097106933594e+00 -6.785449981689453125e-01 1.040618896484375000e+00 0.000000000000000000e+00 0.000000000000000000e+00 0.000000000000000000e+00 1.000000000000000000e+00
1.716364341588004351e+09 5.485027313232421875e+00 -6.616963148117065430e-01 1.043653726577758789e+00 0.000000000000000000e+00 0.000000000000000000e+00 0.000000000000000000e+00 1.000000000000000000e+00
1.716364341688404560e+09 5.490238666534423828e+00 -6.449075937271118164e-01 1.045949935913085938e+00 0.000000000000000000e+00 0.000000000000000000e+00 0.000000000000000000e+00 1.000000000000000000e+00
1.716364341738531590e+09 5.502632141113281250e+00 -6.094915866851806641e-01 1.049451947212219238e+00 0.000000000000000000e+00 0.000000000000000000e+00 0.000000000000000000e+00 1.000000000000000000e+00
1.716364341788798094e+09 5.510730743408203125e+00 -5.913601517677307129e-01 1.050322175025939941e+00 0.000000000000000000e+00 0.000000000000000000e+00 0.000000000000000000e+00 1.000000000000000000e+00
1.716364341889381647e+09 5.525731563568115234e+00 -5.734046101570129395e-01 1.050250649452209695e+00 0.000000000000000000e+00 0.000000000000000000e+00 0.000000000000000000e+00 1.000000000000000000e+00
1.716364341939877272e+09 5.546363830566406250e+00 -5.381466150283813477e-01 1.049687862396240234e+00 0.000000000000000000e+00 0.000000000000000000e+00 0.000000000000000000e+00 1.000000000000000000e+00
1.716364341990150213e+09 5.557199478149414062e+00 -5.190473198890686035e-01 1.049036383628845215e+00 0.000000000000000000e+00 0.000000000000000000e+00 0.000000000000000000e+00 1.000000000000000000e+00
1.716364342039868593e+09 5.569854259490966797e+00 -5.010491013526916504e-01 1.048081040382385254e+00 0.000000000000000000e+00 0.000000000000000000e+00 0.000000000000000000e+00 1.000000000000000000e+00
1.716364342140282869e+09 5.610204219818115234e+00 -4.618852436542510986e-01 1.044583082199096902e+00 0.000000000000000000e+00 0.000000000000000000e+00 0.000000000000000000e+00 1.000000000000000000e+00
1.716364342190625429e+09 5.625891685485839844e+00 -4.399290382862091064e-01 1.042501091957092507e+00 0.000000000000000000e+00 0.000000000000000000e+00 0.000000000000000000e+00 1.000000000000000000e+00
1.716364342240729332e+09 5.641333103179931641e+00 -4.200768768787384033e-01 1.040482640266418457e+00 0.000000000000000000e+00 0.000000000000000000e+00 0.000000000000000000e+00 1.000000000000000000e+00
1.716364342290829420e+09 5.658789634704589844e+00 -3.981688320636749268e-01 1.037661910057068093e+00 0.000000000000000000e+00 0.000000000000000000e+00 0.000000000000000000e+00 1.000000000000000000e+00
1.716364342341210365e+09 5.673234462738037109e+00 -3.747614026069641113e-01 1.034831523895263672e+00 0.000000000000000000e+00 0.000000000000000000e+00 0.000000000000000000e+00 1.000000000000000000e+00
1.716364342391492844e+09 5.703612327575683594e+00 -3.500328660011290949e-01 1.030434012413024902e+00 0.000000000000000000e+00 0.000000000000000000e+00 0.000000000000000000e+00 1.000000000000000000e+00
1.716364342441658258e+09 5.716979980468750000e+00 -3.237057030200958252e-01 1.027346849441528320e+00 0.000000000000000000e+00 0.000000000000000000e+00 0.000000000000000000e+00 1.000000000000000000e+00
1.716364342491863966e+09 5.731213092803955078e+00 -2.961408495903015137e-01 1.023329496383666992e+00 0.000000000000000000e+00 0.000000000000000000e+00 0.000000000000000000e+00 1.000000000000000000e+00
1.716364342541998386e+09 5.746263980865479404e+00 -2.683254778385161798e-01 1.018594384193420410e+00 0.000000000000000000e+00 0.000000000000000000e+00 0.000000000000000000e+00 1.000000000000000000e+00
1.716364342592480421e+09 5.760192394256591797e+00 -2.393519878387450894e-01 1.013573884963989258e+00 0.000000000000000000e+00 0.000000000000000000e+00 0.000000000000000000e+00 1.000000000000000000e+00
1.716364342692644835e+09 5.798557758331298828e+00 -1.790793389081954956e-01 1.001771807670593262e+00 0.000000000000000000e+00 0.000000000000000000e+00 0.000000000000000000e+00 1.000000000000000000e+00
1.716364342742905855e+09 5.810053348541259766e+00 -1.460680365562438965e-01 9.960893988609313965e-01 0.000000000000000000e+00 0.000000000000000000e+00 0.000000000000000000e+00 1.000000000000000000e+00
1.716364342793164492e+09 5.821351528167724609e+00 -1.116638705134390952e-01 9.900527596473693848e-01 0.000000000000000000e+00 0.000000000000000000e+00 0.000000000000000000e+00 1.000000000000000000e+00
1.716364342843121052e+09 5.831416606903076172e+00 -7.438316941261290116e-02 9.833509922027587891e-01 0.000000000000000000e+00 0.000000000000000000e+00 0.000000000000000000e+00 1.000000000000000000e+00
1.716364342943640947e+09 5.849194049835205078e+00 -3.776199370622630030e-02 9.758704900741576038e-01 0.000000000000000000e+00 0.000000000000000000e+00 0.000000000000000000e+00 1.000000000000000000e+00
1.716364342993732929e+09 5.856692314147949219e+00 2.128021325915999823e-03 9.683390855789183460e-01 0.000000000000000000e+00 0.000000000000000000e+00 0.000000000000000000e+00 1.000000000000000000e+00
1.716364343043974876e+09 5.867641448974609375e+00 8.514549583196640015e-02 9.516036510467528187e-01 0.000000000000000000e+00 0.000000000000000000e+00 0.000000000000000000e+00 1.000000000000000000e+00
1.716364343094215155e+09 5.875031948089599609e+00 1.285503357648848932e-01 9.421545267105103649e-01 0.000000000000000000e+00 0.000000000000000000e+00 0.000000000000000000e+00 1.000000000000000000e+00
1.716364343144189119e+09 5.877017021179199219e+00 1.734127998352049949e-01 9.326206445693969727e-01 0.000000000000000000e+00 0.000000000000000000e+00 0.000000000000000000e+00 1.000000000000000000e+00
1.716364343194384813e+09 5.877567768096923828e+00 2.193782925605773926e-01 9.227402806282043457e-01 0.000000000000000000e+00 0.000000000000000000e+00 0.000000000000000000e+00 1.000000000000000000e+00
1.716364343244613886e+09 5.877854824066162109e+00 2.636291086673736017e-01 9.132115244865416370e-01 0.000000000000000000e+00 0.000000000000000000e+00 0.000000000000000000e+00 1.000000000000000000e+00
1.716364343294759750e+09 5.877537727355957031e+00 3.118519186973571777e-01 9.032005071640015759e-01 0.000000000000000000e+00 0.000000000000000000e+00 0.000000000000000000e+00 1.000000000000000000e+00
1.716364343344913006e+09 5.875735282897949219e+00 3.611434102058410089e-01 8.931698799133300781e-01 0.000000000000000000e+00 0.000000000000000000e+00 0.000000000000000000e+00 1.000000000000000000e+00
1.716364343395053864e+09 5.874305248260498047e+00 4.120846986770629883e-01 8.822641968727111816e-01 0.000000000000000000e+00 0.000000000000000000e+00 0.000000000000000000e+00 1.000000000000000000e+00
1.716364343445357561e+09 5.871621131896972656e+00 4.612133502960205078e-01 8.720586895942687988e-01 0.000000000000000000e+00 0.000000000000000000e+00 0.000000000000000000e+00 1.000000000000000000e+00
1.716364343495594025e+09 5.869402408599853516e+00 5.117446184158325195e-01 8.619287014007568359e-01 0.000000000000000000e+00 0.000000000000000000e+00 0.000000000000000000e+00 1.000000000000000000e+00
1.716364343545817375e+09 5.866692543029785156e+00 5.626286864280700684e-01 8.517488241195678711e-01 0.000000000000000000e+00 0.000000000000000000e+00 0.000000000000000000e+00 1.000000000000000000e+00
1.716364343596101046e+09 5.864373683929443359e+00 6.145119667053222656e-01 8.410457372665405273e-01 0.000000000000000000e+00 0.000000000000000000e+00 0.000000000000000000e+00 1.000000000000000000e+00
1.716364343646076679e+09 5.861809253692626953e+00 6.645419001579284668e-01 8.305359482765197754e-01 0.000000000000000000e+00 0.000000000000000000e+00 0.000000000000000000e+00 1.000000000000000000e+00
1.716364343696300030e+09 5.863575935363769531e+00 7.165293097496032715e-01 8.195420503616333008e-01 0.000000000000000000e+00 0.000000000000000000e+00 0.000000000000000000e+00 1.000000000000000000e+00
1.716364343746523142e+09 5.861045360565185547e+00 7.675140500068664551e-01 8.094210624694824219e-01 0.000000000000000000e+00 0.000000000000000000e+00 0.000000000000000000e+00 1.000000000000000000e+00
1.716364343796602726e+09 5.858808994293212891e+00 8.198251724243164062e-01 7.986258268356323242e-01 0.000000000000000000e+00 0.000000000000000000e+00 0.000000000000000000e+00 1.000000000000000000e+00
1.716364343846835613e+09 5.856990337371826172e+00 8.729777932167053223e-01 7.878875732421875000e-01 0.000000000000000000e+00 0.000000000000000000e+00 0.000000000000000000e+00 1.000000000000000000e+00
1.716364343897035122e+09 5.864139556884765625e+00 9.243875741958618164e-01 7.772462368011474609e-01 0.000000000000000000e+00 0.000000000000000000e+00 0.000000000000000000e+00 1.000000000000000000e+00
1.716364343997475147e+09 5.864847183227539062e+00 1.024452209472656250e+00 7.602245807647705078e-01 0.000000000000000000e+00 0.000000000000000000e+00 0.000000000000000000e+00 1.000000000000000000e+00
1.716364344047769308e+09 5.866394996643066406e+00 1.073291540145874023e+00 7.523159980773925781e-01 0.000000000000000000e+00 0.000000000000000000e+00 0.000000000000000000e+00 1.000000000000000000e+00
1.716364344097997904e+09 5.880210876464843750e+00 1.125018119812011497e+00 7.434656620025634766e-01 0.000000000000000000e+00 0.000000000000000000e+00 0.000000000000000000e+00 1.000000000000000000e+00
1.716364344148056030e+09 5.883091926574707031e+00 1.174106001853942871e+00 7.365386486053466797e-01 0.000000000000000000e+00 0.000000000000000000e+00 0.000000000000000000e+00 1.000000000000000000e+00
1.716364344198329926e+09 5.887512683868408203e+00 1.224040746688842773e+00 7.299857139587402344e-01 0.000000000000000000e+00 0.000000000000000000e+00 0.000000000000000000e+00 1.000000000000000000e+00
1.716364344248497009e+09 5.892276763916015625e+00 1.271185755729675293e+00 7.244913578033447266e-01 0.000000000000000000e+00 0.000000000000000000e+00 0.000000000000000000e+00 1.000000000000000000e+00
1.716364344298685789e+09 5.914343833923339844e+00 1.321610927581787109e+00 7.174058556556701660e-01 0.000000000000000000e+00 0.000000000000000000e+00 0.000000000000000000e+00 1.000000000000000000e+00
1.716364344348955393e+09 5.920614719390869141e+00 1.368654847145080566e+00 7.127099037170410156e-01 0.000000000000000000e+00 0.000000000000000000e+00 0.000000000000000000e+00 1.000000000000000000e+00
1.716364344398950100e+09 5.928556442260742188e+00 1.412210226058959961e+00 7.090691328048706055e-01 0.000000000000000000e+00 0.000000000000000000e+00 0.000000000000000000e+00 1.000000000000000000e+00
1.716364344449215412e+09 5.936956405639648438e+00 1.457157850265502930e+00 7.057355642318725586e-01 0.000000000000000000e+00 0.000000000000000000e+00 0.000000000000000000e+00 1.000000000000000000e+00
1.716364344499387741e+09 5.965649604797363281e+00 1.502148985862731934e+00 7.009114623069763184e-01 0.000000000000000000e+00 0.000000000000000000e+00 0.000000000000000000e+00 1.000000000000000000e+00
1.716364344549776077e+09 5.974335193634033203e+00 1.544627428054809570e+00 6.990708112716674805e-01 0.000000000000000000e+00 0.000000000000000000e+00 0.000000000000000000e+00 1.000000000000000000e+00
1.716364344599870682e+09 5.984277248382568359e+00 1.585792541503906250e+00 6.981493830680847168e-01 0.000000000000000000e+00 0.000000000000000000e+00 0.000000000000000000e+00 1.000000000000000000e+00
1.716364344650105000e+09 5.996320247650146484e+00 1.626453995704650879e+00 6.980528235435485840e-01 0.000000000000000000e+00 0.000000000000000000e+00 0.000000000000000000e+00 1.000000000000000000e+00
1.716364344750538588e+09 6.040493011474609375e+00 1.708803653717041016e+00 6.985164284706115723e-01 0.000000000000000000e+00 0.000000000000000000e+00 0.000000000000000000e+00 1.000000000000000000e+00
1.716364344800706863e+09 6.052525520324707031e+00 1.745289087295532227e+00 7.019818425178527832e-01 0.000000000000000000e+00 0.000000000000000000e+00 0.000000000000000000e+00 1.000000000000000000e+00
1.716364344850911856e+09 6.065032005310058594e+00 1.780153989791869895e+00 7.067800164222717285e-01 0.000000000000000000e+00 0.000000000000000000e+00 0.000000000000000000e+00 1.000000000000000000e+00
1.716364344951322317e+09 6.092261791229248047e+00 1.845892190933227539e+00 7.197687029838562012e-01 0.000000000000000000e+00 0.000000000000000000e+00 0.000000000000000000e+00 1.000000000000000000e+00
1.716364345051940918e+09 6.140412807464599609e+00 1.911302685737609641e+00 7.350630164146423340e-01 0.000000000000000000e+00 0.000000000000000000e+00 0.000000000000000000e+00 1.000000000000000000e+00
1.716364345101934433e+09 6.157171726226806641e+00 1.939276695251464844e+00 7.455224990844726562e-01 0.000000000000000000e+00 0.000000000000000000e+00 0.000000000000000000e+00 1.000000000000000000e+00
1.716364345152569056e+09 6.173463344573974609e+00 1.965611577033996804e+00 7.574456930160522461e-01 0.000000000000000000e+00 0.000000000000000000e+00 0.000000000000000000e+00 1.000000000000000000e+00
1.716364345252375364e+09 6.209320068359375000e+00 1.996092438697814941e+00 7.681834697723388672e-01 0.000000000000000000e+00 0.000000000000000000e+00 0.000000000000000000e+00 1.000000000000000000e+00
1.716364345302613735e+09 6.244245052337647373e+00 2.037748575210571733e+00 7.945787906646728516e-01 0.000000000000000000e+00 0.000000000000000000e+00 0.000000000000000000e+00 1.000000000000000000e+00
1.716364345352977514e+09 6.261968135833740234e+00 2.056124448776245117e+00 8.086305260658264160e-01 0.000000000000000000e+00 0.000000000000000000e+00 0.000000000000000000e+00 1.000000000000000000e+00
1.716364345403031588e+09 6.279343128204345703e+00 2.072329044342041016e+00 8.232420682907104492e-01 0.000000000000000000e+00 0.000000000000000000e+00 0.000000000000000000e+00 1.000000000000000000e+00
1.716364345453469038e+09 6.316077232360839844e+00 2.093214035034180132e+00 8.359103798866271973e-01 0.000000000000000000e+00 0.000000000000000000e+00 0.000000000000000000e+00 1.000000000000000000e+00
1.716364345503667355e+09 6.334385395050048828e+00 2.106267690658569336e+00 8.505325317382812500e-01 0.000000000000000000e+00 0.000000000000000000e+00 0.000000000000000000e+00 1.000000000000000000e+00
1.716364345553871393e+09 6.357893943786621094e+00 2.119380474090576172e+00 8.649278879165649414e-01 0.000000000000000000e+00 0.000000000000000000e+00 0.000000000000000000e+00 1.000000000000000000e+00
1.716364345604171276e+09 6.377964019775390625e+00 2.130106449127197266e+00 8.798126578330993652e-01 0.000000000000000000e+00 0.000000000000000000e+00 0.000000000000000000e+00 1.000000000000000000e+00
1.716364345654288292e+09 6.402166843414306641e+00 2.140871047973632812e+00 8.942441344261169434e-01 0.000000000000000000e+00 0.000000000000000000e+00 0.000000000000000000e+00 1.000000000000000000e+00
1.716364345754678965e+09 6.449557304382324219e+00 2.157606363296508789e+00 9.067846536636352539e-01 0.000000000000000000e+00 0.000000000000000000e+00 0.000000000000000000e+00 1.000000000000000000e+00
1.716364345804975033e+09 6.498443126678466797e+00 2.170539140701293945e+00 9.349026679992675781e-01 0.000000000000000000e+00 0.000000000000000000e+00 0.000000000000000000e+00 1.000000000000000000e+00
1.716364345855103254e+09 6.527315616607666016e+00 2.175825357437133789e+00 9.473273754119871937e-01 0.000000000000000000e+00 0.000000000000000000e+00 0.000000000000000000e+00 1.000000000000000000e+00
1.716364345955453157e+09 6.578372478485107422e+00 2.187096834182739702e+00 9.585294723510742188e-01 0.000000000000000000e+00 0.000000000000000000e+00 0.000000000000000000e+00 1.000000000000000000e+00
1.716364346006054163e+09 6.635189533233642578e+00 2.190708875656127930e+00 9.849430918693542480e-01 0.000000000000000000e+00 0.000000000000000000e+00 0.000000000000000000e+00 1.000000000000000000e+00
1.716364346056208611e+09 6.665467262268066406e+00 2.191274642944335938e+00 9.973435401916503906e-01 0.000000000000000000e+00 0.000000000000000000e+00 0.000000000000000000e+00 1.000000000000000000e+00
1.716364346106477976e+09 6.697980880737304688e+00 2.191231966018676758e+00 1.009336471557617188e+00 0.000000000000000000e+00 0.000000000000000000e+00 0.000000000000000000e+00 1.000000000000000000e+00
1.716364346156643152e+09 6.759198188781738281e+00 2.199540853500366211e+00 1.019139289855957031e+00 0.000000000000000000e+00 0.000000000000000000e+00 0.000000000000000000e+00 1.000000000000000000e+00
1.716364346206791639e+09 6.794091701507568359e+00 2.198335409164428711e+00 1.030923604965209961e+00 0.000000000000000000e+00 0.000000000000000000e+00 0.000000000000000000e+00 1.000000000000000000e+00
1.716364346256973505e+09 6.831519603729248047e+00 2.198785305023193359e+00 1.042065024375915527e+00 0.000000000000000000e+00 0.000000000000000000e+00 0.000000000000000000e+00 1.000000000000000000e+00
1.716364346307177067e+09 6.865897178649902344e+00 2.198838710784912109e+00 1.053559660911560059e+00 0.000000000000000000e+00 0.000000000000000000e+00 0.000000000000000000e+00 1.000000000000000000e+00
1.716364346357542992e+09 6.903826236724853516e+00 2.200751543045043945e+00 1.064740061759948730e+00 0.000000000000000000e+00 0.000000000000000000e+00 0.000000000000000000e+00 1.000000000000000000e+00
1.716364346457699060e+09 6.974910259246826172e+00 2.213581562042236328e+00 1.073886036872863770e+00 0.000000000000000000e+00 0.000000000000000000e+00 0.000000000000000000e+00 1.000000000000000000e+00
1.716364346507956505e+09 7.055724143981933594e+00 2.220705032348632812e+00 1.094155669212341309e+00 0.000000000000000000e+00 0.000000000000000000e+00 0.000000000000000000e+00 1.000000000000000000e+00
1.716364346558237076e+09 7.093949794769287109e+00 2.224173307418823242e+00 1.103076219558715820e+00 0.000000000000000000e+00 0.000000000000000000e+00 0.000000000000000000e+00 1.000000000000000000e+00
1.716364346608443737e+09 7.170469760894775391e+00 2.239096879959106445e+00 1.110871315002441406e+00 0.000000000000000000e+00 0.000000000000000000e+00 0.000000000000000000e+00 1.000000000000000000e+00
1.716364346658991337e+09 7.211551189422607422e+00 2.243405580520629883e+00 1.120302081108093262e+00 0.000000000000000000e+00 0.000000000000000000e+00 0.000000000000000000e+00 1.000000000000000000e+00
1.716364346708756685e+09 7.250675678253173828e+00 2.247224330902100053e+00 1.130012273788451926e+00 0.000000000000000000e+00 0.000000000000000000e+00 0.000000000000000000e+00 1.000000000000000000e+00
1.716364346760520220e+09 7.293459892272949219e+00 2.252613544464111772e+00 1.139326333999633789e+00 0.000000000000000000e+00 0.000000000000000000e+00 0.000000000000000000e+00 1.000000000000000000e+00
1.716364346809473991e+09 7.373170375823974609e+00 2.270389318466186523e+00 1.146868228912353516e+00 0.000000000000000000e+00 0.000000000000000000e+00 0.000000000000000000e+00 1.000000000000000000e+00
1.716364346859925747e+09 7.414206504821777344e+00 2.277818679809570312e+00 1.155572772026062012e+00 0.000000000000000000e+00 0.000000000000000000e+00 0.000000000000000000e+00 1.000000000000000000e+00
1.716364346910068035e+09 7.456800460815429688e+00 2.286960363388061079e+00 1.164440989494323508e+00 0.000000000000000000e+00 0.000000000000000000e+00 0.000000000000000000e+00 1.000000000000000000e+00
1.716364346960265636e+09 7.498098850250244141e+00 2.296865940093994141e+00 1.173356771469116211e+00 0.000000000000000000e+00 0.000000000000000000e+00 0.000000000000000000e+00 1.000000000000000000e+00
1.716364347010993481e+09 7.542050838470458984e+00 2.308334589004516602e+00 1.182494163513183594e+00 0.000000000000000000e+00 0.000000000000000000e+00 0.000000000000000000e+00 1.000000000000000000e+00
1.716364347060990572e+09 7.584734916687011719e+00 2.320436716079711914e+00 1.191309213638305664e+00 0.000000000000000000e+00 0.000000000000000000e+00 0.000000000000000000e+00 1.000000000000000000e+00
1.716364347161752462e+09 7.667252063751220703e+00 2.345846891403198242e+00 1.199326634407043679e+00 0.000000000000000000e+00 0.000000000000000000e+00 0.000000000000000000e+00 1.000000000000000000e+00
1.716364347211706877e+09 7.708516597747802734e+00 2.359229326248168945e+00 1.209501981735229492e+00 0.000000000000000000e+00 0.000000000000000000e+00 0.000000000000000000e+00 1.000000000000000000e+00
1.716364347261989117e+09 7.788542270660400391e+00 2.387158870697021040e+00 1.229829311370849609e+00 0.000000000000000000e+00 0.000000000000000000e+00 0.000000000000000000e+00 1.000000000000000000e+00
1.716364347362546921e+09 7.868504047393798828e+00 2.413935899734497070e+00 1.238512039184570312e+00 0.000000000000000000e+00 0.000000000000000000e+00 0.000000000000000000e+00 1.000000000000000000e+00
1.716364347412646294e+09 7.909111499786376953e+00 2.429315090179443803e+00 1.249538302421569824e+00 0.000000000000000000e+00 0.000000000000000000e+00 0.000000000000000000e+00 1.000000000000000000e+00
1.716364347463066101e+09 8.025552749633789062e+00 2.478759765625000000e+00 1.280341625213623047e+00 0.000000000000000000e+00 0.000000000000000000e+00 0.000000000000000000e+00 1.000000000000000000e+00
1.716364347613141298e+09 8.102355003356933594e+00 2.508739471435546875e+00 1.289393305778503418e+00 0.000000000000000000e+00 0.000000000000000000e+00 0.000000000000000000e+00 1.000000000000000000e+00
1.716364347663284063e+09 8.178391456604003906e+00 2.545145034790039062e+00 1.307826995849609375e+00 0.000000000000000000e+00 0.000000000000000000e+00 0.000000000000000000e+00 1.000000000000000000e+00
1.716364347713598251e+09 8.214642524719238281e+00 2.563827514648437056e+00 1.316012620925903098e+00 0.000000000000000000e+00 0.000000000000000000e+00 0.000000000000000000e+00 1.000000000000000000e+00
1.716364347814958572e+09 8.326519012451171875e+00 2.615848302841186523e+00 1.332132220268249512e+00 0.000000000000000000e+00 0.000000000000000000e+00 0.000000000000000000e+00 1.000000000000000000e+00
1.716364347864404678e+09 8.362969398498535156e+00 2.637069702148437056e+00 1.340345740318298340e+00 0.000000000000000000e+00 0.000000000000000000e+00 0.000000000000000000e+00 1.000000000000000000e+00
1.716364347964895248e+09 8.472496032714843750e+00 2.692804574966430664e+00 1.355506062507629395e+00 0.000000000000000000e+00 0.000000000000000000e+00 0.000000000000000000e+00 1.000000000000000000e+00
1.716364348015306950e+09 8.508090019226074219e+00 2.716528415679932085e+00 1.363819599151611106e+00 0.000000000000000000e+00 0.000000000000000000e+00 0.000000000000000000e+00 1.000000000000000000e+00
1.716364348065246105e+09 8.543736457824707031e+00 2.739997625350952148e+00 1.371746897697448730e+00 0.000000000000000000e+00 0.000000000000000000e+00 0.000000000000000000e+00 1.000000000000000000e+00
1.716364348115449667e+09 8.578249931335449219e+00 2.763648033142089844e+00 1.379787683486938477e+00 0.000000000000000000e+00 0.000000000000000000e+00 0.000000000000000000e+00 1.000000000000000000e+00
1.716364348165782690e+09 8.650642395019531250e+00 2.800075054168701172e+00 1.387133717536926492e+00 0.000000000000000000e+00 0.000000000000000000e+00 0.000000000000000000e+00 1.000000000000000000e+00
1.716364348266097069e+09 8.717959403991699219e+00 2.849029541015625000e+00 1.403839468955993652e+00 0.000000000000000000e+00 0.000000000000000000e+00 0.000000000000000000e+00 1.000000000000000000e+00
1.716364348316252947e+09 8.787429809570312500e+00 2.900725126266479492e+00 1.421769142150878906e+00 0.000000000000000000e+00 0.000000000000000000e+00 0.000000000000000000e+00 1.000000000000000000e+00
1.716364348416797161e+09 8.858727455139160156e+00 2.940086841583251953e+00 1.431103587150573508e+00 0.000000000000000000e+00 0.000000000000000000e+00 0.000000000000000000e+00 1.000000000000000000e+00
1.716364348466986656e+09 8.927235603332519531e+00 2.994094610214233398e+00 1.449820518493652344e+00 0.000000000000000000e+00 0.000000000000000000e+00 0.000000000000000000e+00 1.000000000000000000e+00
1.716364348567348957e+09 8.962386131286621094e+00 3.021419048309326172e+00 1.459518671035766602e+00 0.000000000000000000e+00 0.000000000000000000e+00 0.000000000000000000e+00 1.000000000000000000e+00
1.716364348617557287e+09 9.034329414367675781e+00 3.061583757400512695e+00 1.468918800354003906e+00 0.000000000000000000e+00 0.000000000000000000e+00 0.000000000000000000e+00 1.000000000000000000e+00
1.716364348667812109e+09 9.068194389343261719e+00 3.089377403259277344e+00 1.478192090988159180e+00 0.000000000000000000e+00 0.000000000000000000e+00 0.000000000000000000e+00 1.000000000000000000e+00
1.716364348718006611e+09 9.137808799743652344e+00 3.145324468612670898e+00 1.496634960174560325e+00 0.000000000000000000e+00 0.000000000000000000e+00 0.000000000000000000e+00 1.000000000000000000e+00
1.716364348818468809e+09 9.173529624938964844e+00 3.173566102981567383e+00 1.505930423736572488e+00 0.000000000000000000e+00 0.000000000000000000e+00 0.000000000000000000e+00 1.000000000000000000e+00
1.716364348868711948e+09 9.283242225646972656e+00 3.241486787796020508e+00 1.525437116622924805e+00 0.000000000000000000e+00 0.000000000000000000e+00 0.000000000000000000e+00 1.000000000000000000e+00
1.716364348969288111e+09 9.352800369262695312e+00 3.293628454208374023e+00 1.544778108596801758e+00 0.000000000000000000e+00 0.000000000000000000e+00 0.000000000000000000e+00 1.000000000000000000e+00
1.716364349069523096e+09 9.424203872680664062e+00 3.331496238708496094e+00 1.554375529289245605e+00 0.000000000000000000e+00 0.000000000000000000e+00 0.000000000000000000e+00 1.000000000000000000e+00
1.716364349119769573e+09 9.457087516784667969e+00 3.355269432067871094e+00 1.562980055809020996e+00 0.000000000000000000e+00 0.000000000000000000e+00 0.000000000000000000e+00 1.000000000000000000e+00
1.716364349170003653e+09 9.526283264160156250e+00 3.401960372924804688e+00 1.580263018608093262e+00 0.000000000000000000e+00 0.000000000000000000e+00 0.000000000000000000e+00 1.000000000000000000e+00
1.716364349270702839e+09 9.595429420471191406e+00 3.437027454376220703e+00 1.588701844215393066e+00 0.000000000000000000e+00 0.000000000000000000e+00 0.000000000000000000e+00 1.000000000000000000e+00
1.716364349320543289e+09 9.630960464477540839e+00 3.459166526794433594e+00 1.596249938011169434e+00 0.000000000000000000e+00 0.000000000000000000e+00 0.000000000000000000e+00 1.000000000000000000e+00
1.716364349370997190e+09 9.666044235229492188e+00 3.479593992233276367e+00 1.602804064750671387e+00 0.000000000000000000e+00 0.000000000000000000e+00 0.000000000000000000e+00 1.000000000000000000e+00
1.716364349420907497e+09 9.699385643005372870e+00 3.498935699462890181e+00 1.609257102012634499e+00 0.000000000000000000e+00 0.000000000000000000e+00 0.000000000000000000e+00 1.000000000000000000e+00
1.716364349471546173e+09 9.804384231567384589e+00 3.546365737915039062e+00 1.620262622833251953e+00 0.000000000000000000e+00 0.000000000000000000e+00 0.000000000000000000e+00 1.000000000000000000e+00
1.716364349571502686e+09 9.837172508239746094e+00 3.561382055282592773e+00 1.624766826629638894e+00 0.000000000000000000e+00 0.000000000000000000e+00 0.000000000000000000e+00 1.000000000000000000e+00
1.716364349621819019e+09 9.872006416320800781e+00 3.576643943786621094e+00 1.628672122955322488e+00 0.000000000000000000e+00 0.000000000000000000e+00 0.000000000000000000e+00 1.000000000000000000e+00
1.716364349671928883e+09 9.940958976745603692e+00 3.603412151336669922e+00 1.632892251014709695e+00 0.000000000000000000e+00 0.000000000000000000e+00 0.000000000000000000e+00 1.000000000000000000e+00
1.716364349722063541e+09 1.000689506530761541e+01 3.626726388931273526e+00 1.637908458709716797e+00 0.000000000000000000e+00 0.000000000000000000e+00 0.000000000000000000e+00 1.000000000000000000e+00
1.716364349872651815e+09 1.010713672637939631e+01 3.658182382583618164e+00 1.641219615936279297e+00 0.000000000000000000e+00 0.000000000000000000e+00 0.000000000000000000e+00 1.000000000000000000e+00
1.716364349923259735e+09 1.014115333557128729e+01 3.667021274566649502e+00 1.641835331916809082e+00 0.000000000000000000e+00 0.000000000000000000e+00 0.000000000000000000e+00 1.000000000000000000e+00
1.716364349973739147e+09 1.020575714111327947e+01 3.682479858398437500e+00 1.641452670097351074e+00 0.000000000000000000e+00 0.000000000000000000e+00 0.000000000000000000e+00 1.000000000000000000e+00
1.716364350023116112e+09 1.024015522003173828e+01 3.690334320068359819e+00 1.640151739120483398e+00 0.000000000000000000e+00 0.000000000000000000e+00 0.000000000000000000e+00 1.000000000000000000e+00
1.716364350174843073e+09 1.037087440490722834e+01 3.720202207565308061e+00 1.633030414581298828e+00 0.000000000000000000e+00 0.000000000000000000e+00 0.000000000000000000e+00 1.000000000000000000e+00
1.716364350223640203e+09 1.040685367584228338e+01 3.726687192916870117e+00 1.629063487052917703e+00 0.000000000000000000e+00 0.000000000000000000e+00 0.000000000000000000e+00 1.000000000000000000e+00
1.716364350324019194e+09 1.047306919097900391e+01 3.737865209579468218e+00 1.620763659477234109e+00 0.000000000000000000e+00 0.000000000000000000e+00 0.000000000000000000e+00 1.000000000000000000e+00
1.716364350424290895e+09 1.056829166412353516e+01 3.760016202926636186e+00 1.610398650169372559e+00 0.000000000000000000e+00 0.000000000000000000e+00 0.000000000000000000e+00 1.000000000000000000e+00
1.716364350524964094e+09 1.059936714172363281e+01 3.765349149703979936e+00 1.604753255844116211e+00 0.000000000000000000e+00 0.000000000000000000e+00 0.000000000000000000e+00 1.000000000000000000e+00
1.716364350575714111e+09 1.063403034210205078e+01 3.772523403167724609e+00 1.598838329315185547e+00 0.000000000000000000e+00 0.000000000000000000e+00 0.000000000000000000e+00 1.000000000000000000e+00
1.716364350625305653e+09 1.069683265686035156e+01 3.790099620819091797e+00 1.592741012573242188e+00 0.000000000000000000e+00 0.000000000000000000e+00 0.000000000000000000e+00 1.000000000000000000e+00
1.716364350675652266e+09 1.075993061065673828e+01 3.807007551193236861e+00 1.579858660697937012e+00 0.000000000000000000e+00 0.000000000000000000e+00 0.000000000000000000e+00 1.000000000000000000e+00
1.716364350725612402e+09 1.079055213928222834e+01 3.816589593887329102e+00 1.572476744651794434e+00 0.000000000000000000e+00 0.000000000000000000e+00 0.000000000000000000e+00 1.000000000000000000e+00
1.716364350828422308e+09 1.085026550292968750e+01 3.836869478225708008e+00 1.565179824829101562e+00 0.000000000000000000e+00 0.000000000000000000e+00 0.000000000000000000e+00 1.000000000000000000e+00
1.716364350876276255e+09 1.091093730926513672e+01 3.857566833496093750e+00 1.550304651260375977e+00 0.000000000000000000e+00 0.000000000000000000e+00 0.000000000000000000e+00 1.000000000000000000e+00
1.716364350927083254e+09 1.094392395019531250e+01 3.869402408599853516e+00 1.542585968971252441e+00 0.000000000000000000e+00 0.000000000000000000e+00 0.000000000000000000e+00 1.000000000000000000e+00
1.716364350977446556e+09 1.097490787506103516e+01 3.880891084671020952e+00 1.534326910972595215e+00 0.000000000000000000e+00 0.000000000000000000e+00 0.000000000000000000e+00 1.000000000000000000e+00
1.716364351077053070e+09 1.103597450256347656e+01 3.903284072875977007e+00 1.525612950325012207e+00 0.000000000000000000e+00 0.000000000000000000e+00 0.000000000000000000e+00 1.000000000000000000e+00
1.716364351127196312e+09 1.106485366821289062e+01 3.914700508117675781e+00 1.516144871711730957e+00 0.000000000000000000e+00 0.000000000000000000e+00 0.000000000000000000e+00 1.000000000000000000e+00
1.716364351177290916e+09 1.112080192565917969e+01 3.939578294754027876e+00 1.496892213821411133e+00 0.000000000000000000e+00 0.000000000000000000e+00 0.000000000000000000e+00 1.000000000000000000e+00
1.716364351227493048e+09 1.114721965789794922e+01 3.951881885528564897e+00 1.486947774887084961e+00 0.000000000000000000e+00 0.000000000000000000e+00 0.000000000000000000e+00 1.000000000000000000e+00
1.716364351378085852e+09 1.126111125946044922e+01 4.001641750335693359e+00 1.454911708831787109e+00 0.000000000000000000e+00 0.000000000000000000e+00 0.000000000000000000e+00 1.000000000000000000e+00
1.716364351428184032e+09 1.128943824768066406e+01 4.014434337615966797e+00 1.444996953010559082e+00 0.000000000000000000e+00 0.000000000000000000e+00 0.000000000000000000e+00 1.000000000000000000e+00
1.716364351478278160e+09 1.131678295135498047e+01 4.026968955993652344e+00 1.434195399284362793e+00 0.000000000000000000e+00 0.000000000000000000e+00 0.000000000000000000e+00 1.000000000000000000e+00
1.716364351578881502e+09 1.140062141418457031e+01 4.062512874603272373e+00 1.413473010063171387e+00 0.000000000000000000e+00 0.000000000000000000e+00 0.000000000000000000e+00 1.000000000000000000e+00
1.716364351628944159e+09 1.142963695526123047e+01 4.076261043548583984e+00 1.404310703277587891e+00 0.000000000000000000e+00 0.000000000000000000e+00 0.000000000000000000e+00 1.000000000000000000e+00
1.716364351678993225e+09 1.145768833160400391e+01 4.089710712432861328e+00 1.395190000534057617e+00 0.000000000000000000e+00 0.000000000000000000e+00 0.000000000000000000e+00 1.000000000000000000e+00
1.716364351729555368e+09 1.151608562469482422e+01 4.113327503204345703e+00 1.386449217796325684e+00 0.000000000000000000e+00 0.000000000000000000e+00 0.000000000000000000e+00 1.000000000000000000e+00
1.716364351830280781e+09 1.157507896423339844e+01 4.138044834136962891e+00 1.370578408241271973e+00 0.000000000000000000e+00 0.000000000000000000e+00 0.000000000000000000e+00 1.000000000000000000e+00
1.716364351980847120e+09 1.169568538665771662e+01 4.186299800872802734e+00 1.350510478019714355e+00 0.000000000000000000e+00 0.000000000000000000e+00 0.000000000000000000e+00 1.000000000000000000e+00
1.716364352081489325e+09 1.175511264801025391e+01 4.212854385375976562e+00 1.340969443321228027e+00 0.000000000000000000e+00 0.000000000000000000e+00 0.000000000000000000e+00 1.000000000000000000e+00
1.716364352132262945e+09 1.178502845764160156e+01 4.227068901062011719e+00 1.337065577507019043e+00 0.000000000000000000e+00 0.000000000000000000e+00 0.000000000000000000e+00 1.000000000000000000e+00
1.716364352282375097e+09 1.191320610046386719e+01 4.284043788909912109e+00 1.326976060867309570e+00 0.000000000000000000e+00 0.000000000000000000e+00 0.000000000000000000e+00 1.000000000000000000e+00
1.716364352332405090e+09 1.194680118560791016e+01 4.299882411956787109e+00 1.324566364288330078e+00 0.000000000000000000e+00 0.000000000000000000e+00 0.000000000000000000e+00 1.000000000000000000e+00
1.716364352433189392e+09 1.201417636871338068e+01 4.328173637390136719e+00 1.322151780128479004e+00 0.000000000000000000e+00 0.000000000000000000e+00 0.000000000000000000e+00 1.000000000000000000e+00
1.716364352483508110e+09 1.204947185516357422e+01 4.345234394073486328e+00 1.321021437644958496e+00 0.000000000000000000e+00 0.000000000000000000e+00 0.000000000000000000e+00 1.000000000000000000e+00
1.716364352583847284e+09 1.214824390411376953e+01 4.395595550537109375e+00 1.320856690406799094e+00 0.000000000000000000e+00 0.000000000000000000e+00 0.000000000000000000e+00 1.000000000000000000e+00
1.716364352684373856e+09 1.221636772155761541e+01 4.424837112426757812e+00 1.321197271347045898e+00 0.000000000000000000e+00 0.000000000000000000e+00 0.000000000000000000e+00 1.000000000000000000e+00
1.716364352733595371e+09 1.225141239166259766e+01 4.442638397216796875e+00 1.322050571441650391e+00 0.000000000000000000e+00 0.000000000000000000e+00 0.000000000000000000e+00 1.000000000000000000e+00
1.716364352784166336e+09 1.228440475463867188e+01 4.460258007049560547e+00 1.323824048042297363e+00 0.000000000000000000e+00 0.000000000000000000e+00 0.000000000000000000e+00 1.000000000000000000e+00
1.716364352834012270e+09 1.235299968719482422e+01 4.497098445892333984e+00 1.327988743782043679e+00 0.000000000000000000e+00 0.000000000000000000e+00 0.000000000000000000e+00 1.000000000000000000e+00
1.716364352935309649e+09 1.242040157318115234e+01 4.528362274169921875e+00 1.330294251441955566e+00 0.000000000000000000e+00 0.000000000000000000e+00 0.000000000000000000e+00 1.000000000000000000e+00
1.716364352984871864e+09 1.245378780364990234e+01 4.547850131988525391e+00 1.333977699279785156e+00 0.000000000000000000e+00 0.000000000000000000e+00 0.000000000000000000e+00 1.000000000000000000e+00
1.716364353035192728e+09 1.252038955688476562e+01 4.587277889251708984e+00 1.342292308807373047e+00 0.000000000000000000e+00 0.000000000000000000e+00 0.000000000000000000e+00 1.000000000000000000e+00
1.716364353135434151e+09 1.258927059173583984e+01 4.620330810546875000e+00 1.346866011619568093e+00 0.000000000000000000e+00 0.000000000000000000e+00 0.000000000000000000e+00 1.000000000000000000e+00
1.716364353186571598e+09 1.265653610229492188e+01 4.660856246948242188e+00 1.358968377113342507e+00 0.000000000000000000e+00 0.000000000000000000e+00 0.000000000000000000e+00 1.000000000000000000e+00
1.716364353235796690e+09 1.269067859649658203e+01 4.681147575378417969e+00 1.364784359931945801e+00 0.000000000000000000e+00 0.000000000000000000e+00 0.000000000000000000e+00 1.000000000000000000e+00
1.716364353336373091e+09 1.276016426086425781e+01 4.715420722961425781e+00 1.371253132820129395e+00 0.000000000000000000e+00 0.000000000000000000e+00 0.000000000000000000e+00 1.000000000000000000e+00
1.716364353387732744e+09 1.282686519622802734e+01 4.757345676422119141e+00 1.385419011116027832e+00 0.000000000000000000e+00 0.000000000000000000e+00 0.000000000000000000e+00 1.000000000000000000e+00
1.716364353437682152e+09 1.286073207855224609e+01 4.778328895568847656e+00 1.393163323402404785e+00 0.000000000000000000e+00 0.000000000000000000e+00 0.000000000000000000e+00 1.000000000000000000e+00
1.716364353488247395e+09 1.289270019531250000e+01 4.798655509948730469e+00 1.401097297668457031e+00 0.000000000000000000e+00 0.000000000000000000e+00 0.000000000000000000e+00 1.000000000000000000e+00
1.716364353588872433e+09 1.299342727661132812e+01 4.852217197418212891e+00 1.418892979621887207e+00 0.000000000000000000e+00 0.000000000000000000e+00 0.000000000000000000e+00 1.000000000000000000e+00
1.716364353639177322e+09 1.302649879455566406e+01 4.872380733489990234e+00 1.428055882453918457e+00 0.000000000000000000e+00 0.000000000000000000e+00 0.000000000000000000e+00 1.000000000000000000e+00
1.716364353689048529e+09 1.305761718750000000e+01 4.892035007476806641e+00 1.437946796417236328e+00 0.000000000000000000e+00 0.000000000000000000e+00 0.000000000000000000e+00 1.000000000000000000e+00
1.716364353839050055e+09 1.318663978576660156e+01 4.963917255401611328e+00 1.467087745666503906e+00 0.000000000000000000e+00 0.000000000000000000e+00 0.000000000000000000e+00 1.000000000000000000e+00
1.716364353939754486e+09 1.327893447875976562e+01 5.011099338531494141e+00 1.484838008880615234e+00 0.000000000000000000e+00 0.000000000000000000e+00 0.000000000000000000e+00 1.000000000000000000e+00
1.716364353990465641e+09 1.330781650543212713e+01 5.028012752532958984e+00 1.493489742279052734e+00 0.000000000000000000e+00 0.000000000000000000e+00 0.000000000000000000e+00 1.000000000000000000e+00
1.716364354040078402e+09 1.333896636962890625e+01 5.044568538665772373e+00 1.500721812248229980e+00 0.000000000000000000e+00 0.000000000000000000e+00 0.000000000000000000e+00 1.000000000000000000e+00
1.716364354090429068e+09 1.336997318267822443e+01 5.061486244201660156e+00 1.507845997810363770e+00 0.000000000000000000e+00 0.000000000000000000e+00 0.000000000000000000e+00 1.000000000000000000e+00
1.716364354140761852e+09 1.340082168579101562e+01 5.078812599182128906e+00 1.514776110649108887e+00 0.000000000000000000e+00 0.000000000000000000e+00 0.000000000000000000e+00 1.000000000000000000e+00
1.716364354191173553e+09 1.346055030822754084e+01 5.107390880584716797e+00 1.521770238876342773e+00 0.000000000000000000e+00 0.000000000000000000e+00 0.000000000000000000e+00 1.000000000000000000e+00
1.716364354241141319e+09 1.348938083648681641e+01 5.124365806579589844e+00 1.528657317161560059e+00 0.000000000000000000e+00 0.000000000000000000e+00 0.000000000000000000e+00 1.000000000000000000e+00
1.716364354290811300e+09 1.351820182800292969e+01 5.141353130340576172e+00 1.535508036613464355e+00 0.000000000000000000e+00 0.000000000000000000e+00 0.000000000000000000e+00 1.000000000000000000e+00
1.716364354341331720e+09 1.357697105407714844e+01 5.169600486755371094e+00 1.542152643203735352e+00 0.000000000000000000e+00 0.000000000000000000e+00 0.000000000000000000e+00 1.000000000000000000e+00
1.716364354392215014e+09 1.360496711730957031e+01 5.185921192169189453e+00 1.548417210578918457e+00 0.000000000000000000e+00 0.000000000000000000e+00 0.000000000000000000e+00 1.000000000000000000e+00
1.716364354442004204e+09 1.363300323486327947e+01 5.202130317687988281e+00 1.554279685020446777e+00 0.000000000000000000e+00 0.000000000000000000e+00 0.000000000000000000e+00 1.000000000000000000e+00
1.716364354491823435e+09 1.366111946105957031e+01 5.218124389648437500e+00 1.559757113456726074e+00 0.000000000000000000e+00 0.000000000000000000e+00 0.000000000000000000e+00 1.000000000000000000e+00
1.716364354543063879e+09 1.369010448455810369e+01 5.234645366668701172e+00 1.564756631851196289e+00 0.000000000000000000e+00 0.000000000000000000e+00 0.000000000000000000e+00 1.000000000000000000e+00
1.716364354642931938e+09 1.377656364440917969e+01 5.279956340789794922e+00 1.574243783950805664e+00 0.000000000000000000e+00 0.000000000000000000e+00 0.000000000000000000e+00 1.000000000000000000e+00
1.716364354693324566e+09 1.380512428283691406e+01 5.297562599182128906e+00 1.578676939010619895e+00 0.000000000000000000e+00 0.000000000000000000e+00 0.000000000000000000e+00 1.000000000000000000e+00
1.716364354743284464e+09 1.383270645141601562e+01 5.314919471740722656e+00 1.583028316497802734e+00 0.000000000000000000e+00 0.000000000000000000e+00 0.000000000000000000e+00 1.000000000000000000e+00
1.716364354844029427e+09 1.391849708557128729e+01 5.361929893493652344e+00 1.590435385704040305e+00 0.000000000000000000e+00 0.000000000000000000e+00 0.000000000000000000e+00 1.000000000000000000e+00
1.716364354894066095e+09 1.394569969177245916e+01 5.380262374877929688e+00 1.593740344047546387e+00 0.000000000000000000e+00 0.000000000000000000e+00 0.000000000000000000e+00 1.000000000000000000e+00
1.716364354944173098e+09 1.397276878356933594e+01 5.398931503295898438e+00 1.596907615661621094e+00 0.000000000000000000e+00 0.000000000000000000e+00 0.000000000000000000e+00 1.000000000000000000e+00
1.716364354994316339e+09 1.399869918823242188e+01 5.417750835418701172e+00 1.600479722023010476e+00 0.000000000000000000e+00 0.000000000000000000e+00 0.000000000000000000e+00 1.000000000000000000e+00
1.716364355044582605e+09 1.405728721618652344e+01 5.449148654937744141e+00 1.604046821594238503e+00 0.000000000000000000e+00 0.000000000000000000e+00 0.000000000000000000e+00 1.000000000000000000e+00
1.716364355094847441e+09 1.408216571807861150e+01 5.467896938323974609e+00 1.607146024703979492e+00 0.000000000000000000e+00 0.000000000000000000e+00 0.000000000000000000e+00 1.000000000000000000e+00
1.716364355145137072e+09 1.410704708099365234e+01 5.486610412597656250e+00 1.610764384269714355e+00 0.000000000000000000e+00 0.000000000000000000e+00 0.000000000000000000e+00 1.000000000000000000e+00
1.716364355195306778e+09 1.413087654113769531e+01 5.505254268646240234e+00 1.614358782768249512e+00 0.000000000000000000e+00 0.000000000000000000e+00 0.000000000000000000e+00 1.000000000000000000e+00
1.716364355245507002e+09 1.418053150177001953e+01 5.534712791442871094e+00 1.618629336357116699e+00 0.000000000000000000e+00 0.000000000000000000e+00 0.000000000000000000e+00 1.000000000000000000e+00
1.716364355295792103e+09 1.420423889160156250e+01 5.553615093231201172e+00 1.623025417327880859e+00 0.000000000000000000e+00 0.000000000000000000e+00 0.000000000000000000e+00 1.000000000000000000e+00
1.716364355346566200e+09 1.422683429718017578e+01 5.572584629058837891e+00 1.627920031547546387e+00 0.000000000000000000e+00 0.000000000000000000e+00 0.000000000000000000e+00 1.000000000000000000e+00
1.716364355396046638e+09 1.424959373474121271e+01 5.591106891632080078e+00 1.633215308189392090e+00 0.000000000000000000e+00 0.000000000000000000e+00 0.000000000000000000e+00 1.000000000000000000e+00
1.716364355446293831e+09 1.429362583160400391e+01 5.618345260620117188e+00 1.639130115509033203e+00 0.000000000000000000e+00 0.000000000000000000e+00 0.000000000000000000e+00 1.000000000000000000e+00
1.716364355496570349e+09 1.431359863281250000e+01 5.635703563690185547e+00 1.644924163818359375e+00 0.000000000000000000e+00 0.000000000000000000e+00 0.000000000000000000e+00 1.000000000000000000e+00
1.716364355546750546e+09 1.433234691619873047e+01 5.653399944305419922e+00 1.651343345642089844e+00 0.000000000000000000e+00 0.000000000000000000e+00 0.000000000000000000e+00 1.000000000000000000e+00
1.716364355597473621e+09 1.435011482238769531e+01 5.670812606811523438e+00 1.658420920372009277e+00 0.000000000000000000e+00 0.000000000000000000e+00 0.000000000000000000e+00 1.000000000000000000e+00
1.716364355646958590e+09 1.438950729370117188e+01 5.696055889129638672e+00 1.665861248970031516e+00 0.000000000000000000e+00 0.000000000000000000e+00 0.000000000000000000e+00 1.000000000000000000e+00
1.716364355697444439e+09 1.440568256378173828e+01 5.712006568908691406e+00 1.673077702522277832e+00 0.000000000000000000e+00 0.000000000000000000e+00 0.000000000000000000e+00 1.000000000000000000e+00
1.716364355747497320e+09 1.442199516296386719e+01 5.727602958679199219e+00 1.679924249649048074e+00 0.000000000000000000e+00 0.000000000000000000e+00 0.000000000000000000e+00 1.000000000000000000e+00
1.716364355797968388e+09 1.443830013275146484e+01 5.743203639984130859e+00 1.686614155769347922e+00 0.000000000000000000e+00 0.000000000000000000e+00 0.000000000000000000e+00 1.000000000000000000e+00
1.716364355847741842e+09 1.447057533264160156e+01 5.764651775360107422e+00 1.692892789840698242e+00 0.000000000000000000e+00 0.000000000000000000e+00 0.000000000000000000e+00 1.000000000000000000e+00
1.716364355898107052e+09 1.448517417907714844e+01 5.779120445251464844e+00 1.698833942413330078e+00 0.000000000000000000e+00 0.000000000000000000e+00 0.000000000000000000e+00 1.000000000000000000e+00
1.716364355998486757e+09 1.451439571380615234e+01 5.805306434631347656e+00 1.709513306617736816e+00 0.000000000000000000e+00 0.000000000000000000e+00 0.000000000000000000e+00 1.000000000000000000e+00
1.716364356048605919e+09 1.452817153930664062e+01 5.816482543945312500e+00 1.713582634925842507e+00 0.000000000000000000e+00 0.000000000000000000e+00 0.000000000000000000e+00 1.000000000000000000e+00
1.716364356098782539e+09 1.455866527557373047e+01 5.834319114685058594e+00 1.717864751815795898e+00 0.000000000000000000e+00 0.000000000000000000e+00 0.000000000000000000e+00 1.000000000000000000e+00
1.716364356149044275e+09 1.457154273986816406e+01 5.845049858093261719e+00 1.721534609794616699e+00 0.000000000000000000e+00 0.000000000000000000e+00 0.000000000000000000e+00 1.000000000000000000e+00
1.716364356199661255e+09 1.458456420898437678e+01 5.855425834655761719e+00 1.724941492080688477e+00 0.000000000000000000e+00 0.000000000000000000e+00 0.000000000000000000e+00 1.000000000000000000e+00
1.716364356249581099e+09 1.459711456298827947e+01 5.864311695098876953e+00 1.727723956108093262e+00 0.000000000000000000e+00 0.000000000000000000e+00 0.000000000000000000e+00 1.000000000000000000e+00
1.716364356299699545e+09 1.462398052215576172e+01 5.877819061279296875e+00 1.730219364166259766e+00 0.000000000000000000e+00 0.000000000000000000e+00 0.000000000000000000e+00 1.000000000000000000e+00
1.716364356350355864e+09 1.463741779327392578e+01 5.884529113769531250e+00 1.732188224792480469e+00 0.000000000000000000e+00 0.000000000000000000e+00 0.000000000000000000e+00 1.000000000000000000e+00
1.716364356400153399e+09 1.465010452270507812e+01 5.890453815460205078e+00 1.733453989028930886e+00 0.000000000000000000e+00 0.000000000000000000e+00 0.000000000000000000e+00 1.000000000000000000e+00
1.716364356450640440e+09 1.466396522521972834e+01 5.896166324615479404e+00 1.734147191047668457e+00 0.000000000000000000e+00 0.000000000000000000e+00 0.000000000000000000e+00 1.000000000000000000e+00
1.716364356500628233e+09 1.469096279144287287e+01 5.906749248504638672e+00 1.734579205513000488e+00 0.000000000000000000e+00 0.000000000000000000e+00 0.000000000000000000e+00 1.000000000000000000e+00
1.716364356550837040e+09 1.470316505432128729e+01 5.911256790161132812e+00 1.734503746032714844e+00 0.000000000000000000e+00 0.000000000000000000e+00 0.000000000000000000e+00 1.000000000000000000e+00
1.716364356600963593e+09 1.471647071838378729e+01 5.915725231170654297e+00 1.733881235122680886e+00 0.000000000000000000e+00 0.000000000000000000e+00 0.000000000000000000e+00 1.000000000000000000e+00
1.716364356651057482e+09 1.472899627685546875e+01 5.919453620910644531e+00 1.733198523521423118e+00 0.000000000000000000e+00 0.000000000000000000e+00 0.000000000000000000e+00 1.000000000000000000e+00
1.716364356701162100e+09 1.475350475311279119e+01 5.928240299224853516e+00 1.732328057289123535e+00 0.000000000000000000e+00 0.000000000000000000e+00 0.000000000000000000e+00 1.000000000000000000e+00
1.716364356751797915e+09 1.476626396179199219e+01 5.931428432464599609e+00 1.730626940727234109e+00 0.000000000000000000e+00 0.000000000000000000e+00 0.000000000000000000e+00 1.000000000000000000e+00
1.716364356801678896e+09 1.478000259399414062e+01 5.934860706329345703e+00 1.728982329368591309e+00 0.000000000000000000e+00 0.000000000000000000e+00 0.000000000000000000e+00 1.000000000000000000e+00
1.716364356851830006e+09 1.479076957702636719e+01 5.937658309936523438e+00 1.726879477500915527e+00 0.000000000000000000e+00 0.000000000000000000e+00 0.000000000000000000e+00 1.000000000000000000e+00
1.716364356901942968e+09 1.480045509338378729e+01 5.940464973449707031e+00 1.724743843078613281e+00 0.000000000000000000e+00 0.000000000000000000e+00 0.000000000000000000e+00 1.000000000000000000e+00
1.716364357002326012e+09 1.482031345367431641e+01 5.947453498840332031e+00 1.722769975662231445e+00 0.000000000000000000e+00 0.000000000000000000e+00 0.000000000000000000e+00 1.000000000000000000e+00
1.716364357052866697e+09 1.483720207214355646e+01 5.953863620758056641e+00 1.718865633010864480e+00 0.000000000000000000e+00 0.000000000000000000e+00 0.000000000000000000e+00 1.000000000000000000e+00
1.716364357102875233e+09 1.484447956085205078e+01 5.957286357879638672e+00 1.717004895210265891e+00 0.000000000000000000e+00 0.000000000000000000e+00 0.000000000000000000e+00 1.000000000000000000e+00
1.716364357152989864e+09 1.485171222686767578e+01 5.960808277130126953e+00 1.715454697608947754e+00 0.000000000000000000e+00 0.000000000000000000e+00 0.000000000000000000e+00 1.000000000000000000e+00
1.716364357203075647e+09 1.486324024200439631e+01 5.967024326324462891e+00 1.714575886726379395e+00 0.000000000000000000e+00 0.000000000000000000e+00 0.000000000000000000e+00 1.000000000000000000e+00
1.716364357253352880e+09 1.486797332763672053e+01 5.971366405487060547e+00 1.713925123214721680e+00 0.000000000000000000e+00 0.000000000000000000e+00 0.000000000000000000e+00 1.000000000000000000e+00
1.716364357303589582e+09 1.487142944335937678e+01 5.976182937622070312e+00 1.713762879371643066e+00 0.000000000000000000e+00 0.000000000000000000e+00 0.000000000000000000e+00 1.000000000000000000e+00
1.716364357353811264e+09 1.487346363067626953e+01 5.981858730316162109e+00 1.713505148887634499e+00 0.000000000000000000e+00 0.000000000000000000e+00 0.000000000000000000e+00 1.000000000000000000e+00
1.716364357404009581e+09 1.487639141082763672e+01 5.987974166870117188e+00 1.713614940643310325e+00 0.000000000000000000e+00 0.000000000000000000e+00 0.000000000000000000e+00 1.000000000000000000e+00
1.716364357454383850e+09 1.487480258941650391e+01 5.994584083557128906e+00 1.713912487030029297e+00 0.000000000000000000e+00 0.000000000000000000e+00 0.000000000000000000e+00 1.000000000000000000e+00
1.716364357504385471e+09 1.487209510803222834e+01 6.001274108886718750e+00 1.714525818824768066e+00 0.000000000000000000e+00 0.000000000000000000e+00 0.000000000000000000e+00 1.000000000000000000e+00
1.716364357554551363e+09 1.486823081970214844e+01 6.008150100708007812e+00 1.715123057365417703e+00 0.000000000000000000e+00 0.000000000000000000e+00 0.000000000000000000e+00 1.000000000000000000e+00
1.716364357604826212e+09 1.486036682128906250e+01 6.014247894287109375e+00 1.715397596359252930e+00 0.000000000000000000e+00 0.000000000000000000e+00 0.000000000000000000e+00 1.000000000000000000e+00
1.716364357705065489e+09 1.485373592376708984e+01 6.019954204559326172e+00 1.715605258941650391e+00 0.000000000000000000e+00 0.000000000000000000e+00 0.000000000000000000e+00 1.000000000000000000e+00
1.716364357755340338e+09 1.483662986755371271e+01 6.030229568481445312e+00 1.714576959609985352e+00 0.000000000000000000e+00 0.000000000000000000e+00 0.000000000000000000e+00 1.000000000000000000e+00
1.716364357805998087e+09 1.481781673431396484e+01 6.031399250030517578e+00 1.713491082191467285e+00 0.000000000000000000e+00 0.000000000000000000e+00 0.000000000000000000e+00 1.000000000000000000e+00
1.716364357856494427e+09 1.480673027038574219e+01 6.034811973571777344e+00 1.712069511413574219e+00 0.000000000000000000e+00 0.000000000000000000e+00 0.000000000000000000e+00 1.000000000000000000e+00
1.716364357906290531e+09 1.479597187042236328e+01 6.037414550781250000e+00 1.710542440414428711e+00 0.000000000000000000e+00 0.000000000000000000e+00 0.000000000000000000e+00 1.000000000000000000e+00
1.716364358006649256e+09 1.477122020721435547e+01 6.039978981018066406e+00 1.706504344940185547e+00 0.000000000000000000e+00 0.000000000000000000e+00 0.000000000000000000e+00 1.000000000000000000e+00
1.716364358056736946e+09 1.474586963653564453e+01 6.036008834838867188e+00 1.703955888748168945e+00 0.000000000000000000e+00 0.000000000000000000e+00 0.000000000000000000e+00 1.000000000000000000e+00
1.716364358106935263e+09 1.473011398315429688e+01 6.034984588623046875e+00 1.701542377471923828e+00 0.000000000000000000e+00 0.000000000000000000e+00 0.000000000000000000e+00 1.000000000000000000e+00
1.716364358158042192e+09 1.471372127532958984e+01 6.032898426055908203e+00 1.698493838310241699e+00 0.000000000000000000e+00 0.000000000000000000e+00 0.000000000000000000e+00 1.000000000000000000e+00
1.716364358207414865e+09 1.469798278808593750e+01 6.029222965240479404e+00 1.695192933082580566e+00 0.000000000000000000e+00 0.000000000000000000e+00 0.000000000000000000e+00 1.000000000000000000e+00
1.716364358257528067e+09 1.466614341735839844e+01 6.017386913299560547e+00 1.691183209419250488e+00 0.000000000000000000e+00 0.000000000000000000e+00 0.000000000000000000e+00 1.000000000000000000e+00
1.716364358307738066e+09 1.464942646026611150e+01 6.010849952697753906e+00 1.687031388282776101e+00 0.000000000000000000e+00 0.000000000000000000e+00 0.000000000000000000e+00 1.000000000000000000e+00
1.716364358358070850e+09 1.463207244873046875e+01 6.003240108489990234e+00 1.682564616203308105e+00 0.000000000000000000e+00 0.000000000000000000e+00 0.000000000000000000e+00 1.000000000000000000e+00
1.716364358408265114e+09 1.461611747741699219e+01 5.994857311248779297e+00 1.677945613861083984e+00 0.000000000000000000e+00 0.000000000000000000e+00 0.000000000000000000e+00 1.000000000000000000e+00
1.716364358458412886e+09 1.457928466796875000e+01 5.976778030395507812e+00 1.672705888748168945e+00 0.000000000000000000e+00 0.000000000000000000e+00 0.000000000000000000e+00 1.000000000000000000e+00
1.716364358509189844e+09 1.456133174896240234e+01 5.965378284454345703e+00 1.667198061943054199e+00 0.000000000000000000e+00 0.000000000000000000e+00 0.000000000000000000e+00 1.000000000000000000e+00
1.716364358558755636e+09 1.454300022125243963e+01 5.952270030975341797e+00 1.661238789558410645e+00 0.000000000000000000e+00 0.000000000000000000e+00 0.000000000000000000e+00 1.000000000000000000e+00
1.716364358608810663e+09 1.452469158172607422e+01 5.936483383178710938e+00 1.654195904731750488e+00 0.000000000000000000e+00 0.000000000000000000e+00 0.000000000000000000e+00 1.000000000000000000e+00
1.716364358709582806e+09 1.446255970001220881e+01 5.893274307250976562e+00 1.639971733093261497e+00 0.000000000000000000e+00 0.000000000000000000e+00 0.000000000000000000e+00 1.000000000000000000e+00
1.716364358759516239e+09 1.444309711456298828e+01 5.874987602233886719e+00 1.631985664367675781e+00 0.000000000000000000e+00 0.000000000000000000e+00 0.000000000000000000e+00 1.000000000000000000e+00
1.716364358809934139e+09 1.442301750183105646e+01 5.855555057525634766e+00 1.623303294181823508e+00 0.000000000000000000e+00 0.000000000000000000e+00 0.000000000000000000e+00 1.000000000000000000e+00
1.716364358859867334e+09 1.440323162078857422e+01 5.835373401641845703e+00 1.614164590835571289e+00 0.000000000000000000e+00 0.000000000000000000e+00 0.000000000000000000e+00 1.000000000000000000e+00
1.716364358960329294e+09 1.435694599151611150e+01 5.803340911865234375e+00 1.604606151580810325e+00 0.000000000000000000e+00 0.000000000000000000e+00 0.000000000000000000e+00 1.000000000000000000e+00
1.716364359010572433e+09 1.433615016937256037e+01 5.780263900756835938e+00 1.594483733177185059e+00 0.000000000000000000e+00 0.000000000000000000e+00 0.000000000000000000e+00 1.000000000000000000e+00
1.716364359060825586e+09 1.429141712188720881e+01 5.733720302581787109e+00 1.575151562690734863e+00 0.000000000000000000e+00 0.000000000000000000e+00 0.000000000000000000e+00 1.000000000000000000e+00
1.716364359161310434e+09 1.421977424621582031e+01 5.676188945770263672e+00 1.554982185363769531e+00 0.000000000000000000e+00 0.000000000000000000e+00 0.000000000000000000e+00 1.000000000000000000e+00
1.716364359211352110e+09 1.419748115539550781e+01 5.651228904724121094e+00 1.543947815895080566e+00 0.000000000000000000e+00 0.000000000000000000e+00 0.000000000000000000e+00 1.000000000000000000e+00
1.716364359261506796e+09 1.417432212829589844e+01 5.625679016113281250e+00 1.533136963844299094e+00 0.000000000000000000e+00 0.000000000000000000e+00 0.000000000000000000e+00 1.000000000000000000e+00
1.716364359361990452e+09 1.409962749481201172e+01 5.561856746673583984e+00 1.510061144828796387e+00 0.000000000000000000e+00 0.000000000000000000e+00 0.000000000000000000e+00 1.000000000000000000e+00
1.716364359412467241e+09 1.407563304901123047e+01 5.535505294799804688e+00 1.499042391777038574e+00 0.000000000000000000e+00 0.000000000000000000e+00 0.000000000000000000e+00 1.000000000000000000e+00
1.716364359462398767e+09 1.405144119262695135e+01 5.509590625762940341e+00 1.488181352615356445e+00 0.000000000000000000e+00 0.000000000000000000e+00 0.000000000000000000e+00 1.000000000000000000e+00
1.716364359512386322e+09 1.402606582641601562e+01 5.483891963958740234e+00 1.476929068565368874e+00 0.000000000000000000e+00 0.000000000000000000e+00 0.000000000000000000e+00 1.000000000000000000e+00
1.716364359563550234e+09 1.396780586242675781e+01 5.446125507354736328e+00 1.466043829917907493e+00 0.000000000000000000e+00 0.000000000000000000e+00 0.000000000000000000e+00 1.000000000000000000e+00
1.716364359620633602e+09 1.394095993041992188e+01 5.421329498291015625e+00 1.455937743186950906e+00 0.000000000000000000e+00 0.000000000000000000e+00 0.000000000000000000e+00 1.000000000000000000e+00
1.716364359663353443e+09 1.391382408142089844e+01 5.397235393524169922e+00 1.446488142013549805e+00 0.000000000000000000e+00 0.000000000000000000e+00 0.000000000000000000e+00 1.000000000000000000e+00
1.716364359712945700e+09 1.388815402984619141e+01 5.374858856201171875e+00 1.438183665275573508e+00 0.000000000000000000e+00 0.000000000000000000e+00 0.000000000000000000e+00 1.000000000000000000e+00
1.716364359763138771e+09 1.386060047149658203e+01 5.351764678955078125e+00 1.429725885391235352e+00 0.000000000000000000e+00 0.000000000000000000e+00 0.000000000000000000e+00 1.000000000000000000e+00
1.716364359813154459e+09 1.377596378326416016e+01 5.295897006988525391e+00 1.413893580436706321e+00 0.000000000000000000e+00 0.000000000000000000e+00 0.000000000000000000e+00 1.000000000000000000e+00
1.716364359913684845e+09 1.374786853790283203e+01 5.274123191833496094e+00 1.406737208366394043e+00 0.000000000000000000e+00 0.000000000000000000e+00 0.000000000000000000e+00 1.000000000000000000e+00
1.716364359964060783e+09 1.368873882293701172e+01 5.241085529327392578e+00 1.399870395660400391e+00 0.000000000000000000e+00 0.000000000000000000e+00 0.000000000000000000e+00 1.000000000000000000e+00
1.716364360013889551e+09 1.362963867187500000e+01 5.199427127838134766e+00 1.386954307556152344e+00 0.000000000000000000e+00 0.000000000000000000e+00 0.000000000000000000e+00 1.000000000000000000e+00
1.716364360114229679e+09 1.359797954559326172e+01 5.178485393524169922e+00 1.380787611007690430e+00 0.000000000000000000e+00 0.000000000000000000e+00 0.000000000000000000e+00 1.000000000000000000e+00
1.716364360164510012e+09 1.356805324554443359e+01 5.158596038818359375e+00 1.374762415885925293e+00 0.000000000000000000e+00 0.000000000000000000e+00 0.000000000000000000e+00 1.000000000000000000e+00
1.716364360214720726e+09 1.350338363647460938e+01 5.125957012176513672e+00 1.368908762931823508e+00 0.000000000000000000e+00 0.000000000000000000e+00 0.000000000000000000e+00 1.000000000000000000e+00
1.716364360265166998e+09 1.347115993499756037e+01 5.106454372406005859e+00 1.363206982612610085e+00 0.000000000000000000e+00 0.000000000000000000e+00 0.000000000000000000e+00 1.000000000000000000e+00
1.716364360315027952e+09 1.343979358673095525e+01 5.087484836578369141e+00 1.357134222984313965e+00 0.000000000000000000e+00 0.000000000000000000e+00 0.000000000000000000e+00 1.000000000000000000e+00
1.716364360365347147e+09 1.340567588806152344e+01 5.067288398742675781e+00 1.350870966911315918e+00 0.000000000000000000e+00 0.000000000000000000e+00 0.000000000000000000e+00 1.000000000000000000e+00
1.716364360415830374e+09 1.333507442474365234e+01 5.033284187316895419e+00 1.344453930854797363e+00 0.000000000000000000e+00 0.000000000000000000e+00 0.000000000000000000e+00 1.000000000000000000e+00
1.716364360466244459e+09 1.330192565917968750e+01 5.013278007507324219e+00 1.336868286132812500e+00 0.000000000000000000e+00 0.000000000000000000e+00 0.000000000000000000e+00 1.000000000000000000e+00
1.716364360517534018e+09 1.326660537719726562e+01 4.993346214294433594e+00 1.329516410827636719e+00 0.000000000000000000e+00 0.000000000000000000e+00 0.000000000000000000e+00 1.000000000000000000e+00
1.716364360566297770e+09 1.323212909698486328e+01 4.973975181579589844e+00 1.321573019027709961e+00 0.000000000000000000e+00 0.000000000000000000e+00 0.000000000000000000e+00 1.000000000000000000e+00
1.716364360616643429e+09 1.316022777557373047e+01 4.940455436706542969e+00 1.313642501831054910e+00 0.000000000000000000e+00 0.000000000000000000e+00 0.000000000000000000e+00 1.000000000000000000e+00
1.716364360666725874e+09 1.312480926513672053e+01 4.920674324035644531e+00 1.304885745048522949e+00 0.000000000000000000e+00 0.000000000000000000e+00 0.000000000000000000e+00 1.000000000000000000e+00
1.716364360718320370e+09 1.309044742584228338e+01 4.900887012481689453e+00 1.295753598213195801e+00 0.000000000000000000e+00 0.000000000000000000e+00 0.000000000000000000e+00 1.000000000000000000e+00
1.716364360767336845e+09 1.305338191986083984e+01 4.879711627960205078e+00 1.286063909530639648e+00 0.000000000000000000e+00 0.000000000000000000e+00 0.000000000000000000e+00 1.000000000000000000e+00
1.716364360817165375e+09 1.298090171813964844e+01 4.844714641571044922e+00 1.276594519615173118e+00 0.000000000000000000e+00 0.000000000000000000e+00 0.000000000000000000e+00 1.000000000000000000e+00
1.716364360867409945e+09 1.294483280181884766e+01 4.823655605316162109e+00 1.266640305519104004e+00 0.000000000000000000e+00 0.000000000000000000e+00 0.000000000000000000e+00 1.000000000000000000e+00
1.716364360917934418e+09 1.286996555328369141e+01 4.780134201049804688e+00 1.246198654174804910e+00 0.000000000000000000e+00 0.000000000000000000e+00 0.000000000000000000e+00 1.000000000000000000e+00
1.716364361018014193e+09 1.279275512695312322e+01 4.743350982666015625e+00 1.236343145370483398e+00 0.000000000000000000e+00 0.000000000000000000e+00 0.000000000000000000e+00 1.000000000000000000e+00
1.716364361068514347e+09 1.275586128234863281e+01 4.721464157104492188e+00 1.225846648216247559e+00 0.000000000000000000e+00 0.000000000000000000e+00 0.000000000000000000e+00 1.000000000000000000e+00
1.716364361118439913e+09 1.268049621582031250e+01 4.676105499267578125e+00 1.205438137054443359e+00 0.000000000000000000e+00 0.000000000000000000e+00 0.000000000000000000e+00 1.000000000000000000e+00
1.716364361218972683e+09 1.259763336181640625e+01 4.637211799621582031e+00 1.196737647056579590e+00 0.000000000000000000e+00 0.000000000000000000e+00 0.000000000000000000e+00 1.000000000000000000e+00
1.716364361269420385e+09 1.255756855010986328e+01 4.615167617797851562e+00 1.187381982803344727e+00 0.000000000000000000e+00 0.000000000000000000e+00 0.000000000000000000e+00 1.000000000000000000e+00
1.716364361319579601e+09 1.251623725891113281e+01 4.593645572662353516e+00 1.178126096725464089e+00 0.000000000000000000e+00 0.000000000000000000e+00 0.000000000000000000e+00 1.000000000000000000e+00
1.716364361370141268e+09 1.247558498382568359e+01 4.573148727416992188e+00 1.168910622596740723e+00 0.000000000000000000e+00 0.000000000000000000e+00 0.000000000000000000e+00 1.000000000000000000e+00
1.716364361420574665e+09 1.239162349700927557e+01 4.530593872070312500e+00 1.150453686714172363e+00 0.000000000000000000e+00 0.000000000000000000e+00 0.000000000000000000e+00 1.000000000000000000e+00
1.716364361571738720e+09 1.226449394226074219e+01 4.472125530242919922e+00 1.133936524391174316e+00 0.000000000000000000e+00 0.000000000000000000e+00 0.000000000000000000e+00 1.000000000000000000e+00
1.716364361621341228e+09 1.217984771728515625e+01 4.431412696838378906e+00 1.117986917495727539e+00 0.000000000000000000e+00 0.000000000000000000e+00 0.000000000000000000e+00 1.000000000000000000e+00
1.716364361721424580e+09 1.209179973602294922e+01 4.394969463348388672e+00 1.112200617790222168e+00 0.000000000000000000e+00 0.000000000000000000e+00 0.000000000000000000e+00 1.000000000000000000e+00
1.716364361771873951e+09 1.204691505432128729e+01 4.374427318572998047e+00 1.105932712554931641e+00 0.000000000000000000e+00 0.000000000000000000e+00 0.000000000000000000e+00 1.000000000000000000e+00
1.716364361821816921e+09 1.200656986236572443e+01 4.356068611145020419e+00 1.100214481353759766e+00 0.000000000000000000e+00 0.000000000000000000e+00 0.000000000000000000e+00 1.000000000000000000e+00
1.716364361877122879e+09 1.195757770538330078e+01 4.335204601287841797e+00 1.095334768295288086e+00 0.000000000000000000e+00 0.000000000000000000e+00 0.000000000000000000e+00 1.000000000000000000e+00
1.716364361922522068e+09 1.186792469024658203e+01 4.300426483154296875e+00 1.092264771461486816e+00 0.000000000000000000e+00 0.000000000000000000e+00 0.000000000000000000e+00 1.000000000000000000e+00
1.716364361972452164e+09 1.177853775024414062e+01 4.264505863189697266e+00 1.084851622581481934e+00 0.000000000000000000e+00 0.000000000000000000e+00 0.000000000000000000e+00 1.000000000000000000e+00
1.716364362022527218e+09 1.173203563690185547e+01 4.245712280273437500e+00 1.081811547279357910e+00 0.000000000000000000e+00 0.000000000000000000e+00 0.000000000000000000e+00 1.000000000000000000e+00
1.716364362122876644e+09 1.168639850616455078e+01 4.227491855621337891e+00 1.079039692878723145e+00 0.000000000000000000e+00 0.000000000000000000e+00 0.000000000000000000e+00 1.000000000000000000e+00
1.716364362174507380e+09 1.154557418823242188e+01 4.172394275665283203e+00 1.076354384422302246e+00 0.000000000000000000e+00 0.000000000000000000e+00 0.000000000000000000e+00 1.000000000000000000e+00
1.716364362223302126e+09 1.149543476104736328e+01 4.152068138122558594e+00 1.075334787368774414e+00 0.000000000000000000e+00 0.000000000000000000e+00 0.000000000000000000e+00 1.000000000000000000e+00
1.716364362326229334e+09 1.140235042572021662e+01 4.115345954895020419e+00 1.076277494430541992e+00 0.000000000000000000e+00 0.000000000000000000e+00 0.000000000000000000e+00 1.000000000000000000e+00
1.716364362373932362e+09 1.130747222900390625e+01 4.074658870697021484e+00 1.076384186744689941e+00 0.000000000000000000e+00 0.000000000000000000e+00 0.000000000000000000e+00 1.000000000000000000e+00
1.716364362424023867e+09 1.126154899597167969e+01 4.054579734802246094e+00 1.076907396316528320e+00 0.000000000000000000e+00 0.000000000000000000e+00 0.000000000000000000e+00 1.000000000000000000e+00
1.716364362474583149e+09 1.121578598022460938e+01 4.034076690673828125e+00 1.077698707580566406e+00 0.000000000000000000e+00 0.000000000000000000e+00 0.000000000000000000e+00 1.000000000000000000e+00
1.716364362575057745e+09 1.116923904418945135e+01 4.012863636016845703e+00 1.079177498817443848e+00 0.000000000000000000e+00 0.000000000000000000e+00 0.000000000000000000e+00 1.000000000000000000e+00
1.716364362624898672e+09 1.102897167205810369e+01 3.954079151153564897e+00 1.085315108299255371e+00 0.000000000000000000e+00 0.000000000000000000e+00 0.000000000000000000e+00 1.000000000000000000e+00
1.716364362675510883e+09 1.098294925689697266e+01 3.934495210647583008e+00 1.088182806968688965e+00 0.000000000000000000e+00 0.000000000000000000e+00 0.000000000000000000e+00 1.000000000000000000e+00
1.716364362775535345e+09 1.089151954650878729e+01 3.899456501007080078e+00 1.093119025230407493e+00 0.000000000000000000e+00 0.000000000000000000e+00 0.000000000000000000e+00 1.000000000000000000e+00
1.716364362825728178e+09 1.079783821105957031e+01 3.862101554870605469e+00 1.101130247116088867e+00 0.000000000000000000e+00 0.000000000000000000e+00 0.000000000000000000e+00 1.000000000000000000e+00
1.716364362875971317e+09 1.075058364868164062e+01 3.843115806579589844e+00 1.105358242988586426e+00 0.000000000000000000e+00 0.000000000000000000e+00 0.000000000000000000e+00 1.000000000000000000e+00
1.716364362976925373e+09 1.065756416320800781e+01 3.806642532348632812e+00 1.111045956611633301e+00 0.000000000000000000e+00 0.000000000000000000e+00 0.000000000000000000e+00 1.000000000000000000e+00
1.716364363026862860e+09 1.061262702941894354e+01 3.787102222442626953e+00 1.115185022354125977e+00 0.000000000000000000e+00 0.000000000000000000e+00 0.000000000000000000e+00 1.000000000000000000e+00
1.716364363076933861e+09 1.052136898040771662e+01 3.748952627182006836e+00 1.123929738998413086e+00 0.000000000000000000e+00 0.000000000000000000e+00 0.000000000000000000e+00 1.000000000000000000e+00
1.716364363127247810e+09 1.046926212310791016e+01 3.728696823120117188e+00 1.128531336784362793e+00 0.000000000000000000e+00 0.000000000000000000e+00 0.000000000000000000e+00 1.000000000000000000e+00
1.716364363227362633e+09 1.033434867858886719e+01 3.679052114486694336e+00 1.138754844665527122e+00 0.000000000000000000e+00 0.000000000000000000e+00 0.000000000000000000e+00 1.000000000000000000e+00
1.716364363327916145e+09 1.024349117279052734e+01 3.645694971084594282e+00 1.147309184074402078e+00 0.000000000000000000e+00 0.000000000000000000e+00 0.000000000000000000e+00 1.000000000000000000e+00
1.716364363428254128e+09 1.011196041107177557e+01 3.598451852798461914e+00 1.157440423965454102e+00 0.000000000000000000e+00 0.000000000000000000e+00 0.000000000000000000e+00 1.000000000000000000e+00
1.716364363478438377e+09 1.006704235076904475e+01 3.581900358200072798e+00 1.162595033645630105e+00 0.000000000000000000e+00 0.000000000000000000e+00 0.000000000000000000e+00 1.000000000000000000e+00
1.716364363578853130e+09 1.002299785614013672e+01 3.565808296203613281e+00 1.166985273361206055e+00 0.000000000000000000e+00 0.000000000000000000e+00 0.000000000000000000e+00 1.000000000000000000e+00
1.716364363629130125e+09 9.890873908996582031e+00 3.517305135726928711e+00 1.178014874458312988e+00 0.000000000000000000e+00 0.000000000000000000e+00 0.000000000000000000e+00 1.000000000000000000e+00
1.716364363679557323e+09 9.846759796142578125e+00 3.501441955566406250e+00 1.182933807373046875e+00 0.000000000000000000e+00 0.000000000000000000e+00 0.000000000000000000e+00 1.000000000000000000e+00
1.716364363729577303e+09 9.801600456237791192e+00 3.485574483871459961e+00 1.188372969627380371e+00 0.000000000000000000e+00 0.000000000000000000e+00 0.000000000000000000e+00 1.000000000000000000e+00
1.716364363829988241e+09 9.711715698242187500e+00 3.455544471740722656e+00 1.198684930801391602e+00 0.000000000000000000e+00 0.000000000000000000e+00 0.000000000000000000e+00 1.000000000000000000e+00
1.716364363930384636e+09 9.623008728027343750e+00 3.424871683120727539e+00 1.205244183540344238e+00 0.000000000000000000e+00 0.000000000000000000e+00 0.000000000000000000e+00 1.000000000000000000e+00
1.716364363980466127e+09 9.533091545104980469e+00 3.394870519638061079e+00 1.215146183967590332e+00 0.000000000000000000e+00 0.000000000000000000e+00 0.000000000000000000e+00 1.000000000000000000e+00
1.716364364080938578e+09 9.394011497497560370e+00 3.347957372665405273e+00 1.226392865180969238e+00 0.000000000000000000e+00 0.000000000000000000e+00 0.000000000000000000e+00 1.000000000000000000e+00
1.716364364131166935e+09 9.346719741821287286e+00 3.332008600234985352e+00 1.230934739112854004e+00 0.000000000000000000e+00 0.000000000000000000e+00 0.000000000000000000e+00 1.000000000000000000e+00
1.716364364181558847e+09 9.300363540649414062e+00 3.316387891769409180e+00 1.235175013542175293e+00 0.000000000000000000e+00 0.000000000000000000e+00 0.000000000000000000e+00 1.000000000000000000e+00
1.716364364231393576e+09 9.251062393188476562e+00 3.300036907196044922e+00 1.238677144050597922e+00 0.000000000000000000e+00 0.000000000000000000e+00 0.000000000000000000e+00 1.000000000000000000e+00
1.716364364281819820e+09 9.204371452331544745e+00 3.285301208496093750e+00 1.242240071296691895e+00 0.000000000000000000e+00 0.000000000000000000e+00 0.000000000000000000e+00 1.000000000000000000e+00
1.716364364331845284e+09 9.156576156616212714e+00 3.270664691925048828e+00 1.245583176612854004e+00 0.000000000000000000e+00 0.000000000000000000e+00 0.000000000000000000e+00 1.000000000000000000e+00
1.716364364382055759e+09 9.065373420715332031e+00 3.240795612335205078e+00 1.249446034431457520e+00 0.000000000000000000e+00 0.000000000000000000e+00 0.000000000000000000e+00 1.000000000000000000e+00
1.716364364432339907e+09 9.019391059875488281e+00 3.226956844329833984e+00 1.251839995384216309e+00 0.000000000000000000e+00 0.000000000000000000e+00 0.000000000000000000e+00 1.000000000000000000e+00
1.716364364482556105e+09 8.972707748413085938e+00 3.212079524993896484e+00 1.253834247589111106e+00 0.000000000000000000e+00 0.000000000000000000e+00 0.000000000000000000e+00 1.000000000000000000e+00
1.716364364532615900e+09 8.927074432373046875e+00 3.197183132171630859e+00 1.255063295364380105e+00 0.000000000000000000e+00 0.000000000000000000e+00 0.000000000000000000e+00 1.000000000000000000e+00
1.716364364582752466e+09 8.835365295410156250e+00 3.165634632110596147e+00 1.257216334342956321e+00 0.000000000000000000e+00 0.000000000000000000e+00 0.000000000000000000e+00 1.000000000000000000e+00
1.716364364633061886e+09 8.788861274719238281e+00 3.150179862976074219e+00 1.258177876472473145e+00 0.000000000000000000e+00 0.000000000000000000e+00 0.000000000000000000e+00 1.000000000000000000e+00
1.716364364683197021e+09 8.741373062133789062e+00 3.134481668472290039e+00 1.258779644966125710e+00 0.000000000000000000e+00 0.000000000000000000e+00 0.000000000000000000e+00 1.000000000000000000e+00
1.716364364733388662e+09 8.695980072021484375e+00 3.118829727172852007e+00 1.258821487426757812e+00 0.000000000000000000e+00 0.000000000000000000e+00 0.000000000000000000e+00 1.000000000000000000e+00
1.716364364783602953e+09 8.603042602539062500e+00 3.084707498550415039e+00 1.260001420974731445e+00 0.000000000000000000e+00 0.000000000000000000e+00 0.000000000000000000e+00 1.000000000000000000e+00
1.716364364885968685e+09 8.555489540100097656e+00 3.066150188446044922e+00 1.259520053863525391e+00 0.000000000000000000e+00 0.000000000000000000e+00 0.000000000000000000e+00 1.000000000000000000e+00
1.716364364984634161e+09 8.420702934265136719e+00 3.009021759033203125e+00 1.255097389221191406e+00 0.000000000000000000e+00 0.000000000000000000e+00 0.000000000000000000e+00 1.000000000000000000e+00
1.716364365035427094e+09 8.327893257141113281e+00 2.971390247344970703e+00 1.254044294357299805e+00 0.000000000000000000e+00 0.000000000000000000e+00 0.000000000000000000e+00 1.000000000000000000e+00
1.716364365135872602e+09 8.236614227294921875e+00 2.926116228103637695e+00 1.248539805412292480e+00 0.000000000000000000e+00 0.000000000000000000e+00 0.000000000000000000e+00 1.000000000000000000e+00
1.716364365186135530e+09 8.191648483276367188e+00 2.902983188629150391e+00 1.245012998580932617e+00 0.000000000000000000e+00 0.000000000000000000e+00 0.000000000000000000e+00 1.000000000000000000e+00
1.716364365286623240e+09 8.058589935302734375e+00 2.837640285491943803e+00 1.238883137702941895e+00 0.000000000000000000e+00 0.000000000000000000e+00 0.000000000000000000e+00 1.000000000000000000e+00
1.716364365336682081e+09 8.013599395751953125e+00 2.811371803283691406e+00 1.234168410301208496e+00 0.000000000000000000e+00 0.000000000000000000e+00 0.000000000000000000e+00 1.000000000000000000e+00
1.716364365388082981e+09 7.971778869628906250e+00 2.785043478012084961e+00 1.229044914245605691e+00 0.000000000000000000e+00 0.000000000000000000e+00 0.000000000000000000e+00 1.000000000000000000e+00
1.716364365488454103e+09 7.839741230010986328e+00 2.713112831115722656e+00 1.220231890678405762e+00 0.000000000000000000e+00 0.000000000000000000e+00 0.000000000000000000e+00 1.000000000000000000e+00
1.716364365538283587e+09 7.796535968780517578e+00 2.684416294097900391e+00 1.214601159095764160e+00 0.000000000000000000e+00 0.000000000000000000e+00 0.000000000000000000e+00 1.000000000000000000e+00
1.716364365590194941e+09 7.755219936370849609e+00 2.656343698501586914e+00 1.209427833557128906e+00 0.000000000000000000e+00 0.000000000000000000e+00 0.000000000000000000e+00 1.000000000000000000e+00
1.716364365689826965e+09 7.625583648681640625e+00 2.579694271087646484e+00 1.199506521224975586e+00 0.000000000000000000e+00 0.000000000000000000e+00 0.000000000000000000e+00 1.000000000000000000e+00
1.716364365740606308e+09 7.583467006683349609e+00 2.547418117523193359e+00 1.194133758544922097e+00 0.000000000000000000e+00 0.000000000000000000e+00 0.000000000000000000e+00 1.000000000000000000e+00
1.716364365790736437e+09 7.539624214172363281e+00 2.513793230056762695e+00 1.188238501548767090e+00 0.000000000000000000e+00 0.000000000000000000e+00 0.000000000000000000e+00 1.000000000000000000e+00
1.716364365839633226e+09 7.495799541473388672e+00 2.480002403259277344e+00 1.182714343070984109e+00 0.000000000000000000e+00 0.000000000000000000e+00 0.000000000000000000e+00 1.000000000000000000e+00
1.716364365940768957e+09 7.366959095001220703e+00 2.399798631668090820e+00 1.174383401870727539e+00 0.000000000000000000e+00 0.000000000000000000e+00 0.000000000000000000e+00 1.000000000000000000e+00
1.716364365991179705e+09 7.325727462768554688e+00 2.367327213287353072e+00 1.169339656829833984e+00 0.000000000000000000e+00 0.000000000000000000e+00 0.000000000000000000e+00 1.000000000000000000e+00
1.716364366041325331e+09 7.284652709960937500e+00 2.334300994873046875e+00 1.165017485618591309e+00 0.000000000000000000e+00 0.000000000000000000e+00 0.000000000000000000e+00 1.000000000000000000e+00
1.716364366142917633e+09 7.194973468780517578e+00 2.285910606384277344e+00 1.163604617118835449e+00 0.000000000000000000e+00 0.000000000000000000e+00 0.000000000000000000e+00 1.000000000000000000e+00
1.716364366193181753e+09 7.112348556518554688e+00 2.217332601547241211e+00 1.156288146972656250e+00 0.000000000000000000e+00 0.000000000000000000e+00 0.000000000000000000e+00 1.000000000000000000e+00
1.716364366242805958e+09 7.068542480468750000e+00 2.182430744171142578e+00 1.153304696083068848e+00 0.000000000000000000e+00 0.000000000000000000e+00 0.000000000000000000e+00 1.000000000000000000e+00
1.716364366342800856e+09 6.977333545684815341e+00 2.135072231292724609e+00 1.153345465660095215e+00 0.000000000000000000e+00 0.000000000000000000e+00 0.000000000000000000e+00 1.000000000000000000e+00
1.716364366392435312e+09 6.893949508666992188e+00 2.067868947982788086e+00 1.149230957031250000e+00 0.000000000000000000e+00 0.000000000000000000e+00 0.000000000000000000e+00 1.000000000000000000e+00
1.716364366442935228e+09 6.850806236267089844e+00 2.033635139465332031e+00 1.147588133811950906e+00 0.000000000000000000e+00 0.000000000000000000e+00 0.000000000000000000e+00 1.000000000000000000e+00
1.716364366543431759e+09 6.757259368896484375e+00 1.986598491668700728e+00 1.149130940437316895e+00 0.000000000000000000e+00 0.000000000000000000e+00 0.000000000000000000e+00 1.000000000000000000e+00
1.716364366594125509e+09 6.668148517608642578e+00 1.920067906379699929e+00 1.148421168327331543e+00 0.000000000000000000e+00 0.000000000000000000e+00 0.000000000000000000e+00 1.000000000000000000e+00
1.716364366644020796e+09 6.623468399047851562e+00 1.886942625045776367e+00 1.148128271102905273e+00 0.000000000000000000e+00 0.000000000000000000e+00 0.000000000000000000e+00 1.000000000000000000e+00
1.716364366695348024e+09 6.580507755279541016e+00 1.854854464530944824e+00 1.147640228271484375e+00 0.000000000000000000e+00 0.000000000000000000e+00 0.000000000000000000e+00 1.000000000000000000e+00
1.716364366795338154e+09 6.438375473022460938e+00 1.775914788246154785e+00 1.149215221405029297e+00 0.000000000000000000e+00 0.000000000000000000e+00 0.000000000000000000e+00 1.000000000000000000e+00
1.716364366844979048e+09 6.391168117523193359e+00 1.743529677391052246e+00 1.148688435554504395e+00 0.000000000000000000e+00 0.000000000000000000e+00 0.000000000000000000e+00 1.000000000000000000e+00
1.716364366895122290e+09 6.346760272979736328e+00 1.711965322494506836e+00 1.147531151771545410e+00 0.000000000000000000e+00 0.000000000000000000e+00 0.000000000000000000e+00 1.000000000000000000e+00
1.716364366995705843e+09 6.205740928649902344e+00 1.634746909141540305e+00 1.148548483848571777e+00 0.000000000000000000e+00 0.000000000000000000e+00 0.000000000000000000e+00 1.000000000000000000e+00
1.716364367045546532e+09 6.160337924957275391e+00 1.602430820465087891e+00 1.147839665412902832e+00 0.000000000000000000e+00 0.000000000000000000e+00 0.000000000000000000e+00 1.000000000000000000e+00
1.716364367095701456e+09 6.114946842193604404e+00 1.569812417030334473e+00 1.147134661674499512e+00 0.000000000000000000e+00 0.000000000000000000e+00 0.000000000000000000e+00 1.000000000000000000e+00
1.716364367146024466e+09 6.021971702575683594e+00 1.525641083717346191e+00 1.149672508239746094e+00 0.000000000000000000e+00 0.000000000000000000e+00 0.000000000000000000e+00 1.000000000000000000e+00
1.716364367196941137e+09 5.976729869842529297e+00 1.491866707801818848e+00 1.148950099945068359e+00 0.000000000000000000e+00 0.000000000000000000e+00 0.000000000000000000e+00 1.000000000000000000e+00
1.716364367246587276e+09 5.934780120849609375e+00 1.456894755363464355e+00 1.147969126701354980e+00 0.000000000000000000e+00 0.000000000000000000e+00 0.000000000000000000e+00 1.000000000000000000e+00
1.716364367297126293e+09 5.890048027038574219e+00 1.424710035324096902e+00 1.147885441780090332e+00 0.000000000000000000e+00 0.000000000000000000e+00 0.000000000000000000e+00 1.000000000000000000e+00
1.716364367397011042e+09 5.799103260040283203e+00 1.379592061042785645e+00 1.151325941085815430e+00 0.000000000000000000e+00 0.000000000000000000e+00 0.000000000000000000e+00 1.000000000000000000e+00
1.716364367447460890e+09 5.755634307861328125e+00 1.345857620239257812e+00 1.151755094528198242e+00 0.000000000000000000e+00 0.000000000000000000e+00 0.000000000000000000e+00 1.000000000000000000e+00
1.716364367498084307e+09 5.670987129211425781e+00 1.276586532592773438e+00 1.154548168182373047e+00 0.000000000000000000e+00 0.000000000000000000e+00 0.000000000000000000e+00 1.000000000000000000e+00
1.716364367548090458e+09 5.627895355224609375e+00 1.240288734436035156e+00 1.156795024871826172e+00 0.000000000000000000e+00 0.000000000000000000e+00 0.000000000000000000e+00 1.000000000000000000e+00
1.716364367648201704e+09 5.538128376007080078e+00 1.192753553390502930e+00 1.162583827972412109e+00 0.000000000000000000e+00 0.000000000000000000e+00 0.000000000000000000e+00 1.000000000000000000e+00
1.716364367748450756e+09 5.499207973480224609e+00 1.155232071876526101e+00 1.166099429130554199e+00 0.000000000000000000e+00 0.000000000000000000e+00 0.000000000000000000e+00 1.000000000000000000e+00
1.716364367848639250e+09 5.380460262298583984e+00 1.038618087768554910e+00 1.179890155792236328e+00 0.000000000000000000e+00 0.000000000000000000e+00 0.000000000000000000e+00 1.000000000000000000e+00
1.716364367898918629e+09 5.301480293273925781e+00 9.898719191551208496e-01 1.187998890876770020e+00 0.000000000000000000e+00 0.000000000000000000e+00 0.000000000000000000e+00 1.000000000000000000e+00
1.716364367949602604e+09 5.267257690429688388e+00 9.506623148918151855e-01 1.193921804428100586e+00 0.000000000000000000e+00 0.000000000000000000e+00 0.000000000000000000e+00 1.000000000000000000e+00
1.716364367999692440e+09 5.203892230987548828e+00 8.686869144439697266e-01 1.206173181533813699e+00 0.000000000000000000e+00 0.000000000000000000e+00 0.000000000000000000e+00 1.000000000000000000e+00
1.716364368049813986e+09 5.173431873321533203e+00 8.272408246994018555e-01 1.212056756019592507e+00 0.000000000000000000e+00 0.000000000000000000e+00 0.000000000000000000e+00 1.000000000000000000e+00
1.716364368099856853e+09 5.107118606567382812e+00 7.806686758995056152e-01 1.219561576843261497e+00 0.000000000000000000e+00 0.000000000000000000e+00 0.000000000000000000e+00 1.000000000000000000e+00
1.716364368150131941e+09 5.076309204101562500e+00 7.380843758583068848e-01 1.225416898727416992e+00 0.000000000000000000e+00 0.000000000000000000e+00 0.000000000000000000e+00 1.000000000000000000e+00
1.716364368200220823e+09 5.047162055969238281e+00 6.958305835723876953e-01 1.230643749237060325e+00 0.000000000000000000e+00 0.000000000000000000e+00 0.000000000000000000e+00 1.000000000000000000e+00
1.716364368250382662e+09 5.017924308776856357e+00 6.521275639533996582e-01 1.236023664474487305e+00 0.000000000000000000e+00 0.000000000000000000e+00 0.000000000000000000e+00 1.000000000000000000e+00
1.716364368300709724e+09 4.990584850311279297e+00 6.068561077117919922e-01 1.241509675979614480e+00 0.000000000000000000e+00 0.000000000000000000e+00 0.000000000000000000e+00 1.000000000000000000e+00
1.716364368401042938e+09 4.911657810211181641e+00 5.161244273185729980e-01 1.251157283782958984e+00 0.000000000000000000e+00 0.000000000000000000e+00 0.000000000000000000e+00 1.000000000000000000e+00
1.716364368451176167e+09 4.880855560302734375e+00 4.743175506591796875e-01 1.255158782005310059e+00 0.000000000000000000e+00 0.000000000000000000e+00 0.000000000000000000e+00 1.000000000000000000e+00
1.716364368501376867e+09 4.855959892272949219e+00 4.305191338062285822e-01 1.259299278259277122e+00 0.000000000000000000e+00 0.000000000000000000e+00 0.000000000000000000e+00 1.000000000000000000e+00
1.716364368551604271e+09 4.829751014709472656e+00 3.859358131885528009e-01 1.263066172599792480e+00 0.000000000000000000e+00 0.000000000000000000e+00 0.000000000000000000e+00 1.000000000000000000e+00
1.716364368602671385e+09 4.807176589965820312e+00 3.409964740276336115e-01 1.266106724739074707e+00 0.000000000000000000e+00 0.000000000000000000e+00 0.000000000000000000e+00 1.000000000000000000e+00
1.716364368702040911e+09 4.740963935852050781e+00 2.480438947677612027e-01 1.272053241729736328e+00 0.000000000000000000e+00 0.000000000000000000e+00 0.000000000000000000e+00 1.000000000000000000e+00
1.716364368752334595e+09 4.720198154449462891e+00 2.016309499740600031e-01 1.273805379867553711e+00 0.000000000000000000e+00 0.000000000000000000e+00 0.000000000000000000e+00 1.000000000000000000e+00
1.716364368802714586e+09 4.699980258941650391e+00 1.553161889314650934e-01 1.275270700454711914e+00 0.000000000000000000e+00 0.000000000000000000e+00 0.000000000000000000e+00 1.000000000000000000e+00
1.716364368852710247e+09 4.682325839996337891e+00 1.089463904500006936e-01 1.276778221130371094e+00 0.000000000000000000e+00 0.000000000000000000e+00 0.000000000000000000e+00 1.000000000000000000e+00
1.716364368902823210e+09 4.644246578216552734e+00 6.131601706147189745e-02 1.278958201408386230e+00 0.000000000000000000e+00 0.000000000000000000e+00 0.000000000000000000e+00 1.000000000000000000e+00
1.716364368953265905e+09 4.625650882720947266e+00 1.545280590653409954e-02 1.279961585998535156e+00 0.000000000000000000e+00 0.000000000000000000e+00 0.000000000000000000e+00 1.000000000000000000e+00
1.716364369003395319e+09 4.606550693511962891e+00 -3.343870490789409983e-02 1.280261993408203125e+00 0.000000000000000000e+00 0.000000000000000000e+00 0.000000000000000000e+00 1.000000000000000000e+00
1.716364369053677082e+09 4.587937355041503906e+00 -8.087977766990660233e-02 1.280153036117553711e+00 0.000000000000000000e+00 0.000000000000000000e+00 0.000000000000000000e+00 1.000000000000000000e+00
1.716364369103851557e+09 4.569748878479003906e+00 -1.304561495780943992e-01 1.279613733291625977e+00 0.000000000000000000e+00 0.000000000000000000e+00 0.000000000000000000e+00 1.000000000000000000e+00
1.716364369204273939e+09 4.517806053161621094e+00 -2.270042598247528076e-01 1.278297305107116699e+00 0.000000000000000000e+00 0.000000000000000000e+00 0.000000000000000000e+00 1.000000000000000000e+00
1.716364369254722118e+09 4.499995231628417969e+00 -2.755697667598723810e-01 1.276840567588806152e+00 0.000000000000000000e+00 0.000000000000000000e+00 0.000000000000000000e+00 1.000000000000000000e+00
1.716364369304586649e+09 4.482617378234863281e+00 -3.244667351245880127e-01 1.275392651557922363e+00 0.000000000000000000e+00 0.000000000000000000e+00 0.000000000000000000e+00 1.000000000000000000e+00
1.716364369354811192e+09 4.465655326843261719e+00 -3.733381330966948908e-01 1.273268461227416992e+00 0.000000000000000000e+00 0.000000000000000000e+00 0.000000000000000000e+00 1.000000000000000000e+00
1.716364369455030203e+09 4.435017585754394531e+00 -4.227038025856018066e-01 1.271334648132324219e+00 0.000000000000000000e+00 0.000000000000000000e+00 0.000000000000000000e+00 1.000000000000000000e+00
1.716364369505714893e+09 4.398461341857910156e+00 -5.174208283424377441e-01 1.265129566192626953e+00 0.000000000000000000e+00 0.000000000000000000e+00 0.000000000000000000e+00 1.000000000000000000e+00
1.716364369555457354e+09 4.380180835723876953e+00 -5.657501220703125000e-01 1.260851144790649414e+00 0.000000000000000000e+00 0.000000000000000000e+00 0.000000000000000000e+00 1.000000000000000000e+00
1.716364369605667591e+09 4.361299514770507812e+00 -6.139392852783203125e-01 1.255842089653015137e+00 0.000000000000000000e+00 0.000000000000000000e+00 0.000000000000000000e+00 1.000000000000000000e+00
1.716364369655882359e+09 4.331976890563964844e+00 -6.604127287864685059e-01 1.251140475273132324e+00 0.000000000000000000e+00 0.000000000000000000e+00 0.000000000000000000e+00 1.000000000000000000e+00
1.716364369706070185e+09 4.310902595520020419e+00 -7.082504034042358398e-01 1.245208740234375000e+00 0.000000000000000000e+00 0.000000000000000000e+00 0.000000000000000000e+00 1.000000000000000000e+00
1.716364369756184101e+09 4.290069580078125000e+00 -7.567310929298400879e-01 1.238274693489074707e+00 0.000000000000000000e+00 0.000000000000000000e+00 0.000000000000000000e+00 1.000000000000000000e+00
1.716364369806623697e+09 4.268693923950195312e+00 -8.046604990959167480e-01 1.231052279472351074e+00 0.000000000000000000e+00 0.000000000000000000e+00 0.000000000000000000e+00 1.000000000000000000e+00
1.716364369856557608e+09 4.246728897094726562e+00 -8.522217869758605957e-01 1.223226904869079590e+00 0.000000000000000000e+00 0.000000000000000000e+00 0.000000000000000000e+00 1.000000000000000000e+00
1.716364369906656981e+09 4.213362216949462891e+00 -8.974326252937316895e-01 1.215331435203552246e+00 0.000000000000000000e+00 0.000000000000000000e+00 0.000000000000000000e+00 1.000000000000000000e+00
1.716364369956802845e+09 4.191092491149902344e+00 -9.449051618576049805e-01 1.206276178359985352e+00 0.000000000000000000e+00 0.000000000000000000e+00 0.000000000000000000e+00 1.000000000000000000e+00
1.716364370006911039e+09 4.168288707733154297e+00 -9.917204380035400391e-01 1.196636080741882324e+00 0.000000000000000000e+00 0.000000000000000000e+00 0.000000000000000000e+00 1.000000000000000000e+00
1.716364370057060719e+09 4.144896030426025391e+00 -1.038162589073181152e+00 1.186496853828430176e+00 0.000000000000000000e+00 0.000000000000000000e+00 0.000000000000000000e+00 1.000000000000000000e+00
1.716364370159365654e+09 4.111232757568359375e+00 -1.081838607788085938e+00 1.176623940467834473e+00 0.000000000000000000e+00 0.000000000000000000e+00 0.000000000000000000e+00 1.000000000000000000e+00
1.716364370207408190e+09 4.061084747314453125e+00 -1.174262762069701926e+00 1.153964877128601074e+00 0.000000000000000000e+00 0.000000000000000000e+00 0.000000000000000000e+00 1.000000000000000000e+00
1.716364370257591009e+09 4.022708415985107422e+00 -1.219355583190917969e+00 1.142244815826416016e+00 0.000000000000000000e+00 0.000000000000000000e+00 0.000000000000000000e+00 1.000000000000000000e+00
1.716364370307840109e+09 3.995588302612304688e+00 -1.259823560714721680e+00 1.131094455718993919e+00 0.000000000000000000e+00 0.000000000000000000e+00 0.000000000000000000e+00 1.000000000000000000e+00
1.716364370357969522e+09 3.966662168502808061e+00 -1.303745269775390625e+00 1.119000554084777832e+00 0.000000000000000000e+00 0.000000000000000000e+00 0.000000000000000000e+00 1.000000000000000000e+00
1.716364370408224821e+09 3.937946796417235884e+00 -1.348075151443481445e+00 1.106755614280700906e+00 0.000000000000000000e+00 0.000000000000000000e+00 0.000000000000000000e+00 1.000000000000000000e+00
1.716364370458379030e+09 3.908094406127929688e+00 -1.393484592437743919e+00 1.094138503074645996e+00 0.000000000000000000e+00 0.000000000000000000e+00 0.000000000000000000e+00 1.000000000000000000e+00
1.716364370508608341e+09 3.878967523574829102e+00 -1.440510869026184082e+00 1.081013202667236328e+00 0.000000000000000000e+00 0.000000000000000000e+00 0.000000000000000000e+00 1.000000000000000000e+00
1.716364370558887005e+09 3.850259065628052202e+00 -1.481899738311767578e+00 1.069151997566223145e+00 0.000000000000000000e+00 0.000000000000000000e+00 0.000000000000000000e+00 1.000000000000000000e+00
1.716364370609183073e+09 3.819413900375366211e+00 -1.526582956314086914e+00 1.055914282798767090e+00 0.000000000000000000e+00 0.000000000000000000e+00 0.000000000000000000e+00 1.000000000000000000e+00
1.716364370659406185e+09 3.789166688919067383e+00 -1.572896599769592507e+00 1.041719436645507812e+00 0.000000000000000000e+00 0.000000000000000000e+00 0.000000000000000000e+00 1.000000000000000000e+00
1.716364370760090113e+09 3.752428293228148970e+00 -1.614739894866943359e+00 1.028339028358459695e+00 0.000000000000000000e+00 0.000000000000000000e+00 0.000000000000000000e+00 1.000000000000000000e+00
1.716364370810183764e+09 3.693699121475220171e+00 -1.707701325416564941e+00 9.963172674179076038e-01 0.000000000000000000e+00 0.000000000000000000e+00 0.000000000000000000e+00 1.000000000000000000e+00
1.716364370860641956e+09 3.664502382278441495e+00 -1.755310297012329102e+00 9.788561463356018066e-01 0.000000000000000000e+00 0.000000000000000000e+00 0.000000000000000000e+00 1.000000000000000000e+00
1.716364370910635471e+09 3.634366512298583984e+00 -1.802795767784118874e+00 9.609545469284057617e-01 0.000000000000000000e+00 0.000000000000000000e+00 0.000000000000000000e+00 1.000000000000000000e+00
1.716364370962038040e+09 3.605117321014403853e+00 -1.846898674964904785e+00 9.438175559043884277e-01 0.000000000000000000e+00 0.000000000000000000e+00 0.000000000000000000e+00 1.000000000000000000e+00
1.716364371011042595e+09 3.574679136276245117e+00 -1.893467903137207031e+00 9.256186485290528454e-01 0.000000000000000000e+00 0.000000000000000000e+00 0.000000000000000000e+00 1.000000000000000000e+00
1.716364371061328888e+09 3.543470382690429688e+00 -1.941606402397155984e+00 9.068111181259156384e-01 0.000000000000000000e+00 0.000000000000000000e+00 0.000000000000000000e+00 1.000000000000000000e+00
1.716364371162682533e+09 3.515939474105834961e+00 -1.989769816398620828e+00 8.884962201118469238e-01 0.000000000000000000e+00 0.000000000000000000e+00 0.000000000000000000e+00 1.000000000000000000e+00
1.716364371211989403e+09 3.487846374511718750e+00 -2.039241313934326172e+00 8.702292442321777344e-01 0.000000000000000000e+00 0.000000000000000000e+00 0.000000000000000000e+00 1.000000000000000000e+00
1.716364371262100220e+09 3.459955692291260210e+00 -2.088808774948120117e+00 8.525556921958923340e-01 0.000000000000000000e+00 0.000000000000000000e+00 0.000000000000000000e+00 1.000000000000000000e+00
1.716364371312363625e+09 3.404817342758178711e+00 -2.188574552536010742e+00 8.200287222862243652e-01 0.000000000000000000e+00 0.000000000000000000e+00 0.000000000000000000e+00 1.000000000000000000e+00
1.716364371362573147e+09 3.377659320831298828e+00 -2.238705396652221680e+00 8.052539825439453125e-01 0.000000000000000000e+00 0.000000000000000000e+00 0.000000000000000000e+00 1.000000000000000000e+00
1.716364371463121653e+09 3.354675054550170898e+00 -2.297009706497192383e+00 7.891459465026855469e-01 0.000000000000000000e+00 0.000000000000000000e+00 0.000000000000000000e+00 1.000000000000000000e+00
1.716364371513413906e+09 3.327814817428588867e+00 -2.346353292465209961e+00 7.773621082305908203e-01 0.000000000000000000e+00 0.000000000000000000e+00 0.000000000000000000e+00 1.000000000000000000e+00
1.716364371563419819e+09 3.273940086364746094e+00 -2.449135780334472656e+00 7.573970556259155273e-01 0.000000000000000000e+00 0.000000000000000000e+00 0.000000000000000000e+00 1.000000000000000000e+00
1.716364371613509417e+09 3.246336221694946289e+00 -2.500024080276489258e+00 7.496400475502014160e-01 0.000000000000000000e+00 0.000000000000000000e+00 0.000000000000000000e+00 1.000000000000000000e+00
1.716364371663860321e+09 3.219112873077392578e+00 -2.552776813507080078e+00 7.431685924530029297e-01 0.000000000000000000e+00 0.000000000000000000e+00 0.000000000000000000e+00 1.000000000000000000e+00
1.716364371714124441e+09 3.163780689239501953e+00 -2.655092000961304155e+00 7.344874143600463867e-01 0.000000000000000000e+00 0.000000000000000000e+00 0.000000000000000000e+00 1.000000000000000000e+00
1.716364371864748716e+09 3.146147966384888139e+00 -2.716730833053588867e+00 7.294635176658630371e-01 0.000000000000000000e+00 0.000000000000000000e+00 0.000000000000000000e+00 1.000000000000000000e+00
1.716364371914942503e+09 3.116764068603516069e+00 -2.769917011260986328e+00 7.279937267303466797e-01 0.000000000000000000e+00 0.000000000000000000e+00 0.000000000000000000e+00 1.000000000000000000e+00
1.716364371965181589e+09 3.089350461959838867e+00 -2.821385383605957031e+00 7.272052168846130371e-01 0.000000000000000000e+00 0.000000000000000000e+00 0.000000000000000000e+00 1.000000000000000000e+00
1.716364372015257597e+09 3.036123514175415039e+00 -2.929935932159423828e+00 7.268552184104919434e-01 0.000000000000000000e+00 0.000000000000000000e+00 0.000000000000000000e+00 1.000000000000000000e+00
1.716364372065509319e+09 3.007829904556274414e+00 -2.986696958541870117e+00 7.279185056686401367e-01 0.000000000000000000e+00 0.000000000000000000e+00 0.000000000000000000e+00 1.000000000000000000e+00
1.716364372115729570e+09 2.978493928909301758e+00 -3.040666103363037109e+00 7.299270629882812500e-01 0.000000000000000000e+00 0.000000000000000000e+00 0.000000000000000000e+00 1.000000000000000000e+00
1.716364372166036129e+09 2.920276403427124023e+00 -3.153427124023437056e+00 7.350645065307617188e-01 0.000000000000000000e+00 0.000000000000000000e+00 0.000000000000000000e+00 1.000000000000000000e+00
1.716364372216109276e+09 2.890323162078857422e+00 -3.210423231124877930e+00 7.384433746337890625e-01 0.000000000000000000e+00 0.000000000000000000e+00 0.000000000000000000e+00 1.000000000000000000e+00
1.716364372316464424e+09 2.859644889831542969e+00 -3.264395952224731445e+00 7.426013350486755371e-01 0.000000000000000000e+00 0.000000000000000000e+00 0.000000000000000000e+00 1.000000000000000000e+00
1.716364372416846514e+09 2.816906452178955078e+00 -3.401765823364257812e+00 7.474983334541320801e-01 0.000000000000000000e+00 0.000000000000000000e+00 0.000000000000000000e+00 1.000000000000000000e+00
1.716364372467066526e+09 2.758274078369140625e+00 -3.520313262939453125e+00 7.587372064590454102e-01 0.000000000000000000e+00 0.000000000000000000e+00 0.000000000000000000e+00 1.000000000000000000e+00
1.716364372567361116e+09 2.729227781295776367e+00 -3.582402944564819780e+00 7.649431824684143066e-01 0.000000000000000000e+00 0.000000000000000000e+00 0.000000000000000000e+00 1.000000000000000000e+00
1.716364372617565632e+09 2.699840545654296875e+00 -3.646287441253662109e+00 7.715398669242858887e-01 0.000000000000000000e+00 0.000000000000000000e+00 0.000000000000000000e+00 1.000000000000000000e+00
1.716364372668113708e+09 2.691321372985839844e+00 -3.737994670867919922e+00 7.730436921119689941e-01 0.000000000000000000e+00 0.000000000000000000e+00 0.000000000000000000e+00 1.000000000000000000e+00
1.716364372717931747e+09 2.662746191024780273e+00 -3.801826238632202148e+00 7.803301215171813965e-01 0.000000000000000000e+00 0.000000000000000000e+00 0.000000000000000000e+00 1.000000000000000000e+00
1.716364372818392992e+09 2.606613397598266602e+00 -3.934617042541503906e+00 7.961004972457885742e-01 0.000000000000000000e+00 0.000000000000000000e+00 0.000000000000000000e+00 1.000000000000000000e+00
1.716364372868980408e+09 2.582963228225708008e+00 -3.999669551849364790e+00 8.036660552024841309e-01 0.000000000000000000e+00 0.000000000000000000e+00 0.000000000000000000e+00 1.000000000000000000e+00
1.716364372918860435e+09 2.529695272445678711e+00 -4.130374908447265625e+00 8.218278884887695312e-01 0.000000000000000000e+00 0.000000000000000000e+00 0.000000000000000000e+00 1.000000000000000000e+00
1.716364373069427013e+09 2.503330469131469727e+00 -4.295137405395507812e+00 8.355596661567687988e-01 0.000000000000000000e+00 0.000000000000000000e+00 0.000000000000000000e+00 1.000000000000000000e+00
1.716364373119613886e+09 2.480885267257690430e+00 -4.361956596374511719e+00 8.460383415222167969e-01 0.000000000000000000e+00 0.000000000000000000e+00 0.000000000000000000e+00 1.000000000000000000e+00
1.716364373170045853e+09 2.437110185623168945e+00 -4.489826202392578125e+00 8.692760467529296875e-01 0.000000000000000000e+00 0.000000000000000000e+00 0.000000000000000000e+00 1.000000000000000000e+00
1.716364373220485449e+09 2.418709754943848100e+00 -4.555032730102539062e+00 8.813481926918029785e-01 0.000000000000000000e+00 0.000000000000000000e+00 0.000000000000000000e+00 1.000000000000000000e+00
1.716364373321012259e+09 2.424667596817016602e+00 -4.661938190460205078e+00 8.881677389144897461e-01 0.000000000000000000e+00 0.000000000000000000e+00 0.000000000000000000e+00 1.000000000000000000e+00
1.716364373371406078e+09 2.413390636444091797e+00 -4.730353355407714844e+00 9.001116752624511719e-01 0.000000000000000000e+00 0.000000000000000000e+00 0.000000000000000000e+00 1.000000000000000000e+00
1.716364373421489000e+09 2.403410196304321289e+00 -4.795521259307861328e+00 9.126965403556823730e-01 0.000000000000000000e+00 0.000000000000000000e+00 0.000000000000000000e+00 1.000000000000000000e+00
1.716364373471761942e+09 2.393297672271728516e+00 -4.855993270874023438e+00 9.260827302932740368e-01 0.000000000000000000e+00 0.000000000000000000e+00 0.000000000000000000e+00 1.000000000000000000e+00
1.716364373572184563e+09 2.377629041671752930e+00 -4.972878932952880859e+00 9.549016356468199573e-01 0.000000000000000000e+00 0.000000000000000000e+00 0.000000000000000000e+00 1.000000000000000000e+00
1.716364373622249126e+09 2.369059801101685014e+00 -5.091279983520507812e+00 9.878671169281005859e-01 0.000000000000000000e+00 0.000000000000000000e+00 0.000000000000000000e+00 1.000000000000000000e+00
1.716364373722830057e+09 2.390609502792358398e+00 -5.189546585083007812e+00 9.979692697525024414e-01 0.000000000000000000e+00 0.000000000000000000e+00 0.000000000000000000e+00 1.000000000000000000e+00
1.716364373827097178e+09 2.393936157226562500e+00 -5.298017024993896484e+00 1.032063961029052734e+00 0.000000000000000000e+00 0.000000000000000000e+00 0.000000000000000000e+00 1.000000000000000000e+00
1.716364373923855543e+09 2.416606903076171875e+00 -5.457748413085937500e+00 1.083364605903625710e+00 0.000000000000000000e+00 0.000000000000000000e+00 0.000000000000000000e+00 1.000000000000000000e+00
1.716364373974764109e+09 2.425806999206542969e+00 -5.505346775054931641e+00 1.101316690444946289e+00 0.000000000000000000e+00 0.000000000000000000e+00 0.000000000000000000e+00 1.000000000000000000e+00
1.716364374074240208e+09 2.455412387847900391e+00 -5.595151424407958984e+00 1.116858243942260742e+00 0.000000000000000000e+00 0.000000000000000000e+00 0.000000000000000000e+00 1.000000000000000000e+00
1.716364374124719858e+09 2.467647552490234375e+00 -5.641272544860839844e+00 1.135539770126342773e+00 0.000000000000000000e+00 0.000000000000000000e+00 0.000000000000000000e+00 1.000000000000000000e+00
1.716364374174716711e+09 2.494753837585449219e+00 -5.727749824523925781e+00 1.173225164413451926e+00 0.000000000000000000e+00 0.000000000000000000e+00 0.000000000000000000e+00 1.000000000000000000e+00
1.716364374225127220e+09 2.511433362960815430e+00 -5.773884773254394531e+00 1.192301273345947266e+00 0.000000000000000000e+00 0.000000000000000000e+00 0.000000000000000000e+00 1.000000000000000000e+00
1.716364374325330973e+09 2.544000148773193359e+00 -5.854370117187500000e+00 1.208452939987182617e+00 0.000000000000000000e+00 0.000000000000000000e+00 0.000000000000000000e+00 1.000000000000000000e+00
1.716364374375452757e+09 2.560531377792358398e+00 -5.896019458770751953e+00 1.226768612861633301e+00 0.000000000000000000e+00 0.000000000000000000e+00 0.000000000000000000e+00 1.000000000000000000e+00
1.716364374426032543e+09 2.593168497085571733e+00 -5.975937366485595703e+00 1.260970711708068848e+00 0.000000000000000000e+00 0.000000000000000000e+00 0.000000000000000000e+00 1.000000000000000000e+00
1.716364374475900173e+09 2.610013961791992188e+00 -6.015008926391601562e+00 1.277281403541564941e+00 0.000000000000000000e+00 0.000000000000000000e+00 0.000000000000000000e+00 1.000000000000000000e+00
1.716364374576290846e+09 2.646885633468627930e+00 -6.090394973754882812e+00 1.305257797241210938e+00 0.000000000000000000e+00 0.000000000000000000e+00 0.000000000000000000e+00 1.000000000000000000e+00
1.716364374676663876e+09 2.683790445327758789e+00 -6.165219783782958984e+00 1.317484974861145020e+00 0.000000000000000000e+00 0.000000000000000000e+00 0.000000000000000000e+00 1.000000000000000000e+00
1.716364374726969957e+09 2.705851316452026367e+00 -6.201771259307861328e+00 1.330905795097351074e+00 0.000000000000000000e+00 0.000000000000000000e+00 0.000000000000000000e+00 1.000000000000000000e+00
1.716364374827205896e+09 2.773550748825072798e+00 -6.299484729766845703e+00 1.364392638206481934e+00 0.000000000000000000e+00 0.000000000000000000e+00 0.000000000000000000e+00 1.000000000000000000e+00
1.716364374927576065e+09 2.812005996704101562e+00 -6.364655494689941406e+00 1.372914075851440430e+00 0.000000000000000000e+00 0.000000000000000000e+00 0.000000000000000000e+00 1.000000000000000000e+00
1.716364374977768421e+09 2.836783885955810547e+00 -6.395392417907714844e+00 1.381891012191772461e+00 0.000000000000000000e+00 0.000000000000000000e+00 0.000000000000000000e+00 1.000000000000000000e+00
1.716364375078400373e+09 2.888601541519165039e+00 -6.454647541046142578e+00 1.398187160491943359e+00 0.000000000000000000e+00 0.000000000000000000e+00 0.000000000000000000e+00 1.000000000000000000e+00
1.716364375128553629e+09 2.930471420288085938e+00 -6.517056941986083984e+00 1.405005455017089844e+00 0.000000000000000000e+00 0.000000000000000000e+00 0.000000000000000000e+00 1.000000000000000000e+00
1.716364375180210590e+09 2.988839149475097656e+00 -6.575314998626708984e+00 1.418337583541869895e+00 0.000000000000000000e+00 0.000000000000000000e+00 0.000000000000000000e+00 1.000000000000000000e+00
1.716364375228684902e+09 3.019788742065429688e+00 -6.603020191192626953e+00 1.424123764038085938e+00 0.000000000000000000e+00 0.000000000000000000e+00 0.000000000000000000e+00 1.000000000000000000e+00
1.716364375330722809e+09 3.081886053085327148e+00 -6.655981540679931641e+00 1.434020161628723145e+00 0.000000000000000000e+00 0.000000000000000000e+00 0.000000000000000000e+00 1.000000000000000000e+00
1.716364375430795670e+09 3.128609895706176758e+00 -6.713696479797363281e+00 1.438398718833923118e+00 0.000000000000000000e+00 0.000000000000000000e+00 0.000000000000000000e+00 1.000000000000000000e+00
1.716364375480260849e+09 3.161454200744628906e+00 -6.738102912902832031e+00 1.442250967025756836e+00 0.000000000000000000e+00 0.000000000000000000e+00 0.000000000000000000e+00 1.000000000000000000e+00
1.716364375580335140e+09 3.243228673934936523e+00 -6.813417434692382812e+00 1.449563741683959961e+00 0.000000000000000000e+00 0.000000000000000000e+00 0.000000000000000000e+00 1.000000000000000000e+00
1.716364375630765915e+09 3.277262449264526367e+00 -6.833746910095214844e+00 1.453596234321594238e+00 0.000000000000000000e+00 0.000000000000000000e+00 0.000000000000000000e+00 1.000000000000000000e+00
1.716364375680978537e+09 3.311489820480346680e+00 -6.852797985076904297e+00 1.457263588905334473e+00 0.000000000000000000e+00 0.000000000000000000e+00 0.000000000000000000e+00 1.000000000000000000e+00
1.716364375730792999e+09 3.381531476974487749e+00 -6.896575927734375000e+00 1.464327931404113770e+00 0.000000000000000000e+00 0.000000000000000000e+00 0.000000000000000000e+00 1.000000000000000000e+00
1.716364375831232548e+09 3.430878400802612305e+00 -6.941394805908203125e+00 1.467318415641784890e+00 0.000000000000000000e+00 0.000000000000000000e+00 0.000000000000000000e+00 1.000000000000000000e+00
1.716364375881456852e+09 3.466155052185058594e+00 -6.959617614746093750e+00 1.469110488891601562e+00 0.000000000000000000e+00 0.000000000000000000e+00 0.000000000000000000e+00 1.000000000000000000e+00
1.716364375931666374e+09 3.498753309249877930e+00 -6.975747108459472656e+00 1.470181703567504883e+00 0.000000000000000000e+00 0.000000000000000000e+00 0.000000000000000000e+00 1.000000000000000000e+00
1.716364375982517004e+09 3.568644523620605025e+00 -7.005405426025390625e+00 1.469407916069030762e+00 0.000000000000000000e+00 0.000000000000000000e+00 0.000000000000000000e+00 1.000000000000000000e+00
1.716364376032244921e+09 3.603055238723754883e+00 -7.019255638122558594e+00 1.468068718910217285e+00 0.000000000000000000e+00 0.000000000000000000e+00 0.000000000000000000e+00 1.000000000000000000e+00
1.716364376132714033e+09 3.682044744491577148e+00 -7.067336082458496094e+00 1.463547110557556152e+00 0.000000000000000000e+00 0.000000000000000000e+00 0.000000000000000000e+00 1.000000000000000000e+00
1.716364376183589697e+09 3.716599225997924805e+00 -7.079724311828613281e+00 1.459719181060791016e+00 0.000000000000000000e+00 0.000000000000000000e+00 0.000000000000000000e+00 1.000000000000000000e+00
1.716364376233389378e+09 3.751454830169677734e+00 -7.089598655700683594e+00 1.455073833465576172e+00 0.000000000000000000e+00 0.000000000000000000e+00 0.000000000000000000e+00 1.000000000000000000e+00
1.716364376283990383e+09 3.801120996475220171e+00 -7.128865718841552734e+00 1.448445200920104980e+00 0.000000000000000000e+00 0.000000000000000000e+00 0.000000000000000000e+00 1.000000000000000000e+00
1.716364376334125757e+09 3.834780693054199219e+00 -7.136902809143066406e+00 1.441530227661132812e+00 0.000000000000000000e+00 0.000000000000000000e+00 0.000000000000000000e+00 1.000000000000000000e+00
1.716364376383914948e+09 3.868476152420043945e+00 -7.145950794219970703e+00 1.433544158935546875e+00 0.000000000000000000e+00 0.000000000000000000e+00 0.000000000000000000e+00 1.000000000000000000e+00
1.716364376433877230e+09 3.902556180953979936e+00 -7.154684066772460938e+00 1.424743056297302246e+00 0.000000000000000000e+00 0.000000000000000000e+00 0.000000000000000000e+00 1.000000000000000000e+00
1.716364376534959555e+09 3.982757806777954102e+00 -7.193725109100341797e+00 1.404559612274169922e+00 0.000000000000000000e+00 0.000000000000000000e+00 0.000000000000000000e+00 1.000000000000000000e+00
1.716364376584779263e+09 4.017990112304688388e+00 -7.203771114349365234e+00 1.393747925758361816e+00 0.000000000000000000e+00 0.000000000000000000e+00 0.000000000000000000e+00 1.000000000000000000e+00
1.716364376635513544e+09 4.053064823150634766e+00 -7.211490631103515625e+00 1.382021665573119895e+00 0.000000000000000000e+00 0.000000000000000000e+00 0.000000000000000000e+00 1.000000000000000000e+00
1.716364376685308456e+09 4.099275588989257812e+00 -7.241520881652832031e+00 1.370439052581787109e+00 0.000000000000000000e+00 0.000000000000000000e+00 0.000000000000000000e+00 1.000000000000000000e+00
1.716364376736213446e+09 4.134270668029785156e+00 -7.250214099884033203e+00 1.359119772911071777e+00 0.000000000000000000e+00 0.000000000000000000e+00 0.000000000000000000e+00 1.000000000000000000e+00
1.716364376786875963e+09 4.166147708892822266e+00 -7.257150173187255859e+00 1.349053025245666504e+00 0.000000000000000000e+00 0.000000000000000000e+00 0.000000000000000000e+00 1.000000000000000000e+00
1.716364376837287903e+09 4.201641559600830078e+00 -7.266513824462890625e+00 1.338539958000183105e+00 0.000000000000000000e+00 0.000000000000000000e+00 0.000000000000000000e+00 1.000000000000000000e+00
1.716364376936393499e+09 4.249544620513916016e+00 -7.296315670013427734e+00 1.327770829200744629e+00 0.000000000000000000e+00 0.000000000000000000e+00 0.000000000000000000e+00 1.000000000000000000e+00
1.716364376986841440e+09 4.318075656890869141e+00 -7.314856529235839844e+00 1.309355974197387695e+00 0.000000000000000000e+00 0.000000000000000000e+00 0.000000000000000000e+00 1.000000000000000000e+00
1.716364377036662579e+09 4.353793144226074219e+00 -7.323705196380615234e+00 1.300243020057678223e+00 0.000000000000000000e+00 0.000000000000000000e+00 0.000000000000000000e+00 1.000000000000000000e+00
1.716364377088569403e+09 4.387801647186279297e+00 -7.332329273223876953e+00 1.291963815689086914e+00 0.000000000000000000e+00 0.000000000000000000e+00 0.000000000000000000e+00 1.000000000000000000e+00
1.716364377188543558e+09 4.469317436218261719e+00 -7.372668266296386719e+00 1.274236321449279785e+00 0.000000000000000000e+00 0.000000000000000000e+00 0.000000000000000000e+00 1.000000000000000000e+00
1.716364377238635778e+09 4.503621578216552734e+00 -7.383174896240234375e+00 1.265691995620727539e+00 0.000000000000000000e+00 0.000000000000000000e+00 0.000000000000000000e+00 1.000000000000000000e+00
1.716364377288553953e+09 4.536417484283447266e+00 -7.392175674438476562e+00 1.257212162017822488e+00 0.000000000000000000e+00 0.000000000000000000e+00 0.000000000000000000e+00 1.000000000000000000e+00
1.716364377338333845e+09 4.583684921264648438e+00 -7.423836231231689453e+00 1.246607780456542969e+00 0.000000000000000000e+00 0.000000000000000000e+00 0.000000000000000000e+00 1.000000000000000000e+00
1.716364377388981819e+09 4.617363929748535156e+00 -7.432032108306884766e+00 1.235339522361755371e+00 0.000000000000000000e+00 0.000000000000000000e+00 0.000000000000000000e+00 1.000000000000000000e+00
1.716364377439034462e+09 4.652408599853515625e+00 -7.442801475524902344e+00 1.223554372787475586e+00 0.000000000000000000e+00 0.000000000000000000e+00 0.000000000000000000e+00 1.000000000000000000e+00
1.716364377488945723e+09 4.687867164611816406e+00 -7.454365730285644531e+00 1.210856437683105691e+00 0.000000000000000000e+00 0.000000000000000000e+00 0.000000000000000000e+00 1.000000000000000000e+00
1.716364377538952112e+09 4.720925331115722656e+00 -7.462617397308349609e+00 1.198160290718078613e+00 0.000000000000000000e+00 0.000000000000000000e+00 0.000000000000000000e+00 1.000000000000000000e+00
1.716364377639523983e+09 4.800493717193604404e+00 -7.501052856445311612e+00 1.171145558357238770e+00 0.000000000000000000e+00 0.000000000000000000e+00 0.000000000000000000e+00 1.000000000000000000e+00
1.716364377690013409e+09 4.833388328552246094e+00 -7.510282993316650391e+00 1.157539248466491699e+00 0.000000000000000000e+00 0.000000000000000000e+00 0.000000000000000000e+00 1.000000000000000000e+00
1.716364377790126085e+09 4.912700653076171875e+00 -7.548218727111816406e+00 1.127949118614196777e+00 0.000000000000000000e+00 0.000000000000000000e+00 0.000000000000000000e+00 1.000000000000000000e+00
1.716364377840422630e+09 4.945567607879638672e+00 -7.555941581726074219e+00 1.113181233406066895e+00 0.000000000000000000e+00 0.000000000000000000e+00 0.000000000000000000e+00 1.000000000000000000e+00
1.716364377941012383e+09 5.025145530700683594e+00 -7.594285011291503906e+00 1.082538127899169922e+00 0.000000000000000000e+00 0.000000000000000000e+00 0.000000000000000000e+00 1.000000000000000000e+00
1.716364377991065264e+09 5.057448387145996094e+00 -7.602102279663085938e+00 1.067863225936889648e+00 0.000000000000000000e+00 0.000000000000000000e+00 0.000000000000000000e+00 1.000000000000000000e+00
1.716364378091382742e+09 5.123245716094970703e+00 -7.616619110107421875e+00 1.037764310836791992e+00 0.000000000000000000e+00 0.000000000000000000e+00 0.000000000000000000e+00 1.000000000000000000e+00
1.716364378141642094e+09 5.156591892242431641e+00 -7.623398303985595703e+00 1.022193670272827148e+00 0.000000000000000000e+00 0.000000000000000000e+00 0.000000000000000000e+00 1.000000000000000000e+00
1.716364378242522717e+09 5.236888885498046875e+00 -7.656435489654541016e+00 9.905975461006164551e-01 0.000000000000000000e+00 0.000000000000000000e+00 0.000000000000000000e+00 1.000000000000000000e+00
1.716364378294030190e+09 5.269618988037109375e+00 -7.660993576049804688e+00 9.763665795326231800e-01 0.000000000000000000e+00 0.000000000000000000e+00 0.000000000000000000e+00 1.000000000000000000e+00
1.716364378342559576e+09 5.303203105926513672e+00 -7.666100978851318359e+00 9.624730944633483887e-01 0.000000000000000000e+00 0.000000000000000000e+00 0.000000000000000000e+00 1.000000000000000000e+00
1.716364378393022537e+09 5.336972713470458984e+00 -7.670987129211425781e+00 9.486957788467408337e-01 0.000000000000000000e+00 0.000000000000000000e+00 0.000000000000000000e+00 1.000000000000000000e+00
1.716364378442887783e+09 5.384926795959472656e+00 -7.696270942687988281e+00 9.329432249069213867e-01 0.000000000000000000e+00 0.000000000000000000e+00 0.000000000000000000e+00 1.000000000000000000e+00
1.716364378493171453e+09 5.418789863586425781e+00 -7.700772762298583984e+00 9.175848364830015980e-01 0.000000000000000000e+00 0.000000000000000000e+00 0.000000000000000000e+00 1.000000000000000000e+00
1.716364378543313503e+09 5.452606201171875000e+00 -7.705087661743164062e+00 9.007185697555541992e-01 0.000000000000000000e+00 0.000000000000000000e+00 0.000000000000000000e+00 1.000000000000000000e+00
1.716364378594465256e+09 5.486513614654541016e+00 -7.707922458648681641e+00 8.829151988029479980e-01 0.000000000000000000e+00 0.000000000000000000e+00 0.000000000000000000e+00 1.000000000000000000e+00
1.716364378643685579e+09 5.533613681793212891e+00 -7.730638504028320312e+00 8.634930253028869629e-01 0.000000000000000000e+00 0.000000000000000000e+00 0.000000000000000000e+00 1.000000000000000000e+00
1.716364378693835497e+09 5.565347194671630859e+00 -7.734909534454345703e+00 8.470724225044250488e-01 0.000000000000000000e+00 0.000000000000000000e+00 0.000000000000000000e+00 1.000000000000000000e+00
1.716364378744198084e+09 5.598052501678466797e+00 -7.740842342376708984e+00 8.305401206016540527e-01 0.000000000000000000e+00 0.000000000000000000e+00 0.000000000000000000e+00 1.000000000000000000e+00
1.716364378794219255e+09 5.642385482788085938e+00 -7.766705036163330078e+00 8.137294650077819824e-01 0.000000000000000000e+00 0.000000000000000000e+00 0.000000000000000000e+00 1.000000000000000000e+00
1.716364378844479561e+09 5.671688079833984375e+00 -7.772584438323974609e+00 7.986672520637512207e-01 0.000000000000000000e+00 0.000000000000000000e+00 0.000000000000000000e+00 1.000000000000000000e+00
1.716364378894669056e+09 5.701366424560546875e+00 -7.779353618621826172e+00 7.835900187492370605e-01 0.000000000000000000e+00 0.000000000000000000e+00 0.000000000000000000e+00 1.000000000000000000e+00
1.716364378945398092e+09 5.729993820190429688e+00 -7.786894798278808594e+00 7.693058252334594727e-01 0.000000000000000000e+00 0.000000000000000000e+00 0.000000000000000000e+00 1.000000000000000000e+00
1.716364378995032310e+09 5.771543979644775391e+00 -7.809624195098876953e+00 7.535687088966369629e-01 0.000000000000000000e+00 0.000000000000000000e+00 0.000000000000000000e+00 1.000000000000000000e+00
1.716364379045285940e+09 5.798975944519042969e+00 -7.813109874725341797e+00 7.412391901016235352e-01 0.000000000000000000e+00 0.000000000000000000e+00 0.000000000000000000e+00 1.000000000000000000e+00
1.716364379095354795e+09 5.825177192687988281e+00 -7.817626476287841797e+00 7.307844161987304688e-01 0.000000000000000000e+00 0.000000000000000000e+00 0.000000000000000000e+00 1.000000000000000000e+00
1.716364379145922899e+09 5.850378513336181641e+00 -7.823018550872802734e+00 7.221933007240295410e-01 0.000000000000000000e+00 0.000000000000000000e+00 0.000000000000000000e+00 1.000000000000000000e+00
1.716364379196463108e+09 5.872966289520263672e+00 -7.829252243041992188e+00 7.154259681701660156e-01 0.000000000000000000e+00 0.000000000000000000e+00 0.000000000000000000e+00 1.000000000000000000e+00
1.716364379296583652e+09 5.906137943267822266e+00 -7.852600097656250000e+00 7.086659073829650879e-01 0.000000000000000000e+00 0.000000000000000000e+00 0.000000000000000000e+00 1.000000000000000000e+00
1.716364379346776247e+09 5.944819450378417969e+00 -7.866877555847167969e+00 7.033082842826843262e-01 0.000000000000000000e+00 0.000000000000000000e+00 0.000000000000000000e+00 1.000000000000000000e+00
1.716364379398494482e+09 5.963499546051025391e+00 -7.872804164886474609e+00 7.026417255401611328e-01 0.000000000000000000e+00 0.000000000000000000e+00 0.000000000000000000e+00 1.000000000000000000e+00
1.716364379447625399e+09 5.982167720794677734e+00 -7.878809452056884766e+00 7.028436660766601562e-01 0.000000000000000000e+00 0.000000000000000000e+00 0.000000000000000000e+00 1.000000000000000000e+00
1.716364379500667572e+09 6.010688304901123047e+00 -7.899898052215576172e+00 7.021200060844421387e-01 0.000000000000000000e+00 0.000000000000000000e+00 0.000000000000000000e+00 1.000000000000000000e+00
1.716364379547903538e+09 6.028062820434570312e+00 -7.908176422119140625e+00 7.028970718383789062e-01 0.000000000000000000e+00 0.000000000000000000e+00 0.000000000000000000e+00 1.000000000000000000e+00
1.716364379597956419e+09 6.043342113494873047e+00 -7.915654182434082031e+00 7.050366401672363281e-01 0.000000000000000000e+00 0.000000000000000000e+00 0.000000000000000000e+00 1.000000000000000000e+00
1.716364379648319721e+09 6.057167530059815341e+00 -7.922868251800537109e+00 7.061105966567993164e-01 0.000000000000000000e+00 0.000000000000000000e+00 0.000000000000000000e+00 1.000000000000000000e+00
1.716364379698100567e+09 6.078153610229492188e+00 -7.939624309539794922e+00 7.058762311935424805e-01 0.000000000000000000e+00 0.000000000000000000e+00 0.000000000000000000e+00 1.000000000000000000e+00
1.716364379748502254e+09 6.090702533721923828e+00 -7.943953037261962891e+00 7.063304185867309570e-01 0.000000000000000000e+00 0.000000000000000000e+00 0.000000000000000000e+00 1.000000000000000000e+00
1.716364379798603773e+09 6.105029106140136719e+00 -7.949395656585693359e+00 7.063423395156860352e-01 0.000000000000000000e+00 0.000000000000000000e+00 0.000000000000000000e+00 1.000000000000000000e+00
1.716364379849118948e+09 6.118803977966308594e+00 -7.954036235809326172e+00 7.068359255790710449e-01 0.000000000000000000e+00 0.000000000000000000e+00 0.000000000000000000e+00 1.000000000000000000e+00
1.716364379948853016e+09 6.140497684478759766e+00 -7.970228195190429688e+00 7.066645622253417969e-01 0.000000000000000000e+00 0.000000000000000000e+00 0.000000000000000000e+00 1.000000000000000000e+00
1.716364379998916388e+09 6.169518470764160156e+00 -7.983613491058349609e+00 7.098486423492431641e-01 0.000000000000000000e+00 0.000000000000000000e+00 0.000000000000000000e+00 1.000000000000000000e+00
1.716364380049130678e+09 6.183655738830566406e+00 -7.989305973052977627e+00 7.113469243049621582e-01 0.000000000000000000e+00 0.000000000000000000e+00 0.000000000000000000e+00 1.000000000000000000e+00
1.716364380099117279e+09 6.197041034698486328e+00 -7.994331836700438565e+00 7.131316065788269043e-01 0.000000000000000000e+00 0.000000000000000000e+00 0.000000000000000000e+00 1.000000000000000000e+00
1.716364380149381638e+09 6.219628334045410156e+00 -8.011208534240722656e+00 7.144888043403625488e-01 0.000000000000000000e+00 0.000000000000000000e+00 0.000000000000000000e+00 1.000000000000000000e+00
1.716364380199510813e+09 6.234429359436035156e+00 -8.017794609069824219e+00 7.176971435546875000e-01 0.000000000000000000e+00 0.000000000000000000e+00 0.000000000000000000e+00 1.000000000000000000e+00
1.716364380249989033e+09 6.249760150909423828e+00 -8.025286674499511719e+00 7.215288877487182617e-01 0.000000000000000000e+00 0.000000000000000000e+00 0.000000000000000000e+00 1.000000000000000000e+00
1.716364380300178528e+09 6.265423774719238281e+00 -8.031346321105957031e+00 7.265107631683349609e-01 0.000000000000000000e+00 0.000000000000000000e+00 0.000000000000000000e+00 1.000000000000000000e+00
1.716364380350668430e+09 6.288971424102783203e+00 -8.047716140747070312e+00 7.308744192123413086e-01 0.000000000000000000e+00 0.000000000000000000e+00 0.000000000000000000e+00 1.000000000000000000e+00
1.716364380400417805e+09 6.304800033569335938e+00 -8.052447319030761719e+00 7.369585633277893066e-01 0.000000000000000000e+00 0.000000000000000000e+00 0.000000000000000000e+00 1.000000000000000000e+00
1.716364380450856447e+09 6.320942401885986328e+00 -8.057041168212890625e+00 7.444242238998413086e-01 0.000000000000000000e+00 0.000000000000000000e+00 0.000000000000000000e+00 1.000000000000000000e+00
1.716364380501045704e+09 6.335729122161865234e+00 -8.061429023742675781e+00 7.521585226058959961e-01 0.000000000000000000e+00 0.000000000000000000e+00 0.000000000000000000e+00 1.000000000000000000e+00
1.716364380551127434e+09 6.358319282531738281e+00 -8.076184272766113281e+00 7.592758536338806152e-01 0.000000000000000000e+00 0.000000000000000000e+00 0.000000000000000000e+00 1.000000000000000000e+00
1.716364380601683140e+09 6.372376441955566406e+00 -8.079913139343261719e+00 7.679201364517211914e-01 0.000000000000000000e+00 0.000000000000000000e+00 0.000000000000000000e+00 1.000000000000000000e+00
1.716364380651499271e+09 6.387866973876953125e+00 -8.085067749023437500e+00 7.768386006355285645e-01 0.000000000000000000e+00 0.000000000000000000e+00 0.000000000000000000e+00 1.000000000000000000e+00
1.716364380702062607e+09 6.402452945709228516e+00 -8.089609146118164062e+00 7.854272127151489258e-01 0.000000000000000000e+00 0.000000000000000000e+00 0.000000000000000000e+00 1.000000000000000000e+00
1.716364380752226114e+09 6.423470497131347656e+00 -8.101668357849121094e+00 7.922143340110778809e-01 0.000000000000000000e+00 0.000000000000000000e+00 0.000000000000000000e+00 1.000000000000000000e+00
1.716364380802731276e+09 6.437584400177001953e+00 -8.105073928833007812e+00 7.985152602195739746e-01 0.000000000000000000e+00 0.000000000000000000e+00 0.000000000000000000e+00 1.000000000000000000e+00
1.716364380853128672e+09 6.451377391815185547e+00 -8.108608245849609375e+00 8.034889101982116699e-01 0.000000000000000000e+00 0.000000000000000000e+00 0.000000000000000000e+00 1.000000000000000000e+00
1.716364380953429699e+09 6.481664657592773438e+00 -8.123376846313476562e+00 8.090457916259765625e-01 0.000000000000000000e+00 0.000000000000000000e+00 0.000000000000000000e+00 1.000000000000000000e+00
1.716364381003569841e+09 6.493011951446533203e+00 -8.127285957336425781e+00 8.108136057853698730e-01 0.000000000000000000e+00 0.000000000000000000e+00 0.000000000000000000e+00 1.000000000000000000e+00
1.716364381053954124e+09 6.503055095672607422e+00 -8.130877494812011719e+00 8.117160797119140625e-01 0.000000000000000000e+00 0.000000000000000000e+00 0.000000000000000000e+00 1.000000000000000000e+00
1.716364381154279947e+09 6.523568630218505859e+00 -8.147716522216796875e+00 8.103309869766235352e-01 0.000000000000000000e+00 0.000000000000000000e+00 0.000000000000000000e+00 1.000000000000000000e+00
1.716364381204317808e+09 6.527613639831542969e+00 -8.154603004455566406e+00 8.085758090019226074e-01 0.000000000000000000e+00 0.000000000000000000e+00 0.000000000000000000e+00 1.000000000000000000e+00
1.716364381254632235e+09 6.531676292419433594e+00 -8.163986206054687500e+00 8.061433434486389160e-01 0.000000000000000000e+00 0.000000000000000000e+00 0.000000000000000000e+00 1.000000000000000000e+00
1.716364381505654573e+09 6.555270195007324219e+00 -8.200436592102050781e+00 7.924494743347167969e-01 0.000000000000000000e+00 0.000000000000000000e+00 0.000000000000000000e+00 1.000000000000000000e+00
1.716364381555883408e+09 6.555105209350585938e+00 -8.208135604858398438e+00 7.909150719642639160e-01 0.000000000000000000e+00 0.000000000000000000e+00 0.000000000000000000e+00 1.000000000000000000e+00
1.716364382057984829e+09 6.561941146850585938e+00 -8.338989257812500000e+00 7.996423840522766113e-01 0.000000000000000000e+00 0.000000000000000000e+00 0.000000000000000000e+00 1.000000000000000000e+00
1.716364382208686590e+09 6.571320056915283203e+00 -8.371648788452148438e+00 8.060896992683410645e-01 0.000000000000000000e+00 0.000000000000000000e+00 0.000000000000000000e+00 1.000000000000000000e+00
1.716364382258859634e+09 6.572265148162841797e+00 -8.386559486389160156e+00 8.107163310050964355e-01 0.000000000000000000e+00 0.000000000000000000e+00 0.000000000000000000e+00 1.000000000000000000e+00
1.716364382308959246e+09 6.572770595550537109e+00 -8.401808738708496094e+00 8.154264688491821289e-01 0.000000000000000000e+00 0.000000000000000000e+00 0.000000000000000000e+00 1.000000000000000000e+00
1.716364382409214735e+09 6.582095623016357422e+00 -8.443449974060058594e+00 8.232924342155456543e-01 0.000000000000000000e+00 0.000000000000000000e+00 0.000000000000000000e+00 1.000000000000000000e+00
1.716364382459440947e+09 6.581745624542236328e+00 -8.460510253906250000e+00 8.269058465957641602e-01 0.000000000000000000e+00 0.000000000000000000e+00 0.000000000000000000e+00 1.000000000000000000e+00
1.716364382509509802e+09 6.580286979675292969e+00 -8.478406906127929688e+00 8.304128646850585938e-01 0.000000000000000000e+00 0.000000000000000000e+00 0.000000000000000000e+00 1.000000000000000000e+00
1.716364382559940815e+09 6.587137699127197266e+00 -8.508753776550292969e+00 8.325946927070617676e-01 0.000000000000000000e+00 0.000000000000000000e+00 0.000000000000000000e+00 1.000000000000000000e+00
1.716364382610055208e+09 6.585349559783936435e+00 -8.529289245605468750e+00 8.346872329711914062e-01 0.000000000000000000e+00 0.000000000000000000e+00 0.000000000000000000e+00 1.000000000000000000e+00
1.716364382660345554e+09 6.583126544952392578e+00 -8.550057411193847656e+00 8.357349038124084473e-01 0.000000000000000000e+00 0.000000000000000000e+00 0.000000000000000000e+00 1.000000000000000000e+00
1.716364382710577011e+09 6.580899715423583984e+00 -8.571991920471191406e+00 8.357957005500793457e-01 0.000000000000000000e+00 0.000000000000000000e+00 0.000000000000000000e+00 1.000000000000000000e+00
1.716364382760677099e+09 6.587736129760742188e+00 -8.606951713562011719e+00 8.332511782646179199e-01 0.000000000000000000e+00 0.000000000000000000e+00 0.000000000000000000e+00 1.000000000000000000e+00
1.716364382810842514e+09 6.585398197174072266e+00 -8.631218910217285156e+00 8.304050564765930176e-01 0.000000000000000000e+00 0.000000000000000000e+00 0.000000000000000000e+00 1.000000000000000000e+00
1.716364382861392498e+09 6.582369804382324219e+00 -8.655887603759765625e+00 8.263441324234008789e-01 0.000000000000000000e+00 0.000000000000000000e+00 0.000000000000000000e+00 1.000000000000000000e+00
1.716364382911175728e+09 6.580235004425048828e+00 -8.682278633117675781e+00 8.212451934814453125e-01 0.000000000000000000e+00 0.000000000000000000e+00 0.000000000000000000e+00 1.000000000000000000e+00
1.716364383162639618e+09 6.577042579650878906e+00 -8.848543167114257812e+00 7.857251167297363281e-01 0.000000000000000000e+00 0.000000000000000000e+00 0.000000000000000000e+00 1.000000000000000000e+00
1.716364383213031769e+09 6.570246696472167969e+00 -8.876861572265625000e+00 7.803116440773010254e-01 0.000000000000000000e+00 0.000000000000000000e+00 0.000000000000000000e+00 1.000000000000000000e+00
1.716364383263758183e+09 6.579339027404785156e+00 -8.928180694580078125e+00 7.738319635391235352e-01 0.000000000000000000e+00 0.000000000000000000e+00 0.000000000000000000e+00 1.000000000000000000e+00
1.716364383313035250e+09 6.573344707489013672e+00 -8.958341598510742188e+00 7.692127823829650879e-01 0.000000000000000000e+00 0.000000000000000000e+00 0.000000000000000000e+00 1.000000000000000000e+00
1.716364383363890171e+09 6.569204330444335938e+00 -8.992106437683105469e+00 7.652516365051269531e-01 0.000000000000000000e+00 0.000000000000000000e+00 0.000000000000000000e+00 1.000000000000000000e+00
1.716364383413250923e+09 6.564536571502685547e+00 -9.026246070861816406e+00 7.619443535804748535e-01 0.000000000000000000e+00 0.000000000000000000e+00 0.000000000000000000e+00 1.000000000000000000e+00
1.716364383463467598e+09 6.575589179992675781e+00 -9.083514213562011719e+00 7.577894330024719238e-01 0.000000000000000000e+00 0.000000000000000000e+00 0.000000000000000000e+00 1.000000000000000000e+00
1.716364383513885021e+09 6.571453571319580078e+00 -9.118572235107421875e+00 7.569337487220764160e-01 0.000000000000000000e+00 0.000000000000000000e+00 0.000000000000000000e+00 1.000000000000000000e+00
1.716364383564615250e+09 6.567775726318359375e+00 -9.154551506042480469e+00 7.570780515670776367e-01 0.000000000000000000e+00 0.000000000000000000e+00 0.000000000000000000e+00 1.000000000000000000e+00
1.716364383614097595e+09 6.560469150543212891e+00 -9.227805137634275567e+00 7.610439062118530273e-01 0.000000000000000000e+00 0.000000000000000000e+00 0.000000000000000000e+00 1.000000000000000000e+00
1.716364383965738773e+09 6.589480876922607422e+00 -9.541805267333984375e+00 7.818653583526611328e-01 0.000000000000000000e+00 0.000000000000000000e+00 0.000000000000000000e+00 1.000000000000000000e+00
1.716364384065866232e+09 6.613268852233886719e+00 -9.609328269958496094e+00 7.813619375228881836e-01 0.000000000000000000e+00 0.000000000000000000e+00 0.000000000000000000e+00 1.000000000000000000e+00
1.716364384116070509e+09 6.621120929718017578e+00 -9.647691726684570312e+00 7.813525199890136719e-01 0.000000000000000000e+00 0.000000000000000000e+00 0.000000000000000000e+00 1.000000000000000000e+00
1.716364384167576075e+09 6.639740943908691406e+00 -9.718570709228515625e+00 7.793420553207397461e-01 0.000000000000000000e+00 0.000000000000000000e+00 0.000000000000000000e+00 1.000000000000000000e+00
1.716364384266989470e+09 6.649884700775146484e+00 -9.752762794494627130e+00 7.776548266410827637e-01 0.000000000000000000e+00 0.000000000000000000e+00 0.000000000000000000e+00 1.000000000000000000e+00
1.716364384367374659e+09 6.694327831268311435e+00 -9.851711273193359375e+00 7.712045311927795410e-01 0.000000000000000000e+00 0.000000000000000000e+00 0.000000000000000000e+00 1.000000000000000000e+00
1.716364384417408705e+09 6.724221229553222656e+00 -9.920585632324220526e+00 7.652357220649719238e-01 0.000000000000000000e+00 0.000000000000000000e+00 0.000000000000000000e+00 1.000000000000000000e+00
1.716364384518035412e+09 6.762240886688232422e+00 -9.982762336730955255e+00 7.597098946571350098e-01 0.000000000000000000e+00 0.000000000000000000e+00 0.000000000000000000e+00 1.000000000000000000e+00
1.716364384568274021e+09 6.782402515411376953e+00 -1.001486206054687678e+01 7.566359043121337891e-01 0.000000000000000000e+00 0.000000000000000000e+00 0.000000000000000000e+00 1.000000000000000000e+00
1.716364384618648767e+09 6.803414821624755859e+00 -1.004520416259765625e+01 7.539501786231994629e-01 0.000000000000000000e+00 0.000000000000000000e+00 0.000000000000000000e+00 1.000000000000000000e+00
1.716364384919734478e+09 6.994916439056396484e+00 -1.027835178375243963e+01 7.359115481376647949e-01 0.000000000000000000e+00 0.000000000000000000e+00 0.000000000000000000e+00 1.000000000000000000e+00
1.716364384970167637e+09 7.020576477050781250e+00 -1.030433940887451172e+01 7.335439920425415039e-01 0.000000000000000000e+00 0.000000000000000000e+00 0.000000000000000000e+00 1.000000000000000000e+00
1.716364385070362329e+09 7.074643611907958984e+00 -1.035807895660400391e+01 7.290073633193969727e-01 0.000000000000000000e+00 0.000000000000000000e+00 0.000000000000000000e+00 1.000000000000000000e+00
1.716364385120473623e+09 7.121979713439941406e+00 -1.041398620605468750e+01 7.245959043502807617e-01 0.000000000000000000e+00 0.000000000000000000e+00 0.000000000000000000e+00 1.000000000000000000e+00
1.716364385170560360e+09 7.149502754211425781e+00 -1.043991851806640625e+01 7.225642204284667969e-01 0.000000000000000000e+00 0.000000000000000000e+00 0.000000000000000000e+00 1.000000000000000000e+00
1.716364385220762968e+09 7.205498218536376953e+00 -1.049240398406982422e+01 7.195582389831542969e-01 0.000000000000000000e+00 0.000000000000000000e+00 0.000000000000000000e+00 1.000000000000000000e+00
1.716364385321331501e+09 7.231522083282470703e+00 -1.051704025268554865e+01 7.192281484603881836e-01 0.000000000000000000e+00 0.000000000000000000e+00 0.000000000000000000e+00 1.000000000000000000e+00
1.716364385371607542e+09 7.278576850891113281e+00 -1.057203578948974609e+01 7.167498469352722168e-01 0.000000000000000000e+00 0.000000000000000000e+00 0.000000000000000000e+00 1.000000000000000000e+00
1.716364385421645164e+09 7.329413414001464844e+00 -1.061857032775878729e+01 7.175669670104980469e-01 0.000000000000000000e+00 0.000000000000000000e+00 0.000000000000000000e+00 1.000000000000000000e+00
1.716364385522168875e+09 7.354197502136230469e+00 -1.064170265197754084e+01 7.186047434806823730e-01 0.000000000000000000e+00 0.000000000000000000e+00 0.000000000000000000e+00 1.000000000000000000e+00
1.716364385673877001e+09 7.467586517333984375e+00 -1.075858783721923828e+01 7.250883579254150391e-01 0.000000000000000000e+00 0.000000000000000000e+00 0.000000000000000000e+00 1.000000000000000000e+00
1.716364385773647070e+09 7.511348724365234375e+00 -1.080061626434326172e+01 7.318795323371887207e-01 0.000000000000000000e+00 0.000000000000000000e+00 0.000000000000000000e+00 1.000000000000000000e+00
1.716364385874029875e+09 7.547398090362548828e+00 -1.084281539916992188e+01 7.343583703041076660e-01 0.000000000000000000e+00 0.000000000000000000e+00 0.000000000000000000e+00 1.000000000000000000e+00
1.716364385923891783e+09 7.566696643829345703e+00 -1.086141681671142578e+01 7.388467788696289062e-01 0.000000000000000000e+00 0.000000000000000000e+00 0.000000000000000000e+00 1.000000000000000000e+00
1.716364385974063158e+09 7.603825092315673828e+00 -1.089734840393066406e+01 7.502565979957580566e-01 0.000000000000000000e+00 0.000000000000000000e+00 0.000000000000000000e+00 1.000000000000000000e+00
1.716364386074533939e+09 7.634443759918212891e+00 -1.093250274658203125e+01 7.554376721382141113e-01 0.000000000000000000e+00 0.000000000000000000e+00 0.000000000000000000e+00 1.000000000000000000e+00
1.716364386124695778e+09 7.670182704925537109e+00 -1.096347713470458984e+01 7.702858448028564453e-01 0.000000000000000000e+00 0.000000000000000000e+00 0.000000000000000000e+00 1.000000000000000000e+00
1.716364386175039053e+09 7.687597751617431641e+00 -1.097743225097656250e+01 7.776812314987182617e-01 0.000000000000000000e+00 0.000000000000000000e+00 0.000000000000000000e+00 1.000000000000000000e+00
1.716364386275835991e+09 7.716687202453613281e+00 -1.100880146026611150e+01 7.839431762695312500e-01 0.000000000000000000e+00 0.000000000000000000e+00 0.000000000000000000e+00 1.000000000000000000e+00
1.716364386325763702e+09 7.750800132751464844e+00 -1.103829669952392578e+01 7.972521185874938965e-01 0.000000000000000000e+00 0.000000000000000000e+00 0.000000000000000000e+00 1.000000000000000000e+00
1.716364386426103354e+09 7.778765201568603516e+00 -1.106789493560791016e+01 8.020890951156616211e-01 0.000000000000000000e+00 0.000000000000000000e+00 0.000000000000000000e+00 1.000000000000000000e+00
1.716364386476739407e+09 7.794713497161865234e+00 -1.108023738861083984e+01 8.070173263549804688e-01 0.000000000000000000e+00 0.000000000000000000e+00 0.000000000000000000e+00 1.000000000000000000e+00
1.716364386576990604e+09 7.842351436614990234e+00 -1.111459541320800781e+01 8.163205981254577637e-01 0.000000000000000000e+00 0.000000000000000000e+00 0.000000000000000000e+00 1.000000000000000000e+00
1.716364386677405119e+09 7.869626522064208984e+00 -1.114070796966552734e+01 8.167073726654052734e-01 0.000000000000000000e+00 0.000000000000000000e+00 0.000000000000000000e+00 1.000000000000000000e+00
1.716364386728202581e+09 7.905236721038818359e+00 -1.116336441040039062e+01 8.170040845870971680e-01 0.000000000000000000e+00 0.000000000000000000e+00 0.000000000000000000e+00 1.000000000000000000e+00
1.716364386828181028e+09 7.943829536437988281e+00 -1.118620014190673828e+01 8.150025010108947754e-01 0.000000000000000000e+00 0.000000000000000000e+00 0.000000000000000000e+00 1.000000000000000000e+00
1.716364386928384304e+09 7.976084232330322266e+00 -1.121470165252685547e+01 8.122740387916564941e-01 0.000000000000000000e+00 0.000000000000000000e+00 0.000000000000000000e+00 1.000000000000000000e+00
1.716364386978818893e+09 8.018623352050781250e+00 -1.123825931549072443e+01 8.084942698478698730e-01 0.000000000000000000e+00 0.000000000000000000e+00 0.000000000000000000e+00 1.000000000000000000e+00
1.716364387028574228e+09 8.041255950927734375e+00 -1.125025844573974609e+01 8.062630295753479004e-01 0.000000000000000000e+00 0.000000000000000000e+00 0.000000000000000000e+00 1.000000000000000000e+00
1.716364387129116058e+09 8.078207969665527344e+00 -1.128268241882324219e+01 8.024342060089111328e-01 0.000000000000000000e+00 0.000000000000000000e+00 0.000000000000000000e+00 1.000000000000000000e+00
1.716364387179323435e+09 8.129155158996582031e+00 -1.130849838256835938e+01 7.945411801338195801e-01 0.000000000000000000e+00 0.000000000000000000e+00 0.000000000000000000e+00 1.000000000000000000e+00
1.716364387229252577e+09 8.155858993530273438e+00 -1.132100200653076172e+01 7.887786030769348145e-01 0.000000000000000000e+00 0.000000000000000000e+00 0.000000000000000000e+00 1.000000000000000000e+00
1.716364387330036879e+09 8.197929382324218750e+00 -1.135436248779296875e+01 7.807862758636474609e-01 0.000000000000000000e+00 0.000000000000000000e+00 0.000000000000000000e+00 1.000000000000000000e+00
1.716364387380945921e+09 8.255821228027343750e+00 -1.138070964813232422e+01 7.651863098144531250e-01 0.000000000000000000e+00 0.000000000000000000e+00 0.000000000000000000e+00 1.000000000000000000e+00
1.716364387429956913e+09 8.287634849548339844e+00 -1.139540100097656250e+01 7.562268972396850586e-01 0.000000000000000000e+00 0.000000000000000000e+00 0.000000000000000000e+00 1.000000000000000000e+00
1.716364387480205774e+09 8.319456100463867188e+00 -1.140879726409911932e+01 7.469702959060668945e-01 0.000000000000000000e+00 0.000000000000000000e+00 0.000000000000000000e+00 1.000000000000000000e+00
1.716364387582005262e+09 8.404968261718750000e+00 -1.146394824981689631e+01 7.252428531646728516e-01 0.000000000000000000e+00 0.000000000000000000e+00 0.000000000000000000e+00 1.000000000000000000e+00
1.716364387630809546e+09 8.439420700073242188e+00 -1.147767925262451172e+01 7.142553925514221191e-01 0.000000000000000000e+00 0.000000000000000000e+00 0.000000000000000000e+00 1.000000000000000000e+00
1.716364387680986166e+09 8.473896980285644531e+00 -1.149265956878661932e+01 7.041943073272705078e-01 0.000000000000000000e+00 0.000000000000000000e+00 0.000000000000000000e+00 1.000000000000000000e+00
1.716364387831572294e+09 8.568868637084960938e+00 -1.154799365997314453e+01 6.825286149978637695e-01 0.000000000000000000e+00 0.000000000000000000e+00 0.000000000000000000e+00 1.000000000000000000e+00
1.716364387881726980e+09 8.647813796997070312e+00 -1.157424545288085938e+01 6.663521528244018555e-01 0.000000000000000000e+00 0.000000000000000000e+00 0.000000000000000000e+00 1.000000000000000000e+00
1.716364387982049942e+09 8.753200531005859375e+00 -1.163069820404052734e+01 6.525002717971801758e-01 0.000000000000000000e+00 0.000000000000000000e+00 0.000000000000000000e+00 1.000000000000000000e+00
1.716364388032209873e+09 8.797696113586425781e+00 -1.164571666717529119e+01 6.475266814231872559e-01 0.000000000000000000e+00 0.000000000000000000e+00 0.000000000000000000e+00 1.000000000000000000e+00
1.716364388133020639e+09 8.885554313659667969e+00 -1.167274665832519531e+01 6.388298869132995605e-01 0.000000000000000000e+00 0.000000000000000000e+00 0.000000000000000000e+00 1.000000000000000000e+00
1.716364388233570814e+09 8.955199241638183594e+00 -1.171738910675048828e+01 6.319392919540405273e-01 0.000000000000000000e+00 0.000000000000000000e+00 0.000000000000000000e+00 1.000000000000000000e+00
1.716364388283296108e+09 9.002139091491699219e+00 -1.173030662536621271e+01 6.272730827331542969e-01 0.000000000000000000e+00 0.000000000000000000e+00 0.000000000000000000e+00 1.000000000000000000e+00
1.716364388333377838e+09 9.099296569824220526e+00 -1.175850296020507812e+01 6.186777949333190918e-01 0.000000000000000000e+00 0.000000000000000000e+00 0.000000000000000000e+00 1.000000000000000000e+00
1.716364388433800697e+09 9.173499107360839844e+00 -1.180450057983398438e+01 6.132037639617919922e-01 0.000000000000000000e+00 0.000000000000000000e+00 0.000000000000000000e+00 1.000000000000000000e+00
1.716364388484102249e+09 9.223110198974609375e+00 -1.181648159027099609e+01 6.109395027160644531e-01 0.000000000000000000e+00 0.000000000000000000e+00 0.000000000000000000e+00 1.000000000000000000e+00
1.716364388534288883e+09 9.322562217712402344e+00 -1.184278297424316406e+01 6.095033884048461914e-01 0.000000000000000000e+00 0.000000000000000000e+00 0.000000000000000000e+00 1.000000000000000000e+00
1.716364388634528399e+09 9.399413108825683594e+00 -1.188789844512939631e+01 6.074622869491577148e-01 0.000000000000000000e+00 0.000000000000000000e+00 0.000000000000000000e+00 1.000000000000000000e+00
1.716364388735040426e+09 9.557520866394044745e+00 -1.193009281158447266e+01 6.119936108589172363e-01 0.000000000000000000e+00 0.000000000000000000e+00 0.000000000000000000e+00 1.000000000000000000e+00
1.716364388835442066e+09 9.635799407958984375e+00 -1.197517776489257812e+01 6.125034689903259277e-01 0.000000000000000000e+00 0.000000000000000000e+00 0.000000000000000000e+00 1.000000000000000000e+00
1.716364388885650635e+09 9.743162155151367188e+00 -1.200216388702392578e+01 6.185101866722106934e-01 0.000000000000000000e+00 0.000000000000000000e+00 0.000000000000000000e+00 1.000000000000000000e+00
1.716364388936252356e+09 9.797268867492675781e+00 -1.201521968841552734e+01 6.222317218780517578e-01 0.000000000000000000e+00 0.000000000000000000e+00 0.000000000000000000e+00 1.000000000000000000e+00
1.716364388986173153e+09 9.851475715637208808e+00 -1.202813529968261541e+01 6.264970302581787109e-01 0.000000000000000000e+00 0.000000000000000000e+00 0.000000000000000000e+00 1.000000000000000000e+00
1.716364389036491156e+09 9.935213088989257812e+00 -1.207616615295410156e+01 6.286954879760742188e-01 0.000000000000000000e+00 0.000000000000000000e+00 0.000000000000000000e+00 1.000000000000000000e+00
1.716364389086485386e+09 9.989593505859376776e+00 -1.209005641937256037e+01 6.332252621650695801e-01 0.000000000000000000e+00 0.000000000000000000e+00 0.000000000000000000e+00 1.000000000000000000e+00
1.716364389136631012e+09 1.004629421234130859e+01 -1.210585594177245916e+01 6.381142735481262207e-01 0.000000000000000000e+00 0.000000000000000000e+00 0.000000000000000000e+00 1.000000000000000000e+00
1.716364389236994505e+09 1.018975162506103516e+01 -1.216920566558838068e+01 6.441403031349182129e-01 0.000000000000000000e+00 0.000000000000000000e+00 0.000000000000000000e+00 1.000000000000000000e+00
1.716364389287866116e+09 1.024411964416504084e+01 -1.218390083312988459e+01 6.468113660812377930e-01 0.000000000000000000e+00 0.000000000000000000e+00 0.000000000000000000e+00 1.000000000000000000e+00
1.716364389337397099e+09 1.029834556579589844e+01 -1.220119380950927557e+01 6.486637592315673828e-01 0.000000000000000000e+00 0.000000000000000000e+00 0.000000000000000000e+00 1.000000000000000000e+00
1.716364389438549042e+09 1.044337558746338068e+01 -1.226987075805664062e+01 6.480358242988586426e-01 0.000000000000000000e+00 0.000000000000000000e+00 0.000000000000000000e+00 1.000000000000000000e+00
1.716364389488625526e+09 1.049929904937743963e+01 -1.228402614593506037e+01 6.480031609535217285e-01 0.000000000000000000e+00 0.000000000000000000e+00 0.000000000000000000e+00 1.000000000000000000e+00
1.716364389538823605e+09 1.055828952789306641e+01 -1.229938125610351562e+01 6.474384665489196777e-01 0.000000000000000000e+00 0.000000000000000000e+00 0.000000000000000000e+00 1.000000000000000000e+00
1.716364389639458895e+09 1.067279148101806641e+01 -1.232349967956542969e+01 6.458040475845336914e-01 0.000000000000000000e+00 0.000000000000000000e+00 0.000000000000000000e+00 1.000000000000000000e+00
1.716364389740032673e+09 1.076313591003417969e+01 -1.237474155426025391e+01 6.416658163070678711e-01 0.000000000000000000e+00 0.000000000000000000e+00 0.000000000000000000e+00 1.000000000000000000e+00
1.716364389840254068e+09 1.093390750885009766e+01 -1.241507625579833984e+01 6.345408558845520020e-01 0.000000000000000000e+00 0.000000000000000000e+00 0.000000000000000000e+00 1.000000000000000000e+00
1.716364389940612078e+09 1.102202415466308594e+01 -1.246381282806396484e+01 6.291178464889526367e-01 0.000000000000000000e+00 0.000000000000000000e+00 0.000000000000000000e+00 1.000000000000000000e+00
1.716364389990669012e+09 1.113403892517089844e+01 -1.248976707458495916e+01 6.224215030670166016e-01 0.000000000000000000e+00 0.000000000000000000e+00 0.000000000000000000e+00 1.000000000000000000e+00
1.716364390091024637e+09 1.118778133392333984e+01 -1.250592899322509766e+01 6.183043122291564941e-01 0.000000000000000000e+00 0.000000000000000000e+00 0.000000000000000000e+00 1.000000000000000000e+00
1.716364390141109705e+09 1.127559280395507812e+01 -1.255853462219238459e+01 6.115235090255737305e-01 0.000000000000000000e+00 0.000000000000000000e+00 0.000000000000000000e+00 1.000000000000000000e+00
1.716364390191199541e+09 1.138273143768310369e+01 -1.258267688751220881e+01 6.026059985160827637e-01 0.000000000000000000e+00 0.000000000000000000e+00 0.000000000000000000e+00 1.000000000000000000e+00
1.716364390241483212e+09 1.143786716461181641e+01 -1.259458255767822443e+01 5.985044836997985840e-01 0.000000000000000000e+00 0.000000000000000000e+00 0.000000000000000000e+00 1.000000000000000000e+00
1.716364390291507006e+09 1.149217033386230469e+01 -1.260582160949707031e+01 5.946357250213623047e-01 0.000000000000000000e+00 0.000000000000000000e+00 0.000000000000000000e+00 1.000000000000000000e+00
1.716364390343568802e+09 1.154554367065429688e+01 -1.261774921417236328e+01 5.896479487419128418e-01 0.000000000000000000e+00 0.000000000000000000e+00 0.000000000000000000e+00 1.000000000000000000e+00
1.716364390442260981e+09 1.167053222656250000e+01 -1.266953372955322443e+01 5.802038311958312988e-01 0.000000000000000000e+00 0.000000000000000000e+00 0.000000000000000000e+00 1.000000000000000000e+00
1.716364390492384434e+09 1.171711921691894354e+01 -1.268082618713378729e+01 5.770470499992370605e-01 0.000000000000000000e+00 0.000000000000000000e+00 0.000000000000000000e+00 1.000000000000000000e+00
1.716364390542551041e+09 1.176204872131347656e+01 -1.269226741790771662e+01 5.743550062179565430e-01 0.000000000000000000e+00 0.000000000000000000e+00 0.000000000000000000e+00 1.000000000000000000e+00
1.716364390642934561e+09 1.187700366973876953e+01 -1.274341678619384766e+01 5.660648345947265625e-01 0.000000000000000000e+00 0.000000000000000000e+00 0.000000000000000000e+00 1.000000000000000000e+00
1.716364390693014860e+09 1.191796398162841797e+01 -1.275430011749267578e+01 5.632578730583190918e-01 0.000000000000000000e+00 0.000000000000000000e+00 0.000000000000000000e+00 1.000000000000000000e+00
1.716364390743266106e+09 1.195837593078613281e+01 -1.276569461822509766e+01 5.609790682792663574e-01 0.000000000000000000e+00 0.000000000000000000e+00 0.000000000000000000e+00 1.000000000000000000e+00
1.716364390843580246e+09 1.206122112274169922e+01 -1.281297206878661932e+01 5.556719303131103516e-01 0.000000000000000000e+00 0.000000000000000000e+00 0.000000000000000000e+00 1.000000000000000000e+00
1.716364390893709898e+09 1.209792327880859375e+01 -1.282371234893798828e+01 5.545613765716552734e-01 0.000000000000000000e+00 0.000000000000000000e+00 0.000000000000000000e+00 1.000000000000000000e+00
1.716364390944022179e+09 1.213491821289062322e+01 -1.283691787719726562e+01 5.536900162696838379e-01 0.000000000000000000e+00 0.000000000000000000e+00 0.000000000000000000e+00 1.000000000000000000e+00
1.716364390994455814e+09 1.216956424713134766e+01 -1.284959125518798828e+01 5.531603097915649414e-01 0.000000000000000000e+00 0.000000000000000000e+00 0.000000000000000000e+00 1.000000000000000000e+00
1.716364391044511557e+09 1.222744464874267578e+01 -1.288840866088867188e+01 5.511988997459411621e-01 0.000000000000000000e+00 0.000000000000000000e+00 0.000000000000000000e+00 1.000000000000000000e+00
1.716364391094631195e+09 1.225963211059570312e+01 -1.290208148956298828e+01 5.518547296524047852e-01 0.000000000000000000e+00 0.000000000000000000e+00 0.000000000000000000e+00 1.000000000000000000e+00
1.716364391144875765e+09 1.229219436645507812e+01 -1.291819858551025391e+01 5.532352328300476074e-01 0.000000000000000000e+00 0.000000000000000000e+00 0.000000000000000000e+00 1.000000000000000000e+00
1.716364391194944143e+09 1.234412097930908203e+01 -1.295726585388183594e+01 5.535068511962890625e-01 0.000000000000000000e+00 0.000000000000000000e+00 0.000000000000000000e+00 1.000000000000000000e+00
1.716364391245256424e+09 1.237246990203857422e+01 -1.297328186035156250e+01 5.556711554527282715e-01 0.000000000000000000e+00 0.000000000000000000e+00 0.000000000000000000e+00 1.000000000000000000e+00
1.716364391295437098e+09 1.240010070800781250e+01 -1.299137020111083984e+01 5.579784512519836426e-01 0.000000000000000000e+00 0.000000000000000000e+00 0.000000000000000000e+00 1.000000000000000000e+00
1.716364391395829439e+09 1.247349643707275391e+01 -1.304776477813720881e+01 5.649852752685546875e-01 0.000000000000000000e+00 0.000000000000000000e+00 0.000000000000000000e+00 1.000000000000000000e+00
1.716364391446070194e+09 1.250082778930664062e+01 -1.306631183624267578e+01 5.700075626373291016e-01 0.000000000000000000e+00 0.000000000000000000e+00 0.000000000000000000e+00 1.000000000000000000e+00
1.716364391496426582e+09 1.252641677856445135e+01 -1.308517837524414062e+01 5.756831169128417969e-01 0.000000000000000000e+00 0.000000000000000000e+00 0.000000000000000000e+00 1.000000000000000000e+00
1.716364391546440601e+09 1.255175209045410156e+01 -1.310571670532226562e+01 5.820500850677490234e-01 0.000000000000000000e+00 0.000000000000000000e+00 0.000000000000000000e+00 1.000000000000000000e+00
1.716364391647209167e+09 1.262047863006591797e+01 -1.317386627197265625e+01 5.951041579246520996e-01 0.000000000000000000e+00 0.000000000000000000e+00 0.000000000000000000e+00 1.000000000000000000e+00
1.716364391697489500e+09 1.264065361022949219e+01 -1.319525718688964844e+01 6.027665734291076660e-01 0.000000000000000000e+00 0.000000000000000000e+00 0.000000000000000000e+00 1.000000000000000000e+00
1.716364391747682095e+09 1.266489887237548828e+01 -1.322102165222167969e+01 6.098158359527587891e-01 0.000000000000000000e+00 0.000000000000000000e+00 0.000000000000000000e+00 1.000000000000000000e+00
1.716364391848053217e+09 1.271137619018554865e+01 -1.327040863037109375e+01 6.255696415901184082e-01 0.000000000000000000e+00 0.000000000000000000e+00 0.000000000000000000e+00 1.000000000000000000e+00
1.716364391898226500e+09 1.275778484344482422e+01 -1.331922531127929688e+01 6.317192912101745605e-01 0.000000000000000000e+00 0.000000000000000000e+00 0.000000000000000000e+00 1.000000000000000000e+00
1.716364391998619080e+09 1.280746269226074219e+01 -1.337106323242187678e+01 6.476762294769287109e-01 0.000000000000000000e+00 0.000000000000000000e+00 0.000000000000000000e+00 1.000000000000000000e+00
1.716364392048906803e+09 1.283219814300537287e+01 -1.339637088775634766e+01 6.555342078208923340e-01 0.000000000000000000e+00 0.000000000000000000e+00 0.000000000000000000e+00 1.000000000000000000e+00
1.716364392149361610e+09 1.290676498413085938e+01 -1.347554016113281250e+01 6.702943444252014160e-01 0.000000000000000000e+00 0.000000000000000000e+00 0.000000000000000000e+00 1.000000000000000000e+00
1.716364392199424505e+09 1.293195915222167969e+01 -1.350321102142333984e+01 6.790202856063842773e-01 0.000000000000000000e+00 0.000000000000000000e+00 0.000000000000000000e+00 1.000000000000000000e+00
1.716364392249589682e+09 1.295814037322998047e+01 -1.353132534027099609e+01 6.879267692565917969e-01 0.000000000000000000e+00 0.000000000000000000e+00 0.000000000000000000e+00 1.000000000000000000e+00
1.716364392299904823e+09 1.301116943359375000e+01 -1.358624839782714844e+01 6.945433020591735840e-01 0.000000000000000000e+00 0.000000000000000000e+00 0.000000000000000000e+00 1.000000000000000000e+00
1.716364392350146770e+09 1.303877162933349609e+01 -1.361434555053710938e+01 7.029834985733032227e-01 0.000000000000000000e+00 0.000000000000000000e+00 0.000000000000000000e+00 1.000000000000000000e+00
1.716364392400296211e+09 1.306762790679931641e+01 -1.364400959014892578e+01 7.114944458007812500e-01 0.000000000000000000e+00 0.000000000000000000e+00 0.000000000000000000e+00 1.000000000000000000e+00
1.716364392450655699e+09 1.309626007080077947e+01 -1.367389392852783203e+01 7.202273011207580566e-01 0.000000000000000000e+00 0.000000000000000000e+00 0.000000000000000000e+00 1.000000000000000000e+00
1.716364392550932884e+09 1.318129825592041016e+01 -1.376100158691406250e+01 7.362606525421142578e-01 0.000000000000000000e+00 0.000000000000000000e+00 0.000000000000000000e+00 1.000000000000000000e+00
1.716364392600977659e+09 1.321024322509765625e+01 -1.378917121887207031e+01 7.448924183845520020e-01 0.000000000000000000e+00 0.000000000000000000e+00 0.000000000000000000e+00 1.000000000000000000e+00
1.716364392651107788e+09 1.323956298828125000e+01 -1.381696319580077947e+01 7.533437013626098633e-01 0.000000000000000000e+00 0.000000000000000000e+00 0.000000000000000000e+00 1.000000000000000000e+00
1.716364392701347589e+09 1.329890918731689631e+01 -1.387182617187500000e+01 7.697845697402954102e-01 0.000000000000000000e+00 0.000000000000000000e+00 0.000000000000000000e+00 1.000000000000000000e+00
1.716364392801768303e+09 1.336040496826172053e+01 -1.393100929260254084e+01 7.758426666259765625e-01 0.000000000000000000e+00 0.000000000000000000e+00 0.000000000000000000e+00 1.000000000000000000e+00
1.716364392852057457e+09 1.339152050018310369e+01 -1.395836734771728338e+01 7.829020023345947266e-01 0.000000000000000000e+00 0.000000000000000000e+00 0.000000000000000000e+00 1.000000000000000000e+00
1.716364392902190924e+09 1.342292022705077947e+01 -1.398541355133056641e+01 7.893061041831970215e-01 0.000000000000000000e+00 0.000000000000000000e+00 0.000000000000000000e+00 1.000000000000000000e+00
1.716364393002681971e+09 1.348753356933593750e+01 -1.404039669036865234e+01 7.994673848152160645e-01 0.000000000000000000e+00 0.000000000000000000e+00 0.000000000000000000e+00 1.000000000000000000e+00
1.716364393052912474e+09 1.354687500000000000e+01 -1.409589481353759766e+01 8.019095659255981445e-01 0.000000000000000000e+00 0.000000000000000000e+00 0.000000000000000000e+00 1.000000000000000000e+00
1.716364393103114605e+09 1.357862377166748047e+01 -1.412241172790527166e+01 8.046307563781738281e-01 0.000000000000000000e+00 0.000000000000000000e+00 0.000000000000000000e+00 1.000000000000000000e+00
1.716364393203377008e+09 1.364349460601806641e+01 -1.417670726776123047e+01 8.061839342117309570e-01 0.000000000000000000e+00 0.000000000000000000e+00 0.000000000000000000e+00 1.000000000000000000e+00
1.716364393303811550e+09 1.373668766021728338e+01 -1.425909519195556641e+01 8.037031888961791992e-01 0.000000000000000000e+00 0.000000000000000000e+00 0.000000000000000000e+00 1.000000000000000000e+00
1.716364393404211283e+09 1.380183219909667969e+01 -1.431287765502929688e+01 8.002861142158508301e-01 0.000000000000000000e+00 0.000000000000000000e+00 0.000000000000000000e+00 1.000000000000000000e+00
1.716364393455764532e+09 1.383478927612304865e+01 -1.434074401855468750e+01 7.976934313774108887e-01 0.000000000000000000e+00 0.000000000000000000e+00 0.000000000000000000e+00 1.000000000000000000e+00
1.716364393554891825e+09 1.389769840240478338e+01 -1.440080070495605646e+01 7.932774424552917480e-01 0.000000000000000000e+00 0.000000000000000000e+00 0.000000000000000000e+00 1.000000000000000000e+00
1.716364393605067968e+09 1.396088218688964844e+01 -1.445626449584960938e+01 7.856512665748596191e-01 0.000000000000000000e+00 0.000000000000000000e+00 0.000000000000000000e+00 1.000000000000000000e+00
1.716364393655318975e+09 1.399275779724121271e+01 -1.448516750335693359e+01 7.830230593681335449e-01 0.000000000000000000e+00 0.000000000000000000e+00 0.000000000000000000e+00 1.000000000000000000e+00
1.716364393755619287e+09 1.408856010437011541e+01 -1.457861232757568359e+01 7.740319371223449707e-01 0.000000000000000000e+00 0.000000000000000000e+00 0.000000000000000000e+00 1.000000000000000000e+00
1.716364393805765390e+09 1.411936378479004084e+01 -1.460996055603027166e+01 7.717810869216918945e-01 0.000000000000000000e+00 0.000000000000000000e+00 0.000000000000000000e+00 1.000000000000000000e+00
1.716364393906407356e+09 1.417933750152588068e+01 -1.467292404174804865e+01 7.689283490180969238e-01 0.000000000000000000e+00 0.000000000000000000e+00 0.000000000000000000e+00 1.000000000000000000e+00
1.716364393956639290e+09 1.421029758453369141e+01 -1.470693969726562322e+01 7.674083113670349121e-01 0.000000000000000000e+00 0.000000000000000000e+00 0.000000000000000000e+00 1.000000000000000000e+00
1.716364394006725788e+09 1.426892185211181641e+01 -1.477405261993408203e+01 7.658561468124389648e-01 0.000000000000000000e+00 0.000000000000000000e+00 0.000000000000000000e+00 1.000000000000000000e+00
1.716364394056796074e+09 1.430089187622070312e+01 -1.480990028381347656e+01 7.648937106132507324e-01 0.000000000000000000e+00 0.000000000000000000e+00 0.000000000000000000e+00 1.000000000000000000e+00
1.716364394107016563e+09 1.433082866668701172e+01 -1.484494781494140625e+01 7.642838358879089355e-01 0.000000000000000000e+00 0.000000000000000000e+00 0.000000000000000000e+00 1.000000000000000000e+00
1.716364394207414389e+09 1.441898822784423828e+01 -1.494747352600097656e+01 7.617929577827453613e-01 0.000000000000000000e+00 0.000000000000000000e+00 0.000000000000000000e+00 1.000000000000000000e+00
1.716364394257571936e+09 1.444839286804199219e+01 -1.498580932617187678e+01 7.611476778984069824e-01 0.000000000000000000e+00 0.000000000000000000e+00 0.000000000000000000e+00 1.000000000000000000e+00
1.716364394307655334e+09 1.447902965545654475e+01 -1.502575778961181641e+01 7.609718441963195801e-01 0.000000000000000000e+00 0.000000000000000000e+00 0.000000000000000000e+00 1.000000000000000000e+00
1.716364394408288479e+09 1.456912708282470881e+01 -1.513612651824951172e+01 7.584043741226196289e-01 0.000000000000000000e+00 0.000000000000000000e+00 0.000000000000000000e+00 1.000000000000000000e+00
1.716364394458635807e+09 1.459826564788818359e+01 -1.517472076416015625e+01 7.579997181892395020e-01 0.000000000000000000e+00 0.000000000000000000e+00 0.000000000000000000e+00 1.000000000000000000e+00
1.716364394508646965e+09 1.462800598144531250e+01 -1.521412754058838068e+01 7.576838731765747070e-01 0.000000000000000000e+00 0.000000000000000000e+00 0.000000000000000000e+00 1.000000000000000000e+00
1.716364394609464169e+09 1.469148635864257812e+01 -1.528899669647216797e+01 7.550679445266723633e-01 0.000000000000000000e+00 0.000000000000000000e+00 0.000000000000000000e+00 1.000000000000000000e+00
1.716364394659719706e+09 1.475277996063232422e+01 -1.537020874023437678e+01 7.542399764060974121e-01 0.000000000000000000e+00 0.000000000000000000e+00 0.000000000000000000e+00 1.000000000000000000e+00
1.716364394709950924e+09 1.478142356872558594e+01 -1.540788745880126953e+01 7.540148496627807617e-01 0.000000000000000000e+00 0.000000000000000000e+00 0.000000000000000000e+00 1.000000000000000000e+00
1.716364394760107279e+09 1.481133651733398438e+01 -1.544574451446533203e+01 7.539880275726318359e-01 0.000000000000000000e+00 0.000000000000000000e+00 0.000000000000000000e+00 1.000000000000000000e+00
1.716364394860410929e+09 1.490646648406982422e+01 -1.555821228027343750e+01 7.521152496337890625e-01 0.000000000000000000e+00 0.000000000000000000e+00 0.000000000000000000e+00 1.000000000000000000e+00
1.716364394910654783e+09 1.493711185455322443e+01 -1.559542465209960938e+01 7.534106373786926270e-01 0.000000000000000000e+00 0.000000000000000000e+00 0.000000000000000000e+00 1.000000000000000000e+00
1.716364394961183310e+09 1.496822357177734375e+01 -1.563218116760254084e+01 7.545532584190368652e-01 0.000000000000000000e+00 0.000000000000000000e+00 0.000000000000000000e+00 1.000000000000000000e+00
1.716364395061378956e+09 1.506237316131591797e+01 -1.573591518402099609e+01 7.533762454986572266e-01 0.000000000000000000e+00 0.000000000000000000e+00 0.000000000000000000e+00 1.000000000000000000e+00
1.716364395111555099e+09 1.509286308288574219e+01 -1.576906299591064453e+01 7.535153031349182129e-01 0.000000000000000000e+00 0.000000000000000000e+00 0.000000000000000000e+00 1.000000000000000000e+00
1.716364395211946726e+09 1.515697383880615234e+01 -1.583649253845214844e+01 7.532344460487365723e-01 0.000000000000000000e+00 0.000000000000000000e+00 0.000000000000000000e+00 1.000000000000000000e+00
1.716364395312251568e+09 1.521905422210693359e+01 -1.590029048919677557e+01 7.522038221359252930e-01 0.000000000000000000e+00 0.000000000000000000e+00 0.000000000000000000e+00 1.000000000000000000e+00
1.716364395362538099e+09 1.525040817260742188e+01 -1.593125343322754084e+01 7.529416084289550781e-01 0.000000000000000000e+00 0.000000000000000000e+00 0.000000000000000000e+00 1.000000000000000000e+00
1.716364395412656069e+09 1.531934642791748047e+01 -1.599831104278564453e+01 7.547585368156433105e-01 0.000000000000000000e+00 0.000000000000000000e+00 0.000000000000000000e+00 1.000000000000000000e+00
1.716364395462901831e+09 1.535355186462402344e+01 -1.602933311462402344e+01 7.559340000152587891e-01 0.000000000000000000e+00 0.000000000000000000e+00 0.000000000000000000e+00 1.000000000000000000e+00
1.716364395563199043e+09 1.545104026794433594e+01 -1.612027549743652344e+01 7.572407722473144531e-01 0.000000000000000000e+00 0.000000000000000000e+00 0.000000000000000000e+00 1.000000000000000000e+00
1.716364395613741398e+09 1.548459815979004084e+01 -1.614634132385253906e+01 7.577796578407287598e-01 0.000000000000000000e+00 0.000000000000000000e+00 0.000000000000000000e+00 1.000000000000000000e+00
1.716364395663642883e+09 1.551821613311767578e+01 -1.617228507995605469e+01 7.568917870521545410e-01 0.000000000000000000e+00 0.000000000000000000e+00 0.000000000000000000e+00 1.000000000000000000e+00
1.716364395764069796e+09 1.561609077453613281e+01 -1.625574874877929688e+01 7.546111345291137695e-01 0.000000000000000000e+00 0.000000000000000000e+00 0.000000000000000000e+00 1.000000000000000000e+00
1.716364395814291477e+09 1.564755439758300781e+01 -1.627816009521484375e+01 7.527573108673095703e-01 0.000000000000000000e+00 0.000000000000000000e+00 0.000000000000000000e+00 1.000000000000000000e+00
1.716364395864533424e+09 1.568540191650390625e+01 -1.630692291259765625e+01 7.509408593177795410e-01 0.000000000000000000e+00 0.000000000000000000e+00 0.000000000000000000e+00 1.000000000000000000e+00
1.716364395964815855e+09 1.578470897674560369e+01 -1.638751411437988281e+01 7.467559576034545898e-01 0.000000000000000000e+00 0.000000000000000000e+00 0.000000000000000000e+00 1.000000000000000000e+00
1.716364396015368700e+09 1.582039356231689631e+01 -1.641280937194824219e+01 7.453404068946838379e-01 0.000000000000000000e+00 0.000000000000000000e+00 0.000000000000000000e+00 1.000000000000000000e+00
1.716364396065207720e+09 1.585664272308349609e+01 -1.643893814086914062e+01 7.436758279800415039e-01 0.000000000000000000e+00 0.000000000000000000e+00 0.000000000000000000e+00 1.000000000000000000e+00
1.716364396115319967e+09 1.589298343658447266e+01 -1.646498870849609375e+01 7.423772811889648438e-01 0.000000000000000000e+00 0.000000000000000000e+00 0.000000000000000000e+00 1.000000000000000000e+00
1.716364396165509701e+09 1.595995903015136719e+01 -1.652119064331054688e+01 7.395056486129760742e-01 0.000000000000000000e+00 0.000000000000000000e+00 0.000000000000000000e+00 1.000000000000000000e+00
1.716364396215821743e+09 1.599853897094726562e+01 -1.654782676696777344e+01 7.376706004142761230e-01 0.000000000000000000e+00 0.000000000000000000e+00 0.000000000000000000e+00 1.000000000000000000e+00
1.716364396265781403e+09 1.603487968444824219e+01 -1.657244491577148438e+01 7.357174754142761230e-01 0.000000000000000000e+00 0.000000000000000000e+00 0.000000000000000000e+00 1.000000000000000000e+00
1.716364396316482306e+09 1.607299804687500000e+01 -1.659810829162597656e+01 7.334558367729187012e-01 0.000000000000000000e+00 0.000000000000000000e+00 0.000000000000000000e+00 1.000000000000000000e+00
1.716364396366091728e+09 1.614075660705566406e+01 -1.665487861633300781e+01 7.296161055564880371e-01 0.000000000000000000e+00 0.000000000000000000e+00 0.000000000000000000e+00 1.000000000000000000e+00
1.716364396416401863e+09 1.617798233032226562e+01 -1.667998313903808594e+01 7.269538044929504395e-01 0.000000000000000000e+00 0.000000000000000000e+00 0.000000000000000000e+00 1.000000000000000000e+00
1.716364396466729879e+09 1.621912193298339844e+01 -1.670821189880371094e+01 7.232989072799682617e-01 0.000000000000000000e+00 0.000000000000000000e+00 0.000000000000000000e+00 1.000000000000000000e+00
1.716364396516832113e+09 1.625799179077148438e+01 -1.673444557189941406e+01 7.194145917892456055e-01 0.000000000000000000e+00 0.000000000000000000e+00 0.000000000000000000e+00 1.000000000000000000e+00
1.716364396567511320e+09 1.629782104492187500e+01 -1.676107597351074219e+01 7.142652869224548340e-01 0.000000000000000000e+00 0.000000000000000000e+00 0.000000000000000000e+00 1.000000000000000000e+00
1.716364396617772102e+09 1.637358283996582031e+01 -1.682523918151855469e+01 7.071919441223144531e-01 0.000000000000000000e+00 0.000000000000000000e+00 0.000000000000000000e+00 1.000000000000000000e+00
1.716364396667779922e+09 1.641432952880859375e+01 -1.685092353820800781e+01 7.011702656745910645e-01 0.000000000000000000e+00 0.000000000000000000e+00 0.000000000000000000e+00 1.000000000000000000e+00
1.716364396717639208e+09 1.646417617797851562e+01 -1.688726806640625000e+01 6.946502923965454102e-01 0.000000000000000000e+00 0.000000000000000000e+00 0.000000000000000000e+00 1.000000000000000000e+00
1.716364396768327475e+09 1.650936889648437500e+01 -1.691829681396484375e+01 6.868215799331665039e-01 0.000000000000000000e+00 0.000000000000000000e+00 0.000000000000000000e+00 1.000000000000000000e+00
1.716364396818108559e+09 1.654982757568359375e+01 -1.694419479370117188e+01 6.799315810203552246e-01 0.000000000000000000e+00 0.000000000000000000e+00 0.000000000000000000e+00 1.000000000000000000e+00
1.716364396869695425e+09 1.659842300415039062e+01 -1.697888755798339844e+01 6.723064184188842773e-01 0.000000000000000000e+00 0.000000000000000000e+00 0.000000000000000000e+00 1.000000000000000000e+00
1.716364396918936729e+09 1.667376327514648438e+01 -1.704195213317871094e+01 6.637251377105712891e-01 0.000000000000000000e+00 0.000000000000000000e+00 0.000000000000000000e+00 1.000000000000000000e+00
1.716364396969024658e+09 1.675790596008300781e+01 -1.709899520874023438e+01 6.511651277542114258e-01 0.000000000000000000e+00 0.000000000000000000e+00 0.000000000000000000e+00 1.000000000000000000e+00
1.716364397070295334e+09 1.680067825317382812e+01 -1.712684249877929688e+01 6.453884840011596680e-01 0.000000000000000000e+00 0.000000000000000000e+00 0.000000000000000000e+00 1.000000000000000000e+00
1.716364397119082212e+09 1.684270286560058594e+01 -1.715267562866210938e+01 6.408944725990295410e-01 0.000000000000000000e+00 0.000000000000000000e+00 0.000000000000000000e+00 1.000000000000000000e+00
1.716364397219727278e+09 1.696478271484375000e+01 -1.724552917480468750e+01 6.324362158775329590e-01 0.000000000000000000e+00 0.000000000000000000e+00 0.000000000000000000e+00 1.000000000000000000e+00
1.716364397271213770e+09 1.700856971740722656e+01 -1.727533531188964844e+01 6.303104758262634277e-01 0.000000000000000000e+00 0.000000000000000000e+00 0.000000000000000000e+00 1.000000000000000000e+00
1.716364397320585251e+09 1.704869270324707031e+01 -1.730316162109375000e+01 6.288940310478210449e-01 0.000000000000000000e+00 0.000000000000000000e+00 0.000000000000000000e+00 1.000000000000000000e+00
1.716364397370968580e+09 1.713047790527343750e+01 -1.735878372192382812e+01 6.280437707901000977e-01 0.000000000000000000e+00 0.000000000000000000e+00 0.000000000000000000e+00 1.000000000000000000e+00
1.716364397471500397e+09 1.720163154602050781e+01 -1.741644859313964844e+01 6.271771192550659180e-01 0.000000000000000000e+00 0.000000000000000000e+00 0.000000000000000000e+00 1.000000000000000000e+00
1.716364397571928978e+09 1.727939224243164062e+01 -1.746641349792480469e+01 6.313660144805908203e-01 0.000000000000000000e+00 0.000000000000000000e+00 0.000000000000000000e+00 1.000000000000000000e+00
1.716364397622202158e+09 1.731641769409179688e+01 -1.749048805236816406e+01 6.351994872093200684e-01 0.000000000000000000e+00 0.000000000000000000e+00 0.000000000000000000e+00 1.000000000000000000e+00
1.716364397672978640e+09 1.738459014892578125e+01 -1.754703140258789062e+01 6.379615664482116699e-01 0.000000000000000000e+00 0.000000000000000000e+00 0.000000000000000000e+00 1.000000000000000000e+00
1.716364397722361565e+09 1.745889854431152344e+01 -1.760060119628906250e+01 6.470612883567810059e-01 0.000000000000000000e+00 0.000000000000000000e+00 0.000000000000000000e+00 1.000000000000000000e+00
1.716364397923066616e+09 1.757557106018066406e+01 -1.768853950500488281e+01 6.629496216773986816e-01 0.000000000000000000e+00 0.000000000000000000e+00 0.000000000000000000e+00 1.000000000000000000e+00
1.716364397973448038e+09 1.763966560363769531e+01 -1.773549652099609375e+01 6.768000125885009766e-01 0.000000000000000000e+00 0.000000000000000000e+00 0.000000000000000000e+00 1.000000000000000000e+00
1.716364398023432493e+09 1.766866111755371094e+01 -1.775779342651367188e+01 6.842365264892578125e-01 0.000000000000000000e+00 0.000000000000000000e+00 0.000000000000000000e+00 1.000000000000000000e+00
1.716364398123811007e+09 1.775373268127441406e+01 -1.783195304870605469e+01 7.008178234100341797e-01 0.000000000000000000e+00 0.000000000000000000e+00 0.000000000000000000e+00 1.000000000000000000e+00
1.716364398174103260e+09 1.778248596191406250e+01 -1.785738563537597656e+01 7.103011012077331543e-01 0.000000000000000000e+00 0.000000000000000000e+00 0.000000000000000000e+00 1.000000000000000000e+00
1.716364398224292040e+09 1.781080055236816406e+01 -1.788186264038085938e+01 7.204356789588928223e-01 0.000000000000000000e+00 0.000000000000000000e+00 0.000000000000000000e+00 1.000000000000000000e+00
1.716364398326155663e+09 1.789765167236328125e+01 -1.796140098571777344e+01 7.404611110687255859e-01 0.000000000000000000e+00 0.000000000000000000e+00 0.000000000000000000e+00 1.000000000000000000e+00
1.716364398375225306e+09 1.792543029785156250e+01 -1.798643684387207031e+01 7.517343163490295410e-01 0.000000000000000000e+00 0.000000000000000000e+00 0.000000000000000000e+00 1.000000000000000000e+00
1.716364398425117970e+09 1.795392227172851562e+01 -1.801217460632324219e+01 7.633094787597656250e-01 0.000000000000000000e+00 0.000000000000000000e+00 0.000000000000000000e+00 1.000000000000000000e+00
1.716364398475432873e+09 1.798172187805175781e+01 -1.803718185424804688e+01 7.748137116432189941e-01 0.000000000000000000e+00 0.000000000000000000e+00 0.000000000000000000e+00 1.000000000000000000e+00
1.716364398576360941e+09 1.803694725036621094e+01 -1.808991050720214844e+01 7.859076261520385742e-01 0.000000000000000000e+00 0.000000000000000000e+00 0.000000000000000000e+00 1.000000000000000000e+00
1.716364398626048565e+09 1.806509780883789062e+01 -1.811602210998535156e+01 7.990081310272216797e-01 0.000000000000000000e+00 0.000000000000000000e+00 0.000000000000000000e+00 1.000000000000000000e+00
1.716364398676096439e+09 1.812232208251953125e+01 -1.816868019104003906e+01 8.246700167655944824e-01 0.000000000000000000e+00 0.000000000000000000e+00 0.000000000000000000e+00 1.000000000000000000e+00
1.716364398826843977e+09 1.820835304260253906e+01 -1.824768066406250000e+01 8.507990241050720215e-01 0.000000000000000000e+00 0.000000000000000000e+00 0.000000000000000000e+00 1.000000000000000000e+00
1.716364398877179146e+09 1.827116966247558238e+01 -1.829749679565429688e+01 8.764590024948120117e-01 0.000000000000000000e+00 0.000000000000000000e+00 0.000000000000000000e+00 1.000000000000000000e+00
1.716364398977591276e+09 1.833049774169921875e+01 -1.834750747680664062e+01 8.890513181686401367e-01 0.000000000000000000e+00 0.000000000000000000e+00 0.000000000000000000e+00 1.000000000000000000e+00
1.716364399028044462e+09 1.836392593383789062e+01 -1.836966323852539062e+01 9.019795656204223633e-01 0.000000000000000000e+00 0.000000000000000000e+00 0.000000000000000000e+00 1.000000000000000000e+00
1.716364399128382206e+09 1.846469879150390270e+01 -1.843271446228027699e+01 9.403889179229736328e-01 0.000000000000000000e+00 0.000000000000000000e+00 0.000000000000000000e+00 1.000000000000000000e+00
1.716364399228885412e+09 1.852776336669921875e+01 -1.848027801513671875e+01 9.511780738830566406e-01 0.000000000000000000e+00 0.000000000000000000e+00 0.000000000000000000e+00 1.000000000000000000e+00
1.716364399329338551e+09 1.863264083862304688e+01 -1.853893852233886719e+01 9.860442876815795898e-01 0.000000000000000000e+00 0.000000000000000000e+00 0.000000000000000000e+00 1.000000000000000000e+00
1.716364399434430361e+09 1.869680023193359730e+01 -1.858530616760253906e+01 9.954682588577270508e-01 0.000000000000000000e+00 0.000000000000000000e+00 0.000000000000000000e+00 1.000000000000000000e+00
1.716364399479792356e+09 1.877038002014160156e+01 -1.862244033813476918e+01 1.015621066093444824e+00 0.000000000000000000e+00 0.000000000000000000e+00 0.000000000000000000e+00 1.000000000000000000e+00
1.716364399580737114e+09 1.880562400817871094e+01 -1.863826942443848012e+01 1.025179505348205566e+00 0.000000000000000000e+00 0.000000000000000000e+00 0.000000000000000000e+00 1.000000000000000000e+00
1.716364399630620003e+09 1.890189170837402344e+01 -1.869641304016113281e+01 1.043175578117370605e+00 0.000000000000000000e+00 0.000000000000000000e+00 0.000000000000000000e+00 1.000000000000000000e+00
1.716364399680721998e+09 1.893759346008300781e+01 -1.871312141418457031e+01 1.051231861114501953e+00 0.000000000000000000e+00 0.000000000000000000e+00 0.000000000000000000e+00 1.000000000000000000e+00
1.716364399730548620e+09 1.897260856628417969e+01 -1.873052215576171875e+01 1.059756755828857422e+00 0.000000000000000000e+00 0.000000000000000000e+00 0.000000000000000000e+00 1.000000000000000000e+00
1.716364399831239223e+09 1.903108596801757457e+01 -1.877110099792480469e+01 1.067352652549743652e+00 0.000000000000000000e+00 0.000000000000000000e+00 0.000000000000000000e+00 1.000000000000000000e+00
1.716364399931120872e+09 1.909741210937500000e+01 -1.880390739440917969e+01 1.084613084793090820e+00 0.000000000000000000e+00 0.000000000000000000e+00 0.000000000000000000e+00 1.000000000000000000e+00
1.716364399981274128e+09 1.916051292419433594e+01 -1.883565139770508168e+01 1.100957989692687988e+00 0.000000000000000000e+00 0.000000000000000000e+00 0.000000000000000000e+00 1.000000000000000000e+00
1.716364400081952572e+09 1.924704551696777344e+01 -1.889484405517578125e+01 1.115562796592712402e+00 0.000000000000000000e+00 0.000000000000000000e+00 0.000000000000000000e+00 1.000000000000000000e+00
1.716364400131790161e+09 1.927759170532226562e+01 -1.891240882873535156e+01 1.123157143592834473e+00 0.000000000000000000e+00 0.000000000000000000e+00 0.000000000000000000e+00 1.000000000000000000e+00
1.716364400232308149e+09 1.933464241027832031e+01 -1.894447135925292969e+01 1.136916756629943848e+00 0.000000000000000000e+00 0.000000000000000000e+00 0.000000000000000000e+00 1.000000000000000000e+00
1.716364400332709789e+09 1.941329574584960938e+01 -1.900018310546875000e+01 1.150524735450744629e+00 0.000000000000000000e+00 0.000000000000000000e+00 0.000000000000000000e+00 1.000000000000000000e+00
1.716364400383011580e+09 1.944044303894042969e+01 -1.901685905456542969e+01 1.155832886695861816e+00 0.000000000000000000e+00 0.000000000000000000e+00 0.000000000000000000e+00 1.000000000000000000e+00
1.716364400433261156e+09 1.946710395812988281e+01 -1.903259277343750000e+01 1.160905361175537109e+00 0.000000000000000000e+00 0.000000000000000000e+00 0.000000000000000000e+00 1.000000000000000000e+00
1.716364400583648205e+09 1.956347274780273082e+01 -1.910016059875488281e+01 1.173193573951721191e+00 0.000000000000000000e+00 0.000000000000000000e+00 0.000000000000000000e+00 1.000000000000000000e+00
1.716364400634108782e+09 1.958671569824218750e+01 -1.911647987365722656e+01 1.176019668579101562e+00 0.000000000000000000e+00 0.000000000000000000e+00 0.000000000000000000e+00 1.000000000000000000e+00
1.716364400734368324e+09 1.965670394897460938e+01 -1.917224311828613281e+01 1.178890109062194824e+00 0.000000000000000000e+00 0.000000000000000000e+00 0.000000000000000000e+00 1.000000000000000000e+00
1.716364400784689903e+09 1.967746162414550781e+01 -1.918820571899414062e+01 1.179097414016723633e+00 0.000000000000000000e+00 0.000000000000000000e+00 0.000000000000000000e+00 1.000000000000000000e+00
1.716364400835056067e+09 1.969977378845214844e+01 -1.920542144775390270e+01 1.178487420082092507e+00 0.000000000000000000e+00 0.000000000000000000e+00 0.000000000000000000e+00 1.000000000000000000e+00
1.716364400886617422e+09 1.974005317687988281e+01 -1.924144744873046875e+01 1.177213668823242188e+00 0.000000000000000000e+00 0.000000000000000000e+00 0.000000000000000000e+00 1.000000000000000000e+00
1.716364400935565233e+09 1.976057243347167969e+01 -1.925905418395996094e+01 1.175561904907226562e+00 0.000000000000000000e+00 0.000000000000000000e+00 0.000000000000000000e+00 1.000000000000000000e+00
1.716364400986545563e+09 1.978140068054199219e+01 -1.927774429321289062e+01 1.171903133392333984e+00 0.000000000000000000e+00 0.000000000000000000e+00 0.000000000000000000e+00 1.000000000000000000e+00
1.716364401036337852e+09 1.980179977416991832e+01 -1.929687690734863637e+01 1.168374657630920410e+00 0.000000000000000000e+00 0.000000000000000000e+00 0.000000000000000000e+00 1.000000000000000000e+00
1.716364401136067867e+09 1.986467361450195668e+01 -1.935975456237792969e+01 1.160188913345336914e+00 0.000000000000000000e+00 0.000000000000000000e+00 0.000000000000000000e+00 1.000000000000000000e+00
1.716364401188314438e+09 1.988088226318359730e+01 -1.937596321105957031e+01 1.153243303298950195e+00 0.000000000000000000e+00 0.000000000000000000e+00 0.000000000000000000e+00 1.000000000000000000e+00
1.716364401238715172e+09 1.989920425415039062e+01 -1.939574432373046875e+01 1.147052645683288574e+00 0.000000000000000000e+00 0.000000000000000000e+00 0.000000000000000000e+00 1.000000000000000000e+00
1.716364401337239742e+09 1.995707893371582031e+01 -1.945934867858886719e+01 1.133284330368041992e+00 0.000000000000000000e+00 0.000000000000000000e+00 0.000000000000000000e+00 1.000000000000000000e+00
1.716364401388483763e+09 1.997455978393554688e+01 -1.948280906677246094e+01 1.124785304069519043e+00 0.000000000000000000e+00 0.000000000000000000e+00 0.000000000000000000e+00 1.000000000000000000e+00
1.716364401487803221e+09 2.000891113281250000e+01 -1.953034591674804688e+01 1.107911109924316406e+00 0.000000000000000000e+00 0.000000000000000000e+00 0.000000000000000000e+00 1.000000000000000000e+00
1.716364401537948370e+09 2.002714538574218750e+01 -1.955586814880371094e+01 1.098420739173889160e+00 0.000000000000000000e+00 0.000000000000000000e+00 0.000000000000000000e+00 1.000000000000000000e+00
1.716364401588293791e+09 2.006569099426269176e+01 -1.960350990295410156e+01 1.088162899017333984e+00 0.000000000000000000e+00 0.000000000000000000e+00 0.000000000000000000e+00 1.000000000000000000e+00
1.716364401688664913e+09 2.010093116760253906e+01 -1.965721130371093750e+01 1.069395542144775391e+00 0.000000000000000000e+00 0.000000000000000000e+00 0.000000000000000000e+00 1.000000000000000000e+00
1.716364401739110231e+09 2.011767387390136719e+01 -1.968420600891113281e+01 1.058682918548583984e+00 0.000000000000000000e+00 0.000000000000000000e+00 0.000000000000000000e+00 1.000000000000000000e+00
1.716364401840109110e+09 2.015723419189453125e+01 -1.973362350463867188e+01 1.047560572624206321e+00 0.000000000000000000e+00 0.000000000000000000e+00 0.000000000000000000e+00 1.000000000000000000e+00
1.716364401940261602e+09 2.021702957153320312e+01 -1.982195663452148438e+01 1.017055511474609375e+00 0.000000000000000000e+00 0.000000000000000000e+00 0.000000000000000000e+00 1.000000000000000000e+00
1.716364401990860224e+09 2.023668670654296875e+01 -1.985163879394531250e+01 1.005753636360168457e+00 0.000000000000000000e+00 0.000000000000000000e+00 0.000000000000000000e+00 1.000000000000000000e+00
1.716364402092496872e+09 2.029955863952636719e+01 -1.993406867980957031e+01 9.820905327796936035e-01 0.000000000000000000e+00 0.000000000000000000e+00 0.000000000000000000e+00 1.000000000000000000e+00
1.716364402140859127e+09 2.032157897949218750e+01 -1.996557235717773082e+01 9.696921706199645996e-01 0.000000000000000000e+00 0.000000000000000000e+00 0.000000000000000000e+00 1.000000000000000000e+00
1.716364402191883087e+09 2.034157371520996094e+01 -1.999487113952636719e+01 9.581304192543029785e-01 0.000000000000000000e+00 0.000000000000000000e+00 0.000000000000000000e+00 1.000000000000000000e+00
1.716364402292826176e+09 2.040807342529296875e+01 -2.008072471618652344e+01 9.363144636154175915e-01 0.000000000000000000e+00 0.000000000000000000e+00 0.000000000000000000e+00 1.000000000000000000e+00
1.716364402342354536e+09 2.042788887023925426e+01 -2.011022567749023438e+01 9.263963103294371448e-01 0.000000000000000000e+00 0.000000000000000000e+00 0.000000000000000000e+00 1.000000000000000000e+00
1.716364402392244816e+09 2.044910621643066406e+01 -2.014259529113769176e+01 9.173018932342528187e-01 0.000000000000000000e+00 0.000000000000000000e+00 0.000000000000000000e+00 1.000000000000000000e+00
1.716364402492487431e+09 2.051802635192871094e+01 -2.023175239562988281e+01 8.995840549468994141e-01 0.000000000000000000e+00 0.000000000000000000e+00 0.000000000000000000e+00 1.000000000000000000e+00
1.716364402542719603e+09 2.054011344909667969e+01 -2.026325225830078125e+01 8.915180563926696777e-01 0.000000000000000000e+00 0.000000000000000000e+00 0.000000000000000000e+00 1.000000000000000000e+00
1.716364402593041658e+09 2.056146812438964844e+01 -2.029410171508789062e+01 8.846735358238220215e-01 0.000000000000000000e+00 0.000000000000000000e+00 0.000000000000000000e+00 1.000000000000000000e+00
1.716364402643843651e+09 2.058433914184570312e+01 -2.032628250122070312e+01 8.787258863449096680e-01 0.000000000000000000e+00 0.000000000000000000e+00 0.000000000000000000e+00 1.000000000000000000e+00
1.716364402694834232e+09 2.063453292846680043e+01 -2.038486671447753906e+01 8.722029924392700195e-01 0.000000000000000000e+00 0.000000000000000000e+00 0.000000000000000000e+00 1.000000000000000000e+00
1.716364402744188309e+09 2.065792274475097656e+01 -2.041795921325683949e+01 8.668290376663208008e-01 0.000000000000000000e+00 0.000000000000000000e+00 0.000000000000000000e+00 1.000000000000000000e+00
1.716364402794164658e+09 2.068151664733886719e+01 -2.044945907592773082e+01 8.628337383270263672e-01 0.000000000000000000e+00 0.000000000000000000e+00 0.000000000000000000e+00 1.000000000000000000e+00
1.716364402844359636e+09 2.070286941528320312e+01 -2.048183631896972656e+01 8.600458502769470215e-01 0.000000000000000000e+00 0.000000000000000000e+00 0.000000000000000000e+00 1.000000000000000000e+00
1.716364402895477295e+09 2.075255203247070312e+01 -2.054104232788085938e+01 8.573731184005737305e-01 0.000000000000000000e+00 0.000000000000000000e+00 0.000000000000000000e+00 1.000000000000000000e+00
1.716364402945233822e+09 2.077452659606933594e+01 -2.057282447814941051e+01 8.559023737907409668e-01 0.000000000000000000e+00 0.000000000000000000e+00 0.000000000000000000e+00 1.000000000000000000e+00
1.716364402995100737e+09 2.079714775085448863e+01 -2.060542106628417969e+01 8.559388518333435059e-01 0.000000000000000000e+00 0.000000000000000000e+00 0.000000000000000000e+00 1.000000000000000000e+00
1.716364403045349598e+09 2.082143020629882812e+01 -2.063917541503906250e+01 8.558739423751831055e-01 0.000000000000000000e+00 0.000000000000000000e+00 0.000000000000000000e+00 1.000000000000000000e+00
1.716364403095970154e+09 2.087117004394531250e+01 -2.069838142395019531e+01 8.553992509841918945e-01 0.000000000000000000e+00 0.000000000000000000e+00 0.000000000000000000e+00 1.000000000000000000e+00
1.716364403145892859e+09 2.089409446716308949e+01 -2.073212432861328125e+01 8.567774891853332520e-01 0.000000000000000000e+00 0.000000000000000000e+00 0.000000000000000000e+00 1.000000000000000000e+00
1.716364403196321964e+09 2.091649055480957031e+01 -2.076498222351074574e+01 8.583564758300781250e-01 0.000000000000000000e+00 0.000000000000000000e+00 0.000000000000000000e+00 1.000000000000000000e+00
1.716364403246329308e+09 2.094095993041991832e+01 -2.080001258850097656e+01 8.601014614105224609e-01 0.000000000000000000e+00 0.000000000000000000e+00 0.000000000000000000e+00 1.000000000000000000e+00
1.716364403297188044e+09 2.099315452575683949e+01 -2.086245536804199219e+01 8.610525727272033691e-01 0.000000000000000000e+00 0.000000000000000000e+00 0.000000000000000000e+00 1.000000000000000000e+00
1.716364403346923828e+09 2.101740074157714844e+01 -2.089628791809082031e+01 8.628566265106201172e-01 0.000000000000000000e+00 0.000000000000000000e+00 0.000000000000000000e+00 1.000000000000000000e+00
1.716364403447235346e+09 2.106650924682616832e+01 -2.096333885192871094e+01 8.669621944427490234e-01 0.000000000000000000e+00 0.000000000000000000e+00 0.000000000000000000e+00 1.000000000000000000e+00
1.716364403497728586e+09 2.109115982055664062e+01 -2.099675941467285156e+01 8.689067363739013672e-01 0.000000000000000000e+00 0.000000000000000000e+00 0.000000000000000000e+00 1.000000000000000000e+00
1.716364403598205090e+09 2.117368507385253906e+01 -2.109963226318359730e+01 8.708851933479309082e-01 0.000000000000000000e+00 0.000000000000000000e+00 0.000000000000000000e+00 1.000000000000000000e+00
1.716364403648123026e+09 2.119974327087402344e+01 -2.113587951660155895e+01 8.726208806037902832e-01 0.000000000000000000e+00 0.000000000000000000e+00 0.000000000000000000e+00 1.000000000000000000e+00
1.716364403699069977e+09 2.122837829589844105e+01 -2.117379379272460938e+01 8.744550943374633789e-01 0.000000000000000000e+00 0.000000000000000000e+00 0.000000000000000000e+00 1.000000000000000000e+00
1.716364403748570204e+09 2.125512123107910156e+01 -2.120791435241699219e+01 8.755776286125183105e-01 0.000000000000000000e+00 0.000000000000000000e+00 0.000000000000000000e+00 1.000000000000000000e+00
1.716364403848930836e+09 2.131448173522948863e+01 -2.127449989318848012e+01 8.772959113121032715e-01 0.000000000000000000e+00 0.000000000000000000e+00 0.000000000000000000e+00 1.000000000000000000e+00
1.716364403949630499e+09 2.139689636230468750e+01 -2.137898826599121094e+01 8.835138678550720215e-01 0.000000000000000000e+00 0.000000000000000000e+00 0.000000000000000000e+00 1.000000000000000000e+00
1.716364404049739838e+09 2.148973274230957031e+01 -2.148567199707031250e+01 8.862174153327941895e-01 0.000000000000000000e+00 0.000000000000000000e+00 0.000000000000000000e+00 1.000000000000000000e+00
1.716364404099669695e+09 2.152005958557128906e+01 -2.152331161499023438e+01 8.888223767280578613e-01 0.000000000000000000e+00 0.000000000000000000e+00 0.000000000000000000e+00 1.000000000000000000e+00
1.716364404150191069e+09 2.158512306213378906e+01 -2.159408378601074574e+01 8.904284834861755371e-01 0.000000000000000000e+00 0.000000000000000000e+00 0.000000000000000000e+00 1.000000000000000000e+00
1.716364404201330900e+09 2.161561012268066406e+01 -2.163156509399414062e+01 8.932313919067382812e-01 0.000000000000000000e+00 0.000000000000000000e+00 0.000000000000000000e+00 1.000000000000000000e+00
1.716364404250805616e+09 2.164659500122070312e+01 -2.166858100891113281e+01 8.972667455673217773e-01 0.000000000000000000e+00 0.000000000000000000e+00 0.000000000000000000e+00 1.000000000000000000e+00
1.716364404351345778e+09 2.170923805236816406e+01 -2.174191474914550781e+01 9.046030640602111816e-01 0.000000000000000000e+00 0.000000000000000000e+00 0.000000000000000000e+00 1.000000000000000000e+00
1.716364404401498795e+09 2.174023818969726562e+01 -2.177891731262207031e+01 9.088889360427856445e-01 0.000000000000000000e+00 0.000000000000000000e+00 0.000000000000000000e+00 1.000000000000000000e+00
1.716364404501680851e+09 2.183772468566894531e+01 -2.188814353942871094e+01 9.171038866043091931e-01 0.000000000000000000e+00 0.000000000000000000e+00 0.000000000000000000e+00 1.000000000000000000e+00
1.716364404551963568e+09 2.187094688415527699e+01 -2.192572784423828125e+01 9.206010103225708008e-01 0.000000000000000000e+00 0.000000000000000000e+00 0.000000000000000000e+00 1.000000000000000000e+00
1.716364404602745771e+09 2.190166664123535156e+01 -2.196158599853515980e+01 9.247869253158568226e-01 0.000000000000000000e+00 0.000000000000000000e+00 0.000000000000000000e+00 1.000000000000000000e+00
1.716364404702606678e+09 2.196900558471680043e+01 -2.203291893005371094e+01 9.272089004516601562e-01 0.000000000000000000e+00 0.000000000000000000e+00 0.000000000000000000e+00 1.000000000000000000e+00
1.716364404752816200e+09 2.200293159484863637e+01 -2.207122421264648438e+01 9.313047528266907849e-01 0.000000000000000000e+00 0.000000000000000000e+00 0.000000000000000000e+00 1.000000000000000000e+00
1.716364404803516150e+09 2.203447151184082031e+01 -2.210623931884765625e+01 9.346777200698852539e-01 0.000000000000000000e+00 0.000000000000000000e+00 0.000000000000000000e+00 1.000000000000000000e+00
1.716364404853853703e+09 2.209702110290527699e+01 -2.217824363708496094e+01 9.427831172943116345e-01 0.000000000000000000e+00 0.000000000000000000e+00 0.000000000000000000e+00 1.000000000000000000e+00
1.716364404954180002e+09 2.216152954101562500e+01 -2.224676895141601562e+01 9.463220834732055664e-01 0.000000000000000000e+00 0.000000000000000000e+00 0.000000000000000000e+00 1.000000000000000000e+00
1.716364405004768848e+09 2.219402694702148438e+01 -2.228366470336914062e+01 9.502827525138856091e-01 0.000000000000000000e+00 0.000000000000000000e+00 0.000000000000000000e+00 1.000000000000000000e+00
1.716364405054893017e+09 2.225855064392089844e+01 -2.235791206359863637e+01 9.578827619552612305e-01 0.000000000000000000e+00 0.000000000000000000e+00 0.000000000000000000e+00 1.000000000000000000e+00
1.716364405155339241e+09 2.232500267028808949e+01 -2.242872428894042969e+01 9.612069129943847656e-01 0.000000000000000000e+00 0.000000000000000000e+00 0.000000000000000000e+00 1.000000000000000000e+00
1.716364405205450296e+09 2.238875389099121094e+01 -2.250231552124023438e+01 9.686170816421507679e-01 0.000000000000000000e+00 0.000000000000000000e+00 0.000000000000000000e+00 1.000000000000000000e+00
1.716364405255816936e+09 2.242052268981933594e+01 -2.253992462158203125e+01 9.724072217941284180e-01 0.000000000000000000e+00 0.000000000000000000e+00 0.000000000000000000e+00 1.000000000000000000e+00
1.716364405356462002e+09 2.248743057250976918e+01 -2.261168289184570312e+01 9.754757285118104138e-01 0.000000000000000000e+00 0.000000000000000000e+00 0.000000000000000000e+00 1.000000000000000000e+00
1.716364405408963919e+09 2.255125617980957031e+01 -2.268661499023437145e+01 9.835574030876159668e-01 0.000000000000000000e+00 0.000000000000000000e+00 0.000000000000000000e+00 1.000000000000000000e+00
1.716364405457106590e+09 2.258141326904296875e+01 -2.272585296630859730e+01 9.889684915542603649e-01 0.000000000000000000e+00 0.000000000000000000e+00 0.000000000000000000e+00 1.000000000000000000e+00
1.716364405506750345e+09 2.261342430114746094e+01 -2.276465415954589844e+01 9.942829608917236328e-01 0.000000000000000000e+00 0.000000000000000000e+00 0.000000000000000000e+00 1.000000000000000000e+00
1.716364405607339621e+09 2.270804214477539062e+01 -2.287671852111816406e+01 1.005882024765014648e+00 0.000000000000000000e+00 0.000000000000000000e+00 0.000000000000000000e+00 1.000000000000000000e+00
1.716364405657367706e+09 2.273706817626953125e+01 -2.291571044921875000e+01 1.013962745666503906e+00 0.000000000000000000e+00 0.000000000000000000e+00 0.000000000000000000e+00 1.000000000000000000e+00
1.716364405707540989e+09 2.276531982421875000e+01 -2.295405006408691762e+01 1.021664023399353027e+00 0.000000000000000000e+00 0.000000000000000000e+00 0.000000000000000000e+00 1.000000000000000000e+00
1.716364405807985067e+09 2.285891723632812500e+01 -2.306713676452636719e+01 1.035467267036437988e+00 0.000000000000000000e+00 0.000000000000000000e+00 0.000000000000000000e+00 1.000000000000000000e+00
1.716364405858255863e+09 2.288650703430176137e+01 -2.310471916198730469e+01 1.043733239173889160e+00 0.000000000000000000e+00 0.000000000000000000e+00 0.000000000000000000e+00 1.000000000000000000e+00
1.716364405908482552e+09 2.291382217407226562e+01 -2.314256858825683949e+01 1.051959395408630371e+00 0.000000000000000000e+00 0.000000000000000000e+00 0.000000000000000000e+00 1.000000000000000000e+00
1.716364405959011316e+09 2.297238731384277344e+01 -2.321139526367187500e+01 1.060147166252136230e+00 0.000000000000000000e+00 0.000000000000000000e+00 0.000000000000000000e+00 1.000000000000000000e+00
1.716364406008879423e+09 2.300012016296386719e+01 -2.324882888793945312e+01 1.069033980369568093e+00 0.000000000000000000e+00 0.000000000000000000e+00 0.000000000000000000e+00 1.000000000000000000e+00
1.716364406059156418e+09 2.302624320983886719e+01 -2.328645324707031250e+01 1.078423738479614480e+00 0.000000000000000000e+00 0.000000000000000000e+00 0.000000000000000000e+00 1.000000000000000000e+00
1.716364406109456062e+09 2.305463409423828125e+01 -2.332605361938476918e+01 1.088116645812988503e+00 0.000000000000000000e+00 0.000000000000000000e+00 0.000000000000000000e+00 1.000000000000000000e+00
1.716364406159581661e+09 2.308003425598144531e+01 -2.336297988891601562e+01 1.098047494888305664e+00 0.000000000000000000e+00 0.000000000000000000e+00 0.000000000000000000e+00 1.000000000000000000e+00
1.716364406260004520e+09 2.316163253784180043e+01 -2.346822738647460938e+01 1.116990327835083008e+00 0.000000000000000000e+00 0.000000000000000000e+00 0.000000000000000000e+00 1.000000000000000000e+00
1.716364406310212374e+09 2.318507194519042969e+01 -2.350425338745116832e+01 1.126653075218200906e+00 0.000000000000000000e+00 0.000000000000000000e+00 0.000000000000000000e+00 1.000000000000000000e+00
1.716364406360366106e+09 2.320902442932128906e+01 -2.353975296020508168e+01 1.135447144508361816e+00 0.000000000000000000e+00 0.000000000000000000e+00 0.000000000000000000e+00 1.000000000000000000e+00
1.716364406460940123e+09 2.328768920898437145e+01 -2.364077377319335938e+01 1.151367545127868874e+00 0.000000000000000000e+00 0.000000000000000000e+00 0.000000000000000000e+00 1.000000000000000000e+00
1.716364406510953188e+09 2.331079673767089844e+01 -2.367426300048828125e+01 1.158914327621459961e+00 0.000000000000000000e+00 0.000000000000000000e+00 0.000000000000000000e+00 1.000000000000000000e+00
1.716364406561144829e+09 2.333407783508300781e+01 -2.370898818969726562e+01 1.166867375373840332e+00 0.000000000000000000e+00 0.000000000000000000e+00 0.000000000000000000e+00 1.000000000000000000e+00
1.716364406611455202e+09 2.335624694824218750e+01 -2.374338722229003906e+01 1.174142956733703613e+00 0.000000000000000000e+00 0.000000000000000000e+00 0.000000000000000000e+00 1.000000000000000000e+00
1.716364406661602974e+09 2.340661621093750000e+01 -2.380614471435546875e+01 1.180661201477050781e+00 0.000000000000000000e+00 0.000000000000000000e+00 0.000000000000000000e+00 1.000000000000000000e+00
1.716364406711895227e+09 2.342967414855957031e+01 -2.384104919433593750e+01 1.186798095703125000e+00 0.000000000000000000e+00 0.000000000000000000e+00 0.000000000000000000e+00 1.000000000000000000e+00
1.716364406762067556e+09 2.345263481140136719e+01 -2.387603378295898438e+01 1.192074656486511230e+00 0.000000000000000000e+00 0.000000000000000000e+00 0.000000000000000000e+00 1.000000000000000000e+00
1.716364406812448978e+09 2.347394752502441051e+01 -2.390982627868652344e+01 1.196932196617126465e+00 0.000000000000000000e+00 0.000000000000000000e+00 0.000000000000000000e+00 1.000000000000000000e+00
1.716364406862430811e+09 2.352199554443359730e+01 -2.397061538696289062e+01 1.201528310775756836e+00 0.000000000000000000e+00 0.000000000000000000e+00 0.000000000000000000e+00 1.000000000000000000e+00
1.716364406912652254e+09 2.354409217834472656e+01 -2.400362777709960938e+01 1.206143260002136230e+00 0.000000000000000000e+00 0.000000000000000000e+00 0.000000000000000000e+00 1.000000000000000000e+00
1.716364406962938547e+09 2.356614875793457031e+01 -2.403807449340820312e+01 1.210621476173400879e+00 0.000000000000000000e+00 0.000000000000000000e+00 0.000000000000000000e+00 1.000000000000000000e+00
1.716364407013042688e+09 2.358758926391601562e+01 -2.407170486450195668e+01 1.213593363761902078e+00 0.000000000000000000e+00 0.000000000000000000e+00 0.000000000000000000e+00 1.000000000000000000e+00
1.716364407113623142e+09 2.363508987426757457e+01 -2.413299942016601562e+01 1.216868162155151367e+00 0.000000000000000000e+00 0.000000000000000000e+00 0.000000000000000000e+00 1.000000000000000000e+00
1.716364407163810968e+09 2.365375137329101562e+01 -2.416513252258300781e+01 1.218640327453613281e+00 0.000000000000000000e+00 0.000000000000000000e+00 0.000000000000000000e+00 1.000000000000000000e+00
1.716364407214049578e+09 2.367256927490234375e+01 -2.419710922241210938e+01 1.220632672309875710e+00 0.000000000000000000e+00 0.000000000000000000e+00 0.000000000000000000e+00 1.000000000000000000e+00
1.716364407264225721e+09 2.371170043945312500e+01 -2.426238632202148438e+01 1.224269270896911621e+00 0.000000000000000000e+00 0.000000000000000000e+00 0.000000000000000000e+00 1.000000000000000000e+00
1.716364407314452887e+09 2.375664901733398438e+01 -2.432194900512695668e+01 1.225958585739135520e+00 0.000000000000000000e+00 0.000000000000000000e+00 0.000000000000000000e+00 1.000000000000000000e+00
1.716364407364495516e+09 2.377476310729980469e+01 -2.435459136962890270e+01 1.227305889129638894e+00 0.000000000000000000e+00 0.000000000000000000e+00 0.000000000000000000e+00 1.000000000000000000e+00
1.716364407415037870e+09 2.379315757751464844e+01 -2.438696098327636719e+01 1.228964805603027122e+00 0.000000000000000000e+00 0.000000000000000000e+00 0.000000000000000000e+00 1.000000000000000000e+00
1.716364407465071201e+09 2.381254196166991832e+01 -2.441975212097167969e+01 1.230045318603515625e+00 0.000000000000000000e+00 0.000000000000000000e+00 0.000000000000000000e+00 1.000000000000000000e+00
1.716364407565427303e+09 2.387597465515136719e+01 -2.451155281066894531e+01 1.231831669807434082e+00 0.000000000000000000e+00 0.000000000000000000e+00 0.000000000000000000e+00 1.000000000000000000e+00
1.716364407615582705e+09 2.389382553100585938e+01 -2.454442024230957031e+01 1.231707453727722168e+00 0.000000000000000000e+00 0.000000000000000000e+00 0.000000000000000000e+00 1.000000000000000000e+00
1.716364407666089058e+09 2.391068267822265625e+01 -2.457685279846191762e+01 1.231603980064392090e+00 0.000000000000000000e+00 0.000000000000000000e+00 0.000000000000000000e+00 1.000000000000000000e+00
1.716364407716379166e+09 2.395167732238769176e+01 -2.463322830200195668e+01 1.230756282806396484e+00 0.000000000000000000e+00 0.000000000000000000e+00 0.000000000000000000e+00 1.000000000000000000e+00
1.716364407766483307e+09 2.396856117248535156e+01 -2.466421318054199219e+01 1.228806495666503906e+00 0.000000000000000000e+00 0.000000000000000000e+00 0.000000000000000000e+00 1.000000000000000000e+00
1.716364407816732645e+09 2.398555374145508168e+01 -2.469509315490722656e+01 1.227020978927612305e+00 0.000000000000000000e+00 0.000000000000000000e+00 0.000000000000000000e+00 1.000000000000000000e+00
1.716364407917628765e+09 2.400359725952148438e+01 -2.472772979736328125e+01 1.224767446517944336e+00 0.000000000000000000e+00 0.000000000000000000e+00 0.000000000000000000e+00 1.000000000000000000e+00
1.716364408018090963e+09 2.408007431030273082e+01 -2.484572792053222656e+01 1.217211961746215820e+00 0.000000000000000000e+00 0.000000000000000000e+00 0.000000000000000000e+00 1.000000000000000000e+00
1.716364408068276167e+09 2.409950637817382812e+01 -2.487840461730957031e+01 1.215498924255371094e+00 0.000000000000000000e+00 0.000000000000000000e+00 0.000000000000000000e+00 1.000000000000000000e+00
1.716364408118467093e+09 2.414378929138183949e+01 -2.493710708618164062e+01 1.212144970893860085e+00 0.000000000000000000e+00 0.000000000000000000e+00 0.000000000000000000e+00 1.000000000000000000e+00
1.716364408168689013e+09 2.416444969177246094e+01 -2.496996498107910156e+01 1.209205985069274902e+00 0.000000000000000000e+00 0.000000000000000000e+00 0.000000000000000000e+00 1.000000000000000000e+00
1.716364408269176006e+09 2.418475723266601562e+01 -2.500176811218261719e+01 1.206214666366577148e+00 0.000000000000000000e+00 0.000000000000000000e+00 0.000000000000000000e+00 1.000000000000000000e+00
1.716364408319191694e+09 2.422615242004394531e+01 -2.506460571289062500e+01 1.199337363243103027e+00 0.000000000000000000e+00 0.000000000000000000e+00 0.000000000000000000e+00 1.000000000000000000e+00
1.716364408369410992e+09 2.424775695800780895e+01 -2.509653472900390270e+01 1.195979475975036621e+00 0.000000000000000000e+00 0.000000000000000000e+00 0.000000000000000000e+00 1.000000000000000000e+00
1.716364408419479609e+09 2.429617881774902344e+01 -2.515537834167480469e+01 1.191301345825195090e+00 0.000000000000000000e+00 0.000000000000000000e+00 0.000000000000000000e+00 1.000000000000000000e+00
1.716364408469796419e+09 2.431790542602539062e+01 -2.518856620788574574e+01 1.187050700187683105e+00 0.000000000000000000e+00 0.000000000000000000e+00 0.000000000000000000e+00 1.000000000000000000e+00
1.716364408570225477e+09 2.438108634948730469e+01 -2.528590583801269176e+01 1.177112936973571777e+00 0.000000000000000000e+00 0.000000000000000000e+00 0.000000000000000000e+00 1.000000000000000000e+00
1.716364408670757532e+09 2.442389678955078125e+01 -2.533903503417968750e+01 1.172328948974609375e+00 0.000000000000000000e+00 0.000000000000000000e+00 0.000000000000000000e+00 1.000000000000000000e+00
1.716364408771059990e+09 2.446622848510742543e+01 -2.540092468261718750e+01 1.165178060531616211e+00 0.000000000000000000e+00 0.000000000000000000e+00 0.000000000000000000e+00 1.000000000000000000e+00
1.716364408821322918e+09 2.451195716857910156e+01 -2.545819664001464844e+01 1.161895275115966797e+00 0.000000000000000000e+00 0.000000000000000000e+00 0.000000000000000000e+00 1.000000000000000000e+00
1.716364408871478796e+09 2.453112030029296875e+01 -2.548829269409180043e+01 1.158680200576782227e+00 0.000000000000000000e+00 0.000000000000000000e+00 0.000000000000000000e+00 1.000000000000000000e+00
1.716364408921728849e+09 2.455184173583984375e+01 -2.552105522155761719e+01 1.155790090560913086e+00 0.000000000000000000e+00 0.000000000000000000e+00 0.000000000000000000e+00 1.000000000000000000e+00
1.716364408971887350e+09 2.459034347534180043e+01 -2.558108520507812500e+01 1.150745034217834473e+00 0.000000000000000000e+00 0.000000000000000000e+00 0.000000000000000000e+00 1.000000000000000000e+00
1.716364409072748184e+09 2.463371658325195668e+01 -2.563783454895019531e+01 1.147318243980407493e+00 0.000000000000000000e+00 0.000000000000000000e+00 0.000000000000000000e+00 1.000000000000000000e+00
1.716364409123233795e+09 2.466978073120116832e+01 -2.570019340515136719e+01 1.142438292503356934e+00 0.000000000000000000e+00 0.000000000000000000e+00 0.000000000000000000e+00 1.000000000000000000e+00
1.716364409173197031e+09 2.468671226501464844e+01 -2.573102951049804688e+01 1.139312744140625000e+00 0.000000000000000000e+00 0.000000000000000000e+00 0.000000000000000000e+00 1.000000000000000000e+00
1.716364409273262024e+09 2.472589683532714844e+01 -2.578623580932616832e+01 1.135535120964050293e+00 0.000000000000000000e+00 0.000000000000000000e+00 0.000000000000000000e+00 1.000000000000000000e+00
1.716364409323390007e+09 2.474184989929199219e+01 -2.581524085998535156e+01 1.133074283599853516e+00 0.000000000000000000e+00 0.000000000000000000e+00 0.000000000000000000e+00 1.000000000000000000e+00
1.716364409374033213e+09 2.477524375915527699e+01 -2.587731552124023438e+01 1.125325441360473633e+00 0.000000000000000000e+00 0.000000000000000000e+00 0.000000000000000000e+00 1.000000000000000000e+00
1.716364409475384474e+09 2.481338691711425426e+01 -2.593072509765625000e+01 1.120805382728576882e+00 0.000000000000000000e+00 0.000000000000000000e+00 0.000000000000000000e+00 1.000000000000000000e+00
1.716364409524300337e+09 2.482989120483398438e+01 -2.596191978454589844e+01 1.115660548210144043e+00 0.000000000000000000e+00 0.000000000000000000e+00 0.000000000000000000e+00 1.000000000000000000e+00
1.716364409575002432e+09 2.486289215087890270e+01 -2.602566146850585938e+01 1.103685736656188965e+00 0.000000000000000000e+00 0.000000000000000000e+00 0.000000000000000000e+00 1.000000000000000000e+00
1.716364409624644279e+09 2.488005256652832031e+01 -2.605618667602539062e+01 1.096587061882019043e+00 0.000000000000000000e+00 0.000000000000000000e+00 0.000000000000000000e+00 1.000000000000000000e+00
1.716364409676475286e+09 2.489571571350097656e+01 -2.608535957336425426e+01 1.088618159294128418e+00 0.000000000000000000e+00 0.000000000000000000e+00 0.000000000000000000e+00 1.000000000000000000e+00
1.716364409825207710e+09 2.493497276306152344e+01 -2.613899612426757457e+01 1.079781532287597656e+00 0.000000000000000000e+00 0.000000000000000000e+00 0.000000000000000000e+00 1.000000000000000000e+00
1.716364409875946760e+09 2.496836853027344105e+01 -2.619807243347167969e+01 1.061803579330444336e+00 0.000000000000000000e+00 0.000000000000000000e+00 0.000000000000000000e+00 1.000000000000000000e+00
1.716364409925719738e+09 2.498498725891113281e+01 -2.622629737854003906e+01 1.052859067916869895e+00 0.000000000000000000e+00 0.000000000000000000e+00 0.000000000000000000e+00 1.000000000000000000e+00
1.716364409975897074e+09 2.504127502441406250e+01 -2.630634498596191762e+01 1.034461736679077148e+00 0.000000000000000000e+00 0.000000000000000000e+00 0.000000000000000000e+00 1.000000000000000000e+00
1.716364410076098919e+09 2.507833480834960938e+01 -2.636466407775878906e+01 1.017614006996154785e+00 0.000000000000000000e+00 0.000000000000000000e+00 0.000000000000000000e+00 1.000000000000000000e+00
1.716364410126285076e+09 2.509744453430176137e+01 -2.639326286315917969e+01 1.009036779403686301e+00 0.000000000000000000e+00 0.000000000000000000e+00 0.000000000000000000e+00 1.000000000000000000e+00
1.716364410226617575e+09 2.513801193237304688e+01 -2.644422721862792969e+01 1.000004529953002930e+00 0.000000000000000000e+00 0.000000000000000000e+00 0.000000000000000000e+00 1.000000000000000000e+00
1.716364410326841831e+09 2.519374275207519531e+01 -2.652463150024414062e+01 9.753394722938537598e-01 0.000000000000000000e+00 0.000000000000000000e+00 0.000000000000000000e+00 1.000000000000000000e+00
1.716364410427177429e+09 2.523577117919921875e+01 -2.657419395446777344e+01 9.662548303604125977e-01 0.000000000000000000e+00 0.000000000000000000e+00 0.000000000000000000e+00 1.000000000000000000e+00
1.716364410478767157e+09 2.527487564086914062e+01 -2.662638092041015980e+01 9.496966600418091931e-01 0.000000000000000000e+00 0.000000000000000000e+00 0.000000000000000000e+00 1.000000000000000000e+00
1.716364410578670740e+09 2.529442787170410156e+01 -2.665178871154785156e+01 9.417661428451538086e-01 0.000000000000000000e+00 0.000000000000000000e+00 0.000000000000000000e+00 1.000000000000000000e+00
1.716364410628004789e+09 2.533620071411132812e+01 -2.670020103454589844e+01 9.326034188270567737e-01 0.000000000000000000e+00 0.000000000000000000e+00 0.000000000000000000e+00 1.000000000000000000e+00
1.716364410680330515e+09 2.537712287902832031e+01 -2.675204086303710938e+01 9.170060753822327770e-01 0.000000000000000000e+00 0.000000000000000000e+00 0.000000000000000000e+00 1.000000000000000000e+00
1.716364410780646801e+09 2.539746284484863637e+01 -2.677808952331542969e+01 9.100184440612791859e-01 0.000000000000000000e+00 0.000000000000000000e+00 0.000000000000000000e+00 1.000000000000000000e+00
1.716364410828702688e+09 2.544113922119140625e+01 -2.682747459411621094e+01 9.023701548576356091e-01 0.000000000000000000e+00 0.000000000000000000e+00 0.000000000000000000e+00 1.000000000000000000e+00
1.716364410929089308e+09 2.550964164733886719e+01 -2.690952491760253906e+01 8.809573650360107422e-01 0.000000000000000000e+00 0.000000000000000000e+00 0.000000000000000000e+00 1.000000000000000000e+00
1.716364410979591131e+09 2.553211212158203125e+01 -2.693492317199707031e+01 8.740027546882629395e-01 0.000000000000000000e+00 0.000000000000000000e+00 0.000000000000000000e+00 1.000000000000000000e+00
1.716364411081154346e+09 2.560370063781738281e+01 -2.701424217224121094e+01 8.619030714035034180e-01 0.000000000000000000e+00 0.000000000000000000e+00 0.000000000000000000e+00 1.000000000000000000e+00
1.716364411179917097e+09 2.565093612670898438e+01 -2.706984710693359730e+01 8.524758815765380859e-01 0.000000000000000000e+00 0.000000000000000000e+00 0.000000000000000000e+00 1.000000000000000000e+00
1.716364411280272722e+09 2.570122718811035156e+01 -2.712542343139648438e+01 8.479020595550537109e-01 0.000000000000000000e+00 0.000000000000000000e+00 0.000000000000000000e+00 1.000000000000000000e+00
1.716364411330549717e+09 2.572507858276367188e+01 -2.715236091613769176e+01 8.451257348060607910e-01 0.000000000000000000e+00 0.000000000000000000e+00 0.000000000000000000e+00 1.000000000000000000e+00
1.716364411380872488e+09 2.577423095703125000e+01 -2.720901489257812500e+01 8.405244350433349609e-01 0.000000000000000000e+00 0.000000000000000000e+00 0.000000000000000000e+00 1.000000000000000000e+00
1.716364411481159210e+09 2.582349777221680043e+01 -2.726420593261718750e+01 8.369271755218505859e-01 0.000000000000000000e+00 0.000000000000000000e+00 0.000000000000000000e+00 1.000000000000000000e+00
1.716364411531337261e+09 2.584775161743164062e+01 -2.729493331909180043e+01 8.358681201934814453e-01 0.000000000000000000e+00 0.000000000000000000e+00 0.000000000000000000e+00 1.000000000000000000e+00
1.716364411582314968e+09 2.589415359497070312e+01 -2.735563850402832031e+01 8.343120813369750977e-01 0.000000000000000000e+00 0.000000000000000000e+00 0.000000000000000000e+00 1.000000000000000000e+00
1.716364411631767273e+09 2.591766548156738281e+01 -2.738570213317871094e+01 8.337736725807189941e-01 0.000000000000000000e+00 0.000000000000000000e+00 0.000000000000000000e+00 1.000000000000000000e+00
1.716364411732315063e+09 2.596786689758300781e+01 -2.744562149047851918e+01 8.347418904304504395e-01 0.000000000000000000e+00 0.000000000000000000e+00 0.000000000000000000e+00 1.000000000000000000e+00
1.716364411782898903e+09 2.601537322998046875e+01 -2.751089477539062500e+01 8.378680348396301270e-01 0.000000000000000000e+00 0.000000000000000000e+00 0.000000000000000000e+00 1.000000000000000000e+00
1.716364411832918882e+09 2.603915214538574574e+01 -2.754351806640625000e+01 8.400132060050964355e-01 0.000000000000000000e+00 0.000000000000000000e+00 0.000000000000000000e+00 1.000000000000000000e+00
1.716364411933681965e+09 2.610947799682616832e+01 -2.763408279418945312e+01 8.464511632919311523e-01 0.000000000000000000e+00 0.000000000000000000e+00 0.000000000000000000e+00 1.000000000000000000e+00
1.716364412033994913e+09 2.615601348876953125e+01 -2.770174407958984375e+01 8.544728755950927734e-01 0.000000000000000000e+00 0.000000000000000000e+00 0.000000000000000000e+00 1.000000000000000000e+00
1.716364412134500265e+09 2.623020172119140625e+01 -2.779691696166991832e+01 8.617674708366394043e-01 0.000000000000000000e+00 0.000000000000000000e+00 0.000000000000000000e+00 1.000000000000000000e+00
1.716364412234925032e+09 2.627348327636718750e+01 -2.786360931396484375e+01 8.744272589683532715e-01 0.000000000000000000e+00 0.000000000000000000e+00 0.000000000000000000e+00 1.000000000000000000e+00
1.716364412285035610e+09 2.629415130615234375e+01 -2.789511489868164062e+01 8.806407451629638672e-01 0.000000000000000000e+00 0.000000000000000000e+00 0.000000000000000000e+00 1.000000000000000000e+00
1.716364412386397123e+09 2.634301185607910156e+01 -2.795499229431152344e+01 8.855860233306884766e-01 0.000000000000000000e+00 0.000000000000000000e+00 0.000000000000000000e+00 1.000000000000000000e+00
1.716364412435721397e+09 2.638768386840820312e+01 -2.801896667480468750e+01 8.979549407958984375e-01 0.000000000000000000e+00 0.000000000000000000e+00 0.000000000000000000e+00 1.000000000000000000e+00
1.716364412485906363e+09 2.640908813476562500e+01 -2.804976654052734375e+01 9.040663242340087891e-01 0.000000000000000000e+00 0.000000000000000000e+00 0.000000000000000000e+00 1.000000000000000000e+00
1.716364412586343050e+09 2.645832633972167969e+01 -2.810928535461425426e+01 9.093987941741944470e-01 0.000000000000000000e+00 0.000000000000000000e+00 0.000000000000000000e+00 1.000000000000000000e+00
1.716364412637055159e+09 2.647989082336425426e+01 -2.813854217529296875e+01 9.148613214492797852e-01 0.000000000000000000e+00 0.000000000000000000e+00 0.000000000000000000e+00 1.000000000000000000e+00
1.716364412737933874e+09 2.654856872558593750e+01 -2.822663688659667969e+01 9.294308423995971680e-01 0.000000000000000000e+00 0.000000000000000000e+00 0.000000000000000000e+00 1.000000000000000000e+00
1.716364412837425709e+09 2.659155845642089844e+01 -2.827690124511718750e+01 9.336614012718199573e-01 0.000000000000000000e+00 0.000000000000000000e+00 0.000000000000000000e+00 1.000000000000000000e+00
1.716364412888031960e+09 2.663356208801269176e+01 -2.832819366455078125e+01 9.433480501174927868e-01 0.000000000000000000e+00 0.000000000000000000e+00 0.000000000000000000e+00 1.000000000000000000e+00
1.716364412938097954e+09 2.665332794189453125e+01 -2.835362052917480469e+01 9.478995800018310547e-01 0.000000000000000000e+00 0.000000000000000000e+00 0.000000000000000000e+00 1.000000000000000000e+00
1.716364413038357496e+09 2.669395256042480469e+01 -2.840061759948730469e+01 9.524608850479125977e-01 0.000000000000000000e+00 0.000000000000000000e+00 0.000000000000000000e+00 1.000000000000000000e+00
1.716364413090044975e+09 2.672925186157226562e+01 -2.844721984863280895e+01 9.620276689529420056e-01 0.000000000000000000e+00 0.000000000000000000e+00 0.000000000000000000e+00 1.000000000000000000e+00
1.716364413140205860e+09 2.674883460998535156e+01 -2.847146034240722656e+01 9.673879146575927734e-01 0.000000000000000000e+00 0.000000000000000000e+00 0.000000000000000000e+00 1.000000000000000000e+00
1.716364413189306974e+09 2.676704406738280895e+01 -2.849423217773437145e+01 9.723160266876219593e-01 0.000000000000000000e+00 0.000000000000000000e+00 0.000000000000000000e+00 1.000000000000000000e+00
1.716364413290300846e+09 2.682158470153808949e+01 -2.855843162536621094e+01 9.821039438247679554e-01 0.000000000000000000e+00 0.000000000000000000e+00 0.000000000000000000e+00 1.000000000000000000e+00
1.716364413340053558e+09 2.683926582336425426e+01 -2.857895278930664062e+01 9.869773387908935547e-01 0.000000000000000000e+00 0.000000000000000000e+00 0.000000000000000000e+00 1.000000000000000000e+00
1.716364413391885042e+09 2.685595130920410156e+01 -2.859902954101562500e+01 9.913822412490843616e-01 0.000000000000000000e+00 0.000000000000000000e+00 0.000000000000000000e+00 1.000000000000000000e+00
1.716364413491335630e+09 2.690484809875488281e+01 -2.865203094482421875e+01 9.997754693031312145e-01 0.000000000000000000e+00 0.000000000000000000e+00 0.000000000000000000e+00 1.000000000000000000e+00
1.716364413540432692e+09 2.692008209228515980e+01 -2.866798210144042969e+01 1.004239082336425781e+00 0.000000000000000000e+00 0.000000000000000000e+00 0.000000000000000000e+00 1.000000000000000000e+00
1.716364413590776205e+09 2.693627929687500000e+01 -2.868440437316894531e+01 1.009028196334838867e+00 0.000000000000000000e+00 0.000000000000000000e+00 0.000000000000000000e+00 1.000000000000000000e+00
1.716364413696343184e+09 2.697958564758300781e+01 -2.872893524169921875e+01 1.017654299736022949e+00 0.000000000000000000e+00 0.000000000000000000e+00 0.000000000000000000e+00 1.000000000000000000e+00
1.716364413743501425e+09 2.699333763122558238e+01 -2.874354743957519531e+01 1.023247361183166504e+00 0.000000000000000000e+00 0.000000000000000000e+00 0.000000000000000000e+00 1.000000000000000000e+00
1.716364413794592142e+09 2.700651550292968750e+01 -2.875732803344726562e+01 1.028918862342834473e+00 0.000000000000000000e+00 0.000000000000000000e+00 0.000000000000000000e+00 1.000000000000000000e+00
1.716364413847548246e+09 2.701939582824707031e+01 -2.877001190185546875e+01 1.034337639808654785e+00 0.000000000000000000e+00 0.000000000000000000e+00 0.000000000000000000e+00 1.000000000000000000e+00
1.716364413941927910e+09 2.704315567016601562e+01 -2.879305076599121094e+01 1.039447307586669922e+00 0.000000000000000000e+00 0.000000000000000000e+00 0.000000000000000000e+00 1.000000000000000000e+00
1.716364413993052244e+09 2.706528282165527699e+01 -2.880810546875000000e+01 1.050340890884399414e+00 0.000000000000000000e+00 0.000000000000000000e+00 0.000000000000000000e+00 1.000000000000000000e+00
1.716364414042528629e+09 2.708146667480468750e+01 -2.881903076171875000e+01 1.054431915283203125e+00 0.000000000000000000e+00 0.000000000000000000e+00 0.000000000000000000e+00 1.000000000000000000e+00
1.716364414092853785e+09 2.708955764770508168e+01 -2.882109832763671875e+01 1.058829307556152344e+00 0.000000000000000000e+00 0.000000000000000000e+00 0.000000000000000000e+00 1.000000000000000000e+00
1.716364414142890215e+09 2.709683227539062500e+01 -2.882256317138671875e+01 1.063522458076477051e+00 0.000000000000000000e+00 0.000000000000000000e+00 0.000000000000000000e+00 1.000000000000000000e+00
1.716364414193154335e+09 2.710251426696777344e+01 -2.882276153564453125e+01 1.067036628723144309e+00 0.000000000000000000e+00 0.000000000000000000e+00 0.000000000000000000e+00 1.000000000000000000e+00
1.716364414243368149e+09 2.710987663269042969e+01 -2.882278060913085938e+01 1.072549700736999512e+00 0.000000000000000000e+00 0.000000000000000000e+00 0.000000000000000000e+00 1.000000000000000000e+00
1.716364414343695402e+09 2.711425399780273082e+01 -2.881466865539550781e+01 1.081467151641845703e+00 0.000000000000000000e+00 0.000000000000000000e+00 0.000000000000000000e+00 1.000000000000000000e+00
1.716364414393888950e+09 2.711481094360351918e+01 -2.880875205993652344e+01 1.088723659515380859e+00 0.000000000000000000e+00 0.000000000000000000e+00 0.000000000000000000e+00 1.000000000000000000e+00
1.716364414494886160e+09 2.711192893981933594e+01 -2.879101943969726562e+01 1.100535154342651367e+00 0.000000000000000000e+00 0.000000000000000000e+00 0.000000000000000000e+00 1.000000000000000000e+00
1.716364414544840336e+09 2.710079574584960938e+01 -2.876997184753417969e+01 1.105253577232360840e+00 0.000000000000000000e+00 0.000000000000000000e+00 0.000000000000000000e+00 1.000000000000000000e+00
1.716364414594806194e+09 2.709441947937012074e+01 -2.875543975830078125e+01 1.110736370086669922e+00 0.000000000000000000e+00 0.000000000000000000e+00 0.000000000000000000e+00 1.000000000000000000e+00
1.716364414695581436e+09 2.707960128784180043e+01 -2.872283363342285156e+01 1.122780323028564453e+00 0.000000000000000000e+00 0.000000000000000000e+00 0.000000000000000000e+00 1.000000000000000000e+00
1.716364414795799971e+09 2.704487609863280895e+01 -2.866913032531738281e+01 1.134906649589538574e+00 0.000000000000000000e+00 0.000000000000000000e+00 0.000000000000000000e+00 1.000000000000000000e+00
1.716364414895898342e+09 2.700059318542480469e+01 -2.860657501220703125e+01 1.148082613945007102e+00 0.000000000000000000e+00 0.000000000000000000e+00 0.000000000000000000e+00 1.000000000000000000e+00
1.716364414946108818e+09 2.698575782775878906e+01 -2.858215141296386719e+01 1.155080795288085938e+00 0.000000000000000000e+00 0.000000000000000000e+00 0.000000000000000000e+00 1.000000000000000000e+00
1.716364414996412516e+09 2.697091674804687500e+01 -2.855634689331054688e+01 1.160929203033447266e+00 0.000000000000000000e+00 0.000000000000000000e+00 0.000000000000000000e+00 1.000000000000000000e+00
1.716364415097453594e+09 2.693840408325195668e+01 -2.850190734863280895e+01 1.173954129219055176e+00 0.000000000000000000e+00 0.000000000000000000e+00 0.000000000000000000e+00 1.000000000000000000e+00
1.716364415148093224e+09 2.689848327636718750e+01 -2.844751548767089844e+01 1.180617570877075195e+00 0.000000000000000000e+00 0.000000000000000000e+00 0.000000000000000000e+00 1.000000000000000000e+00
1.716364415197150707e+09 2.687920188903808949e+01 -2.841627311706542969e+01 1.187606334686279297e+00 0.000000000000000000e+00 0.000000000000000000e+00 0.000000000000000000e+00 1.000000000000000000e+00
1.716364415298128366e+09 2.683999061584472656e+01 -2.835162734985351918e+01 1.200859904289245605e+00 0.000000000000000000e+00 0.000000000000000000e+00 0.000000000000000000e+00 1.000000000000000000e+00
1.716364415347965956e+09 2.682076072692871094e+01 -2.831756210327148438e+01 1.206917762756347656e+00 0.000000000000000000e+00 0.000000000000000000e+00 0.000000000000000000e+00 1.000000000000000000e+00
1.716364415398048162e+09 2.677316856384277344e+01 -2.825388717651367188e+01 1.213436007499694824e+00 0.000000000000000000e+00 0.000000000000000000e+00 0.000000000000000000e+00 1.000000000000000000e+00
1.716364415448355913e+09 2.674997520446777344e+01 -2.821668052673339844e+01 1.219683289527893066e+00 0.000000000000000000e+00 0.000000000000000000e+00 0.000000000000000000e+00 1.000000000000000000e+00
1.716364415498726130e+09 2.672859191894531250e+01 -2.818049430847167969e+01 1.224166393280029297e+00 0.000000000000000000e+00 0.000000000000000000e+00 0.000000000000000000e+00 1.000000000000000000e+00
1.716364415599242926e+09 2.665433883666991832e+01 -2.807319068908691762e+01 1.232804775238037109e+00 0.000000000000000000e+00 0.000000000000000000e+00 0.000000000000000000e+00 1.000000000000000000e+00
1.716364415649299145e+09 2.663158798217773082e+01 -2.803414726257323863e+01 1.236290693283081055e+00 0.000000000000000000e+00 0.000000000000000000e+00 0.000000000000000000e+00 1.000000000000000000e+00
1.716364415700319290e+09 2.660939216613769176e+01 -2.799456024169921875e+01 1.238485574722290039e+00 0.000000000000000000e+00 0.000000000000000000e+00 0.000000000000000000e+00 1.000000000000000000e+00
1.716364415800275564e+09 2.656201744079589844e+01 -2.791129493713378906e+01 1.241484165191650391e+00 0.000000000000000000e+00 0.000000000000000000e+00 0.000000000000000000e+00 1.000000000000000000e+00
1.716364415850588322e+09 2.650624656677246094e+01 -2.783599090576171875e+01 1.242539048194885254e+00 0.000000000000000000e+00 0.000000000000000000e+00 0.000000000000000000e+00 1.000000000000000000e+00
1.716364415907830238e+09 2.648246192932128906e+01 -2.779373359680176137e+01 1.242285847663879395e+00 0.000000000000000000e+00 0.000000000000000000e+00 0.000000000000000000e+00 1.000000000000000000e+00
1.716364416001009226e+09 2.639680290222167969e+01 -2.767367172241210938e+01 1.241629600524902344e+00 0.000000000000000000e+00 0.000000000000000000e+00 0.000000000000000000e+00 1.000000000000000000e+00
1.716364416051324844e+09 2.637048339843750000e+01 -2.762965965270996094e+01 1.240103483200073242e+00 0.000000000000000000e+00 0.000000000000000000e+00 0.000000000000000000e+00 1.000000000000000000e+00
1.716364416101539850e+09 2.634372711181640625e+01 -2.758606338500976918e+01 1.238550424575805664e+00 0.000000000000000000e+00 0.000000000000000000e+00 0.000000000000000000e+00 1.000000000000000000e+00
1.716364416201658726e+09 2.629200553894042969e+01 -2.750127601623535156e+01 1.233859181404113770e+00 0.000000000000000000e+00 0.000000000000000000e+00 0.000000000000000000e+00 1.000000000000000000e+00
1.716364416251956224e+09 2.626543998718261719e+01 -2.745884513854980469e+01 1.229903459548950195e+00 0.000000000000000000e+00 0.000000000000000000e+00 0.000000000000000000e+00 1.000000000000000000e+00
1.716364416302270174e+09 2.620311546325683949e+01 -2.737865638732910156e+01 1.226194500923156738e+00 0.000000000000000000e+00 0.000000000000000000e+00 0.000000000000000000e+00 1.000000000000000000e+00
1.716364416402882099e+09 2.614299201965332031e+01 -2.728799057006835938e+01 1.216793894767761230e+00 0.000000000000000000e+00 0.000000000000000000e+00 0.000000000000000000e+00 1.000000000000000000e+00
1.716364416452984095e+09 2.611560440063476918e+01 -2.724769783020019531e+01 1.211196541786193848e+00 0.000000000000000000e+00 0.000000000000000000e+00 0.000000000000000000e+00 1.000000000000000000e+00
1.716364416503040552e+09 2.607905578613280895e+01 -2.719679450988769176e+01 1.206164240837097168e+00 0.000000000000000000e+00 0.000000000000000000e+00 0.000000000000000000e+00 1.000000000000000000e+00
1.716364416553433657e+09 2.602771186828613281e+01 -2.713095855712890270e+01 1.199015855789184570e+00 0.000000000000000000e+00 0.000000000000000000e+00 0.000000000000000000e+00 1.000000000000000000e+00
1.716364416603578806e+09 2.599445343017578125e+01 -2.708379745483398438e+01 1.191805362701416016e+00 0.000000000000000000e+00 0.000000000000000000e+00 0.000000000000000000e+00 1.000000000000000000e+00
1.716364416703926086e+09 2.592194175720214844e+01 -2.699667739868164062e+01 1.183975815773010476e+00 0.000000000000000000e+00 0.000000000000000000e+00 0.000000000000000000e+00 1.000000000000000000e+00
1.716364416754191399e+09 2.588334846496582031e+01 -2.694490051269531250e+01 1.174877643585205078e+00 0.000000000000000000e+00 0.000000000000000000e+00 0.000000000000000000e+00 1.000000000000000000e+00
1.716364416804288149e+09 2.581701850891113281e+01 -2.685587692260742543e+01 1.157434582710265891e+00 0.000000000000000000e+00 0.000000000000000000e+00 0.000000000000000000e+00 1.000000000000000000e+00
1.716364416854674101e+09 2.577955627441406250e+01 -2.680856323242187500e+01 1.149627447128295898e+00 0.000000000000000000e+00 0.000000000000000000e+00 0.000000000000000000e+00 1.000000000000000000e+00
1.716364416906148434e+09 2.574210739135742543e+01 -2.676123046875000000e+01 1.141602754592895508e+00 0.000000000000000000e+00 0.000000000000000000e+00 0.000000000000000000e+00 1.000000000000000000e+00
1.716364416955203533e+09 2.570491409301757457e+01 -2.671504783630371094e+01 1.134646415710449219e+00 0.000000000000000000e+00 0.000000000000000000e+00 0.000000000000000000e+00 1.000000000000000000e+00
1.716364417055438757e+09 2.562911796569823863e+01 -2.662968444824218750e+01 1.128091454505920410e+00 0.000000000000000000e+00 0.000000000000000000e+00 0.000000000000000000e+00 1.000000000000000000e+00
1.716364417105998039e+09 2.555563354492187500e+01 -2.653923797607421875e+01 1.115846037864685059e+00 0.000000000000000000e+00 0.000000000000000000e+00 0.000000000000000000e+00 1.000000000000000000e+00
1.716364417156100273e+09 2.551917648315429688e+01 -2.649651908874512074e+01 1.110352516174316406e+00 0.000000000000000000e+00 0.000000000000000000e+00 0.000000000000000000e+00 1.000000000000000000e+00
1.716364417256511450e+09 2.543959617614746094e+01 -2.640785980224609375e+01 1.104663133621215820e+00 0.000000000000000000e+00 0.000000000000000000e+00 0.000000000000000000e+00 1.000000000000000000e+00
1.716364417306632757e+09 2.539786720275878906e+01 -2.635771369934082031e+01 1.098681211471557617e+00 0.000000000000000000e+00 0.000000000000000000e+00 0.000000000000000000e+00 1.000000000000000000e+00
1.716364417356920004e+09 2.531713867187500000e+01 -2.626176261901855469e+01 1.089172124862670898e+00 0.000000000000000000e+00 0.000000000000000000e+00 0.000000000000000000e+00 1.000000000000000000e+00
1.716364417407199144e+09 2.527563858032226562e+01 -2.621418571472167969e+01 1.084413886070251687e+00 0.000000000000000000e+00 0.000000000000000000e+00 0.000000000000000000e+00 1.000000000000000000e+00
1.716364417507603168e+09 2.519007301330566406e+01 -2.612019157409667969e+01 1.080035924911499023e+00 0.000000000000000000e+00 0.000000000000000000e+00 0.000000000000000000e+00 1.000000000000000000e+00
1.716364417558080673e+09 2.510645484924316406e+01 -2.602561569213867188e+01 1.069834828376770020e+00 0.000000000000000000e+00 0.000000000000000000e+00 0.000000000000000000e+00 1.000000000000000000e+00
1.716364417658457756e+09 2.501895141601562500e+01 -2.592366981506348012e+01 1.060015201568603516e+00 0.000000000000000000e+00 0.000000000000000000e+00 0.000000000000000000e+00 1.000000000000000000e+00
1.716364417708458424e+09 2.497796821594238281e+01 -2.587417793273925426e+01 1.054269313812256081e+00 0.000000000000000000e+00 0.000000000000000000e+00 0.000000000000000000e+00 1.000000000000000000e+00
1.716364417809042931e+09 2.488998413085937145e+01 -2.577416992187500000e+01 1.049997210502624290e+00 0.000000000000000000e+00 0.000000000000000000e+00 0.000000000000000000e+00 1.000000000000000000e+00
1.716364417909614086e+09 2.476026916503906250e+01 -2.561557579040527699e+01 1.036083102226257102e+00 0.000000000000000000e+00 0.000000000000000000e+00 0.000000000000000000e+00 1.000000000000000000e+00
1.716364417960670471e+09 2.467189407348632812e+01 -2.551456260681152344e+01 1.032936215400695801e+00 0.000000000000000000e+00 0.000000000000000000e+00 0.000000000000000000e+00 1.000000000000000000e+00
1.716364418009938240e+09 2.462770271301269176e+01 -2.545843696594238281e+01 1.028174996376037598e+00 0.000000000000000000e+00 0.000000000000000000e+00 0.000000000000000000e+00 1.000000000000000000e+00
1.716364418060001373e+09 2.458348083496093750e+01 -2.539957809448242543e+01 1.024775862693786621e+00 0.000000000000000000e+00 0.000000000000000000e+00 0.000000000000000000e+00 1.000000000000000000e+00
1.716364418110409975e+09 2.449010848999023438e+01 -2.528949546813964844e+01 1.022912859916687012e+00 0.000000000000000000e+00 0.000000000000000000e+00 0.000000000000000000e+00 1.000000000000000000e+00
1.716364418160361528e+09 2.444716072082519531e+01 -2.523079872131348012e+01 1.020109891891479492e+00 0.000000000000000000e+00 0.000000000000000000e+00 0.000000000000000000e+00 1.000000000000000000e+00
1.716364418210846424e+09 2.440177917480468750e+01 -2.516748809814453125e+01 1.017255187034606934e+00 0.000000000000000000e+00 0.000000000000000000e+00 0.000000000000000000e+00 1.000000000000000000e+00
1.716364418261017561e+09 2.435989379882812500e+01 -2.510774993896484375e+01 1.014456629753112793e+00 0.000000000000000000e+00 0.000000000000000000e+00 0.000000000000000000e+00 1.000000000000000000e+00
1.716364418361197233e+09 2.427387619018554688e+01 -2.498350715637207031e+01 1.010951638221740723e+00 0.000000000000000000e+00 0.000000000000000000e+00 0.000000000000000000e+00 1.000000000000000000e+00
1.716364418461612701e+09 2.413650512695312500e+01 -2.480314254760742543e+01 1.006842732429504395e+00 0.000000000000000000e+00 0.000000000000000000e+00 0.000000000000000000e+00 1.000000000000000000e+00
1.716364418511838675e+09 2.409192085266113281e+01 -2.473483085632323863e+01 1.004049420356750488e+00 0.000000000000000000e+00 0.000000000000000000e+00 0.000000000000000000e+00 1.000000000000000000e+00
1.716364418562085867e+09 2.405058097839355469e+01 -2.466892433166503906e+01 1.000637173652648926e+00 0.000000000000000000e+00 0.000000000000000000e+00 0.000000000000000000e+00 1.000000000000000000e+00
1.716364418662267208e+09 2.395272064208984375e+01 -2.454496955871582031e+01 9.972248077392578125e-01 0.000000000000000000e+00 0.000000000000000000e+00 0.000000000000000000e+00 1.000000000000000000e+00
1.716364418712528467e+09 2.389633560180664062e+01 -2.446158027648925426e+01 9.938327074050904431e-01 0.000000000000000000e+00 0.000000000000000000e+00 0.000000000000000000e+00 1.000000000000000000e+00
1.716364418762728691e+09 2.385623168945312500e+01 -2.439436149597167969e+01 9.872879385948180042e-01 0.000000000000000000e+00 0.000000000000000000e+00 0.000000000000000000e+00 1.000000000000000000e+00
1.716364418812807322e+09 2.381319236755371094e+01 -2.432301712036132812e+01 9.813290834426879883e-01 0.000000000000000000e+00 0.000000000000000000e+00 0.000000000000000000e+00 1.000000000000000000e+00
1.716364418863083124e+09 2.371309471130371094e+01 -2.419275856018066406e+01 9.759536385536193848e-01 0.000000000000000000e+00 0.000000000000000000e+00 0.000000000000000000e+00 1.000000000000000000e+00
1.716364418913267374e+09 2.367201042175292969e+01 -2.412223243713378906e+01 9.685795307159423828e-01 0.000000000000000000e+00 0.000000000000000000e+00 0.000000000000000000e+00 1.000000000000000000e+00
1.716364418963438749e+09 2.363234710693359730e+01 -2.405167007446289062e+01 9.602038264274596058e-01 0.000000000000000000e+00 0.000000000000000000e+00 0.000000000000000000e+00 1.000000000000000000e+00
1.716364419013711214e+09 2.359492301940917969e+01 -2.398306274414062500e+01 9.505662322044371448e-01 0.000000000000000000e+00 0.000000000000000000e+00 0.000000000000000000e+00 1.000000000000000000e+00
1.716364419063839912e+09 2.351158714294433594e+01 -2.383587646484375000e+01 9.308680295944213867e-01 0.000000000000000000e+00 0.000000000000000000e+00 0.000000000000000000e+00 1.000000000000000000e+00
1.716364419164157152e+09 2.341991996765136719e+01 -2.370832061767578125e+01 9.214892387390135609e-01 0.000000000000000000e+00 0.000000000000000000e+00 0.000000000000000000e+00 1.000000000000000000e+00
1.716364419215125084e+09 2.337955856323242543e+01 -2.363547897338867188e+01 9.117141366004943848e-01 0.000000000000000000e+00 0.000000000000000000e+00 0.000000000000000000e+00 1.000000000000000000e+00
1.716364419264706373e+09 2.333953475952148438e+01 -2.356085395812988281e+01 9.012362360954283558e-01 0.000000000000000000e+00 0.000000000000000000e+00 0.000000000000000000e+00 1.000000000000000000e+00
1.716364419314954519e+09 2.324956130981445312e+01 -2.343577384948730469e+01 8.928367495536804199e-01 0.000000000000000000e+00 0.000000000000000000e+00 0.000000000000000000e+00 1.000000000000000000e+00
1.716364419365506649e+09 2.321409034729003906e+01 -2.336645317077636719e+01 8.831276893615722656e-01 0.000000000000000000e+00 0.000000000000000000e+00 0.000000000000000000e+00 1.000000000000000000e+00
1.716364419415334702e+09 2.317770385742187500e+01 -2.329661178588867188e+01 8.738624453544616699e-01 0.000000000000000000e+00 0.000000000000000000e+00 0.000000000000000000e+00 1.000000000000000000e+00
1.716364419465869427e+09 2.314305496215820312e+01 -2.322782707214355469e+01 8.642212748527526855e-01 0.000000000000000000e+00 0.000000000000000000e+00 0.000000000000000000e+00 1.000000000000000000e+00
1.716364419516978502e+09 2.307137107849121094e+01 -2.308976745605468750e+01 8.466651439666748047e-01 0.000000000000000000e+00 0.000000000000000000e+00 0.000000000000000000e+00 1.000000000000000000e+00
1.716364419616330862e+09 2.299055862426757457e+01 -2.297658348083496094e+01 8.388959765434265137e-01 0.000000000000000000e+00 0.000000000000000000e+00 0.000000000000000000e+00 1.000000000000000000e+00
1.716364419666300535e+09 2.292310905456542969e+01 -2.284824943542480469e+01 8.204274177551269531e-01 0.000000000000000000e+00 0.000000000000000000e+00 0.000000000000000000e+00 1.000000000000000000e+00
1.716364419716381073e+09 2.288885879516601562e+01 -2.278600883483886719e+01 8.117964863777160645e-01 0.000000000000000000e+00 0.000000000000000000e+00 0.000000000000000000e+00 1.000000000000000000e+00
1.716364419816985846e+09 2.277482032775878906e+01 -2.262224006652832031e+01 7.976511120796203613e-01 0.000000000000000000e+00 0.000000000000000000e+00 0.000000000000000000e+00 1.000000000000000000e+00
1.716364419916908026e+09 2.271138381958008168e+01 -2.251104164123535156e+01 7.825865745544433594e-01 0.000000000000000000e+00 0.000000000000000000e+00 0.000000000000000000e+00 1.000000000000000000e+00
1.716364419967181206e+09 2.263589096069335938e+01 -2.241509437561035156e+01 7.766976356506347656e-01 0.000000000000000000e+00 0.000000000000000000e+00 0.000000000000000000e+00 1.000000000000000000e+00
1.716364420017293930e+09 2.260268402099609375e+01 -2.236310958862304688e+01 7.696489095687866211e-01 0.000000000000000000e+00 0.000000000000000000e+00 0.000000000000000000e+00 1.000000000000000000e+00
1.716364420067615986e+09 2.256720733642578125e+01 -2.231057357788085938e+01 7.629972696304321289e-01 0.000000000000000000e+00 0.000000000000000000e+00 0.000000000000000000e+00 1.000000000000000000e+00
1.716364420117455721e+09 2.253055191040039062e+01 -2.226067733764648438e+01 7.573018074035644531e-01 0.000000000000000000e+00 0.000000000000000000e+00 0.000000000000000000e+00 1.000000000000000000e+00
1.716364420167659521e+09 2.245561599731445312e+01 -2.217558670043945312e+01 7.537741065025329590e-01 0.000000000000000000e+00 0.000000000000000000e+00 0.000000000000000000e+00 1.000000000000000000e+00
1.716364420268125534e+09 2.242024803161621094e+01 -2.213295173645019531e+01 7.491257786750793457e-01 0.000000000000000000e+00 0.000000000000000000e+00 0.000000000000000000e+00 1.000000000000000000e+00
1.716364420318287611e+09 2.234505653381348012e+01 -2.205084991455078125e+01 7.423066496849060059e-01 0.000000000000000000e+00 0.000000000000000000e+00 0.000000000000000000e+00 1.000000000000000000e+00
1.716364420368489504e+09 2.230660820007323863e+01 -2.201284790039062500e+01 7.404263019561767578e-01 0.000000000000000000e+00 0.000000000000000000e+00 0.000000000000000000e+00 1.000000000000000000e+00
1.716364420418650627e+09 2.226767539978027699e+01 -2.197676086425780895e+01 7.385609149932861328e-01 0.000000000000000000e+00 0.000000000000000000e+00 0.000000000000000000e+00 1.000000000000000000e+00
1.716364420468857527e+09 2.219034004211425426e+01 -2.190565109252929688e+01 7.400591969490051270e-01 0.000000000000000000e+00 0.000000000000000000e+00 0.000000000000000000e+00 1.000000000000000000e+00
1.716364420519164085e+09 2.215116691589355469e+01 -2.187278556823730469e+01 7.420982122421264648e-01 0.000000000000000000e+00 0.000000000000000000e+00 0.000000000000000000e+00 1.000000000000000000e+00
1.716364420570424318e+09 2.210620689392089844e+01 -2.183870124816894531e+01 7.453233003616333008e-01 0.000000000000000000e+00 0.000000000000000000e+00 0.000000000000000000e+00 1.000000000000000000e+00
1.716364420619424343e+09 2.206303977966308949e+01 -2.180998611450195668e+01 7.506844997406005859e-01 0.000000000000000000e+00 0.000000000000000000e+00 0.000000000000000000e+00 1.000000000000000000e+00
1.716364420669753075e+09 2.198002433776855469e+01 -2.174484825134277344e+01 7.592396736145019531e-01 0.000000000000000000e+00 0.000000000000000000e+00 0.000000000000000000e+00 1.000000000000000000e+00
1.716364420920460224e+09 2.167297363281250000e+01 -2.155071067810058238e+01 8.203012943267822266e-01 0.000000000000000000e+00 0.000000000000000000e+00 0.000000000000000000e+00 1.000000000000000000e+00
1.716364420971001625e+09 2.162491035461425426e+01 -2.152572250366210938e+01 8.350334167480468750e-01 0.000000000000000000e+00 0.000000000000000000e+00 0.000000000000000000e+00 1.000000000000000000e+00
1.716364421071314335e+09 2.152021980285644531e+01 -2.147014427185058238e+01 8.658286333084106445e-01 0.000000000000000000e+00 0.000000000000000000e+00 0.000000000000000000e+00 1.000000000000000000e+00
1.716364421121471405e+09 2.146739768981933594e+01 -2.144419479370116832e+01 8.806428909301757812e-01 0.000000000000000000e+00 0.000000000000000000e+00 0.000000000000000000e+00 1.000000000000000000e+00
1.716364421171990871e+09 2.137814521789550781e+01 -2.138109970092773082e+01 8.954827189445495605e-01 0.000000000000000000e+00 0.000000000000000000e+00 0.000000000000000000e+00 1.000000000000000000e+00
1.716364421221735001e+09 2.127186203002929688e+01 -2.132823562622070312e+01 9.225606918334959827e-01 0.000000000000000000e+00 0.000000000000000000e+00 0.000000000000000000e+00 1.000000000000000000e+00
1.716364421322173834e+09 2.121931457519531250e+01 -2.130329704284667969e+01 9.362900257110595703e-01 0.000000000000000000e+00 0.000000000000000000e+00 0.000000000000000000e+00 1.000000000000000000e+00
1.716364421372738361e+09 2.116631698608398438e+01 -2.127879142761230469e+01 9.503851532936096191e-01 0.000000000000000000e+00 0.000000000000000000e+00 0.000000000000000000e+00 1.000000000000000000e+00
1.716364421422476292e+09 2.102221488952636719e+01 -2.118439292907714844e+01 9.791521430015563965e-01 0.000000000000000000e+00 0.000000000000000000e+00 0.000000000000000000e+00 1.000000000000000000e+00
1.716364421522996426e+09 2.096971893310546875e+01 -2.115513801574707031e+01 9.954476356506347656e-01 0.000000000000000000e+00 0.000000000000000000e+00 0.000000000000000000e+00 1.000000000000000000e+00
1.716364421573254585e+09 2.092007446289062500e+01 -2.112583732604980469e+01 1.011201024055480957e+00 0.000000000000000000e+00 0.000000000000000000e+00 0.000000000000000000e+00 1.000000000000000000e+00
1.716364421623463631e+09 2.082990264892578125e+01 -2.105506134033203125e+01 1.029166340827941895e+00 0.000000000000000000e+00 0.000000000000000000e+00 0.000000000000000000e+00 1.000000000000000000e+00
1.716364421674658298e+09 2.077853775024414062e+01 -2.102324676513671875e+01 1.047200679779052734e+00 0.000000000000000000e+00 0.000000000000000000e+00 0.000000000000000000e+00 1.000000000000000000e+00
1.716364421773930788e+09 2.067708969116210938e+01 -2.096112632751464844e+01 1.084803700447082297e+00 0.000000000000000000e+00 0.000000000000000000e+00 0.000000000000000000e+00 1.000000000000000000e+00
1.716364421824488163e+09 2.062351036071777344e+01 -2.092583465576171875e+01 1.104442596435546875e+00 0.000000000000000000e+00 0.000000000000000000e+00 0.000000000000000000e+00 1.000000000000000000e+00
1.716364421924486637e+09 2.048488044738769176e+01 -2.081881904602050781e+01 1.145186305046081543e+00 0.000000000000000000e+00 0.000000000000000000e+00 0.000000000000000000e+00 1.000000000000000000e+00
1.716364421974862576e+09 2.039008712768554688e+01 -2.075275039672851918e+01 1.185548424720764160e+00 0.000000000000000000e+00 0.000000000000000000e+00 0.000000000000000000e+00 1.000000000000000000e+00
1.716364422075063467e+09 2.033913803100585938e+01 -2.071475028991699219e+01 1.204922556877136230e+00 0.000000000000000000e+00 0.000000000000000000e+00 0.000000000000000000e+00 1.000000000000000000e+00
1.716364422125421047e+09 2.024958610534667969e+01 -2.063896942138671875e+01 1.226140260696411133e+00 0.000000000000000000e+00 0.000000000000000000e+00 0.000000000000000000e+00 1.000000000000000000e+00
1.716364422175443172e+09 2.020130157470703125e+01 -2.060249137878417969e+01 1.243765354156493919e+00 0.000000000000000000e+00 0.000000000000000000e+00 0.000000000000000000e+00 1.000000000000000000e+00
1.716364422225578070e+09 2.010642433166503906e+01 -2.053063201904296875e+01 1.279958844184875710e+00 0.000000000000000000e+00 0.000000000000000000e+00 0.000000000000000000e+00 1.000000000000000000e+00
1.716364422326106310e+09 2.001879882812500000e+01 -2.045284652709960938e+01 1.297712326049804910e+00 0.000000000000000000e+00 0.000000000000000000e+00 0.000000000000000000e+00 1.000000000000000000e+00
1.716364422376363993e+09 1.992779350280761719e+01 -2.037704849243164062e+01 1.328253269195556641e+00 0.000000000000000000e+00 0.000000000000000000e+00 0.000000000000000000e+00 1.000000000000000000e+00
1.716364422426490068e+09 1.988131332397460938e+01 -2.033728218078613281e+01 1.342730760574340820e+00 0.000000000000000000e+00 0.000000000000000000e+00 0.000000000000000000e+00 1.000000000000000000e+00
1.716364422526671410e+09 1.979562950134277344e+01 -2.025751113891601562e+01 1.356568694114685059e+00 0.000000000000000000e+00 0.000000000000000000e+00 0.000000000000000000e+00 1.000000000000000000e+00
1.716364422576872349e+09 1.974985885620116832e+01 -2.021702003479003906e+01 1.368888497352600098e+00 0.000000000000000000e+00 0.000000000000000000e+00 0.000000000000000000e+00 1.000000000000000000e+00
1.716364422627046347e+09 1.970499610900878906e+01 -2.017702674865722656e+01 1.380491375923156738e+00 0.000000000000000000e+00 0.000000000000000000e+00 0.000000000000000000e+00 1.000000000000000000e+00
1.716364422677466393e+09 1.965679740905761719e+01 -2.013328933715820312e+01 1.390393257141113281e+00 0.000000000000000000e+00 0.000000000000000000e+00 0.000000000000000000e+00 1.000000000000000000e+00
1.716364422727387667e+09 1.957057571411132812e+01 -2.004979705810546875e+01 1.399048924446105957e+00 0.000000000000000000e+00 0.000000000000000000e+00 0.000000000000000000e+00 1.000000000000000000e+00
1.716364422777623653e+09 1.952368545532226562e+01 -2.000616073608398438e+01 1.406519293785095215e+00 0.000000000000000000e+00 0.000000000000000000e+00 0.000000000000000000e+00 1.000000000000000000e+00
1.716364422827824593e+09 1.947799873352050781e+01 -1.996413803100585938e+01 1.413483500480652078e+00 0.000000000000000000e+00 0.000000000000000000e+00 0.000000000000000000e+00 1.000000000000000000e+00
1.716364422878135204e+09 1.943369293212890270e+01 -1.992215728759765625e+01 1.418369412422180176e+00 0.000000000000000000e+00 0.000000000000000000e+00 0.000000000000000000e+00 1.000000000000000000e+00
1.716364422928342819e+09 1.934232330322265625e+01 -1.983388519287109375e+01 1.423629760742187500e+00 0.000000000000000000e+00 0.000000000000000000e+00 0.000000000000000000e+00 1.000000000000000000e+00
1.716364423028696299e+09 1.925349426269531250e+01 -1.974451637268066406e+01 1.424426436424255371e+00 0.000000000000000000e+00 0.000000000000000000e+00 0.000000000000000000e+00 1.000000000000000000e+00
1.716364423078840971e+09 1.920776367187500000e+01 -1.969972038269042969e+01 1.424641728401184082e+00 0.000000000000000000e+00 0.000000000000000000e+00 0.000000000000000000e+00 1.000000000000000000e+00
1.716364423129092455e+09 1.911764144897460938e+01 -1.961020088195800781e+01 1.420693635940551758e+00 0.000000000000000000e+00 0.000000000000000000e+00 0.000000000000000000e+00 1.000000000000000000e+00
1.716364423229692698e+09 1.902927398681640625e+01 -1.952176856994628906e+01 1.417289733886718750e+00 0.000000000000000000e+00 0.000000000000000000e+00 0.000000000000000000e+00 1.000000000000000000e+00
1.716364423330251694e+09 1.889170074462890270e+01 -1.938352584838867188e+01 1.408700823783874290e+00 0.000000000000000000e+00 0.000000000000000000e+00 0.000000000000000000e+00 1.000000000000000000e+00
1.716364423380778313e+09 1.882818031311035156e+01 -1.931830406188964844e+01 1.394164443016052246e+00 0.000000000000000000e+00 0.000000000000000000e+00 0.000000000000000000e+00 1.000000000000000000e+00
1.716364423482127428e+09 1.873184967041015980e+01 -1.921805000305176137e+01 1.385518550872802734e+00 0.000000000000000000e+00 0.000000000000000000e+00 0.000000000000000000e+00 1.000000000000000000e+00
1.716364423530998468e+09 1.867409706115722656e+01 -1.915699386596680043e+01 1.376425266265869141e+00 0.000000000000000000e+00 0.000000000000000000e+00 0.000000000000000000e+00 1.000000000000000000e+00
1.716364423581690550e+09 1.857915878295898438e+01 -1.905531311035155895e+01 1.357828378677368164e+00 0.000000000000000000e+00 0.000000000000000000e+00 0.000000000000000000e+00 1.000000000000000000e+00
1.716364423631377459e+09 1.852891921997070312e+01 -1.900087738037109375e+01 1.347895503044128418e+00 0.000000000000000000e+00 0.000000000000000000e+00 0.000000000000000000e+00 1.000000000000000000e+00
1.716364423681693792e+09 1.848030662536621094e+01 -1.894764328002929688e+01 1.338153243064880371e+00 0.000000000000000000e+00 0.000000000000000000e+00 0.000000000000000000e+00 1.000000000000000000e+00
1.716364423782080173e+09 1.838629722595214844e+01 -1.884788131713867188e+01 1.328332901000976562e+00 0.000000000000000000e+00 0.000000000000000000e+00 0.000000000000000000e+00 1.000000000000000000e+00
1.716364423832268000e+09 1.834080505371093750e+01 -1.879717254638671875e+01 1.317690730094909668e+00 0.000000000000000000e+00 0.000000000000000000e+00 0.000000000000000000e+00 1.000000000000000000e+00
1.716364423882754803e+09 1.825005149841308949e+01 -1.869409751892089844e+01 1.295029163360595703e+00 0.000000000000000000e+00 0.000000000000000000e+00 0.000000000000000000e+00 1.000000000000000000e+00
1.716364423932926655e+09 1.820059394836425426e+01 -1.863744354248046875e+01 1.283281087875366211e+00 0.000000000000000000e+00 0.000000000000000000e+00 0.000000000000000000e+00 1.000000000000000000e+00
1.716364423983189583e+09 1.815457916259765625e+01 -1.858439445495605113e+01 1.270532846450805664e+00 0.000000000000000000e+00 0.000000000000000000e+00 0.000000000000000000e+00 1.000000000000000000e+00
1.716364424083883524e+09 1.800774574279785156e+01 -1.841995620727539062e+01 1.244436621665954590e+00 0.000000000000000000e+00 0.000000000000000000e+00 0.000000000000000000e+00 1.000000000000000000e+00
1.716364424134305477e+09 1.795924949645996094e+01 -1.836229515075683949e+01 1.230782508850097656e+00 0.000000000000000000e+00 0.000000000000000000e+00 0.000000000000000000e+00 1.000000000000000000e+00
1.716364424184184790e+09 1.791030693054199219e+01 -1.830364418029785156e+01 1.216076016426086426e+00 0.000000000000000000e+00 0.000000000000000000e+00 0.000000000000000000e+00 1.000000000000000000e+00
1.716364424234389544e+09 1.786161422729492188e+01 -1.824472999572753906e+01 1.201078295707702637e+00 0.000000000000000000e+00 0.000000000000000000e+00 0.000000000000000000e+00 1.000000000000000000e+00
1.716364424334712029e+09 1.775662231445312500e+01 -1.812897491455078125e+01 1.187567949295043945e+00 0.000000000000000000e+00 0.000000000000000000e+00 0.000000000000000000e+00 1.000000000000000000e+00
1.716364424385041475e+09 1.766037559509277344e+01 -1.801414680480957031e+01 1.157343745231628418e+00 0.000000000000000000e+00 0.000000000000000000e+00 0.000000000000000000e+00 1.000000000000000000e+00
1.716364424435392857e+09 1.761223602294921875e+01 -1.795601654052734375e+01 1.141872406005859375e+00 0.000000000000000000e+00 0.000000000000000000e+00 0.000000000000000000e+00 1.000000000000000000e+00
1.716364424586252213e+09 1.745296096801757812e+01 -1.777406120300292969e+01 1.113203883171081543e+00 0.000000000000000000e+00 0.000000000000000000e+00 0.000000000000000000e+00 1.000000000000000000e+00
1.716364424636367321e+09 1.734814834594726562e+01 -1.764931678771972656e+01 1.085832476615905762e+00 0.000000000000000000e+00 0.000000000000000000e+00 0.000000000000000000e+00 1.000000000000000000e+00
1.716364424688290596e+09 1.729520797729492188e+01 -1.758749389648437500e+01 1.074077129364013672e+00 0.000000000000000000e+00 0.000000000000000000e+00 0.000000000000000000e+00 1.000000000000000000e+00
1.716364424787000656e+09 1.713395690917968750e+01 -1.740895843505859375e+01 1.055005192756652832e+00 0.000000000000000000e+00 0.000000000000000000e+00 0.000000000000000000e+00 1.000000000000000000e+00
1.716364424837201118e+09 1.708194160461425781e+01 -1.734765625000000000e+01 1.045673847198486328e+00 0.000000000000000000e+00 0.000000000000000000e+00 0.000000000000000000e+00 1.000000000000000000e+00
1.716364424887720108e+09 1.702736091613769531e+01 -1.728467750549316406e+01 1.037050843238830566e+00 0.000000000000000000e+00 0.000000000000000000e+00 0.000000000000000000e+00 1.000000000000000000e+00
1.716364424938108444e+09 1.691847801208496094e+01 -1.716855430603027344e+01 1.031109094619750977e+00 0.000000000000000000e+00 0.000000000000000000e+00 0.000000000000000000e+00 1.000000000000000000e+00
1.716364424988433599e+09 1.686219787597656250e+01 -1.710730361938476562e+01 1.024940252304077148e+00 0.000000000000000000e+00 0.000000000000000000e+00 0.000000000000000000e+00 1.000000000000000000e+00
1.716364425038630486e+09 1.680699729919433594e+01 -1.704781341552734375e+01 1.019509315490722878e+00 0.000000000000000000e+00 0.000000000000000000e+00 0.000000000000000000e+00 1.000000000000000000e+00
1.716364425088545799e+09 1.675164985656738281e+01 -1.698709487915039062e+01 1.015290260314941406e+00 0.000000000000000000e+00 0.000000000000000000e+00 0.000000000000000000e+00 1.000000000000000000e+00
1.716364425138778925e+09 1.663852310180664062e+01 -1.686824035644531250e+01 1.013841867446899414e+00 0.000000000000000000e+00 0.000000000000000000e+00 0.000000000000000000e+00 1.000000000000000000e+00
1.716364425188987970e+09 1.658389663696289062e+01 -1.680965995788574219e+01 1.011284947395324707e+00 0.000000000000000000e+00 0.000000000000000000e+00 0.000000000000000000e+00 1.000000000000000000e+00
1.716364425239228725e+09 1.652769851684570312e+01 -1.674984359741210938e+01 1.009634137153625710e+00 0.000000000000000000e+00 0.000000000000000000e+00 0.000000000000000000e+00 1.000000000000000000e+00
1.716364425289896965e+09 1.647117996215820312e+01 -1.669318389892578125e+01 1.009028911590576172e+00 0.000000000000000000e+00 0.000000000000000000e+00 0.000000000000000000e+00 1.000000000000000000e+00
1.716364425389864206e+09 1.630215454101562500e+01 -1.652698516845703125e+01 1.010421633720397949e+00 0.000000000000000000e+00 0.000000000000000000e+00 0.000000000000000000e+00 1.000000000000000000e+00
1.716364425440077066e+09 1.624384498596191406e+01 -1.647213363647460938e+01 1.011268615722656250e+00 0.000000000000000000e+00 0.000000000000000000e+00 0.000000000000000000e+00 1.000000000000000000e+00
1.716364425540475845e+09 1.612820243835449219e+01 -1.636992645263671875e+01 1.014264225959777832e+00 0.000000000000000000e+00 0.000000000000000000e+00 0.000000000000000000e+00 1.000000000000000000e+00
1.716364425591198444e+09 1.601881027221679688e+01 -1.626720237731933594e+01 1.018371343612670898e+00 0.000000000000000000e+00 0.000000000000000000e+00 0.000000000000000000e+00 1.000000000000000000e+00
1.716364425640762568e+09 1.596158409118652344e+01 -1.621838188171386719e+01 1.022208929061889648e+00 0.000000000000000000e+00 0.000000000000000000e+00 0.000000000000000000e+00 1.000000000000000000e+00
1.716364425741351366e+09 1.584772109985351562e+01 -1.612581253051757812e+01 1.031728982925415039e+00 0.000000000000000000e+00 0.000000000000000000e+00 0.000000000000000000e+00 1.000000000000000000e+00
1.716364425842064857e+09 1.574178123474121271e+01 -1.603236579895019531e+01 1.038044571876526101e+00 0.000000000000000000e+00 0.000000000000000000e+00 0.000000000000000000e+00 1.000000000000000000e+00
1.716364425942383528e+09 1.557245159149169922e+01 -1.591739368438720881e+01 1.058875083923339844e+00 0.000000000000000000e+00 0.000000000000000000e+00 0.000000000000000000e+00 1.000000000000000000e+00
1.716364425992642879e+09 1.551707935333251953e+01 -1.588361454010009766e+01 1.066789388656616211e+00 0.000000000000000000e+00 0.000000000000000000e+00 0.000000000000000000e+00 1.000000000000000000e+00
1.716364426093139648e+09 1.541696834564208984e+01 -1.580548286437988459e+01 1.076630234718322754e+00 0.000000000000000000e+00 0.000000000000000000e+00 0.000000000000000000e+00 1.000000000000000000e+00
1.716364426143344402e+09 1.530575942993164062e+01 -1.574113750457763672e+01 1.095242142677307129e+00 0.000000000000000000e+00 0.000000000000000000e+00 0.000000000000000000e+00 1.000000000000000000e+00
1.716364426193775892e+09 1.525172328948974609e+01 -1.571299457550048828e+01 1.105077147483825684e+00 0.000000000000000000e+00 0.000000000000000000e+00 0.000000000000000000e+00 1.000000000000000000e+00
1.716364426294260979e+09 1.510599231719970881e+01 -1.562080574035644354e+01 1.129665493965148926e+00 0.000000000000000000e+00 0.000000000000000000e+00 0.000000000000000000e+00 1.000000000000000000e+00
1.716364426344370842e+09 1.505321216583251953e+01 -1.559557533264160156e+01 1.141581058502197266e+00 0.000000000000000000e+00 0.000000000000000000e+00 0.000000000000000000e+00 1.000000000000000000e+00
1.716364426395197630e+09 1.500187110900878729e+01 -1.557311820983886719e+01 1.154824852943420410e+00 0.000000000000000000e+00 0.000000000000000000e+00 0.000000000000000000e+00 1.000000000000000000e+00
1.716364426444835186e+09 1.495180034637451172e+01 -1.555218219757080078e+01 1.168415069580077903e+00 0.000000000000000000e+00 0.000000000000000000e+00 0.000000000000000000e+00 1.000000000000000000e+00
1.716364426495207071e+09 1.486592960357666016e+01 -1.549489688873291016e+01 1.183470368385314941e+00 0.000000000000000000e+00 0.000000000000000000e+00 0.000000000000000000e+00 1.000000000000000000e+00
1.716364426545235395e+09 1.481626987457275391e+01 -1.547489643096923828e+01 1.198546528816223145e+00 0.000000000000000000e+00 0.000000000000000000e+00 0.000000000000000000e+00 1.000000000000000000e+00
1.716364426595670223e+09 1.476679325103759766e+01 -1.545468044281006037e+01 1.213850975036621094e+00 0.000000000000000000e+00 0.000000000000000000e+00 0.000000000000000000e+00 1.000000000000000000e+00
1.716364426645791054e+09 1.471903228759765625e+01 -1.543555736541748047e+01 1.229800462722778320e+00 0.000000000000000000e+00 0.000000000000000000e+00 0.000000000000000000e+00 1.000000000000000000e+00
1.716364426695703268e+09 1.464017677307128729e+01 -1.538109779357910156e+01 1.245984077453613281e+00 0.000000000000000000e+00 0.000000000000000000e+00 0.000000000000000000e+00 1.000000000000000000e+00
1.716364426746016026e+09 1.459489250183105646e+01 -1.535952186584472834e+01 1.261040449142456055e+00 0.000000000000000000e+00 0.000000000000000000e+00 0.000000000000000000e+00 1.000000000000000000e+00
1.716364426796290636e+09 1.454706668853759766e+01 -1.533619117736816406e+01 1.276455998420715110e+00 0.000000000000000000e+00 0.000000000000000000e+00 0.000000000000000000e+00 1.000000000000000000e+00
1.716364426846370459e+09 1.449870204925537287e+01 -1.531196784973144354e+01 1.292835831642150879e+00 0.000000000000000000e+00 0.000000000000000000e+00 0.000000000000000000e+00 1.000000000000000000e+00
1.716364426896544933e+09 1.442269229888916016e+01 -1.525741958618164062e+01 1.309383034706115501e+00 0.000000000000000000e+00 0.000000000000000000e+00 0.000000000000000000e+00 1.000000000000000000e+00
1.716364426946866512e+09 1.437616443634033203e+01 -1.523275566101074219e+01 1.325107812881469505e+00 0.000000000000000000e+00 0.000000000000000000e+00 0.000000000000000000e+00 1.000000000000000000e+00
1.716364426997043610e+09 1.433367252349853516e+01 -1.521111297607422053e+01 1.339761137962341309e+00 0.000000000000000000e+00 0.000000000000000000e+00 0.000000000000000000e+00 1.000000000000000000e+00
1.716364427047337532e+09 1.428706741333007812e+01 -1.518368434906006037e+01 1.352541565895080566e+00 0.000000000000000000e+00 0.000000000000000000e+00 0.000000000000000000e+00 1.000000000000000000e+00
1.716364427097564936e+09 1.420828819274902344e+01 -1.512058353424072443e+01 1.363710641860961914e+00 0.000000000000000000e+00 0.000000000000000000e+00 0.000000000000000000e+00 1.000000000000000000e+00
1.716364427147627354e+09 1.416330432891845525e+01 -1.509293079376220881e+01 1.372974753379821777e+00 0.000000000000000000e+00 0.000000000000000000e+00 0.000000000000000000e+00 1.000000000000000000e+00
1.716364427198328733e+09 1.411917972564697266e+01 -1.506581020355224609e+01 1.379848957061767578e+00 0.000000000000000000e+00 0.000000000000000000e+00 0.000000000000000000e+00 1.000000000000000000e+00
1.716364427248478413e+09 1.407028961181640625e+01 -1.503353404998779119e+01 1.384523987770080566e+00 0.000000000000000000e+00 0.000000000000000000e+00 0.000000000000000000e+00 1.000000000000000000e+00
1.716364427298451662e+09 1.402465820312500000e+01 -1.500502586364745916e+01 1.386871933937072754e+00 0.000000000000000000e+00 0.000000000000000000e+00 0.000000000000000000e+00 1.000000000000000000e+00
1.716364427348718882e+09 1.397817039489745916e+01 -1.497455692291259766e+01 1.387091398239135520e+00 0.000000000000000000e+00 0.000000000000000000e+00 0.000000000000000000e+00 1.000000000000000000e+00
1.716364427448980808e+09 1.389770889282226562e+01 -1.490600681304931641e+01 1.384797334671020508e+00 0.000000000000000000e+00 0.000000000000000000e+00 0.000000000000000000e+00 1.000000000000000000e+00
1.716364427700276375e+09 1.357421684265136719e+01 -1.465892696380615234e+01 1.349810481071472168e+00 0.000000000000000000e+00 0.000000000000000000e+00 0.000000000000000000e+00 1.000000000000000000e+00
1.716364427751255989e+09 1.352401828765869141e+01 -1.462355136871338068e+01 1.341291069984436035e+00 0.000000000000000000e+00 0.000000000000000000e+00 0.000000000000000000e+00 1.000000000000000000e+00
1.716364427800656796e+09 1.346767902374267578e+01 -1.458157444000243963e+01 1.332252025604248047e+00 0.000000000000000000e+00 0.000000000000000000e+00 0.000000000000000000e+00 1.000000000000000000e+00
1.716364427850929260e+09 1.340777969360351562e+01 -1.453740978240966797e+01 1.322185993194580078e+00 0.000000000000000000e+00 0.000000000000000000e+00 0.000000000000000000e+00 1.000000000000000000e+00
1.716364427901008129e+09 1.335953330993652344e+01 -1.450560283660888850e+01 1.312024354934692383e+00 0.000000000000000000e+00 0.000000000000000000e+00 0.000000000000000000e+00 1.000000000000000000e+00
1.716364428001711845e+09 1.326885890960693359e+01 -1.442720413208007812e+01 1.302279710769653098e+00 0.000000000000000000e+00 0.000000000000000000e+00 0.000000000000000000e+00 1.000000000000000000e+00
1.716364428051802397e+09 1.317268657684326172e+01 -1.436586284637451172e+01 1.279077649116515891e+00 0.000000000000000000e+00 0.000000000000000000e+00 0.000000000000000000e+00 1.000000000000000000e+00
1.716364428152648926e+09 1.307240390777588068e+01 -1.430273246765136719e+01 1.254194378852844238e+00 0.000000000000000000e+00 0.000000000000000000e+00 0.000000000000000000e+00 1.000000000000000000e+00
1.716364428202603817e+09 1.302260208129882812e+01 -1.427216243743896484e+01 1.241417288780212402e+00 0.000000000000000000e+00 0.000000000000000000e+00 0.000000000000000000e+00 1.000000000000000000e+00
1.716364428303196907e+09 1.293640422821044922e+01 -1.420299625396728338e+01 1.227537631988525391e+00 0.000000000000000000e+00 0.000000000000000000e+00 0.000000000000000000e+00 1.000000000000000000e+00
1.716364428353169918e+09 1.283580398559570312e+01 -1.414254379272460938e+01 1.199240565299987793e+00 0.000000000000000000e+00 0.000000000000000000e+00 0.000000000000000000e+00 1.000000000000000000e+00
1.716364428403369665e+09 1.278580760955810369e+01 -1.411333274841308594e+01 1.184849619865417703e+00 0.000000000000000000e+00 0.000000000000000000e+00 0.000000000000000000e+00 1.000000000000000000e+00
1.716364428503731489e+09 1.270248699188232422e+01 -1.404549598693847656e+01 1.172623038291931152e+00 0.000000000000000000e+00 0.000000000000000000e+00 0.000000000000000000e+00 1.000000000000000000e+00
1.716364428554009199e+09 1.260495567321777166e+01 -1.399143791198730469e+01 1.145321369171142578e+00 0.000000000000000000e+00 0.000000000000000000e+00 0.000000000000000000e+00 1.000000000000000000e+00
1.716364428604276896e+09 1.255321311950683594e+01 -1.396231555938720881e+01 1.131521224975585938e+00 0.000000000000000000e+00 0.000000000000000000e+00 0.000000000000000000e+00 1.000000000000000000e+00
1.716364428704995632e+09 1.246780204772949219e+01 -1.389620304107666016e+01 1.118889808654785156e+00 0.000000000000000000e+00 0.000000000000000000e+00 0.000000000000000000e+00 1.000000000000000000e+00
1.716364428754850626e+09 1.241636276245117188e+01 -1.386940670013427557e+01 1.104946255683898926e+00 0.000000000000000000e+00 0.000000000000000000e+00 0.000000000000000000e+00 1.000000000000000000e+00
1.716364428805167198e+09 1.231557178497314453e+01 -1.381919860839843750e+01 1.077882885932922363e+00 0.000000000000000000e+00 0.000000000000000000e+00 0.000000000000000000e+00 1.000000000000000000e+00
1.716364428855293036e+09 1.223034954071044922e+01 -1.375675010681152344e+01 1.065107822418212891e+00 0.000000000000000000e+00 0.000000000000000000e+00 0.000000000000000000e+00 1.000000000000000000e+00
1.716364428905690432e+09 1.217938423156738459e+01 -1.373336791992187678e+01 1.051593184471130371e+00 0.000000000000000000e+00 0.000000000000000000e+00 0.000000000000000000e+00 1.000000000000000000e+00
1.716364428955890656e+09 1.212782955169677557e+01 -1.370913410186767578e+01 1.038516402244568093e+00 0.000000000000000000e+00 0.000000000000000000e+00 0.000000000000000000e+00 1.000000000000000000e+00
1.716364429006013870e+09 1.207525348663330078e+01 -1.368572998046875000e+01 1.024891495704650879e+00 0.000000000000000000e+00 0.000000000000000000e+00 0.000000000000000000e+00 1.000000000000000000e+00
1.716364429056125879e+09 1.198773384094238459e+01 -1.362377452850341797e+01 1.012640118598937988e+00 0.000000000000000000e+00 0.000000000000000000e+00 0.000000000000000000e+00 1.000000000000000000e+00
1.716364429106658220e+09 1.193612098693847656e+01 -1.360341548919677557e+01 9.994241595268249512e-01 0.000000000000000000e+00 0.000000000000000000e+00 0.000000000000000000e+00 1.000000000000000000e+00
1.716364429156729698e+09 1.188723754882812322e+01 -1.358463668823242188e+01 9.874231219291688122e-01 0.000000000000000000e+00 0.000000000000000000e+00 0.000000000000000000e+00 1.000000000000000000e+00
1.716364429206909180e+09 1.183254718780517578e+01 -1.356291580200195135e+01 9.758033752441406250e-01 0.000000000000000000e+00 0.000000000000000000e+00 0.000000000000000000e+00 1.000000000000000000e+00
1.716364429257119179e+09 1.174630451202392578e+01 -1.350630664825439631e+01 9.655243158340454102e-01 0.000000000000000000e+00 0.000000000000000000e+00 0.000000000000000000e+00 1.000000000000000000e+00
1.716364429307371855e+09 1.169124698638916016e+01 -1.348741626739501953e+01 9.538567066192628063e-01 0.000000000000000000e+00 0.000000000000000000e+00 0.000000000000000000e+00 1.000000000000000000e+00
1.716364429357657671e+09 1.163670921325683594e+01 -1.346804141998291016e+01 9.432227611541748047e-01 0.000000000000000000e+00 0.000000000000000000e+00 0.000000000000000000e+00 1.000000000000000000e+00
1.716364429407820225e+09 1.158207416534423828e+01 -1.344999980926513672e+01 9.325873255729676403e-01 0.000000000000000000e+00 0.000000000000000000e+00 0.000000000000000000e+00 1.000000000000000000e+00
1.716364429458000422e+09 1.152522182464599609e+01 -1.342985248565673828e+01 9.225251674652099609e-01 0.000000000000000000e+00 0.000000000000000000e+00 0.000000000000000000e+00 1.000000000000000000e+00
1.716364429508266926e+09 1.146812438964843750e+01 -1.341116523742675781e+01 9.127049446105955921e-01 0.000000000000000000e+00 0.000000000000000000e+00 0.000000000000000000e+00 1.000000000000000000e+00
1.716364429608696461e+09 1.137987327575683594e+01 -1.335465240478515625e+01 9.057278633117675781e-01 0.000000000000000000e+00 0.000000000000000000e+00 0.000000000000000000e+00 1.000000000000000000e+00
1.716364429658887148e+09 1.132350635528564453e+01 -1.333785152435302734e+01 8.969245553016662598e-01 0.000000000000000000e+00 0.000000000000000000e+00 0.000000000000000000e+00 1.000000000000000000e+00
1.716364429709047556e+09 1.126740074157714844e+01 -1.332208919525146484e+01 8.888795375823974609e-01 0.000000000000000000e+00 0.000000000000000000e+00 0.000000000000000000e+00 1.000000000000000000e+00
1.716364429759270906e+09 1.115439033508300781e+01 -1.329496669769287287e+01 8.744511008262634277e-01 0.000000000000000000e+00 0.000000000000000000e+00 0.000000000000000000e+00 1.000000000000000000e+00
1.716364429859497547e+09 1.101113891601562322e+01 -1.323298549652099609e+01 8.651689291000366211e-01 0.000000000000000000e+00 0.000000000000000000e+00 0.000000000000000000e+00 1.000000000000000000e+00
1.716364429959836483e+09 1.089686489105224609e+01 -1.320902633666992188e+01 8.569243550300598145e-01 0.000000000000000000e+00 0.000000000000000000e+00 0.000000000000000000e+00 1.000000000000000000e+00
1.716364430010038853e+09 1.083911037445068359e+01 -1.319806861877441406e+01 8.532584309577941895e-01 0.000000000000000000e+00 0.000000000000000000e+00 0.000000000000000000e+00 1.000000000000000000e+00
1.716364430060095787e+09 1.075207996368408203e+01 -1.315159416198730469e+01 8.519981503486633301e-01 0.000000000000000000e+00 0.000000000000000000e+00 0.000000000000000000e+00 1.000000000000000000e+00
1.716364430110199690e+09 1.069461154937743963e+01 -1.314279079437256037e+01 8.488990068435668945e-01 0.000000000000000000e+00 0.000000000000000000e+00 0.000000000000000000e+00 1.000000000000000000e+00
1.716364430160332203e+09 1.063523960113525391e+01 -1.312901878356933594e+01 8.467389345169067383e-01 0.000000000000000000e+00 0.000000000000000000e+00 0.000000000000000000e+00 1.000000000000000000e+00
1.716364430210478544e+09 1.057699871063232422e+01 -1.311808776855468750e+01 8.446474671363830566e-01 0.000000000000000000e+00 0.000000000000000000e+00 0.000000000000000000e+00 1.000000000000000000e+00
1.716364430260644674e+09 1.049423313140869141e+01 -1.307676982879638850e+01 8.443738818168640137e-01 0.000000000000000000e+00 0.000000000000000000e+00 0.000000000000000000e+00 1.000000000000000000e+00
1.716364430311040163e+09 1.044046974182128729e+01 -1.306973743438720881e+01 8.426831960678100586e-01 0.000000000000000000e+00 0.000000000000000000e+00 0.000000000000000000e+00 1.000000000000000000e+00
1.716364430361057043e+09 1.038468551635742188e+01 -1.306418704986572443e+01 8.406680226325988770e-01 0.000000000000000000e+00 0.000000000000000000e+00 0.000000000000000000e+00 1.000000000000000000e+00
1.716364430411471844e+09 1.033063411712646484e+01 -1.305842685699462713e+01 8.388445377349853516e-01 0.000000000000000000e+00 0.000000000000000000e+00 0.000000000000000000e+00 1.000000000000000000e+00
1.716364430461443424e+09 1.025615501403808594e+01 -1.302287387847900391e+01 8.389134407043457031e-01 0.000000000000000000e+00 0.000000000000000000e+00 0.000000000000000000e+00 1.000000000000000000e+00
1.716364430511610270e+09 1.020187473297119141e+01 -1.301707649230957031e+01 8.372709155082702637e-01 0.000000000000000000e+00 0.000000000000000000e+00 0.000000000000000000e+00 1.000000000000000000e+00
1.716364430561773300e+09 1.014989566802978338e+01 -1.301191139221191406e+01 8.357758522033691406e-01 0.000000000000000000e+00 0.000000000000000000e+00 0.000000000000000000e+00 1.000000000000000000e+00
1.716364430611814976e+09 1.009856891632080078e+01 -1.300868034362792969e+01 8.345993757247924805e-01 0.000000000000000000e+00 0.000000000000000000e+00 0.000000000000000000e+00 1.000000000000000000e+00
1.716364430662006617e+09 9.995209693908691406e+00 -1.300117492675781250e+01 8.326946496963500977e-01 0.000000000000000000e+00 0.000000000000000000e+00 0.000000000000000000e+00 1.000000000000000000e+00
1.716364430762444496e+09 9.925700187683103692e+00 -1.297251033782958984e+01 8.327779769897460938e-01 0.000000000000000000e+00 0.000000000000000000e+00 0.000000000000000000e+00 1.000000000000000000e+00
1.716364430812943220e+09 9.877311706542968750e+00 -1.297035884857177557e+01 8.316227197647094727e-01 0.000000000000000000e+00 0.000000000000000000e+00 0.000000000000000000e+00 1.000000000000000000e+00
1.716364430863376379e+09 9.827706336975097656e+00 -1.296526527404785156e+01 8.306695818901062012e-01 0.000000000000000000e+00 0.000000000000000000e+00 0.000000000000000000e+00 1.000000000000000000e+00
1.716364430912989616e+09 9.761974334716796875e+00 -1.293970012664794922e+01 8.309089541435241699e-01 0.000000000000000000e+00 0.000000000000000000e+00 0.000000000000000000e+00 1.000000000000000000e+00
1.716364430963284016e+09 9.718308448791503906e+00 -1.293745422363281250e+01 8.300625085830688477e-01 0.000000000000000000e+00 0.000000000000000000e+00 0.000000000000000000e+00 1.000000000000000000e+00
1.716364431014261484e+09 9.673278808593750000e+00 -1.293489456176757812e+01 8.292878866195678711e-01 0.000000000000000000e+00 0.000000000000000000e+00 0.000000000000000000e+00 1.000000000000000000e+00
1.716364431064001560e+09 9.628929138183593750e+00 -1.293300819396972834e+01 8.289901018142700195e-01 0.000000000000000000e+00 0.000000000000000000e+00 0.000000000000000000e+00 1.000000000000000000e+00
1.716364431113976479e+09 9.584783554077148438e+00 -1.293086338043212713e+01 8.283749818801879883e-01 0.000000000000000000e+00 0.000000000000000000e+00 0.000000000000000000e+00 1.000000000000000000e+00
1.716364431164227247e+09 9.541866302490234375e+00 -1.292893791198730469e+01 8.272254467010498047e-01 0.000000000000000000e+00 0.000000000000000000e+00 0.000000000000000000e+00 1.000000000000000000e+00
1.716364431264668226e+09 9.483883857727050781e+00 -1.290575218200683594e+01 8.270306587219238281e-01 0.000000000000000000e+00 0.000000000000000000e+00 0.000000000000000000e+00 1.000000000000000000e+00
1.716364431314820766e+09 9.442696571350097656e+00 -1.290361213684082031e+01 8.255494236946105957e-01 0.000000000000000000e+00 0.000000000000000000e+00 0.000000000000000000e+00 1.000000000000000000e+00
1.716364431365073681e+09 9.361836433410644531e+00 -1.290045738220214844e+01 8.223906159400939941e-01 0.000000000000000000e+00 0.000000000000000000e+00 0.000000000000000000e+00 1.000000000000000000e+00
1.716364431465407133e+09 9.308120727539062500e+00 -1.288000774383544922e+01 8.217208385467529297e-01 0.000000000000000000e+00 0.000000000000000000e+00 0.000000000000000000e+00 1.000000000000000000e+00
1.716364431515627623e+09 9.269115447998048651e+00 -1.287840843200683594e+01 8.194822072982788086e-01 0.000000000000000000e+00 0.000000000000000000e+00 0.000000000000000000e+00 1.000000000000000000e+00
1.716364431566111326e+09 9.193465232849119317e+00 -1.287695407867431641e+01 8.142830729484558105e-01 0.000000000000000000e+00 0.000000000000000000e+00 0.000000000000000000e+00 1.000000000000000000e+00
1.716364431666133642e+09 9.142766952514648438e+00 -1.285887813568115234e+01 8.119004368782043457e-01 0.000000000000000000e+00 0.000000000000000000e+00 0.000000000000000000e+00 1.000000000000000000e+00
1.716364431716760874e+09 9.104562759399414062e+00 -1.285880470275878729e+01 8.084396123886108398e-01 0.000000000000000000e+00 0.000000000000000000e+00 0.000000000000000000e+00 1.000000000000000000e+00
1.716364431766625643e+09 9.031888008117675781e+00 -1.285695648193359375e+01 8.001223206520080566e-01 0.000000000000000000e+00 0.000000000000000000e+00 0.000000000000000000e+00 1.000000000000000000e+00
1.716364431816972494e+09 8.995636940002441406e+00 -1.285643482208251953e+01 7.951141595840454102e-01 0.000000000000000000e+00 0.000000000000000000e+00 0.000000000000000000e+00 1.000000000000000000e+00
1.716364431917028904e+09 8.950065612792968750e+00 -1.284162235260009766e+01 7.905694842338562012e-01 0.000000000000000000e+00 0.000000000000000000e+00 0.000000000000000000e+00 1.000000000000000000e+00
1.716364431967253447e+09 8.881197929382324219e+00 -1.284493160247802734e+01 7.789261341094970703e-01 0.000000000000000000e+00 0.000000000000000000e+00 0.000000000000000000e+00 1.000000000000000000e+00
1.716364432017575502e+09 8.837352752685546875e+00 -1.283233165740966797e+01 7.736833095550537109e-01 0.000000000000000000e+00 0.000000000000000000e+00 0.000000000000000000e+00 1.000000000000000000e+00
1.716364432067745209e+09 8.804493904113769531e+00 -1.283511543273925781e+01 7.670581340789794922e-01 0.000000000000000000e+00 0.000000000000000000e+00 0.000000000000000000e+00 1.000000000000000000e+00
1.716364432117800951e+09 8.771175384521484375e+00 -1.283689212799072443e+01 7.597065567970275879e-01 0.000000000000000000e+00 0.000000000000000000e+00 0.000000000000000000e+00 1.000000000000000000e+00
1.716364432168086052e+09 8.738319396972656250e+00 -1.283827209472656250e+01 7.521401643753051758e-01 0.000000000000000000e+00 0.000000000000000000e+00 0.000000000000000000e+00 1.000000000000000000e+00
1.716364432218236208e+09 8.705095291137695312e+00 -1.283860683441161932e+01 7.442301511764526367e-01 0.000000000000000000e+00 0.000000000000000000e+00 0.000000000000000000e+00 1.000000000000000000e+00
1.716364432318813324e+09 8.630698204040527344e+00 -1.282869243621826172e+01 7.275788187980651855e-01 0.000000000000000000e+00 0.000000000000000000e+00 0.000000000000000000e+00 1.000000000000000000e+00
1.716364432369272947e+09 8.568055152893066406e+00 -1.283114337921142578e+01 7.112932801246643066e-01 0.000000000000000000e+00 0.000000000000000000e+00 0.000000000000000000e+00 1.000000000000000000e+00
1.716364432470842838e+09 8.535741806030273438e+00 -1.283291816711425781e+01 7.028421759605407715e-01 0.000000000000000000e+00 0.000000000000000000e+00 0.000000000000000000e+00 1.000000000000000000e+00
1.716364432569785357e+09 8.463959693908691406e+00 -1.282426643371582031e+01 6.871440410614013672e-01 0.000000000000000000e+00 0.000000000000000000e+00 0.000000000000000000e+00 1.000000000000000000e+00
1.716364432620019197e+09 8.432568550109863281e+00 -1.282646846771240234e+01 6.792775988578796387e-01 0.000000000000000000e+00 0.000000000000000000e+00 0.000000000000000000e+00 1.000000000000000000e+00
1.716364432670249462e+09 8.369326591491699219e+00 -1.283105087280273438e+01 6.646438241004943848e-01 0.000000000000000000e+00 0.000000000000000000e+00 0.000000000000000000e+00 1.000000000000000000e+00
1.716364432820807934e+09 8.298673629760742188e+00 -1.282242298126220881e+01 6.522774696350097656e-01 0.000000000000000000e+00 0.000000000000000000e+00 0.000000000000000000e+00 1.000000000000000000e+00
1.716364432871172667e+09 8.268044471740722656e+00 -1.282508945465088068e+01 6.456821560859680176e-01 0.000000000000000000e+00 0.000000000000000000e+00 0.000000000000000000e+00 1.000000000000000000e+00
1.716364432921524763e+09 8.229958534240722656e+00 -1.281590557098388850e+01 6.404155492782592773e-01 0.000000000000000000e+00 0.000000000000000000e+00 0.000000000000000000e+00 1.000000000000000000e+00
1.716364432971897840e+09 8.200225830078125000e+00 -1.281913948059082031e+01 6.349685192108154297e-01 0.000000000000000000e+00 0.000000000000000000e+00 0.000000000000000000e+00 1.000000000000000000e+00
1.716364433021706581e+09 8.172356605529785156e+00 -1.282237529754638850e+01 6.304336190223693848e-01 0.000000000000000000e+00 0.000000000000000000e+00 0.000000000000000000e+00 1.000000000000000000e+00
1.716364433071962118e+09 8.142482757568359375e+00 -1.282684803009033203e+01 6.261513829231262207e-01 0.000000000000000000e+00 0.000000000000000000e+00 0.000000000000000000e+00 1.000000000000000000e+00
1.716364433173487425e+09 8.076710700988769531e+00 -1.283003807067871271e+01 6.191241145133972168e-01 0.000000000000000000e+00 0.000000000000000000e+00 0.000000000000000000e+00 1.000000000000000000e+00
1.716364433222459316e+09 8.016261100769042969e+00 -1.284392929077148438e+01 6.138046383857727051e-01 0.000000000000000000e+00 0.000000000000000000e+00 0.000000000000000000e+00 1.000000000000000000e+00
1.716364433323196888e+09 7.986602783203125000e+00 -1.285286617279052734e+01 6.124214529991149902e-01 0.000000000000000000e+00 0.000000000000000000e+00 0.000000000000000000e+00 1.000000000000000000e+00
1.716364433373496294e+09 7.957828998565673828e+00 -1.286126518249511541e+01 6.122118830680847168e-01 0.000000000000000000e+00 0.000000000000000000e+00 0.000000000000000000e+00 1.000000000000000000e+00
1.716364433423400402e+09 7.926237106323242188e+00 -1.286790847778320312e+01 6.135336756706237793e-01 0.000000000000000000e+00 0.000000000000000000e+00 0.000000000000000000e+00 1.000000000000000000e+00
1.716364433473575115e+09 7.868891239166259766e+00 -1.289643859863281250e+01 6.198402047157287598e-01 0.000000000000000000e+00 0.000000000000000000e+00 0.000000000000000000e+00 1.000000000000000000e+00
1.716364433824909687e+09 7.697177886962890625e+00 -1.299981307983398438e+01 6.582708954811096191e-01 0.000000000000000000e+00 0.000000000000000000e+00 0.000000000000000000e+00 1.000000000000000000e+00
1.716364433874864578e+09 7.670321464538574219e+00 -1.302192306518554865e+01 6.651756167411804199e-01 0.000000000000000000e+00 0.000000000000000000e+00 0.000000000000000000e+00 1.000000000000000000e+00
1.716364433925175190e+09 7.614322662353515625e+00 -1.306462764739990234e+01 6.749780774116516113e-01 0.000000000000000000e+00 0.000000000000000000e+00 0.000000000000000000e+00 1.000000000000000000e+00
1.716364434025470734e+09 7.588995456695556641e+00 -1.309342956542968750e+01 6.779322028160095215e-01 0.000000000000000000e+00 0.000000000000000000e+00 0.000000000000000000e+00 1.000000000000000000e+00
1.716364434075616360e+09 7.558992862701416016e+00 -1.311901473999023438e+01 6.804032325744628906e-01 0.000000000000000000e+00 0.000000000000000000e+00 0.000000000000000000e+00 1.000000000000000000e+00
1.716364434125986576e+09 7.501670837402343750e+00 -1.317052173614501953e+01 6.837530732154846191e-01 0.000000000000000000e+00 0.000000000000000000e+00 0.000000000000000000e+00 1.000000000000000000e+00
1.716364434176100969e+09 7.471429824829101562e+00 -1.319696807861327947e+01 6.847648024559020996e-01 0.000000000000000000e+00 0.000000000000000000e+00 0.000000000000000000e+00 1.000000000000000000e+00
1.716364434226302147e+09 7.440511703491210938e+00 -1.322249507904052734e+01 6.852067708969116211e-01 0.000000000000000000e+00 0.000000000000000000e+00 0.000000000000000000e+00 1.000000000000000000e+00
1.716364434326773643e+09 7.382830142974852627e+00 -1.328099536895751953e+01 6.827172636985778809e-01 0.000000000000000000e+00 0.000000000000000000e+00 0.000000000000000000e+00 1.000000000000000000e+00
1.716364434427249432e+09 7.321005821228027344e+00 -1.333436107635498047e+01 6.787548065185546875e-01 0.000000000000000000e+00 0.000000000000000000e+00 0.000000000000000000e+00 1.000000000000000000e+00
1.716364434577847719e+09 7.263759136199951172e+00 -1.339714527130126953e+01 6.722611784934997559e-01 0.000000000000000000e+00 0.000000000000000000e+00 0.000000000000000000e+00 1.000000000000000000e+00
1.716364434627926826e+09 7.203989505767822266e+00 -1.345054817199707031e+01 6.653057336807250977e-01 0.000000000000000000e+00 0.000000000000000000e+00 0.000000000000000000e+00 1.000000000000000000e+00
1.716364434728177309e+09 7.149277687072753906e+00 -1.351216220855712713e+01 6.585364937782287598e-01 0.000000000000000000e+00 0.000000000000000000e+00 0.000000000000000000e+00 1.000000000000000000e+00
1.716364434828907251e+09 7.088919162750244141e+00 -1.356395912170410156e+01 6.534500718116760254e-01 0.000000000000000000e+00 0.000000000000000000e+00 0.000000000000000000e+00 1.000000000000000000e+00
1.716364434929088116e+09 7.034555912017822266e+00 -1.362242794036865234e+01 6.494374275207519531e-01 0.000000000000000000e+00 0.000000000000000000e+00 0.000000000000000000e+00 1.000000000000000000e+00
1.716364434979374170e+09 7.005647659301757812e+00 -1.364849376678466797e+01 6.481018662452697754e-01 0.000000000000000000e+00 0.000000000000000000e+00 0.000000000000000000e+00 1.000000000000000000e+00
1.716364435079441071e+09 6.978637218475341797e+00 -1.367464256286621271e+01 6.472811698913574219e-01 0.000000000000000000e+00 0.000000000000000000e+00 0.000000000000000000e+00 1.000000000000000000e+00
1.716364435129757881e+09 6.930080890655517578e+00 -1.373404121398925781e+01 6.463558077812194824e-01 0.000000000000000000e+00 0.000000000000000000e+00 0.000000000000000000e+00 1.000000000000000000e+00
1.716364435180014133e+09 6.904554843902587891e+00 -1.375919246673583984e+01 6.459419727325439453e-01 0.000000000000000000e+00 0.000000000000000000e+00 0.000000000000000000e+00 1.000000000000000000e+00
1.716364435330420971e+09 6.859448432922363281e+00 -1.381968879699707031e+01 6.447778940200805664e-01 0.000000000000000000e+00 0.000000000000000000e+00 0.000000000000000000e+00 1.000000000000000000e+00
1.716364435380710125e+09 6.835609436035156250e+00 -1.384487152099609375e+01 6.443083286285400391e-01 0.000000000000000000e+00 0.000000000000000000e+00 0.000000000000000000e+00 1.000000000000000000e+00
1.716364435430935621e+09 6.788331508636474609e+00 -1.389476585388183594e+01 6.426043510437011719e-01 0.000000000000000000e+00 0.000000000000000000e+00 0.000000000000000000e+00 1.000000000000000000e+00
1.716364435482163429e+09 6.766351699829101562e+00 -1.391989135742187678e+01 6.414721608161926270e-01 0.000000000000000000e+00 0.000000000000000000e+00 0.000000000000000000e+00 1.000000000000000000e+00
1.716364435581751823e+09 6.730979442596436435e+00 -1.398026084899902344e+01 6.393026113510131836e-01 0.000000000000000000e+00 0.000000000000000000e+00 0.000000000000000000e+00 1.000000000000000000e+00
1.716364435632260799e+09 6.711572170257568359e+00 -1.400510215759277166e+01 6.387217640876770020e-01 0.000000000000000000e+00 0.000000000000000000e+00 0.000000000000000000e+00 1.000000000000000000e+00
1.716364435682365656e+09 6.692672252655029297e+00 -1.402968025207519531e+01 6.387381553649902344e-01 0.000000000000000000e+00 0.000000000000000000e+00 0.000000000000000000e+00 1.000000000000000000e+00
1.716364435732651472e+09 6.674534320831298828e+00 -1.405498600006103516e+01 6.393344998359680176e-01 0.000000000000000000e+00 0.000000000000000000e+00 0.000000000000000000e+00 1.000000000000000000e+00
1.716364435832760572e+09 6.644721031188964844e+00 -1.411686992645263672e+01 6.419541835784912109e-01 0.000000000000000000e+00 0.000000000000000000e+00 0.000000000000000000e+00 1.000000000000000000e+00
1.716364435883091688e+09 6.629333019256591797e+00 -1.414532279968261541e+01 6.454041004180908203e-01 0.000000000000000000e+00 0.000000000000000000e+00 0.000000000000000000e+00 1.000000000000000000e+00
1.716364435983606815e+09 6.621991634368896484e+00 -1.418983650207519531e+01 6.484048366546630859e-01 0.000000000000000000e+00 0.000000000000000000e+00 0.000000000000000000e+00 1.000000000000000000e+00
1.716364436335088730e+09 6.558252334594726562e+00 -1.441233444213867188e+01 6.905116438865661621e-01 0.000000000000000000e+00 0.000000000000000000e+00 0.000000000000000000e+00 1.000000000000000000e+00
1.716364436385505199e+09 6.544699668884277344e+00 -1.447318840026855646e+01 7.059419155120849609e-01 0.000000000000000000e+00 0.000000000000000000e+00 0.000000000000000000e+00 1.000000000000000000e+00
1.716364436486361742e+09 6.549472332000732422e+00 -1.452744293212890625e+01 7.132089734077453613e-01 0.000000000000000000e+00 0.000000000000000000e+00 0.000000000000000000e+00 1.000000000000000000e+00
1.716364436586236477e+09 6.539464950561523438e+00 -1.462656402587890625e+01 7.393326163291931152e-01 0.000000000000000000e+00 0.000000000000000000e+00 0.000000000000000000e+00 1.000000000000000000e+00
1.716364436686957836e+09 6.550332546234130859e+00 -1.472330284118652344e+01 7.542738318443298340e-01 0.000000000000000000e+00 0.000000000000000000e+00 0.000000000000000000e+00 1.000000000000000000e+00
1.716364436736930847e+09 6.549964427947998047e+00 -1.475890064239501953e+01 7.620816230773925781e-01 0.000000000000000000e+00 0.000000000000000000e+00 0.000000000000000000e+00 1.000000000000000000e+00
1.716364436837169647e+09 6.548815250396728516e+00 -1.482906627655029119e+01 7.764878869056701660e-01 0.000000000000000000e+00 0.000000000000000000e+00 0.000000000000000000e+00 1.000000000000000000e+00
1.716364436937721968e+09 6.563704967498779297e+00 -1.493464279174804865e+01 7.887402176856994629e-01 0.000000000000000000e+00 0.000000000000000000e+00 0.000000000000000000e+00 1.000000000000000000e+00
1.716364437037988663e+09 6.566682815551757812e+00 -1.501142692565917969e+01 7.995764017105102539e-01 0.000000000000000000e+00 0.000000000000000000e+00 0.000000000000000000e+00 1.000000000000000000e+00
1.716364437088155508e+09 6.567869186401367188e+00 -1.504934501647949219e+01 8.042007088661193848e-01 0.000000000000000000e+00 0.000000000000000000e+00 0.000000000000000000e+00 1.000000000000000000e+00
1.716364437140974045e+09 6.585540771484375000e+00 -1.512362003326416016e+01 8.062870502471923828e-01 0.000000000000000000e+00 0.000000000000000000e+00 0.000000000000000000e+00 1.000000000000000000e+00
1.716364437188874006e+09 6.589159011840820312e+00 -1.516801166534423828e+01 8.091582059860229492e-01 0.000000000000000000e+00 0.000000000000000000e+00 0.000000000000000000e+00 1.000000000000000000e+00
1.716364437288880825e+09 6.594933986663818359e+00 -1.525077152252197266e+01 8.132951855659484863e-01 0.000000000000000000e+00 0.000000000000000000e+00 0.000000000000000000e+00 1.000000000000000000e+00
1.716364437389739037e+09 6.614011287689208984e+00 -1.533081912994384766e+01 8.129345774650573730e-01 0.000000000000000000e+00 0.000000000000000000e+00 0.000000000000000000e+00 1.000000000000000000e+00
1.716364437439736366e+09 6.619279861450195312e+00 -1.541692924499511541e+01 8.158290982246398926e-01 0.000000000000000000e+00 0.000000000000000000e+00 0.000000000000000000e+00 1.000000000000000000e+00
1.716364437489809752e+09 6.621808528900146484e+00 -1.546165466308593750e+01 8.175769448280334473e-01 0.000000000000000000e+00 0.000000000000000000e+00 0.000000000000000000e+00 1.000000000000000000e+00
1.716364437539942741e+09 6.624660015106201172e+00 -1.550622177124023438e+01 8.192260265350341797e-01 0.000000000000000000e+00 0.000000000000000000e+00 0.000000000000000000e+00 1.000000000000000000e+00
1.716364437640279770e+09 6.648205280303955078e+00 -1.564096736907958984e+01 8.215283155441284180e-01 0.000000000000000000e+00 0.000000000000000000e+00 0.000000000000000000e+00 1.000000000000000000e+00
1.716364437690615892e+09 6.650631427764892578e+00 -1.568788051605224609e+01 8.240689039230346680e-01 0.000000000000000000e+00 0.000000000000000000e+00 0.000000000000000000e+00 1.000000000000000000e+00
1.716364437740787983e+09 6.653519630432128906e+00 -1.573458290100097656e+01 8.266866803169250488e-01 0.000000000000000000e+00 0.000000000000000000e+00 0.000000000000000000e+00 1.000000000000000000e+00
1.716364437891739368e+09 6.681576251983642578e+00 -1.592402744293212713e+01 8.358911275863647461e-01 0.000000000000000000e+00 0.000000000000000000e+00 0.000000000000000000e+00 1.000000000000000000e+00
1.716364437941826582e+09 6.684781551361083984e+00 -1.597385311126708984e+01 8.402146100997924805e-01 0.000000000000000000e+00 0.000000000000000000e+00 0.000000000000000000e+00 1.000000000000000000e+00
1.716364438042040825e+09 6.713167667388916016e+00 -1.612384033203125000e+01 8.469771146774291992e-01 0.000000000000000000e+00 0.000000000000000000e+00 0.000000000000000000e+00 1.000000000000000000e+00
1.716364438092364311e+09 6.718014240264892578e+00 -1.617943763732910156e+01 8.514760732650756836e-01 0.000000000000000000e+00 0.000000000000000000e+00 0.000000000000000000e+00 1.000000000000000000e+00
1.716364438192805290e+09 6.726042747497558594e+00 -1.628478050231933594e+01 8.609424829483032227e-01 0.000000000000000000e+00 0.000000000000000000e+00 0.000000000000000000e+00 1.000000000000000000e+00
1.716364438243028164e+09 6.748432636260986328e+00 -1.638282394409179688e+01 8.641889691352844238e-01 0.000000000000000000e+00 0.000000000000000000e+00 0.000000000000000000e+00 1.000000000000000000e+00
1.716364438293447018e+09 6.751346588134765625e+00 -1.643375587463378906e+01 8.694640398025512695e-01 0.000000000000000000e+00 0.000000000000000000e+00 0.000000000000000000e+00 1.000000000000000000e+00
1.716364438394113302e+09 6.759352684020996094e+00 -1.653900527954101562e+01 8.803443312644958496e-01 0.000000000000000000e+00 0.000000000000000000e+00 0.000000000000000000e+00 1.000000000000000000e+00
1.716364438494004488e+09 6.781111717224121094e+00 -1.663620376586914062e+01 8.851253986358642578e-01 0.000000000000000000e+00 0.000000000000000000e+00 0.000000000000000000e+00 1.000000000000000000e+00
1.716364438544293642e+09 6.788251876831054688e+00 -1.674070167541503906e+01 8.985727429389953613e-01 0.000000000000000000e+00 0.000000000000000000e+00 0.000000000000000000e+00 1.000000000000000000e+00
1.716364438594547987e+09 6.791519641876220703e+00 -1.679144287109375000e+01 9.058836698532104492e-01 0.000000000000000000e+00 0.000000000000000000e+00 0.000000000000000000e+00 1.000000000000000000e+00
1.716364438695059538e+09 6.815064907073974609e+00 -1.688785743713378906e+01 9.111362099647521973e-01 0.000000000000000000e+00 0.000000000000000000e+00 0.000000000000000000e+00 1.000000000000000000e+00
1.716364438745013475e+09 6.822206020355224609e+00 -1.698795890808105469e+01 9.268002510070799671e-01 0.000000000000000000e+00 0.000000000000000000e+00 0.000000000000000000e+00 1.000000000000000000e+00
1.716364438795346975e+09 6.825961589813232422e+00 -1.703737449645996094e+01 9.348549842834471546e-01 0.000000000000000000e+00 0.000000000000000000e+00 0.000000000000000000e+00 1.000000000000000000e+00
1.716364438845483065e+09 6.829863548278808594e+00 -1.708564758300781250e+01 9.432708024978637695e-01 0.000000000000000000e+00 0.000000000000000000e+00 0.000000000000000000e+00 1.000000000000000000e+00
1.716364438945743799e+09 6.851419448852539062e+00 -1.717852401733398438e+01 9.504566192626952015e-01 0.000000000000000000e+00 0.000000000000000000e+00 0.000000000000000000e+00 1.000000000000000000e+00
1.716364438996546268e+09 6.861091136932373047e+00 -1.727643394470214844e+01 9.686376452445983887e-01 0.000000000000000000e+00 0.000000000000000000e+00 0.000000000000000000e+00 1.000000000000000000e+00
1.716364439046146631e+09 6.882008552551269531e+00 -1.736417388916015625e+01 9.773030877113342285e-01 0.000000000000000000e+00 0.000000000000000000e+00 0.000000000000000000e+00 1.000000000000000000e+00
1.716364439096307278e+09 6.886932849884033203e+00 -1.741091156005859375e+01 9.867916107177734375e-01 0.000000000000000000e+00 0.000000000000000000e+00 0.000000000000000000e+00 1.000000000000000000e+00
1.716364439146658897e+09 6.892492294311523438e+00 -1.745845985412597656e+01 9.963542222976683460e-01 0.000000000000000000e+00 0.000000000000000000e+00 0.000000000000000000e+00 1.000000000000000000e+00
1.716364439196656942e+09 6.898287773132324219e+00 -1.750480079650878906e+01 1.004993438720703125e+00 0.000000000000000000e+00 0.000000000000000000e+00 0.000000000000000000e+00 1.000000000000000000e+00
1.716364439247004509e+09 6.921104907989501953e+00 -1.759383201599121094e+01 1.011850357055664062e+00 0.000000000000000000e+00 0.000000000000000000e+00 0.000000000000000000e+00 1.000000000000000000e+00
1.716364439297058105e+09 6.928050518035888672e+00 -1.763964653015136719e+01 1.018659353256225586e+00 0.000000000000000000e+00 0.000000000000000000e+00 0.000000000000000000e+00 1.000000000000000000e+00
1.716364439347351551e+09 6.934192657470703125e+00 -1.768468666076660156e+01 1.025160789489746094e+00 0.000000000000000000e+00 0.000000000000000000e+00 0.000000000000000000e+00 1.000000000000000000e+00
1.716364439397542715e+09 6.941939830780029297e+00 -1.773013877868652344e+01 1.030749201774597168e+00 0.000000000000000000e+00 0.000000000000000000e+00 0.000000000000000000e+00 1.000000000000000000e+00
1.716364439497921467e+09 6.974371910095214844e+00 -1.786374664306640625e+01 1.039704322814941406e+00 0.000000000000000000e+00 0.000000000000000000e+00 0.000000000000000000e+00 1.000000000000000000e+00
1.716364439548118591e+09 6.982978820800781250e+00 -1.790988540649414062e+01 1.044113516807556152e+00 0.000000000000000000e+00 0.000000000000000000e+00 0.000000000000000000e+00 1.000000000000000000e+00
1.716364439598367929e+09 6.991434097290039062e+00 -1.795391654968261719e+01 1.047862172126770020e+00 0.000000000000000000e+00 0.000000000000000000e+00 0.000000000000000000e+00 1.000000000000000000e+00
1.716364439648699045e+09 7.002741336822509766e+00 -1.800433158874511719e+01 1.051013827323913574e+00 0.000000000000000000e+00 0.000000000000000000e+00 0.000000000000000000e+00 1.000000000000000000e+00
1.716364439699109316e+09 7.013825416564941406e+00 -1.805268287658691762e+01 1.054191946983337402e+00 0.000000000000000000e+00 0.000000000000000000e+00 0.000000000000000000e+00 1.000000000000000000e+00
1.716364439748910427e+09 7.042559623718261719e+00 -1.814564132690429688e+01 1.055705070495605691e+00 0.000000000000000000e+00 0.000000000000000000e+00 0.000000000000000000e+00 1.000000000000000000e+00
1.716364439849342823e+09 7.052981853485107422e+00 -1.819206809997558238e+01 1.057665467262268066e+00 0.000000000000000000e+00 0.000000000000000000e+00 0.000000000000000000e+00 1.000000000000000000e+00
1.716364439899349689e+09 7.064394950866699219e+00 -1.824130630493164062e+01 1.058729767799377441e+00 0.000000000000000000e+00 0.000000000000000000e+00 0.000000000000000000e+00 1.000000000000000000e+00
1.716364439949516058e+09 7.086057186126708984e+00 -1.833696174621582031e+01 1.059028863906860352e+00 0.000000000000000000e+00 0.000000000000000000e+00 0.000000000000000000e+00 1.000000000000000000e+00
1.716364440049844980e+09 7.113592624664306641e+00 -1.842814254760742543e+01 1.056986331939697266e+00 0.000000000000000000e+00 0.000000000000000000e+00 0.000000000000000000e+00 1.000000000000000000e+00
1.716364440101290226e+09 7.136261463165283203e+00 -1.852437973022460938e+01 1.053536176681518555e+00 0.000000000000000000e+00 0.000000000000000000e+00 0.000000000000000000e+00 1.000000000000000000e+00
1.716364440150876999e+09 7.147136688232421875e+00 -1.857156944274902344e+01 1.050449967384338379e+00 0.000000000000000000e+00 0.000000000000000000e+00 0.000000000000000000e+00 1.000000000000000000e+00
1.716364440250622749e+09 7.177146434783936435e+00 -1.866814994812012074e+01 1.045471429824829102e+00 0.000000000000000000e+00 0.000000000000000000e+00 0.000000000000000000e+00 1.000000000000000000e+00
1.716364440300609589e+09 7.201196670532226562e+00 -1.876912307739257457e+01 1.038999676704406738e+00 0.000000000000000000e+00 0.000000000000000000e+00 0.000000000000000000e+00 1.000000000000000000e+00
1.716364440350870609e+09 7.216807842254638672e+00 -1.882836341857910156e+01 1.033932209014892578e+00 0.000000000000000000e+00 0.000000000000000000e+00 0.000000000000000000e+00 1.000000000000000000e+00
1.716364440401048660e+09 7.244267463684082031e+00 -1.891839981079101562e+01 1.028409004211425781e+00 0.000000000000000000e+00 0.000000000000000000e+00 0.000000000000000000e+00 1.000000000000000000e+00
1.716364440451209307e+09 7.256795406341552734e+00 -1.896919441223144531e+01 1.024142026901245117e+00 0.000000000000000000e+00 0.000000000000000000e+00 0.000000000000000000e+00 1.000000000000000000e+00
1.716364440501439095e+09 7.268342494964599609e+00 -1.901822853088378906e+01 1.020184993743896484e+00 0.000000000000000000e+00 0.000000000000000000e+00 0.000000000000000000e+00 1.000000000000000000e+00
1.716364440551724195e+09 7.280962467193603516e+00 -1.907005691528320312e+01 1.015999674797058105e+00 0.000000000000000000e+00 0.000000000000000000e+00 0.000000000000000000e+00 1.000000000000000000e+00
1.716364440601922274e+09 7.312106132507324219e+00 -1.917046737670898438e+01 1.011121630668639915e+00 0.000000000000000000e+00 0.000000000000000000e+00 0.000000000000000000e+00 1.000000000000000000e+00
1.716364440652113914e+09 7.326120853424072266e+00 -1.922284126281738281e+01 1.007498383522033691e+00 0.000000000000000000e+00 0.000000000000000000e+00 0.000000000000000000e+00 1.000000000000000000e+00
1.716364440702274799e+09 7.340070724487304688e+00 -1.927524375915527699e+01 1.004066944122314453e+00 0.000000000000000000e+00 0.000000000000000000e+00 0.000000000000000000e+00 1.000000000000000000e+00
1.716364440752776384e+09 7.354139804840087891e+00 -1.932760429382323863e+01 1.000829696655273438e+00 0.000000000000000000e+00 0.000000000000000000e+00 0.000000000000000000e+00 1.000000000000000000e+00
1.716364440853095531e+09 7.402323246002197266e+00 -1.948244667053222656e+01 9.928472638130187988e-01 0.000000000000000000e+00 0.000000000000000000e+00 0.000000000000000000e+00 1.000000000000000000e+00
1.716364440903987646e+09 7.416567802429199219e+00 -1.953368949890136719e+01 9.906066656112672009e-01 0.000000000000000000e+00 0.000000000000000000e+00 0.000000000000000000e+00 1.000000000000000000e+00
1.716364440953355312e+09 7.432336330413818359e+00 -1.958754539489746094e+01 9.876865744590760388e-01 0.000000000000000000e+00 0.000000000000000000e+00 0.000000000000000000e+00 1.000000000000000000e+00
1.716364441053967953e+09 7.483288764953613281e+00 -1.974136543273925426e+01 9.811503887176513672e-01 0.000000000000000000e+00 0.000000000000000000e+00 0.000000000000000000e+00 1.000000000000000000e+00
1.716364441104165792e+09 7.498989105224609375e+00 -1.979204940795898438e+01 9.787937402725219727e-01 0.000000000000000000e+00 0.000000000000000000e+00 0.000000000000000000e+00 1.000000000000000000e+00
1.716364441154675484e+09 7.516344070434570312e+00 -1.984534072875976918e+01 9.773949980735779919e-01 0.000000000000000000e+00 0.000000000000000000e+00 0.000000000000000000e+00 1.000000000000000000e+00
1.716364441254771233e+09 7.571949958801268643e+00 -2.000280761718750000e+01 9.734769463539123535e-01 0.000000000000000000e+00 0.000000000000000000e+00 0.000000000000000000e+00 1.000000000000000000e+00
1.716364441304855585e+09 7.590819835662841797e+00 -2.005661773681640625e+01 9.730796217918395996e-01 0.000000000000000000e+00 0.000000000000000000e+00 0.000000000000000000e+00 1.000000000000000000e+00
1.716364441355182886e+09 7.609160900115966797e+00 -2.010741996765136719e+01 9.726296067237854004e-01 0.000000000000000000e+00 0.000000000000000000e+00 0.000000000000000000e+00 1.000000000000000000e+00
1.716364441455589056e+09 7.647891044616699219e+00 -2.021041488647460938e+01 9.728971123695373535e-01 0.000000000000000000e+00 0.000000000000000000e+00 0.000000000000000000e+00 1.000000000000000000e+00
1.716364441505854130e+09 7.688784122467041016e+00 -2.031575965881348012e+01 9.715413451194764294e-01 0.000000000000000000e+00 0.000000000000000000e+00 0.000000000000000000e+00 1.000000000000000000e+00
1.716364441606203556e+09 7.729836463928222656e+00 -2.041575622558593750e+01 9.725856184959411621e-01 0.000000000000000000e+00 0.000000000000000000e+00 0.000000000000000000e+00 1.000000000000000000e+00
1.716364441656661987e+09 7.752055168151854581e+00 -2.046833610534667969e+01 9.736559987068176270e-01 0.000000000000000000e+00 0.000000000000000000e+00 0.000000000000000000e+00 1.000000000000000000e+00
1.716364441706685066e+09 7.774730205535888672e+00 -2.051753234863280895e+01 9.747244119644163929e-01 0.000000000000000000e+00 0.000000000000000000e+00 0.000000000000000000e+00 1.000000000000000000e+00
1.716364441807121992e+09 7.817519664764404297e+00 -2.062220001220703125e+01 9.751324057579040527e-01 0.000000000000000000e+00 0.000000000000000000e+00 0.000000000000000000e+00 1.000000000000000000e+00
1.716364441907454014e+09 7.889137268066406250e+00 -2.077599906921386719e+01 9.821355342864990234e-01 0.000000000000000000e+00 0.000000000000000000e+00 0.000000000000000000e+00 1.000000000000000000e+00
1.716364441957812309e+09 7.931771278381347656e+00 -2.087434768676757457e+01 9.844989776611328125e-01 0.000000000000000000e+00 0.000000000000000000e+00 0.000000000000000000e+00 1.000000000000000000e+00
1.716364442008369446e+09 7.957224845886230469e+00 -2.092572975158691762e+01 9.871398210525511585e-01 0.000000000000000000e+00 0.000000000000000000e+00 0.000000000000000000e+00 1.000000000000000000e+00
1.716364442058313131e+09 7.983021736145019531e+00 -2.097699546813964844e+01 9.905079007148743786e-01 0.000000000000000000e+00 0.000000000000000000e+00 0.000000000000000000e+00 1.000000000000000000e+00
1.716364442108219385e+09 8.032549858093261719e+00 -2.107281684875488281e+01 9.974782466888427734e-01 0.000000000000000000e+00 0.000000000000000000e+00 0.000000000000000000e+00 1.000000000000000000e+00
1.716364442208799601e+09 8.077374458312988281e+00 -2.117246627807616832e+01 1.000114321708679199e+00 0.000000000000000000e+00 0.000000000000000000e+00 0.000000000000000000e+00 1.000000000000000000e+00
1.716364442258924484e+09 8.103163719177246094e+00 -2.122052192687988281e+01 1.003977179527282715e+00 0.000000000000000000e+00 0.000000000000000000e+00 0.000000000000000000e+00 1.000000000000000000e+00
1.716364442359668016e+09 8.176740646362304688e+00 -2.137356185913085938e+01 1.012952685356139915e+00 0.000000000000000000e+00 0.000000000000000000e+00 0.000000000000000000e+00 1.000000000000000000e+00
1.716364442410044432e+09 8.203280448913574219e+00 -2.142242050170898438e+01 1.018225431442260742e+00 0.000000000000000000e+00 0.000000000000000000e+00 0.000000000000000000e+00 1.000000000000000000e+00
1.716364442510547876e+09 8.257985115051269531e+00 -2.152060890197753906e+01 1.030419945716857910e+00 0.000000000000000000e+00 0.000000000000000000e+00 0.000000000000000000e+00 1.000000000000000000e+00
1.716364442560439348e+09 8.284912109375000000e+00 -2.156934547424316406e+01 1.037637948989868164e+00 0.000000000000000000e+00 0.000000000000000000e+00 0.000000000000000000e+00 1.000000000000000000e+00
1.716364442610542774e+09 8.312648773193359375e+00 -2.161882781982421875e+01 1.044439911842346191e+00 0.000000000000000000e+00 0.000000000000000000e+00 0.000000000000000000e+00 1.000000000000000000e+00
1.716364442711037159e+09 8.361750602722167969e+00 -2.172436714172363637e+01 1.050389885902404785e+00 0.000000000000000000e+00 0.000000000000000000e+00 0.000000000000000000e+00 1.000000000000000000e+00
1.716364442761153936e+09 8.417523384094238281e+00 -2.182428359985351918e+01 1.065214514732360840e+00 0.000000000000000000e+00 0.000000000000000000e+00 0.000000000000000000e+00 1.000000000000000000e+00
1.716364442813379288e+09 8.445888519287109375e+00 -2.187351799011230469e+01 1.073022246360778809e+00 0.000000000000000000e+00 0.000000000000000000e+00 0.000000000000000000e+00 1.000000000000000000e+00
1.716364442911622763e+09 8.524369239807128906e+00 -2.202790832519531250e+01 1.089466691017150879e+00 0.000000000000000000e+00 0.000000000000000000e+00 0.000000000000000000e+00 1.000000000000000000e+00
1.716364442961907864e+09 8.553428649902343750e+00 -2.208113861083984375e+01 1.096936225891113281e+00 0.000000000000000000e+00 0.000000000000000000e+00 0.000000000000000000e+00 1.000000000000000000e+00
1.716364443012204885e+09 8.581310272216796875e+00 -2.213162422180176137e+01 1.105899333953857422e+00 0.000000000000000000e+00 0.000000000000000000e+00 0.000000000000000000e+00 1.000000000000000000e+00
1.716364443062377930e+09 8.630577087402343750e+00 -2.223494911193848012e+01 1.114573001861572488e+00 0.000000000000000000e+00 0.000000000000000000e+00 0.000000000000000000e+00 1.000000000000000000e+00
1.716364443112361193e+09 8.660177230834960938e+00 -2.228582954406738281e+01 1.123768329620361106e+00 0.000000000000000000e+00 0.000000000000000000e+00 0.000000000000000000e+00 1.000000000000000000e+00
1.716364443162703991e+09 8.688010215759277344e+00 -2.233417892456054688e+01 1.133501291275024414e+00 0.000000000000000000e+00 0.000000000000000000e+00 0.000000000000000000e+00 1.000000000000000000e+00
1.716364443212861300e+09 8.716350555419921875e+00 -2.238446807861328125e+01 1.143243312835693359e+00 0.000000000000000000e+00 0.000000000000000000e+00 0.000000000000000000e+00 1.000000000000000000e+00
1.716364443263314247e+09 8.765016555786132812e+00 -2.248799896240234375e+01 1.152143836021423118e+00 0.000000000000000000e+00 0.000000000000000000e+00 0.000000000000000000e+00 1.000000000000000000e+00
1.716364443313313961e+09 8.792830467224121094e+00 -2.253849220275878906e+01 1.162855148315429688e+00 0.000000000000000000e+00 0.000000000000000000e+00 0.000000000000000000e+00 1.000000000000000000e+00
1.716364443363587856e+09 8.820087432861328125e+00 -2.258812141418457031e+01 1.173637151718139648e+00 0.000000000000000000e+00 0.000000000000000000e+00 0.000000000000000000e+00 1.000000000000000000e+00
1.716364443413679123e+09 8.847521781921386719e+00 -2.263874816894531250e+01 1.184492468833923118e+00 0.000000000000000000e+00 0.000000000000000000e+00 0.000000000000000000e+00 1.000000000000000000e+00
1.716364443463815451e+09 8.874665260314941406e+00 -2.269055557250976918e+01 1.195393800735473633e+00 0.000000000000000000e+00 0.000000000000000000e+00 0.000000000000000000e+00 1.000000000000000000e+00
1.716364443564435959e+09 8.920884132385253906e+00 -2.279394912719726562e+01 1.205803275108337402e+00 0.000000000000000000e+00 0.000000000000000000e+00 0.000000000000000000e+00 1.000000000000000000e+00
1.716364443614507914e+09 8.968201637268066406e+00 -2.289380836486816406e+01 1.227319121360778809e+00 0.000000000000000000e+00 0.000000000000000000e+00 0.000000000000000000e+00 1.000000000000000000e+00
1.716364443664704800e+09 8.990377426147460938e+00 -2.294215583801269176e+01 1.237568974494934082e+00 0.000000000000000000e+00 0.000000000000000000e+00 0.000000000000000000e+00 1.000000000000000000e+00
1.716364443766007185e+09 9.051624298095703125e+00 -2.308696746826171875e+01 1.255444884300231934e+00 0.000000000000000000e+00 0.000000000000000000e+00 0.000000000000000000e+00 1.000000000000000000e+00
1.716364443815479755e+09 9.070803642272949219e+00 -2.313322639465332031e+01 1.262883305549621582e+00 0.000000000000000000e+00 0.000000000000000000e+00 0.000000000000000000e+00 1.000000000000000000e+00
1.716364443865617990e+09 9.090557098388671875e+00 -2.318139076232910156e+01 1.268603324890136719e+00 0.000000000000000000e+00 0.000000000000000000e+00 0.000000000000000000e+00 1.000000000000000000e+00
1.716364443966544867e+09 9.143215179443359375e+00 -2.331548881530761719e+01 1.275989532470703125e+00 0.000000000000000000e+00 0.000000000000000000e+00 0.000000000000000000e+00 1.000000000000000000e+00
1.716364444016450644e+09 9.158966064453123224e+00 -2.335981369018554688e+01 1.277768492698669434e+00 0.000000000000000000e+00 0.000000000000000000e+00 0.000000000000000000e+00 1.000000000000000000e+00
1.716364444066357136e+09 9.174477577209472656e+00 -2.340636634826660156e+01 1.277724266052246094e+00 0.000000000000000000e+00 0.000000000000000000e+00 0.000000000000000000e+00 1.000000000000000000e+00
1.716364444116545677e+09 9.189272880554199219e+00 -2.345211791992187500e+01 1.277056813240051270e+00 0.000000000000000000e+00 0.000000000000000000e+00 0.000000000000000000e+00 1.000000000000000000e+00
1.716364444167058706e+09 9.218118667602540839e+00 -2.353853416442871094e+01 1.274662256240844727e+00 0.000000000000000000e+00 0.000000000000000000e+00 0.000000000000000000e+00 1.000000000000000000e+00
1.716364444217038870e+09 9.231225967407228339e+00 -2.358277130126953125e+01 1.271079063415527122e+00 0.000000000000000000e+00 0.000000000000000000e+00 0.000000000000000000e+00 1.000000000000000000e+00
1.716364444267371893e+09 9.245018959045410156e+00 -2.363103294372558238e+01 1.267080307006835938e+00 0.000000000000000000e+00 0.000000000000000000e+00 0.000000000000000000e+00 1.000000000000000000e+00
1.716364444317724943e+09 9.271398544311523438e+00 -2.371409988403320312e+01 1.263137340545654297e+00 0.000000000000000000e+00 0.000000000000000000e+00 0.000000000000000000e+00 1.000000000000000000e+00
1.716364444368188143e+09 9.283464431762695312e+00 -2.376304054260253906e+01 1.259931564331054910e+00 0.000000000000000000e+00 0.000000000000000000e+00 0.000000000000000000e+00 1.000000000000000000e+00
1.716364444418181896e+09 9.291510581970216620e+00 -2.380386734008789062e+01 1.254865646362304910e+00 0.000000000000000000e+00 0.000000000000000000e+00 0.000000000000000000e+00 1.000000000000000000e+00
1.716364444468199015e+09 9.298869132995603692e+00 -2.384281921386718750e+01 1.250507950782776101e+00 0.000000000000000000e+00 0.000000000000000000e+00 0.000000000000000000e+00 1.000000000000000000e+00
1.716364444518297672e+09 9.312844276428224433e+00 -2.392207717895508168e+01 1.241738319396972878e+00 0.000000000000000000e+00 0.000000000000000000e+00 0.000000000000000000e+00 1.000000000000000000e+00
1.716364444618656874e+09 9.334395408630372870e+00 -2.399948692321777344e+01 1.236628532409667969e+00 0.000000000000000000e+00 0.000000000000000000e+00 0.000000000000000000e+00 1.000000000000000000e+00
1.716364444668761015e+09 9.339824676513671875e+00 -2.403810691833496094e+01 1.232508301734924316e+00 0.000000000000000000e+00 0.000000000000000000e+00 0.000000000000000000e+00 1.000000000000000000e+00
1.716364444769281864e+09 9.350983619689939630e+00 -2.411843109130859730e+01 1.223861455917358398e+00 0.000000000000000000e+00 0.000000000000000000e+00 0.000000000000000000e+00 1.000000000000000000e+00
1.716364444869709015e+09 9.370028495788574219e+00 -2.419358062744140625e+01 1.218858361244201660e+00 0.000000000000000000e+00 0.000000000000000000e+00 0.000000000000000000e+00 1.000000000000000000e+00
1.716364444919694185e+09 9.387707710266111505e+00 -2.431310844421386719e+01 1.204666256904602051e+00 0.000000000000000000e+00 0.000000000000000000e+00 0.000000000000000000e+00 1.000000000000000000e+00
1.716364445070860147e+09 9.412517547607421875e+00 -2.442239952087402344e+01 1.194373250007629395e+00 0.000000000000000000e+00 0.000000000000000000e+00 0.000000000000000000e+00 1.000000000000000000e+00
1.716364445120654106e+09 9.419867515563964844e+00 -2.446130371093750000e+01 1.189211249351501687e+00 0.000000000000000000e+00 0.000000000000000000e+00 0.000000000000000000e+00 1.000000000000000000e+00
1.716364445170749187e+09 9.434866905212402344e+00 -2.453682899475097656e+01 1.177612304687500000e+00 0.000000000000000000e+00 0.000000000000000000e+00 0.000000000000000000e+00 1.000000000000000000e+00
1.716364445271647215e+09 9.456019401550291192e+00 -2.460897445678710938e+01 1.171253681182861106e+00 0.000000000000000000e+00 0.000000000000000000e+00 0.000000000000000000e+00 1.000000000000000000e+00
1.716364445321774244e+09 9.464384078979492188e+00 -2.464746665954589844e+01 1.165313839912414551e+00 0.000000000000000000e+00 0.000000000000000000e+00 0.000000000000000000e+00 1.000000000000000000e+00
1.716364445373555422e+09 9.473017692565917969e+00 -2.468585968017578125e+01 1.159795045852661133e+00 0.000000000000000000e+00 0.000000000000000000e+00 0.000000000000000000e+00 1.000000000000000000e+00
1.716364445422231913e+09 9.481297492980955255e+00 -2.472330093383789062e+01 1.153237104415893555e+00 0.000000000000000000e+00 0.000000000000000000e+00 0.000000000000000000e+00 1.000000000000000000e+00
1.716364445472454548e+09 9.503834724426269531e+00 -2.479597091674804688e+01 1.146428585052490234e+00 0.000000000000000000e+00 0.000000000000000000e+00 0.000000000000000000e+00 1.000000000000000000e+00
1.716364445522746325e+09 9.514095306396484375e+00 -2.483265876770019531e+01 1.140719652175903098e+00 0.000000000000000000e+00 0.000000000000000000e+00 0.000000000000000000e+00 1.000000000000000000e+00
1.716364445572996616e+09 9.535810470581056464e+00 -2.490556335449218750e+01 1.128498077392577903e+00 0.000000000000000000e+00 0.000000000000000000e+00 0.000000000000000000e+00 1.000000000000000000e+00
1.716364445674729824e+09 9.560851097106933594e+00 -2.497619247436523438e+01 1.121490359306335449e+00 0.000000000000000000e+00 0.000000000000000000e+00 0.000000000000000000e+00 1.000000000000000000e+00
1.716364445723777533e+09 9.586669921875000000e+00 -2.505179595947265625e+01 1.109092593193054199e+00 0.000000000000000000e+00 0.000000000000000000e+00 0.000000000000000000e+00 1.000000000000000000e+00
1.716364445824167013e+09 9.598844528198242188e+00 -2.508773803710937145e+01 1.103053569793701172e+00 0.000000000000000000e+00 0.000000000000000000e+00 0.000000000000000000e+00 1.000000000000000000e+00
1.716364445874467850e+09 9.625123977661132812e+00 -2.516110420227050781e+01 1.096330523490905762e+00 0.000000000000000000e+00 0.000000000000000000e+00 0.000000000000000000e+00 1.000000000000000000e+00
1.716364445924654007e+09 9.638105392456056464e+00 -2.519779777526855469e+01 1.089779734611511230e+00 0.000000000000000000e+00 0.000000000000000000e+00 0.000000000000000000e+00 1.000000000000000000e+00
1.716364445974898100e+09 9.664168357849119317e+00 -2.527008628845214844e+01 1.077532649040222168e+00 0.000000000000000000e+00 0.000000000000000000e+00 0.000000000000000000e+00 1.000000000000000000e+00
1.716364446025071383e+09 9.678592681884765625e+00 -2.530835914611816406e+01 1.070539712905883789e+00 0.000000000000000000e+00 0.000000000000000000e+00 0.000000000000000000e+00 1.000000000000000000e+00
1.716364446125552654e+09 9.721205711364746094e+00 -2.542031478881835938e+01 1.056021809577941895e+00 0.000000000000000000e+00 0.000000000000000000e+00 0.000000000000000000e+00 1.000000000000000000e+00
1.716364446175714493e+09 9.735409736633300781e+00 -2.545653152465820312e+01 1.049377560615539551e+00 0.000000000000000000e+00 0.000000000000000000e+00 0.000000000000000000e+00 1.000000000000000000e+00
1.716364446225876808e+09 9.750612258911132812e+00 -2.549448585510253906e+01 1.041614294052124023e+00 0.000000000000000000e+00 0.000000000000000000e+00 0.000000000000000000e+00 1.000000000000000000e+00
1.716364446275930882e+09 9.766947746276855469e+00 -2.553414344787597656e+01 1.033652544021606445e+00 0.000000000000000000e+00 0.000000000000000000e+00 0.000000000000000000e+00 1.000000000000000000e+00
1.716364446376573324e+09 9.811465263366699219e+00 -2.564425468444823863e+01 1.017439961433410645e+00 0.000000000000000000e+00 0.000000000000000000e+00 0.000000000000000000e+00 1.000000000000000000e+00
1.716364446426742554e+09 9.826974868774414062e+00 -2.568101692199707031e+01 1.009914636611938477e+00 0.000000000000000000e+00 0.000000000000000000e+00 0.000000000000000000e+00 1.000000000000000000e+00
1.716364446527032137e+09 9.856143951416015625e+00 -2.575321006774902344e+01 1.000498175621032715e+00 0.000000000000000000e+00 0.000000000000000000e+00 0.000000000000000000e+00 1.000000000000000000e+00
1.716364446577272177e+09 9.871881484985351562e+00 -2.579096031188964844e+01 9.934377670288085938e-01 0.000000000000000000e+00 0.000000000000000000e+00 0.000000000000000000e+00 1.000000000000000000e+00
1.716364446627512932e+09 9.887038230895996094e+00 -2.582680702209472656e+01 9.871644973754883923e-01 0.000000000000000000e+00 0.000000000000000000e+00 0.000000000000000000e+00 1.000000000000000000e+00
1.716364446677840233e+09 9.903793334960937500e+00 -2.586523246765136719e+01 9.799098968505860485e-01 0.000000000000000000e+00 0.000000000000000000e+00 0.000000000000000000e+00 1.000000000000000000e+00
1.716364446728255510e+09 9.936160087585449219e+00 -2.593934631347655895e+01 9.675065279006958008e-01 0.000000000000000000e+00 0.000000000000000000e+00 0.000000000000000000e+00 1.000000000000000000e+00
1.716364446828380108e+09 9.966340065002439630e+00 -2.601335334777832031e+01 9.617184400558471680e-01 0.000000000000000000e+00 0.000000000000000000e+00 0.000000000000000000e+00 1.000000000000000000e+00
1.716364446879090786e+09 9.982268333435060370e+00 -2.605107688903808949e+01 9.573636054992675781e-01 0.000000000000000000e+00 0.000000000000000000e+00 0.000000000000000000e+00 1.000000000000000000e+00
1.716364446929167032e+09 1.001397895812988459e+01 -2.612659072875976918e+01 9.491472840309144177e-01 0.000000000000000000e+00 0.000000000000000000e+00 0.000000000000000000e+00 1.000000000000000000e+00
1.716364447029540062e+09 1.004351234436035156e+01 -2.619980430603027699e+01 9.449696540832519531e-01 0.000000000000000000e+00 0.000000000000000000e+00 0.000000000000000000e+00 1.000000000000000000e+00
1.716364447079679966e+09 1.007394409179687678e+01 -2.627695655822753906e+01 9.406368136405943714e-01 0.000000000000000000e+00 0.000000000000000000e+00 0.000000000000000000e+00 1.000000000000000000e+00
1.716364447129898548e+09 1.008770179748535156e+01 -2.631450843811035156e+01 9.396527409553527832e-01 0.000000000000000000e+00 0.000000000000000000e+00 0.000000000000000000e+00 1.000000000000000000e+00
1.716364447230392218e+09 1.011783885955810369e+01 -2.639611625671386719e+01 9.381938576698304333e-01 0.000000000000000000e+00 0.000000000000000000e+00 0.000000000000000000e+00 1.000000000000000000e+00
1.716364447330584526e+09 1.014441490173339844e+01 -2.647591209411621094e+01 9.385648965835572399e-01 0.000000000000000000e+00 0.000000000000000000e+00 0.000000000000000000e+00 1.000000000000000000e+00
1.716364447381134033e+09 1.016942214965820312e+01 -2.655630302429199219e+01 9.386345744132995605e-01 0.000000000000000000e+00 0.000000000000000000e+00 0.000000000000000000e+00 1.000000000000000000e+00
1.716364447481366158e+09 1.019651794433593750e+01 -2.663588714599609375e+01 9.384015798568725586e-01 0.000000000000000000e+00 0.000000000000000000e+00 0.000000000000000000e+00 1.000000000000000000e+00
1.716364447581575632e+09 1.023124885559082031e+01 -2.675859642028808949e+01 9.382474422454833984e-01 0.000000000000000000e+00 0.000000000000000000e+00 0.000000000000000000e+00 1.000000000000000000e+00
1.716364447682030678e+09 1.025803470611572443e+01 -2.683934783935546875e+01 9.369600415229796253e-01 0.000000000000000000e+00 0.000000000000000000e+00 0.000000000000000000e+00 1.000000000000000000e+00
1.716364447732116938e+09 1.028194618225097656e+01 -2.692337989807128906e+01 9.379130601882935681e-01 0.000000000000000000e+00 0.000000000000000000e+00 0.000000000000000000e+00 1.000000000000000000e+00
1.716364447832547903e+09 1.029400253295898438e+01 -2.696590423583984375e+01 9.389230608940124512e-01 0.000000000000000000e+00 0.000000000000000000e+00 0.000000000000000000e+00 1.000000000000000000e+00
1.716364447882676840e+09 1.032226753234863281e+01 -2.704932785034180043e+01 9.390733838081359863e-01 0.000000000000000000e+00 0.000000000000000000e+00 0.000000000000000000e+00 1.000000000000000000e+00
1.716364447933580875e+09 1.033441066741943359e+01 -2.709074401855468750e+01 9.400300979614257812e-01 0.000000000000000000e+00 0.000000000000000000e+00 0.000000000000000000e+00 1.000000000000000000e+00
1.716364448034067392e+09 1.036062145233154475e+01 -2.717389297485351918e+01 9.408666491508483887e-01 0.000000000000000000e+00 0.000000000000000000e+00 0.000000000000000000e+00 1.000000000000000000e+00
1.716364448083940029e+09 1.039064311981201172e+01 -2.725983619689941051e+01 9.400039315223693848e-01 0.000000000000000000e+00 0.000000000000000000e+00 0.000000000000000000e+00 1.000000000000000000e+00
1.716364448133836508e+09 1.042193508148193359e+01 -2.734526443481445312e+01 9.376233220100403942e-01 0.000000000000000000e+00 0.000000000000000000e+00 0.000000000000000000e+00 1.000000000000000000e+00
1.716364448184227228e+09 1.043750095367431641e+01 -2.738426399230957031e+01 9.364751577377320446e-01 0.000000000000000000e+00 0.000000000000000000e+00 0.000000000000000000e+00 1.000000000000000000e+00
1.716364448234658718e+09 1.045358943939208984e+01 -2.742520332336425426e+01 9.351980090141296387e-01 0.000000000000000000e+00 0.000000000000000000e+00 0.000000000000000000e+00 1.000000000000000000e+00
1.716364448334766865e+09 1.050203514099121271e+01 -2.754686355590820312e+01 9.305557608604432263e-01 0.000000000000000000e+00 0.000000000000000000e+00 0.000000000000000000e+00 1.000000000000000000e+00
1.716364448384835958e+09 1.051982116699218750e+01 -2.758713150024414062e+01 9.282169342041015625e-01 0.000000000000000000e+00 0.000000000000000000e+00 0.000000000000000000e+00 1.000000000000000000e+00
1.716364448435022116e+09 1.053794765472411932e+01 -2.762620735168457031e+01 9.261631965637208141e-01 0.000000000000000000e+00 0.000000000000000000e+00 0.000000000000000000e+00 1.000000000000000000e+00
1.716364448535629749e+09 1.057184886932373047e+01 -2.770312690734863637e+01 9.227653741836547852e-01 0.000000000000000000e+00 0.000000000000000000e+00 0.000000000000000000e+00 1.000000000000000000e+00
1.716364448585877657e+09 1.061045360565185547e+01 -2.777927207946777344e+01 9.169933199882508434e-01 0.000000000000000000e+00 0.000000000000000000e+00 0.000000000000000000e+00 1.000000000000000000e+00
1.716364448635772228e+09 1.063072872161865234e+01 -2.781858444213867188e+01 9.144245982170103870e-01 0.000000000000000000e+00 0.000000000000000000e+00 0.000000000000000000e+00 1.000000000000000000e+00
1.716364448736413479e+09 1.068349838256835938e+01 -2.792999839782714844e+01 9.086843132972716175e-01 0.000000000000000000e+00 0.000000000000000000e+00 0.000000000000000000e+00 1.000000000000000000e+00
1.716364448836741447e+09 1.072235679626464844e+01 -2.800391960144042969e+01 9.040586948394776501e-01 0.000000000000000000e+00 0.000000000000000000e+00 0.000000000000000000e+00 1.000000000000000000e+00
1.716364448937084913e+09 1.075740718841552734e+01 -2.807825279235839844e+01 9.008021354675291859e-01 0.000000000000000000e+00 0.000000000000000000e+00 0.000000000000000000e+00 1.000000000000000000e+00
1.716364448989328861e+09 1.079747390747070312e+01 -2.815065574645996094e+01 8.972690105438232422e-01 0.000000000000000000e+00 0.000000000000000000e+00 0.000000000000000000e+00 1.000000000000000000e+00
1.716364449037548065e+09 1.081620883941650391e+01 -2.818628692626953125e+01 8.957378268241882324e-01 0.000000000000000000e+00 0.000000000000000000e+00 0.000000000000000000e+00 1.000000000000000000e+00
1.716364449138024330e+09 1.085447311401367188e+01 -2.825725555419921875e+01 8.933652639389038086e-01 0.000000000000000000e+00 0.000000000000000000e+00 0.000000000000000000e+00 1.000000000000000000e+00
1.716364449188432455e+09 1.088790035247802734e+01 -2.833009529113769176e+01 8.916907310485839844e-01 0.000000000000000000e+00 0.000000000000000000e+00 0.000000000000000000e+00 1.000000000000000000e+00
1.716364449238322020e+09 1.090666961669922053e+01 -2.836464881896972656e+01 8.905832767486572266e-01 0.000000000000000000e+00 0.000000000000000000e+00 0.000000000000000000e+00 1.000000000000000000e+00
1.716364449288713694e+09 1.092448997497558594e+01 -2.839742088317871094e+01 8.895108699798583984e-01 0.000000000000000000e+00 0.000000000000000000e+00 0.000000000000000000e+00 1.000000000000000000e+00
1.716364449338645458e+09 1.094412517547607422e+01 -2.843486404418945312e+01 8.889400362968444824e-01 0.000000000000000000e+00 0.000000000000000000e+00 0.000000000000000000e+00 1.000000000000000000e+00
1.716364449389473200e+09 1.096123886108398438e+01 -2.846682357788085938e+01 8.871893882751464844e-01 0.000000000000000000e+00 0.000000000000000000e+00 0.000000000000000000e+00 1.000000000000000000e+00
1.716364449489880562e+09 1.100954437255859375e+01 -2.856927871704101562e+01 8.846468925476074219e-01 0.000000000000000000e+00 0.000000000000000000e+00 0.000000000000000000e+00 1.000000000000000000e+00
1.716364449539639235e+09 1.102755355834960938e+01 -2.860626220703125000e+01 8.835214376449584961e-01 0.000000000000000000e+00 0.000000000000000000e+00 0.000000000000000000e+00 1.000000000000000000e+00
1.716364449589833021e+09 1.104433917999267578e+01 -2.863942146301269176e+01 8.820101022720336914e-01 0.000000000000000000e+00 0.000000000000000000e+00 0.000000000000000000e+00 1.000000000000000000e+00
1.716364449639946699e+09 1.106164073944091797e+01 -2.867346572875976918e+01 8.810876011848449707e-01 0.000000000000000000e+00 0.000000000000000000e+00 0.000000000000000000e+00 1.000000000000000000e+00
1.716364449740283251e+09 1.109253883361816406e+01 -2.874191093444823863e+01 8.793213367462158203e-01 0.000000000000000000e+00 0.000000000000000000e+00 0.000000000000000000e+00 1.000000000000000000e+00
1.716364449790729761e+09 1.112472152709960938e+01 -2.880770111083984375e+01 8.768727779388427734e-01 0.000000000000000000e+00 0.000000000000000000e+00 0.000000000000000000e+00 1.000000000000000000e+00
1.716364449840555668e+09 1.114149284362792969e+01 -2.884086799621582031e+01 8.755975961685180664e-01 0.000000000000000000e+00 0.000000000000000000e+00 0.000000000000000000e+00 1.000000000000000000e+00
1.716364449890608549e+09 1.115620899200439631e+01 -2.887054824829101562e+01 8.746645450592041016e-01 0.000000000000000000e+00 0.000000000000000000e+00 0.000000000000000000e+00 1.000000000000000000e+00
1.716364449942255020e+09 1.118269824981689631e+01 -2.893211746215820312e+01 8.729892969131469727e-01 0.000000000000000000e+00 0.000000000000000000e+00 0.000000000000000000e+00 1.000000000000000000e+00
1.716364449991124153e+09 1.119667339324951172e+01 -2.896102905273437145e+01 8.729047775268554688e-01 0.000000000000000000e+00 0.000000000000000000e+00 0.000000000000000000e+00 1.000000000000000000e+00
1.716364450091453791e+09 1.122580814361572443e+01 -2.902157402038574574e+01 8.711177110671997070e-01 0.000000000000000000e+00 0.000000000000000000e+00 0.000000000000000000e+00 1.000000000000000000e+00
1.716364450141599178e+09 1.125130844116210938e+01 -2.908139228820800781e+01 8.700024485588073730e-01 0.000000000000000000e+00 0.000000000000000000e+00 0.000000000000000000e+00 1.000000000000000000e+00
1.716364450191779613e+09 1.126552486419677557e+01 -2.911127853393554688e+01 8.698000907897949219e-01 0.000000000000000000e+00 0.000000000000000000e+00 0.000000000000000000e+00 1.000000000000000000e+00
1.716364450242851496e+09 1.127912712097167969e+01 -2.914031791687012074e+01 8.690375685691833496e-01 0.000000000000000000e+00 0.000000000000000000e+00 0.000000000000000000e+00 1.000000000000000000e+00
1.716364450342510939e+09 1.130585384368896484e+01 -2.919645309448242543e+01 8.683470487594604492e-01 0.000000000000000000e+00 0.000000000000000000e+00 0.000000000000000000e+00 1.000000000000000000e+00
1.716364450392629385e+09 1.133008193969726562e+01 -2.925247573852539062e+01 8.673248887062072754e-01 0.000000000000000000e+00 0.000000000000000000e+00 0.000000000000000000e+00 1.000000000000000000e+00
1.716364450444195032e+09 1.134346103668212713e+01 -2.928053474426269176e+01 8.668418526649475098e-01 0.000000000000000000e+00 0.000000000000000000e+00 0.000000000000000000e+00 1.000000000000000000e+00
1.716364450543265820e+09 1.136873626708984375e+01 -2.933509826660155895e+01 8.667649030685424805e-01 0.000000000000000000e+00 0.000000000000000000e+00 0.000000000000000000e+00 1.000000000000000000e+00
1.716364450593505621e+09 1.139277744293212713e+01 -2.939118957519531250e+01 8.655953407287597656e-01 0.000000000000000000e+00 0.000000000000000000e+00 0.000000000000000000e+00 1.000000000000000000e+00
1.716364450643708229e+09 1.140519237518310369e+01 -2.941748237609863637e+01 8.654544949531555176e-01 0.000000000000000000e+00 0.000000000000000000e+00 0.000000000000000000e+00 1.000000000000000000e+00
1.716364450744463921e+09 1.143147945404052734e+01 -2.947058486938476918e+01 8.655944466590881348e-01 0.000000000000000000e+00 0.000000000000000000e+00 0.000000000000000000e+00 1.000000000000000000e+00
1.716364450795304298e+09 1.145491313934326172e+01 -2.952586364746093750e+01 8.656842708587646484e-01 0.000000000000000000e+00 0.000000000000000000e+00 0.000000000000000000e+00 1.000000000000000000e+00
1.716364450844920158e+09 1.146730422973632812e+01 -2.955218505859375000e+01 8.665000796318054199e-01 0.000000000000000000e+00 0.000000000000000000e+00 0.000000000000000000e+00 1.000000000000000000e+00
1.716364450894988775e+09 1.147881984710693359e+01 -2.957777404785155895e+01 8.673617839813232422e-01 0.000000000000000000e+00 0.000000000000000000e+00 0.000000000000000000e+00 1.000000000000000000e+00
1.716364451095680952e+09 1.153747081756591797e+01 -2.971501350402832031e+01 8.743670582771301270e-01 0.000000000000000000e+00 0.000000000000000000e+00 0.000000000000000000e+00 1.000000000000000000e+00
1.716364451145996332e+09 1.155021381378173828e+01 -2.974338150024414062e+01 8.770748972892761230e-01 0.000000000000000000e+00 0.000000000000000000e+00 0.000000000000000000e+00 1.000000000000000000e+00
1.716364451196111441e+09 1.156243896484375000e+01 -2.977089309692382812e+01 8.806187510490417480e-01 0.000000000000000000e+00 0.000000000000000000e+00 0.000000000000000000e+00 1.000000000000000000e+00
1.716364451296495914e+09 1.159617424011230469e+01 -2.985451126098632812e+01 8.882818222045898438e-01 0.000000000000000000e+00 0.000000000000000000e+00 0.000000000000000000e+00 1.000000000000000000e+00
1.716364451347104788e+09 1.160751914978027166e+01 -2.988345336914062500e+01 8.927139043807983398e-01 0.000000000000000000e+00 0.000000000000000000e+00 0.000000000000000000e+00 1.000000000000000000e+00
1.716364451396931171e+09 1.161874771118164062e+01 -2.991246032714844105e+01 8.981716036796569824e-01 0.000000000000000000e+00 0.000000000000000000e+00 0.000000000000000000e+00 1.000000000000000000e+00
1.716364451497370481e+09 1.164004230499267578e+01 -2.997093391418457031e+01 9.096613526344300427e-01 0.000000000000000000e+00 0.000000000000000000e+00 0.000000000000000000e+00 1.000000000000000000e+00
1.716364451597791433e+09 1.166088390350341797e+01 -3.002624511718750000e+01 9.150569438934326172e-01 0.000000000000000000e+00 0.000000000000000000e+00 0.000000000000000000e+00 1.000000000000000000e+00
1.716364451647973061e+09 1.167088603973388850e+01 -3.005465888977050781e+01 9.210069775581359863e-01 0.000000000000000000e+00 0.000000000000000000e+00 0.000000000000000000e+00 1.000000000000000000e+00
1.716364451700114250e+09 1.169164371490478338e+01 -3.011658668518066406e+01 9.345352053642271839e-01 0.000000000000000000e+00 0.000000000000000000e+00 0.000000000000000000e+00 1.000000000000000000e+00
1.716364451848870516e+09 1.172377300262451172e+01 -3.020411491394042969e+01 9.471436738967895508e-01 0.000000000000000000e+00 0.000000000000000000e+00 0.000000000000000000e+00 1.000000000000000000e+00
1.716364451899089813e+09 1.174546337127685547e+01 -3.026244926452636719e+01 9.609194993972778320e-01 0.000000000000000000e+00 0.000000000000000000e+00 0.000000000000000000e+00 1.000000000000000000e+00
1.716364451949387550e+09 1.176749420166015625e+01 -3.032052993774414062e+01 9.677467346191406250e-01 0.000000000000000000e+00 0.000000000000000000e+00 0.000000000000000000e+00 1.000000000000000000e+00
1.716364451999558449e+09 1.177870941162109375e+01 -3.035062980651855469e+01 9.751216173171995960e-01 0.000000000000000000e+00 0.000000000000000000e+00 0.000000000000000000e+00 1.000000000000000000e+00
1.716364452049639225e+09 1.178966999053955078e+01 -3.037975692749023438e+01 9.825865030288696289e-01 0.000000000000000000e+00 0.000000000000000000e+00 0.000000000000000000e+00 1.000000000000000000e+00
1.716364452100039005e+09 1.179991245269775391e+01 -3.040808677673339844e+01 9.900166392326356091e-01 0.000000000000000000e+00 0.000000000000000000e+00 0.000000000000000000e+00 1.000000000000000000e+00
1.716364452150644541e+09 1.181122970581054865e+01 -3.043814277648925426e+01 9.974710941314696155e-01 0.000000000000000000e+00 0.000000000000000000e+00 0.000000000000000000e+00 1.000000000000000000e+00
1.716364452250555754e+09 1.183269023895263672e+01 -3.049428939819335938e+01 1.004365086555480957e+00 0.000000000000000000e+00 0.000000000000000000e+00 0.000000000000000000e+00 1.000000000000000000e+00
1.716364452300770283e+09 1.185422515869140625e+01 -3.055053520202636719e+01 1.019779562950134499e+00 0.000000000000000000e+00 0.000000000000000000e+00 0.000000000000000000e+00 1.000000000000000000e+00
1.716364452350960970e+09 1.186506652832031250e+01 -3.057755279541015980e+01 1.027469396591186301e+00 0.000000000000000000e+00 0.000000000000000000e+00 0.000000000000000000e+00 1.000000000000000000e+00
1.716364452451367855e+09 1.188566207885742188e+01 -3.062972640991210938e+01 1.033691883087158203e+00 0.000000000000000000e+00 0.000000000000000000e+00 0.000000000000000000e+00 1.000000000000000000e+00
1.716364452501540422e+09 1.190748786926269531e+01 -3.068150711059570312e+01 1.046059370040893555e+00 0.000000000000000000e+00 0.000000000000000000e+00 0.000000000000000000e+00 1.000000000000000000e+00
1.716364452551982403e+09 1.191838073730468750e+01 -3.070740318298339844e+01 1.052170872688293679e+00 0.000000000000000000e+00 0.000000000000000000e+00 0.000000000000000000e+00 1.000000000000000000e+00
1.716364452602064848e+09 1.192959690093993963e+01 -3.073316192626953125e+01 1.057571649551391602e+00 0.000000000000000000e+00 0.000000000000000000e+00 0.000000000000000000e+00 1.000000000000000000e+00
1.716364452702591181e+09 1.194998550415039062e+01 -3.078324699401855469e+01 1.062622904777526855e+00 0.000000000000000000e+00 0.000000000000000000e+00 0.000000000000000000e+00 1.000000000000000000e+00
1.716364452752778292e+09 1.197104072570800781e+01 -3.082992362976074574e+01 1.072906970977783203e+00 0.000000000000000000e+00 0.000000000000000000e+00 0.000000000000000000e+00 1.000000000000000000e+00
1.716364452803067923e+09 1.198168087005615234e+01 -3.085374069213867188e+01 1.077143669128417969e+00 0.000000000000000000e+00 0.000000000000000000e+00 0.000000000000000000e+00 1.000000000000000000e+00
1.716364452905677080e+09 1.200101852416992188e+01 -3.089992523193359730e+01 1.081176638603210449e+00 0.000000000000000000e+00 0.000000000000000000e+00 0.000000000000000000e+00 1.000000000000000000e+00
1.716364452953707218e+09 1.202235412597656250e+01 -3.094429779052734375e+01 1.088221311569214089e+00 0.000000000000000000e+00 0.000000000000000000e+00 0.000000000000000000e+00 1.000000000000000000e+00
1.716364453003907442e+09 1.203261470794677557e+01 -3.096503067016601562e+01 1.091678023338318093e+00 0.000000000000000000e+00 0.000000000000000000e+00 0.000000000000000000e+00 1.000000000000000000e+00
1.716364453054253101e+09 1.204313373565673828e+01 -3.098780441284180043e+01 1.094732165336608887e+00 0.000000000000000000e+00 0.000000000000000000e+00 0.000000000000000000e+00 1.000000000000000000e+00
1.716364453104520798e+09 1.206149196624756037e+01 -3.103006362915039062e+01 1.097814679145812988e+00 0.000000000000000000e+00 0.000000000000000000e+00 0.000000000000000000e+00 1.000000000000000000e+00
1.716364453156051874e+09 1.207225131988525391e+01 -3.105058479309082031e+01 1.099820852279663086e+00 0.000000000000000000e+00 0.000000000000000000e+00 0.000000000000000000e+00 1.000000000000000000e+00
1.716364453205253363e+09 1.208175849914550781e+01 -3.107158660888671875e+01 1.101541876792907493e+00 0.000000000000000000e+00 0.000000000000000000e+00 0.000000000000000000e+00 1.000000000000000000e+00
1.716364453255597830e+09 1.209133911132812322e+01 -3.109149169921875000e+01 1.103531599044799805e+00 0.000000000000000000e+00 0.000000000000000000e+00 0.000000000000000000e+00 1.000000000000000000e+00
1.716364453305744410e+09 1.210861873626708984e+01 -3.113092994689941051e+01 1.105029702186584473e+00 0.000000000000000000e+00 0.000000000000000000e+00 0.000000000000000000e+00 1.000000000000000000e+00
1.716364453356079340e+09 1.211869907379150391e+01 -3.115063667297363637e+01 1.106706619262695090e+00 0.000000000000000000e+00 0.000000000000000000e+00 0.000000000000000000e+00 1.000000000000000000e+00
1.716364453457041740e+09 1.213813114166259766e+01 -3.118925285339355469e+01 1.109549522399902344e+00 0.000000000000000000e+00 0.000000000000000000e+00 0.000000000000000000e+00 1.000000000000000000e+00
1.716364453506774902e+09 1.214779949188232422e+01 -3.120911216735839844e+01 1.110679864883422852e+00 0.000000000000000000e+00 0.000000000000000000e+00 0.000000000000000000e+00 1.000000000000000000e+00
1.716364453556990385e+09 1.216390228271484375e+01 -3.124686241149902344e+01 1.112239718437194824e+00 0.000000000000000000e+00 0.000000000000000000e+00 0.000000000000000000e+00 1.000000000000000000e+00
1.716364453657370329e+09 1.218078136444091797e+01 -3.128646659851074574e+01 1.114758253097534180e+00 0.000000000000000000e+00 0.000000000000000000e+00 0.000000000000000000e+00 1.000000000000000000e+00
1.716364453707593918e+09 1.218925380706787287e+01 -3.130571556091308949e+01 1.115653991699218750e+00 0.000000000000000000e+00 0.000000000000000000e+00 0.000000000000000000e+00 1.000000000000000000e+00
1.716364453808086872e+09 1.220463752746582031e+01 -3.134267234802246094e+01 1.117245674133300781e+00 0.000000000000000000e+00 0.000000000000000000e+00 0.000000000000000000e+00 1.000000000000000000e+00
1.716364453858595133e+09 1.222036647796630859e+01 -3.137734985351562500e+01 1.119091272354125977e+00 0.000000000000000000e+00 0.000000000000000000e+00 0.000000000000000000e+00 1.000000000000000000e+00
1.716364453909179211e+09 1.222783565521240234e+01 -3.139483833312988281e+01 1.119665145874023438e+00 0.000000000000000000e+00 0.000000000000000000e+00 0.000000000000000000e+00 1.000000000000000000e+00
1.716364453959524870e+09 1.224224758148193359e+01 -3.143108940124512074e+01 1.120427608489990234e+00 0.000000000000000000e+00 0.000000000000000000e+00 0.000000000000000000e+00 1.000000000000000000e+00
1.716364454009321928e+09 1.224890899658203125e+01 -3.144889640808105113e+01 1.121238589286804199e+00 0.000000000000000000e+00 0.000000000000000000e+00 0.000000000000000000e+00 1.000000000000000000e+00
1.716364454059489727e+09 1.225603580474853516e+01 -3.146759223937988281e+01 1.121881246566772461e+00 0.000000000000000000e+00 0.000000000000000000e+00 0.000000000000000000e+00 1.000000000000000000e+00
1.716364454109648466e+09 1.226256847381591797e+01 -3.148545265197753906e+01 1.123075962066650391e+00 0.000000000000000000e+00 0.000000000000000000e+00 0.000000000000000000e+00 1.000000000000000000e+00
1.716364454159931898e+09 1.226972675323486328e+01 -3.150413703918457031e+01 1.123675227165222168e+00 0.000000000000000000e+00 0.000000000000000000e+00 0.000000000000000000e+00 1.000000000000000000e+00
1.716364454260311604e+09 1.228453063964843750e+01 -3.154238510131835938e+01 1.124749422073364480e+00 0.000000000000000000e+00 0.000000000000000000e+00 0.000000000000000000e+00 1.000000000000000000e+00
1.716364454310415506e+09 1.229828929901123047e+01 -3.157889747619628906e+01 1.126143455505371094e+00 0.000000000000000000e+00 0.000000000000000000e+00 0.000000000000000000e+00 1.000000000000000000e+00
1.716364454360641956e+09 1.230476093292236328e+01 -3.159677886962890270e+01 1.127023696899414062e+00 0.000000000000000000e+00 0.000000000000000000e+00 0.000000000000000000e+00 1.000000000000000000e+00
1.716364454461013317e+09 1.232568168640136719e+01 -3.165410804748535156e+01 1.127921104431152344e+00 0.000000000000000000e+00 0.000000000000000000e+00 0.000000000000000000e+00 1.000000000000000000e+00
1.716364454511203051e+09 1.233266162872314453e+01 -3.167393875122070312e+01 1.129060745239257812e+00 0.000000000000000000e+00 0.000000000000000000e+00 0.000000000000000000e+00 1.000000000000000000e+00
1.716364454561515808e+09 1.233980178833007812e+01 -3.169263076782226562e+01 1.129747629165649414e+00 0.000000000000000000e+00 0.000000000000000000e+00 0.000000000000000000e+00 1.000000000000000000e+00
1.716364454611733913e+09 1.234662818908691406e+01 -3.171143341064453125e+01 1.129456996917724609e+00 0.000000000000000000e+00 0.000000000000000000e+00 0.000000000000000000e+00 1.000000000000000000e+00
1.716364454712117910e+09 1.236196136474609375e+01 -3.175160408020019531e+01 1.128895640373229980e+00 0.000000000000000000e+00 0.000000000000000000e+00 0.000000000000000000e+00 1.000000000000000000e+00
1.716364454762429476e+09 1.237650299072265625e+01 -3.179206466674804688e+01 1.126718401908874290e+00 0.000000000000000000e+00 0.000000000000000000e+00 0.000000000000000000e+00 1.000000000000000000e+00
1.716364454812787533e+09 1.238350391387939631e+01 -3.181186103820800781e+01 1.125496506690979004e+00 0.000000000000000000e+00 0.000000000000000000e+00 0.000000000000000000e+00 1.000000000000000000e+00
1.716364454862732172e+09 1.239060688018798828e+01 -3.183268547058105113e+01 1.123605728149414062e+00 0.000000000000000000e+00 0.000000000000000000e+00 0.000000000000000000e+00 1.000000000000000000e+00
1.716364454912932873e+09 1.240548801422119141e+01 -3.187409019470214844e+01 1.121685147285461426e+00 0.000000000000000000e+00 0.000000000000000000e+00 0.000000000000000000e+00 1.000000000000000000e+00
1.716364454963205814e+09 1.241269683837890625e+01 -3.189487075805664062e+01 1.119713068008422852e+00 0.000000000000000000e+00 0.000000000000000000e+00 0.000000000000000000e+00 1.000000000000000000e+00
1.716364455013413668e+09 1.241991043090820312e+01 -3.191564750671386719e+01 1.117536187171936035e+00 0.000000000000000000e+00 0.000000000000000000e+00 0.000000000000000000e+00 1.000000000000000000e+00
1.716364455063626528e+09 1.242744159698486328e+01 -3.193737030029296875e+01 1.115156769752502441e+00 0.000000000000000000e+00 0.000000000000000000e+00 0.000000000000000000e+00 1.000000000000000000e+00
1.716364455113744974e+09 1.244317626953125000e+01 -3.198165130615234375e+01 1.112394928932189941e+00 0.000000000000000000e+00 0.000000000000000000e+00 0.000000000000000000e+00 1.000000000000000000e+00
1.716364455164120436e+09 1.245072555541992188e+01 -3.200551605224609375e+01 1.110038757324218750e+00 0.000000000000000000e+00 0.000000000000000000e+00 0.000000000000000000e+00 1.000000000000000000e+00
1.716364455214076519e+09 1.245789432525634766e+01 -3.202737045288085938e+01 1.107024431228637695e+00 0.000000000000000000e+00 0.000000000000000000e+00 0.000000000000000000e+00 1.000000000000000000e+00
1.716364455264266253e+09 1.246506881713867188e+01 -3.205136871337890625e+01 1.103922367095947266e+00 0.000000000000000000e+00 0.000000000000000000e+00 0.000000000000000000e+00 1.000000000000000000e+00
1.716364455314392328e+09 1.247252178192138850e+01 -3.207418441772460938e+01 1.100642681121826172e+00 0.000000000000000000e+00 0.000000000000000000e+00 0.000000000000000000e+00 1.000000000000000000e+00
1.716364455364614964e+09 1.249203491210937678e+01 -3.212771987915039062e+01 1.097269296646118164e+00 0.000000000000000000e+00 0.000000000000000000e+00 0.000000000000000000e+00 1.000000000000000000e+00
1.716364455414700031e+09 1.249876785278320312e+01 -3.215190887451171875e+01 1.095647573471069114e+00 0.000000000000000000e+00 0.000000000000000000e+00 0.000000000000000000e+00 1.000000000000000000e+00
1.716364455465024233e+09 1.250696372985839844e+01 -3.217873001098632812e+01 1.092941284179687500e+00 0.000000000000000000e+00 0.000000000000000000e+00 0.000000000000000000e+00 1.000000000000000000e+00
1.716364455515330315e+09 1.251547718048095525e+01 -3.220435714721679688e+01 1.090132951736450195e+00 0.000000000000000000e+00 0.000000000000000000e+00 0.000000000000000000e+00 1.000000000000000000e+00
1.716364455565739632e+09 1.253351974487304865e+01 -3.225846099853516336e+01 1.086612939834594727e+00 0.000000000000000000e+00 0.000000000000000000e+00 0.000000000000000000e+00 1.000000000000000000e+00
1.716364455615564346e+09 1.254212474822998047e+01 -3.228618621826171875e+01 1.083041548728942871e+00 0.000000000000000000e+00 0.000000000000000000e+00 0.000000000000000000e+00 1.000000000000000000e+00
1.716364455666115999e+09 1.255080890655517578e+01 -3.231388473510742188e+01 1.079636693000793679e+00 0.000000000000000000e+00 0.000000000000000000e+00 0.000000000000000000e+00 1.000000000000000000e+00
1.716364455716110229e+09 1.255923652648925781e+01 -3.234382629394531250e+01 1.075957179069519043e+00 0.000000000000000000e+00 0.000000000000000000e+00 0.000000000000000000e+00 1.000000000000000000e+00
1.716364455766314983e+09 1.257925033569335938e+01 -3.240252304077148438e+01 1.072233200073242188e+00 0.000000000000000000e+00 0.000000000000000000e+00 0.000000000000000000e+00 1.000000000000000000e+00
1.716364455816331148e+09 1.258782863616943359e+01 -3.243347930908203125e+01 1.068995714187622070e+00 0.000000000000000000e+00 0.000000000000000000e+00 0.000000000000000000e+00 1.000000000000000000e+00
1.716364455866464853e+09 1.259703636169433594e+01 -3.246525955200195312e+01 1.065411210060119629e+00 0.000000000000000000e+00 0.000000000000000000e+00 0.000000000000000000e+00 1.000000000000000000e+00
1.716364455916821718e+09 1.260721492767333984e+01 -3.249666213989257812e+01 1.061662673950195090e+00 0.000000000000000000e+00 0.000000000000000000e+00 0.000000000000000000e+00 1.000000000000000000e+00
1.716364455967335939e+09 1.262896728515625000e+01 -3.255788803100585938e+01 1.057029366493225098e+00 0.000000000000000000e+00 0.000000000000000000e+00 0.000000000000000000e+00 1.000000000000000000e+00
1.716364456018418074e+09 1.263918399810791016e+01 -3.258927917480468750e+01 1.053521156311035156e+00 0.000000000000000000e+00 0.000000000000000000e+00 0.000000000000000000e+00 1.000000000000000000e+00
1.716364456067489624e+09 1.264951324462890625e+01 -3.262063217163085938e+01 1.050607204437256081e+00 0.000000000000000000e+00 0.000000000000000000e+00 0.000000000000000000e+00 1.000000000000000000e+00
1.716364456117827415e+09 1.266053676605224609e+01 -3.265386581420898438e+01 1.048043251037597656e+00 0.000000000000000000e+00 0.000000000000000000e+00 0.000000000000000000e+00 1.000000000000000000e+00
1.716364456168591022e+09 1.267119884490966797e+01 -3.268616485595703125e+01 1.045487642288208008e+00 0.000000000000000000e+00 0.000000000000000000e+00 0.000000000000000000e+00 1.000000000000000000e+00
1.716364456218392134e+09 1.268184375762939631e+01 -3.271847915649414062e+01 1.043368697166442871e+00 0.000000000000000000e+00 0.000000000000000000e+00 0.000000000000000000e+00 1.000000000000000000e+00
1.716364456318839788e+09 1.271885490417480469e+01 -3.281992340087890625e+01 1.039858579635619895e+00 0.000000000000000000e+00 0.000000000000000000e+00 0.000000000000000000e+00 1.000000000000000000e+00
1.716364456371065855e+09 1.273020744323730469e+01 -3.285198974609375000e+01 1.039725780487060325e+00 0.000000000000000000e+00 0.000000000000000000e+00 0.000000000000000000e+00 1.000000000000000000e+00
1.716364456419453621e+09 1.274204158782958984e+01 -3.288387298583984375e+01 1.039955496788024902e+00 0.000000000000000000e+00 0.000000000000000000e+00 0.000000000000000000e+00 1.000000000000000000e+00
1.716364456519976854e+09 1.277910518646240234e+01 -3.298105239868164062e+01 1.039827108383178711e+00 0.000000000000000000e+00 0.000000000000000000e+00 0.000000000000000000e+00 1.000000000000000000e+00
1.716364456570329666e+09 1.280395984649658203e+01 -3.304653167724609375e+01 1.042109251022338867e+00 0.000000000000000000e+00 0.000000000000000000e+00 0.000000000000000000e+00 1.000000000000000000e+00
1.716364456671499968e+09 1.281591892242431641e+01 -3.307839202880859375e+01 1.044209599494934082e+00 0.000000000000000000e+00 0.000000000000000000e+00 0.000000000000000000e+00 1.000000000000000000e+00
1.716364456721280098e+09 1.284175395965576172e+01 -3.314347839355468750e+01 1.045966029167175293e+00 0.000000000000000000e+00 0.000000000000000000e+00 0.000000000000000000e+00 1.000000000000000000e+00
1.716364456771992922e+09 1.285487842559814453e+01 -3.317596054077148438e+01 1.048159241676330566e+00 0.000000000000000000e+00 0.000000000000000000e+00 0.000000000000000000e+00 1.000000000000000000e+00
1.716364456821268559e+09 1.286804008483886719e+01 -3.320951461791992188e+01 1.051402091979980469e+00 0.000000000000000000e+00 0.000000000000000000e+00 0.000000000000000000e+00 1.000000000000000000e+00
1.716364456872277498e+09 1.288151359558105646e+01 -3.324188232421875000e+01 1.055242061614990234e+00 0.000000000000000000e+00 0.000000000000000000e+00 0.000000000000000000e+00 1.000000000000000000e+00
1.716364456921743631e+09 1.290849971771240234e+01 -3.330976104736328125e+01 1.058555483818054199e+00 0.000000000000000000e+00 0.000000000000000000e+00 0.000000000000000000e+00 1.000000000000000000e+00
1.716364456972214222e+09 1.293702125549316406e+01 -3.337817764282226562e+01 1.066733360290527122e+00 0.000000000000000000e+00 0.000000000000000000e+00 0.000000000000000000e+00 1.000000000000000000e+00
1.716364457072038889e+09 1.296424007415771662e+01 -3.344599914550781250e+01 1.072817683219909668e+00 0.000000000000000000e+00 0.000000000000000000e+00 0.000000000000000000e+00 1.000000000000000000e+00
1.716364457173220873e+09 1.300788307189941406e+01 -3.354942703247070312e+01 1.091251611709594727e+00 0.000000000000000000e+00 0.000000000000000000e+00 0.000000000000000000e+00 1.000000000000000000e+00
1.716364457222693920e+09 1.302298164367675781e+01 -3.358440780639648438e+01 1.097658634185791016e+00 0.000000000000000000e+00 0.000000000000000000e+00 0.000000000000000000e+00 1.000000000000000000e+00
1.716364457323328257e+09 1.305017471313476562e+01 -3.365008926391601562e+01 1.103898048400878906e+00 0.000000000000000000e+00 0.000000000000000000e+00 0.000000000000000000e+00 1.000000000000000000e+00
1.716364457374892712e+09 1.306340980529785156e+01 -3.368149948120117188e+01 1.110849142074584961e+00 0.000000000000000000e+00 0.000000000000000000e+00 0.000000000000000000e+00 1.000000000000000000e+00
1.716364457423712015e+09 1.307845973968506037e+01 -3.371542739868164062e+01 1.117977857589721680e+00 0.000000000000000000e+00 0.000000000000000000e+00 0.000000000000000000e+00 1.000000000000000000e+00
1.716364457473909855e+09 1.309473800659179688e+01 -3.374995422363281250e+01 1.125324726104736328e+00 0.000000000000000000e+00 0.000000000000000000e+00 0.000000000000000000e+00 1.000000000000000000e+00
1.716364457524270773e+09 1.312290763854980469e+01 -3.381418991088867188e+01 1.132892370223999023e+00 0.000000000000000000e+00 0.000000000000000000e+00 0.000000000000000000e+00 1.000000000000000000e+00
1.716364457574754477e+09 1.313844871520995916e+01 -3.384686660766601562e+01 1.141667723655700906e+00 0.000000000000000000e+00 0.000000000000000000e+00 0.000000000000000000e+00 1.000000000000000000e+00
1.716364457624677896e+09 1.317158889770507812e+01 -3.390925598144531250e+01 1.158555150032043679e+00 0.000000000000000000e+00 0.000000000000000000e+00 0.000000000000000000e+00 1.000000000000000000e+00
1.716364457725021124e+09 1.320646858215332031e+01 -3.396881484985352273e+01 1.175358772277832031e+00 0.000000000000000000e+00 0.000000000000000000e+00 0.000000000000000000e+00 1.000000000000000000e+00
1.716364457825443268e+09 1.323573780059814453e+01 -3.402832031250000000e+01 1.183514714241027832e+00 0.000000000000000000e+00 0.000000000000000000e+00 0.000000000000000000e+00 1.000000000000000000e+00
1.716364457876168013e+09 1.327137184143066406e+01 -3.408432388305664062e+01 1.197633504867553711e+00 0.000000000000000000e+00 0.000000000000000000e+00 0.000000000000000000e+00 1.000000000000000000e+00
1.716364457976077318e+09 1.330120944976806641e+01 -3.413928985595703125e+01 1.203539490699768066e+00 0.000000000000000000e+00 0.000000000000000000e+00 0.000000000000000000e+00 1.000000000000000000e+00
1.716364458026229858e+09 1.331981658935546875e+01 -3.416642761230468750e+01 1.209192514419555664e+00 0.000000000000000000e+00 0.000000000000000000e+00 0.000000000000000000e+00 1.000000000000000000e+00
1.716364458077940941e+09 1.333727550506591797e+01 -3.418971252441406250e+01 1.214288592338562012e+00 0.000000000000000000e+00 0.000000000000000000e+00 0.000000000000000000e+00 1.000000000000000000e+00
1.716364458126640081e+09 1.335661411285400391e+01 -3.421546173095703125e+01 1.216545104980468750e+00 0.000000000000000000e+00 0.000000000000000000e+00 0.000000000000000000e+00 1.000000000000000000e+00
1.716364458176984310e+09 1.338510227203369141e+01 -3.426554870605468750e+01 1.218776226043701172e+00 0.000000000000000000e+00 0.000000000000000000e+00 0.000000000000000000e+00 1.000000000000000000e+00
1.716364458227244616e+09 1.340404224395751953e+01 -3.428821563720703125e+01 1.219575047492980957e+00 0.000000000000000000e+00 0.000000000000000000e+00 0.000000000000000000e+00 1.000000000000000000e+00
1.716364458277297974e+09 1.342280578613281250e+01 -3.430986785888671875e+01 1.219576597213745117e+00 0.000000000000000000e+00 0.000000000000000000e+00 0.000000000000000000e+00 1.000000000000000000e+00
1.716364458327938318e+09 1.344169521331787287e+01 -3.433147048950195312e+01 1.219375967979431152e+00 0.000000000000000000e+00 0.000000000000000000e+00 0.000000000000000000e+00 1.000000000000000000e+00
1.716364458378567457e+09 1.347893619537353516e+01 -3.437270736694335938e+01 1.216582059860229492e+00 0.000000000000000000e+00 0.000000000000000000e+00 0.000000000000000000e+00 1.000000000000000000e+00
1.716364458478511095e+09 1.350712203979492188e+01 -3.441642379760742188e+01 1.214836120605468750e+00 0.000000000000000000e+00 0.000000000000000000e+00 0.000000000000000000e+00 1.000000000000000000e+00
1.716364458528672218e+09 1.352513027191161932e+01 -3.443511581420898438e+01 1.212240219116210938e+00 0.000000000000000000e+00 0.000000000000000000e+00 0.000000000000000000e+00 1.000000000000000000e+00
1.716364458628935099e+09 1.357044792175292969e+01 -3.449570465087890625e+01 1.207666516304015891e+00 0.000000000000000000e+00 0.000000000000000000e+00 0.000000000000000000e+00 1.000000000000000000e+00
1.716364458679608583e+09 1.358876800537109375e+01 -3.451534271240234375e+01 1.204930067062377930e+00 0.000000000000000000e+00 0.000000000000000000e+00 0.000000000000000000e+00 1.000000000000000000e+00
1.716364458729465008e+09 1.360607051849365234e+01 -3.453322982788085938e+01 1.202613472938537598e+00 0.000000000000000000e+00 0.000000000000000000e+00 0.000000000000000000e+00 1.000000000000000000e+00
1.716364458829730272e+09 1.362377929687500000e+01 -3.455202484130859375e+01 1.199907302856445090e+00 0.000000000000000000e+00 0.000000000000000000e+00 0.000000000000000000e+00 1.000000000000000000e+00
1.716364458880591393e+09 1.366573047637939631e+01 -3.460852813720703125e+01 1.193992972373962402e+00 0.000000000000000000e+00 0.000000000000000000e+00 0.000000000000000000e+00 1.000000000000000000e+00
1.716364458938102961e+09 1.368198108673095525e+01 -3.462681579589843750e+01 1.191048860549926758e+00 0.000000000000000000e+00 0.000000000000000000e+00 0.000000000000000000e+00 1.000000000000000000e+00
1.716364458981200695e+09 1.369798278808593750e+01 -3.464520645141601562e+01 1.189010977745056152e+00 0.000000000000000000e+00 0.000000000000000000e+00 0.000000000000000000e+00 1.000000000000000000e+00
1.716364459081445456e+09 1.372636699676513672e+01 -3.467693710327148438e+01 1.182231307029723899e+00 0.000000000000000000e+00 0.000000000000000000e+00 0.000000000000000000e+00 1.000000000000000000e+00
1.716364459134199858e+09 1.374709129333495916e+01 -3.471280288696289062e+01 1.179260134696960449e+00 0.000000000000000000e+00 0.000000000000000000e+00 0.000000000000000000e+00 1.000000000000000000e+00
1.716364459182198763e+09 1.375970172882080078e+01 -3.472821807861328125e+01 1.176321148872375710e+00 0.000000000000000000e+00 0.000000000000000000e+00 0.000000000000000000e+00 1.000000000000000000e+00
1.716364459231507778e+09 1.378507328033447266e+01 -3.476437759399414062e+01 1.171564459800720215e+00 0.000000000000000000e+00 0.000000000000000000e+00 0.000000000000000000e+00 1.000000000000000000e+00
1.716364459331858635e+09 1.380425167083740234e+01 -3.480192184448242188e+01 1.167945384979248047e+00 0.000000000000000000e+00 0.000000000000000000e+00 0.000000000000000000e+00 1.000000000000000000e+00
1.716364459382004023e+09 1.381587791442871271e+01 -3.481987380981445312e+01 1.164551973342895508e+00 0.000000000000000000e+00 0.000000000000000000e+00 0.000000000000000000e+00 1.000000000000000000e+00
1.716364459433574200e+09 1.383726501464843750e+01 -3.485329055786132812e+01 1.158497452735900879e+00 0.000000000000000000e+00 0.000000000000000000e+00 0.000000000000000000e+00 1.000000000000000000e+00
1.716364459482376099e+09 1.384847831726074219e+01 -3.487032699584960938e+01 1.155261278152465820e+00 0.000000000000000000e+00 0.000000000000000000e+00 0.000000000000000000e+00 1.000000000000000000e+00
1.716364459582872152e+09 1.386539077758789062e+01 -3.490445709228516336e+01 1.150979876518249512e+00 0.000000000000000000e+00 0.000000000000000000e+00 0.000000000000000000e+00 1.000000000000000000e+00
1.716364459632824898e+09 1.388299655914306641e+01 -3.493829345703125000e+01 1.144375205039978027e+00 0.000000000000000000e+00 0.000000000000000000e+00 0.000000000000000000e+00 1.000000000000000000e+00
1.716364459683959484e+09 1.389195346832275391e+01 -3.495514678955078125e+01 1.141067147254943848e+00 0.000000000000000000e+00 0.000000000000000000e+00 0.000000000000000000e+00 1.000000000000000000e+00
1.716364459833488941e+09 1.392123794555664062e+01 -3.502196502685546875e+01 1.130987048149108887e+00 0.000000000000000000e+00 0.000000000000000000e+00 0.000000000000000000e+00 1.000000000000000000e+00
1.716364459885892153e+09 1.392888069152832031e+01 -3.503934097290039062e+01 1.127565383911132812e+00 0.000000000000000000e+00 0.000000000000000000e+00 0.000000000000000000e+00 1.000000000000000000e+00
1.716364459986626148e+09 1.394200611114501953e+01 -3.507175445556640625e+01 1.124029994010925293e+00 0.000000000000000000e+00 0.000000000000000000e+00 0.000000000000000000e+00 1.000000000000000000e+00
1.716364460036185265e+09 1.394917964935302734e+01 -3.508824157714843750e+01 1.120877265930175781e+00 0.000000000000000000e+00 0.000000000000000000e+00 0.000000000000000000e+00 1.000000000000000000e+00
1.716364460087418795e+09 1.396081924438476562e+01 -3.512013626098632812e+01 1.114433646202087402e+00 0.000000000000000000e+00 0.000000000000000000e+00 0.000000000000000000e+00 1.000000000000000000e+00
1.716364460188773632e+09 1.397277164459228338e+01 -3.514978408813476562e+01 1.110650181770324707e+00 0.000000000000000000e+00 0.000000000000000000e+00 0.000000000000000000e+00 1.000000000000000000e+00
1.716364460242499113e+09 1.398519611358642578e+01 -3.518135452270507812e+01 1.103248715400695801e+00 0.000000000000000000e+00 0.000000000000000000e+00 0.000000000000000000e+00 1.000000000000000000e+00
1.716364460335131645e+09 1.399006843566894354e+01 -3.519552993774414062e+01 1.100488424301147683e+00 0.000000000000000000e+00 0.000000000000000000e+00 0.000000000000000000e+00 1.000000000000000000e+00
1.716364460389096260e+09 1.400078010559082031e+01 -3.522455596923828125e+01 1.093261241912841797e+00 0.000000000000000000e+00 0.000000000000000000e+00 0.000000000000000000e+00 1.000000000000000000e+00
1.716364460435808659e+09 1.401129627227783203e+01 -3.525263214111328125e+01 1.090567469596862793e+00 0.000000000000000000e+00 0.000000000000000000e+00 0.000000000000000000e+00 1.000000000000000000e+00
1.716364460486741781e+09 1.401656341552734375e+01 -3.526664352416992188e+01 1.087166070938110352e+00 0.000000000000000000e+00 0.000000000000000000e+00 0.000000000000000000e+00 1.000000000000000000e+00
1.716364460586242914e+09 1.402621078491210938e+01 -3.529502868652343750e+01 1.081629753112792969e+00 0.000000000000000000e+00 0.000000000000000000e+00 0.000000000000000000e+00 1.000000000000000000e+00
1.716364460686814547e+09 1.403650379180908203e+01 -3.532211685180664062e+01 1.079113841056823508e+00 0.000000000000000000e+00 0.000000000000000000e+00 0.000000000000000000e+00 1.000000000000000000e+00
1.716364460737079620e+09 1.404145622253417969e+01 -3.533735275268554688e+01 1.077820420265197754e+00 0.000000000000000000e+00 0.000000000000000000e+00 0.000000000000000000e+00 1.000000000000000000e+00
1.716364460787245989e+09 1.405266857147216797e+01 -3.536730194091796875e+01 1.074886918067931907e+00 0.000000000000000000e+00 0.000000000000000000e+00 0.000000000000000000e+00 1.000000000000000000e+00
1.716364460837261200e+09 1.405782127380371271e+01 -3.538138198852539062e+01 1.073636889457702637e+00 0.000000000000000000e+00 0.000000000000000000e+00 0.000000000000000000e+00 1.000000000000000000e+00
1.716364460938242912e+09 1.406904792785644354e+01 -3.541026306152343750e+01 1.072273612022399902e+00 0.000000000000000000e+00 0.000000000000000000e+00 0.000000000000000000e+00 1.000000000000000000e+00
1.716364460988483906e+09 1.407802009582519531e+01 -3.544005584716796875e+01 1.072226405143737793e+00 0.000000000000000000e+00 0.000000000000000000e+00 0.000000000000000000e+00 1.000000000000000000e+00
1.716364461038117409e+09 1.408143234252929688e+01 -3.545485687255859375e+01 1.073366880416869895e+00 0.000000000000000000e+00 0.000000000000000000e+00 0.000000000000000000e+00 1.000000000000000000e+00
1.716364461088418484e+09 1.409131622314453125e+01 -3.548537445068359375e+01 1.074370265007019043e+00 0.000000000000000000e+00 0.000000000000000000e+00 0.000000000000000000e+00 1.000000000000000000e+00
1.716364461138404131e+09 1.409606266021728338e+01 -3.550286865234375000e+01 1.075357079505920410e+00 0.000000000000000000e+00 0.000000000000000000e+00 0.000000000000000000e+00 1.000000000000000000e+00
1.716364461188992500e+09 1.409927558898925781e+01 -3.551882934570312500e+01 1.077107071876526101e+00 0.000000000000000000e+00 0.000000000000000000e+00 0.000000000000000000e+00 1.000000000000000000e+00
1.716364461238834858e+09 1.410282516479492188e+01 -3.553681182861328125e+01 1.079235315322875977e+00 0.000000000000000000e+00 0.000000000000000000e+00 0.000000000000000000e+00 1.000000000000000000e+00
1.716364461289862633e+09 1.411302566528320312e+01 -3.557044219970703125e+01 1.081096887588500977e+00 0.000000000000000000e+00 0.000000000000000000e+00 0.000000000000000000e+00 1.000000000000000000e+00
1.716364461339281559e+09 1.411530685424804865e+01 -3.558892440795898438e+01 1.082893490791320801e+00 0.000000000000000000e+00 0.000000000000000000e+00 0.000000000000000000e+00 1.000000000000000000e+00
1.716364461390082836e+09 1.411790275573730469e+01 -3.560727691650390625e+01 1.084632635116577148e+00 0.000000000000000000e+00 0.000000000000000000e+00 0.000000000000000000e+00 1.000000000000000000e+00
1.716364461489981413e+09 1.412526321411132812e+01 -3.564530181884765625e+01 1.090501785278320312e+00 0.000000000000000000e+00 0.000000000000000000e+00 0.000000000000000000e+00 1.000000000000000000e+00
1.716364461591351748e+09 1.413601493835449219e+01 -3.570457458496093750e+01 1.096582293510437012e+00 0.000000000000000000e+00 0.000000000000000000e+00 0.000000000000000000e+00 1.000000000000000000e+00
1.716364461641532183e+09 1.413761997222900391e+01 -3.572547912597656250e+01 1.099470853805541992e+00 0.000000000000000000e+00 0.000000000000000000e+00 0.000000000000000000e+00 1.000000000000000000e+00
1.716364461691742420e+09 1.413967990875243963e+01 -3.574728012084960938e+01 1.102153182029723899e+00 0.000000000000000000e+00 0.000000000000000000e+00 0.000000000000000000e+00 1.000000000000000000e+00
1.716364461740993977e+09 1.414024353027343750e+01 -3.576966476440429688e+01 1.104670286178588867e+00 0.000000000000000000e+00 0.000000000000000000e+00 0.000000000000000000e+00 1.000000000000000000e+00
1.716364461841001034e+09 1.414789962768554865e+01 -3.583334732055664062e+01 1.108481407165527122e+00 0.000000000000000000e+00 0.000000000000000000e+00 0.000000000000000000e+00 1.000000000000000000e+00
1.716364461891514778e+09 1.414835453033447266e+01 -3.585469818115234375e+01 1.111207127571105957e+00 0.000000000000000000e+00 0.000000000000000000e+00 0.000000000000000000e+00 1.000000000000000000e+00
1.716364461993520975e+09 1.415758895874023438e+01 -3.591774749755859375e+01 1.115378022193908691e+00 0.000000000000000000e+00 0.000000000000000000e+00 0.000000000000000000e+00 1.000000000000000000e+00
1.716364462041988611e+09 1.415720748901367188e+01 -3.594049453735352273e+01 1.117615103721618874e+00 0.000000000000000000e+00 0.000000000000000000e+00 0.000000000000000000e+00 1.000000000000000000e+00
1.716364462092294455e+09 1.415704059600830078e+01 -3.596206283569335938e+01 1.118174672126770020e+00 0.000000000000000000e+00 0.000000000000000000e+00 0.000000000000000000e+00 1.000000000000000000e+00
1.716364462142619371e+09 1.415717411041259766e+01 -3.598457336425781250e+01 1.117777585983276367e+00 0.000000000000000000e+00 0.000000000000000000e+00 0.000000000000000000e+00 1.000000000000000000e+00
1.716364462242591381e+09 1.416312122344970881e+01 -3.602522659301757812e+01 1.118629813194274902e+00 0.000000000000000000e+00 0.000000000000000000e+00 0.000000000000000000e+00 1.000000000000000000e+00
1.716364462293554544e+09 1.416242504119873047e+01 -3.604698562622070312e+01 1.118199586868285911e+00 0.000000000000000000e+00 0.000000000000000000e+00 0.000000000000000000e+00 1.000000000000000000e+00
1.716364462343051672e+09 1.416009426116943359e+01 -3.609191894531250000e+01 1.114882111549377441e+00 0.000000000000000000e+00 0.000000000000000000e+00 0.000000000000000000e+00 1.000000000000000000e+00
1.716364462394464254e+09 1.415932559967041016e+01 -3.611260223388671875e+01 1.112433195114135520e+00 0.000000000000000000e+00 0.000000000000000000e+00 0.000000000000000000e+00 1.000000000000000000e+00
1.716364462493581533e+09 1.416557025909423828e+01 -3.615203475952149148e+01 1.111081719398498313e+00 0.000000000000000000e+00 0.000000000000000000e+00 0.000000000000000000e+00 1.000000000000000000e+00
1.716364462543923616e+09 1.416489887237548828e+01 -3.619628143310546875e+01 1.106311321258544922e+00 0.000000000000000000e+00 0.000000000000000000e+00 0.000000000000000000e+00 1.000000000000000000e+00
1.716364462594514132e+09 1.416594219207763672e+01 -3.621946716308593750e+01 1.103244423866271973e+00 0.000000000000000000e+00 0.000000000000000000e+00 0.000000000000000000e+00 1.000000000000000000e+00
1.716364462694450378e+09 1.417355346679687678e+01 -3.626155853271485086e+01 1.100372791290283203e+00 0.000000000000000000e+00 0.000000000000000000e+00 0.000000000000000000e+00 1.000000000000000000e+00
1.716364462744847536e+09 1.417680835723876953e+01 -3.630638122558593750e+01 1.093663930892944336e+00 0.000000000000000000e+00 0.000000000000000000e+00 0.000000000000000000e+00 1.000000000000000000e+00
1.716364462794900894e+09 1.417903614044189631e+01 -3.632909011840820312e+01 1.089895963668823242e+00 0.000000000000000000e+00 0.000000000000000000e+00 0.000000000000000000e+00 1.000000000000000000e+00
1.716364462845328331e+09 1.418140506744384766e+01 -3.635173797607421875e+01 1.085666656494140625e+00 0.000000000000000000e+00 0.000000000000000000e+00 0.000000000000000000e+00 1.000000000000000000e+00
1.716364462945646524e+09 1.419637203216552734e+01 -3.641986846923828125e+01 1.076816916465759277e+00 0.000000000000000000e+00 0.000000000000000000e+00 0.000000000000000000e+00 1.000000000000000000e+00
1.716364462996203184e+09 1.419791889190673828e+01 -3.644284820556640625e+01 1.074118494987487793e+00 0.000000000000000000e+00 0.000000000000000000e+00 0.000000000000000000e+00 1.000000000000000000e+00
1.716364463046109438e+09 1.420435428619384766e+01 -3.647140884399414062e+01 1.069008588790893555e+00 0.000000000000000000e+00 0.000000000000000000e+00 0.000000000000000000e+00 1.000000000000000000e+00
1.716364463146573782e+09 1.421884346008300781e+01 -3.651722717285156250e+01 1.064191699028015137e+00 0.000000000000000000e+00 0.000000000000000000e+00 0.000000000000000000e+00 1.000000000000000000e+00
1.716364463196769476e+09 1.423195743560791016e+01 -3.656676483154296875e+01 1.056738734245300293e+00 0.000000000000000000e+00 0.000000000000000000e+00 0.000000000000000000e+00 1.000000000000000000e+00
1.716364463246838570e+09 1.423838710784911932e+01 -3.659212875366210938e+01 1.053545832633972168e+00 0.000000000000000000e+00 0.000000000000000000e+00 0.000000000000000000e+00 1.000000000000000000e+00
1.716364463297231436e+09 1.425559520721435547e+01 -3.664440536499024148e+01 1.049460291862487793e+00 0.000000000000000000e+00 0.000000000000000000e+00 0.000000000000000000e+00 1.000000000000000000e+00
1.716364463347334146e+09 1.426489543914794922e+01 -3.667293930053710938e+01 1.045947074890136719e+00 0.000000000000000000e+00 0.000000000000000000e+00 0.000000000000000000e+00 1.000000000000000000e+00
1.716364463397575617e+09 1.427310466766357422e+01 -3.669974517822265625e+01 1.042236447334289551e+00 0.000000000000000000e+00 0.000000000000000000e+00 0.000000000000000000e+00 1.000000000000000000e+00
1.716364463447809219e+09 1.428259563446044922e+01 -3.672928237915039062e+01 1.039216160774230957e+00 0.000000000000000000e+00 0.000000000000000000e+00 0.000000000000000000e+00 1.000000000000000000e+00
1.716364463498589993e+09 1.429279327392577947e+01 -3.675854492187500000e+01 1.036260604858398438e+00 0.000000000000000000e+00 0.000000000000000000e+00 0.000000000000000000e+00 1.000000000000000000e+00
1.716364463547990561e+09 1.431402587890625000e+01 -3.681570053100585938e+01 1.032872796058654785e+00 0.000000000000000000e+00 0.000000000000000000e+00 0.000000000000000000e+00 1.000000000000000000e+00
1.716364463598235130e+09 1.432486534118652344e+01 -3.684363937377929688e+01 1.029666423797607422e+00 0.000000000000000000e+00 0.000000000000000000e+00 0.000000000000000000e+00 1.000000000000000000e+00
1.716364463648484707e+09 1.433653259277343750e+01 -3.687232971191406250e+01 1.026839256286621094e+00 0.000000000000000000e+00 0.000000000000000000e+00 0.000000000000000000e+00 1.000000000000000000e+00
1.716364463699429750e+09 1.434843540191650391e+01 -3.690093612670897727e+01 1.024399995803833008e+00 0.000000000000000000e+00 0.000000000000000000e+00 0.000000000000000000e+00 1.000000000000000000e+00
1.716364463748831034e+09 1.437149429321289062e+01 -3.695737838745117188e+01 1.020984172821044922e+00 0.000000000000000000e+00 0.000000000000000000e+00 0.000000000000000000e+00 1.000000000000000000e+00
1.716364463849357843e+09 1.439569091796875000e+01 -3.701335525512695312e+01 1.015295863151550293e+00 0.000000000000000000e+00 0.000000000000000000e+00 0.000000000000000000e+00 1.000000000000000000e+00
1.716364463949815750e+09 1.442990303039550781e+01 -3.709441375732421875e+01 1.010426282882690430e+00 0.000000000000000000e+00 0.000000000000000000e+00 0.000000000000000000e+00 1.000000000000000000e+00
1.716364463999792337e+09 1.444112110137939631e+01 -3.711898422241210938e+01 1.007364511489868164e+00 0.000000000000000000e+00 0.000000000000000000e+00 0.000000000000000000e+00 1.000000000000000000e+00
1.716364464050192595e+09 1.445268821716308594e+01 -3.714343261718750000e+01 1.005430936813354492e+00 0.000000000000000000e+00 0.000000000000000000e+00 0.000000000000000000e+00 1.000000000000000000e+00
1.716364464151154757e+09 1.448800086975097656e+01 -3.721762847900391336e+01 1.000980854034423828e+00 0.000000000000000000e+00 0.000000000000000000e+00 0.000000000000000000e+00 1.000000000000000000e+00
1.716364464201253176e+09 1.449960994720458984e+01 -3.724098968505859375e+01 9.992277026176451526e-01 0.000000000000000000e+00 0.000000000000000000e+00 0.000000000000000000e+00 1.000000000000000000e+00
1.716364464251371861e+09 1.451146030426025391e+01 -3.726317214965820312e+01 9.966124296188354492e-01 0.000000000000000000e+00 0.000000000000000000e+00 0.000000000000000000e+00 1.000000000000000000e+00
1.716364464351830721e+09 1.453406620025634766e+01 -3.730367660522460938e+01 9.918469786643981934e-01 0.000000000000000000e+00 0.000000000000000000e+00 0.000000000000000000e+00 1.000000000000000000e+00
1.716364464402348995e+09 1.455171108245849609e+01 -3.734183883666992188e+01 9.888369441032409668e-01 0.000000000000000000e+00 0.000000000000000000e+00 0.000000000000000000e+00 1.000000000000000000e+00
1.716364464452651024e+09 1.456191825866699219e+01 -3.735929870605468750e+01 9.864870905876159668e-01 0.000000000000000000e+00 0.000000000000000000e+00 0.000000000000000000e+00 1.000000000000000000e+00
1.716364464502433062e+09 1.457095050811767578e+01 -3.737398147583007812e+01 9.833327531814576306e-01 0.000000000000000000e+00 0.000000000000000000e+00 0.000000000000000000e+00 1.000000000000000000e+00
1.716364464553503275e+09 1.457985687255859375e+01 -3.738979339599609375e+01 9.804393649101256214e-01 0.000000000000000000e+00 0.000000000000000000e+00 0.000000000000000000e+00 1.000000000000000000e+00
1.716364464602735519e+09 1.458753585815429688e+01 -3.740178680419921875e+01 9.776142239570617676e-01 0.000000000000000000e+00 0.000000000000000000e+00 0.000000000000000000e+00 1.000000000000000000e+00
1.716364464703207731e+09 1.460622978210449219e+01 -3.743198776245117188e+01 9.717363715171813965e-01 0.000000000000000000e+00 0.000000000000000000e+00 0.000000000000000000e+00 1.000000000000000000e+00
1.716364464753360033e+09 1.461115932464599609e+01 -3.743966293334960938e+01 9.671305418014526367e-01 0.000000000000000000e+00 0.000000000000000000e+00 0.000000000000000000e+00 1.000000000000000000e+00
1.716364464804090261e+09 1.461473178863525391e+01 -3.744681549072265625e+01 9.642062187194824219e-01 0.000000000000000000e+00 0.000000000000000000e+00 0.000000000000000000e+00 1.000000000000000000e+00
1.716364464853711128e+09 1.461855792999267578e+01 -3.745279693603516336e+01 9.611001610755920410e-01 0.000000000000000000e+00 0.000000000000000000e+00 0.000000000000000000e+00 1.000000000000000000e+00
1.716364464904251814e+09 1.462229347229004084e+01 -3.745988082885742188e+01 9.577543139457703747e-01 0.000000000000000000e+00 0.000000000000000000e+00 0.000000000000000000e+00 1.000000000000000000e+00
1.716364464954167843e+09 1.462258148193359375e+01 -3.746080780029296875e+01 9.553214907646180309e-01 0.000000000000000000e+00 0.000000000000000000e+00 0.000000000000000000e+00 1.000000000000000000e+00
1.716364465004431248e+09 1.462190532684326172e+01 -3.746104431152343750e+01 9.533304572105407715e-01 0.000000000000000000e+00 0.000000000000000000e+00 0.000000000000000000e+00 1.000000000000000000e+00
1.716364465054601908e+09 1.462098503112792969e+01 -3.745921707153320312e+01 9.505637884140015759e-01 0.000000000000000000e+00 0.000000000000000000e+00 0.000000000000000000e+00 1.000000000000000000e+00
1.716364465104857922e+09 1.461830997467041016e+01 -3.745056533813476562e+01 9.482462406158448376e-01 0.000000000000000000e+00 0.000000000000000000e+00 0.000000000000000000e+00 1.000000000000000000e+00
1.716364465155210495e+09 1.461417102813720881e+01 -3.744464492797852273e+01 9.466900229454040527e-01 0.000000000000000000e+00 0.000000000000000000e+00 0.000000000000000000e+00 1.000000000000000000e+00
1.716364465205450058e+09 1.460997104644775391e+01 -3.743658828735352273e+01 9.443169832229614258e-01 0.000000000000000000e+00 0.000000000000000000e+00 0.000000000000000000e+00 1.000000000000000000e+00
1.716364465255540371e+09 1.460529136657714844e+01 -3.742765426635742188e+01 9.427809119224548340e-01 0.000000000000000000e+00 0.000000000000000000e+00 0.000000000000000000e+00 1.000000000000000000e+00
1.716364465305935621e+09 1.459873390197754084e+01 -3.741731262207031250e+01 9.413724541664123535e-01 0.000000000000000000e+00 0.000000000000000000e+00 0.000000000000000000e+00 1.000000000000000000e+00
1.716364465414138317e+09 1.458544826507568359e+01 -3.739134216308593750e+01 9.398571252822875977e-01 0.000000000000000000e+00 0.000000000000000000e+00 0.000000000000000000e+00 1.000000000000000000e+00
1.716364465456285954e+09 1.457768917083740234e+01 -3.737715530395507812e+01 9.373477101325987659e-01 0.000000000000000000e+00 0.000000000000000000e+00 0.000000000000000000e+00 1.000000000000000000e+00
1.716364465506516218e+09 1.455786705017089844e+01 -3.734403228759765625e+01 9.332023262977600098e-01 0.000000000000000000e+00 0.000000000000000000e+00 0.000000000000000000e+00 1.000000000000000000e+00
1.716364465606769562e+09 1.453810310363769531e+01 -3.730554962158203125e+01 9.309131503105163574e-01 0.000000000000000000e+00 0.000000000000000000e+00 0.000000000000000000e+00 1.000000000000000000e+00
1.716364465657083750e+09 1.451455020904541016e+01 -3.726203918457031250e+01 9.247136116027832031e-01 0.000000000000000000e+00 0.000000000000000000e+00 0.000000000000000000e+00 1.000000000000000000e+00
1.716364465708451033e+09 1.450041389465332031e+01 -3.723854827880859375e+01 9.234356284141540527e-01 0.000000000000000000e+00 0.000000000000000000e+00 0.000000000000000000e+00 1.000000000000000000e+00
1.716364465757625103e+09 1.448745155334472834e+01 -3.721459579467772727e+01 9.218006134033204235e-01 0.000000000000000000e+00 0.000000000000000000e+00 0.000000000000000000e+00 1.000000000000000000e+00
1.716364465807736874e+09 1.446294879913330078e+01 -3.716295242309570312e+01 9.212118387222290039e-01 0.000000000000000000e+00 0.000000000000000000e+00 0.000000000000000000e+00 1.000000000000000000e+00
1.716364465858490944e+09 1.444697189331054865e+01 -3.713590621948242188e+01 9.215629696846008301e-01 0.000000000000000000e+00 0.000000000000000000e+00 0.000000000000000000e+00 1.000000000000000000e+00
1.716364465908151627e+09 1.442998790740966797e+01 -3.710819625854492188e+01 9.230492115020751953e-01 0.000000000000000000e+00 0.000000000000000000e+00 0.000000000000000000e+00 1.000000000000000000e+00
1.716364465958441019e+09 1.440099811553955078e+01 -3.704868316650391336e+01 9.255436658859251819e-01 0.000000000000000000e+00 0.000000000000000000e+00 0.000000000000000000e+00 1.000000000000000000e+00
1.716364466008907318e+09 1.438313102722167969e+01 -3.701811218261718750e+01 9.280123114585876465e-01 0.000000000000000000e+00 0.000000000000000000e+00 0.000000000000000000e+00 1.000000000000000000e+00
1.716364466059011698e+09 1.436492156982422053e+01 -3.698553466796875000e+01 9.312875270843505859e-01 0.000000000000000000e+00 0.000000000000000000e+00 0.000000000000000000e+00 1.000000000000000000e+00
1.716364466109780550e+09 1.434710693359375000e+01 -3.695387268066406250e+01 9.341512918472290039e-01 0.000000000000000000e+00 0.000000000000000000e+00 0.000000000000000000e+00 1.000000000000000000e+00
1.716364466160991430e+09 1.432764244079589844e+01 -3.692072296142578125e+01 9.383583664894104004e-01 0.000000000000000000e+00 0.000000000000000000e+00 0.000000000000000000e+00 1.000000000000000000e+00
1.716364466259989500e+09 1.429101181030273438e+01 -3.684703826904296875e+01 9.428412318229676403e-01 0.000000000000000000e+00 0.000000000000000000e+00 0.000000000000000000e+00 1.000000000000000000e+00
1.716364466310227871e+09 1.425010204315185547e+01 -3.677826309204101562e+01 9.499866962432860218e-01 0.000000000000000000e+00 0.000000000000000000e+00 0.000000000000000000e+00 1.000000000000000000e+00
1.716364466360269070e+09 1.420282363891601562e+01 -3.670445632934570312e+01 9.579605460166932263e-01 0.000000000000000000e+00 0.000000000000000000e+00 0.000000000000000000e+00 1.000000000000000000e+00
1.716364466460598946e+09 1.416347312927245916e+01 -3.662858200073242188e+01 9.615362286567687988e-01 0.000000000000000000e+00 0.000000000000000000e+00 0.000000000000000000e+00 1.000000000000000000e+00
1.716364466510898590e+09 1.413899707794189631e+01 -3.659091567993164062e+01 9.650160074234007679e-01 0.000000000000000000e+00 0.000000000000000000e+00 0.000000000000000000e+00 1.000000000000000000e+00
1.716364466611479044e+09 1.407108879089355646e+01 -3.646926879882812500e+01 9.704093933105467640e-01 0.000000000000000000e+00 0.000000000000000000e+00 0.000000000000000000e+00 1.000000000000000000e+00
1.716364466661494493e+09 1.404569435119628729e+01 -3.642872619628906250e+01 9.734233021736143909e-01 0.000000000000000000e+00 0.000000000000000000e+00 0.000000000000000000e+00 1.000000000000000000e+00
1.716364466711651802e+09 1.401858711242675781e+01 -3.638776397705078125e+01 9.761171340942383923e-01 0.000000000000000000e+00 0.000000000000000000e+00 0.000000000000000000e+00 1.000000000000000000e+00
1.716364466812153339e+09 1.396218490600585938e+01 -3.630667495727539062e+01 9.814286828041075550e-01 0.000000000000000000e+00 0.000000000000000000e+00 0.000000000000000000e+00 1.000000000000000000e+00
1.716364466862505913e+09 1.391604232788085938e+01 -3.621946716308593750e+01 9.855239391326904297e-01 0.000000000000000000e+00 0.000000000000000000e+00 0.000000000000000000e+00 1.000000000000000000e+00
1.716364466912993193e+09 1.388810920715332031e+01 -3.617667007446289062e+01 9.883642792701720081e-01 0.000000000000000000e+00 0.000000000000000000e+00 0.000000000000000000e+00 1.000000000000000000e+00
1.716364467012861252e+09 1.382922363281250000e+01 -3.609117889404296875e+01 9.962900876998900257e-01 0.000000000000000000e+00 0.000000000000000000e+00 0.000000000000000000e+00 1.000000000000000000e+00
1.716364467063136101e+09 1.378122901916504084e+01 -3.600038146972656250e+01 1.000321507453918457e+00 0.000000000000000000e+00 0.000000000000000000e+00 0.000000000000000000e+00 1.000000000000000000e+00
1.716364467113897800e+09 1.375115394592285156e+01 -3.595411300659179688e+01 1.003863453865051270e+00 0.000000000000000000e+00 0.000000000000000000e+00 0.000000000000000000e+00 1.000000000000000000e+00
1.716364467163933516e+09 1.372203826904296875e+01 -3.591175460815429688e+01 1.007316589355468750e+00 0.000000000000000000e+00 0.000000000000000000e+00 0.000000000000000000e+00 1.000000000000000000e+00
1.716364467213836908e+09 1.366407299041748047e+01 -3.582371902465820312e+01 1.014396071434020996e+00 0.000000000000000000e+00 0.000000000000000000e+00 0.000000000000000000e+00 1.000000000000000000e+00
1.716364467314550877e+09 1.361382389068603516e+01 -3.572413253784179688e+01 1.018897891044616699e+00 0.000000000000000000e+00 0.000000000000000000e+00 0.000000000000000000e+00 1.000000000000000000e+00
1.716364467364592075e+09 1.358510589599609375e+01 -3.567838668823242188e+01 1.021611809730529785e+00 0.000000000000000000e+00 0.000000000000000000e+00 0.000000000000000000e+00 1.000000000000000000e+00
1.716364467415043354e+09 1.352779960632324219e+01 -3.558257675170898438e+01 1.028620362281799094e+00 0.000000000000000000e+00 0.000000000000000000e+00 0.000000000000000000e+00 1.000000000000000000e+00
1.716364467516018867e+09 1.349980449676513672e+01 -3.553656387329101562e+01 1.032361149787902832e+00 0.000000000000000000e+00 0.000000000000000000e+00 0.000000000000000000e+00 1.000000000000000000e+00
1.716364467615919113e+09 1.342567729949951172e+01 -3.538831710815429688e+01 1.041550517082214355e+00 0.000000000000000000e+00 0.000000000000000000e+00 0.000000000000000000e+00 1.000000000000000000e+00
1.716364467666049004e+09 1.339909458160400391e+01 -3.533641052246093750e+01 1.045499920845031516e+00 0.000000000000000000e+00 0.000000000000000000e+00 0.000000000000000000e+00 1.000000000000000000e+00
1.716364467715910196e+09 1.337382125854492188e+01 -3.528615188598632812e+01 1.049586415290832297e+00 0.000000000000000000e+00 0.000000000000000000e+00 0.000000000000000000e+00 1.000000000000000000e+00
1.716364467816703081e+09 1.330322074890136719e+01 -3.513121414184570312e+01 1.059435606002807617e+00 0.000000000000000000e+00 0.000000000000000000e+00 0.000000000000000000e+00 1.000000000000000000e+00
1.716364467917066097e+09 1.325090885162353516e+01 -3.502280044555664062e+01 1.068066477775573508e+00 0.000000000000000000e+00 0.000000000000000000e+00 0.000000000000000000e+00 1.000000000000000000e+00
1.716364467967593908e+09 1.320701503753661932e+01 -3.491863632202148438e+01 1.072750926017761230e+00 0.000000000000000000e+00 0.000000000000000000e+00 0.000000000000000000e+00 1.000000000000000000e+00
1.716364468019990206e+09 1.318169975280761541e+01 -3.486304092407226562e+01 1.077155113220214844e+00 0.000000000000000000e+00 0.000000000000000000e+00 0.000000000000000000e+00 1.000000000000000000e+00
1.716364468067903280e+09 1.315645694732666016e+01 -3.480742263793945312e+01 1.081820011138916016e+00 0.000000000000000000e+00 0.000000000000000000e+00 0.000000000000000000e+00 1.000000000000000000e+00
1.716364468117719650e+09 1.313206481933593750e+01 -3.475254058837890625e+01 1.085898637771606445e+00 0.000000000000000000e+00 0.000000000000000000e+00 0.000000000000000000e+00 1.000000000000000000e+00
1.716364468168189526e+09 1.310730171203613281e+01 -3.469672393798828125e+01 1.089552640914916992e+00 0.000000000000000000e+00 0.000000000000000000e+00 0.000000000000000000e+00 1.000000000000000000e+00
1.716364468268536329e+09 1.303920555114745916e+01 -3.453225708007812500e+01 1.098181247711181641e+00 0.000000000000000000e+00 0.000000000000000000e+00 0.000000000000000000e+00 1.000000000000000000e+00
1.716364468318642378e+09 1.301561260223388850e+01 -3.447814941406250000e+01 1.103104352951049805e+00 0.000000000000000000e+00 0.000000000000000000e+00 0.000000000000000000e+00 1.000000000000000000e+00
1.716364468368863344e+09 1.299191761016845525e+01 -3.442406463623046875e+01 1.106385588645935059e+00 0.000000000000000000e+00 0.000000000000000000e+00 0.000000000000000000e+00 1.000000000000000000e+00
1.716364468469202995e+09 1.294469451904296875e+01 -3.430831527709960938e+01 1.110231995582580566e+00 0.000000000000000000e+00 0.000000000000000000e+00 0.000000000000000000e+00 1.000000000000000000e+00
1.716364468519263983e+09 1.291944122314453125e+01 -3.425374984741210938e+01 1.113773941993713379e+00 0.000000000000000000e+00 0.000000000000000000e+00 0.000000000000000000e+00 1.000000000000000000e+00
1.716364468569534540e+09 1.286823463439941406e+01 -3.414273452758789062e+01 1.120129346847534180e+00 0.000000000000000000e+00 0.000000000000000000e+00 0.000000000000000000e+00 1.000000000000000000e+00
1.716364468619859457e+09 1.284236431121826172e+01 -3.409052276611328125e+01 1.122572064399719238e+00 0.000000000000000000e+00 0.000000000000000000e+00 0.000000000000000000e+00 1.000000000000000000e+00
1.716364468720713615e+09 1.279514503479004084e+01 -3.397903823852539062e+01 1.125837326049804910e+00 0.000000000000000000e+00 0.000000000000000000e+00 0.000000000000000000e+00 1.000000000000000000e+00
1.716364468770324230e+09 1.273839855194091797e+01 -3.387114715576171875e+01 1.130332350730895996e+00 0.000000000000000000e+00 0.000000000000000000e+00 0.000000000000000000e+00 1.000000000000000000e+00
1.716364468820571423e+09 1.268616294860839844e+01 -3.375941085815429688e+01 1.133705258369445801e+00 0.000000000000000000e+00 0.000000000000000000e+00 0.000000000000000000e+00 1.000000000000000000e+00
1.716364468870736837e+09 1.265649986267089844e+01 -3.370754241943359375e+01 1.135269641876220703e+00 0.000000000000000000e+00 0.000000000000000000e+00 0.000000000000000000e+00 1.000000000000000000e+00
1.716364468920869350e+09 1.262501811981201172e+01 -3.364994049072265625e+01 1.136693477630615234e+00 0.000000000000000000e+00 0.000000000000000000e+00 0.000000000000000000e+00 1.000000000000000000e+00
1.716364468971096516e+09 1.259237194061279119e+01 -3.359492111206054688e+01 1.139287829399108887e+00 0.000000000000000000e+00 0.000000000000000000e+00 0.000000000000000000e+00 1.000000000000000000e+00
1.716364469021308661e+09 1.252765846252441406e+01 -3.348997879028320312e+01 1.142947316169738770e+00 0.000000000000000000e+00 0.000000000000000000e+00 0.000000000000000000e+00 1.000000000000000000e+00
1.716364469121849060e+09 1.247072219848632812e+01 -3.337891006469726562e+01 1.146186113357543945e+00 0.000000000000000000e+00 0.000000000000000000e+00 0.000000000000000000e+00 1.000000000000000000e+00
1.716364469172101974e+09 1.243561077117919922e+01 -3.332478332519531250e+01 1.147674798965454102e+00 0.000000000000000000e+00 0.000000000000000000e+00 0.000000000000000000e+00 1.000000000000000000e+00
1.716364469272252083e+09 1.236446475982666016e+01 -3.321686172485352273e+01 1.150880694389343262e+00 0.000000000000000000e+00 0.000000000000000000e+00 0.000000000000000000e+00 1.000000000000000000e+00
1.716364469322933912e+09 1.230435943603515625e+01 -3.309945297241210938e+01 1.152065515518188477e+00 0.000000000000000000e+00 0.000000000000000000e+00 0.000000000000000000e+00 1.000000000000000000e+00
1.716364469372799158e+09 1.226641941070556641e+01 -3.304421997070312500e+01 1.153494119644165039e+00 0.000000000000000000e+00 0.000000000000000000e+00 0.000000000000000000e+00 1.000000000000000000e+00
1.716364469473138332e+09 1.218759441375732422e+01 -3.293693161010742188e+01 1.154698967933654785e+00 0.000000000000000000e+00 0.000000000000000000e+00 0.000000000000000000e+00 1.000000000000000000e+00
1.716364469573712349e+09 1.204316329956054865e+01 -3.271201324462890625e+01 1.154483795166015625e+00 0.000000000000000000e+00 0.000000000000000000e+00 0.000000000000000000e+00 1.000000000000000000e+00
1.716364469674117327e+09 1.196026039123535156e+01 -3.259863281250000000e+01 1.152862906455993652e+00 0.000000000000000000e+00 0.000000000000000000e+00 0.000000000000000000e+00 1.000000000000000000e+00
1.716364469824517965e+09 1.185315608978271662e+01 -3.242378997802734375e+01 1.152547001838684082e+00 0.000000000000000000e+00 0.000000000000000000e+00 0.000000000000000000e+00 1.000000000000000000e+00
1.716364469874773026e+09 1.180880451202392578e+01 -3.236545562744140625e+01 1.152112603187561035e+00 0.000000000000000000e+00 0.000000000000000000e+00 0.000000000000000000e+00 1.000000000000000000e+00
1.716364469924829483e+09 1.176673793792724609e+01 -3.230627441406250000e+01 1.151238083839416504e+00 0.000000000000000000e+00 0.000000000000000000e+00 0.000000000000000000e+00 1.000000000000000000e+00
1.716364469974963427e+09 1.170096397399902344e+01 -3.218866729736328125e+01 1.150915265083312988e+00 0.000000000000000000e+00 0.000000000000000000e+00 0.000000000000000000e+00 1.000000000000000000e+00
1.716364470025079727e+09 1.165755176544189631e+01 -3.212675476074218750e+01 1.150115609169006348e+00 0.000000000000000000e+00 0.000000000000000000e+00 0.000000000000000000e+00 1.000000000000000000e+00
1.716364470075249434e+09 1.161384677886962713e+01 -3.206813049316406250e+01 1.149431228637695090e+00 0.000000000000000000e+00 0.000000000000000000e+00 0.000000000000000000e+00 1.000000000000000000e+00
1.716364470125365496e+09 1.152599239349365234e+01 -3.194993019104003906e+01 1.147449135780334473e+00 0.000000000000000000e+00 0.000000000000000000e+00 0.000000000000000000e+00 1.000000000000000000e+00
1.716364470225980759e+09 1.141626167297363281e+01 -3.176623725891113281e+01 1.147928476333618164e+00 0.000000000000000000e+00 0.000000000000000000e+00 0.000000000000000000e+00 1.000000000000000000e+00
1.716364470325938463e+09 1.137177944183349609e+01 -3.170464134216308949e+01 1.147870063781738503e+00 0.000000000000000000e+00 0.000000000000000000e+00 0.000000000000000000e+00 1.000000000000000000e+00
1.716364470376592159e+09 1.130367183685302734e+01 -3.157501602172851918e+01 1.148353457450866699e+00 0.000000000000000000e+00 0.000000000000000000e+00 0.000000000000000000e+00 1.000000000000000000e+00
1.716364470426376343e+09 1.126007843017577947e+01 -3.151201438903808949e+01 1.148572564125061035e+00 0.000000000000000000e+00 0.000000000000000000e+00 0.000000000000000000e+00 1.000000000000000000e+00
1.716364470526734114e+09 1.117231178283691406e+01 -3.138194084167480469e+01 1.149494528770446777e+00 0.000000000000000000e+00 0.000000000000000000e+00 0.000000000000000000e+00 1.000000000000000000e+00
1.716364470576880693e+09 1.112985515594482422e+01 -3.131849861145019531e+01 1.149647116661071777e+00 0.000000000000000000e+00 0.000000000000000000e+00 0.000000000000000000e+00 1.000000000000000000e+00
1.716364470626989841e+09 1.106330013275146484e+01 -3.118614387512207031e+01 1.150794744491577148e+00 0.000000000000000000e+00 0.000000000000000000e+00 0.000000000000000000e+00 1.000000000000000000e+00
1.716364470677334309e+09 1.101966381072998047e+01 -3.111779975891113281e+01 1.151717066764831543e+00 0.000000000000000000e+00 0.000000000000000000e+00 0.000000000000000000e+00 1.000000000000000000e+00
1.716364470727442026e+09 1.093407058715820312e+01 -3.098473930358886719e+01 1.154503226280212402e+00 0.000000000000000000e+00 0.000000000000000000e+00 0.000000000000000000e+00 1.000000000000000000e+00
1.716364470827777386e+09 1.089099597930908203e+01 -3.091298484802246094e+01 1.155394315719604492e+00 0.000000000000000000e+00 0.000000000000000000e+00 0.000000000000000000e+00 1.000000000000000000e+00
1.716364470880221128e+09 1.078073501586914062e+01 -3.070479774475097656e+01 1.158813834190368874e+00 0.000000000000000000e+00 0.000000000000000000e+00 0.000000000000000000e+00 1.000000000000000000e+00
1.716364470928295374e+09 1.073955249786376953e+01 -3.063448143005371094e+01 1.160798072814941406e+00 0.000000000000000000e+00 0.000000000000000000e+00 0.000000000000000000e+00 1.000000000000000000e+00
1.716364470978743553e+09 1.069837665557861150e+01 -3.056627655029296875e+01 1.162922501564026101e+00 0.000000000000000000e+00 0.000000000000000000e+00 0.000000000000000000e+00 1.000000000000000000e+00
1.716364471078764200e+09 1.065779018402099609e+01 -3.049678611755371094e+01 1.163977622985839844e+00 0.000000000000000000e+00 0.000000000000000000e+00 0.000000000000000000e+00 1.000000000000000000e+00
1.716364471129096508e+09 1.055033969879150391e+01 -3.028541946411132812e+01 1.168600916862487793e+00 0.000000000000000000e+00 0.000000000000000000e+00 0.000000000000000000e+00 1.000000000000000000e+00
1.716364471179480076e+09 1.051192760467529119e+01 -3.021833229064941051e+01 1.170494437217712402e+00 0.000000000000000000e+00 0.000000000000000000e+00 0.000000000000000000e+00 1.000000000000000000e+00
1.716364471229787827e+09 1.047224807739257812e+01 -3.014638900756835938e+01 1.172604084014892578e+00 0.000000000000000000e+00 0.000000000000000000e+00 0.000000000000000000e+00 1.000000000000000000e+00
1.716364471330134869e+09 1.040598487854004084e+01 -2.999686622619628906e+01 1.174886941909790039e+00 0.000000000000000000e+00 0.000000000000000000e+00 0.000000000000000000e+00 1.000000000000000000e+00
1.716364471380250216e+09 1.032983207702636719e+01 -2.985606193542480469e+01 1.178385496139526367e+00 0.000000000000000000e+00 0.000000000000000000e+00 0.000000000000000000e+00 1.000000000000000000e+00
1.716364471430759668e+09 1.029087448120117188e+01 -2.978384971618652344e+01 1.180980324745178223e+00 0.000000000000000000e+00 0.000000000000000000e+00 0.000000000000000000e+00 1.000000000000000000e+00
1.716364471480914593e+09 1.022710704803466797e+01 -2.964086151123046875e+01 1.184755206108093262e+00 0.000000000000000000e+00 0.000000000000000000e+00 0.000000000000000000e+00 1.000000000000000000e+00
1.716364471581374884e+09 1.018764972686767578e+01 -2.956774902343750000e+01 1.187353849411010742e+00 0.000000000000000000e+00 0.000000000000000000e+00 0.000000000000000000e+00 1.000000000000000000e+00
1.716364471631408930e+09 1.011246204376220881e+01 -2.942658996582031250e+01 1.194290637969970703e+00 0.000000000000000000e+00 0.000000000000000000e+00 0.000000000000000000e+00 1.000000000000000000e+00
1.716364471732253075e+09 1.001039218902588068e+01 -2.920582962036132812e+01 1.202055573463439941e+00 0.000000000000000000e+00 0.000000000000000000e+00 0.000000000000000000e+00 1.000000000000000000e+00
1.716364471832508326e+09 9.936158180236816406e+00 -2.906323623657226562e+01 1.208346843719482422e+00 0.000000000000000000e+00 0.000000000000000000e+00 0.000000000000000000e+00 1.000000000000000000e+00
1.716364471932845592e+09 9.898703575134275567e+00 -2.899362945556640625e+01 1.211381673812866211e+00 0.000000000000000000e+00 0.000000000000000000e+00 0.000000000000000000e+00 1.000000000000000000e+00
1.716364471983401775e+09 9.836705207824708808e+00 -2.885103225708008168e+01 1.214548468589782715e+00 0.000000000000000000e+00 0.000000000000000000e+00 0.000000000000000000e+00 1.000000000000000000e+00
1.716364472033659935e+09 9.762149810791015625e+00 -2.871271324157714844e+01 1.219019651412964089e+00 0.000000000000000000e+00 0.000000000000000000e+00 0.000000000000000000e+00 1.000000000000000000e+00
1.716364472084722519e+09 9.725655555725097656e+00 -2.864486503601074574e+01 1.221436500549316406e+00 0.000000000000000000e+00 0.000000000000000000e+00 0.000000000000000000e+00 1.000000000000000000e+00
1.716364472184012651e+09 9.664460182189939630e+00 -2.850301361083984375e+01 1.222990036010742188e+00 0.000000000000000000e+00 0.000000000000000000e+00 0.000000000000000000e+00 1.000000000000000000e+00
1.716364472234317780e+09 9.592145919799804688e+00 -2.836388778686523438e+01 1.227280259132385254e+00 0.000000000000000000e+00 0.000000000000000000e+00 0.000000000000000000e+00 1.000000000000000000e+00
1.716364472284604073e+09 9.556017875671388495e+00 -2.829587936401367188e+01 1.227999210357666016e+00 0.000000000000000000e+00 0.000000000000000000e+00 0.000000000000000000e+00 1.000000000000000000e+00
1.716364472385165930e+09 9.494601249694824219e+00 -2.815302276611328125e+01 1.229315876960754395e+00 0.000000000000000000e+00 0.000000000000000000e+00 0.000000000000000000e+00 1.000000000000000000e+00
1.716364472435403347e+09 9.420867919921876776e+00 -2.801642227172851918e+01 1.231398820877075195e+00 0.000000000000000000e+00 0.000000000000000000e+00 0.000000000000000000e+00 1.000000000000000000e+00
1.716364472485694408e+09 9.383489608764648438e+00 -2.794775390625000000e+01 1.231997847557068093e+00 0.000000000000000000e+00 0.000000000000000000e+00 0.000000000000000000e+00 1.000000000000000000e+00
1.716364472585790873e+09 9.283367156982421875e+00 -2.773240470886230469e+01 1.232275009155273438e+00 0.000000000000000000e+00 0.000000000000000000e+00 0.000000000000000000e+00 1.000000000000000000e+00
1.716364472635957479e+09 9.245404243469238281e+00 -2.766284179687500000e+01 1.231210589408874290e+00 0.000000000000000000e+00 0.000000000000000000e+00 0.000000000000000000e+00 1.000000000000000000e+00
1.716364472736535788e+09 9.171278953552246094e+00 -2.752520561218261719e+01 1.229082465171813965e+00 0.000000000000000000e+00 0.000000000000000000e+00 0.000000000000000000e+00 1.000000000000000000e+00
1.716364472836850882e+09 9.071962356567384589e+00 -2.731159782409667969e+01 1.225908994674682617e+00 0.000000000000000000e+00 0.000000000000000000e+00 0.000000000000000000e+00 1.000000000000000000e+00
1.716364472887089968e+09 9.034757614135742188e+00 -2.724279212951660156e+01 1.223828673362731934e+00 0.000000000000000000e+00 0.000000000000000000e+00 0.000000000000000000e+00 1.000000000000000000e+00
1.716364472937224627e+09 8.996788978576660156e+00 -2.717106437683105113e+01 1.220800280570984109e+00 0.000000000000000000e+00 0.000000000000000000e+00 0.000000000000000000e+00 1.000000000000000000e+00
1.716364472987634659e+09 8.933888435363769531e+00 -2.702225875854491832e+01 1.218054413795471191e+00 0.000000000000000000e+00 0.000000000000000000e+00 0.000000000000000000e+00 1.000000000000000000e+00
1.716364473037919998e+09 8.896309852600097656e+00 -2.695250129699707031e+01 1.215677618980407493e+00 0.000000000000000000e+00 0.000000000000000000e+00 0.000000000000000000e+00 1.000000000000000000e+00
1.716364473088190556e+09 8.857609748840332031e+00 -2.687995147705078125e+01 1.213897824287414551e+00 0.000000000000000000e+00 0.000000000000000000e+00 0.000000000000000000e+00 1.000000000000000000e+00
1.716364473138286829e+09 8.816105842590332031e+00 -2.679566955566406250e+01 1.210746645927429199e+00 0.000000000000000000e+00 0.000000000000000000e+00 0.000000000000000000e+00 1.000000000000000000e+00
1.716364473238654137e+09 8.717517852783203125e+00 -2.658484649658203125e+01 1.205536842346191406e+00 0.000000000000000000e+00 0.000000000000000000e+00 0.000000000000000000e+00 1.000000000000000000e+00
1.716364473289029360e+09 8.677253723144531250e+00 -2.651276969909667969e+01 1.202888250350951926e+00 0.000000000000000000e+00 0.000000000000000000e+00 0.000000000000000000e+00 1.000000000000000000e+00
1.716364473339121819e+09 8.637342453002929688e+00 -2.644478416442871094e+01 1.201143026351928711e+00 0.000000000000000000e+00 0.000000000000000000e+00 0.000000000000000000e+00 1.000000000000000000e+00
1.716364473439478159e+09 8.528134346008300781e+00 -2.621107864379882812e+01 1.198038697242736816e+00 0.000000000000000000e+00 0.000000000000000000e+00 0.000000000000000000e+00 1.000000000000000000e+00
1.716364473489704609e+09 8.487536430358886719e+00 -2.613801956176757457e+01 1.195497035980224609e+00 0.000000000000000000e+00 0.000000000000000000e+00 0.000000000000000000e+00 1.000000000000000000e+00
1.716364473540172815e+09 8.446320533752441406e+00 -2.606304740905761719e+01 1.192919373512268066e+00 0.000000000000000000e+00 0.000000000000000000e+00 0.000000000000000000e+00 1.000000000000000000e+00
1.716364473590628862e+09 8.403395652770996094e+00 -2.598546981811523438e+01 1.190790534019470215e+00 0.000000000000000000e+00 0.000000000000000000e+00 0.000000000000000000e+00 1.000000000000000000e+00
1.716364473640296936e+09 8.362410545349121094e+00 -2.591354942321777344e+01 1.187689661979675293e+00 0.000000000000000000e+00 0.000000000000000000e+00 0.000000000000000000e+00 1.000000000000000000e+00
1.716364473740743876e+09 8.249403953552246094e+00 -2.568194961547851918e+01 1.180912613868713379e+00 0.000000000000000000e+00 0.000000000000000000e+00 0.000000000000000000e+00 1.000000000000000000e+00
1.716364473841457367e+09 8.206862449645996094e+00 -2.560942459106445312e+01 1.176545500755310059e+00 0.000000000000000000e+00 0.000000000000000000e+00 0.000000000000000000e+00 1.000000000000000000e+00
1.716364473896825075e+09 8.137979507446289062e+00 -2.545186805725097656e+01 1.172610282897949219e+00 0.000000000000000000e+00 0.000000000000000000e+00 0.000000000000000000e+00 1.000000000000000000e+00
1.716364473941478252e+09 8.094291687011718750e+00 -2.537862205505371094e+01 1.167553305625915527e+00 0.000000000000000000e+00 0.000000000000000000e+00 0.000000000000000000e+00 1.000000000000000000e+00
1.716364473991984606e+09 8.004691123962402344e+00 -2.522857093811035156e+01 1.155885577201843262e+00 0.000000000000000000e+00 0.000000000000000000e+00 0.000000000000000000e+00 1.000000000000000000e+00
1.716364474042915583e+09 7.957467555999755859e+00 -2.515114021301269176e+01 1.150087952613830566e+00 0.000000000000000000e+00 0.000000000000000000e+00 0.000000000000000000e+00 1.000000000000000000e+00
1.716364474092483044e+09 7.910658359527587891e+00 -2.507774353027344105e+01 1.143689870834350586e+00 0.000000000000000000e+00 0.000000000000000000e+00 0.000000000000000000e+00 1.000000000000000000e+00
1.716364474193192482e+09 7.790163993835449219e+00 -2.484917640686035156e+01 1.131091117858886719e+00 0.000000000000000000e+00 0.000000000000000000e+00 0.000000000000000000e+00 1.000000000000000000e+00
1.716364474243515730e+09 7.741284847259521484e+00 -2.477320671081542969e+01 1.124124646186828613e+00 0.000000000000000000e+00 0.000000000000000000e+00 0.000000000000000000e+00 1.000000000000000000e+00
1.716364474293516636e+09 7.692517757415771484e+00 -2.470135688781738281e+01 1.116635918617248313e+00 0.000000000000000000e+00 0.000000000000000000e+00 0.000000000000000000e+00 1.000000000000000000e+00
1.716364474393917799e+09 7.616998195648193359e+00 -2.454042434692382812e+01 1.111014366149902344e+00 0.000000000000000000e+00 0.000000000000000000e+00 0.000000000000000000e+00 1.000000000000000000e+00
1.716364474444233894e+09 7.517938137054443359e+00 -2.439394760131835938e+01 1.098208308219909668e+00 0.000000000000000000e+00 0.000000000000000000e+00 0.000000000000000000e+00 1.000000000000000000e+00
1.716364474494328976e+09 7.467436790466308594e+00 -2.432253646850585938e+01 1.091925978660583496e+00 0.000000000000000000e+00 0.000000000000000000e+00 0.000000000000000000e+00 1.000000000000000000e+00
1.716364474544690609e+09 7.416154861450195312e+00 -2.424924087524414062e+01 1.085936307907104492e+00 0.000000000000000000e+00 0.000000000000000000e+00 0.000000000000000000e+00 1.000000000000000000e+00
1.716364474644776821e+09 7.288256645202636719e+00 -2.402247428894042969e+01 1.075582742691040039e+00 0.000000000000000000e+00 0.000000000000000000e+00 0.000000000000000000e+00 1.000000000000000000e+00
1.716364474695035696e+09 7.236418247222900391e+00 -2.395238685607910156e+01 1.070043444633484109e+00 0.000000000000000000e+00 0.000000000000000000e+00 0.000000000000000000e+00 1.000000000000000000e+00
1.716364474745115042e+09 7.182920932769775391e+00 -2.387859344482421875e+01 1.065009474754333496e+00 0.000000000000000000e+00 0.000000000000000000e+00 0.000000000000000000e+00 1.000000000000000000e+00
1.716364474845554829e+09 7.052608966827392578e+00 -2.365335273742676137e+01 1.057774186134338379e+00 0.000000000000000000e+00 0.000000000000000000e+00 0.000000000000000000e+00 1.000000000000000000e+00
1.716364474896235704e+09 7.001121520996093750e+00 -2.357888603210448863e+01 1.055176496505737305e+00 0.000000000000000000e+00 0.000000000000000000e+00 0.000000000000000000e+00 1.000000000000000000e+00
1.716364474945966959e+09 6.946305274963378906e+00 -2.350328826904296875e+01 1.052817225456237793e+00 0.000000000000000000e+00 0.000000000000000000e+00 0.000000000000000000e+00 1.000000000000000000e+00
1.716364475046766281e+09 6.815001487731933594e+00 -2.327397155761718750e+01 1.052090287208557129e+00 0.000000000000000000e+00 0.000000000000000000e+00 0.000000000000000000e+00 1.000000000000000000e+00
1.716364475097089291e+09 6.761665344238281250e+00 -2.320097923278808949e+01 1.051785111427307129e+00 0.000000000000000000e+00 0.000000000000000000e+00 0.000000000000000000e+00 1.000000000000000000e+00
1.716364475197355747e+09 6.656351089477539062e+00 -2.305663681030273082e+01 1.055081248283386230e+00 0.000000000000000000e+00 0.000000000000000000e+00 0.000000000000000000e+00 1.000000000000000000e+00
1.716364475297801733e+09 6.524720191955566406e+00 -2.282092475891113281e+01 1.063386678695678711e+00 0.000000000000000000e+00 0.000000000000000000e+00 0.000000000000000000e+00 1.000000000000000000e+00
1.716364475348327637e+09 6.469626903533936435e+00 -2.274207305908203125e+01 1.067686319351196289e+00 0.000000000000000000e+00 0.000000000000000000e+00 0.000000000000000000e+00 1.000000000000000000e+00
1.716364475398456097e+09 6.395558834075927734e+00 -2.258854675292968750e+01 1.074075579643249512e+00 0.000000000000000000e+00 0.000000000000000000e+00 0.000000000000000000e+00 1.000000000000000000e+00
1.716364475448484898e+09 6.341583728790283203e+00 -2.251450538635253906e+01 1.079225420951843262e+00 0.000000000000000000e+00 0.000000000000000000e+00 0.000000000000000000e+00 1.000000000000000000e+00
1.716364475498616934e+09 6.287320137023925781e+00 -2.244153785705566406e+01 1.084442377090454102e+00 0.000000000000000000e+00 0.000000000000000000e+00 0.000000000000000000e+00 1.000000000000000000e+00
1.716364475548680305e+09 6.230940818786621094e+00 -2.236496353149414062e+01 1.089831948280334473e+00 0.000000000000000000e+00 0.000000000000000000e+00 0.000000000000000000e+00 1.000000000000000000e+00
1.716364475649259567e+09 6.097291946411132812e+00 -2.213345146179199219e+01 1.104586362838745117e+00 0.000000000000000000e+00 0.000000000000000000e+00 0.000000000000000000e+00 1.000000000000000000e+00
1.716364475699368954e+09 6.042066097259521484e+00 -2.206161308288574574e+01 1.111461639404296875e+00 0.000000000000000000e+00 0.000000000000000000e+00 0.000000000000000000e+00 1.000000000000000000e+00
1.716364475749895573e+09 5.985867023468017578e+00 -2.198893547058105113e+01 1.117536783218383789e+00 0.000000000000000000e+00 0.000000000000000000e+00 0.000000000000000000e+00 1.000000000000000000e+00
1.716364475850247145e+09 5.872971534729003906e+00 -2.184251213073730469e+01 1.129918575286865234e+00 0.000000000000000000e+00 0.000000000000000000e+00 0.000000000000000000e+00 1.000000000000000000e+00
1.716364475950591326e+09 5.739359855651856357e+00 -2.161236381530761719e+01 1.142398118972778320e+00 0.000000000000000000e+00 0.000000000000000000e+00 0.000000000000000000e+00 1.000000000000000000e+00
1.716364476000690699e+09 5.680782318115234375e+00 -2.153587722778320312e+01 1.147748589515686035e+00 0.000000000000000000e+00 0.000000000000000000e+00 0.000000000000000000e+00 1.000000000000000000e+00
1.716364476050985813e+09 5.621935367584228516e+00 -2.146250534057616832e+01 1.153752565383911133e+00 0.000000000000000000e+00 0.000000000000000000e+00 0.000000000000000000e+00 1.000000000000000000e+00
1.716364476151347637e+09 5.541486740112304688e+00 -2.130169677734375000e+01 1.160840868949889915e+00 0.000000000000000000e+00 0.000000000000000000e+00 0.000000000000000000e+00 1.000000000000000000e+00
1.716364476201578140e+09 5.480447769165039062e+00 -2.122255134582519531e+01 1.166544675827026367e+00 0.000000000000000000e+00 0.000000000000000000e+00 0.000000000000000000e+00 1.000000000000000000e+00
1.716364476252159834e+09 5.358398437500000000e+00 -2.106300354003906250e+01 1.178004264831542969e+00 0.000000000000000000e+00 0.000000000000000000e+00 0.000000000000000000e+00 1.000000000000000000e+00
1.716364476301935911e+09 5.298990249633789062e+00 -2.098631668090820312e+01 1.183552503585815430e+00 0.000000000000000000e+00 0.000000000000000000e+00 0.000000000000000000e+00 1.000000000000000000e+00
1.716364476352236509e+09 5.239383697509765625e+00 -2.090857505798339844e+01 1.189144611358642578e+00 0.000000000000000000e+00 0.000000000000000000e+00 0.000000000000000000e+00 1.000000000000000000e+00
1.716364476452817678e+09 5.157234191894531250e+00 -2.074364089965820312e+01 1.196303963661193848e+00 0.000000000000000000e+00 0.000000000000000000e+00 0.000000000000000000e+00 1.000000000000000000e+00
1.716364476503607273e+09 5.096408367156982422e+00 -2.066605186462402344e+01 1.201964974403381126e+00 0.000000000000000000e+00 0.000000000000000000e+00 0.000000000000000000e+00 1.000000000000000000e+00
1.716364476553029060e+09 4.979470252990722656e+00 -2.051464080810546875e+01 1.213566899299621582e+00 0.000000000000000000e+00 0.000000000000000000e+00 0.000000000000000000e+00 1.000000000000000000e+00
1.716364476653612852e+09 4.899257659912109375e+00 -2.035097503662109375e+01 1.220259070396423118e+00 0.000000000000000000e+00 0.000000000000000000e+00 0.000000000000000000e+00 1.000000000000000000e+00
1.716364476704491615e+09 4.841070652008056641e+00 -2.027860832214355469e+01 1.225918412208557129e+00 0.000000000000000000e+00 0.000000000000000000e+00 0.000000000000000000e+00 1.000000000000000000e+00
1.716364476754191637e+09 4.720657348632812500e+00 -2.011918067932128906e+01 1.237416744232177512e+00 0.000000000000000000e+00 0.000000000000000000e+00 0.000000000000000000e+00 1.000000000000000000e+00
1.716364476804369450e+09 4.661644935607910156e+00 -2.004470634460448863e+01 1.242494463920593262e+00 0.000000000000000000e+00 0.000000000000000000e+00 0.000000000000000000e+00 1.000000000000000000e+00
1.716364476904305220e+09 4.581442356109619141e+00 -1.987960433959960938e+01 1.249079942703247070e+00 0.000000000000000000e+00 0.000000000000000000e+00 0.000000000000000000e+00 1.000000000000000000e+00
1.716364476954671383e+09 4.461240291595458984e+00 -1.972357177734375000e+01 1.261340498924255371e+00 0.000000000000000000e+00 0.000000000000000000e+00 0.000000000000000000e+00 1.000000000000000000e+00
1.716364477005088091e+09 4.400830268859863281e+00 -1.964805412292480469e+01 1.267379879951477051e+00 0.000000000000000000e+00 0.000000000000000000e+00 0.000000000000000000e+00 1.000000000000000000e+00
1.716364477105431080e+09 4.323341369628906250e+00 -1.948916816711425426e+01 1.274288415908813699e+00 0.000000000000000000e+00 0.000000000000000000e+00 0.000000000000000000e+00 1.000000000000000000e+00
1.716364477155489683e+09 4.203562259674072266e+00 -1.933540344238280895e+01 1.287085652351379395e+00 0.000000000000000000e+00 0.000000000000000000e+00 0.000000000000000000e+00 1.000000000000000000e+00
1.716364477205868483e+09 4.143541812896728516e+00 -1.926045608520508168e+01 1.293617606163024902e+00 0.000000000000000000e+00 0.000000000000000000e+00 0.000000000000000000e+00 1.000000000000000000e+00
1.716364477306075335e+09 4.065860271453857422e+00 -1.910227203369140625e+01 1.301290392875671387e+00 0.000000000000000000e+00 0.000000000000000000e+00 0.000000000000000000e+00 1.000000000000000000e+00
1.716364477356355906e+09 3.946720838546752930e+00 -1.895067787170410156e+01 1.314646363258361816e+00 0.000000000000000000e+00 0.000000000000000000e+00 0.000000000000000000e+00 1.000000000000000000e+00
1.716364477406649828e+09 3.887454271316527876e+00 -1.887721633911132812e+01 1.320373296737670898e+00 0.000000000000000000e+00 0.000000000000000000e+00 0.000000000000000000e+00 1.000000000000000000e+00
1.716364477507453203e+09 3.811279058456420898e+00 -1.872239494323730469e+01 1.326588034629821777e+00 0.000000000000000000e+00 0.000000000000000000e+00 0.000000000000000000e+00 1.000000000000000000e+00
1.716364477557353020e+09 3.692376136779785156e+00 -1.857605171203613281e+01 1.337511658668518066e+00 0.000000000000000000e+00 0.000000000000000000e+00 0.000000000000000000e+00 1.000000000000000000e+00
1.716364477657828093e+09 3.560038566589355469e+00 -1.835956192016601562e+01 1.348084807395935059e+00 0.000000000000000000e+00 0.000000000000000000e+00 0.000000000000000000e+00 1.000000000000000000e+00
1.716364477707988262e+09 3.501909971237182617e+00 -1.829339599609375000e+01 1.352768301963806152e+00 0.000000000000000000e+00 0.000000000000000000e+00 0.000000000000000000e+00 1.000000000000000000e+00
1.716364477758634329e+09 3.443229436874389648e+00 -1.822518348693848012e+01 1.356808423995971680e+00 0.000000000000000000e+00 0.000000000000000000e+00 0.000000000000000000e+00 1.000000000000000000e+00
1.716364477858690500e+09 3.326053619384765625e+00 -1.809447860717773082e+01 1.363367199897765891e+00 0.000000000000000000e+00 0.000000000000000000e+00 0.000000000000000000e+00 1.000000000000000000e+00
1.716364477908826590e+09 3.254553318023681641e+00 -1.795913314819335938e+01 1.366343140602111816e+00 0.000000000000000000e+00 0.000000000000000000e+00 0.000000000000000000e+00 1.000000000000000000e+00
1.716364478009183884e+09 3.137512445449829102e+00 -1.783073425292968750e+01 1.370631814002990723e+00 0.000000000000000000e+00 0.000000000000000000e+00 0.000000000000000000e+00 1.000000000000000000e+00
1.716364478059393644e+09 3.068348884582519531e+00 -1.770070457458496094e+01 1.372767090797424316e+00 0.000000000000000000e+00 0.000000000000000000e+00 0.000000000000000000e+00 1.000000000000000000e+00
1.716364478109371185e+09 3.011375188827514204e+00 -1.763847160339355469e+01 1.374175190925597922e+00 0.000000000000000000e+00 0.000000000000000000e+00 0.000000000000000000e+00 1.000000000000000000e+00
1.716364478210151196e+09 2.954278230667114258e+00 -1.757715034484863281e+01 1.375236868858337402e+00 0.000000000000000000e+00 0.000000000000000000e+00 0.000000000000000000e+00 1.000000000000000000e+00
1.716364478260528326e+09 2.840732336044311523e+00 -1.746214675903320312e+01 1.377396821975708008e+00 0.000000000000000000e+00 0.000000000000000000e+00 0.000000000000000000e+00 1.000000000000000000e+00
1.716364478310551643e+09 2.774823904037476030e+00 -1.734920692443847656e+01 1.378470778465270996e+00 0.000000000000000000e+00 0.000000000000000000e+00 0.000000000000000000e+00 1.000000000000000000e+00
1.716364478360741377e+09 2.718098640441894531e+00 -1.729643821716308594e+01 1.378695607185363770e+00 0.000000000000000000e+00 0.000000000000000000e+00 0.000000000000000000e+00 1.000000000000000000e+00
1.716364478410994530e+09 2.661189317703247070e+00 -1.724660110473632812e+01 1.378751277923583984e+00 0.000000000000000000e+00 0.000000000000000000e+00 0.000000000000000000e+00 1.000000000000000000e+00
1.716364478461376429e+09 2.603672266006469727e+00 -1.719267272949218750e+01 1.379055380821228027e+00 0.000000000000000000e+00 0.000000000000000000e+00 0.000000000000000000e+00 1.000000000000000000e+00
1.716364478511493921e+09 2.546899318695068359e+00 -1.714253997802734375e+01 1.378956913948059082e+00 0.000000000000000000e+00 0.000000000000000000e+00 0.000000000000000000e+00 1.000000000000000000e+00
1.716364478561892271e+09 2.482776165008544922e+00 -1.703876686096191406e+01 1.378941178321838379e+00 0.000000000000000000e+00 0.000000000000000000e+00 0.000000000000000000e+00 1.000000000000000000e+00
1.716364478611904860e+09 2.427979946136474609e+00 -1.699413299560546875e+01 1.378700852394104004e+00 0.000000000000000000e+00 0.000000000000000000e+00 0.000000000000000000e+00 1.000000000000000000e+00
1.716364478661999941e+09 2.373751640319824219e+00 -1.695029449462890625e+01 1.378642439842223899e+00 0.000000000000000000e+00 0.000000000000000000e+00 0.000000000000000000e+00 1.000000000000000000e+00
1.716364478712424278e+09 2.319890975952148438e+00 -1.690627098083496094e+01 1.378264069557189941e+00 0.000000000000000000e+00 0.000000000000000000e+00 0.000000000000000000e+00 1.000000000000000000e+00
1.716364478762748003e+09 2.259387493133544922e+00 -1.681760406494140625e+01 1.378427743911743164e+00 0.000000000000000000e+00 0.000000000000000000e+00 0.000000000000000000e+00 1.000000000000000000e+00
1.716364478812795401e+09 2.206769466400146484e+00 -1.677718544006347656e+01 1.378611683845520020e+00 0.000000000000000000e+00 0.000000000000000000e+00 0.000000000000000000e+00 1.000000000000000000e+00
1.716364478863108873e+09 2.152517557144165039e+00 -1.673785591125488281e+01 1.378729343414306641e+00 0.000000000000000000e+00 0.000000000000000000e+00 0.000000000000000000e+00 1.000000000000000000e+00
1.716364478913242340e+09 2.103272676467895508e+00 -1.669875907897949219e+01 1.378684997558593750e+00 0.000000000000000000e+00 0.000000000000000000e+00 0.000000000000000000e+00 1.000000000000000000e+00
1.716364478963570118e+09 2.051793813705444336e+00 -1.665982246398925781e+01 1.378743410110473633e+00 0.000000000000000000e+00 0.000000000000000000e+00 0.000000000000000000e+00 1.000000000000000000e+00
1.716364479013767004e+09 2.001033067703247070e+00 -1.662470245361328125e+01 1.379275083541869895e+00 0.000000000000000000e+00 0.000000000000000000e+00 0.000000000000000000e+00 1.000000000000000000e+00
1.716364479114110947e+09 1.946569442749023660e+00 -1.655464744567871094e+01 1.379631638526916504e+00 0.000000000000000000e+00 0.000000000000000000e+00 0.000000000000000000e+00 1.000000000000000000e+00
1.716364479164552927e+09 1.897097229957580788e+00 -1.652113533020019531e+01 1.379891872406006081e+00 0.000000000000000000e+00 0.000000000000000000e+00 0.000000000000000000e+00 1.000000000000000000e+00
1.716364479214609623e+09 1.847372531890868697e+00 -1.648752975463867188e+01 1.380574107170104980e+00 0.000000000000000000e+00 0.000000000000000000e+00 0.000000000000000000e+00 1.000000000000000000e+00
1.716364479264856815e+09 1.753461956977844238e+00 -1.642738914489746094e+01 1.381368041038513184e+00 0.000000000000000000e+00 0.000000000000000000e+00 0.000000000000000000e+00 1.000000000000000000e+00
1.716364479315089464e+09 1.703455090522765891e+00 -1.636831092834472656e+01 1.382496476173400879e+00 0.000000000000000000e+00 0.000000000000000000e+00 0.000000000000000000e+00 1.000000000000000000e+00
1.716364479365327120e+09 1.656711697578430176e+00 -1.634295654296875000e+01 1.382997870445251687e+00 0.000000000000000000e+00 0.000000000000000000e+00 0.000000000000000000e+00 1.000000000000000000e+00
1.716364479415480852e+09 1.612071514129638894e+00 -1.631526756286621094e+01 1.383672118186950906e+00 0.000000000000000000e+00 0.000000000000000000e+00 0.000000000000000000e+00 1.000000000000000000e+00
1.716364479465733528e+09 1.567097067832946777e+00 -1.629152488708496094e+01 1.384373903274535911e+00 0.000000000000000000e+00 0.000000000000000000e+00 0.000000000000000000e+00 1.000000000000000000e+00
1.716364479566151857e+09 1.474632859230041504e+00 -1.621079444885253906e+01 1.385751008987426758e+00 0.000000000000000000e+00 0.000000000000000000e+00 0.000000000000000000e+00 1.000000000000000000e+00
1.716364479616318226e+09 1.430338978767395020e+00 -1.618665695190429688e+01 1.386210083961486816e+00 0.000000000000000000e+00 0.000000000000000000e+00 0.000000000000000000e+00 1.000000000000000000e+00
1.716364479666558981e+09 1.386795043945312500e+00 -1.616334724426269531e+01 1.386681675910949707e+00 0.000000000000000000e+00 0.000000000000000000e+00 0.000000000000000000e+00 1.000000000000000000e+00
1.716364479766829729e+09 1.301627397537231445e+00 -1.609017181396484375e+01 1.387337327003479004e+00 0.000000000000000000e+00 0.000000000000000000e+00 0.000000000000000000e+00 1.000000000000000000e+00
1.716364479816817760e+09 1.260541915893554910e+00 -1.606335067749023438e+01 1.387391686439514160e+00 0.000000000000000000e+00 0.000000000000000000e+00 0.000000000000000000e+00 1.000000000000000000e+00
1.716364479867009878e+09 1.219094872474670410e+00 -1.603846740722656250e+01 1.387417554855346902e+00 0.000000000000000000e+00 0.000000000000000000e+00 0.000000000000000000e+00 1.000000000000000000e+00
1.716364479917021275e+09 1.177742838859558105e+00 -1.601348114013671875e+01 1.387144088745117188e+00 0.000000000000000000e+00 0.000000000000000000e+00 0.000000000000000000e+00 1.000000000000000000e+00
1.716364479967147350e+09 1.134070873260498047e+00 -1.596149063110351562e+01 1.386760711669922097e+00 0.000000000000000000e+00 0.000000000000000000e+00 0.000000000000000000e+00 1.000000000000000000e+00
1.716364480017485380e+09 1.093454837799072488e+00 -1.593625736236572443e+01 1.386474132537841797e+00 0.000000000000000000e+00 0.000000000000000000e+00 0.000000000000000000e+00 1.000000000000000000e+00
1.716364480071611404e+09 1.052218914031982422e+00 -1.590996551513672053e+01 1.385805010795593262e+00 0.000000000000000000e+00 0.000000000000000000e+00 0.000000000000000000e+00 1.000000000000000000e+00
1.716364480118559122e+09 1.008403658866882324e+00 -1.585768890380859375e+01 1.385571002960205078e+00 0.000000000000000000e+00 0.000000000000000000e+00 0.000000000000000000e+00 1.000000000000000000e+00
1.716364480167812824e+09 9.682737588882446289e-01 -1.583213329315185547e+01 1.384920716285705566e+00 0.000000000000000000e+00 0.000000000000000000e+00 0.000000000000000000e+00 1.000000000000000000e+00
1.716364480218086004e+09 9.280269145965576172e-01 -1.580649185180664062e+01 1.384357571601867676e+00 0.000000000000000000e+00 0.000000000000000000e+00 0.000000000000000000e+00 1.000000000000000000e+00
1.716364480268263102e+09 8.881596326828002930e-01 -1.578073215484619141e+01 1.383543014526367188e+00 0.000000000000000000e+00 0.000000000000000000e+00 0.000000000000000000e+00 1.000000000000000000e+00
1.716364480319081545e+09 8.461457490921020508e-01 -1.572695255279541016e+01 1.382571101188659668e+00 0.000000000000000000e+00 0.000000000000000000e+00 0.000000000000000000e+00 1.000000000000000000e+00
1.716364480368794203e+09 8.057529330253601074e-01 -1.570102977752685547e+01 1.381510376930236816e+00 0.000000000000000000e+00 0.000000000000000000e+00 0.000000000000000000e+00 1.000000000000000000e+00
1.716364480419056654e+09 7.665663957595825195e-01 -1.567495250701904475e+01 1.380606651306152344e+00 0.000000000000000000e+00 0.000000000000000000e+00 0.000000000000000000e+00 1.000000000000000000e+00
1.716364480469079256e+09 6.901738047599792480e-01 -1.562744045257568359e+01 1.378967761993408203e+00 0.000000000000000000e+00 0.000000000000000000e+00 0.000000000000000000e+00 1.000000000000000000e+00
1.716364480570047379e+09 6.501706242561340332e-01 -1.557510375976562322e+01 1.378285169601440430e+00 0.000000000000000000e+00 0.000000000000000000e+00 0.000000000000000000e+00 1.000000000000000000e+00
1.716364480670374155e+09 5.729963183403015137e-01 -1.552909469604492188e+01 1.377573132514953613e+00 0.000000000000000000e+00 0.000000000000000000e+00 0.000000000000000000e+00 1.000000000000000000e+00
1.716364480720913172e+09 5.347400903701782227e-01 -1.550644207000732422e+01 1.377134323120117188e+00 0.000000000000000000e+00 0.000000000000000000e+00 0.000000000000000000e+00 1.000000000000000000e+00
1.716364480770752907e+09 4.972034394741057794e-01 -1.548567676544189631e+01 1.376852631568908691e+00 0.000000000000000000e+00 0.000000000000000000e+00 0.000000000000000000e+00 1.000000000000000000e+00
1.716364480820903778e+09 4.600614607334136963e-01 -1.544580459594726562e+01 1.376742482185363770e+00 0.000000000000000000e+00 0.000000000000000000e+00 0.000000000000000000e+00 1.000000000000000000e+00
1.716364480871283293e+09 4.241859316825866144e-01 -1.542782688140869141e+01 1.377082228660583496e+00 0.000000000000000000e+00 0.000000000000000000e+00 0.000000000000000000e+00 1.000000000000000000e+00
1.716364480921380520e+09 3.888600766658782959e-01 -1.541175365447998047e+01 1.377364039421081543e+00 0.000000000000000000e+00 0.000000000000000000e+00 0.000000000000000000e+00 1.000000000000000000e+00
1.716364480971501589e+09 3.543051481246948242e-01 -1.538057899475097656e+01 1.377534031867980957e+00 0.000000000000000000e+00 0.000000000000000000e+00 0.000000000000000000e+00 1.000000000000000000e+00
1.716364481021812439e+09 3.208887279033660889e-01 -1.536731243133544922e+01 1.378043413162231445e+00 0.000000000000000000e+00 0.000000000000000000e+00 0.000000000000000000e+00 1.000000000000000000e+00
1.716364481072119713e+09 2.882238626480101984e-01 -1.535595893859863281e+01 1.378326296806335449e+00 0.000000000000000000e+00 0.000000000000000000e+00 0.000000000000000000e+00 1.000000000000000000e+00
1.716364481122517109e+09 2.558743655681610107e-01 -1.534553432464599609e+01 1.378943085670471191e+00 0.000000000000000000e+00 0.000000000000000000e+00 0.000000000000000000e+00 1.000000000000000000e+00
1.716364481172820568e+09 2.239231467247009000e-01 -1.533203601837158203e+01 1.379542112350464089e+00 0.000000000000000000e+00 0.000000000000000000e+00 0.000000000000000000e+00 1.000000000000000000e+00
1.716364481222644567e+09 1.927506476640701016e-01 -1.532746315002441406e+01 1.380174994468688965e+00 0.000000000000000000e+00 0.000000000000000000e+00 0.000000000000000000e+00 1.000000000000000000e+00
1.716364481272901297e+09 1.627764999866485041e-01 -1.532482147216796875e+01 1.381894469261169434e+00 0.000000000000000000e+00 0.000000000000000000e+00 0.000000000000000000e+00 1.000000000000000000e+00
1.716364481373326778e+09 1.087384521961212019e-01 -1.532231712341308594e+01 1.384647846221923828e+00 0.000000000000000000e+00 0.000000000000000000e+00 0.000000000000000000e+00 1.000000000000000000e+00
1.716364481423626184e+09 8.251482248306270251e-02 -1.532448959350585938e+01 1.386041879653930886e+00 0.000000000000000000e+00 0.000000000000000000e+00 0.000000000000000000e+00 1.000000000000000000e+00
1.716364481473757744e+09 5.737581104040140323e-02 -1.532861423492431641e+01 1.387616276741027832e+00 0.000000000000000000e+00 0.000000000000000000e+00 0.000000000000000000e+00 1.000000000000000000e+00
1.716364481574594259e+09 1.108404155820599986e-02 -1.534173488616943359e+01 1.390434384346008301e+00 0.000000000000000000e+00 0.000000000000000000e+00 0.000000000000000000e+00 1.000000000000000000e+00
1.716364481624510288e+09 -1.019328273832790024e-02 -1.535174274444580078e+01 1.391745448112487793e+00 0.000000000000000000e+00 0.000000000000000000e+00 0.000000000000000000e+00 1.000000000000000000e+00
1.716364481676071882e+09 -3.016695566475390000e-02 -1.537672615051269531e+01 1.393306970596313699e+00 0.000000000000000000e+00 0.000000000000000000e+00 0.000000000000000000e+00 1.000000000000000000e+00
1.716364481775110722e+09 -6.550609320402139835e-02 -1.540763092041015625e+01 1.395798683166503906e+00 0.000000000000000000e+00 0.000000000000000000e+00 0.000000000000000000e+00 1.000000000000000000e+00
1.716364481825366020e+09 -8.190151304006569599e-02 -1.542455959320068359e+01 1.397118926048278809e+00 0.000000000000000000e+00 0.000000000000000000e+00 0.000000000000000000e+00 1.000000000000000000e+00
1.716364481925696850e+09 -1.251991838216781061e-01 -1.550529098510742188e+01 1.400569915771484375e+00 0.000000000000000000e+00 0.000000000000000000e+00 0.000000000000000000e+00 1.000000000000000000e+00
1.716364481976308584e+09 -1.378504931926727017e-01 -1.552719306945800781e+01 1.402112483978271706e+00 0.000000000000000000e+00 0.000000000000000000e+00 0.000000000000000000e+00 1.000000000000000000e+00
1.716364482076302528e+09 -1.604859381914137961e-01 -1.559999275207519531e+01 1.404725193977355957e+00 0.000000000000000000e+00 0.000000000000000000e+00 0.000000000000000000e+00 1.000000000000000000e+00
1.716364482127281427e+09 -1.693523675203323087e-01 -1.562890529632568359e+01 1.405594348907470703e+00 0.000000000000000000e+00 0.000000000000000000e+00 0.000000000000000000e+00 1.000000000000000000e+00
1.716364482176910877e+09 -1.778500974178313931e-01 -1.565681552886962713e+01 1.406049013137817383e+00 0.000000000000000000e+00 0.000000000000000000e+00 0.000000000000000000e+00 1.000000000000000000e+00
1.716364482227054119e+09 -1.858303099870680930e-01 -1.568573093414306641e+01 1.407259583473205566e+00 0.000000000000000000e+00 0.000000000000000000e+00 0.000000000000000000e+00 1.000000000000000000e+00
1.716364482327549458e+09 -1.933531910181044977e-01 -1.574764823913574219e+01 1.407954812049865501e+00 0.000000000000000000e+00 0.000000000000000000e+00 0.000000000000000000e+00 1.000000000000000000e+00
1.716364482377697945e+09 -2.072050869464873990e-01 -1.581047916412353516e+01 1.408135771751403809e+00 0.000000000000000000e+00 0.000000000000000000e+00 0.000000000000000000e+00 1.000000000000000000e+00
1.716364482478207827e+09 -2.134315669536590021e-01 -1.587740230560302734e+01 1.407972574234008789e+00 0.000000000000000000e+00 0.000000000000000000e+00 0.000000000000000000e+00 1.000000000000000000e+00
1.716364482528440714e+09 -2.185153514146803977e-01 -1.591133117675781250e+01 1.406811475753784180e+00 0.000000000000000000e+00 0.000000000000000000e+00 0.000000000000000000e+00 1.000000000000000000e+00
1.716364482578669071e+09 -2.233974337577818992e-01 -1.594126129150390625e+01 1.405664443969726562e+00 0.000000000000000000e+00 0.000000000000000000e+00 0.000000000000000000e+00 1.000000000000000000e+00
1.716364482628959417e+09 -2.318790107965469083e-01 -1.600913047790527344e+01 1.401911020278930886e+00 0.000000000000000000e+00 0.000000000000000000e+00 0.000000000000000000e+00 1.000000000000000000e+00
1.716364482729398012e+09 -2.371998429298400879e-01 -1.607504653930664062e+01 1.399052143096923828e+00 0.000000000000000000e+00 0.000000000000000000e+00 0.000000000000000000e+00 1.000000000000000000e+00
1.716364482779551983e+09 -2.401442676782608032e-01 -1.610799217224121094e+01 1.396149039268493652e+00 0.000000000000000000e+00 0.000000000000000000e+00 0.000000000000000000e+00 1.000000000000000000e+00
1.716364482829787970e+09 -2.478168904781340998e-01 -1.617684555053710938e+01 1.388916730880737305e+00 0.000000000000000000e+00 0.000000000000000000e+00 0.000000000000000000e+00 1.000000000000000000e+00
1.716364482930175066e+09 -2.552391886711120050e-01 -1.627169418334960938e+01 1.380528807640075684e+00 0.000000000000000000e+00 0.000000000000000000e+00 0.000000000000000000e+00 1.000000000000000000e+00
1.716364482980401516e+09 -2.594764232635498047e-01 -1.630660057067871094e+01 1.375307559967041016e+00 0.000000000000000000e+00 0.000000000000000000e+00 0.000000000000000000e+00 1.000000000000000000e+00
1.716364483080769300e+09 -2.635543942451477051e-01 -1.633750152587890625e+01 1.369483470916748047e+00 0.000000000000000000e+00 0.000000000000000000e+00 0.000000000000000000e+00 1.000000000000000000e+00
1.716364483131051779e+09 -2.707282006740570068e-01 -1.642630767822265625e+01 1.356763839721679688e+00 0.000000000000000000e+00 0.000000000000000000e+00 0.000000000000000000e+00 1.000000000000000000e+00
1.716364483181200027e+09 -2.735339999198913019e-01 -1.645721626281738281e+01 1.350407361984252930e+00 0.000000000000000000e+00 0.000000000000000000e+00 0.000000000000000000e+00 1.000000000000000000e+00
1.716364483231454372e+09 -2.762172818183898926e-01 -1.648912048339843750e+01 1.343389749526977539e+00 0.000000000000000000e+00 0.000000000000000000e+00 0.000000000000000000e+00 1.000000000000000000e+00
1.716364483331905365e+09 -2.796359658241271973e-01 -1.655001258850097656e+01 1.336188912391662598e+00 0.000000000000000000e+00 0.000000000000000000e+00 0.000000000000000000e+00 1.000000000000000000e+00
1.716364483381995678e+09 -2.845877110958098810e-01 -1.661081123352050781e+01 1.322066426277160645e+00 0.000000000000000000e+00 0.000000000000000000e+00 0.000000000000000000e+00 1.000000000000000000e+00
1.716364483432209253e+09 -2.862178087234497070e-01 -1.664072608947753906e+01 1.315426349639892578e+00 0.000000000000000000e+00 0.000000000000000000e+00 0.000000000000000000e+00 1.000000000000000000e+00
1.716364483582806110e+09 -2.929758727550506037e-01 -1.676042747497558594e+01 1.295693993568420410e+00 0.000000000000000000e+00 0.000000000000000000e+00 0.000000000000000000e+00 1.000000000000000000e+00
1.716364483633246422e+09 -2.943765223026275080e-01 -1.679034042358398438e+01 1.289650559425354004e+00 0.000000000000000000e+00 0.000000000000000000e+00 0.000000000000000000e+00 1.000000000000000000e+00
1.716364483733563185e+09 -2.958495318889617920e-01 -1.684926223754882812e+01 1.283955812454223633e+00 0.000000000000000000e+00 0.000000000000000000e+00 0.000000000000000000e+00 1.000000000000000000e+00
1.716364483783790588e+09 -2.950371205806732178e-01 -1.688022232055664062e+01 1.278777480125427246e+00 0.000000000000000000e+00 0.000000000000000000e+00 0.000000000000000000e+00 1.000000000000000000e+00
1.716364483833893776e+09 -2.948366403579711914e-01 -1.694212722778320312e+01 1.269428968429565430e+00 0.000000000000000000e+00 0.000000000000000000e+00 0.000000000000000000e+00 1.000000000000000000e+00
1.716364483934435844e+09 -2.935884594917296808e-01 -1.703806686401367188e+01 1.261204361915588379e+00 0.000000000000000000e+00 0.000000000000000000e+00 0.000000000000000000e+00 1.000000000000000000e+00
1.716364483984706163e+09 -2.925830781459807794e-01 -1.706905174255371094e+01 1.258192896842956321e+00 0.000000000000000000e+00 0.000000000000000000e+00 0.000000000000000000e+00 1.000000000000000000e+00
1.716364484085124969e+09 -2.900437712669372003e-01 -1.713406372070312500e+01 1.254603981971740723e+00 0.000000000000000000e+00 0.000000000000000000e+00 0.000000000000000000e+00 1.000000000000000000e+00
1.716364484135627508e+09 -2.883745133876799982e-01 -1.716809463500976562e+01 1.254273056983947754e+00 0.000000000000000000e+00 0.000000000000000000e+00 0.000000000000000000e+00 1.000000000000000000e+00
1.716364484185735464e+09 -2.865715324878692072e-01 -1.723413276672363281e+01 1.253715395927429199e+00 0.000000000000000000e+00 0.000000000000000000e+00 0.000000000000000000e+00 1.000000000000000000e+00
1.716364484235733032e+09 -2.847741842269896906e-01 -1.726617431640625000e+01 1.254117727279663086e+00 0.000000000000000000e+00 0.000000000000000000e+00 0.000000000000000000e+00 1.000000000000000000e+00
1.716364484286394596e+09 -2.825505137443541925e-01 -1.729823303222656250e+01 1.255190134048461914e+00 0.000000000000000000e+00 0.000000000000000000e+00 0.000000000000000000e+00 1.000000000000000000e+00
1.716364484337538481e+09 -2.794552445411682129e-01 -1.733331108093261719e+01 1.256809711456298828e+00 0.000000000000000000e+00 0.000000000000000000e+00 0.000000000000000000e+00 1.000000000000000000e+00
1.716364484387069941e+09 -2.768681943416594904e-01 -1.740039062500000000e+01 1.258742332458496094e+00 0.000000000000000000e+00 0.000000000000000000e+00 0.000000000000000000e+00 1.000000000000000000e+00
1.716364484436733484e+09 -2.751517593860626221e-01 -1.743445396423339844e+01 1.260938048362731934e+00 0.000000000000000000e+00 0.000000000000000000e+00 0.000000000000000000e+00 1.000000000000000000e+00
1.716364484486963272e+09 -2.716840505599975031e-01 -1.746755599975585938e+01 1.264289021492004395e+00 0.000000000000000000e+00 0.000000000000000000e+00 0.000000000000000000e+00 1.000000000000000000e+00
1.716364484637482166e+09 -2.660784125328063965e-01 -1.760678291320800781e+01 1.273884057998657227e+00 0.000000000000000000e+00 0.000000000000000000e+00 0.000000000000000000e+00 1.000000000000000000e+00
1.716364484687764883e+09 -2.631627023220062256e-01 -1.763887596130371094e+01 1.277514576911926492e+00 0.000000000000000000e+00 0.000000000000000000e+00 0.000000000000000000e+00 1.000000000000000000e+00
1.716364484741419315e+09 -2.600935697555541992e-01 -1.767398071289062500e+01 1.282197475433349609e+00 0.000000000000000000e+00 0.000000000000000000e+00 0.000000000000000000e+00 1.000000000000000000e+00
1.716364484788179159e+09 -2.588127851486206055e-01 -1.770905303955078125e+01 1.286512613296508789e+00 0.000000000000000000e+00 0.000000000000000000e+00 0.000000000000000000e+00 1.000000000000000000e+00
1.716364484892040491e+09 -2.526286840438842773e-01 -1.781225395202636719e+01 1.295517206192016602e+00 0.000000000000000000e+00 0.000000000000000000e+00 0.000000000000000000e+00 1.000000000000000000e+00
1.716364484938871145e+09 -2.494943737983703058e-01 -1.784435272216796875e+01 1.300474405288696289e+00 0.000000000000000000e+00 0.000000000000000000e+00 0.000000000000000000e+00 1.000000000000000000e+00
1.716364484988980532e+09 -2.458844929933547974e-01 -1.788146209716796875e+01 1.305818915367126465e+00 0.000000000000000000e+00 0.000000000000000000e+00 0.000000000000000000e+00 1.000000000000000000e+00
1.716364485039254427e+09 -2.432137131690979004e-01 -1.791655349731445312e+01 1.311063051223754883e+00 0.000000000000000000e+00 0.000000000000000000e+00 0.000000000000000000e+00 1.000000000000000000e+00
1.716364485139750004e+09 -2.378586232662200928e-01 -1.802174758911132812e+01 1.323005795478820801e+00 0.000000000000000000e+00 0.000000000000000000e+00 0.000000000000000000e+00 1.000000000000000000e+00
1.716364485189902782e+09 -2.345120906829833984e-01 -1.805784416198730469e+01 1.328852891921997070e+00 0.000000000000000000e+00 0.000000000000000000e+00 0.000000000000000000e+00 1.000000000000000000e+00
1.716364485240033388e+09 -2.310963422060011985e-01 -1.809194183349609375e+01 1.334894061088562012e+00 0.000000000000000000e+00 0.000000000000000000e+00 0.000000000000000000e+00 1.000000000000000000e+00
1.716364485290169716e+09 -2.280448526144026877e-01 -1.816103935241699219e+01 1.341412067413330078e+00 0.000000000000000000e+00 0.000000000000000000e+00 0.000000000000000000e+00 1.000000000000000000e+00
1.716364485341379642e+09 -2.247510850429534912e-01 -1.819613647460937145e+01 1.348360657691955566e+00 0.000000000000000000e+00 0.000000000000000000e+00 0.000000000000000000e+00 1.000000000000000000e+00
1.716364485391165733e+09 -2.220234423875807883e-01 -1.823222160339355469e+01 1.355126023292541504e+00 0.000000000000000000e+00 0.000000000000000000e+00 0.000000000000000000e+00 1.000000000000000000e+00
1.716364485440841436e+09 -2.202394306659697931e-01 -1.826828956604003906e+01 1.361710906028747559e+00 0.000000000000000000e+00 0.000000000000000000e+00 0.000000000000000000e+00 1.000000000000000000e+00
1.716364485491031647e+09 -2.188566029071807861e-01 -1.833935928344726562e+01 1.369007587432861106e+00 0.000000000000000000e+00 0.000000000000000000e+00 0.000000000000000000e+00 1.000000000000000000e+00
1.716364485541683435e+09 -2.170716375112533014e-01 -1.837342453002929688e+01 1.376162767410278320e+00 0.000000000000000000e+00 0.000000000000000000e+00 0.000000000000000000e+00 1.000000000000000000e+00
1.716364485591661930e+09 -2.151677757501601895e-01 -1.840749168395996094e+01 1.383857727050781250e+00 0.000000000000000000e+00 0.000000000000000000e+00 0.000000000000000000e+00 1.000000000000000000e+00
1.716364485641712904e+09 -2.136647254228591919e-01 -1.844054794311523438e+01 1.391034126281738503e+00 0.000000000000000000e+00 0.000000000000000000e+00 0.000000000000000000e+00 1.000000000000000000e+00
1.716364485742208481e+09 -2.125422954559325894e-01 -1.850860214233398438e+01 1.398830890655517578e+00 0.000000000000000000e+00 0.000000000000000000e+00 0.000000000000000000e+00 1.000000000000000000e+00
1.716364485843003273e+09 -2.110986858606337946e-01 -1.854265403747558238e+01 1.406577467918395996e+00 0.000000000000000000e+00 0.000000000000000000e+00 0.000000000000000000e+00 1.000000000000000000e+00
1.716364485892956257e+09 -2.087880671024321955e-01 -1.863876152038574574e+01 1.429124593734741211e+00 0.000000000000000000e+00 0.000000000000000000e+00 0.000000000000000000e+00 1.000000000000000000e+00
1.716364485943306923e+09 -2.095263898372649869e-01 -1.869877433776855469e+01 1.436254739761352317e+00 0.000000000000000000e+00 0.000000000000000000e+00 0.000000000000000000e+00 1.000000000000000000e+00
1.716364486043582678e+09 -2.119688093662261963e-01 -1.875678062438964844e+01 1.450995206832885520e+00 0.000000000000000000e+00 0.000000000000000000e+00 0.000000000000000000e+00 1.000000000000000000e+00
1.716364486093870163e+09 -2.141039073467254084e-01 -1.878376770019531250e+01 1.457857012748718484e+00 0.000000000000000000e+00 0.000000000000000000e+00 0.000000000000000000e+00 1.000000000000000000e+00
1.716364486194648266e+09 -2.167500108480452936e-01 -1.883674621582031250e+01 1.464886546134948730e+00 0.000000000000000000e+00 0.000000000000000000e+00 0.000000000000000000e+00 1.000000000000000000e+00
1.716364486244526386e+09 -2.221760153770445945e-01 -1.888569259643554688e+01 1.479180216789245605e+00 0.000000000000000000e+00 0.000000000000000000e+00 0.000000000000000000e+00 1.000000000000000000e+00
1.716364486294618130e+09 -2.251101136207580011e-01 -1.890865898132323863e+01 1.486125111579895020e+00 0.000000000000000000e+00 0.000000000000000000e+00 0.000000000000000000e+00 1.000000000000000000e+00
1.716364486395066023e+09 -2.287854403257369995e-01 -1.895261383056640625e+01 1.493164062500000000e+00 0.000000000000000000e+00 0.000000000000000000e+00 0.000000000000000000e+00 1.000000000000000000e+00
1.716364486445329428e+09 -2.358369827270506980e-01 -1.899151611328125000e+01 1.507601499557495117e+00 0.000000000000000000e+00 0.000000000000000000e+00 0.000000000000000000e+00 1.000000000000000000e+00
1.716364486495366573e+09 -2.395938932895660123e-01 -1.900945854187012074e+01 1.514272332191467285e+00 0.000000000000000000e+00 0.000000000000000000e+00 0.000000000000000000e+00 1.000000000000000000e+00
1.716364486545775652e+09 -2.437653243541716974e-01 -1.904139518737792969e+01 1.520868420600891113e+00 0.000000000000000000e+00 0.000000000000000000e+00 0.000000000000000000e+00 1.000000000000000000e+00
1.716364486595854282e+09 -2.479006797075271051e-01 -1.905632781982421875e+01 1.527749657630920410e+00 0.000000000000000000e+00 0.000000000000000000e+00 0.000000000000000000e+00 1.000000000000000000e+00
1.716364486646097422e+09 -2.517224550247191828e-01 -1.907126045227050781e+01 1.534419178962707520e+00 0.000000000000000000e+00 0.000000000000000000e+00 0.000000000000000000e+00 1.000000000000000000e+00
1.716364486696238518e+09 -2.549891173839569092e-01 -1.908519935607910156e+01 1.541099309921264648e+00 0.000000000000000000e+00 0.000000000000000000e+00 0.000000000000000000e+00 1.000000000000000000e+00
1.716364486746430397e+09 -2.581721544265747070e-01 -1.911213684082031250e+01 1.547750115394592507e+00 0.000000000000000000e+00 0.000000000000000000e+00 0.000000000000000000e+00 1.000000000000000000e+00
1.716364486796873569e+09 -2.609903514385222834e-01 -1.912407493591308949e+01 1.554495692253112793e+00 0.000000000000000000e+00 0.000000000000000000e+00 0.000000000000000000e+00 1.000000000000000000e+00
1.716364486846681833e+09 -2.637229263782501221e-01 -1.913601112365722656e+01 1.560897827148437500e+00 0.000000000000000000e+00 0.000000000000000000e+00 0.000000000000000000e+00 1.000000000000000000e+00
1.716364486948719501e+09 -2.694814503192901056e-01 -1.916087722778320312e+01 1.573313474655151367e+00 0.000000000000000000e+00 0.000000000000000000e+00 0.000000000000000000e+00 1.000000000000000000e+00
1.716364487047663450e+09 -2.755042314529418945e-01 -1.919573402404785156e+01 1.585189580917358398e+00 0.000000000000000000e+00 0.000000000000000000e+00 0.000000000000000000e+00 1.000000000000000000e+00
1.716364487098870754e+09 -2.784138321876525879e-01 -1.920666313171386719e+01 1.590747952461242898e+00 0.000000000000000000e+00 0.000000000000000000e+00 0.000000000000000000e+00 1.000000000000000000e+00
1.716364487148049593e+09 -2.809839248657226007e-01 -1.922759819030761719e+01 1.595853805541992188e+00 0.000000000000000000e+00 0.000000000000000000e+00 0.000000000000000000e+00 1.000000000000000000e+00
1.716364487198169231e+09 -2.830044925212860107e-01 -1.923854064941406250e+01 1.600695133209228294e+00 0.000000000000000000e+00 0.000000000000000000e+00 0.000000000000000000e+00 1.000000000000000000e+00
1.716364487248387337e+09 -2.847765684127807062e-01 -1.924848365783691762e+01 1.605458736419677512e+00 0.000000000000000000e+00 0.000000000000000000e+00 0.000000000000000000e+00 1.000000000000000000e+00
1.716364487299177885e+09 -2.863574624061583918e-01 -1.925943183898925426e+01 1.610191822052001953e+00 0.000000000000000000e+00 0.000000000000000000e+00 0.000000000000000000e+00 1.000000000000000000e+00
1.716364487400120020e+09 -2.895630598068236750e-01 -1.928232192993164062e+01 1.619392156600951926e+00 0.000000000000000000e+00 0.000000000000000000e+00 0.000000000000000000e+00 1.000000000000000000e+00
1.716364487499800920e+09 -2.909979224205017090e-01 -1.930727195739746094e+01 1.623760700225830078e+00 0.000000000000000000e+00 0.000000000000000000e+00 0.000000000000000000e+00 1.000000000000000000e+00
1.716364487550454617e+09 -2.945924699306488037e-01 -1.933316421508789062e+01 1.631117939949035645e+00 0.000000000000000000e+00 0.000000000000000000e+00 0.000000000000000000e+00 1.000000000000000000e+00
1.716364487600005388e+09 -2.962804734706878107e-01 -1.934611701965332031e+01 1.634138464927673118e+00 0.000000000000000000e+00 0.000000000000000000e+00 0.000000000000000000e+00 1.000000000000000000e+00
1.716364487700585127e+09 -3.006856739521026056e-01 -1.938400650024414062e+01 1.640102386474609375e+00 0.000000000000000000e+00 0.000000000000000000e+00 0.000000000000000000e+00 1.000000000000000000e+00
1.716364487750877380e+09 -3.033375144004821777e-01 -1.939794540405273082e+01 1.642762660980224609e+00 0.000000000000000000e+00 0.000000000000000000e+00 0.000000000000000000e+00 1.000000000000000000e+00
1.716364487851316214e+09 -3.064669370651245117e-01 -1.941087722778320312e+01 1.645177364349365234e+00 0.000000000000000000e+00 0.000000000000000000e+00 0.000000000000000000e+00 1.000000000000000000e+00
1.716364487902445078e+09 -3.136194646358489990e-01 -1.945073318481445312e+01 1.649502754211425781e+00 0.000000000000000000e+00 0.000000000000000000e+00 0.000000000000000000e+00 1.000000000000000000e+00
1.716364488001892090e+09 -3.226338922977446955e-01 -1.947855949401855469e+01 1.653114795684814453e+00 0.000000000000000000e+00 0.000000000000000000e+00 0.000000000000000000e+00 1.000000000000000000e+00
1.716364488052610397e+09 -3.278814554214476984e-01 -1.950846481323242543e+01 1.654370188713073508e+00 0.000000000000000000e+00 0.000000000000000000e+00 0.000000000000000000e+00 1.000000000000000000e+00
1.716364488152533770e+09 -3.396530747413635254e-01 -1.953825569152832031e+01 1.655881524085998313e+00 0.000000000000000000e+00 0.000000000000000000e+00 0.000000000000000000e+00 1.000000000000000000e+00
1.716364488253072739e+09 -3.465843498706817072e-01 -1.955513191223144531e+01 1.656439423561096191e+00 0.000000000000000000e+00 0.000000000000000000e+00 0.000000000000000000e+00 1.000000000000000000e+00
1.716364488303047180e+09 -3.622520864009857178e-01 -1.960186195373535156e+01 1.656062960624694824e+00 0.000000000000000000e+00 0.000000000000000000e+00 0.000000000000000000e+00 1.000000000000000000e+00
1.716364488353321552e+09 -3.703984320163726807e-01 -1.961771774291991832e+01 1.655568599700927512e+00 0.000000000000000000e+00 0.000000000000000000e+00 0.000000000000000000e+00 1.000000000000000000e+00
1.716364488403706074e+09 -3.791101574897766113e-01 -1.963356971740722656e+01 1.653933405876159668e+00 0.000000000000000000e+00 0.000000000000000000e+00 0.000000000000000000e+00 1.000000000000000000e+00
1.716364488454166889e+09 -3.886551558971405029e-01 -1.966740608215332031e+01 1.652191400527954102e+00 0.000000000000000000e+00 0.000000000000000000e+00 0.000000000000000000e+00 1.000000000000000000e+00
1.716364488504126787e+09 -3.986675143241881769e-01 -1.968522644042968750e+01 1.650229811668395996e+00 0.000000000000000000e+00 0.000000000000000000e+00 0.000000000000000000e+00 1.000000000000000000e+00
1.716364488554533482e+09 -4.091751277446746826e-01 -1.970303535461425426e+01 1.647923946380615234e+00 0.000000000000000000e+00 0.000000000000000000e+00 0.000000000000000000e+00 1.000000000000000000e+00
1.716364488605573416e+09 -4.202177524566649836e-01 -1.972383117675780895e+01 1.645377755165100098e+00 0.000000000000000000e+00 0.000000000000000000e+00 0.000000000000000000e+00 1.000000000000000000e+00
1.716364488655334949e+09 -4.319669306278228760e-01 -1.975661277770996094e+01 1.642167806625366211e+00 0.000000000000000000e+00 0.000000000000000000e+00 0.000000000000000000e+00 1.000000000000000000e+00
1.716364488705447435e+09 -4.436081945896148127e-01 -1.977538490295410156e+01 1.639149069786071777e+00 0.000000000000000000e+00 0.000000000000000000e+00 0.000000000000000000e+00 1.000000000000000000e+00
1.716364488755800486e+09 -4.555499553680419922e-01 -1.979514503479003906e+01 1.635843873023986816e+00 0.000000000000000000e+00 0.000000000000000000e+00 0.000000000000000000e+00 1.000000000000000000e+00
1.716364488806154013e+09 -4.685463309288024902e-01 -1.981487274169921875e+01 1.632601737976074219e+00 0.000000000000000000e+00 0.000000000000000000e+00 0.000000000000000000e+00 1.000000000000000000e+00
1.716364488856038094e+09 -4.806419014930725098e-01 -1.985461807250976918e+01 1.629837751388549805e+00 0.000000000000000000e+00 0.000000000000000000e+00 0.000000000000000000e+00 1.000000000000000000e+00
1.716364488906749964e+09 -4.930601418018341064e-01 -1.987434959411621094e+01 1.625910043716430886e+00 0.000000000000000000e+00 0.000000000000000000e+00 0.000000000000000000e+00 1.000000000000000000e+00
1.716364488956393003e+09 -5.047628879547119141e-01 -1.989408683776855469e+01 1.622419476509094238e+00 0.000000000000000000e+00 0.000000000000000000e+00 0.000000000000000000e+00 1.000000000000000000e+00
1.716364489007900000e+09 -5.168772339820861816e-01 -1.991380691528320312e+01 1.619268178939819114e+00 0.000000000000000000e+00 0.000000000000000000e+00 0.000000000000000000e+00 1.000000000000000000e+00
1.716364489058188200e+09 -5.291419625282287598e-01 -1.995552062988280895e+01 1.616128921508789062e+00 0.000000000000000000e+00 0.000000000000000000e+00 0.000000000000000000e+00 1.000000000000000000e+00
1.716364489107630014e+09 -5.409510135650634766e-01 -1.997623252868652344e+01 1.613300204277038574e+00 0.000000000000000000e+00 0.000000000000000000e+00 0.000000000000000000e+00 1.000000000000000000e+00
1.716364489157404423e+09 -5.523383617401123047e-01 -1.999794578552246094e+01 1.610786795616149902e+00 0.000000000000000000e+00 0.000000000000000000e+00 0.000000000000000000e+00 1.000000000000000000e+00
1.716364489208025932e+09 -5.630431771278381348e-01 -2.001867103576660156e+01 1.608491182327270508e+00 0.000000000000000000e+00 0.000000000000000000e+00 0.000000000000000000e+00 1.000000000000000000e+00
1.716364489258152008e+09 -5.731931924819946289e-01 -2.004040908813476918e+01 1.605871558189392090e+00 0.000000000000000000e+00 0.000000000000000000e+00 0.000000000000000000e+00 1.000000000000000000e+00
1.716364489308407545e+09 -5.829597115516662598e-01 -2.006115341186523438e+01 1.603044867515563965e+00 0.000000000000000000e+00 0.000000000000000000e+00 0.000000000000000000e+00 1.000000000000000000e+00
1.716364489408871651e+09 -6.030148267745971680e-01 -2.012561988830566406e+01 1.598470211029052734e+00 0.000000000000000000e+00 0.000000000000000000e+00 0.000000000000000000e+00 1.000000000000000000e+00
1.716364489459107876e+09 -6.121750473976135254e-01 -2.014736557006835938e+01 1.596235752105712891e+00 0.000000000000000000e+00 0.000000000000000000e+00 0.000000000000000000e+00 1.000000000000000000e+00
1.716364489509355783e+09 -6.208615303039550781e-01 -2.016912460327148438e+01 1.594038844108581543e+00 0.000000000000000000e+00 0.000000000000000000e+00 0.000000000000000000e+00 1.000000000000000000e+00
1.716364489611060381e+09 -6.375354528427124023e-01 -2.023765945434570312e+01 1.590368986129760742e+00 0.000000000000000000e+00 0.000000000000000000e+00 0.000000000000000000e+00 1.000000000000000000e+00
1.716364489659745693e+09 -6.447744369506835938e-01 -2.026045036315917969e+01 1.588793873786926492e+00 0.000000000000000000e+00 0.000000000000000000e+00 0.000000000000000000e+00 1.000000000000000000e+00
1.716364489710085630e+09 -6.515297293663024902e-01 -2.028525543212890270e+01 1.587208747863769531e+00 0.000000000000000000e+00 0.000000000000000000e+00 0.000000000000000000e+00 1.000000000000000000e+00
1.716364489760305166e+09 -6.591402888298034668e-01 -2.033304023742676137e+01 1.586344003677368164e+00 0.000000000000000000e+00 0.000000000000000000e+00 0.000000000000000000e+00 1.000000000000000000e+00
1.716364489810513973e+09 -6.655890345573425293e-01 -2.035785102844238281e+01 1.585267543792724609e+00 0.000000000000000000e+00 0.000000000000000000e+00 0.000000000000000000e+00 1.000000000000000000e+00
1.716364489910625935e+09 -6.770889759063720703e-01 -2.041051101684570312e+01 1.583469390869140625e+00 0.000000000000000000e+00 0.000000000000000000e+00 0.000000000000000000e+00 1.000000000000000000e+00
1.716364489960897684e+09 -6.833046078681945801e-01 -2.046333503723144531e+01 1.583216786384582297e+00 0.000000000000000000e+00 0.000000000000000000e+00 0.000000000000000000e+00 1.000000000000000000e+00
1.716364490010962725e+09 -6.889186501502990723e-01 -2.049116516113280895e+01 1.582825899124145508e+00 0.000000000000000000e+00 0.000000000000000000e+00 0.000000000000000000e+00 1.000000000000000000e+00
1.716364490060970068e+09 -6.943886876106262207e-01 -2.051899719238280895e+01 1.582654356956481934e+00 0.000000000000000000e+00 0.000000000000000000e+00 0.000000000000000000e+00 1.000000000000000000e+00
1.716364490111157179e+09 -6.995118260383605957e-01 -2.054684066772460938e+01 1.582549571990966797e+00 0.000000000000000000e+00 0.000000000000000000e+00 0.000000000000000000e+00 1.000000000000000000e+00
1.716364490161302567e+09 -7.058360576629638672e-01 -2.060565757751464844e+01 1.583064675331115501e+00 0.000000000000000000e+00 0.000000000000000000e+00 0.000000000000000000e+00 1.000000000000000000e+00
1.716364490211366415e+09 -7.101629376411437988e-01 -2.063452529907226562e+01 1.583255171775818093e+00 0.000000000000000000e+00 0.000000000000000000e+00 0.000000000000000000e+00 1.000000000000000000e+00
1.716364490261530161e+09 -7.146389484405517578e-01 -2.066538619995116832e+01 1.583700537681579590e+00 0.000000000000000000e+00 0.000000000000000000e+00 0.000000000000000000e+00 1.000000000000000000e+00
1.716364490311719179e+09 -7.185521721839904785e-01 -2.069526481628417969e+01 1.584616184234619141e+00 0.000000000000000000e+00 0.000000000000000000e+00 0.000000000000000000e+00 1.000000000000000000e+00
1.716364490361851692e+09 -7.229851484298706055e-01 -2.075714302062988281e+01 1.585787057876586914e+00 0.000000000000000000e+00 0.000000000000000000e+00 0.000000000000000000e+00 1.000000000000000000e+00
1.716364490411921263e+09 -7.261690497398376465e-01 -2.079004287719726562e+01 1.587822318077087402e+00 0.000000000000000000e+00 0.000000000000000000e+00 0.000000000000000000e+00 1.000000000000000000e+00
1.716364490462186575e+09 -7.290293574333190918e-01 -2.082295417785644531e+01 1.589617967605590820e+00 0.000000000000000000e+00 0.000000000000000000e+00 0.000000000000000000e+00 1.000000000000000000e+00
1.716364490512380600e+09 -7.319546937942504883e-01 -2.085686302185058238e+01 1.591528177261352317e+00 0.000000000000000000e+00 0.000000000000000000e+00 0.000000000000000000e+00 1.000000000000000000e+00
1.716364490562555552e+09 -7.358037829399108887e-01 -2.092375755310058238e+01 1.593776464462280495e+00 0.000000000000000000e+00 0.000000000000000000e+00 0.000000000000000000e+00 1.000000000000000000e+00
1.716364490612808704e+09 -7.383498549461364746e-01 -2.096167564392089844e+01 1.596501708030700906e+00 0.000000000000000000e+00 0.000000000000000000e+00 0.000000000000000000e+00 1.000000000000000000e+00
1.716364490662898540e+09 -7.402491569519042969e-01 -2.100061988830566406e+01 1.599064111709594727e+00 0.000000000000000000e+00 0.000000000000000000e+00 0.000000000000000000e+00 1.000000000000000000e+00
1.716364490713120222e+09 -7.417190074920654297e-01 -2.103857612609863637e+01 1.601970791816711426e+00 0.000000000000000000e+00 0.000000000000000000e+00 0.000000000000000000e+00 1.000000000000000000e+00
1.716364490763428211e+09 -7.429320812225341797e-01 -2.107654190063476918e+01 1.604730725288391113e+00 0.000000000000000000e+00 0.000000000000000000e+00 0.000000000000000000e+00 1.000000000000000000e+00
1.716364490813667297e+09 -7.437474727630615234e-01 -2.111351966857910156e+01 1.607410907745361106e+00 0.000000000000000000e+00 0.000000000000000000e+00 0.000000000000000000e+00 1.000000000000000000e+00
1.716364490913964033e+09 -7.458344697952270508e-01 -2.118847846984863637e+01 1.610108256340026855e+00 0.000000000000000000e+00 0.000000000000000000e+00 0.000000000000000000e+00 1.000000000000000000e+00
1.716364490964026213e+09 -7.457572221755981445e-01 -2.122649192810058238e+01 1.612259864807128906e+00 0.000000000000000000e+00 0.000000000000000000e+00 0.000000000000000000e+00 1.000000000000000000e+00
1.716364491014301777e+09 -7.450336813926696777e-01 -2.126251983642578125e+01 1.615288019180298074e+00 0.000000000000000000e+00 0.000000000000000000e+00 0.000000000000000000e+00 1.000000000000000000e+00
1.716364491064496994e+09 -7.430842518806457520e-01 -2.133760833740234375e+01 1.619600057601928711e+00 0.000000000000000000e+00 0.000000000000000000e+00 0.000000000000000000e+00 1.000000000000000000e+00
1.716364491164906263e+09 -7.426019906997680664e-01 -2.140965652465820312e+01 1.621615171432495117e+00 0.000000000000000000e+00 0.000000000000000000e+00 0.000000000000000000e+00 1.000000000000000000e+00
1.716364491215857267e+09 -7.388137578964233398e-01 -2.148080444335937145e+01 1.625795841217041016e+00 0.000000000000000000e+00 0.000000000000000000e+00 0.000000000000000000e+00 1.000000000000000000e+00
1.716364491265362978e+09 -7.363684773445129395e-01 -2.151789474487304688e+01 1.627916216850280762e+00 0.000000000000000000e+00 0.000000000000000000e+00 0.000000000000000000e+00 1.000000000000000000e+00
1.716364491315508842e+09 -7.357996106147766113e-01 -2.158994293212890270e+01 1.630137681961059570e+00 0.000000000000000000e+00 0.000000000000000000e+00 0.000000000000000000e+00 1.000000000000000000e+00
1.716364491365831375e+09 -7.339480519294738770e-01 -2.162601280212402344e+01 1.632326483726501687e+00 0.000000000000000000e+00 0.000000000000000000e+00 0.000000000000000000e+00 1.000000000000000000e+00
1.716364491416297913e+09 -7.317371368408203125e-01 -2.166009140014648438e+01 1.634602189064026101e+00 0.000000000000000000e+00 0.000000000000000000e+00 0.000000000000000000e+00 1.000000000000000000e+00
1.716364491466186523e+09 -7.289221882820129395e-01 -2.169419288635253906e+01 1.636573195457458496e+00 0.000000000000000000e+00 0.000000000000000000e+00 0.000000000000000000e+00 1.000000000000000000e+00
1.716364491566880226e+09 -7.256387472152709961e-01 -2.179532814025878906e+01 1.641149997711181641e+00 0.000000000000000000e+00 0.000000000000000000e+00 0.000000000000000000e+00 1.000000000000000000e+00
1.716364491617038488e+09 -7.206123471260070801e-01 -2.185749626159667969e+01 1.645730614662170410e+00 0.000000000000000000e+00 0.000000000000000000e+00 0.000000000000000000e+00 1.000000000000000000e+00
1.716364491717381716e+09 -7.178620696067810059e-01 -2.188658523559570312e+01 1.648055315017700195e+00 0.000000000000000000e+00 0.000000000000000000e+00 0.000000000000000000e+00 1.000000000000000000e+00
1.716364491818194628e+09 -7.138698101043701172e-01 -2.196972274780273082e+01 1.653227448463439941e+00 0.000000000000000000e+00 0.000000000000000000e+00 0.000000000000000000e+00 1.000000000000000000e+00
1.716364491868596792e+09 -7.114987969398498535e-01 -2.199979972839355469e+01 1.655182600021362305e+00 0.000000000000000000e+00 0.000000000000000000e+00 0.000000000000000000e+00 1.000000000000000000e+00
1.716364491918347836e+09 -7.097656130790710449e-01 -2.202684974670410156e+01 1.657814264297485352e+00 0.000000000000000000e+00 0.000000000000000000e+00 0.000000000000000000e+00 1.000000000000000000e+00
1.716364491968673944e+09 -7.090910077095031738e-01 -2.207787895202636719e+01 1.660445809364318848e+00 0.000000000000000000e+00 0.000000000000000000e+00 0.000000000000000000e+00 1.000000000000000000e+00
1.716364492019688606e+09 -7.073128223419189453e-01 -2.212592315673828125e+01 1.665091633796691895e+00 0.000000000000000000e+00 0.000000000000000000e+00 0.000000000000000000e+00 1.000000000000000000e+00
1.716364492119610548e+09 -7.076655626296997070e-01 -2.217191314697265625e+01 1.667944550514221191e+00 0.000000000000000000e+00 0.000000000000000000e+00 0.000000000000000000e+00 1.000000000000000000e+00
1.716364492171259403e+09 -7.074072957038879395e-01 -2.219491004943848012e+01 1.670660018920898438e+00 0.000000000000000000e+00 0.000000000000000000e+00 0.000000000000000000e+00 1.000000000000000000e+00
1.716364492270056963e+09 -7.106278538703918457e-01 -2.225879096984863637e+01 1.676544666290283203e+00 0.000000000000000000e+00 0.000000000000000000e+00 0.000000000000000000e+00 1.000000000000000000e+00
1.716364492370578766e+09 -7.132879495620727539e-01 -2.229971122741699219e+01 1.678562521934509277e+00 0.000000000000000000e+00 0.000000000000000000e+00 0.000000000000000000e+00 1.000000000000000000e+00
1.716364492420783520e+09 -7.156245112419128418e-01 -2.232163047790527699e+01 1.680628657341003418e+00 0.000000000000000000e+00 0.000000000000000000e+00 0.000000000000000000e+00 1.000000000000000000e+00
1.716364492521269083e+09 -7.215431928634643555e-01 -2.235942649841308949e+01 1.684366345405578613e+00 0.000000000000000000e+00 0.000000000000000000e+00 0.000000000000000000e+00 1.000000000000000000e+00
1.716364492571653366e+09 -7.256479859352111816e-01 -2.239529800415039062e+01 1.686116933822631836e+00 0.000000000000000000e+00 0.000000000000000000e+00 0.000000000000000000e+00 1.000000000000000000e+00
1.716364492621657372e+09 -7.296894192695617676e-01 -2.241316604614257457e+01 1.687465548515319824e+00 0.000000000000000000e+00 0.000000000000000000e+00 0.000000000000000000e+00 1.000000000000000000e+00
1.716364492721946478e+09 -7.394139766693115234e-01 -2.244783592224121094e+01 1.690859556198119895e+00 0.000000000000000000e+00 0.000000000000000000e+00 0.000000000000000000e+00 1.000000000000000000e+00
1.716364492772305250e+09 -7.443693876266479492e-01 -2.246466636657714844e+01 1.692416906356811523e+00 0.000000000000000000e+00 0.000000000000000000e+00 0.000000000000000000e+00 1.000000000000000000e+00
1.716364492872843266e+09 -7.504004836082458496e-01 -2.249746894836425426e+01 1.694245100021362305e+00 0.000000000000000000e+00 0.000000000000000000e+00 0.000000000000000000e+00 1.000000000000000000e+00
1.716364492922973633e+09 -7.684997320175170898e-01 -2.254282951354980469e+01 1.700162291526794434e+00 0.000000000000000000e+00 0.000000000000000000e+00 0.000000000000000000e+00 1.000000000000000000e+00
1.716364493073570728e+09 -7.758171558380126953e-01 -2.257557678222655895e+01 1.702518105506896973e+00 0.000000000000000000e+00 0.000000000000000000e+00 0.000000000000000000e+00 1.000000000000000000e+00
1.716364493123845816e+09 -7.898234724998474121e-01 -2.260607528686523438e+01 1.706241726875305176e+00 0.000000000000000000e+00 0.000000000000000000e+00 0.000000000000000000e+00 1.000000000000000000e+00
1.716364493174248219e+09 -7.979583144187927246e-01 -2.263478469848632812e+01 1.708613991737365501e+00 0.000000000000000000e+00 0.000000000000000000e+00 0.000000000000000000e+00 1.000000000000000000e+00
1.716364493224118471e+09 -8.059501647949218750e-01 -2.264949417114257457e+01 1.710436940193176492e+00 0.000000000000000000e+00 0.000000000000000000e+00 0.000000000000000000e+00 1.000000000000000000e+00
1.716364493324615955e+09 -8.231260776519775391e-01 -2.267586135864257457e+01 1.713708400726318359e+00 0.000000000000000000e+00 0.000000000000000000e+00 0.000000000000000000e+00 1.000000000000000000e+00
1.716364493375061989e+09 -8.329255580902099609e-01 -2.268949317932128906e+01 1.715698838233947754e+00 0.000000000000000000e+00 0.000000000000000000e+00 0.000000000000000000e+00 1.000000000000000000e+00
1.716364493425137043e+09 -8.429239988327026367e-01 -2.270311355590820312e+01 1.717668175697326882e+00 0.000000000000000000e+00 0.000000000000000000e+00 0.000000000000000000e+00 1.000000000000000000e+00
1.716364493475279331e+09 -8.545546531677246094e-01 -2.273268318176269176e+01 1.719463348388672097e+00 0.000000000000000000e+00 0.000000000000000000e+00 0.000000000000000000e+00 1.000000000000000000e+00
1.716364493525411367e+09 -8.661524057388305664e-01 -2.274723815917968750e+01 1.721111893653869629e+00 0.000000000000000000e+00 0.000000000000000000e+00 0.000000000000000000e+00 1.000000000000000000e+00
1.716364493575581551e+09 -8.783562779426574707e-01 -2.276276397705078125e+01 1.722917318344116211e+00 0.000000000000000000e+00 0.000000000000000000e+00 0.000000000000000000e+00 1.000000000000000000e+00
1.716364493625787497e+09 -8.911899328231811523e-01 -2.277726173400878906e+01 1.724369764328002930e+00 0.000000000000000000e+00 0.000000000000000000e+00 0.000000000000000000e+00 1.000000000000000000e+00
1.716364493676085949e+09 -9.043476581573486328e-01 -2.280675697326660156e+01 1.725477457046508789e+00 0.000000000000000000e+00 0.000000000000000000e+00 0.000000000000000000e+00 1.000000000000000000e+00
1.716364493726411581e+09 -9.314115047454833984e-01 -2.283566474914550781e+01 1.728196620941162109e+00 0.000000000000000000e+00 0.000000000000000000e+00 0.000000000000000000e+00 1.000000000000000000e+00
1.716364493826810837e+09 -9.458279013633728027e-01 -2.286408424377441051e+01 1.729528069496154785e+00 0.000000000000000000e+00 0.000000000000000000e+00 0.000000000000000000e+00 1.000000000000000000e+00
1.716364493877045870e+09 -9.602441787719727673e-01 -2.287848281860351918e+01 1.730835914611816406e+00 0.000000000000000000e+00 0.000000000000000000e+00 0.000000000000000000e+00 1.000000000000000000e+00
1.716364493927379131e+09 -9.736935496330260120e-01 -2.289191246032714844e+01 1.732235074043273926e+00 0.000000000000000000e+00 0.000000000000000000e+00 0.000000000000000000e+00 1.000000000000000000e+00
1.716364493977467060e+09 -1.003478884696960449e+00 -2.291862678527832031e+01 1.734842300415039062e+00 0.000000000000000000e+00 0.000000000000000000e+00 0.000000000000000000e+00 1.000000000000000000e+00
1.716364494128175974e+09 -1.047357320785522461e+00 -2.297167015075683949e+01 1.739612817764282227e+00 0.000000000000000000e+00 0.000000000000000000e+00 0.000000000000000000e+00 1.000000000000000000e+00
1.716364494228635311e+09 -1.061591625213623047e+00 -2.299702453613280895e+01 1.741548776626586914e+00 0.000000000000000000e+00 0.000000000000000000e+00 0.000000000000000000e+00 1.000000000000000000e+00
1.716364494329001904e+09 -1.086541891098022461e+00 -2.301984214782714844e+01 1.745541810989380105e+00 0.000000000000000000e+00 0.000000000000000000e+00 0.000000000000000000e+00 1.000000000000000000e+00
1.716364494379112244e+09 -1.109748482704162598e+00 -2.304071044921875000e+01 1.749937891960144043e+00 0.000000000000000000e+00 0.000000000000000000e+00 0.000000000000000000e+00 1.000000000000000000e+00
1.716364494429980516e+09 -1.120285987854003906e+00 -2.305019187927246094e+01 1.751663684844970703e+00 0.000000000000000000e+00 0.000000000000000000e+00 0.000000000000000000e+00 1.000000000000000000e+00
1.716364494579880714e+09 -1.147928953170776367e+00 -2.308279418945312500e+01 1.758612751960754395e+00 0.000000000000000000e+00 0.000000000000000000e+00 0.000000000000000000e+00 1.000000000000000000e+00
1.716364494630094290e+09 -1.155429244041442871e+00 -2.309040260314941051e+01 1.760938763618469238e+00 0.000000000000000000e+00 0.000000000000000000e+00 0.000000000000000000e+00 1.000000000000000000e+00
1.716364494680455208e+09 -1.162269115447998047e+00 -2.309703826904296875e+01 1.763467907905578613e+00 0.000000000000000000e+00 0.000000000000000000e+00 0.000000000000000000e+00 1.000000000000000000e+00
1.716364494831900597e+09 -1.179273605346679688e+00 -2.311914253234863637e+01 1.768705010414123535e+00 0.000000000000000000e+00 0.000000000000000000e+00 0.000000000000000000e+00 1.000000000000000000e+00
1.716364494881824493e+09 -1.184177875518798828e+00 -2.312388420104980469e+01 1.769804358482360840e+00 0.000000000000000000e+00 0.000000000000000000e+00 0.000000000000000000e+00 1.000000000000000000e+00
1.716364494932119608e+09 -1.188896894454956055e+00 -2.313264465332031250e+01 1.770628929138183594e+00 0.000000000000000000e+00 0.000000000000000000e+00 0.000000000000000000e+00 1.000000000000000000e+00
1.716364494982297182e+09 -1.193237304687500000e+00 -2.313642120361328125e+01 1.771087765693664551e+00 0.000000000000000000e+00 0.000000000000000000e+00 0.000000000000000000e+00 1.000000000000000000e+00
1.716364495082761765e+09 -1.200826168060302734e+00 -2.314405059814453125e+01 1.770206093788146973e+00 0.000000000000000000e+00 0.000000000000000000e+00 0.000000000000000000e+00 1.000000000000000000e+00
1.716364495132863522e+09 -1.205744385719299094e+00 -2.314981079101562500e+01 1.769642591476440430e+00 0.000000000000000000e+00 0.000000000000000000e+00 0.000000000000000000e+00 1.000000000000000000e+00
1.716364495183037281e+09 -1.211407899856567383e+00 -2.315354537963867188e+01 1.767716407775878906e+00 0.000000000000000000e+00 0.000000000000000000e+00 0.000000000000000000e+00 1.000000000000000000e+00
1.716364495233196735e+09 -1.217152237892150879e+00 -2.315626907348632812e+01 1.765983581542968750e+00 0.000000000000000000e+00 0.000000000000000000e+00 0.000000000000000000e+00 1.000000000000000000e+00
1.716364495333570957e+09 -1.222488403320312500e+00 -2.316302108764648438e+01 1.764203667640686035e+00 0.000000000000000000e+00 0.000000000000000000e+00 0.000000000000000000e+00 1.000000000000000000e+00
1.716364495383851051e+09 -1.228414416313171387e+00 -2.316575241088867188e+01 1.760878086090087891e+00 0.000000000000000000e+00 0.000000000000000000e+00 0.000000000000000000e+00 1.000000000000000000e+00
1.716364495434498787e+09 -1.235340714454650879e+00 -2.316843795776367188e+01 1.756696105003356934e+00 0.000000000000000000e+00 0.000000000000000000e+00 0.000000000000000000e+00 1.000000000000000000e+00
1.716364495484270334e+09 -1.250494718551635520e+00 -2.317472839355468750e+01 1.748887777328491211e+00 0.000000000000000000e+00 0.000000000000000000e+00 0.000000000000000000e+00 1.000000000000000000e+00
1.716364495584734201e+09 -1.268473505973815918e+00 -2.318389320373535156e+01 1.737848758697509766e+00 0.000000000000000000e+00 0.000000000000000000e+00 0.000000000000000000e+00 1.000000000000000000e+00
1.716364495635588884e+09 -1.278417587280273438e+00 -2.318641662597655895e+01 1.731816411018371582e+00 0.000000000000000000e+00 0.000000000000000000e+00 0.000000000000000000e+00 1.000000000000000000e+00
1.716364495685858488e+09 -1.289199352264404297e+00 -2.318889617919921875e+01 1.725192427635192871e+00 0.000000000000000000e+00 0.000000000000000000e+00 0.000000000000000000e+00 1.000000000000000000e+00
1.716364495786360025e+09 -1.301061272621154785e+00 -2.319432067871093750e+01 1.717830657958984375e+00 0.000000000000000000e+00 0.000000000000000000e+00 0.000000000000000000e+00 1.000000000000000000e+00
1.716364495836608410e+09 -1.326673507690429688e+00 -2.320101547241210938e+01 1.704486846923827903e+00 0.000000000000000000e+00 0.000000000000000000e+00 0.000000000000000000e+00 1.000000000000000000e+00
1.716364495936871529e+09 -1.354450702667236328e+00 -2.320756721496582031e+01 1.689208626747131126e+00 0.000000000000000000e+00 0.000000000000000000e+00 0.000000000000000000e+00 1.000000000000000000e+00
1.716364495987056732e+09 -1.369301438331604004e+00 -2.321477508544921875e+01 1.681913614273071289e+00 0.000000000000000000e+00 0.000000000000000000e+00 0.000000000000000000e+00 1.000000000000000000e+00
1.716364496087493420e+09 -1.400755167007446289e+00 -2.322104263305664062e+01 1.666426658630371094e+00 0.000000000000000000e+00 0.000000000000000000e+00 0.000000000000000000e+00 1.000000000000000000e+00
1.716364496137741089e+09 -1.417739391326904297e+00 -2.322408294677734375e+01 1.658227682113647683e+00 0.000000000000000000e+00 0.000000000000000000e+00 0.000000000000000000e+00 1.000000000000000000e+00
1.716364496188385248e+09 -1.435276150703430176e+00 -2.322707748413085938e+01 1.649876594543457031e+00 0.000000000000000000e+00 0.000000000000000000e+00 0.000000000000000000e+00 1.000000000000000000e+00
1.716364496238667011e+09 -1.452567815780639648e+00 -2.323307228088378906e+01 1.641938209533691406e+00 0.000000000000000000e+00 0.000000000000000000e+00 0.000000000000000000e+00 1.000000000000000000e+00
1.716364496288941860e+09 -1.470180749893188477e+00 -2.323502540588378906e+01 1.633800983428955078e+00 0.000000000000000000e+00 0.000000000000000000e+00 0.000000000000000000e+00 1.000000000000000000e+00
1.716364496339143515e+09 -1.487812519073486328e+00 -2.323796272277832031e+01 1.625750422477722168e+00 0.000000000000000000e+00 0.000000000000000000e+00 0.000000000000000000e+00 1.000000000000000000e+00
1.716364496389163494e+09 -1.506417274475097656e+00 -2.323982048034667969e+01 1.617701649665832297e+00 0.000000000000000000e+00 0.000000000000000000e+00 0.000000000000000000e+00 1.000000000000000000e+00
1.716364496439424992e+09 -1.524510741233825684e+00 -2.324369239807128906e+01 1.610575795173645020e+00 0.000000000000000000e+00 0.000000000000000000e+00 0.000000000000000000e+00 1.000000000000000000e+00
1.716364496489649296e+09 -1.543152451515197754e+00 -2.324350166320800781e+01 1.603690385818481445e+00 0.000000000000000000e+00 0.000000000000000000e+00 0.000000000000000000e+00 1.000000000000000000e+00
1.716364496539845943e+09 -1.561801075935363770e+00 -2.324429512023925426e+01 1.596946835517883301e+00 0.000000000000000000e+00 0.000000000000000000e+00 0.000000000000000000e+00 1.000000000000000000e+00
1.716364496640207529e+09 -1.600755453109741211e+00 -2.324771499633789062e+01 1.585536479949951172e+00 0.000000000000000000e+00 0.000000000000000000e+00 0.000000000000000000e+00 1.000000000000000000e+00
1.716364496690920591e+09 -1.619912743568420410e+00 -2.324740982055664062e+01 1.581104040145874023e+00 0.000000000000000000e+00 0.000000000000000000e+00 0.000000000000000000e+00 1.000000000000000000e+00
1.716364496740929365e+09 -1.638503909111022949e+00 -2.324712753295898438e+01 1.577004194259643555e+00 0.000000000000000000e+00 0.000000000000000000e+00 0.000000000000000000e+00 1.000000000000000000e+00
1.716364496841369390e+09 -1.657863497734069824e+00 -2.324677276611328125e+01 1.573174357414245605e+00 0.000000000000000000e+00 0.000000000000000000e+00 0.000000000000000000e+00 1.000000000000000000e+00
1.716364496891596794e+09 -1.677145481109619141e+00 -2.324440002441406250e+01 1.569969177246093750e+00 0.000000000000000000e+00 0.000000000000000000e+00 0.000000000000000000e+00 1.000000000000000000e+00
1.716364496941740274e+09 -1.715487360954284890e+00 -2.324061775207519531e+01 1.564701080322265625e+00 0.000000000000000000e+00 0.000000000000000000e+00 0.000000000000000000e+00 1.000000000000000000e+00
1.716364496991827965e+09 -1.734810590744018555e+00 -2.323818778991699219e+01 1.562673568725585938e+00 0.000000000000000000e+00 0.000000000000000000e+00 0.000000000000000000e+00 1.000000000000000000e+00
1.716364497042216301e+09 -1.754645347595214844e+00 -2.323570060729980469e+01 1.561720728874206321e+00 0.000000000000000000e+00 0.000000000000000000e+00 0.000000000000000000e+00 1.000000000000000000e+00
1.716364497092434406e+09 -1.774204134941101074e+00 -2.323221206665039062e+01 1.560466885566711426e+00 0.000000000000000000e+00 0.000000000000000000e+00 0.000000000000000000e+00 1.000000000000000000e+00
1.716364497142480373e+09 -1.794538378715515137e+00 -2.322964859008789062e+01 1.560259103775024414e+00 0.000000000000000000e+00 0.000000000000000000e+00 0.000000000000000000e+00 1.000000000000000000e+00
1.716364497192658186e+09 -1.814244031906127930e+00 -2.322611236572265625e+01 1.560162186622619629e+00 0.000000000000000000e+00 0.000000000000000000e+00 0.000000000000000000e+00 1.000000000000000000e+00
1.716364497242923737e+09 -1.832629323005676492e+00 -2.322165870666503906e+01 1.560437917709350586e+00 0.000000000000000000e+00 0.000000000000000000e+00 0.000000000000000000e+00 1.000000000000000000e+00
1.716364497293375969e+09 -1.852255582809448020e+00 -2.321407890319823863e+01 1.561467528343200906e+00 0.000000000000000000e+00 0.000000000000000000e+00 0.000000000000000000e+00 1.000000000000000000e+00
1.716364497343443155e+09 -1.870338201522827148e+00 -2.320961570739746094e+01 1.562187790870666504e+00 0.000000000000000000e+00 0.000000000000000000e+00 0.000000000000000000e+00 1.000000000000000000e+00
1.716364497393878222e+09 -1.889135360717773215e+00 -2.320507812500000000e+01 1.563693523406982422e+00 0.000000000000000000e+00 0.000000000000000000e+00 0.000000000000000000e+00 1.000000000000000000e+00
1.716364497494378090e+09 -1.925709009170532005e+00 -2.319001579284667969e+01 1.567637443542480469e+00 0.000000000000000000e+00 0.000000000000000000e+00 0.000000000000000000e+00 1.000000000000000000e+00
1.716364497544193029e+09 -1.944102525711060014e+00 -2.318445777893066406e+01 1.570080041885375977e+00 0.000000000000000000e+00 0.000000000000000000e+00 0.000000000000000000e+00 1.000000000000000000e+00
1.716364497594541788e+09 -1.962198257446289062e+00 -2.317890739440917969e+01 1.572859525680541992e+00 0.000000000000000000e+00 0.000000000000000000e+00 0.000000000000000000e+00 1.000000000000000000e+00
1.716364497694809675e+09 -1.998006701469421165e+00 -2.316678810119628906e+01 1.579400777816772461e+00 0.000000000000000000e+00 0.000000000000000000e+00 0.000000000000000000e+00 1.000000000000000000e+00
1.716364497845309019e+09 -2.031339883804321289e+00 -2.314578247070312500e+01 1.587666749954223633e+00 0.000000000000000000e+00 0.000000000000000000e+00 0.000000000000000000e+00 1.000000000000000000e+00
1.716364497895699501e+09 -2.063705205917358398e+00 -2.312782096862792969e+01 1.595614671707153098e+00 0.000000000000000000e+00 0.000000000000000000e+00 0.000000000000000000e+00 1.000000000000000000e+00
1.716364497945829868e+09 -2.078244686126708984e+00 -2.311143875122070312e+01 1.599566817283630371e+00 0.000000000000000000e+00 0.000000000000000000e+00 0.000000000000000000e+00 1.000000000000000000e+00
1.716364497996000528e+09 -2.094246864318848100e+00 -2.310093498229980469e+01 1.603719592094421387e+00 0.000000000000000000e+00 0.000000000000000000e+00 0.000000000000000000e+00 1.000000000000000000e+00
1.716364498046045542e+09 -2.109180927276611772e+00 -2.309051704406738281e+01 1.607660770416259766e+00 0.000000000000000000e+00 0.000000000000000000e+00 0.000000000000000000e+00 1.000000000000000000e+00
1.716364498096235514e+09 -2.124330997467041016e+00 -2.308006668090820312e+01 1.612031936645507812e+00 0.000000000000000000e+00 0.000000000000000000e+00 0.000000000000000000e+00 1.000000000000000000e+00
1.716364498146441698e+09 -2.139201879501342773e+00 -2.306962776184082031e+01 1.616371512413024902e+00 0.000000000000000000e+00 0.000000000000000000e+00 0.000000000000000000e+00 1.000000000000000000e+00
1.716364498296978474e+09 -2.183779716491699219e+00 -2.302018165588378906e+01 1.627466917037964089e+00 0.000000000000000000e+00 0.000000000000000000e+00 0.000000000000000000e+00 1.000000000000000000e+00
1.716364498347354889e+09 -2.199697732925415039e+00 -2.300659370422363637e+01 1.630044221878051758e+00 0.000000000000000000e+00 0.000000000000000000e+00 0.000000000000000000e+00 1.000000000000000000e+00
1.716364498448781013e+09 -2.215582609176636186e+00 -2.298094177246093750e+01 1.632515668869018555e+00 0.000000000000000000e+00 0.000000000000000000e+00 0.000000000000000000e+00 1.000000000000000000e+00
1.716364498497798443e+09 -2.250309467315673828e+00 -2.294841384887695668e+01 1.634498357772827148e+00 0.000000000000000000e+00 0.000000000000000000e+00 0.000000000000000000e+00 1.000000000000000000e+00
1.716364498548427820e+09 -2.269418954849243164e+00 -2.293145561218261719e+01 1.635006904602050781e+00 0.000000000000000000e+00 0.000000000000000000e+00 0.000000000000000000e+00 1.000000000000000000e+00
1.716364498649371862e+09 -2.287814140319824219e+00 -2.289545822143554688e+01 1.634913325309753418e+00 0.000000000000000000e+00 0.000000000000000000e+00 0.000000000000000000e+00 1.000000000000000000e+00
1.716364498699130058e+09 -2.329824209213256836e+00 -2.285504150390625000e+01 1.633730649948119895e+00 0.000000000000000000e+00 0.000000000000000000e+00 0.000000000000000000e+00 1.000000000000000000e+00
1.716364498749348164e+09 -2.351395368576049805e+00 -2.283474349975585938e+01 1.632837295532226562e+00 0.000000000000000000e+00 0.000000000000000000e+00 0.000000000000000000e+00 1.000000000000000000e+00
1.716364498849738598e+09 -2.397578239440917969e+00 -2.276963233947753906e+01 1.629213213920593262e+00 0.000000000000000000e+00 0.000000000000000000e+00 0.000000000000000000e+00 1.000000000000000000e+00
1.716364498900062799e+09 -2.424144744873046875e+00 -2.274571609497070312e+01 1.626784920692443848e+00 0.000000000000000000e+00 0.000000000000000000e+00 0.000000000000000000e+00 1.000000000000000000e+00
1.716364498950353861e+09 -2.452035188674926758e+00 -2.272061347961425426e+01 1.624354481697082297e+00 0.000000000000000000e+00 0.000000000000000000e+00 0.000000000000000000e+00 1.000000000000000000e+00
1.716364499000197411e+09 -2.482254505157470703e+00 -2.269521713256835938e+01 1.621603369712829590e+00 0.000000000000000000e+00 0.000000000000000000e+00 0.000000000000000000e+00 1.000000000000000000e+00
1.716364499050940752e+09 -2.510390043258666992e+00 -2.264787292480468750e+01 1.618437170982360840e+00 0.000000000000000000e+00 0.000000000000000000e+00 0.000000000000000000e+00 1.000000000000000000e+00
1.716364499100924492e+09 -2.542780160903930664e+00 -2.262113571166991832e+01 1.614959001541137695e+00 0.000000000000000000e+00 0.000000000000000000e+00 0.000000000000000000e+00 1.000000000000000000e+00
1.716364499251768112e+09 -2.643987655639648438e+00 -2.251696014404296875e+01 1.604070425033569114e+00 0.000000000000000000e+00 0.000000000000000000e+00 0.000000000000000000e+00 1.000000000000000000e+00
1.716364499302750111e+09 -2.680819511413574219e+00 -2.248845481872558238e+01 1.600493788719177246e+00 0.000000000000000000e+00 0.000000000000000000e+00 0.000000000000000000e+00 1.000000000000000000e+00
1.716364499352184296e+09 -2.718968391418457031e+00 -2.245871353149414062e+01 1.596314191818237305e+00 0.000000000000000000e+00 0.000000000000000000e+00 0.000000000000000000e+00 1.000000000000000000e+00
1.716364499402458906e+09 -2.759523630142211914e+00 -2.242960739135742543e+01 1.591965317726135254e+00 0.000000000000000000e+00 0.000000000000000000e+00 0.000000000000000000e+00 1.000000000000000000e+00
1.716364499452638865e+09 -2.795835018157958984e+00 -2.237675857543945312e+01 1.587563395500183105e+00 0.000000000000000000e+00 0.000000000000000000e+00 0.000000000000000000e+00 1.000000000000000000e+00
1.716364499503120422e+09 -2.837537050247192383e+00 -2.234733581542968750e+01 1.583363652229309082e+00 0.000000000000000000e+00 0.000000000000000000e+00 0.000000000000000000e+00 1.000000000000000000e+00
1.716364499553245068e+09 -2.879071474075317383e+00 -2.231884765625000000e+01 1.579764127731323242e+00 0.000000000000000000e+00 0.000000000000000000e+00 0.000000000000000000e+00 1.000000000000000000e+00
1.716364499603394985e+09 -2.922987222671508789e+00 -2.228995513916015980e+01 1.577024459838867188e+00 0.000000000000000000e+00 0.000000000000000000e+00 0.000000000000000000e+00 1.000000000000000000e+00
1.716364499703583717e+09 -3.008221149444580078e+00 -2.221304321289062500e+01 1.571663498878479004e+00 0.000000000000000000e+00 0.000000000000000000e+00 0.000000000000000000e+00 1.000000000000000000e+00
1.716364499804248571e+09 -3.053943872451782227e+00 -2.218460083007812500e+01 1.570047140121459961e+00 0.000000000000000000e+00 0.000000000000000000e+00 0.000000000000000000e+00 1.000000000000000000e+00
1.716364499854196072e+09 -3.103250026702880859e+00 -2.215655899047851918e+01 1.568726062774658203e+00 0.000000000000000000e+00 0.000000000000000000e+00 0.000000000000000000e+00 1.000000000000000000e+00
1.716364499904429913e+09 -3.193777561187744141e+00 -2.210227203369140625e+01 1.567110300064086914e+00 0.000000000000000000e+00 0.000000000000000000e+00 0.000000000000000000e+00 1.000000000000000000e+00
1.716364499954300404e+09 -3.238546848297119141e+00 -2.205532836914062500e+01 1.566860318183898926e+00 0.000000000000000000e+00 0.000000000000000000e+00 0.000000000000000000e+00 1.000000000000000000e+00
1.716364500004366875e+09 -3.287603855133056641e+00 -2.202784919738769176e+01 1.566619873046875000e+00 0.000000000000000000e+00 0.000000000000000000e+00 0.000000000000000000e+00 1.000000000000000000e+00
1.716364500055169582e+09 -3.334777355194091797e+00 -2.200052642822265625e+01 1.567031145095825195e+00 0.000000000000000000e+00 0.000000000000000000e+00 0.000000000000000000e+00 1.000000000000000000e+00
1.716364500104841232e+09 -3.383250951766968218e+00 -2.197288703918457031e+01 1.567750811576843262e+00 0.000000000000000000e+00 0.000000000000000000e+00 0.000000000000000000e+00 1.000000000000000000e+00
1.716364500155120850e+09 -3.428536415100097656e+00 -2.192537689208984375e+01 1.568442821502685547e+00 0.000000000000000000e+00 0.000000000000000000e+00 0.000000000000000000e+00 1.000000000000000000e+00
1.716364500205348015e+09 -3.478948593139648438e+00 -2.189819908142089844e+01 1.567992925643920898e+00 0.000000000000000000e+00 0.000000000000000000e+00 0.000000000000000000e+00 1.000000000000000000e+00
1.716364500255491018e+09 -3.527002811431884766e+00 -2.187024688720703125e+01 1.569132924079895020e+00 0.000000000000000000e+00 0.000000000000000000e+00 0.000000000000000000e+00 1.000000000000000000e+00
1.716364500305677891e+09 -3.577719449996947798e+00 -2.184376525878906250e+01 1.569626212120056152e+00 0.000000000000000000e+00 0.000000000000000000e+00 0.000000000000000000e+00 1.000000000000000000e+00
1.716364500356400490e+09 -3.625486850738524947e+00 -2.179736709594726562e+01 1.569758534431457520e+00 0.000000000000000000e+00 0.000000000000000000e+00 0.000000000000000000e+00 1.000000000000000000e+00
1.716364500406423092e+09 -3.675843954086304155e+00 -2.177067565917968750e+01 1.569935560226440430e+00 0.000000000000000000e+00 0.000000000000000000e+00 0.000000000000000000e+00 1.000000000000000000e+00
1.716364500507120132e+09 -3.772429943084716797e+00 -2.169629669189453125e+01 1.569332122802734375e+00 0.000000000000000000e+00 0.000000000000000000e+00 0.000000000000000000e+00 1.000000000000000000e+00
1.716364500557111502e+09 -3.824750661849976030e+00 -2.166784286499023438e+01 1.568799614906311035e+00 0.000000000000000000e+00 0.000000000000000000e+00 0.000000000000000000e+00 1.000000000000000000e+00
1.716364500607359886e+09 -3.875845670700072798e+00 -2.163946533203125000e+01 1.567317724227905273e+00 0.000000000000000000e+00 0.000000000000000000e+00 0.000000000000000000e+00 1.000000000000000000e+00
1.716364500657535553e+09 -3.924980878829956055e+00 -2.161231803894042969e+01 1.565895318984985352e+00 0.000000000000000000e+00 0.000000000000000000e+00 0.000000000000000000e+00 1.000000000000000000e+00
1.716364500707789898e+09 -3.973103284835815874e+00 -2.156692886352539062e+01 1.563200235366821289e+00 0.000000000000000000e+00 0.000000000000000000e+00 0.000000000000000000e+00 1.000000000000000000e+00
1.716364500758075237e+09 -4.023934364318847656e+00 -2.153818321228027699e+01 1.560892701148986816e+00 0.000000000000000000e+00 0.000000000000000000e+00 0.000000000000000000e+00 1.000000000000000000e+00
1.716364500808121681e+09 -4.074142932891845703e+00 -2.150839996337890270e+01 1.557265162467956321e+00 0.000000000000000000e+00 0.000000000000000000e+00 0.000000000000000000e+00 1.000000000000000000e+00
1.716364500858317137e+09 -4.123488903045654297e+00 -2.148068046569823863e+01 1.553187012672424316e+00 0.000000000000000000e+00 0.000000000000000000e+00 0.000000000000000000e+00 1.000000000000000000e+00
1.716364500958717346e+09 -4.217878341674804688e+00 -2.141141510009765625e+01 1.544028639793395996e+00 0.000000000000000000e+00 0.000000000000000000e+00 0.000000000000000000e+00 1.000000000000000000e+00
1.716364501008884430e+09 -4.265068531036376953e+00 -2.138576507568359730e+01 1.539338231086730957e+00 0.000000000000000000e+00 0.000000000000000000e+00 0.000000000000000000e+00 1.000000000000000000e+00
1.716364501209640741e+09 -4.397027015686035156e+00 -2.129576683044433594e+01 1.518802165985107422e+00 0.000000000000000000e+00 0.000000000000000000e+00 0.000000000000000000e+00 1.000000000000000000e+00
1.716364501260175467e+09 -4.441678047180175781e+00 -2.127322769165039062e+01 1.513216614723205566e+00 0.000000000000000000e+00 0.000000000000000000e+00 0.000000000000000000e+00 1.000000000000000000e+00
1.716364501310472727e+09 -4.528708934783936435e+00 -2.122829818725585938e+01 1.504832625389099121e+00 0.000000000000000000e+00 0.000000000000000000e+00 0.000000000000000000e+00 1.000000000000000000e+00
1.716364501360767603e+09 -4.564741611480712891e+00 -2.119501113891601562e+01 1.499081134796142578e+00 0.000000000000000000e+00 0.000000000000000000e+00 0.000000000000000000e+00 1.000000000000000000e+00
1.716364501410993099e+09 -4.604624271392822266e+00 -2.117410659790039062e+01 1.493419885635375977e+00 0.000000000000000000e+00 0.000000000000000000e+00 0.000000000000000000e+00 1.000000000000000000e+00
1.716364501511722326e+09 -4.670517921447753906e+00 -2.113407135009765625e+01 1.484978079795837402e+00 0.000000000000000000e+00 0.000000000000000000e+00 0.000000000000000000e+00 1.000000000000000000e+00
1.716364501561949492e+09 -4.704128742218017578e+00 -2.111432266235351918e+01 1.480290889739990234e+00 0.000000000000000000e+00 0.000000000000000000e+00 0.000000000000000000e+00 1.000000000000000000e+00
1.716364501662245750e+09 -4.758608341217041016e+00 -2.107135581970214844e+01 1.474843263626098633e+00 0.000000000000000000e+00 0.000000000000000000e+00 0.000000000000000000e+00 1.000000000000000000e+00
1.716364501715474606e+09 -4.781132221221923828e+00 -2.105600166320800781e+01 1.473498940467834473e+00 0.000000000000000000e+00 0.000000000000000000e+00 0.000000000000000000e+00 1.000000000000000000e+00
1.716364501763999224e+09 -4.802583217620849609e+00 -2.104086112976074574e+01 1.472208499908447266e+00 0.000000000000000000e+00 0.000000000000000000e+00 0.000000000000000000e+00 1.000000000000000000e+00
1.716364501813199759e+09 -4.819381713867188388e+00 -2.101445007324218750e+01 1.470965147018432617e+00 0.000000000000000000e+00 0.000000000000000000e+00 0.000000000000000000e+00 1.000000000000000000e+00
1.716364501916247606e+09 -4.850527763366699219e+00 -2.098572921752929688e+01 1.470268011093139648e+00 0.000000000000000000e+00 0.000000000000000000e+00 0.000000000000000000e+00 1.000000000000000000e+00
1.716364501964030266e+09 -4.862401962280273438e+00 -2.097168922424316406e+01 1.470130681991577148e+00 0.000000000000000000e+00 0.000000000000000000e+00 0.000000000000000000e+00 1.000000000000000000e+00
1.716364502016843557e+09 -4.872481346130371094e+00 -2.095908355712890270e+01 1.470219492912292480e+00 0.000000000000000000e+00 0.000000000000000000e+00 0.000000000000000000e+00 1.000000000000000000e+00
1.716364502115339518e+09 -4.877305507659912109e+00 -2.093742561340332031e+01 1.470638155937194824e+00 0.000000000000000000e+00 0.000000000000000000e+00 0.000000000000000000e+00 1.000000000000000000e+00
1.716364502164209843e+09 -4.883152961730957031e+00 -2.091449928283691762e+01 1.472918868064880371e+00 0.000000000000000000e+00 0.000000000000000000e+00 0.000000000000000000e+00 1.000000000000000000e+00
1.716364502218163252e+09 -4.883086681365966797e+00 -2.090424728393554688e+01 1.474025607109069824e+00 0.000000000000000000e+00 0.000000000000000000e+00 0.000000000000000000e+00 1.000000000000000000e+00
1.716364502321281195e+09 -4.878879070281982422e+00 -2.088571739196777344e+01 1.475491166114807129e+00 0.000000000000000000e+00 0.000000000000000000e+00 0.000000000000000000e+00 1.000000000000000000e+00
1.716364502566196918e+09 -4.820970535278320312e+00 -2.082629013061523438e+01 1.478147268295288086e+00 0.000000000000000000e+00 0.000000000000000000e+00 0.000000000000000000e+00 1.000000000000000000e+00
1.716364502620023489e+09 -4.801832675933837891e+00 -2.080710792541503906e+01 1.478024601936340332e+00 0.000000000000000000e+00 0.000000000000000000e+00 0.000000000000000000e+00 1.000000000000000000e+00
1.716364502673958540e+09 -4.784207344055175781e+00 -2.079885292053222656e+01 1.477660894393920898e+00 0.000000000000000000e+00 0.000000000000000000e+00 0.000000000000000000e+00 1.000000000000000000e+00
1.716364502722347736e+09 -4.765018463134765625e+00 -2.079094696044921875e+01 1.477310299873352051e+00 0.000000000000000000e+00 0.000000000000000000e+00 0.000000000000000000e+00 1.000000000000000000e+00
1.716364502769191742e+09 -4.745079994201660156e+00 -2.078319740295410156e+01 1.477232456207275391e+00 0.000000000000000000e+00 0.000000000000000000e+00 0.000000000000000000e+00 1.000000000000000000e+00
1.716364502869654179e+09 -4.701466083526611328e+00 -2.076850128173828125e+01 1.477696180343627930e+00 0.000000000000000000e+00 0.000000000000000000e+00 0.000000000000000000e+00 1.000000000000000000e+00
1.716364502967790365e+09 -4.674674510955810547e+00 -2.074687194824218750e+01 1.478321313858032227e+00 0.000000000000000000e+00 0.000000000000000000e+00 0.000000000000000000e+00 1.000000000000000000e+00
1.716364503020042419e+09 -4.649039268493652344e+00 -2.073725891113280895e+01 1.478876352310180886e+00 0.000000000000000000e+00 0.000000000000000000e+00 0.000000000000000000e+00 1.000000000000000000e+00
1.716364503068225622e+09 -4.594696521759033203e+00 -2.071659088134765625e+01 1.480594754219055176e+00 0.000000000000000000e+00 0.000000000000000000e+00 0.000000000000000000e+00 1.000000000000000000e+00
1.716364503168499470e+09 -4.563344955444335938e+00 -2.068767929077148438e+01 1.481967210769653098e+00 0.000000000000000000e+00 0.000000000000000000e+00 0.000000000000000000e+00 1.000000000000000000e+00
1.716364503218753576e+09 -4.503850460052490234e+00 -2.066079902648925426e+01 1.485080122947692871e+00 0.000000000000000000e+00 0.000000000000000000e+00 0.000000000000000000e+00 1.000000000000000000e+00
1.716364503268980742e+09 -4.474645614624023438e+00 -2.064463233947753906e+01 1.486364126205444336e+00 0.000000000000000000e+00 0.000000000000000000e+00 0.000000000000000000e+00 1.000000000000000000e+00
1.716364503369498968e+09 -4.438014984130859375e+00 -2.060650825500488281e+01 1.487877488136291504e+00 0.000000000000000000e+00 0.000000000000000000e+00 0.000000000000000000e+00 1.000000000000000000e+00
1.716364503419734240e+09 -4.372982978820800781e+00 -2.056929016113280895e+01 1.492037177085876465e+00 0.000000000000000000e+00 0.000000000000000000e+00 0.000000000000000000e+00 1.000000000000000000e+00
1.716364503470408201e+09 -4.340125560760498047e+00 -2.054865264892578125e+01 1.494624614715576172e+00 0.000000000000000000e+00 0.000000000000000000e+00 0.000000000000000000e+00 1.000000000000000000e+00
1.716364503570847988e+09 -4.265738487243652344e+00 -2.047842216491699219e+01 1.500947475433349609e+00 0.000000000000000000e+00 0.000000000000000000e+00 0.000000000000000000e+00 1.000000000000000000e+00
1.716364503620587826e+09 -4.229989528656005859e+00 -2.045621871948242543e+01 1.504741787910461426e+00 0.000000000000000000e+00 0.000000000000000000e+00 0.000000000000000000e+00 1.000000000000000000e+00
1.716364503671375513e+09 -4.194488048553466797e+00 -2.043187713623046875e+01 1.508394479751586914e+00 0.000000000000000000e+00 0.000000000000000000e+00 0.000000000000000000e+00 1.000000000000000000e+00
1.716364503720905781e+09 -4.151656627655029297e+00 -2.037530708312988281e+01 1.512202739715576172e+00 0.000000000000000000e+00 0.000000000000000000e+00 0.000000000000000000e+00 1.000000000000000000e+00
1.716364503770996809e+09 -4.114144325256347656e+00 -2.034618186950683949e+01 1.515896081924438477e+00 0.000000000000000000e+00 0.000000000000000000e+00 0.000000000000000000e+00 1.000000000000000000e+00
1.716364503821270943e+09 -4.075298309326171875e+00 -2.031829452514648438e+01 1.519343137741088867e+00 0.000000000000000000e+00 0.000000000000000000e+00 0.000000000000000000e+00 1.000000000000000000e+00
1.716364503871540785e+09 -4.037490367889404297e+00 -2.029117012023925426e+01 1.522197008132934570e+00 0.000000000000000000e+00 0.000000000000000000e+00 0.000000000000000000e+00 1.000000000000000000e+00
1.716364503921698809e+09 -4.001595973968505859e+00 -2.026361846923828125e+01 1.525188684463500977e+00 0.000000000000000000e+00 0.000000000000000000e+00 0.000000000000000000e+00 1.000000000000000000e+00
1.716364503971890211e+09 -3.963592529296875000e+00 -2.023439788818359730e+01 1.527661323547363281e+00 0.000000000000000000e+00 0.000000000000000000e+00 0.000000000000000000e+00 1.000000000000000000e+00
1.716364504072265148e+09 -3.917360544204711914e+00 -2.017005348205566406e+01 1.529686093330383301e+00 0.000000000000000000e+00 0.000000000000000000e+00 0.000000000000000000e+00 1.000000000000000000e+00
1.716364504122438431e+09 -3.845816612243651900e+00 -2.010847091674804688e+01 1.533261418342590332e+00 0.000000000000000000e+00 0.000000000000000000e+00 0.000000000000000000e+00 1.000000000000000000e+00
1.716364504172698259e+09 -3.809823274612426314e+00 -2.007867431640625000e+01 1.535345554351806641e+00 0.000000000000000000e+00 0.000000000000000000e+00 0.000000000000000000e+00 1.000000000000000000e+00
1.716364504222692490e+09 -3.766733884811401811e+00 -2.001251983642578125e+01 1.537083625793457031e+00 0.000000000000000000e+00 0.000000000000000000e+00 0.000000000000000000e+00 1.000000000000000000e+00
1.716364504323133945e+09 -3.695774793624877930e+00 -1.994742774963378906e+01 1.540987610816955566e+00 0.000000000000000000e+00 0.000000000000000000e+00 0.000000000000000000e+00 1.000000000000000000e+00
1.716364504373412132e+09 -3.660635948181151900e+00 -1.991119766235351918e+01 1.542997241020202637e+00 0.000000000000000000e+00 0.000000000000000000e+00 0.000000000000000000e+00 1.000000000000000000e+00
1.716364504423617601e+09 -3.592842340469360352e+00 -1.983918380737304688e+01 1.547421336174011230e+00 0.000000000000000000e+00 0.000000000000000000e+00 0.000000000000000000e+00 1.000000000000000000e+00
1.716364504574146032e+09 -3.522374868392944336e+00 -1.972990989685058238e+01 1.552699685096740723e+00 0.000000000000000000e+00 0.000000000000000000e+00 0.000000000000000000e+00 1.000000000000000000e+00
1.716364504624605417e+09 -3.491041183471680132e+00 -1.969484519958496094e+01 1.555345773696899414e+00 0.000000000000000000e+00 0.000000000000000000e+00 0.000000000000000000e+00 1.000000000000000000e+00
1.716364504675251484e+09 -3.454427957534790039e+00 -1.962006187438964844e+01 1.558451294898986816e+00 0.000000000000000000e+00 0.000000000000000000e+00 0.000000000000000000e+00 1.000000000000000000e+00
1.716364504724943638e+09 -3.392708063125610352e+00 -1.954554748535155895e+01 1.565769672393798828e+00 0.000000000000000000e+00 0.000000000000000000e+00 0.000000000000000000e+00 1.000000000000000000e+00
1.716364504826027155e+09 -3.363475799560546875e+00 -1.950999069213867188e+01 1.569929838180541992e+00 0.000000000000000000e+00 0.000000000000000000e+00 0.000000000000000000e+00 1.000000000000000000e+00
1.716364504881618261e+09 -3.329866170883178711e+00 -1.943153381347655895e+01 1.573134064674377441e+00 0.000000000000000000e+00 0.000000000000000000e+00 0.000000000000000000e+00 1.000000000000000000e+00
1.716364504976250172e+09 -3.248560667037963867e+00 -1.931848526000976918e+01 1.585161447525024414e+00 0.000000000000000000e+00 0.000000000000000000e+00 0.000000000000000000e+00 1.000000000000000000e+00
1.716364505076270103e+09 -3.221530675888061079e+00 -1.928141975402832031e+01 1.589498162269592507e+00 0.000000000000000000e+00 0.000000000000000000e+00 0.000000000000000000e+00 1.000000000000000000e+00
1.716364505176872015e+09 -3.159778833389282227e+00 -1.916793251037597656e+01 1.600194692611694336e+00 0.000000000000000000e+00 0.000000000000000000e+00 0.000000000000000000e+00 1.000000000000000000e+00
1.716364505227036715e+09 -3.104782581329345703e+00 -1.909275817871093750e+01 1.611188054084777832e+00 0.000000000000000000e+00 0.000000000000000000e+00 0.000000000000000000e+00 1.000000000000000000e+00
1.716364505327330112e+09 -3.077865600585937056e+00 -1.905554580688476918e+01 1.616722464561462402e+00 0.000000000000000000e+00 0.000000000000000000e+00 0.000000000000000000e+00 1.000000000000000000e+00
1.716364505377676725e+09 -3.017337322235107422e+00 -1.893857574462890270e+01 1.627308845520019531e+00 0.000000000000000000e+00 0.000000000000000000e+00 0.000000000000000000e+00 1.000000000000000000e+00
1.716364505478317261e+09 -2.989870786666870117e+00 -1.889733123779296875e+01 1.632394552230834961e+00 0.000000000000000000e+00 0.000000000000000000e+00 0.000000000000000000e+00 1.000000000000000000e+00
1.716364505528234959e+09 -2.962818861007690430e+00 -1.886105537414550781e+01 1.637807130813598633e+00 0.000000000000000000e+00 0.000000000000000000e+00 0.000000000000000000e+00 1.000000000000000000e+00
1.716364505578758240e+09 -2.901991605758666992e+00 -1.875001335144042969e+01 1.647733926773071289e+00 0.000000000000000000e+00 0.000000000000000000e+00 0.000000000000000000e+00 1.000000000000000000e+00
1.716364505729133129e+09 -2.849992752075195757e+00 -1.867699050903320312e+01 1.655493974685668945e+00 0.000000000000000000e+00 0.000000000000000000e+00 0.000000000000000000e+00 1.000000000000000000e+00
1.716364505779289961e+09 -2.817044258117675781e+00 -1.860206222534180043e+01 1.658107399940490723e+00 0.000000000000000000e+00 0.000000000000000000e+00 0.000000000000000000e+00 1.000000000000000000e+00
1.716364505829398632e+09 -2.788488626480102539e+00 -1.856791687011718750e+01 1.660400509834289551e+00 0.000000000000000000e+00 0.000000000000000000e+00 0.000000000000000000e+00 1.000000000000000000e+00
1.716364505929939985e+09 -2.731967926025390181e+00 -1.846206855773925426e+01 1.662357211112976074e+00 0.000000000000000000e+00 0.000000000000000000e+00 0.000000000000000000e+00 1.000000000000000000e+00
1.716364505980083942e+09 -2.706108808517456055e+00 -1.842848014831542969e+01 1.662199616432189941e+00 0.000000000000000000e+00 0.000000000000000000e+00 0.000000000000000000e+00 1.000000000000000000e+00
1.716364506030355692e+09 -2.655569791793823242e+00 -1.836108398437500000e+01 1.659888386726379395e+00 0.000000000000000000e+00 0.000000000000000000e+00 0.000000000000000000e+00 1.000000000000000000e+00
1.716364506080884218e+09 -2.630720615386962891e+00 -1.832730293273925426e+01 1.657598733901977539e+00 0.000000000000000000e+00 0.000000000000000000e+00 0.000000000000000000e+00 1.000000000000000000e+00
1.716364506181117296e+09 -2.605412244796752930e+00 -1.829458045959472656e+01 1.654778838157653809e+00 0.000000000000000000e+00 0.000000000000000000e+00 0.000000000000000000e+00 1.000000000000000000e+00
1.716364506231644154e+09 -2.574879884719848633e+00 -1.822723960876464844e+01 1.650341153144836426e+00 0.000000000000000000e+00 0.000000000000000000e+00 0.000000000000000000e+00 1.000000000000000000e+00
1.716364506331758261e+09 -2.524099349975585938e+00 -1.816678237915039062e+01 1.640818119049072488e+00 0.000000000000000000e+00 0.000000000000000000e+00 0.000000000000000000e+00 1.000000000000000000e+00
1.716364506381919146e+09 -2.470151901245117188e+00 -1.808649635314941051e+01 1.628388762474060059e+00 0.000000000000000000e+00 0.000000000000000000e+00 0.000000000000000000e+00 1.000000000000000000e+00
1.716364506482333183e+09 -2.445781707763671875e+00 -1.805959129333496094e+01 1.621200680732727051e+00 0.000000000000000000e+00 0.000000000000000000e+00 0.000000000000000000e+00 1.000000000000000000e+00
1.716364506532653093e+09 -2.415855646133422852e+00 -1.800011634826660156e+01 1.613066554069519043e+00 0.000000000000000000e+00 0.000000000000000000e+00 0.000000000000000000e+00 1.000000000000000000e+00
1.716364506583205223e+09 -2.362499237060546875e+00 -1.793872642517089844e+01 1.596383094787597656e+00 0.000000000000000000e+00 0.000000000000000000e+00 0.000000000000000000e+00 1.000000000000000000e+00
1.716364506633044243e+09 -2.336252689361572266e+00 -1.790893745422363281e+01 1.587833881378173828e+00 0.000000000000000000e+00 0.000000000000000000e+00 0.000000000000000000e+00 1.000000000000000000e+00
1.716364506733529806e+09 -2.304086208343505859e+00 -1.784560394287109375e+01 1.578130841255187988e+00 0.000000000000000000e+00 0.000000000000000000e+00 0.000000000000000000e+00 1.000000000000000000e+00
1.716364506784241438e+09 -2.274639129638671875e+00 -1.781717300415039062e+01 1.568371891975402832e+00 0.000000000000000000e+00 0.000000000000000000e+00 0.000000000000000000e+00 1.000000000000000000e+00
1.716364506833958387e+09 -2.217215538024902344e+00 -1.776000213623046875e+01 1.548249721527099609e+00 0.000000000000000000e+00 0.000000000000000000e+00 0.000000000000000000e+00 1.000000000000000000e+00
1.716364506884319782e+09 -2.187348365783691406e+00 -1.773250961303710938e+01 1.537284970283508301e+00 0.000000000000000000e+00 0.000000000000000000e+00 0.000000000000000000e+00 1.000000000000000000e+00
1.716364506997159004e+09 -2.153152465820312500e+00 -1.767024040222167969e+01 1.526090025901794434e+00 0.000000000000000000e+00 0.000000000000000000e+00 0.000000000000000000e+00 1.000000000000000000e+00
1.716364507084895849e+09 -2.062905788421630859e+00 -1.758239173889160156e+01 1.490277528762817383e+00 0.000000000000000000e+00 0.000000000000000000e+00 0.000000000000000000e+00 1.000000000000000000e+00
1.716364507185173750e+09 -1.996960878372192383e+00 -1.749338150024414062e+01 1.465985536575317383e+00 0.000000000000000000e+00 0.000000000000000000e+00 0.000000000000000000e+00 1.000000000000000000e+00
1.716364507235478163e+09 -1.965726494789123535e+00 -1.746369743347167969e+01 1.453824043273925781e+00 0.000000000000000000e+00 0.000000000000000000e+00 0.000000000000000000e+00 1.000000000000000000e+00
1.716364507336189985e+09 -1.901028037071228027e+00 -1.740541839599609375e+01 1.428926825523376465e+00 0.000000000000000000e+00 0.000000000000000000e+00 0.000000000000000000e+00 1.000000000000000000e+00
1.716364507436483622e+09 -1.831481575965881126e+00 -1.731121826171875000e+01 1.403599023818969505e+00 0.000000000000000000e+00 0.000000000000000000e+00 0.000000000000000000e+00 1.000000000000000000e+00
1.716364507538463593e+09 -1.768302559852600098e+00 -1.724729537963867188e+01 1.379090189933776855e+00 0.000000000000000000e+00 0.000000000000000000e+00 0.000000000000000000e+00 1.000000000000000000e+00
1.716364507638509274e+09 -1.699996709823608398e+00 -1.714948654174804688e+01 1.354025840759277122e+00 0.000000000000000000e+00 0.000000000000000000e+00 0.000000000000000000e+00 1.000000000000000000e+00
1.716364507788815022e+09 -1.633631229400634766e+00 -1.708440971374511719e+01 1.329044818878173828e+00 0.000000000000000000e+00 0.000000000000000000e+00 0.000000000000000000e+00 1.000000000000000000e+00
1.716364507838635921e+09 -1.599426031112670898e+00 -1.705036735534667969e+01 1.316569566726684570e+00 0.000000000000000000e+00 0.000000000000000000e+00 0.000000000000000000e+00 1.000000000000000000e+00
1.716364507888488293e+09 -1.563075900077819824e+00 -1.697930717468261719e+01 1.304964780807495117e+00 0.000000000000000000e+00 0.000000000000000000e+00 0.000000000000000000e+00 1.000000000000000000e+00
1.716364507938586950e+09 -1.496336936950683594e+00 -1.690875053405761719e+01 1.280634880065917969e+00 0.000000000000000000e+00 0.000000000000000000e+00 0.000000000000000000e+00 1.000000000000000000e+00
1.716364507988718748e+09 -1.462105393409729004e+00 -1.687244796752929688e+01 1.268522500991821289e+00 0.000000000000000000e+00 0.000000000000000000e+00 0.000000000000000000e+00 1.000000000000000000e+00
1.716364508089139462e+09 -1.425395965576172097e+00 -1.679615974426269531e+01 1.257627725601196289e+00 0.000000000000000000e+00 0.000000000000000000e+00 0.000000000000000000e+00 1.000000000000000000e+00
1.716364508139216185e+09 -1.390917658805847168e+00 -1.676076698303222656e+01 1.246655344963073508e+00 0.000000000000000000e+00 0.000000000000000000e+00 0.000000000000000000e+00 1.000000000000000000e+00
1.716364508191078186e+09 -1.321034550666809082e+00 -1.669087600708007812e+01 1.225968003273010476e+00 0.000000000000000000e+00 0.000000000000000000e+00 0.000000000000000000e+00 1.000000000000000000e+00
1.716364508239745378e+09 -1.288069367408752441e+00 -1.665419769287109375e+01 1.217250943183898926e+00 0.000000000000000000e+00 0.000000000000000000e+00 0.000000000000000000e+00 1.000000000000000000e+00
1.716364508340486288e+09 -1.249872326850891113e+00 -1.658175849914550781e+01 1.209322690963745117e+00 0.000000000000000000e+00 0.000000000000000000e+00 0.000000000000000000e+00 1.000000000000000000e+00
1.716364508390499115e+09 -1.179550170898437500e+00 -1.651045989990234375e+01 1.194709420204162598e+00 0.000000000000000000e+00 0.000000000000000000e+00 0.000000000000000000e+00 1.000000000000000000e+00
1.716364508440676212e+09 -1.144977927207946777e+00 -1.647468566894531250e+01 1.188403725624084473e+00 0.000000000000000000e+00 0.000000000000000000e+00 0.000000000000000000e+00 1.000000000000000000e+00
1.716364508541083813e+09 -1.107017874717712402e+00 -1.640200424194335938e+01 1.183075189590454102e+00 0.000000000000000000e+00 0.000000000000000000e+00 0.000000000000000000e+00 1.000000000000000000e+00
1.716364508591418982e+09 -1.035142421722412109e+00 -1.632832717895507812e+01 1.172281026840209961e+00 0.000000000000000000e+00 0.000000000000000000e+00 0.000000000000000000e+00 1.000000000000000000e+00
1.716364508641540289e+09 -1.000430583953857422e+00 -1.629432868957519531e+01 1.167595148086548074e+00 0.000000000000000000e+00 0.000000000000000000e+00 0.000000000000000000e+00 1.000000000000000000e+00
1.716364508691626549e+09 -9.650968313217164196e-01 -1.625328636169433594e+01 1.162940144538879395e+00 0.000000000000000000e+00 0.000000000000000000e+00 0.000000000000000000e+00 1.000000000000000000e+00
1.716364508792407274e+09 -8.928048014640808105e-01 -1.614007377624511719e+01 1.155703783035278320e+00 0.000000000000000000e+00 0.000000000000000000e+00 0.000000000000000000e+00 1.000000000000000000e+00
1.716364508842622280e+09 -8.577733635902404785e-01 -1.610084533691406250e+01 1.152635097503662109e+00 0.000000000000000000e+00 0.000000000000000000e+00 0.000000000000000000e+00 1.000000000000000000e+00
1.716364508893963814e+09 -8.235983252525329590e-01 -1.606350517272949219e+01 1.149520635604858398e+00 0.000000000000000000e+00 0.000000000000000000e+00 0.000000000000000000e+00 1.000000000000000000e+00
1.716364508993248463e+09 -7.878795862197875977e-01 -1.598414421081542969e+01 1.147670507431030495e+00 0.000000000000000000e+00 0.000000000000000000e+00 0.000000000000000000e+00 1.000000000000000000e+00
1.716364509043412447e+09 -7.196962237358093262e-01 -1.590616321563720881e+01 1.143108725547790305e+00 0.000000000000000000e+00 0.000000000000000000e+00 0.000000000000000000e+00 1.000000000000000000e+00
1.716364509093797207e+09 -6.857901215553283691e-01 -1.586757087707519531e+01 1.141032218933105691e+00 0.000000000000000000e+00 0.000000000000000000e+00 0.000000000000000000e+00 1.000000000000000000e+00
1.716364509143871784e+09 -6.519359946250915527e-01 -1.582892417907714844e+01 1.139621734619140625e+00 0.000000000000000000e+00 0.000000000000000000e+00 0.000000000000000000e+00 1.000000000000000000e+00
1.716364509244050026e+09 -6.165974140167236328e-01 -1.574826812744140625e+01 1.140056252479553223e+00 0.000000000000000000e+00 0.000000000000000000e+00 0.000000000000000000e+00 1.000000000000000000e+00
1.716364509294251204e+09 -5.495355129241943359e-01 -1.566966247558593750e+01 1.139111995697021706e+00 0.000000000000000000e+00 0.000000000000000000e+00 0.000000000000000000e+00 1.000000000000000000e+00
1.716364509344550610e+09 -5.160656571388244629e-01 -1.562977600097656250e+01 1.139479398727416992e+00 0.000000000000000000e+00 0.000000000000000000e+00 0.000000000000000000e+00 1.000000000000000000e+00
1.716364509445005894e+09 -4.813697636127471924e-01 -1.554686927795410156e+01 1.141618847846984863e+00 0.000000000000000000e+00 0.000000000000000000e+00 0.000000000000000000e+00 1.000000000000000000e+00
1.716364509495499849e+09 -4.149476289749144953e-01 -1.546482372283935547e+01 1.145749688148498313e+00 0.000000000000000000e+00 0.000000000000000000e+00 0.000000000000000000e+00 1.000000000000000000e+00
1.716364509545662403e+09 -3.820918798446655273e-01 -1.542370700836181641e+01 1.148488283157348633e+00 0.000000000000000000e+00 0.000000000000000000e+00 0.000000000000000000e+00 1.000000000000000000e+00
1.716364509646042585e+09 -3.475155234336853027e-01 -1.533757877349853516e+01 1.152966260910034180e+00 0.000000000000000000e+00 0.000000000000000000e+00 0.000000000000000000e+00 1.000000000000000000e+00
1.716364509696290970e+09 -3.151674270629882812e-01 -1.529133415222167969e+01 1.156606912612915039e+00 0.000000000000000000e+00 0.000000000000000000e+00 0.000000000000000000e+00 1.000000000000000000e+00
1.716364509746449709e+09 -2.505013346672058105e-01 -1.520968818664550781e+01 1.165543079376220703e+00 0.000000000000000000e+00 0.000000000000000000e+00 0.000000000000000000e+00 1.000000000000000000e+00
1.716364509846924305e+09 -2.175059616565704068e-01 -1.512229156494140625e+01 1.171573281288146973e+00 0.000000000000000000e+00 0.000000000000000000e+00 0.000000000000000000e+00 1.000000000000000000e+00
1.716364509897509098e+09 -1.851302236318587979e-01 -1.507982063293457031e+01 1.177014470100402832e+00 0.000000000000000000e+00 0.000000000000000000e+00 0.000000000000000000e+00 1.000000000000000000e+00
1.716364509947092772e+09 -1.201540455222128989e-01 -1.499167346954345525e+01 1.187873601913451926e+00 0.000000000000000000e+00 0.000000000000000000e+00 0.000000000000000000e+00 1.000000000000000000e+00
1.716364509997120142e+09 -8.771839737892149491e-02 -1.494899368286132812e+01 1.193303346633911133e+00 0.000000000000000000e+00 0.000000000000000000e+00 0.000000000000000000e+00 1.000000000000000000e+00
1.716364510047100067e+09 -5.524563044309609844e-02 -1.486325263977050781e+01 1.199558258056640625e+00 0.000000000000000000e+00 0.000000000000000000e+00 0.000000000000000000e+00 1.000000000000000000e+00
1.716364510147431612e+09 8.104757405817500024e-03 -1.476951599121093750e+01 1.209230661392211914e+00 0.000000000000000000e+00 0.000000000000000000e+00 0.000000000000000000e+00 1.000000000000000000e+00
1.716364510197531700e+09 4.007280990481369709e-02 -1.472453975677490234e+01 1.213785409927368164e+00 0.000000000000000000e+00 0.000000000000000000e+00 0.000000000000000000e+00 1.000000000000000000e+00
1.716364510247962713e+09 7.240556180477139558e-02 -1.467747116088867188e+01 1.217293620109558105e+00 0.000000000000000000e+00 0.000000000000000000e+00 0.000000000000000000e+00 1.000000000000000000e+00
1.716364510349034786e+09 1.047894284129142067e-01 -1.458732604980468750e+01 1.221060991287231445e+00 0.000000000000000000e+00 0.000000000000000000e+00 0.000000000000000000e+00 1.000000000000000000e+00
1.716364510398983002e+09 1.716874539852142056e-01 -1.450072097778320312e+01 1.223774790763854980e+00 0.000000000000000000e+00 0.000000000000000000e+00 0.000000000000000000e+00 1.000000000000000000e+00
1.716364510449340582e+09 2.051394879817962091e-01 -1.445427894592285156e+01 1.224066019058227539e+00 0.000000000000000000e+00 0.000000000000000000e+00 0.000000000000000000e+00 1.000000000000000000e+00
1.716364510549896955e+09 2.348809987306594016e-01 -1.436280155181884766e+01 1.224172711372375710e+00 0.000000000000000000e+00 0.000000000000000000e+00 0.000000000000000000e+00 1.000000000000000000e+00
1.716364510599825621e+09 3.013522922992705744e-01 -1.427545833587646484e+01 1.220294713973999023e+00 0.000000000000000000e+00 0.000000000000000000e+00 0.000000000000000000e+00 1.000000000000000000e+00
1.716364510650194168e+09 3.336830437183380127e-01 -1.423167228698730469e+01 1.217702984809875710e+00 0.000000000000000000e+00 0.000000000000000000e+00 0.000000000000000000e+00 1.000000000000000000e+00
1.716364510700822592e+09 3.672032058238983154e-01 -1.419076633453369141e+01 1.214452505111694336e+00 0.000000000000000000e+00 0.000000000000000000e+00 0.000000000000000000e+00 1.000000000000000000e+00
1.716364510851988554e+09 4.648003876209259033e-01 -1.399755764007568359e+01 1.203591704368591309e+00 0.000000000000000000e+00 0.000000000000000000e+00 0.000000000000000000e+00 1.000000000000000000e+00
1.716364510901490688e+09 4.972500205039978027e-01 -1.394930839538574219e+01 1.198807120323181152e+00 0.000000000000000000e+00 0.000000000000000000e+00 0.000000000000000000e+00 1.000000000000000000e+00
1.716364510951841354e+09 5.290101170539855957e-01 -1.388699626922607422e+01 1.194535493850708008e+00 0.000000000000000000e+00 0.000000000000000000e+00 0.000000000000000000e+00 1.000000000000000000e+00
1.716364511001869202e+09 5.618643760681152344e-01 -1.384255886077880859e+01 1.189594745635986328e+00 0.000000000000000000e+00 0.000000000000000000e+00 0.000000000000000000e+00 1.000000000000000000e+00
1.716364511051955223e+09 5.941759943962097168e-01 -1.379605960845947266e+01 1.184940814971923828e+00 0.000000000000000000e+00 0.000000000000000000e+00 0.000000000000000000e+00 1.000000000000000000e+00
1.716364511152367592e+09 6.546587944030761719e-01 -1.365997505187988459e+01 1.177412033081054910e+00 0.000000000000000000e+00 0.000000000000000000e+00 0.000000000000000000e+00 1.000000000000000000e+00
1.716364511202645779e+09 6.859109401702880859e-01 -1.361528396606445135e+01 1.173302292823791504e+00 0.000000000000000000e+00 0.000000000000000000e+00 0.000000000000000000e+00 1.000000000000000000e+00
1.716364511252743483e+09 7.136996984481811523e-01 -1.356570339202880859e+01 1.170041918754577637e+00 0.000000000000000000e+00 0.000000000000000000e+00 0.000000000000000000e+00 1.000000000000000000e+00
1.716364511302800179e+09 7.401425242424011230e-01 -1.347507762908935547e+01 1.167791485786437988e+00 0.000000000000000000e+00 0.000000000000000000e+00 0.000000000000000000e+00 1.000000000000000000e+00
1.716364511353833914e+09 7.677075266838073730e-01 -1.342637538909911932e+01 1.164750218391418457e+00 0.000000000000000000e+00 0.000000000000000000e+00 0.000000000000000000e+00 1.000000000000000000e+00
1.716364511403420448e+09 7.951343655586242676e-01 -1.338062000274658203e+01 1.161807537078857422e+00 0.000000000000000000e+00 0.000000000000000000e+00 0.000000000000000000e+00 1.000000000000000000e+00
1.716364511453866243e+09 8.202165365219116211e-01 -1.333194637298583984e+01 1.159389376640319824e+00 0.000000000000000000e+00 0.000000000000000000e+00 0.000000000000000000e+00 1.000000000000000000e+00
1.716364511503995419e+09 8.419559001922607422e-01 -1.324135208129882812e+01 1.157997131347656250e+00 0.000000000000000000e+00 0.000000000000000000e+00 0.000000000000000000e+00 1.000000000000000000e+00
1.716364511554028988e+09 8.653951883316040039e-01 -1.319467735290527166e+01 1.155767321586608887e+00 0.000000000000000000e+00 0.000000000000000000e+00 0.000000000000000000e+00 1.000000000000000000e+00
1.716364511604431868e+09 8.883803486824035645e-01 -1.314798164367675781e+01 1.153668284416198730e+00 0.000000000000000000e+00 0.000000000000000000e+00 0.000000000000000000e+00 1.000000000000000000e+00
1.716364511654907465e+09 9.092408418655395508e-01 -1.310138702392577947e+01 1.151784539222717285e+00 0.000000000000000000e+00 0.000000000000000000e+00 0.000000000000000000e+00 1.000000000000000000e+00
1.716364511705446482e+09 9.265261888504028320e-01 -1.301091003417968750e+01 1.151233911514282227e+00 0.000000000000000000e+00 0.000000000000000000e+00 0.000000000000000000e+00 1.000000000000000000e+00
1.716364511755771399e+09 9.455202817916870117e-01 -1.296436786651611150e+01 1.149586796760559082e+00 0.000000000000000000e+00 0.000000000000000000e+00 0.000000000000000000e+00 1.000000000000000000e+00
1.716364511855681181e+09 9.806996583938599743e-01 -1.287338924407958984e+01 1.146374940872192383e+00 0.000000000000000000e+00 0.000000000000000000e+00 0.000000000000000000e+00 1.000000000000000000e+00
1.716364511905886173e+09 9.927507042884827770e-01 -1.278516006469726562e+01 1.145748257637023926e+00 0.000000000000000000e+00 0.000000000000000000e+00 0.000000000000000000e+00 1.000000000000000000e+00
1.716364511956123352e+09 1.008442997932434082e+00 -1.274273109436035156e+01 1.143519401550292969e+00 0.000000000000000000e+00 0.000000000000000000e+00 0.000000000000000000e+00 1.000000000000000000e+00
1.716364512006584406e+09 1.022255659103393555e+00 -1.269841289520263672e+01 1.141103744506835938e+00 0.000000000000000000e+00 0.000000000000000000e+00 0.000000000000000000e+00 1.000000000000000000e+00
1.716364512056732655e+09 1.034231543540954590e+00 -1.265521144866943359e+01 1.138246893882751687e+00 0.000000000000000000e+00 0.000000000000000000e+00 0.000000000000000000e+00 1.000000000000000000e+00
1.716364512106734991e+09 1.043992400169372559e+00 -1.261417770385742188e+01 1.135248899459838867e+00 0.000000000000000000e+00 0.000000000000000000e+00 0.000000000000000000e+00 1.000000000000000000e+00
1.716364512156778097e+09 1.049609065055847168e+00 -1.253533649444580078e+01 1.132541060447692871e+00 0.000000000000000000e+00 0.000000000000000000e+00 0.000000000000000000e+00 1.000000000000000000e+00
1.716364512207246065e+09 1.056872129440307617e+00 -1.249645709991455078e+01 1.128295540809631126e+00 0.000000000000000000e+00 0.000000000000000000e+00 0.000000000000000000e+00 1.000000000000000000e+00
1.716364512257164955e+09 1.062424659729003906e+00 -1.245869827270507812e+01 1.123370528221130371e+00 0.000000000000000000e+00 0.000000000000000000e+00 0.000000000000000000e+00 1.000000000000000000e+00
1.716364512307552814e+09 1.066632390022277832e+00 -1.241901779174804865e+01 1.117798805236816406e+00 0.000000000000000000e+00 0.000000000000000000e+00 0.000000000000000000e+00 1.000000000000000000e+00
1.716364512357525587e+09 1.069722890853881836e+00 -1.237940025329589844e+01 1.111343383789062500e+00 0.000000000000000000e+00 0.000000000000000000e+00 0.000000000000000000e+00 1.000000000000000000e+00
1.716364512408051252e+09 1.068800806999206321e+00 -1.230798244476318359e+01 1.104714512825012207e+00 0.000000000000000000e+00 0.000000000000000000e+00 0.000000000000000000e+00 1.000000000000000000e+00
1.716364512458374262e+09 1.069321513175964355e+00 -1.227254009246826172e+01 1.096671104431152344e+00 0.000000000000000000e+00 0.000000000000000000e+00 0.000000000000000000e+00 1.000000000000000000e+00
1.716364512508465052e+09 1.068770647048950195e+00 -1.223914909362792969e+01 1.087266564369201660e+00 0.000000000000000000e+00 0.000000000000000000e+00 0.000000000000000000e+00 1.000000000000000000e+00
1.716364512558705568e+09 1.064079046249389648e+00 -1.217196941375732422e+01 1.078096508979797363e+00 0.000000000000000000e+00 0.000000000000000000e+00 0.000000000000000000e+00 1.000000000000000000e+00
1.716364512608951092e+09 1.061115980148315430e+00 -1.213970851898193359e+01 1.066769599914550781e+00 0.000000000000000000e+00 0.000000000000000000e+00 0.000000000000000000e+00 1.000000000000000000e+00
1.716364512659312963e+09 1.057007908821105957e+00 -1.210752582550048828e+01 1.055161714553833008e+00 0.000000000000000000e+00 0.000000000000000000e+00 0.000000000000000000e+00 1.000000000000000000e+00
1.716364512860079765e+09 1.025727272033691406e+00 -1.196258735656738459e+01 1.001818895339965820e+00 0.000000000000000000e+00 0.000000000000000000e+00 0.000000000000000000e+00 1.000000000000000000e+00
1.716364512910266638e+09 1.017527937889099121e+00 -1.193557262420654475e+01 9.871708750724792480e-01 0.000000000000000000e+00 0.000000000000000000e+00 0.000000000000000000e+00 1.000000000000000000e+00
1.716364512960627794e+09 1.004957675933837891e+00 -1.188579845428466797e+01 9.724742770195008434e-01 0.000000000000000000e+00 0.000000000000000000e+00 0.000000000000000000e+00 1.000000000000000000e+00
1.716364513010904074e+09 9.937092065811156116e-01 -1.186191177368164062e+01 9.557691216468812145e-01 0.000000000000000000e+00 0.000000000000000000e+00 0.000000000000000000e+00 1.000000000000000000e+00
1.716364513061346054e+09 9.819356203079223633e-01 -1.183803272247314453e+01 9.389977455139160156e-01 0.000000000000000000e+00 0.000000000000000000e+00 0.000000000000000000e+00 1.000000000000000000e+00
1.716364513111217260e+09 9.693909883499145508e-01 -1.181416702270507812e+01 9.219274520874024548e-01 0.000000000000000000e+00 0.000000000000000000e+00 0.000000000000000000e+00 1.000000000000000000e+00
1.716364513161320925e+09 9.569305181503295898e-01 -1.179127883911132812e+01 9.052132964134216309e-01 0.000000000000000000e+00 0.000000000000000000e+00 0.000000000000000000e+00 1.000000000000000000e+00
1.716364513262313843e+09 9.424228072166443981e-01 -1.174843692779541016e+01 8.886595368385314941e-01 0.000000000000000000e+00 0.000000000000000000e+00 0.000000000000000000e+00 1.000000000000000000e+00
1.716364513312468767e+09 9.158833026885986328e-01 -1.170850658416748047e+01 8.529787659645080566e-01 0.000000000000000000e+00 0.000000000000000000e+00 0.000000000000000000e+00 1.000000000000000000e+00
1.716364513362568617e+09 9.018753170967102051e-01 -1.168855381011962713e+01 8.354690074920654297e-01 0.000000000000000000e+00 0.000000000000000000e+00 0.000000000000000000e+00 1.000000000000000000e+00
1.716364513412798882e+09 8.878571987152099609e-01 -1.167057323455810369e+01 8.180459141731262207e-01 0.000000000000000000e+00 0.000000000000000000e+00 0.000000000000000000e+00 1.000000000000000000e+00
1.716364513513254881e+09 8.593195080757141113e-01 -1.161758804321289062e+01 7.856456637382507324e-01 0.000000000000000000e+00 0.000000000000000000e+00 0.000000000000000000e+00 1.000000000000000000e+00
1.716364513563532829e+09 8.466683030128479004e-01 -1.160147762298583984e+01 7.696517109870910645e-01 0.000000000000000000e+00 0.000000000000000000e+00 0.000000000000000000e+00 1.000000000000000000e+00
1.716364513613581657e+09 8.339171409606933594e-01 -1.157135963439941406e+01 7.550120949745178223e-01 0.000000000000000000e+00 0.000000000000000000e+00 0.000000000000000000e+00 1.000000000000000000e+00
1.716364513663832664e+09 8.237111568450927734e-01 -1.155809974670410156e+01 7.402901649475097656e-01 0.000000000000000000e+00 0.000000000000000000e+00 0.000000000000000000e+00 1.000000000000000000e+00
1.716364513714053631e+09 8.150019645690917969e-01 -1.154475212097167969e+01 7.262823581695556641e-01 0.000000000000000000e+00 0.000000000000000000e+00 0.000000000000000000e+00 1.000000000000000000e+00
1.716364513764699697e+09 8.075571656227111816e-01 -1.153033828735351562e+01 7.130411863327026367e-01 0.000000000000000000e+00 0.000000000000000000e+00 0.000000000000000000e+00 1.000000000000000000e+00
1.716364513814836264e+09 8.008193373680114746e-01 -1.151591205596923828e+01 7.006562352180480957e-01 0.000000000000000000e+00 0.000000000000000000e+00 0.000000000000000000e+00 1.000000000000000000e+00
1.716364513915162563e+09 7.942337393760681152e-01 -1.148855304718017578e+01 6.905713081359863281e-01 0.000000000000000000e+00 0.000000000000000000e+00 0.000000000000000000e+00 1.000000000000000000e+00
1.716364513965269089e+09 7.887594699859619141e-01 -1.147621726989745916e+01 6.810774803161621094e-01 0.000000000000000000e+00 0.000000000000000000e+00 0.000000000000000000e+00 1.000000000000000000e+00
1.716364514015586615e+09 7.770473957061767578e-01 -1.145587539672851562e+01 6.662157773971557617e-01 0.000000000000000000e+00 0.000000000000000000e+00 0.000000000000000000e+00 1.000000000000000000e+00
1.716364514065829277e+09 7.718169093132019043e-01 -1.144578933715820312e+01 6.607182621955871582e-01 0.000000000000000000e+00 0.000000000000000000e+00 0.000000000000000000e+00 1.000000000000000000e+00
1.716364514166583300e+09 7.681187391281127930e-01 -1.142769050598144354e+01 6.570883393287658691e-01 0.000000000000000000e+00 0.000000000000000000e+00 0.000000000000000000e+00 1.000000000000000000e+00
1.716364514216887712e+09 7.683886289596557617e-01 -1.140903282165527166e+01 6.494644880294799805e-01 0.000000000000000000e+00 0.000000000000000000e+00 0.000000000000000000e+00 1.000000000000000000e+00
1.716364514267182350e+09 7.706821560859680176e-01 -1.140164661407470881e+01 6.467663645744323730e-01 0.000000000000000000e+00 0.000000000000000000e+00 0.000000000000000000e+00 1.000000000000000000e+00
1.716364514317467928e+09 7.733920812606811523e-01 -1.139433097839355646e+01 6.454310417175292969e-01 0.000000000000000000e+00 0.000000000000000000e+00 0.000000000000000000e+00 1.000000000000000000e+00
1.716364514417809010e+09 7.795351743698120117e-01 -1.137896156311035156e+01 6.471307277679443359e-01 0.000000000000000000e+00 0.000000000000000000e+00 0.000000000000000000e+00 1.000000000000000000e+00
1.716364514869699001e+09 8.190417289733886719e-01 -1.136566066741943359e+01 6.970369219779968262e-01 0.000000000000000000e+00 0.000000000000000000e+00 0.000000000000000000e+00 1.000000000000000000e+00
1.716364514919955254e+09 8.246893882751464844e-01 -1.136783218383789062e+01 7.053604722023010254e-01 0.000000000000000000e+00 0.000000000000000000e+00 0.000000000000000000e+00 1.000000000000000000e+00
1.716364515020264149e+09 8.364006280899047852e-01 -1.137501430511474609e+01 7.202168107032775879e-01 0.000000000000000000e+00 0.000000000000000000e+00 0.000000000000000000e+00 1.000000000000000000e+00
1.716364515070498228e+09 8.422135114669799805e-01 -1.137899303436279119e+01 7.260543107986450195e-01 0.000000000000000000e+00 0.000000000000000000e+00 0.000000000000000000e+00 1.000000000000000000e+00
1.716364515120764256e+09 8.481179475784301758e-01 -1.138186931610107422e+01 7.305896282196044922e-01 0.000000000000000000e+00 0.000000000000000000e+00 0.000000000000000000e+00 1.000000000000000000e+00
1.716364515171092749e+09 8.542529940605163574e-01 -1.138562583923339844e+01 7.335729598999023438e-01 0.000000000000000000e+00 0.000000000000000000e+00 0.000000000000000000e+00 1.000000000000000000e+00
1.716364515221115589e+09 8.610674142837524414e-01 -1.139222812652588068e+01 7.348053455352783203e-01 0.000000000000000000e+00 0.000000000000000000e+00 0.000000000000000000e+00 1.000000000000000000e+00
1.716364515271393538e+09 8.676607012748718262e-01 -1.139573383331298828e+01 7.345875501632690430e-01 0.000000000000000000e+00 0.000000000000000000e+00 0.000000000000000000e+00 1.000000000000000000e+00
1.716364515321572304e+09 8.745462894439697266e-01 -1.139908504486083984e+01 7.324116826057434082e-01 0.000000000000000000e+00 0.000000000000000000e+00 0.000000000000000000e+00 1.000000000000000000e+00
1.716364515371884346e+09 8.816988468170166016e-01 -1.140231037139892578e+01 7.286987304687500000e-01 0.000000000000000000e+00 0.000000000000000000e+00 0.000000000000000000e+00 1.000000000000000000e+00
1.716364515724015474e+09 9.344098567962646484e-01 -1.143665409088134766e+01 6.744914054870605469e-01 0.000000000000000000e+00 0.000000000000000000e+00 0.000000000000000000e+00 1.000000000000000000e+00
1.716364515773388624e+09 9.419126510620116077e-01 -1.143839454650878729e+01 6.651526093482971191e-01 0.000000000000000000e+00 0.000000000000000000e+00 0.000000000000000000e+00 1.000000000000000000e+00
1.716364515823495626e+09 9.495189189910887562e-01 -1.144011306762695135e+01 6.557864546775817871e-01 0.000000000000000000e+00 0.000000000000000000e+00 0.000000000000000000e+00 1.000000000000000000e+00
1.716364515874542952e+09 9.572882056236268200e-01 -1.144483757019042969e+01 6.466088294982910156e-01 0.000000000000000000e+00 0.000000000000000000e+00 0.000000000000000000e+00 1.000000000000000000e+00
1.716364515975078106e+09 9.738295078277587891e-01 -1.144614124298095525e+01 6.285960674285888672e-01 0.000000000000000000e+00 0.000000000000000000e+00 0.000000000000000000e+00 1.000000000000000000e+00
1.716364516024768829e+09 9.826578497886657715e-01 -1.144672012329101562e+01 6.195163726806640625e-01 0.000000000000000000e+00 0.000000000000000000e+00 0.000000000000000000e+00 1.000000000000000000e+00
1.716364516074917793e+09 9.912335276603699841e-01 -1.144629096984863281e+01 6.102951169013977051e-01 0.000000000000000000e+00 0.000000000000000000e+00 0.000000000000000000e+00 1.000000000000000000e+00
1.716364516125578165e+09 9.999141693115234375e-01 -1.144477558135986328e+01 6.003541350364685059e-01 0.000000000000000000e+00 0.000000000000000000e+00 0.000000000000000000e+00 1.000000000000000000e+00
1.716364516175492287e+09 1.008507132530212402e+00 -1.144222164154052734e+01 5.900973081588745117e-01 0.000000000000000000e+00 0.000000000000000000e+00 0.000000000000000000e+00 1.000000000000000000e+00
1.716364516225550413e+09 1.017029404640197754e+00 -1.143965148925781250e+01 5.797493457794189453e-01 0.000000000000000000e+00 0.000000000000000000e+00 0.000000000000000000e+00 1.000000000000000000e+00
1.716364516275688887e+09 1.025835394859313965e+00 -1.143703365325927557e+01 5.693338513374328613e-01 0.000000000000000000e+00 0.000000000000000000e+00 0.000000000000000000e+00 1.000000000000000000e+00
1.716364516325724125e+09 1.033877968788146973e+00 -1.143154907226562322e+01 5.602002739906311035e-01 0.000000000000000000e+00 0.000000000000000000e+00 0.000000000000000000e+00 1.000000000000000000e+00
1.716364516376154661e+09 1.042861104011535645e+00 -1.142792034149169922e+01 5.503390431404113770e-01 0.000000000000000000e+00 0.000000000000000000e+00 0.000000000000000000e+00 1.000000000000000000e+00
1.716364516426538944e+09 1.051900625228881836e+00 -1.142430686950683594e+01 5.409312248229980469e-01 0.000000000000000000e+00 0.000000000000000000e+00 0.000000000000000000e+00 1.000000000000000000e+00
1.716364516526839018e+09 1.069079399108886719e+00 -1.141730022430419922e+01 5.242881774902343750e-01 0.000000000000000000e+00 0.000000000000000000e+00 0.000000000000000000e+00 1.000000000000000000e+00
1.716364516576984406e+09 1.077473759651184082e+00 -1.141281414031982422e+01 5.162788629531860352e-01 0.000000000000000000e+00 0.000000000000000000e+00 0.000000000000000000e+00 1.000000000000000000e+00
1.716364516677726507e+09 1.101836919784545898e+00 -1.139650535583495916e+01 4.942500889301300049e-01 0.000000000000000000e+00 0.000000000000000000e+00 0.000000000000000000e+00 1.000000000000000000e+00
1.716364516727749348e+09 1.110229849815368874e+00 -1.139206314086914062e+01 4.873121976852416992e-01 0.000000000000000000e+00 0.000000000000000000e+00 0.000000000000000000e+00 1.000000000000000000e+00
1.716364516828006029e+09 1.119013309478759766e+00 -1.138455963134765625e+01 4.805351793766021729e-01 0.000000000000000000e+00 0.000000000000000000e+00 0.000000000000000000e+00 1.000000000000000000e+00
1.716364516879247665e+09 1.127180218696594238e+00 -1.138014984130859375e+01 4.739760458469390869e-01 0.000000000000000000e+00 0.000000000000000000e+00 0.000000000000000000e+00 1.000000000000000000e+00
1.716364516928352833e+09 1.143642544746398926e+00 -1.137228679656982422e+01 4.607776105403900146e-01 0.000000000000000000e+00 0.000000000000000000e+00 0.000000000000000000e+00 1.000000000000000000e+00
1.716364516978568792e+09 1.151127338409423828e+00 -1.136898040771484375e+01 4.548440277576445978e-01 0.000000000000000000e+00 0.000000000000000000e+00 0.000000000000000000e+00 1.000000000000000000e+00
1.716364517078817129e+09 1.158087491989135520e+00 -1.136577129364013672e+01 4.495004713535308838e-01 0.000000000000000000e+00 0.000000000000000000e+00 0.000000000000000000e+00 1.000000000000000000e+00
1.716364517129065514e+09 1.172327756881714089e+00 -1.136244297027588068e+01 4.400648474693297785e-01 0.000000000000000000e+00 0.000000000000000000e+00 0.000000000000000000e+00 1.000000000000000000e+00
1.716364517179337025e+09 1.179294347763061523e+00 -1.136032009124756037e+01 4.357875287532805841e-01 0.000000000000000000e+00 0.000000000000000000e+00 0.000000000000000000e+00 1.000000000000000000e+00
1.716364517329910517e+09 1.185989975929260476e+00 -1.135923576354980469e+01 4.315856695175170898e-01 0.000000000000000000e+00 0.000000000000000000e+00 0.000000000000000000e+00 1.000000000000000000e+00
1.716364517381987810e+09 1.198601245880126953e+00 -1.135694980621338068e+01 4.212134182453154962e-01 0.000000000000000000e+00 0.000000000000000000e+00 0.000000000000000000e+00 1.000000000000000000e+00
1.716364517430540085e+09 1.210843801498413086e+00 -1.135550975799560369e+01 4.089369773864746094e-01 0.000000000000000000e+00 0.000000000000000000e+00 0.000000000000000000e+00 1.000000000000000000e+00
1.716364517581073999e+09 1.222336769104003906e+00 -1.135496330261230469e+01 3.948665857315062921e-01 0.000000000000000000e+00 0.000000000000000000e+00 0.000000000000000000e+00 1.000000000000000000e+00
1.716364517631312847e+09 1.227708339691162109e+00 -1.135477638244628729e+01 3.884279429912567139e-01 0.000000000000000000e+00 0.000000000000000000e+00 0.000000000000000000e+00 1.000000000000000000e+00
1.716364517681563139e+09 1.233562111854553223e+00 -1.135756397247314453e+01 3.819908201694487970e-01 0.000000000000000000e+00 0.000000000000000000e+00 0.000000000000000000e+00 1.000000000000000000e+00
1.716364517731749773e+09 1.238320231437683105e+00 -1.135853004455566406e+01 3.764506876468657892e-01 0.000000000000000000e+00 0.000000000000000000e+00 0.000000000000000000e+00 1.000000000000000000e+00
1.716364517832163334e+09 1.246963620185852051e+00 -1.135956954956054865e+01 3.657208383083342951e-01 0.000000000000000000e+00 0.000000000000000000e+00 0.000000000000000000e+00 1.000000000000000000e+00
1.716364517882405281e+09 1.254745960235595703e+00 -1.136082267761230469e+01 3.563598990440368097e-01 0.000000000000000000e+00 0.000000000000000000e+00 0.000000000000000000e+00 1.000000000000000000e+00
1.716364517982885122e+09 1.258995771408081055e+00 -1.136390304565429688e+01 3.513815402984619141e-01 0.000000000000000000e+00 0.000000000000000000e+00 0.000000000000000000e+00 1.000000000000000000e+00
1.716364518032954454e+09 1.266556501388549805e+00 -1.136615943908691406e+01 3.418770134449005127e-01 0.000000000000000000e+00 0.000000000000000000e+00 0.000000000000000000e+00 1.000000000000000000e+00
1.716364518083208084e+09 1.270162105560302734e+00 -1.136737442016601562e+01 3.378376364707946777e-01 0.000000000000000000e+00 0.000000000000000000e+00 0.000000000000000000e+00 1.000000000000000000e+00
1.716364518183596373e+09 1.274222731590270996e+00 -1.137158966064453125e+01 3.339938819408416748e-01 0.000000000000000000e+00 0.000000000000000000e+00 0.000000000000000000e+00 1.000000000000000000e+00
1.716364518234580994e+09 1.282108783721923828e+00 -1.137518024444580078e+01 3.282573521137236994e-01 0.000000000000000000e+00 0.000000000000000000e+00 0.000000000000000000e+00 1.000000000000000000e+00
1.716364518384694576e+09 1.285854458808898926e+00 -1.137760353088378729e+01 3.263984918594359796e-01 0.000000000000000000e+00 0.000000000000000000e+00 0.000000000000000000e+00 1.000000000000000000e+00
1.716364518434698820e+09 1.296569824218750000e+00 -1.138823127746582031e+01 3.234873414039611816e-01 0.000000000000000000e+00 0.000000000000000000e+00 0.000000000000000000e+00 1.000000000000000000e+00
1.716364518484899521e+09 1.299637436866760476e+00 -1.139092445373535156e+01 3.235683441162108820e-01 0.000000000000000000e+00 0.000000000000000000e+00 0.000000000000000000e+00 1.000000000000000000e+00
1.716364518585249901e+09 1.303047180175781250e+00 -1.139658355712890625e+01 3.233628571033477783e-01 0.000000000000000000e+00 0.000000000000000000e+00 0.000000000000000000e+00 1.000000000000000000e+00
1.716364518635417461e+09 1.309697389602661133e+00 -1.140294647216796875e+01 3.237863481044768732e-01 0.000000000000000000e+00 0.000000000000000000e+00 0.000000000000000000e+00 1.000000000000000000e+00
1.716364518685590506e+09 1.313210964202880859e+00 -1.140554141998291016e+01 3.234343826770781916e-01 0.000000000000000000e+00 0.000000000000000000e+00 0.000000000000000000e+00 1.000000000000000000e+00
1.716364518735985041e+09 1.316827535629272461e+00 -1.140904903411865234e+01 3.222290277481079102e-01 0.000000000000000000e+00 0.000000000000000000e+00 0.000000000000000000e+00 1.000000000000000000e+00
1.716364518836478949e+09 1.324856996536254883e+00 -1.141976737976074219e+01 3.173637390136718750e-01 0.000000000000000000e+00 0.000000000000000000e+00 0.000000000000000000e+00 1.000000000000000000e+00
1.716364518886316776e+09 1.328395962715148926e+00 -1.142293643951416016e+01 3.127806186676024836e-01 0.000000000000000000e+00 0.000000000000000000e+00 0.000000000000000000e+00 1.000000000000000000e+00
1.716364518937139034e+09 1.331578612327575684e+00 -1.142607212066650391e+01 3.074931502342224121e-01 0.000000000000000000e+00 0.000000000000000000e+00 0.000000000000000000e+00 1.000000000000000000e+00
1.716364519087687731e+09 1.343700885772705078e+00 -1.144028568267822443e+01 2.825339436531066895e-01 0.000000000000000000e+00 0.000000000000000000e+00 0.000000000000000000e+00 1.000000000000000000e+00
1.716364519187643290e+09 1.348873615264892578e+00 -1.144206619262695135e+01 2.763623595237731934e-01 0.000000000000000000e+00 0.000000000000000000e+00 0.000000000000000000e+00 1.000000000000000000e+00
1.716364519237760544e+09 1.356526017189026101e+00 -1.143911075592041016e+01 2.857756018638610840e-01 0.000000000000000000e+00 0.000000000000000000e+00 0.000000000000000000e+00 1.000000000000000000e+00
1.716364519488709211e+09 1.370864272117614746e+00 -1.142904758453369141e+01 2.833554148674011230e-01 0.000000000000000000e+00 0.000000000000000000e+00 0.000000000000000000e+00 1.000000000000000000e+00
1.716364519589072943e+09 1.375097632408142090e+00 -1.141463279724121271e+01 2.762978374958037775e-01 0.000000000000000000e+00 0.000000000000000000e+00 0.000000000000000000e+00 1.000000000000000000e+00
1.716364519639383554e+09 1.376255989074707031e+00 -1.139895629882812322e+01 2.730364799499511164e-01 0.000000000000000000e+00 0.000000000000000000e+00 0.000000000000000000e+00 1.000000000000000000e+00
1.716364519739538431e+09 1.376068234443664551e+00 -1.139078903198242188e+01 2.722102105617523193e-01 0.000000000000000000e+00 0.000000000000000000e+00 0.000000000000000000e+00 1.000000000000000000e+00
1.716364519839999199e+09 1.375149130821228027e+00 -1.139703941345214844e+01 2.727988958358764093e-01 0.000000000000000000e+00 0.000000000000000000e+00 0.000000000000000000e+00 1.000000000000000000e+00
1.716364519890190125e+09 1.376333355903625710e+00 -1.140599441528320312e+01 2.726399004459381104e-01 0.000000000000000000e+00 0.000000000000000000e+00 0.000000000000000000e+00 1.000000000000000000e+00
1.716364519940633059e+09 1.376814484596252441e+00 -1.140799903869628729e+01 2.729844748973845880e-01 0.000000000000000000e+00 0.000000000000000000e+00 0.000000000000000000e+00 1.000000000000000000e+00
1.716364520040504694e+09 1.375885486602783203e+00 -1.140301322937011541e+01 2.726664245128631037e-01 0.000000000000000000e+00 0.000000000000000000e+00 0.000000000000000000e+00 1.000000000000000000e+00
