# timestamp tx ty tz qx qy qz qw
1.716365766906044960e+09 1.015011405944824219e+01 -3.520181417465209961e+00 2.622692286968231201e-01 0.000000000000000000e+00 0.000000000000000000e+00 0.000000000000000000e+00 1.000000000000000000e+00
1.716365766955897808e+09 1.015008831024169922e+01 -3.520274877548217773e+00 2.623192071914672852e-01 0.000000000000000000e+00 0.000000000000000000e+00 0.000000000000000000e+00 1.000000000000000000e+00
1.716365767005702496e+09 1.015000343322754084e+01 -3.520488977432250977e+00 2.622301280498504084e-01 0.000000000000000000e+00 0.000000000000000000e+00 0.000000000000000000e+00 1.000000000000000000e+00
1.716365767055863619e+09 1.015003395080566406e+01 -3.520415067672729048e+00 2.622755765914916992e-01 0.000000000000000000e+00 0.000000000000000000e+00 0.000000000000000000e+00 1.000000000000000000e+00
1.716365767156435251e+09 1.015099716186523438e+01 -3.520650148391724077e+00 2.621078789234160822e-01 0.000000000000000000e+00 0.000000000000000000e+00 0.000000000000000000e+00 1.000000000000000000e+00
1.716365767207393646e+09 1.015089988708495916e+01 -3.520932197570800781e+00 2.621114253997802734e-01 0.000000000000000000e+00 0.000000000000000000e+00 0.000000000000000000e+00 1.000000000000000000e+00
1.716365767257066727e+09 1.015090942382812322e+01 -3.520903825759888139e+00 2.621074914932250977e-01 0.000000000000000000e+00 0.000000000000000000e+00 0.000000000000000000e+00 1.000000000000000000e+00
1.716365767357784986e+09 1.015096092224121271e+01 -3.520751237869262695e+00 2.620961368083953857e-01 0.000000000000000000e+00 0.000000000000000000e+00 0.000000000000000000e+00 1.000000000000000000e+00
1.716365767407940388e+09 1.015087032318115234e+01 -3.521029949188232422e+00 2.621490955352783203e-01 0.000000000000000000e+00 0.000000000000000000e+00 0.000000000000000000e+00 1.000000000000000000e+00
1.716365767458451986e+09 1.015089511871338068e+01 -3.520964145660400391e+00 2.621573507785797119e-01 0.000000000000000000e+00 0.000000000000000000e+00 0.000000000000000000e+00 1.000000000000000000e+00
1.716365767559225321e+09 1.015091896057128729e+01 -3.520860671997070312e+00 2.620598077774047852e-01 0.000000000000000000e+00 0.000000000000000000e+00 0.000000000000000000e+00 1.000000000000000000e+00
1.716365767659378529e+09 1.015173625946044922e+01 -3.521619081497192383e+00 2.621884942054747980e-01 0.000000000000000000e+00 0.000000000000000000e+00 0.000000000000000000e+00 1.000000000000000000e+00
1.716365767760087013e+09 1.015368270874023438e+01 -3.522117137908935547e+00 2.620913386344909113e-01 0.000000000000000000e+00 0.000000000000000000e+00 0.000000000000000000e+00 1.000000000000000000e+00
1.716365767810653448e+09 1.015375804901123047e+01 -3.521937370300292969e+00 2.621994614601135254e-01 0.000000000000000000e+00 0.000000000000000000e+00 0.000000000000000000e+00 1.000000000000000000e+00
1.716365767910709620e+09 1.015262794494628729e+01 -3.522108793258666992e+00 2.621594071388244074e-01 0.000000000000000000e+00 0.000000000000000000e+00 0.000000000000000000e+00 1.000000000000000000e+00
1.716365767961354017e+09 1.015157222747802734e+01 -3.522087812423706055e+00 2.621724605560302734e-01 0.000000000000000000e+00 0.000000000000000000e+00 0.000000000000000000e+00 1.000000000000000000e+00
1.716365768011042833e+09 1.015367984771728338e+01 -3.522092580795288086e+00 2.619959712028502863e-01 0.000000000000000000e+00 0.000000000000000000e+00 0.000000000000000000e+00 1.000000000000000000e+00
1.716365768061624527e+09 1.015448474884033203e+01 -3.522849321365356445e+00 2.620158195495604914e-01 0.000000000000000000e+00 0.000000000000000000e+00 0.000000000000000000e+00 1.000000000000000000e+00
1.716365768111919641e+09 1.015405654907226562e+01 -3.524086475372314453e+00 2.620292305946350098e-01 0.000000000000000000e+00 0.000000000000000000e+00 0.000000000000000000e+00 1.000000000000000000e+00
1.716365768211941719e+09 1.015372180938720881e+01 -3.522005796432495117e+00 2.620988786220549982e-01 0.000000000000000000e+00 0.000000000000000000e+00 0.000000000000000000e+00 1.000000000000000000e+00
1.716365768262265682e+09 1.015363788604736328e+01 -3.522191286087036133e+00 2.619350552558898926e-01 0.000000000000000000e+00 0.000000000000000000e+00 0.000000000000000000e+00 1.000000000000000000e+00
1.716365768312489986e+09 1.015327167510986328e+01 -3.523299932479858398e+00 2.620917856693267822e-01 0.000000000000000000e+00 0.000000000000000000e+00 0.000000000000000000e+00 1.000000000000000000e+00
1.716365768412763834e+09 1.015448760986327947e+01 -3.522831678390502930e+00 2.619928121566771906e-01 0.000000000000000000e+00 0.000000000000000000e+00 0.000000000000000000e+00 1.000000000000000000e+00
1.716365768463111877e+09 1.015457820892333984e+01 -3.522557258605957031e+00 2.619520425796508789e-01 0.000000000000000000e+00 0.000000000000000000e+00 0.000000000000000000e+00 1.000000000000000000e+00
1.716365768563720703e+09 1.015236949920654475e+01 -3.522887706756591797e+00 2.622554898262023926e-01 0.000000000000000000e+00 0.000000000000000000e+00 0.000000000000000000e+00 1.000000000000000000e+00
1.716365768664560318e+09 1.015446949005126953e+01 -3.522905588150024414e+00 2.620502710342407227e-01 0.000000000000000000e+00 0.000000000000000000e+00 0.000000000000000000e+00 1.000000000000000000e+00
1.716365768714519739e+09 1.015522670745849609e+01 -3.523772239685058594e+00 2.619893252849578857e-01 0.000000000000000000e+00 0.000000000000000000e+00 0.000000000000000000e+00 1.000000000000000000e+00
1.716365768764792919e+09 1.015418243408203125e+01 -3.523764610290527788e+00 2.621401548385620117e-01 0.000000000000000000e+00 0.000000000000000000e+00 0.000000000000000000e+00 1.000000000000000000e+00
1.716365768865619659e+09 1.015446853637695135e+01 -3.522906780242919922e+00 2.620478868484497070e-01 0.000000000000000000e+00 0.000000000000000000e+00 0.000000000000000000e+00 1.000000000000000000e+00
1.716365768916010857e+09 1.015434360504150391e+01 -3.523288011550903764e+00 2.621059715747833252e-01 0.000000000000000000e+00 0.000000000000000000e+00 0.000000000000000000e+00 1.000000000000000000e+00
1.716365768965731859e+09 1.015424251556396484e+01 -3.523597717285155806e+00 2.621630430221557062e-01 0.000000000000000000e+00 0.000000000000000000e+00 0.000000000000000000e+00 1.000000000000000000e+00
1.716365769015832663e+09 1.015521812438964844e+01 -3.523812770843505859e+00 2.620355486869812012e-01 0.000000000000000000e+00 0.000000000000000000e+00 0.000000000000000000e+00 1.000000000000000000e+00
1.716365769066473007e+09 1.015540504455566406e+01 -3.523226499557495117e+00 2.618993520736693781e-01 0.000000000000000000e+00 0.000000000000000000e+00 0.000000000000000000e+00 1.000000000000000000e+00
1.716365769117006540e+09 1.015537643432617188e+01 -3.523344755172729048e+00 2.620054185390471857e-01 0.000000000000000000e+00 0.000000000000000000e+00 0.000000000000000000e+00 1.000000000000000000e+00
1.716365769166938782e+09 1.015430641174316406e+01 -3.523413896560668945e+00 2.621622681617736816e-01 0.000000000000000000e+00 0.000000000000000000e+00 0.000000000000000000e+00 1.000000000000000000e+00
1.716365769217152119e+09 1.015228843688964844e+01 -3.523150920867919922e+00 2.623411715030670166e-01 0.000000000000000000e+00 0.000000000000000000e+00 0.000000000000000000e+00 1.000000000000000000e+00
1.716365769267030478e+09 1.015320205688476562e+01 -3.523550033569335938e+00 2.622315585613250732e-01 0.000000000000000000e+00 0.000000000000000000e+00 0.000000000000000000e+00 1.000000000000000000e+00
1.716365769318232775e+09 1.015524196624756037e+01 -3.523725271224976030e+00 2.619839012622833252e-01 0.000000000000000000e+00 0.000000000000000000e+00 0.000000000000000000e+00 1.000000000000000000e+00
1.716365769418044567e+09 1.015877532958984375e+01 -3.522772789001464844e+00 2.620422244071959894e-01 0.000000000000000000e+00 0.000000000000000000e+00 0.000000000000000000e+00 1.000000000000000000e+00
1.716365769468544722e+09 1.015502643585205078e+01 -3.524550437927246094e+00 2.625712752342224121e-01 0.000000000000000000e+00 0.000000000000000000e+00 0.000000000000000000e+00 1.000000000000000000e+00
1.716365769518487215e+09 1.015663433074951172e+01 -3.528981447219848633e+00 2.621647119522094727e-01 0.000000000000000000e+00 0.000000000000000000e+00 0.000000000000000000e+00 1.000000000000000000e+00
1.716365769619560957e+09 1.015841293334960938e+01 -3.523814201354980469e+00 2.620367109775543213e-01 0.000000000000000000e+00 0.000000000000000000e+00 0.000000000000000000e+00 1.000000000000000000e+00
1.716365769970714092e+09 1.015755748748779119e+01 -3.526220083236694336e+00 2.618642449378966730e-01 0.000000000000000000e+00 0.000000000000000000e+00 0.000000000000000000e+00 1.000000000000000000e+00
1.716365770071067333e+09 1.015792751312256037e+01 -3.525174379348754883e+00 2.619186043739318848e-01 0.000000000000000000e+00 0.000000000000000000e+00 0.000000000000000000e+00 1.000000000000000000e+00
1.716365770122718573e+09 1.015661239624023438e+01 -3.525952339172363725e+00 2.620908915996550959e-01 0.000000000000000000e+00 0.000000000000000000e+00 0.000000000000000000e+00 1.000000000000000000e+00
1.716365770172389030e+09 1.015759372711181641e+01 -3.526166915893554688e+00 2.620107531547545832e-01 0.000000000000000000e+00 0.000000000000000000e+00 0.000000000000000000e+00 1.000000000000000000e+00
1.716365770272063494e+09 1.015867996215820312e+01 -3.526125907897949219e+00 2.620679736137390137e-01 0.000000000000000000e+00 0.000000000000000000e+00 0.000000000000000000e+00 1.000000000000000000e+00
1.716365770372349024e+09 1.015842533111572443e+01 -3.526824235916137695e+00 2.619644105434417725e-01 0.000000000000000000e+00 0.000000000000000000e+00 0.000000000000000000e+00 1.000000000000000000e+00
1.716365770422658443e+09 1.015881729125976562e+01 -3.525715112686156782e+00 2.620254158973693848e-01 0.000000000000000000e+00 0.000000000000000000e+00 0.000000000000000000e+00 1.000000000000000000e+00
1.716365770472995043e+09 1.015886211395263672e+01 -3.525564908981323242e+00 2.619611024856566828e-01 0.000000000000000000e+00 0.000000000000000000e+00 0.000000000000000000e+00 1.000000000000000000e+00
1.716365770523042679e+09 1.015678119659423828e+01 -3.525467872619628906e+00 2.620979845523834229e-01 0.000000000000000000e+00 0.000000000000000000e+00 0.000000000000000000e+00 1.000000000000000000e+00
1.716365770573297501e+09 1.015633296966552734e+01 -3.526792526245117188e+00 2.621948122978209894e-01 0.000000000000000000e+00 0.000000000000000000e+00 0.000000000000000000e+00 1.000000000000000000e+00
1.716365770623480320e+09 1.015738391876220881e+01 -3.526803970336914062e+00 2.621065676212310791e-01 0.000000000000000000e+00 0.000000000000000000e+00 0.000000000000000000e+00 1.000000000000000000e+00
1.716365770673824072e+09 1.015977382659911932e+01 -3.525975227355957031e+00 2.618664503097534180e-01 0.000000000000000000e+00 0.000000000000000000e+00 0.000000000000000000e+00 1.000000000000000000e+00
1.716365770724026680e+09 1.016311168670654475e+01 -3.525590419769287109e+00 2.619428634643554132e-01 0.000000000000000000e+00 0.000000000000000000e+00 0.000000000000000000e+00 1.000000000000000000e+00
1.716365770775172234e+09 1.016083049774169922e+01 -3.526019811630249023e+00 2.619289159774780273e-01 0.000000000000000000e+00 0.000000000000000000e+00 0.000000000000000000e+00 1.000000000000000000e+00
1.716365770825223446e+09 1.015805816650390625e+01 -3.527984142303466797e+00 2.622643113136290949e-01 0.000000000000000000e+00 0.000000000000000000e+00 0.000000000000000000e+00 1.000000000000000000e+00
1.716365770874946117e+09 1.015693855285644354e+01 -3.528146028518676758e+00 2.622796595096588135e-01 0.000000000000000000e+00 0.000000000000000000e+00 0.000000000000000000e+00 1.000000000000000000e+00
1.716365770925810575e+09 1.015865516662597656e+01 -3.526161909103393555e+00 2.619621455669403076e-01 0.000000000000000000e+00 0.000000000000000000e+00 0.000000000000000000e+00 1.000000000000000000e+00
1.716365771025524139e+09 1.016009807586669922e+01 -3.525034904479980469e+00 2.618487477302551270e-01 0.000000000000000000e+00 0.000000000000000000e+00 0.000000000000000000e+00 1.000000000000000000e+00
1.716365771076635361e+09 1.015977668762207031e+01 -3.525952816009521040e+00 2.618295848369597834e-01 0.000000000000000000e+00 0.000000000000000000e+00 0.000000000000000000e+00 1.000000000000000000e+00
1.716365771126480579e+09 1.015806961059570312e+01 -3.527915954589844194e+00 2.621607184410095215e-01 0.000000000000000000e+00 0.000000000000000000e+00 0.000000000000000000e+00 1.000000000000000000e+00
1.716365771176709414e+09 1.015867614746093750e+01 -3.526121139526367188e+00 2.620210051536560059e-01 0.000000000000000000e+00 0.000000000000000000e+00 0.000000000000000000e+00 1.000000000000000000e+00
1.716365771277711391e+09 1.015811157226562322e+01 -3.524658918380737305e+00 2.619642019271850031e-01 0.000000000000000000e+00 0.000000000000000000e+00 0.000000000000000000e+00 1.000000000000000000e+00
1.716365771326787949e+09 1.015647602081298828e+01 -3.526416540145874023e+00 2.622975111007689875e-01 0.000000000000000000e+00 0.000000000000000000e+00 0.000000000000000000e+00 1.000000000000000000e+00
1.716365771377766371e+09 1.015660476684570312e+01 -3.526043891906738281e+00 2.622942328453063965e-01 0.000000000000000000e+00 0.000000000000000000e+00 0.000000000000000000e+00 1.000000000000000000e+00
1.716365771478872299e+09 1.015790271759033203e+01 -3.525324583053588867e+00 2.621472179889678955e-01 0.000000000000000000e+00 0.000000000000000000e+00 0.000000000000000000e+00 1.000000000000000000e+00
1.716365771528049469e+09 1.015757083892822443e+01 -3.526296615600585938e+00 2.621936798095703125e-01 0.000000000000000000e+00 0.000000000000000000e+00 0.000000000000000000e+00 1.000000000000000000e+00
1.716365771578268051e+09 1.015659332275390625e+01 -3.526082038879394531e+00 2.623063027858734131e-01 0.000000000000000000e+00 0.000000000000000000e+00 0.000000000000000000e+00 1.000000000000000000e+00
1.716365771679237366e+09 1.015699386596679688e+01 -3.524899721145629883e+00 2.622273862361907959e-01 0.000000000000000000e+00 0.000000000000000000e+00 0.000000000000000000e+00 1.000000000000000000e+00
1.716365771729756832e+09 1.015680789947509766e+01 -3.525446653366088867e+00 2.622531652450560968e-01 0.000000000000000000e+00 0.000000000000000000e+00 0.000000000000000000e+00 1.000000000000000000e+00
1.716365771779860735e+09 1.015665340423583984e+01 -3.525899410247802734e+00 2.622805535793303888e-01 0.000000000000000000e+00 0.000000000000000000e+00 0.000000000000000000e+00 1.000000000000000000e+00
1.716365771829815388e+09 1.015680980682373047e+01 -3.525427103042602539e+00 2.622177302837371826e-01 0.000000000000000000e+00 0.000000000000000000e+00 0.000000000000000000e+00 1.000000000000000000e+00
1.716365771882119656e+09 1.015702438354492188e+01 -3.524832725524902344e+00 2.622844278812407892e-01 0.000000000000000000e+00 0.000000000000000000e+00 0.000000000000000000e+00 1.000000000000000000e+00
1.716365771930027485e+09 1.015596961975097656e+01 -3.524820804595947710e+00 2.623355388641356867e-01 0.000000000000000000e+00 0.000000000000000000e+00 0.000000000000000000e+00 1.000000000000000000e+00
1.716365771986159325e+09 1.015580844879150391e+01 -3.525273084640502930e+00 2.623004615306854248e-01 0.000000000000000000e+00 0.000000000000000000e+00 0.000000000000000000e+00 1.000000000000000000e+00
1.716365772030151367e+09 1.015587234497070312e+01 -3.525079011917114258e+00 2.622766792774199884e-01 0.000000000000000000e+00 0.000000000000000000e+00 0.000000000000000000e+00 1.000000000000000000e+00
1.716365772130463600e+09 1.015602684020995916e+01 -3.524639368057250977e+00 2.622876465320587158e-01 0.000000000000000000e+00 0.000000000000000000e+00 0.000000000000000000e+00 1.000000000000000000e+00
1.716365772180773735e+09 1.015589237213134766e+01 -3.525047302246093750e+00 2.623513042926787775e-01 0.000000000000000000e+00 0.000000000000000000e+00 0.000000000000000000e+00 1.000000000000000000e+00
1.716365772231029510e+09 1.015583515167236328e+01 -3.525211811065673828e+00 2.623515725135803223e-01 0.000000000000000000e+00 0.000000000000000000e+00 0.000000000000000000e+00 1.000000000000000000e+00
1.716365772331668139e+09 1.015695381164550781e+01 -3.525035619735717773e+00 2.622796893119812012e-01 0.000000000000000000e+00 0.000000000000000000e+00 0.000000000000000000e+00 1.000000000000000000e+00
1.716365772381988525e+09 1.015699768066406250e+01 -3.524906396865844727e+00 2.622761428356170099e-01 0.000000000000000000e+00 0.000000000000000000e+00 0.000000000000000000e+00 1.000000000000000000e+00
1.716365772432629585e+09 1.015586948394775391e+01 -3.525135278701782227e+00 2.624088227748870850e-01 0.000000000000000000e+00 0.000000000000000000e+00 0.000000000000000000e+00 1.000000000000000000e+00
1.716365772532957792e+09 1.015598678588867188e+01 -3.524784088134765625e+00 2.623770236968994141e-01 0.000000000000000000e+00 0.000000000000000000e+00 0.000000000000000000e+00 1.000000000000000000e+00
1.716365772583779573e+09 1.015603446960449219e+01 -3.524605989456176758e+00 2.622595131397246759e-01 0.000000000000000000e+00 0.000000000000000000e+00 0.000000000000000000e+00 1.000000000000000000e+00
1.716365772633895874e+09 1.015587043762207031e+01 -3.525086164474487749e+00 2.622812986373900812e-01 0.000000000000000000e+00 0.000000000000000000e+00 0.000000000000000000e+00 1.000000000000000000e+00
1.716365772684421539e+09 1.015592575073242188e+01 -3.524928092956542969e+00 2.622799575328826904e-01 0.000000000000000000e+00 0.000000000000000000e+00 0.000000000000000000e+00 1.000000000000000000e+00
1.716365772733760834e+09 1.015605068206787287e+01 -3.524584293365478516e+00 2.623290419578552246e-01 0.000000000000000000e+00 0.000000000000000000e+00 0.000000000000000000e+00 1.000000000000000000e+00
1.716365772783527851e+09 1.015599727630615234e+01 -3.524725198745727539e+00 2.622877061367034912e-01 0.000000000000000000e+00 0.000000000000000000e+00 0.000000000000000000e+00 1.000000000000000000e+00
1.716365772833886147e+09 1.015590476989745916e+01 -3.525005817413330078e+00 2.623312175273895264e-01 0.000000000000000000e+00 0.000000000000000000e+00 0.000000000000000000e+00 1.000000000000000000e+00
1.716365772884101152e+09 1.015592575073242188e+01 -3.524973630905151811e+00 2.624127566814422052e-01 0.000000000000000000e+00 0.000000000000000000e+00 0.000000000000000000e+00 1.000000000000000000e+00
1.716365772934210777e+09 1.015692234039306641e+01 -3.525120735168457031e+00 2.622660994529724121e-01 0.000000000000000000e+00 0.000000000000000000e+00 0.000000000000000000e+00 1.000000000000000000e+00
1.716365773034756184e+09 1.015693569183349609e+01 -3.525072097778320312e+00 2.622404992580413818e-01 0.000000000000000000e+00 0.000000000000000000e+00 0.000000000000000000e+00 1.000000000000000000e+00
1.716365773084939480e+09 1.015504074096679688e+01 -3.524467945098876953e+00 2.624503672122954767e-01 0.000000000000000000e+00 0.000000000000000000e+00 0.000000000000000000e+00 1.000000000000000000e+00
1.716365773135187864e+09 1.015512657165527166e+01 -3.524212360382080078e+00 2.624290883541107178e-01 0.000000000000000000e+00 0.000000000000000000e+00 0.000000000000000000e+00 1.000000000000000000e+00
1.716365773185380459e+09 1.015511322021484375e+01 -3.524266481399536133e+00 2.624717354774475098e-01 0.000000000000000000e+00 0.000000000000000000e+00 0.000000000000000000e+00 1.000000000000000000e+00
1.716365773236252785e+09 1.015593910217285156e+01 -3.524914026260375977e+00 2.623550891876220148e-01 0.000000000000000000e+00 0.000000000000000000e+00 0.000000000000000000e+00 1.000000000000000000e+00
1.716365773286153078e+09 1.015683269500732422e+01 -3.525417327880859819e+00 2.623780965805053156e-01 0.000000000000000000e+00 0.000000000000000000e+00 0.000000000000000000e+00 1.000000000000000000e+00
1.716365773336104631e+09 1.015687370300292969e+01 -3.525268554687500000e+00 2.622878849506378174e-01 0.000000000000000000e+00 0.000000000000000000e+00 0.000000000000000000e+00 1.000000000000000000e+00
1.716365773386778593e+09 1.015602684020995916e+01 -3.524673223495483398e+00 2.623837292194365900e-01 0.000000000000000000e+00 0.000000000000000000e+00 0.000000000000000000e+00 1.000000000000000000e+00
1.716365773437130690e+09 1.015600109100341797e+01 -3.524747610092163086e+00 2.623853087425231934e-01 0.000000000000000000e+00 0.000000000000000000e+00 0.000000000000000000e+00 1.000000000000000000e+00
1.716365773487331867e+09 1.015502166748046875e+01 -3.524539232254028320e+00 2.624988853931427002e-01 0.000000000000000000e+00 0.000000000000000000e+00 0.000000000000000000e+00 1.000000000000000000e+00
1.716365773537609577e+09 1.015504074096679688e+01 -3.524496793746947798e+00 2.625366747379302979e-01 0.000000000000000000e+00 0.000000000000000000e+00 0.000000000000000000e+00 1.000000000000000000e+00
1.716365773587882519e+09 1.015601730346679688e+01 -3.524700164794921875e+00 2.623832523822783869e-01 0.000000000000000000e+00 0.000000000000000000e+00 0.000000000000000000e+00 1.000000000000000000e+00
1.716365773637794256e+09 1.015596580505371271e+01 -3.524865150451660156e+00 2.624327242374420166e-01 0.000000000000000000e+00 0.000000000000000000e+00 0.000000000000000000e+00 1.000000000000000000e+00
1.716365773689186811e+09 1.015590095520019531e+01 -3.525064468383789062e+00 2.624717652797698975e-01 0.000000000000000000e+00 0.000000000000000000e+00 0.000000000000000000e+00 1.000000000000000000e+00
1.716365773738424301e+09 1.015589809417724609e+01 -3.525081157684326172e+00 2.624974548816680908e-01 0.000000000000000000e+00 0.000000000000000000e+00 0.000000000000000000e+00 1.000000000000000000e+00
1.716365773789074421e+09 1.015597915649414062e+01 -3.524861574172973633e+00 2.625326514244079035e-01 0.000000000000000000e+00 0.000000000000000000e+00 0.000000000000000000e+00 1.000000000000000000e+00
1.716365773838893890e+09 1.015599441528320312e+01 -3.524800062179564986e+00 2.624830901622772217e-01 0.000000000000000000e+00 0.000000000000000000e+00 0.000000000000000000e+00 1.000000000000000000e+00
1.716365773889099360e+09 1.015597820281982422e+01 -3.524845600128173828e+00 2.624836862087249756e-01 0.000000000000000000e+00 0.000000000000000000e+00 0.000000000000000000e+00 1.000000000000000000e+00
1.716365773939281940e+09 1.015594959259033203e+01 -3.524929761886596680e+00 2.624885737895965021e-01 0.000000000000000000e+00 0.000000000000000000e+00 0.000000000000000000e+00 1.000000000000000000e+00
1.716365773989457130e+09 1.015688800811767578e+01 -3.525273323059082031e+00 2.624243497848510742e-01 0.000000000000000000e+00 0.000000000000000000e+00 0.000000000000000000e+00 1.000000000000000000e+00
1.716365774039651632e+09 1.015685558319091797e+01 -3.525370359420776367e+00 2.624356448650360107e-01 0.000000000000000000e+00 0.000000000000000000e+00 0.000000000000000000e+00 1.000000000000000000e+00
1.716365774090139866e+09 1.015684032440185547e+01 -3.525462150573730469e+00 2.625674605369567871e-01 0.000000000000000000e+00 0.000000000000000000e+00 0.000000000000000000e+00 1.000000000000000000e+00
1.716365774140418530e+09 1.015684127807617188e+01 -3.525438547134399414e+00 2.625093758106231134e-01 0.000000000000000000e+00 0.000000000000000000e+00 0.000000000000000000e+00 1.000000000000000000e+00
1.716365774190207243e+09 1.015593624114990234e+01 -3.524981498718261719e+00 2.625238597393035889e-01 0.000000000000000000e+00 0.000000000000000000e+00 0.000000000000000000e+00 1.000000000000000000e+00
1.716365774291429043e+09 1.015506649017333984e+01 -3.524411916732788086e+00 2.625097334384918213e-01 0.000000000000000000e+00 0.000000000000000000e+00 0.000000000000000000e+00 1.000000000000000000e+00
1.716365774340985060e+09 1.015412044525146484e+01 -3.524153947830200195e+00 2.627545893192291260e-01 0.000000000000000000e+00 0.000000000000000000e+00 0.000000000000000000e+00 1.000000000000000000e+00
1.716365774391916037e+09 1.015504455566406250e+01 -3.524523973464965820e+00 2.626469433307647150e-01 0.000000000000000000e+00 0.000000000000000000e+00 0.000000000000000000e+00 1.000000000000000000e+00
1.716365774441439629e+09 1.015593814849853516e+01 -3.524979114532470703e+00 2.625350654125213068e-01 0.000000000000000000e+00 0.000000000000000000e+00 0.000000000000000000e+00 1.000000000000000000e+00
1.716365774491832733e+09 1.015502262115478338e+01 -3.524595737457275391e+00 2.626751661300659180e-01 0.000000000000000000e+00 0.000000000000000000e+00 0.000000000000000000e+00 1.000000000000000000e+00
1.716365774542832375e+09 1.015502357482910156e+01 -3.524582862854003906e+00 2.626457214355468750e-01 0.000000000000000000e+00 0.000000000000000000e+00 0.000000000000000000e+00 1.000000000000000000e+00
1.716365774642736912e+09 1.015500450134277166e+01 -3.524646759033203125e+00 2.626654207706450861e-01 0.000000000000000000e+00 0.000000000000000000e+00 0.000000000000000000e+00 1.000000000000000000e+00
1.716365774692873240e+09 1.015591526031493963e+01 -3.525074720382690430e+00 2.626207172870635986e-01 0.000000000000000000e+00 0.000000000000000000e+00 0.000000000000000000e+00 1.000000000000000000e+00
1.716365774743016720e+09 1.015583801269531250e+01 -3.525346517562866211e+00 2.627591788768767755e-01 0.000000000000000000e+00 0.000000000000000000e+00 0.000000000000000000e+00 1.000000000000000000e+00
1.716365774843360662e+09 1.015674209594726562e+01 -3.525806665420531782e+00 2.627472281455993097e-01 0.000000000000000000e+00 0.000000000000000000e+00 0.000000000000000000e+00 1.000000000000000000e+00
1.716365774894659996e+09 1.015674972534179688e+01 -3.525768518447875977e+00 2.627062201499938965e-01 0.000000000000000000e+00 0.000000000000000000e+00 0.000000000000000000e+00 1.000000000000000000e+00
1.716365774944233418e+09 1.015679454803466797e+01 -3.525645017623901367e+00 2.627206146717070978e-01 0.000000000000000000e+00 0.000000000000000000e+00 0.000000000000000000e+00 1.000000000000000000e+00
1.716365774994195461e+09 1.015682506561279119e+01 -3.525562286376953125e+00 2.627320289611815851e-01 0.000000000000000000e+00 0.000000000000000000e+00 0.000000000000000000e+00 1.000000000000000000e+00
1.716365775094964027e+09 1.015581226348876953e+01 -3.525442838668823242e+00 2.628253996372222900e-01 0.000000000000000000e+00 0.000000000000000000e+00 0.000000000000000000e+00 1.000000000000000000e+00
1.716365775144805908e+09 1.015675640106201172e+01 -3.525770425796508789e+00 2.627663314342498779e-01 0.000000000000000000e+00 0.000000000000000000e+00 0.000000000000000000e+00 1.000000000000000000e+00
1.716365775245339394e+09 1.015767288208007812e+01 -3.526281595230102539e+00 2.629983723163604736e-01 0.000000000000000000e+00 0.000000000000000000e+00 0.000000000000000000e+00 1.000000000000000000e+00
1.716365775296313763e+09 1.015853691101074219e+01 -3.526916027069091797e+00 2.631649971008300781e-01 0.000000000000000000e+00 0.000000000000000000e+00 0.000000000000000000e+00 1.000000000000000000e+00
1.716365775396895885e+09 1.016031932830810369e+01 -3.528190374374389648e+00 2.639462351799011230e-01 0.000000000000000000e+00 0.000000000000000000e+00 0.000000000000000000e+00 1.000000000000000000e+00
1.716365775446528912e+09 1.016313934326172053e+01 -3.529572486877441406e+00 2.648144364356994074e-01 0.000000000000000000e+00 0.000000000000000000e+00 0.000000000000000000e+00 1.000000000000000000e+00
1.716365775497107983e+09 1.016501808166504084e+01 -3.530456542968750000e+00 2.652750611305236816e-01 0.000000000000000000e+00 0.000000000000000000e+00 0.000000000000000000e+00 1.000000000000000000e+00
1.716365775596914291e+09 1.016882514953613281e+01 -3.531857967376708984e+00 2.655512690544127863e-01 0.000000000000000000e+00 0.000000000000000000e+00 0.000000000000000000e+00 1.000000000000000000e+00
1.716365775697265625e+09 1.017666530609130859e+01 -3.534724473953247070e+00 2.681821286678314209e-01 0.000000000000000000e+00 0.000000000000000000e+00 0.000000000000000000e+00 1.000000000000000000e+00
1.716365775797976017e+09 1.018039131164550781e+01 -3.536526203155517578e+00 2.689427435398101807e-01 0.000000000000000000e+00 0.000000000000000000e+00 0.000000000000000000e+00 1.000000000000000000e+00
1.716365775847940207e+09 1.018219661712646484e+01 -3.537690639495849609e+00 2.696119546890258789e-01 0.000000000000000000e+00 0.000000000000000000e+00 0.000000000000000000e+00 1.000000000000000000e+00
1.716365775898584843e+09 1.018239498138427557e+01 -3.540354013442993164e+00 2.701065540313720148e-01 0.000000000000000000e+00 0.000000000000000000e+00 0.000000000000000000e+00 1.000000000000000000e+00
1.716365775948691607e+09 1.018363094329833984e+01 -3.543033838272094727e+00 2.704141139984130859e-01 0.000000000000000000e+00 0.000000000000000000e+00 0.000000000000000000e+00 1.000000000000000000e+00
1.716365775999532461e+09 1.018731307983398438e+01 -3.544810533523560014e+00 2.707424461841583252e-01 0.000000000000000000e+00 0.000000000000000000e+00 0.000000000000000000e+00 1.000000000000000000e+00
1.716365776048804283e+09 1.018985176086425781e+01 -3.546263694763184038e+00 2.694565951824188232e-01 0.000000000000000000e+00 0.000000000000000000e+00 0.000000000000000000e+00 1.000000000000000000e+00
1.716365776099268436e+09 1.019135951995849609e+01 -3.550142765045166016e+00 2.666178345680236816e-01 0.000000000000000000e+00 0.000000000000000000e+00 0.000000000000000000e+00 1.000000000000000000e+00
1.716365776149736166e+09 1.019163894653320312e+01 -3.555457830429077148e+00 2.666226625442504883e-01 0.000000000000000000e+00 0.000000000000000000e+00 0.000000000000000000e+00 1.000000000000000000e+00
1.716365776199523926e+09 1.019296741485595525e+01 -3.558945178985596147e+00 2.701071798801422119e-01 0.000000000000000000e+00 0.000000000000000000e+00 0.000000000000000000e+00 1.000000000000000000e+00
1.716365776249754906e+09 1.019439411163330078e+01 -3.561728715896606445e+00 2.723560333251953125e-01 0.000000000000000000e+00 0.000000000000000000e+00 0.000000000000000000e+00 1.000000000000000000e+00
1.716365776299957991e+09 1.019578647613525391e+01 -3.567235946655272993e+00 2.733770608901976984e-01 0.000000000000000000e+00 0.000000000000000000e+00 0.000000000000000000e+00 1.000000000000000000e+00
1.716365776350258112e+09 1.019757366180419922e+01 -3.573819160461425781e+00 2.719192206859588068e-01 0.000000000000000000e+00 0.000000000000000000e+00 0.000000000000000000e+00 1.000000000000000000e+00
1.716365776400361538e+09 1.019904708862304865e+01 -3.587173700332641602e+00 2.699247896671295166e-01 0.000000000000000000e+00 0.000000000000000000e+00 0.000000000000000000e+00 1.000000000000000000e+00
1.716365776500880241e+09 1.020219230651855646e+01 -3.591051340103149414e+00 2.719733417034149170e-01 0.000000000000000000e+00 0.000000000000000000e+00 0.000000000000000000e+00 1.000000000000000000e+00
1.716365776551050901e+09 1.020379066467285156e+01 -3.596165180206298828e+00 2.736581265926361084e-01 0.000000000000000000e+00 0.000000000000000000e+00 0.000000000000000000e+00 1.000000000000000000e+00
1.716365776651598454e+09 1.020751953125000000e+01 -3.614049434661864790e+00 2.773998975753784180e-01 0.000000000000000000e+00 0.000000000000000000e+00 0.000000000000000000e+00 1.000000000000000000e+00
1.716365776701684475e+09 1.020840740203857422e+01 -3.624065876007080078e+00 2.788355946540831964e-01 0.000000000000000000e+00 0.000000000000000000e+00 0.000000000000000000e+00 1.000000000000000000e+00
1.716365776752019167e+09 1.020941352844238459e+01 -3.633765220642089844e+00 2.803963422775268000e-01 0.000000000000000000e+00 0.000000000000000000e+00 0.000000000000000000e+00 1.000000000000000000e+00
1.716365776804098845e+09 1.021286106109619141e+01 -3.655452489852904829e+00 2.847046852111815851e-01 0.000000000000000000e+00 0.000000000000000000e+00 0.000000000000000000e+00 1.000000000000000000e+00
1.716365776952593327e+09 1.022697830200195135e+01 -3.696797847747802290e+00 2.949486374855040949e-01 0.000000000000000000e+00 0.000000000000000000e+00 0.000000000000000000e+00 1.000000000000000000e+00
1.716365777002938509e+09 1.023238658905029119e+01 -3.710251808166503906e+00 3.005843162536621094e-01 0.000000000000000000e+00 0.000000000000000000e+00 0.000000000000000000e+00 1.000000000000000000e+00
1.716365777153130770e+09 1.026680183410644354e+01 -3.752008199691772905e+00 3.227162063121795099e-01 0.000000000000000000e+00 0.000000000000000000e+00 0.000000000000000000e+00 1.000000000000000000e+00
1.716365777203337669e+09 1.027410984039306641e+01 -3.764538764953612837e+00 3.332882821559906006e-01 0.000000000000000000e+00 0.000000000000000000e+00 0.000000000000000000e+00 1.000000000000000000e+00
1.716365777253489971e+09 1.028199195861816406e+01 -3.778836011886596680e+00 3.454358279705047052e-01 0.000000000000000000e+00 0.000000000000000000e+00 0.000000000000000000e+00 1.000000000000000000e+00
1.716365777403862476e+09 1.032262325286865234e+01 -3.823571443557739258e+00 3.883907794952392023e-01 0.000000000000000000e+00 0.000000000000000000e+00 0.000000000000000000e+00 1.000000000000000000e+00
1.716365777454114914e+09 1.033463382720947266e+01 -3.836628675460815874e+00 4.060226082801818848e-01 0.000000000000000000e+00 0.000000000000000000e+00 0.000000000000000000e+00 1.000000000000000000e+00
1.716365777555663824e+09 1.035970306396484375e+01 -3.854403018951416016e+00 4.221857786178588867e-01 0.000000000000000000e+00 0.000000000000000000e+00 0.000000000000000000e+00 1.000000000000000000e+00
1.716365777654883146e+09 1.038638114929199219e+01 -3.879403829574584961e+00 4.605473577976226807e-01 0.000000000000000000e+00 0.000000000000000000e+00 0.000000000000000000e+00 1.000000000000000000e+00
1.716365777705064297e+09 1.041410636901855646e+01 -3.899065494537353516e+00 5.021113157272338867e-01 0.000000000000000000e+00 0.000000000000000000e+00 0.000000000000000000e+00 1.000000000000000000e+00
1.716365777805680275e+09 1.046060276031493963e+01 -3.922510147094727007e+00 5.439224243164062500e-01 0.000000000000000000e+00 0.000000000000000000e+00 0.000000000000000000e+00 1.000000000000000000e+00
1.716365777905818462e+09 1.047442817687988459e+01 -3.930793046951293945e+00 5.657462477684020996e-01 0.000000000000000000e+00 0.000000000000000000e+00 0.000000000000000000e+00 1.000000000000000000e+00
1.716365777956013918e+09 1.050612163543701172e+01 -3.944815397262572798e+00 5.842173695564270020e-01 0.000000000000000000e+00 0.000000000000000000e+00 0.000000000000000000e+00 1.000000000000000000e+00
1.716365778006843328e+09 1.052324104309082031e+01 -3.952185869216918945e+00 6.040632128715515137e-01 0.000000000000000000e+00 0.000000000000000000e+00 0.000000000000000000e+00 1.000000000000000000e+00
1.716365778056514263e+09 1.055772399902343750e+01 -3.965415954589844194e+00 6.412864923477172852e-01 0.000000000000000000e+00 0.000000000000000000e+00 0.000000000000000000e+00 1.000000000000000000e+00
1.716365778106736898e+09 1.057453918457031250e+01 -3.972811937332152876e+00 6.589184999465942383e-01 0.000000000000000000e+00 0.000000000000000000e+00 0.000000000000000000e+00 1.000000000000000000e+00
1.716365778206998348e+09 1.060486984252929688e+01 -3.986254930496215820e+00 6.733514070510864258e-01 0.000000000000000000e+00 0.000000000000000000e+00 0.000000000000000000e+00 1.000000000000000000e+00
1.716365778257350206e+09 1.063590717315673828e+01 -4.001001358032226562e+00 7.043859958648681641e-01 0.000000000000000000e+00 0.000000000000000000e+00 0.000000000000000000e+00 1.000000000000000000e+00
1.716365778307520628e+09 1.065213394165039062e+01 -4.008709907531738281e+00 7.171407938003540039e-01 0.000000000000000000e+00 0.000000000000000000e+00 0.000000000000000000e+00 1.000000000000000000e+00
1.716365778407993793e+09 1.066842079162597656e+01 -4.016131877899169922e+00 7.294883728027343750e-01 0.000000000000000000e+00 0.000000000000000000e+00 0.000000000000000000e+00 1.000000000000000000e+00
1.716365778458312511e+09 1.071226978302001953e+01 -4.037287235260009766e+00 7.509953379631042480e-01 0.000000000000000000e+00 0.000000000000000000e+00 0.000000000000000000e+00 1.000000000000000000e+00
1.716365778508362055e+09 1.072661972045898438e+01 -4.046356201171875000e+00 7.604089975357055664e-01 0.000000000000000000e+00 0.000000000000000000e+00 0.000000000000000000e+00 1.000000000000000000e+00
1.716365778558643341e+09 1.074136161804199219e+01 -4.056968688964843750e+00 7.685261368751525879e-01 0.000000000000000000e+00 0.000000000000000000e+00 0.000000000000000000e+00 1.000000000000000000e+00
1.716365778659119844e+09 1.078378677368164062e+01 -4.085658073425292969e+00 7.805975079536437988e-01 0.000000000000000000e+00 0.000000000000000000e+00 0.000000000000000000e+00 1.000000000000000000e+00
1.716365778709376574e+09 1.079762649536132812e+01 -4.098002433776856357e+00 7.853410243988037109e-01 0.000000000000000000e+00 0.000000000000000000e+00 0.000000000000000000e+00 1.000000000000000000e+00
1.716365778759935141e+09 1.081108379364013672e+01 -4.111141681671142578e+00 7.889330387115478516e-01 0.000000000000000000e+00 0.000000000000000000e+00 0.000000000000000000e+00 1.000000000000000000e+00
1.716365778809780836e+09 1.082490921020507812e+01 -4.125919342041015625e+00 7.913976907730102539e-01 0.000000000000000000e+00 0.000000000000000000e+00 0.000000000000000000e+00 1.000000000000000000e+00
1.716365778910154581e+09 1.085393905639648438e+01 -4.148266315460205078e+00 7.918773293495178223e-01 0.000000000000000000e+00 0.000000000000000000e+00 0.000000000000000000e+00 1.000000000000000000e+00
1.716365778960405588e+09 1.087835216522216797e+01 -4.182471752166748047e+00 7.915024161338806152e-01 0.000000000000000000e+00 0.000000000000000000e+00 0.000000000000000000e+00 1.000000000000000000e+00
1.716365779010680437e+09 1.089032077789306641e+01 -4.198543548583984375e+00 7.900630831718444824e-01 0.000000000000000000e+00 0.000000000000000000e+00 0.000000000000000000e+00 1.000000000000000000e+00
1.716365779161535501e+09 1.094365310668945135e+01 -4.253431320190429688e+00 7.804052233695983887e-01 0.000000000000000000e+00 0.000000000000000000e+00 0.000000000000000000e+00 1.000000000000000000e+00
1.716365779211548328e+09 1.095592212677001953e+01 -4.270823478698730469e+00 7.755528688430786133e-01 0.000000000000000000e+00 0.000000000000000000e+00 0.000000000000000000e+00 1.000000000000000000e+00
1.716365779312341213e+09 1.098470592498779119e+01 -4.295142173767089844e+00 7.687606811523437500e-01 0.000000000000000000e+00 0.000000000000000000e+00 0.000000000000000000e+00 1.000000000000000000e+00
1.716365779412805080e+09 1.102150535583495916e+01 -4.353821277618408203e+00 7.459611296653747559e-01 0.000000000000000000e+00 0.000000000000000000e+00 0.000000000000000000e+00 1.000000000000000000e+00
1.716365779513035774e+09 1.106634044647216797e+01 -4.400156021118164062e+00 7.241998910903930664e-01 0.000000000000000000e+00 0.000000000000000000e+00 0.000000000000000000e+00 1.000000000000000000e+00
1.716365779563400269e+09 1.108079338073730469e+01 -4.418787002563476562e+00 7.128860950469970703e-01 0.000000000000000000e+00 0.000000000000000000e+00 0.000000000000000000e+00 1.000000000000000000e+00
1.716365779663812637e+09 1.109537029266357422e+01 -4.436916351318359375e+00 7.007889151573181152e-01 0.000000000000000000e+00 0.000000000000000000e+00 0.000000000000000000e+00 1.000000000000000000e+00
1.716365779714045763e+09 1.112560939788818359e+01 -4.472744941711425781e+00 6.751899123191833496e-01 0.000000000000000000e+00 0.000000000000000000e+00 0.000000000000000000e+00 1.000000000000000000e+00
1.716365779814262629e+09 1.117954349517822443e+01 -4.515910625457763672e+00 6.458727121353149414e-01 0.000000000000000000e+00 0.000000000000000000e+00 0.000000000000000000e+00 1.000000000000000000e+00
1.716365779914758682e+09 1.119412231445312322e+01 -4.533514976501464844e+00 6.324473619461059570e-01 0.000000000000000000e+00 0.000000000000000000e+00 0.000000000000000000e+00 1.000000000000000000e+00
1.716365779965080976e+09 1.124502563476562322e+01 -4.575909137725830078e+00 6.036151051521301270e-01 0.000000000000000000e+00 0.000000000000000000e+00 0.000000000000000000e+00 1.000000000000000000e+00
1.716365780015285969e+09 1.126133060455322443e+01 -4.594476699829101562e+00 5.904713869094848633e-01 0.000000000000000000e+00 0.000000000000000000e+00 0.000000000000000000e+00 1.000000000000000000e+00
1.716365780117267132e+09 1.127759456634521662e+01 -4.613255023956298828e+00 5.781721472740173340e-01 0.000000000000000000e+00 0.000000000000000000e+00 0.000000000000000000e+00 1.000000000000000000e+00
1.716365780166028976e+09 1.131134319305419922e+01 -4.651412487030029297e+00 5.590646266937255859e-01 0.000000000000000000e+00 0.000000000000000000e+00 0.000000000000000000e+00 1.000000000000000000e+00
1.716365780266293049e+09 1.135472202301025391e+01 -4.681386947631835938e+00 5.507957339286804199e-01 0.000000000000000000e+00 0.000000000000000000e+00 0.000000000000000000e+00 1.000000000000000000e+00
1.716365780316437483e+09 1.139393711090088068e+01 -4.724049091339111328e+00 5.427230000495910645e-01 0.000000000000000000e+00 0.000000000000000000e+00 0.000000000000000000e+00 1.000000000000000000e+00
1.716365780366629124e+09 1.141321372985839844e+01 -4.745471000671386719e+00 5.419760346412658691e-01 0.000000000000000000e+00 0.000000000000000000e+00 0.000000000000000000e+00 1.000000000000000000e+00
1.716365780416811466e+09 1.145927619934082031e+01 -4.778091430664063388e+00 5.407130122184753418e-01 0.000000000000000000e+00 0.000000000000000000e+00 0.000000000000000000e+00 1.000000000000000000e+00
1.716365781069735050e+09 1.186574459075927557e+01 -5.099620342254638672e+00 6.167818307876586914e-01 0.000000000000000000e+00 0.000000000000000000e+00 0.000000000000000000e+00 1.000000000000000000e+00
1.716365781119964123e+09 1.190057373046875000e+01 -5.123883724212647373e+00 6.241971850395202637e-01 0.000000000000000000e+00 0.000000000000000000e+00 0.000000000000000000e+00 1.000000000000000000e+00
1.716365781170259714e+09 1.197226333618164062e+01 -5.169878005981445312e+00 6.374394893646240234e-01 0.000000000000000000e+00 0.000000000000000000e+00 0.000000000000000000e+00 1.000000000000000000e+00
1.716365781270646334e+09 1.208658027648925781e+01 -5.229888916015625000e+00 6.449629068374633789e-01 0.000000000000000000e+00 0.000000000000000000e+00 0.000000000000000000e+00 1.000000000000000000e+00
1.716365781320753098e+09 1.212430286407470881e+01 -5.251776695251464844e+00 6.485742330551147461e-01 0.000000000000000000e+00 0.000000000000000000e+00 0.000000000000000000e+00 1.000000000000000000e+00
1.716365781370943069e+09 1.216126346588134766e+01 -5.275315284729003906e+00 6.515917778015136719e-01 0.000000000000000000e+00 0.000000000000000000e+00 0.000000000000000000e+00 1.000000000000000000e+00
1.716365781471471310e+09 1.223831462860107422e+01 -5.316558361053466797e+00 6.505127549171447754e-01 0.000000000000000000e+00 0.000000000000000000e+00 0.000000000000000000e+00 1.000000000000000000e+00
1.716365781521628857e+09 1.227542114257812322e+01 -5.339446067810058594e+00 6.516770720481872559e-01 0.000000000000000000e+00 0.000000000000000000e+00 0.000000000000000000e+00 1.000000000000000000e+00
1.716365781571753025e+09 1.235058116912841797e+01 -5.382755756378173828e+00 6.522896289825439453e-01 0.000000000000000000e+00 0.000000000000000000e+00 0.000000000000000000e+00 1.000000000000000000e+00
1.716365781621994972e+09 1.239009666442871271e+01 -5.404880046844482422e+00 6.519581675529479980e-01 0.000000000000000000e+00 0.000000000000000000e+00 0.000000000000000000e+00 1.000000000000000000e+00
1.716365781723030806e+09 1.246948051452636719e+01 -5.445396423339843750e+00 6.486367583274841309e-01 0.000000000000000000e+00 0.000000000000000000e+00 0.000000000000000000e+00 1.000000000000000000e+00
1.716365781773739338e+09 1.254741096496582031e+01 -5.491765022277832031e+00 6.455477476119995117e-01 0.000000000000000000e+00 0.000000000000000000e+00 0.000000000000000000e+00 1.000000000000000000e+00
1.716365781823565722e+09 1.258958625793457031e+01 -5.515030860900878906e+00 6.435316205024719238e-01 0.000000000000000000e+00 0.000000000000000000e+00 0.000000000000000000e+00 1.000000000000000000e+00
1.716365781974483728e+09 1.271755981445312322e+01 -5.581454753875732422e+00 6.371149420738220215e-01 0.000000000000000000e+00 0.000000000000000000e+00 0.000000000000000000e+00 1.000000000000000000e+00
1.716365782024224043e+09 1.279731082916259766e+01 -5.631160259246826172e+00 6.344544291496276855e-01 0.000000000000000000e+00 0.000000000000000000e+00 0.000000000000000000e+00 1.000000000000000000e+00
1.716365782074018478e+09 1.283642101287841797e+01 -5.656560897827148438e+00 6.335670351982116699e-01 0.000000000000000000e+00 0.000000000000000000e+00 0.000000000000000000e+00 1.000000000000000000e+00
1.716365782174364090e+09 1.295946121215820312e+01 -5.727230072021484375e+00 6.309682130813598633e-01 0.000000000000000000e+00 0.000000000000000000e+00 0.000000000000000000e+00 1.000000000000000000e+00
1.716365782224831581e+09 1.300253677368164062e+01 -5.753803253173828125e+00 6.318567991256713867e-01 0.000000000000000000e+00 0.000000000000000000e+00 0.000000000000000000e+00 1.000000000000000000e+00
1.716365782274811745e+09 1.304393196105957031e+01 -5.779345035552978516e+00 6.336560845375061035e-01 0.000000000000000000e+00 0.000000000000000000e+00 0.000000000000000000e+00 1.000000000000000000e+00
1.716365782375161648e+09 1.317607784271240234e+01 -5.852239608764648438e+00 6.352233290672302246e-01 0.000000000000000000e+00 0.000000000000000000e+00 0.000000000000000000e+00 1.000000000000000000e+00
1.716365782425434589e+09 1.321825027465820312e+01 -5.878623485565185547e+00 6.381248235702514648e-01 0.000000000000000000e+00 0.000000000000000000e+00 0.000000000000000000e+00 1.000000000000000000e+00
1.716365782476321459e+09 1.326028442382812322e+01 -5.905348300933837891e+00 6.413363814353942871e-01 0.000000000000000000e+00 0.000000000000000000e+00 0.000000000000000000e+00 1.000000000000000000e+00
1.716365782526192427e+09 1.330421066284179688e+01 -5.932687759399414062e+00 6.442366242408752441e-01 0.000000000000000000e+00 0.000000000000000000e+00 0.000000000000000000e+00 1.000000000000000000e+00
1.716365782576562881e+09 1.339733791351318359e+01 -5.982078552246093750e+00 6.442358493804931641e-01 0.000000000000000000e+00 0.000000000000000000e+00 0.000000000000000000e+00 1.000000000000000000e+00
1.716365782632641077e+09 1.344036769866943359e+01 -6.008895397186279297e+00 6.467990279197692871e-01 0.000000000000000000e+00 0.000000000000000000e+00 0.000000000000000000e+00 1.000000000000000000e+00
1.716365782679651499e+09 1.348409938812256037e+01 -6.036537170410156250e+00 6.490256786346435547e-01 0.000000000000000000e+00 0.000000000000000000e+00 0.000000000000000000e+00 1.000000000000000000e+00
1.716365782727130651e+09 1.357416439056396484e+01 -6.085273265838623047e+00 6.482847929000854492e-01 0.000000000000000000e+00 0.000000000000000000e+00 0.000000000000000000e+00 1.000000000000000000e+00
1.716365782778443336e+09 1.361848735809326172e+01 -6.113953590393066406e+00 6.500661373138427734e-01 0.000000000000000000e+00 0.000000000000000000e+00 0.000000000000000000e+00 1.000000000000000000e+00
1.716365782827598810e+09 1.366281700134277166e+01 -6.142585277557373047e+00 6.516863107681274414e-01 0.000000000000000000e+00 0.000000000000000000e+00 0.000000000000000000e+00 1.000000000000000000e+00
1.716365782928102255e+09 1.380048084259033203e+01 -6.219550132751464844e+00 6.496003866195678711e-01 0.000000000000000000e+00 0.000000000000000000e+00 0.000000000000000000e+00 1.000000000000000000e+00
1.716365782978184462e+09 1.384514427185058594e+01 -6.247152328491210938e+00 6.493169665336608887e-01 0.000000000000000000e+00 0.000000000000000000e+00 0.000000000000000000e+00 1.000000000000000000e+00
1.716365783078803539e+09 1.393552398681640625e+01 -6.304588794708251953e+00 6.466329693794250488e-01 0.000000000000000000e+00 0.000000000000000000e+00 0.000000000000000000e+00 1.000000000000000000e+00
1.716365783128626108e+09 1.398047733306884766e+01 -6.333723068237304688e+00 6.446075439453125000e-01 0.000000000000000000e+00 0.000000000000000000e+00 0.000000000000000000e+00 1.000000000000000000e+00
1.716365783228935242e+09 1.407587623596191406e+01 -6.384538650512695312e+00 6.392551660537719727e-01 0.000000000000000000e+00 0.000000000000000000e+00 0.000000000000000000e+00 1.000000000000000000e+00
1.716365783279630423e+09 1.417030906677245916e+01 -6.442382335662841797e+00 6.344155073165893555e-01 0.000000000000000000e+00 0.000000000000000000e+00 0.000000000000000000e+00 1.000000000000000000e+00
1.716365783329739809e+09 1.421602058410644354e+01 -6.469766616821289062e+00 6.320232152938842773e-01 0.000000000000000000e+00 0.000000000000000000e+00 0.000000000000000000e+00 1.000000000000000000e+00
1.716365783429767132e+09 1.431166267395019531e+01 -6.519985198974609375e+00 6.264014840126037598e-01 0.000000000000000000e+00 0.000000000000000000e+00 0.000000000000000000e+00 1.000000000000000000e+00
1.716365783479943275e+09 1.436191749572754084e+01 -6.549420356750488281e+00 6.236602663993835449e-01 0.000000000000000000e+00 0.000000000000000000e+00 0.000000000000000000e+00 1.000000000000000000e+00
1.716365783530229807e+09 1.446099567413330078e+01 -6.606558322906494141e+00 6.179662346839904785e-01 0.000000000000000000e+00 0.000000000000000000e+00 0.000000000000000000e+00 1.000000000000000000e+00
1.716365783580565453e+09 1.451067543029785156e+01 -6.634831428527832031e+00 6.152560710906982422e-01 0.000000000000000000e+00 0.000000000000000000e+00 0.000000000000000000e+00 1.000000000000000000e+00
1.716365783630706072e+09 1.455967521667480469e+01 -6.662197589874267578e+00 6.126852631568908691e-01 0.000000000000000000e+00 0.000000000000000000e+00 0.000000000000000000e+00 1.000000000000000000e+00
1.716365783730906010e+09 1.470565128326416016e+01 -6.736919403076171875e+00 6.051428318023681641e-01 0.000000000000000000e+00 0.000000000000000000e+00 0.000000000000000000e+00 1.000000000000000000e+00
1.716365783781445742e+09 1.475547599792480469e+01 -6.762537479400634766e+00 6.030343174934387207e-01 0.000000000000000000e+00 0.000000000000000000e+00 0.000000000000000000e+00 1.000000000000000000e+00
1.716365783831704617e+09 1.480370903015136719e+01 -6.786924362182617188e+00 6.017217040061950684e-01 0.000000000000000000e+00 0.000000000000000000e+00 0.000000000000000000e+00 1.000000000000000000e+00
1.716365783931974888e+09 1.494759273529052734e+01 -6.857026576995849609e+00 5.975832939147949219e-01 0.000000000000000000e+00 0.000000000000000000e+00 0.000000000000000000e+00 1.000000000000000000e+00
1.716365784032853365e+09 1.504389095306396484e+01 -6.904196262359619141e+00 5.984005331993103027e-01 0.000000000000000000e+00 0.000000000000000000e+00 0.000000000000000000e+00 1.000000000000000000e+00
1.716365784133196592e+09 1.519319438934326172e+01 -6.977447986602783203e+00 5.987180471420288086e-01 0.000000000000000000e+00 0.000000000000000000e+00 0.000000000000000000e+00 1.000000000000000000e+00
1.716365784183745384e+09 1.523858356475830078e+01 -7.001302719116210938e+00 6.012421846389770508e-01 0.000000000000000000e+00 0.000000000000000000e+00 0.000000000000000000e+00 1.000000000000000000e+00
1.716365784233815908e+09 1.528567314147949219e+01 -7.026251316070556641e+00 6.037934422492980957e-01 0.000000000000000000e+00 0.000000000000000000e+00 0.000000000000000000e+00 1.000000000000000000e+00
1.716365784284873247e+09 1.537626457214355646e+01 -7.071378231048583984e+00 6.042407155036926270e-01 0.000000000000000000e+00 0.000000000000000000e+00 0.000000000000000000e+00 1.000000000000000000e+00
1.716365784335116386e+09 1.542688846588134766e+01 -7.098286628723144531e+00 6.073695421218872070e-01 0.000000000000000000e+00 0.000000000000000000e+00 0.000000000000000000e+00 1.000000000000000000e+00
1.716365784384762526e+09 1.547372627258300781e+01 -7.123907089233398438e+00 6.110663414001464844e-01 0.000000000000000000e+00 0.000000000000000000e+00 0.000000000000000000e+00 1.000000000000000000e+00
1.716365784434183121e+09 1.552578639984130859e+01 -7.152530193328857422e+00 6.146958470344543457e-01 0.000000000000000000e+00 0.000000000000000000e+00 0.000000000000000000e+00 1.000000000000000000e+00
1.716365784484781265e+09 1.557310581207275391e+01 -7.179450035095214844e+00 6.181383132934570312e-01 0.000000000000000000e+00 0.000000000000000000e+00 0.000000000000000000e+00 1.000000000000000000e+00
1.716365784534846783e+09 1.567280673980712713e+01 -7.231120109558105469e+00 6.188350915908813477e-01 0.000000000000000000e+00 0.000000000000000000e+00 0.000000000000000000e+00 1.000000000000000000e+00
1.716365784585922956e+09 1.571893692016601562e+01 -7.258201122283934659e+00 6.222116947174072266e-01 0.000000000000000000e+00 0.000000000000000000e+00 0.000000000000000000e+00 1.000000000000000000e+00
1.716365784635245800e+09 1.576491832733154475e+01 -7.285637378692626953e+00 6.259335279464721680e-01 0.000000000000000000e+00 0.000000000000000000e+00 0.000000000000000000e+00 1.000000000000000000e+00
1.716365784685552597e+09 1.585723495483398438e+01 -7.342254638671875000e+00 6.347361803054809570e-01 0.000000000000000000e+00 0.000000000000000000e+00 0.000000000000000000e+00 1.000000000000000000e+00
1.716365784785990953e+09 1.595090293884277166e+01 -7.392779827117919922e+00 6.369475722312927246e-01 0.000000000000000000e+00 0.000000000000000000e+00 0.000000000000000000e+00 1.000000000000000000e+00
1.716365784836117268e+09 1.600210952758789062e+01 -7.423286437988281250e+00 6.415706872940063477e-01 0.000000000000000000e+00 0.000000000000000000e+00 0.000000000000000000e+00 1.000000000000000000e+00
1.716365784936723471e+09 1.614927291870117188e+01 -7.504094600677490234e+00 6.484417915344238281e-01 0.000000000000000000e+00 0.000000000000000000e+00 0.000000000000000000e+00 1.000000000000000000e+00
1.716365784986645460e+09 1.619710922241210938e+01 -7.532302379608154297e+00 6.529396772384643555e-01 0.000000000000000000e+00 0.000000000000000000e+00 0.000000000000000000e+00 1.000000000000000000e+00
1.716365785036798716e+09 1.624749946594238281e+01 -7.562154293060302734e+00 6.576698422431945801e-01 0.000000000000000000e+00 0.000000000000000000e+00 0.000000000000000000e+00 1.000000000000000000e+00
1.716365785137302876e+09 1.634511947631835938e+01 -7.619080543518066406e+00 6.667170524597167969e-01 0.000000000000000000e+00 0.000000000000000000e+00 0.000000000000000000e+00 1.000000000000000000e+00
1.716365785187940836e+09 1.644946098327636719e+01 -7.672626972198486328e+00 6.684389114379882812e-01 0.000000000000000000e+00 0.000000000000000000e+00 0.000000000000000000e+00 1.000000000000000000e+00
1.716365785288296223e+09 1.655558776855468750e+01 -7.730151176452636719e+00 6.769855022430419922e-01 0.000000000000000000e+00 0.000000000000000000e+00 0.000000000000000000e+00 1.000000000000000000e+00
1.716365785338380337e+09 1.660914039611816406e+01 -7.757950305938720703e+00 6.821696758270263672e-01 0.000000000000000000e+00 0.000000000000000000e+00 0.000000000000000000e+00 1.000000000000000000e+00
1.716365785438764811e+09 1.676715087890625000e+01 -7.834440231323242188e+00 6.908251643180847168e-01 0.000000000000000000e+00 0.000000000000000000e+00 0.000000000000000000e+00 1.000000000000000000e+00
1.716365785489193439e+09 1.681898117065429688e+01 -7.858874797821044922e+00 6.966803669929504395e-01 0.000000000000000000e+00 0.000000000000000000e+00 0.000000000000000000e+00 1.000000000000000000e+00
1.716365785539294958e+09 1.687177276611328125e+01 -7.883575916290283203e+00 7.022507190704345703e-01 0.000000000000000000e+00 0.000000000000000000e+00 0.000000000000000000e+00 1.000000000000000000e+00
1.716365785639629364e+09 1.702627944946289062e+01 -7.955650806427001953e+00 7.106123566627502441e-01 0.000000000000000000e+00 0.000000000000000000e+00 0.000000000000000000e+00 1.000000000000000000e+00
1.716365785689706326e+09 1.707832908630371094e+01 -7.979515075683593750e+00 7.158111929893493652e-01 0.000000000000000000e+00 0.000000000000000000e+00 0.000000000000000000e+00 1.000000000000000000e+00
1.716365785740680456e+09 1.712923240661621094e+01 -8.003479957580566406e+00 7.211478352546691895e-01 0.000000000000000000e+00 0.000000000000000000e+00 0.000000000000000000e+00 1.000000000000000000e+00
1.716365785940844297e+09 1.733514595031738281e+01 -8.105467796325683594e+00 7.350685000419616699e-01 0.000000000000000000e+00 0.000000000000000000e+00 0.000000000000000000e+00 1.000000000000000000e+00
1.716365785991094828e+09 1.738697433471679688e+01 -8.132165908813476562e+00 7.405678629875183105e-01 0.000000000000000000e+00 0.000000000000000000e+00 0.000000000000000000e+00 1.000000000000000000e+00
1.716365786041315317e+09 1.748579025268554688e+01 -8.184092521667480469e+00 7.518258690834045410e-01 0.000000000000000000e+00 0.000000000000000000e+00 0.000000000000000000e+00 1.000000000000000000e+00
1.716365786141822577e+09 1.758959007263183594e+01 -8.236477851867675781e+00 7.555227279663085938e-01 0.000000000000000000e+00 0.000000000000000000e+00 0.000000000000000000e+00 1.000000000000000000e+00
1.716365786192074299e+09 1.764752578735351562e+01 -8.268959999084472656e+00 7.608643770217895508e-01 0.000000000000000000e+00 0.000000000000000000e+00 0.000000000000000000e+00 1.000000000000000000e+00
1.716365786242258072e+09 1.775005340576171875e+01 -8.331722259521484375e+00 7.717000842094421387e-01 0.000000000000000000e+00 0.000000000000000000e+00 0.000000000000000000e+00 1.000000000000000000e+00
1.716365786292403936e+09 1.780044937133789062e+01 -8.363736152648925781e+00 7.768958210945129395e-01 0.000000000000000000e+00 0.000000000000000000e+00 0.000000000000000000e+00 1.000000000000000000e+00
1.716365786392984629e+09 1.795783424377441406e+01 -8.452997207641601562e+00 7.852417230606079102e-01 0.000000000000000000e+00 0.000000000000000000e+00 0.000000000000000000e+00 1.000000000000000000e+00
1.716365786443292141e+09 1.800940895080566406e+01 -8.484826087951660156e+00 7.905233502388000488e-01 0.000000000000000000e+00 0.000000000000000000e+00 0.000000000000000000e+00 1.000000000000000000e+00
1.716365786493575573e+09 1.806187820434570312e+01 -8.517066001892089844e+00 7.954894900321960449e-01 0.000000000000000000e+00 0.000000000000000000e+00 0.000000000000000000e+00 1.000000000000000000e+00
1.716365786594301701e+09 1.822501945495605113e+01 -8.610280036926269531e+00 8.017577528953552246e-01 0.000000000000000000e+00 0.000000000000000000e+00 0.000000000000000000e+00 1.000000000000000000e+00
1.716365786644177675e+09 1.827918052673339844e+01 -8.643456459045410156e+00 8.050090670585632324e-01 0.000000000000000000e+00 0.000000000000000000e+00 0.000000000000000000e+00 1.000000000000000000e+00
1.716365786694535971e+09 1.833416557312012074e+01 -8.677238464355468750e+00 8.084846735000610352e-01 0.000000000000000000e+00 0.000000000000000000e+00 0.000000000000000000e+00 1.000000000000000000e+00
1.716365786794717073e+09 1.850142669677734375e+01 -8.770816802978515625e+00 8.120180368423461914e-01 0.000000000000000000e+00 0.000000000000000000e+00 0.000000000000000000e+00 1.000000000000000000e+00
1.716365786844880104e+09 1.855511474609375000e+01 -8.802575111389160156e+00 8.145957589149475098e-01 0.000000000000000000e+00 0.000000000000000000e+00 0.000000000000000000e+00 1.000000000000000000e+00
1.716365786895009041e+09 1.861003494262695668e+01 -8.834092140197753906e+00 8.175773620605468750e-01 0.000000000000000000e+00 0.000000000000000000e+00 0.000000000000000000e+00 1.000000000000000000e+00
1.716365786945120811e+09 1.872318458557128906e+01 -8.892136573791503906e+00 8.189777731895446777e-01 0.000000000000000000e+00 0.000000000000000000e+00 0.000000000000000000e+00 1.000000000000000000e+00
1.716365786995251656e+09 1.878108406066894531e+01 -8.922129631042480469e+00 8.232396245002746582e-01 0.000000000000000000e+00 0.000000000000000000e+00 0.000000000000000000e+00 1.000000000000000000e+00
1.716365787045683622e+09 1.884189414978027699e+01 -8.950665473937988281e+00 8.276396989822387695e-01 0.000000000000000000e+00 0.000000000000000000e+00 0.000000000000000000e+00 1.000000000000000000e+00
1.716365787095463753e+09 1.889897537231445312e+01 -8.975478172302246094e+00 8.333240151405334473e-01 0.000000000000000000e+00 0.000000000000000000e+00 0.000000000000000000e+00 1.000000000000000000e+00
1.716365787145954370e+09 1.901136589050292969e+01 -9.025948524475097656e+00 8.371535539627075195e-01 0.000000000000000000e+00 0.000000000000000000e+00 0.000000000000000000e+00 1.000000000000000000e+00
1.716365787195621490e+09 1.906632614135742543e+01 -9.050531387329101562e+00 8.425296545028686523e-01 0.000000000000000000e+00 0.000000000000000000e+00 0.000000000000000000e+00 1.000000000000000000e+00
1.716365787245845318e+09 1.912123298645019531e+01 -9.075166702270507812e+00 8.471883535385131836e-01 0.000000000000000000e+00 0.000000000000000000e+00 0.000000000000000000e+00 1.000000000000000000e+00
1.716365787296287298e+09 1.917331314086914062e+01 -9.098783493041992188e+00 8.522296547889709473e-01 0.000000000000000000e+00 0.000000000000000000e+00 0.000000000000000000e+00 1.000000000000000000e+00
1.716365787346177340e+09 1.927724647521972656e+01 -9.146059036254884589e+00 8.561901450157165527e-01 0.000000000000000000e+00 0.000000000000000000e+00 0.000000000000000000e+00 1.000000000000000000e+00
1.716365787396565676e+09 1.932936286926269176e+01 -9.167263031005859375e+00 8.614107966423034668e-01 0.000000000000000000e+00 0.000000000000000000e+00 0.000000000000000000e+00 1.000000000000000000e+00
1.716365787446997643e+09 1.938004493713378906e+01 -9.186806678771972656e+00 8.664687275886535645e-01 0.000000000000000000e+00 0.000000000000000000e+00 0.000000000000000000e+00 1.000000000000000000e+00
1.716365787498289585e+09 1.942978286743164062e+01 -9.206027984619140625e+00 8.719896078109741211e-01 0.000000000000000000e+00 0.000000000000000000e+00 0.000000000000000000e+00 1.000000000000000000e+00
1.716365787597242594e+09 1.952639961242676137e+01 -9.243460655212402344e+00 8.826940059661865234e-01 0.000000000000000000e+00 0.000000000000000000e+00 0.000000000000000000e+00 1.000000000000000000e+00
1.716365787647706270e+09 1.961495018005371094e+01 -9.281113624572753906e+00 8.867574930191040039e-01 0.000000000000000000e+00 0.000000000000000000e+00 0.000000000000000000e+00 1.000000000000000000e+00
1.716365787697830677e+09 1.965741539001464844e+01 -9.296985626220703125e+00 8.925021886825561523e-01 0.000000000000000000e+00 0.000000000000000000e+00 0.000000000000000000e+00 1.000000000000000000e+00
1.716365787748064518e+09 1.974016952514648438e+01 -9.328690528869627130e+00 9.050630331039427601e-01 0.000000000000000000e+00 0.000000000000000000e+00 0.000000000000000000e+00 1.000000000000000000e+00
1.716365787848536253e+09 1.981440734863280895e+01 -9.361565589904783380e+00 9.103809595108032227e-01 0.000000000000000000e+00 0.000000000000000000e+00 0.000000000000000000e+00 1.000000000000000000e+00
1.716365787898689270e+09 1.984933853149414062e+01 -9.376966476440429688e+00 9.161803126335144043e-01 0.000000000000000000e+00 0.000000000000000000e+00 0.000000000000000000e+00 1.000000000000000000e+00
1.716365787948778868e+09 1.988641929626464844e+01 -9.394752502441406250e+00 9.205657243728637695e-01 0.000000000000000000e+00 0.000000000000000000e+00 0.000000000000000000e+00 1.000000000000000000e+00
1.716365787999258995e+09 1.994774436950683949e+01 -9.424330711364746094e+00 9.229499697685241699e-01 0.000000000000000000e+00 0.000000000000000000e+00 0.000000000000000000e+00 1.000000000000000000e+00
1.716365788049236298e+09 1.997548866271972656e+01 -9.438336372375488281e+00 9.252948760986328125e-01 0.000000000000000000e+00 0.000000000000000000e+00 0.000000000000000000e+00 1.000000000000000000e+00
1.716365788099519491e+09 2.000214576721191762e+01 -9.452255249023437500e+00 9.268383383750915527e-01 0.000000000000000000e+00 0.000000000000000000e+00 0.000000000000000000e+00 1.000000000000000000e+00
1.716365788149971247e+09 2.002763557434082031e+01 -9.466258049011230469e+00 9.276326298713684082e-01 0.000000000000000000e+00 0.000000000000000000e+00 0.000000000000000000e+00 1.000000000000000000e+00
1.716365788250128031e+09 2.009572601318359730e+01 -9.504748344421388495e+00 9.270340204238891602e-01 0.000000000000000000e+00 0.000000000000000000e+00 0.000000000000000000e+00 1.000000000000000000e+00
1.716365788300250530e+09 2.011729621887207031e+01 -9.517555236816406250e+00 9.257206320762634277e-01 0.000000000000000000e+00 0.000000000000000000e+00 0.000000000000000000e+00 1.000000000000000000e+00
1.716365788400629520e+09 2.013593864440917969e+01 -9.529504776000976562e+00 9.239112734794615589e-01 0.000000000000000000e+00 0.000000000000000000e+00 0.000000000000000000e+00 1.000000000000000000e+00
1.716365788450795889e+09 2.017174148559570312e+01 -9.554001808166503906e+00 9.171234369277954102e-01 0.000000000000000000e+00 0.000000000000000000e+00 0.000000000000000000e+00 1.000000000000000000e+00
1.716365788551214218e+09 2.021755409240722656e+01 -9.585075378417968750e+00 9.048126935958862305e-01 0.000000000000000000e+00 0.000000000000000000e+00 0.000000000000000000e+00 1.000000000000000000e+00
1.716365788652097702e+09 2.024112892150878906e+01 -9.604493141174316406e+00 8.899363279342651367e-01 0.000000000000000000e+00 0.000000000000000000e+00 0.000000000000000000e+00 1.000000000000000000e+00
1.716365788752243757e+09 2.027177429199218750e+01 -9.625056266784667969e+00 8.708369731903076172e-01 0.000000000000000000e+00 0.000000000000000000e+00 0.000000000000000000e+00 1.000000000000000000e+00
1.716365788802479506e+09 2.027890586853027699e+01 -9.630367279052734375e+00 8.604781627655029297e-01 0.000000000000000000e+00 0.000000000000000000e+00 0.000000000000000000e+00 1.000000000000000000e+00
1.716365788902843475e+09 2.029984855651855469e+01 -9.643013000488279474e+00 8.367611169815063477e-01 0.000000000000000000e+00 0.000000000000000000e+00 0.000000000000000000e+00 1.000000000000000000e+00
1.716365788953136206e+09 2.030504417419433594e+01 -9.645279884338380683e+00 8.250982165336608887e-01 0.000000000000000000e+00 0.000000000000000000e+00 0.000000000000000000e+00 1.000000000000000000e+00
1.716365789003645897e+09 2.031055450439453125e+01 -9.646906852722167969e+00 8.139301538467407227e-01 0.000000000000000000e+00 0.000000000000000000e+00 0.000000000000000000e+00 1.000000000000000000e+00
1.716365789053616285e+09 2.031925392150878906e+01 -9.647947311401367188e+00 7.907261252403259277e-01 0.000000000000000000e+00 0.000000000000000000e+00 0.000000000000000000e+00 1.000000000000000000e+00
1.716365789153881073e+09 2.032519340515136719e+01 -9.648582458496093750e+00 7.789286971092224121e-01 0.000000000000000000e+00 0.000000000000000000e+00 0.000000000000000000e+00 1.000000000000000000e+00
1.716365789204097986e+09 2.032660293579101562e+01 -9.647164344787597656e+00 7.682276368141174316e-01 0.000000000000000000e+00 0.000000000000000000e+00 0.000000000000000000e+00 1.000000000000000000e+00
1.716365789254486084e+09 2.032960128784180043e+01 -9.641646385192872870e+00 7.477518320083618164e-01 0.000000000000000000e+00 0.000000000000000000e+00 0.000000000000000000e+00 1.000000000000000000e+00
1.716365789304507732e+09 2.032931900024414062e+01 -9.636770248413085938e+00 7.373170256614685059e-01 0.000000000000000000e+00 0.000000000000000000e+00 0.000000000000000000e+00 1.000000000000000000e+00
1.716365789455046892e+09 2.032368087768554688e+01 -9.623402595520019531e+00 7.130736708641052246e-01 0.000000000000000000e+00 0.000000000000000000e+00 0.000000000000000000e+00 1.000000000000000000e+00
1.716365789555222988e+09 2.031554222106933594e+01 -9.619000434875488281e+00 7.062288522720336914e-01 0.000000000000000000e+00 0.000000000000000000e+00 0.000000000000000000e+00 1.000000000000000000e+00
1.716365789656181335e+09 2.030492782592773082e+01 -9.617124557495115411e+00 6.949958801269531250e-01 0.000000000000000000e+00 0.000000000000000000e+00 0.000000000000000000e+00 1.000000000000000000e+00
1.716365789706984997e+09 2.029166221618652344e+01 -9.616446495056152344e+00 6.872613430023193359e-01 0.000000000000000000e+00 0.000000000000000000e+00 0.000000000000000000e+00 1.000000000000000000e+00
1.716365789756299257e+09 2.028374099731445312e+01 -9.616576194763183594e+00 6.845136880874633789e-01 0.000000000000000000e+00 0.000000000000000000e+00 0.000000000000000000e+00 1.000000000000000000e+00
1.716365789906930685e+09 2.026353454589844105e+01 -9.614628791809082031e+00 6.822420954704284668e-01 0.000000000000000000e+00 0.000000000000000000e+00 0.000000000000000000e+00 1.000000000000000000e+00
1.716365789957364082e+09 2.025809478759765625e+01 -9.614407539367675781e+00 6.820868849754333496e-01 0.000000000000000000e+00 0.000000000000000000e+00 0.000000000000000000e+00 1.000000000000000000e+00
1.716365790007259607e+09 2.024338340759277344e+01 -9.612448692321775567e+00 6.787111163139343262e-01 0.000000000000000000e+00 0.000000000000000000e+00 0.000000000000000000e+00 1.000000000000000000e+00
1.716365790057781935e+09 2.023774147033691762e+01 -9.612385749816896308e+00 6.753548383712768555e-01 0.000000000000000000e+00 0.000000000000000000e+00 0.000000000000000000e+00 1.000000000000000000e+00
1.716365790158132315e+09 2.023217201232910156e+01 -9.612108230590820312e+00 6.712687015533447266e-01 0.000000000000000000e+00 0.000000000000000000e+00 0.000000000000000000e+00 1.000000000000000000e+00
1.716365790208472252e+09 2.022169113159180043e+01 -9.609909057617187500e+00 6.601524949073791504e-01 0.000000000000000000e+00 0.000000000000000000e+00 0.000000000000000000e+00 1.000000000000000000e+00
1.716365790309692860e+09 2.021339797973632812e+01 -9.605835914611816406e+00 6.538471579551696777e-01 0.000000000000000000e+00 0.000000000000000000e+00 0.000000000000000000e+00 1.000000000000000000e+00
1.716365790409748554e+09 2.020544052124023438e+01 -9.600392341613769531e+00 6.399511098861694336e-01 0.000000000000000000e+00 0.000000000000000000e+00 0.000000000000000000e+00 1.000000000000000000e+00
1.716365790460031509e+09 2.019610214233398438e+01 -9.593746185302734375e+00 6.325328946113586426e-01 0.000000000000000000e+00 0.000000000000000000e+00 0.000000000000000000e+00 1.000000000000000000e+00
1.716365790510306835e+09 2.019139480590820312e+01 -9.578922271728515625e+00 6.168001890182495117e-01 0.000000000000000000e+00 0.000000000000000000e+00 0.000000000000000000e+00 1.000000000000000000e+00
1.716365790610003710e+09 2.019149398803710938e+01 -9.568631172180175781e+00 6.086281538009643555e-01 0.000000000000000000e+00 0.000000000000000000e+00 0.000000000000000000e+00 1.000000000000000000e+00
1.716365790710637569e+09 2.018763732910155895e+01 -9.527705192565917969e+00 5.841960310935974121e-01 0.000000000000000000e+00 0.000000000000000000e+00 0.000000000000000000e+00 1.000000000000000000e+00
1.716365790812845707e+09 2.018387603759765625e+01 -9.496504783630372870e+00 5.671856403350830078e-01 0.000000000000000000e+00 0.000000000000000000e+00 0.000000000000000000e+00 1.000000000000000000e+00
1.716365790911706448e+09 2.017137718200683949e+01 -9.477621078491212714e+00 5.591830611228942871e-01 0.000000000000000000e+00 0.000000000000000000e+00 0.000000000000000000e+00 1.000000000000000000e+00
1.716365790962694168e+09 2.015765190124512074e+01 -9.446167945861816406e+00 5.408655405044555664e-01 0.000000000000000000e+00 0.000000000000000000e+00 0.000000000000000000e+00 1.000000000000000000e+00
1.716365791012783051e+09 2.014988136291503906e+01 -9.431108474731443536e+00 5.311089158058166504e-01 0.000000000000000000e+00 0.000000000000000000e+00 0.000000000000000000e+00 1.000000000000000000e+00
1.716365791112403154e+09 2.013211441040039062e+01 -9.400825500488279474e+00 5.104057788848876953e-01 0.000000000000000000e+00 0.000000000000000000e+00 0.000000000000000000e+00 1.000000000000000000e+00
1.716365791213095427e+09 2.009153556823730469e+01 -9.362645149230955255e+00 4.908128976821898859e-01 0.000000000000000000e+00 0.000000000000000000e+00 0.000000000000000000e+00 1.000000000000000000e+00
1.716365791314343691e+09 2.005806732177734375e+01 -9.333070755004884589e+00 4.734745621681212824e-01 0.000000000000000000e+00 0.000000000000000000e+00 0.000000000000000000e+00 1.000000000000000000e+00
1.716365791414150715e+09 2.001610374450683949e+01 -9.308747291564939630e+00 4.678229391574859064e-01 0.000000000000000000e+00 0.000000000000000000e+00 0.000000000000000000e+00 1.000000000000000000e+00
1.716365791464840889e+09 1.999328231811523438e+01 -9.295509338378906250e+00 4.624482989311218262e-01 0.000000000000000000e+00 0.000000000000000000e+00 0.000000000000000000e+00 1.000000000000000000e+00
1.716365791514288425e+09 1.994431877136230469e+01 -9.271649360656738281e+00 4.538017213344573975e-01 0.000000000000000000e+00 0.000000000000000000e+00 0.000000000000000000e+00 1.000000000000000000e+00
1.716365791665294170e+09 1.982568740844726562e+01 -9.222516059875488281e+00 4.506991803646087091e-01 0.000000000000000000e+00 0.000000000000000000e+00 0.000000000000000000e+00 1.000000000000000000e+00
1.716365791766002655e+09 1.975804710388183949e+01 -9.197226524353027344e+00 4.524897336959838867e-01 0.000000000000000000e+00 0.000000000000000000e+00 0.000000000000000000e+00 1.000000000000000000e+00
1.716365791865818739e+09 1.965462112426757457e+01 -9.154644966125488281e+00 4.607537686824798029e-01 0.000000000000000000e+00 0.000000000000000000e+00 0.000000000000000000e+00 1.000000000000000000e+00
1.716365791966269970e+09 1.958101654052734375e+01 -9.123932838439939630e+00 4.692793786525725763e-01 0.000000000000000000e+00 0.000000000000000000e+00 0.000000000000000000e+00 1.000000000000000000e+00
1.716365792016422749e+09 1.950413131713867188e+01 -9.090557098388671875e+00 4.757556915283203125e-01 0.000000000000000000e+00 0.000000000000000000e+00 0.000000000000000000e+00 1.000000000000000000e+00
1.716365792066666603e+09 1.946337890625000000e+01 -9.074237823486328125e+00 4.804282188415526789e-01 0.000000000000000000e+00 0.000000000000000000e+00 0.000000000000000000e+00 1.000000000000000000e+00
1.716365792166939020e+09 1.938154792785644531e+01 -9.040023803710937500e+00 4.905973076820372980e-01 0.000000000000000000e+00 0.000000000000000000e+00 0.000000000000000000e+00 1.000000000000000000e+00
1.716365792217028618e+09 1.934102058410644531e+01 -9.020923614501951349e+00 4.959186613559722900e-01 0.000000000000000000e+00 0.000000000000000000e+00 0.000000000000000000e+00 1.000000000000000000e+00
1.716365792317367554e+09 1.921606826782226562e+01 -8.960822105407714844e+00 5.068296194076538086e-01 0.000000000000000000e+00 0.000000000000000000e+00 0.000000000000000000e+00 1.000000000000000000e+00
1.716365792368505239e+09 1.917460441589355469e+01 -8.941130638122558594e+00 5.100427269935607910e-01 0.000000000000000000e+00 0.000000000000000000e+00 0.000000000000000000e+00 1.000000000000000000e+00
1.716365792418230534e+09 1.913142776489257457e+01 -8.920299530029296875e+00 5.125597119331359863e-01 0.000000000000000000e+00 0.000000000000000000e+00 0.000000000000000000e+00 1.000000000000000000e+00
1.716365792518282652e+09 1.904049110412597656e+01 -8.876547813415527344e+00 5.168903470039367676e-01 0.000000000000000000e+00 0.000000000000000000e+00 0.000000000000000000e+00 1.000000000000000000e+00
1.716365792568522215e+09 1.895531845092773082e+01 -8.832047462463378906e+00 5.191131234169006348e-01 0.000000000000000000e+00 0.000000000000000000e+00 0.000000000000000000e+00 1.000000000000000000e+00
1.716365792618769169e+09 1.891206169128417969e+01 -8.808794021606445312e+00 5.196254849433898926e-01 0.000000000000000000e+00 0.000000000000000000e+00 0.000000000000000000e+00 1.000000000000000000e+00
1.716365792669286251e+09 1.882604980468750000e+01 -8.766013145446777344e+00 5.211147665977478027e-01 0.000000000000000000e+00 0.000000000000000000e+00 0.000000000000000000e+00 1.000000000000000000e+00
1.716365792719102621e+09 1.878188705444335938e+01 -8.742146492004394531e+00 5.199006795883178711e-01 0.000000000000000000e+00 0.000000000000000000e+00 0.000000000000000000e+00 1.000000000000000000e+00
1.716365792775930882e+09 1.873567008972167969e+01 -8.717878341674804688e+00 5.180657505989074707e-01 0.000000000000000000e+00 0.000000000000000000e+00 0.000000000000000000e+00 1.000000000000000000e+00
1.716365792819695711e+09 1.869050025939941051e+01 -8.693642616271972656e+00 5.154708623886108398e-01 0.000000000000000000e+00 0.000000000000000000e+00 0.000000000000000000e+00 1.000000000000000000e+00
1.716365792870201826e+09 1.860004615783691762e+01 -8.648315429687500000e+00 5.150061249732971191e-01 0.000000000000000000e+00 0.000000000000000000e+00 0.000000000000000000e+00 1.000000000000000000e+00
1.716365792920032978e+09 1.855574417114257457e+01 -8.624506950378417969e+00 5.117535591125488281e-01 0.000000000000000000e+00 0.000000000000000000e+00 0.000000000000000000e+00 1.000000000000000000e+00
1.716365792970372438e+09 1.851121711730957031e+01 -8.601270675659179688e+00 5.093004703521728516e-01 0.000000000000000000e+00 0.000000000000000000e+00 0.000000000000000000e+00 1.000000000000000000e+00
1.716365793020690203e+09 1.846604537963867188e+01 -8.577066421508789062e+00 5.070530772209167480e-01 0.000000000000000000e+00 0.000000000000000000e+00 0.000000000000000000e+00 1.000000000000000000e+00
1.716365793121700525e+09 1.833175659179687500e+01 -8.509413719177246094e+00 5.046072602272033691e-01 0.000000000000000000e+00 0.000000000000000000e+00 0.000000000000000000e+00 1.000000000000000000e+00
1.716365793171439409e+09 1.828531455993652344e+01 -8.485554695129394531e+00 5.023298859596252441e-01 0.000000000000000000e+00 0.000000000000000000e+00 0.000000000000000000e+00 1.000000000000000000e+00
1.716365793221724749e+09 1.824048995971680043e+01 -8.462927818298339844e+00 4.997713565826416016e-01 0.000000000000000000e+00 0.000000000000000000e+00 0.000000000000000000e+00 1.000000000000000000e+00
1.716365793272264957e+09 1.819461059570312500e+01 -8.440169334411621094e+00 4.969867467880249023e-01 0.000000000000000000e+00 0.000000000000000000e+00 0.000000000000000000e+00 1.000000000000000000e+00
1.716365793372268200e+09 1.805526161193848012e+01 -8.373738288879394531e+00 4.933817386627197266e-01 0.000000000000000000e+00 0.000000000000000000e+00 0.000000000000000000e+00 1.000000000000000000e+00
1.716365793472714186e+09 1.796069526672363281e+01 -8.329314231872558594e+00 4.863632321357727051e-01 0.000000000000000000e+00 0.000000000000000000e+00 0.000000000000000000e+00 1.000000000000000000e+00
1.716365793523055315e+09 1.791305160522460938e+01 -8.307874679565429688e+00 4.828667938709259033e-01 0.000000000000000000e+00 0.000000000000000000e+00 0.000000000000000000e+00 1.000000000000000000e+00
1.716365793623811007e+09 1.781553840637207031e+01 -8.263451576232910156e+00 4.825474619865416925e-01 0.000000000000000000e+00 0.000000000000000000e+00 0.000000000000000000e+00 1.000000000000000000e+00
1.716365793673679590e+09 1.771682167053222656e+01 -8.220883369445800781e+00 4.761889278888701837e-01 0.000000000000000000e+00 0.000000000000000000e+00 0.000000000000000000e+00 1.000000000000000000e+00
1.716365793723730087e+09 1.766733551025390625e+01 -8.201126098632812500e+00 4.735800325870513916e-01 0.000000000000000000e+00 0.000000000000000000e+00 0.000000000000000000e+00 1.000000000000000000e+00
1.716365793824425697e+09 1.756800079345703125e+01 -8.158361434936523438e+00 4.743234217166900080e-01 0.000000000000000000e+00 0.000000000000000000e+00 0.000000000000000000e+00 1.000000000000000000e+00
1.716365793924259424e+09 1.746574974060058594e+01 -8.119038581848144531e+00 4.714071750640869141e-01 0.000000000000000000e+00 0.000000000000000000e+00 0.000000000000000000e+00 1.000000000000000000e+00
1.716365793975184917e+09 1.731603240966796875e+01 -8.056476593017578125e+00 4.730902612209320068e-01 0.000000000000000000e+00 0.000000000000000000e+00 0.000000000000000000e+00 1.000000000000000000e+00
1.716365794024668694e+09 1.726343727111816406e+01 -8.034258842468261719e+00 4.734727740287780762e-01 0.000000000000000000e+00 0.000000000000000000e+00 0.000000000000000000e+00 1.000000000000000000e+00
1.716365794125024557e+09 1.716642379760742188e+01 -7.991595745086669922e+00 4.771041274070739746e-01 0.000000000000000000e+00 0.000000000000000000e+00 0.000000000000000000e+00 1.000000000000000000e+00
1.716365794175160408e+09 1.711885452270507812e+01 -7.968429088592529297e+00 4.803529977798461914e-01 0.000000000000000000e+00 0.000000000000000000e+00 0.000000000000000000e+00 1.000000000000000000e+00
1.716365794226150036e+09 1.702479934692382812e+01 -7.922140598297119141e+00 4.868339300155639093e-01 0.000000000000000000e+00 0.000000000000000000e+00 0.000000000000000000e+00 1.000000000000000000e+00
1.716365794276324749e+09 1.697580718994140625e+01 -7.895079612731933594e+00 4.914325475692749023e-01 0.000000000000000000e+00 0.000000000000000000e+00 0.000000000000000000e+00 1.000000000000000000e+00
1.716365794326452494e+09 1.692944908142089844e+01 -7.867138385772705078e+00 4.963520467281340998e-01 0.000000000000000000e+00 0.000000000000000000e+00 0.000000000000000000e+00 1.000000000000000000e+00
1.716365794376745462e+09 1.688661193847656250e+01 -7.841128826141357422e+00 5.013245940208435059e-01 0.000000000000000000e+00 0.000000000000000000e+00 0.000000000000000000e+00 1.000000000000000000e+00
1.716365794477342129e+09 1.675880241394042969e+01 -7.759235858917236328e+00 5.167233943939208984e-01 0.000000000000000000e+00 0.000000000000000000e+00 0.000000000000000000e+00 1.000000000000000000e+00
1.716365794527658463e+09 1.672018432617187500e+01 -7.726749897003173828e+00 5.239782333374023438e-01 0.000000000000000000e+00 0.000000000000000000e+00 0.000000000000000000e+00 1.000000000000000000e+00
1.716365794577790260e+09 1.668083000183105469e+01 -7.693503379821777344e+00 5.317451357841491699e-01 0.000000000000000000e+00 0.000000000000000000e+00 0.000000000000000000e+00 1.000000000000000000e+00
1.716365794627913713e+09 1.664192771911621094e+01 -7.659276962280273438e+00 5.397483706474304199e-01 0.000000000000000000e+00 0.000000000000000000e+00 0.000000000000000000e+00 1.000000000000000000e+00
1.716365794728698254e+09 1.655704116821289062e+01 -7.603121280670166016e+00 5.504516363143920898e-01 0.000000000000000000e+00 0.000000000000000000e+00 0.000000000000000000e+00 1.000000000000000000e+00
1.716365794778828859e+09 1.652031898498535156e+01 -7.566529273986816406e+00 5.589135885238647461e-01 0.000000000000000000e+00 0.000000000000000000e+00 0.000000000000000000e+00 1.000000000000000000e+00
1.716365794829018831e+09 1.645075416564941406e+01 -7.489571094512939453e+00 5.762994885444641113e-01 0.000000000000000000e+00 0.000000000000000000e+00 0.000000000000000000e+00 1.000000000000000000e+00
1.716365794879126787e+09 1.637280273437500000e+01 -7.427809715270996094e+00 5.883705615997314453e-01 0.000000000000000000e+00 0.000000000000000000e+00 0.000000000000000000e+00 1.000000000000000000e+00
1.716365794979521990e+09 1.630428314208984375e+01 -7.343683719635009766e+00 6.092929840087890625e-01 0.000000000000000000e+00 0.000000000000000000e+00 0.000000000000000000e+00 1.000000000000000000e+00
1.716365795030893087e+09 1.626923370361328125e+01 -7.300969600677490234e+00 6.212165355682373047e-01 0.000000000000000000e+00 0.000000000000000000e+00 0.000000000000000000e+00 1.000000000000000000e+00
1.716365795130298853e+09 1.619106101989746094e+01 -7.237262248992919922e+00 6.363963484764099121e-01 0.000000000000000000e+00 0.000000000000000000e+00 0.000000000000000000e+00 1.000000000000000000e+00
1.716365795180338860e+09 1.611917495727539062e+01 -7.143757343292236328e+00 6.666887402534484863e-01 0.000000000000000000e+00 0.000000000000000000e+00 0.000000000000000000e+00 1.000000000000000000e+00
1.716365795230572701e+09 1.608248329162597656e+01 -7.099824905395507812e+00 6.826056241989135742e-01 0.000000000000000000e+00 0.000000000000000000e+00 0.000000000000000000e+00 1.000000000000000000e+00
1.716365795331079721e+09 1.599522972106933594e+01 -7.034419059753417969e+00 7.023845911026000977e-01 0.000000000000000000e+00 0.000000000000000000e+00 0.000000000000000000e+00 1.000000000000000000e+00
1.716365795381323814e+09 1.591786956787109375e+01 -6.945584297180175781e+00 7.390493750572204590e-01 0.000000000000000000e+00 0.000000000000000000e+00 0.000000000000000000e+00 1.000000000000000000e+00
1.716365795431476593e+09 1.588031005859375000e+01 -6.900961875915527344e+00 7.579044103622436523e-01 0.000000000000000000e+00 0.000000000000000000e+00 0.000000000000000000e+00 1.000000000000000000e+00
1.716365795481556654e+09 1.584448051452636719e+01 -6.857228279113769531e+00 7.766353487968444824e-01 0.000000000000000000e+00 0.000000000000000000e+00 0.000000000000000000e+00 1.000000000000000000e+00
1.716365795532266855e+09 1.576004695892333984e+01 -6.792311191558837891e+00 7.973049283027648926e-01 0.000000000000000000e+00 0.000000000000000000e+00 0.000000000000000000e+00 1.000000000000000000e+00
1.716365795582096815e+09 1.572338962554931641e+01 -6.747619152069091797e+00 8.153145313262939453e-01 0.000000000000000000e+00 0.000000000000000000e+00 0.000000000000000000e+00 1.000000000000000000e+00
1.716365795632267714e+09 1.568201828002929688e+01 -6.701113700866699219e+00 8.336651325225830078e-01 0.000000000000000000e+00 0.000000000000000000e+00 0.000000000000000000e+00 1.000000000000000000e+00
1.716365795682755232e+09 1.564133167266845525e+01 -6.655332088470458984e+00 8.511607050895690918e-01 0.000000000000000000e+00 0.000000000000000000e+00 0.000000000000000000e+00 1.000000000000000000e+00
1.716365795732661009e+09 1.559937953948974609e+01 -6.609802246093750000e+00 8.683548569679260254e-01 0.000000000000000000e+00 0.000000000000000000e+00 0.000000000000000000e+00 1.000000000000000000e+00
1.716365795833069563e+09 1.546865367889404475e+01 -6.500672817230224609e+00 9.033147692680359997e-01 0.000000000000000000e+00 0.000000000000000000e+00 0.000000000000000000e+00 1.000000000000000000e+00
1.716365795933587313e+09 1.542802715301513672e+01 -6.456658363342285156e+00 9.193505644798279919e-01 0.000000000000000000e+00 0.000000000000000000e+00 0.000000000000000000e+00 1.000000000000000000e+00
1.716365795983603716e+09 1.529527759552001953e+01 -6.348760604858398438e+00 9.513276815414427601e-01 0.000000000000000000e+00 0.000000000000000000e+00 0.000000000000000000e+00 1.000000000000000000e+00
1.716365796034310102e+09 1.524921798706054865e+01 -6.304229259490966797e+00 9.650743603706359863e-01 0.000000000000000000e+00 0.000000000000000000e+00 0.000000000000000000e+00 1.000000000000000000e+00
1.716365796084617138e+09 1.520431327819824219e+01 -6.261891365051269531e+00 9.770014882087707520e-01 0.000000000000000000e+00 0.000000000000000000e+00 0.000000000000000000e+00 1.000000000000000000e+00
1.716365796134739399e+09 1.510958957672119141e+01 -6.175596714019775391e+00 9.991313219070435681e-01 0.000000000000000000e+00 0.000000000000000000e+00 0.000000000000000000e+00 1.000000000000000000e+00
1.716365796235430479e+09 1.500835418701172053e+01 -6.112108230590820312e+00 1.010538578033447266e+00 0.000000000000000000e+00 0.000000000000000000e+00 0.000000000000000000e+00 1.000000000000000000e+00
1.716365796285601854e+09 1.491061782836914062e+01 -6.032258987426757812e+00 1.026527404785156250e+00 0.000000000000000000e+00 0.000000000000000000e+00 0.000000000000000000e+00 1.000000000000000000e+00
1.716365796385969162e+09 1.480082893371582031e+01 -5.970783233642578125e+00 1.034599661827087402e+00 0.000000000000000000e+00 0.000000000000000000e+00 0.000000000000000000e+00 1.000000000000000000e+00
1.716365796436234951e+09 1.474642944335937678e+01 -5.932204246520996094e+00 1.040002584457397683e+00 0.000000000000000000e+00 0.000000000000000000e+00 0.000000000000000000e+00 1.000000000000000000e+00
1.716365796486415863e+09 1.469184494018554865e+01 -5.894035339355468750e+00 1.045319437980652078e+00 0.000000000000000000e+00 0.000000000000000000e+00 0.000000000000000000e+00 1.000000000000000000e+00
1.716365796536617517e+09 1.463261508941650391e+01 -5.853960037231445312e+00 1.050474405288696289e+00 0.000000000000000000e+00 0.000000000000000000e+00 0.000000000000000000e+00 1.000000000000000000e+00
1.716365796586887598e+09 1.457395744323730469e+01 -5.815070152282714844e+00 1.055090427398681641e+00 0.000000000000000000e+00 0.000000000000000000e+00 0.000000000000000000e+00 1.000000000000000000e+00
1.716365796637594223e+09 1.451596164703369141e+01 -5.777142047882080078e+00 1.059127569198608398e+00 0.000000000000000000e+00 0.000000000000000000e+00 0.000000000000000000e+00 1.000000000000000000e+00
1.716365796738224268e+09 1.439039993286132812e+01 -5.714277744293212891e+00 1.064602255821228027e+00 0.000000000000000000e+00 0.000000000000000000e+00 0.000000000000000000e+00 1.000000000000000000e+00
1.716365796787701845e+09 1.432717704772949219e+01 -5.678542137145996094e+00 1.067613482475280762e+00 0.000000000000000000e+00 0.000000000000000000e+00 0.000000000000000000e+00 1.000000000000000000e+00
1.716365796837829828e+09 1.426404190063476562e+01 -5.645240783691406250e+00 1.069992899894714355e+00 0.000000000000000000e+00 0.000000000000000000e+00 0.000000000000000000e+00 1.000000000000000000e+00
1.716365796888009071e+09 1.413397407531738459e+01 -5.579896926879882812e+00 1.072630882263183594e+00 0.000000000000000000e+00 0.000000000000000000e+00 0.000000000000000000e+00 1.000000000000000000e+00
1.716365796938062429e+09 1.406989192962646484e+01 -5.548787593841552734e+00 1.072539687156677246e+00 0.000000000000000000e+00 0.000000000000000000e+00 0.000000000000000000e+00 1.000000000000000000e+00
1.716365797038367987e+09 1.393758487701416016e+01 -5.491726398468017578e+00 1.073944926261902078e+00 0.000000000000000000e+00 0.000000000000000000e+00 0.000000000000000000e+00 1.000000000000000000e+00
1.716365797088550329e+09 1.380758380889892578e+01 -5.433956146240234375e+00 1.071229696273803711e+00 0.000000000000000000e+00 0.000000000000000000e+00 0.000000000000000000e+00 1.000000000000000000e+00
1.716365797138684511e+09 1.374142551422119141e+01 -5.405243396759033203e+00 1.069443702697753906e+00 0.000000000000000000e+00 0.000000000000000000e+00 0.000000000000000000e+00 1.000000000000000000e+00
1.716365797239250422e+09 1.360509586334228338e+01 -5.350130081176757812e+00 1.069984912872314453e+00 0.000000000000000000e+00 0.000000000000000000e+00 0.000000000000000000e+00 1.000000000000000000e+00
1.716365797288994312e+09 1.347050189971923828e+01 -5.295747756958007812e+00 1.066430807113647683e+00 0.000000000000000000e+00 0.000000000000000000e+00 0.000000000000000000e+00 1.000000000000000000e+00
1.716365797339348793e+09 1.340234088897705078e+01 -5.269374847412109375e+00 1.064540863037109375e+00 0.000000000000000000e+00 0.000000000000000000e+00 0.000000000000000000e+00 1.000000000000000000e+00
1.716365797439837456e+09 1.326868057250976562e+01 -5.218379974365234375e+00 1.064858913421630859e+00 0.000000000000000000e+00 0.000000000000000000e+00 0.000000000000000000e+00 1.000000000000000000e+00
1.716365797490435123e+09 1.312637424468993963e+01 -5.167272567749023438e+00 1.062416195869445801e+00 0.000000000000000000e+00 0.000000000000000000e+00 0.000000000000000000e+00 1.000000000000000000e+00
1.716365797540083885e+09 1.305801486968993963e+01 -5.144175529479980469e+00 1.061196565628051758e+00 0.000000000000000000e+00 0.000000000000000000e+00 0.000000000000000000e+00 1.000000000000000000e+00
1.716365797640833855e+09 1.291891002655029119e+01 -5.093392848968505859e+00 1.062185764312743919e+00 0.000000000000000000e+00 0.000000000000000000e+00 0.000000000000000000e+00 1.000000000000000000e+00
1.716365797691478729e+09 1.277686691284179688e+01 -5.047056198120117188e+00 1.059947013854980469e+00 0.000000000000000000e+00 0.000000000000000000e+00 0.000000000000000000e+00 1.000000000000000000e+00
1.716365797740913630e+09 1.270496654510498047e+01 -5.024800300598144531e+00 1.059539556503295898e+00 0.000000000000000000e+00 0.000000000000000000e+00 0.000000000000000000e+00 1.000000000000000000e+00
1.716365797791692257e+09 1.256687736511230469e+01 -4.976971626281738281e+00 1.061794042587280495e+00 0.000000000000000000e+00 0.000000000000000000e+00 0.000000000000000000e+00 1.000000000000000000e+00
1.716365797841457605e+09 1.249643898010254084e+01 -4.956506729125976562e+00 1.062191367149353027e+00 0.000000000000000000e+00 0.000000000000000000e+00 0.000000000000000000e+00 1.000000000000000000e+00
1.716365797891464949e+09 1.242694187164306641e+01 -4.936450004577636719e+00 1.063498735427856445e+00 0.000000000000000000e+00 0.000000000000000000e+00 0.000000000000000000e+00 1.000000000000000000e+00
1.716365797941696167e+09 1.235679054260254084e+01 -4.915413856506347656e+00 1.065916538238525391e+00 0.000000000000000000e+00 0.000000000000000000e+00 0.000000000000000000e+00 1.000000000000000000e+00
1.716365797991972446e+09 1.222489261627197266e+01 -4.868504524230957031e+00 1.071461200714111106e+00 0.000000000000000000e+00 0.000000000000000000e+00 0.000000000000000000e+00 1.000000000000000000e+00
1.716365798042364597e+09 1.215979862213134766e+01 -4.848410606384277344e+00 1.075488328933715820e+00 0.000000000000000000e+00 0.000000000000000000e+00 0.000000000000000000e+00 1.000000000000000000e+00
1.716365798092518330e+09 1.209371757507324219e+01 -4.828125953674316406e+00 1.080019593238830566e+00 0.000000000000000000e+00 0.000000000000000000e+00 0.000000000000000000e+00 1.000000000000000000e+00
1.716365798142847776e+09 1.202303218841552734e+01 -4.805972099304199219e+00 1.085726261138916016e+00 0.000000000000000000e+00 0.000000000000000000e+00 0.000000000000000000e+00 1.000000000000000000e+00
1.716365798192999125e+09 1.189409542083740234e+01 -4.759893417358398438e+00 1.093462944030761497e+00 0.000000000000000000e+00 0.000000000000000000e+00 0.000000000000000000e+00 1.000000000000000000e+00
1.716365798243287802e+09 1.182932662963867188e+01 -4.739142417907714844e+00 1.099764227867126465e+00 0.000000000000000000e+00 0.000000000000000000e+00 0.000000000000000000e+00 1.000000000000000000e+00
1.716365798293374777e+09 1.176576137542724609e+01 -4.718081474304199219e+00 1.106230616569519043e+00 0.000000000000000000e+00 0.000000000000000000e+00 0.000000000000000000e+00 1.000000000000000000e+00
1.716365798343643427e+09 1.170124912261962713e+01 -4.696692466735839844e+00 1.112780332565307617e+00 0.000000000000000000e+00 0.000000000000000000e+00 0.000000000000000000e+00 1.000000000000000000e+00
1.716365798393715858e+09 1.157378387451172053e+01 -4.655464649200440341e+00 1.127047419548034890e+00 0.000000000000000000e+00 0.000000000000000000e+00 0.000000000000000000e+00 1.000000000000000000e+00
1.716365798494205713e+09 1.145244216918945135e+01 -4.612009048461914062e+00 1.136281490325927512e+00 0.000000000000000000e+00 0.000000000000000000e+00 0.000000000000000000e+00 1.000000000000000000e+00
1.716365798544296980e+09 1.139137172698974609e+01 -4.592825412750244141e+00 1.143886804580688477e+00 0.000000000000000000e+00 0.000000000000000000e+00 0.000000000000000000e+00 1.000000000000000000e+00
1.716365798594922781e+09 1.133333873748779119e+01 -4.574082374572753906e+00 1.150934338569641113e+00 0.000000000000000000e+00 0.000000000000000000e+00 0.000000000000000000e+00 1.000000000000000000e+00
1.716365798645272255e+09 1.126913642883300781e+01 -4.551914691925048828e+00 1.158101320266723633e+00 0.000000000000000000e+00 0.000000000000000000e+00 0.000000000000000000e+00 1.000000000000000000e+00
1.716365798745286942e+09 1.109527683258056641e+01 -4.486618518829345703e+00 1.173596620559692383e+00 0.000000000000000000e+00 0.000000000000000000e+00 0.000000000000000000e+00 1.000000000000000000e+00
1.716365798795415640e+09 1.103435516357422053e+01 -4.464256286621093750e+00 1.179851770401000977e+00 0.000000000000000000e+00 0.000000000000000000e+00 0.000000000000000000e+00 1.000000000000000000e+00
1.716365798845654964e+09 1.097684383392333984e+01 -4.444120407104492188e+00 1.186017513275146484e+00 0.000000000000000000e+00 0.000000000000000000e+00 0.000000000000000000e+00 1.000000000000000000e+00
1.716365798946085930e+09 1.080184936523437678e+01 -4.381375789642333984e+00 1.198561310768127441e+00 0.000000000000000000e+00 0.000000000000000000e+00 0.000000000000000000e+00 1.000000000000000000e+00
1.716365798996357203e+09 1.074270629882812322e+01 -4.362488269805908203e+00 1.203287601470947266e+00 0.000000000000000000e+00 0.000000000000000000e+00 0.000000000000000000e+00 1.000000000000000000e+00
1.716365799046549320e+09 1.068503952026367188e+01 -4.345250129699707031e+00 1.207643032073974609e+00 0.000000000000000000e+00 0.000000000000000000e+00 0.000000000000000000e+00 1.000000000000000000e+00
1.716365799146979094e+09 1.050847911834716797e+01 -4.288736343383789062e+00 1.216897726058959961e+00 0.000000000000000000e+00 0.000000000000000000e+00 0.000000000000000000e+00 1.000000000000000000e+00
1.716365799197131634e+09 1.044987869262695135e+01 -4.273718833923339844e+00 1.220744490623473899e+00 0.000000000000000000e+00 0.000000000000000000e+00 0.000000000000000000e+00 1.000000000000000000e+00
1.716365799247381687e+09 1.032932090759277166e+01 -4.243861198425292969e+00 1.227639555931091309e+00 0.000000000000000000e+00 0.000000000000000000e+00 0.000000000000000000e+00 1.000000000000000000e+00
1.716365799347756147e+09 1.021649551391601562e+01 -4.208177566528320312e+00 1.232693314552307129e+00 0.000000000000000000e+00 0.000000000000000000e+00 0.000000000000000000e+00 1.000000000000000000e+00
1.716365799398110390e+09 1.009971237182617188e+01 -4.182197093963623047e+00 1.240435481071472168e+00 0.000000000000000000e+00 0.000000000000000000e+00 0.000000000000000000e+00 1.000000000000000000e+00
1.716365799499302387e+09 1.004203605651855646e+01 -4.170049190521240234e+00 1.244244217872619629e+00 0.000000000000000000e+00 0.000000000000000000e+00 0.000000000000000000e+00 1.000000000000000000e+00
1.716365799598927975e+09 9.865737915039062500e+00 -4.122977733612060547e+00 1.253513216972351074e+00 0.000000000000000000e+00 0.000000000000000000e+00 0.000000000000000000e+00 1.000000000000000000e+00
1.716365799649253607e+09 9.804965972900390625e+00 -4.112924098968505859e+00 1.257019042968750000e+00 0.000000000000000000e+00 0.000000000000000000e+00 0.000000000000000000e+00 1.000000000000000000e+00
1.716365799699424505e+09 9.745140075683593750e+00 -4.103137016296386719e+00 1.260246276855468750e+00 0.000000000000000000e+00 0.000000000000000000e+00 0.000000000000000000e+00 1.000000000000000000e+00
1.716365799749657154e+09 9.623241424560548651e+00 -4.068101406097412109e+00 1.264854788780212402e+00 0.000000000000000000e+00 0.000000000000000000e+00 0.000000000000000000e+00 1.000000000000000000e+00
1.716365799799717665e+09 9.563376426696775567e+00 -4.058296203613281250e+00 1.268000841140747070e+00 0.000000000000000000e+00 0.000000000000000000e+00 0.000000000000000000e+00 1.000000000000000000e+00
1.716365799900203228e+09 9.442403793334959161e+00 -4.033788681030273438e+00 1.273930907249450906e+00 0.000000000000000000e+00 0.000000000000000000e+00 0.000000000000000000e+00 1.000000000000000000e+00
1.716365800000540733e+09 9.270506858825683594e+00 -3.983274936676025391e+00 1.280778408050537109e+00 0.000000000000000000e+00 0.000000000000000000e+00 0.000000000000000000e+00 1.000000000000000000e+00
1.716365800050776720e+09 9.210494041442872870e+00 -3.968467235565185547e+00 1.282446622848510742e+00 0.000000000000000000e+00 0.000000000000000000e+00 0.000000000000000000e+00 1.000000000000000000e+00
1.716365800100971460e+09 9.149419784545898438e+00 -3.953546524047852007e+00 1.283664941787719505e+00 0.000000000000000000e+00 0.000000000000000000e+00 0.000000000000000000e+00 1.000000000000000000e+00
1.716365800151137829e+09 9.036473274230955255e+00 -3.914950609207152876e+00 1.285530328750610352e+00 0.000000000000000000e+00 0.000000000000000000e+00 0.000000000000000000e+00 1.000000000000000000e+00
1.716365800201422930e+09 8.977311134338378906e+00 -3.898050308227539062e+00 1.286058664321899414e+00 0.000000000000000000e+00 0.000000000000000000e+00 0.000000000000000000e+00 1.000000000000000000e+00
1.716365800253510714e+09 8.920017242431640625e+00 -3.879317522048950195e+00 1.286022782325744629e+00 0.000000000000000000e+00 0.000000000000000000e+00 0.000000000000000000e+00 1.000000000000000000e+00
1.716365800301973820e+09 8.863456726074218750e+00 -3.858881235122680664e+00 1.285725355148315430e+00 0.000000000000000000e+00 0.000000000000000000e+00 0.000000000000000000e+00 1.000000000000000000e+00
1.716365800352183104e+09 8.753299713134765625e+00 -3.813740253448486328e+00 1.286000490188598633e+00 0.000000000000000000e+00 0.000000000000000000e+00 0.000000000000000000e+00 1.000000000000000000e+00
1.716365800402365685e+09 8.698863983154296875e+00 -3.790867328643798828e+00 1.284605264663696289e+00 0.000000000000000000e+00 0.000000000000000000e+00 0.000000000000000000e+00 1.000000000000000000e+00
1.716365800452637911e+09 8.644280433654785156e+00 -3.765798568725585938e+00 1.282656431198119895e+00 0.000000000000000000e+00 0.000000000000000000e+00 0.000000000000000000e+00 1.000000000000000000e+00
1.716365800502871513e+09 8.591239929199218750e+00 -3.739652395248413086e+00 1.280043959617614746e+00 0.000000000000000000e+00 0.000000000000000000e+00 0.000000000000000000e+00 1.000000000000000000e+00
1.716365800603239536e+09 8.483804702758789062e+00 -3.682792663574218306e+00 1.272403001785278320e+00 0.000000000000000000e+00 0.000000000000000000e+00 0.000000000000000000e+00 1.000000000000000000e+00
1.716365800653441906e+09 8.376180648803710938e+00 -3.629115343093872070e+00 1.269544839859008789e+00 0.000000000000000000e+00 0.000000000000000000e+00 0.000000000000000000e+00 1.000000000000000000e+00
1.716365800753924847e+09 8.225653648376464844e+00 -3.532787084579468218e+00 1.256249904632568359e+00 0.000000000000000000e+00 0.000000000000000000e+00 0.000000000000000000e+00 1.000000000000000000e+00
1.716365800904470444e+09 8.022461891174316406e+00 -3.401540040969848633e+00 1.243948936462402344e+00 0.000000000000000000e+00 0.000000000000000000e+00 0.000000000000000000e+00 1.000000000000000000e+00
1.716365800954745293e+09 7.972754478454589844e+00 -3.364607572555541992e+00 1.238641381263732910e+00 0.000000000000000000e+00 0.000000000000000000e+00 0.000000000000000000e+00 1.000000000000000000e+00
1.716365801055345774e+09 7.869773864746093750e+00 -3.304712295532226562e+00 1.234932065010070801e+00 0.000000000000000000e+00 0.000000000000000000e+00 0.000000000000000000e+00 1.000000000000000000e+00
1.716365801105413198e+09 7.821164131164550781e+00 -3.267573356628417969e+00 1.229481220245361106e+00 0.000000000000000000e+00 0.000000000000000000e+00 0.000000000000000000e+00 1.000000000000000000e+00
1.716365801155674934e+09 7.773719310760498047e+00 -3.230113983154296875e+00 1.223609566688537598e+00 0.000000000000000000e+00 0.000000000000000000e+00 0.000000000000000000e+00 1.000000000000000000e+00
1.716365801205699682e+09 7.674831867218017578e+00 -3.154141902923583984e+00 1.212514758110046387e+00 0.000000000000000000e+00 0.000000000000000000e+00 0.000000000000000000e+00 1.000000000000000000e+00
1.716365801306137800e+09 7.574383735656738281e+00 -3.095533847808837891e+00 1.209169626235961914e+00 0.000000000000000000e+00 0.000000000000000000e+00 0.000000000000000000e+00 1.000000000000000000e+00
1.716365801406366348e+09 7.476459503173828125e+00 -3.019248247146606445e+00 1.198368906974792480e+00 0.000000000000000000e+00 0.000000000000000000e+00 0.000000000000000000e+00 1.000000000000000000e+00
1.716365801456927061e+09 7.428854942321777344e+00 -2.981565713882446289e+00 1.192800998687743919e+00 0.000000000000000000e+00 0.000000000000000000e+00 0.000000000000000000e+00 1.000000000000000000e+00
1.716365801506944180e+09 7.323733329772949219e+00 -2.920687198638916016e+00 1.189101815223693848e+00 0.000000000000000000e+00 0.000000000000000000e+00 0.000000000000000000e+00 1.000000000000000000e+00
1.716365801557271242e+09 7.226988315582275391e+00 -2.848522186279296875e+00 1.177280783653259277e+00 0.000000000000000000e+00 0.000000000000000000e+00 0.000000000000000000e+00 1.000000000000000000e+00
1.716365801607411385e+09 7.179643630981445312e+00 -2.812345027923583984e+00 1.170925021171569824e+00 0.000000000000000000e+00 0.000000000000000000e+00 0.000000000000000000e+00 1.000000000000000000e+00
1.716365801707762718e+09 7.081252098083496094e+00 -2.755657911300659180e+00 1.166559219360351562e+00 0.000000000000000000e+00 0.000000000000000000e+00 0.000000000000000000e+00 1.000000000000000000e+00
1.716365801758026123e+09 7.033363819122314453e+00 -2.717821598052978516e+00 1.159918308258056641e+00 0.000000000000000000e+00 0.000000000000000000e+00 0.000000000000000000e+00 1.000000000000000000e+00
1.716365801808307171e+09 6.989048480987548828e+00 -2.681686639785766602e+00 1.153185009956360085e+00 0.000000000000000000e+00 0.000000000000000000e+00 0.000000000000000000e+00 1.000000000000000000e+00
1.716365801908652544e+09 6.902309417724609375e+00 -2.609512090682983398e+00 1.138911008834838867e+00 0.000000000000000000e+00 0.000000000000000000e+00 0.000000000000000000e+00 1.000000000000000000e+00
1.716365801958910942e+09 6.810285091400146484e+00 -2.554905891418457031e+00 1.133591771125793679e+00 0.000000000000000000e+00 0.000000000000000000e+00 0.000000000000000000e+00 1.000000000000000000e+00
1.716365802009263277e+09 6.724050521850585938e+00 -2.483058452606201172e+00 1.118206501007080078e+00 0.000000000000000000e+00 0.000000000000000000e+00 0.000000000000000000e+00 1.000000000000000000e+00
1.716365802059474707e+09 6.681519508361816406e+00 -2.446579217910766602e+00 1.109631419181823508e+00 0.000000000000000000e+00 0.000000000000000000e+00 0.000000000000000000e+00 1.000000000000000000e+00
1.716365802159796238e+09 6.547123908996582031e+00 -2.353643178939819780e+00 1.094564199447631836e+00 0.000000000000000000e+00 0.000000000000000000e+00 0.000000000000000000e+00 1.000000000000000000e+00
1.716365802260292053e+09 6.467843055725097656e+00 -2.277345418930053711e+00 1.075191378593444824e+00 0.000000000000000000e+00 0.000000000000000000e+00 0.000000000000000000e+00 1.000000000000000000e+00
1.716365802360615492e+09 6.384319782257080078e+00 -2.223689556121826172e+00 1.068665862083435059e+00 0.000000000000000000e+00 0.000000000000000000e+00 0.000000000000000000e+00 1.000000000000000000e+00
1.716365802411002159e+09 6.309110164642333984e+00 -2.146182537078857422e+00 1.050211429595947266e+00 0.000000000000000000e+00 0.000000000000000000e+00 0.000000000000000000e+00 1.000000000000000000e+00
1.716365802461041451e+09 6.272962570190429688e+00 -2.107162714004516602e+00 1.040420532226562500e+00 0.000000000000000000e+00 0.000000000000000000e+00 0.000000000000000000e+00 1.000000000000000000e+00
1.716365802511392117e+09 6.236869335174560547e+00 -2.067532777786254883e+00 1.030368804931640625e+00 0.000000000000000000e+00 0.000000000000000000e+00 0.000000000000000000e+00 1.000000000000000000e+00
1.716365802662540197e+09 6.088298797607421875e+00 -1.935100078582763894e+00 1.005823254585265891e+00 0.000000000000000000e+00 0.000000000000000000e+00 0.000000000000000000e+00 1.000000000000000000e+00
1.716365802712235689e+09 6.055391788482666016e+00 -1.893675923347472700e+00 9.962736964225767933e-01 0.000000000000000000e+00 0.000000000000000000e+00 0.000000000000000000e+00 1.000000000000000000e+00
1.716365802813524485e+09 5.979509830474853516e+00 -1.839048385620116743e+00 9.911351799964903675e-01 0.000000000000000000e+00 0.000000000000000000e+00 0.000000000000000000e+00 1.000000000000000000e+00
1.716365802913489103e+09 5.885509014129638672e+00 -1.708474516868591309e+00 9.658014178276062012e-01 0.000000000000000000e+00 0.000000000000000000e+00 0.000000000000000000e+00 1.000000000000000000e+00
1.716365803013720512e+09 5.816364765167236328e+00 -1.653770327568054199e+00 9.625955224037170410e-01 0.000000000000000000e+00 0.000000000000000000e+00 0.000000000000000000e+00 1.000000000000000000e+00
1.716365803064059973e+09 5.757857322692871094e+00 -1.568561792373657227e+00 9.520086050033568226e-01 0.000000000000000000e+00 0.000000000000000000e+00 0.000000000000000000e+00 1.000000000000000000e+00
1.716365803164504766e+09 5.701310157775878906e+00 -1.481769442558288574e+00 9.446020126342772327e-01 0.000000000000000000e+00 0.000000000000000000e+00 0.000000000000000000e+00 1.000000000000000000e+00
1.716365803214573622e+09 5.638263225555419922e+00 -1.429009437561035156e+00 9.459538459777832031e-01 0.000000000000000000e+00 0.000000000000000000e+00 0.000000000000000000e+00 1.000000000000000000e+00
1.716365803264751196e+09 5.609925746917724609e+00 -1.384624600410461426e+00 9.448747038841247559e-01 0.000000000000000000e+00 0.000000000000000000e+00 0.000000000000000000e+00 1.000000000000000000e+00
1.716365803315205574e+09 5.585496902465820312e+00 -1.340387463569641113e+00 9.443239569664000355e-01 0.000000000000000000e+00 0.000000000000000000e+00 0.000000000000000000e+00 1.000000000000000000e+00
1.716365803415634394e+09 5.539748191833496094e+00 -1.253744602203369141e+00 9.448897242546081543e-01 0.000000000000000000e+00 0.000000000000000000e+00 0.000000000000000000e+00 1.000000000000000000e+00
1.716365803515926838e+09 5.489343166351318359e+00 -1.204255342483520508e+00 9.481108188629150391e-01 0.000000000000000000e+00 0.000000000000000000e+00 0.000000000000000000e+00 1.000000000000000000e+00
1.716365803566097498e+09 5.470069885253906250e+00 -1.160168170928955078e+00 9.479877948760986328e-01 0.000000000000000000e+00 0.000000000000000000e+00 0.000000000000000000e+00 1.000000000000000000e+00
1.716365803616289854e+09 5.430862903594970703e+00 -1.076362013816833496e+00 9.480038881301879883e-01 0.000000000000000000e+00 0.000000000000000000e+00 0.000000000000000000e+00 1.000000000000000000e+00
1.716365803666518927e+09 5.414396762847900391e+00 -1.034341573715209961e+00 9.471869468688963734e-01 0.000000000000000000e+00 0.000000000000000000e+00 0.000000000000000000e+00 1.000000000000000000e+00
1.716365803716687202e+09 5.376139163970947266e+00 -9.881798624992371716e-01 9.483104348182678223e-01 0.000000000000000000e+00 0.000000000000000000e+00 0.000000000000000000e+00 1.000000000000000000e+00
1.716365803766884565e+09 5.362680912017822266e+00 -9.486662745475767933e-01 9.466422796249389648e-01 0.000000000000000000e+00 0.000000000000000000e+00 0.000000000000000000e+00 1.000000000000000000e+00
1.716365803817092896e+09 5.348992824554443359e+00 -9.087333083152772106e-01 9.444738626480103649e-01 0.000000000000000000e+00 0.000000000000000000e+00 0.000000000000000000e+00 1.000000000000000000e+00
1.716365803867429495e+09 5.336957931518554688e+00 -8.693667650222778320e-01 9.420024752616882324e-01 0.000000000000000000e+00 0.000000000000000000e+00 0.000000000000000000e+00 1.000000000000000000e+00
1.716365803967979670e+09 5.311865806579589844e+00 -8.279498219490051270e-01 9.405612349510191761e-01 0.000000000000000000e+00 0.000000000000000000e+00 0.000000000000000000e+00 1.000000000000000000e+00
1.716365804017967701e+09 5.304230690002441406e+00 -7.892671227455139160e-01 9.375092387199401855e-01 0.000000000000000000e+00 0.000000000000000000e+00 0.000000000000000000e+00 1.000000000000000000e+00
1.716365804068293571e+09 5.292106151580810547e+00 -7.123847603797912598e-01 9.308685064315795898e-01 0.000000000000000000e+00 0.000000000000000000e+00 0.000000000000000000e+00 1.000000000000000000e+00
1.716365804118570328e+09 5.287716388702392578e+00 -6.735852956771850586e-01 9.275299906730651855e-01 0.000000000000000000e+00 0.000000000000000000e+00 0.000000000000000000e+00 1.000000000000000000e+00
1.716365804168845654e+09 5.284841060638427734e+00 -6.364687681198120117e-01 9.238783121109007679e-01 0.000000000000000000e+00 0.000000000000000000e+00 0.000000000000000000e+00 1.000000000000000000e+00
1.716365804219102144e+09 5.282677650451660156e+00 -5.995085835456848145e-01 9.199764728546143688e-01 0.000000000000000000e+00 0.000000000000000000e+00 0.000000000000000000e+00 1.000000000000000000e+00
1.716365804269227505e+09 5.282259464263916016e+00 -5.629668235778808594e-01 9.162900447845460095e-01 0.000000000000000000e+00 0.000000000000000000e+00 0.000000000000000000e+00 1.000000000000000000e+00
1.716365804319379568e+09 5.285571098327636719e+00 -5.267971158027648926e-01 9.123843312263487659e-01 0.000000000000000000e+00 0.000000000000000000e+00 0.000000000000000000e+00 1.000000000000000000e+00
1.716365804369545460e+09 5.291581153869628906e+00 -4.914134144783020020e-01 9.084151387214659534e-01 0.000000000000000000e+00 0.000000000000000000e+00 0.000000000000000000e+00 1.000000000000000000e+00
1.716365804420021772e+09 5.300404071807861328e+00 -4.553497433662413996e-01 9.041746258735655628e-01 0.000000000000000000e+00 0.000000000000000000e+00 0.000000000000000000e+00 1.000000000000000000e+00
1.716365804470306396e+09 5.309968948364257812e+00 -4.194514155387877863e-01 8.999503254890441895e-01 0.000000000000000000e+00 0.000000000000000000e+00 0.000000000000000000e+00 1.000000000000000000e+00
1.716365804570657253e+09 5.332221984863281250e+00 -3.837473094463347834e-01 8.943093419075012207e-01 0.000000000000000000e+00 0.000000000000000000e+00 0.000000000000000000e+00 1.000000000000000000e+00
1.716365804620818853e+09 5.363998413085937500e+00 -3.138494193553924005e-01 8.851421475410461426e-01 0.000000000000000000e+00 0.000000000000000000e+00 0.000000000000000000e+00 1.000000000000000000e+00
1.716365804671072483e+09 5.382530689239501953e+00 -2.788271903991699219e-01 8.803733587265014648e-01 0.000000000000000000e+00 0.000000000000000000e+00 0.000000000000000000e+00 1.000000000000000000e+00
1.716365804721419096e+09 5.401871681213378906e+00 -2.430898398160933893e-01 8.757042288780212402e-01 0.000000000000000000e+00 0.000000000000000000e+00 0.000000000000000000e+00 1.000000000000000000e+00
1.716365804771435499e+09 5.421964168548583984e+00 -2.083079963922500055e-01 8.713000416755676270e-01 0.000000000000000000e+00 0.000000000000000000e+00 0.000000000000000000e+00 1.000000000000000000e+00
1.716365804821633339e+09 5.462792873382568359e+00 -1.715522110462187888e-01 8.648014664649963379e-01 0.000000000000000000e+00 0.000000000000000000e+00 0.000000000000000000e+00 1.000000000000000000e+00
1.716365804871833086e+09 5.485533237457275391e+00 -1.319360584020614069e-01 8.603171706199645996e-01 0.000000000000000000e+00 0.000000000000000000e+00 0.000000000000000000e+00 1.000000000000000000e+00
1.716365804921996593e+09 5.509982585906982422e+00 -9.069421142339699482e-02 8.555117249488830566e-01 0.000000000000000000e+00 0.000000000000000000e+00 0.000000000000000000e+00 1.000000000000000000e+00
1.716365804972250223e+09 5.536099433898925781e+00 -5.094857141375540299e-02 8.505614995956420898e-01 0.000000000000000000e+00 0.000000000000000000e+00 0.000000000000000000e+00 1.000000000000000000e+00
1.716365805022950649e+09 5.561905384063720703e+00 -1.070580352097739996e-02 8.454121351242065430e-01 0.000000000000000000e+00 0.000000000000000000e+00 0.000000000000000000e+00 1.000000000000000000e+00
1.716365805073647022e+09 5.589385986328125000e+00 2.992245741188519909e-02 8.398860096931457520e-01 0.000000000000000000e+00 0.000000000000000000e+00 0.000000000000000000e+00 1.000000000000000000e+00
1.716365805122910500e+09 5.616509914398193359e+00 7.232546806335439504e-02 8.340090513229370117e-01 0.000000000000000000e+00 0.000000000000000000e+00 0.000000000000000000e+00 1.000000000000000000e+00
1.716365805173058271e+09 5.645343303680419922e+00 1.137545406818389060e-01 8.280662298202514648e-01 0.000000000000000000e+00 0.000000000000000000e+00 0.000000000000000000e+00 1.000000000000000000e+00
1.716365805273501873e+09 5.703554153442382812e+00 1.581628620624541959e-01 8.181905746459960938e-01 0.000000000000000000e+00 0.000000000000000000e+00 0.000000000000000000e+00 1.000000000000000000e+00
1.716365805323671579e+09 5.731570243835449219e+00 2.036266177892684937e-01 8.116291761398315430e-01 0.000000000000000000e+00 0.000000000000000000e+00 0.000000000000000000e+00 1.000000000000000000e+00
1.716365805373939753e+09 5.785164356231689453e+00 2.996191382408142090e-01 7.973636984825134277e-01 0.000000000000000000e+00 0.000000000000000000e+00 0.000000000000000000e+00 1.000000000000000000e+00
1.716365805424055576e+09 5.812690258026123047e+00 3.497827053070067804e-01 7.895065546035766602e-01 0.000000000000000000e+00 0.000000000000000000e+00 0.000000000000000000e+00 1.000000000000000000e+00
1.716365805474424124e+09 5.834738731384277344e+00 4.013282656669616144e-01 7.822427153587341309e-01 0.000000000000000000e+00 0.000000000000000000e+00 0.000000000000000000e+00 1.000000000000000000e+00
1.716365805524502993e+09 5.861297607421875000e+00 4.528550803661345880e-01 7.740571498870849609e-01 0.000000000000000000e+00 0.000000000000000000e+00 0.000000000000000000e+00 1.000000000000000000e+00
1.716365805624855995e+09 5.937730312347412109e+00 5.604763627052307129e-01 7.552272677421569824e-01 0.000000000000000000e+00 0.000000000000000000e+00 0.000000000000000000e+00 1.000000000000000000e+00
1.716365805675153255e+09 5.961946964263916016e+00 6.154541373252868652e-01 7.493495941162109375e-01 0.000000000000000000e+00 0.000000000000000000e+00 0.000000000000000000e+00 1.000000000000000000e+00
1.716365805725374222e+09 5.984561443328857422e+00 6.723971962928771973e-01 7.442019581794738770e-01 0.000000000000000000e+00 0.000000000000000000e+00 0.000000000000000000e+00 1.000000000000000000e+00
1.716365805775609016e+09 6.007997035980224609e+00 7.281168699264526367e-01 7.402481436729431152e-01 0.000000000000000000e+00 0.000000000000000000e+00 0.000000000000000000e+00 1.000000000000000000e+00
1.716365805825817347e+09 6.029951572418212891e+00 7.852098345756530762e-01 7.376990318298339844e-01 0.000000000000000000e+00 0.000000000000000000e+00 0.000000000000000000e+00 1.000000000000000000e+00
1.716365805876120090e+09 6.051486015319824219e+00 8.427107334136962891e-01 7.361021041870117188e-01 0.000000000000000000e+00 0.000000000000000000e+00 0.000000000000000000e+00 1.000000000000000000e+00
1.716365805976879597e+09 6.119058132171630859e+00 9.617807865142822266e-01 7.335209846496582031e-01 0.000000000000000000e+00 0.000000000000000000e+00 0.000000000000000000e+00 1.000000000000000000e+00
1.716365806077002525e+09 6.158703804016113281e+00 1.078253030776977539e+00 7.401629090309143066e-01 0.000000000000000000e+00 0.000000000000000000e+00 0.000000000000000000e+00 1.000000000000000000e+00
1.716365806127142668e+09 6.210050582885742188e+00 1.140960574150085449e+00 7.418038249015808105e-01 0.000000000000000000e+00 0.000000000000000000e+00 0.000000000000000000e+00 1.000000000000000000e+00
1.716365806177294493e+09 6.229039669036865234e+00 1.196482777595520020e+00 7.480705380439758301e-01 0.000000000000000000e+00 0.000000000000000000e+00 0.000000000000000000e+00 1.000000000000000000e+00
1.716365806228233576e+09 6.251796722412109375e+00 1.251991391181945801e+00 7.551214098930358887e-01 0.000000000000000000e+00 0.000000000000000000e+00 0.000000000000000000e+00 1.000000000000000000e+00
1.716365806277607441e+09 6.274092674255371094e+00 1.308546543121337891e+00 7.637102007865905762e-01 0.000000000000000000e+00 0.000000000000000000e+00 0.000000000000000000e+00 1.000000000000000000e+00
1.716365806327813625e+09 6.298363208770751953e+00 1.363920807838439941e+00 7.731519937515258789e-01 0.000000000000000000e+00 0.000000000000000000e+00 0.000000000000000000e+00 1.000000000000000000e+00
1.716365806377980471e+09 6.322373390197753906e+00 1.419269204139709695e+00 7.838951349258422852e-01 0.000000000000000000e+00 0.000000000000000000e+00 0.000000000000000000e+00 1.000000000000000000e+00
1.716365806428199053e+09 6.348877429962158203e+00 1.471101164817810059e+00 7.948502898216247559e-01 0.000000000000000000e+00 0.000000000000000000e+00 0.000000000000000000e+00 1.000000000000000000e+00
1.716365806478630304e+09 6.404845714569091797e+00 1.531126737594604492e+00 8.032386898994445801e-01 0.000000000000000000e+00 0.000000000000000000e+00 0.000000000000000000e+00 1.000000000000000000e+00
1.716365806528949976e+09 6.430690288543701172e+00 1.583458542823791504e+00 8.157535195350646973e-01 0.000000000000000000e+00 0.000000000000000000e+00 0.000000000000000000e+00 1.000000000000000000e+00
1.716365806579196692e+09 6.457974910736083984e+00 1.632746219635009766e+00 8.281152844429016113e-01 0.000000000000000000e+00 0.000000000000000000e+00 0.000000000000000000e+00 1.000000000000000000e+00
1.716365806629403591e+09 6.523722171783447266e+00 1.691337823867798074e+00 8.370921015739440918e-01 0.000000000000000000e+00 0.000000000000000000e+00 0.000000000000000000e+00 1.000000000000000000e+00
1.716365806679683447e+09 6.555469512939453125e+00 1.741576075553894043e+00 8.506509065628051758e-01 0.000000000000000000e+00 0.000000000000000000e+00 0.000000000000000000e+00 1.000000000000000000e+00
1.716365806729708433e+09 6.589604377746582031e+00 1.789562106132507102e+00 8.641108870506286621e-01 0.000000000000000000e+00 0.000000000000000000e+00 0.000000000000000000e+00 1.000000000000000000e+00
1.716365806779870510e+09 6.621222019195556641e+00 1.834534406661987527e+00 8.779082298278808594e-01 0.000000000000000000e+00 0.000000000000000000e+00 0.000000000000000000e+00 1.000000000000000000e+00
1.716365806830256462e+09 6.697428703308105469e+00 1.889321923255920410e+00 8.874021172523498535e-01 0.000000000000000000e+00 0.000000000000000000e+00 0.000000000000000000e+00 1.000000000000000000e+00
1.716365806880248547e+09 6.733289718627929688e+00 1.932636022567749023e+00 9.015772938728332520e-01 0.000000000000000000e+00 0.000000000000000000e+00 0.000000000000000000e+00 1.000000000000000000e+00
1.716365806930163145e+09 6.771105766296386719e+00 1.976059436798095925e+00 9.168879985809326172e-01 0.000000000000000000e+00 0.000000000000000000e+00 0.000000000000000000e+00 1.000000000000000000e+00
1.716365806980264664e+09 6.811856269836425781e+00 2.015552997589111772e+00 9.306461215019226074e-01 0.000000000000000000e+00 0.000000000000000000e+00 0.000000000000000000e+00 1.000000000000000000e+00
1.716365807030481339e+09 6.854456901550292969e+00 2.055656909942626953e+00 9.455118179321287952e-01 0.000000000000000000e+00 0.000000000000000000e+00 0.000000000000000000e+00 1.000000000000000000e+00
1.716365807080559015e+09 6.895488739013671875e+00 2.093596220016479492e+00 9.606573581695555530e-01 0.000000000000000000e+00 0.000000000000000000e+00 0.000000000000000000e+00 1.000000000000000000e+00
1.716365807181018591e+09 7.037738800048828125e+00 2.183075904846191406e+00 9.874129295349119984e-01 0.000000000000000000e+00 0.000000000000000000e+00 0.000000000000000000e+00 1.000000000000000000e+00
1.716365807231084347e+09 7.087190628051757812e+00 2.219731092453002930e+00 1.002620220184326172e+00 0.000000000000000000e+00 0.000000000000000000e+00 0.000000000000000000e+00 1.000000000000000000e+00
1.716365807281312704e+09 7.131484985351562500e+00 2.252376556396484375e+00 1.017642140388488770e+00 0.000000000000000000e+00 0.000000000000000000e+00 0.000000000000000000e+00 1.000000000000000000e+00
1.716365807381681919e+09 7.281435966491699219e+00 2.331457138061523438e+00 1.044149041175842507e+00 0.000000000000000000e+00 0.000000000000000000e+00 0.000000000000000000e+00 1.000000000000000000e+00
1.716365807431930780e+09 7.331928253173828125e+00 2.360353469848632812e+00 1.058862686157226562e+00 0.000000000000000000e+00 0.000000000000000000e+00 0.000000000000000000e+00 1.000000000000000000e+00
1.716365807482485294e+09 7.385637760162353516e+00 2.388841629028320312e+00 1.073397159576416016e+00 0.000000000000000000e+00 0.000000000000000000e+00 0.000000000000000000e+00 1.000000000000000000e+00
1.716365807532737732e+09 7.434782981872558594e+00 2.415029287338256836e+00 1.088125348091125710e+00 0.000000000000000000e+00 0.000000000000000000e+00 0.000000000000000000e+00 1.000000000000000000e+00
1.716365807582986832e+09 7.539269924163818359e+00 2.458243608474731445e+00 1.100300788879394309e+00 0.000000000000000000e+00 0.000000000000000000e+00 0.000000000000000000e+00 1.000000000000000000e+00
1.716365807633082390e+09 7.591887474060058594e+00 2.483156919479370117e+00 1.115041851997375710e+00 0.000000000000000000e+00 0.000000000000000000e+00 0.000000000000000000e+00 1.000000000000000000e+00
1.716365807683665514e+09 7.643946647644042969e+00 2.506478309631348100e+00 1.130207777023315430e+00 0.000000000000000000e+00 0.000000000000000000e+00 0.000000000000000000e+00 1.000000000000000000e+00
1.716365807733401775e+09 7.699206829071044922e+00 2.529555320739746094e+00 1.145502209663391113e+00 0.000000000000000000e+00 0.000000000000000000e+00 0.000000000000000000e+00 1.000000000000000000e+00
1.716365807783948183e+09 7.809432506561279297e+00 2.570851087570190430e+00 1.158322334289550781e+00 0.000000000000000000e+00 0.000000000000000000e+00 0.000000000000000000e+00 1.000000000000000000e+00
1.716365807834187508e+09 7.867966175079345703e+00 2.596558094024658203e+00 1.173927664756774902e+00 0.000000000000000000e+00 0.000000000000000000e+00 0.000000000000000000e+00 1.000000000000000000e+00
1.716365807934309721e+09 7.925093173980712891e+00 2.623167753219604492e+00 1.189314842224121094e+00 0.000000000000000000e+00 0.000000000000000000e+00 0.000000000000000000e+00 1.000000000000000000e+00
1.716365807984802485e+09 8.095955848693847656e+00 2.692322492599487749e+00 1.215056777000427246e+00 0.000000000000000000e+00 0.000000000000000000e+00 0.000000000000000000e+00 1.000000000000000000e+00
1.716365808036045790e+09 8.155402183532714844e+00 2.714653253555297852e+00 1.229239702224731445e+00 0.000000000000000000e+00 0.000000000000000000e+00 0.000000000000000000e+00 1.000000000000000000e+00
1.716365808085058212e+09 8.213577270507812500e+00 2.734365701675415039e+00 1.243368148803710938e+00 0.000000000000000000e+00 0.000000000000000000e+00 0.000000000000000000e+00 1.000000000000000000e+00
1.716365808135375023e+09 8.273635864257812500e+00 2.754640579223632812e+00 1.257205009460449219e+00 0.000000000000000000e+00 0.000000000000000000e+00 0.000000000000000000e+00 1.000000000000000000e+00
1.716365808185379744e+09 8.391720771789550781e+00 2.793578147888184038e+00 1.269408226013183594e+00 0.000000000000000000e+00 0.000000000000000000e+00 0.000000000000000000e+00 1.000000000000000000e+00
1.716365808235601187e+09 8.452601432800292969e+00 2.814394235610961914e+00 1.283447742462158203e+00 0.000000000000000000e+00 0.000000000000000000e+00 0.000000000000000000e+00 1.000000000000000000e+00
1.716365808285765409e+09 8.512175559997558594e+00 2.835907936096191406e+00 1.297866344451904297e+00 0.000000000000000000e+00 0.000000000000000000e+00 0.000000000000000000e+00 1.000000000000000000e+00
1.716365808335965872e+09 8.576277732849121094e+00 2.859582424163818359e+00 1.312632322311401367e+00 0.000000000000000000e+00 0.000000000000000000e+00 0.000000000000000000e+00 1.000000000000000000e+00
1.716365808386104584e+09 8.699159622192382812e+00 2.902878284454345703e+00 1.326707482337951660e+00 0.000000000000000000e+00 0.000000000000000000e+00 0.000000000000000000e+00 1.000000000000000000e+00
1.716365808436281443e+09 8.760508537292480469e+00 2.925140857696533203e+00 1.341404199600219505e+00 0.000000000000000000e+00 0.000000000000000000e+00 0.000000000000000000e+00 1.000000000000000000e+00
1.716365808486502171e+09 8.821977615356445312e+00 2.946942090988159180e+00 1.355727076530456321e+00 0.000000000000000000e+00 0.000000000000000000e+00 0.000000000000000000e+00 1.000000000000000000e+00
1.716365808536745071e+09 8.885561943054199219e+00 2.968626976013184038e+00 1.369530677795410156e+00 0.000000000000000000e+00 0.000000000000000000e+00 0.000000000000000000e+00 1.000000000000000000e+00
1.716365808587028265e+09 9.017107009887695312e+00 3.011262416839600053e+00 1.395539879798889160e+00 0.000000000000000000e+00 0.000000000000000000e+00 0.000000000000000000e+00 1.000000000000000000e+00
1.716365808687290430e+09 9.144823074340820312e+00 3.052185773849487749e+00 1.407515764236450195e+00 0.000000000000000000e+00 0.000000000000000000e+00 0.000000000000000000e+00 1.000000000000000000e+00
1.716365808737584114e+09 9.207180976867675781e+00 3.070927381515502930e+00 1.419478297233581543e+00 0.000000000000000000e+00 0.000000000000000000e+00 0.000000000000000000e+00 1.000000000000000000e+00
1.716365808838081360e+09 9.396240234375000000e+00 3.130248785018920898e+00 1.442223548889160156e+00 0.000000000000000000e+00 0.000000000000000000e+00 0.000000000000000000e+00 1.000000000000000000e+00
1.716365808888206244e+09 9.459004402160644531e+00 3.150778770446777344e+00 1.453019142150878906e+00 0.000000000000000000e+00 0.000000000000000000e+00 0.000000000000000000e+00 1.000000000000000000e+00
1.716365808988577127e+09 9.583474159240724433e+00 3.191738605499268022e+00 1.474627733230590820e+00 0.000000000000000000e+00 0.000000000000000000e+00 0.000000000000000000e+00 1.000000000000000000e+00
1.716365809038828611e+09 9.645509719848632812e+00 3.211179971694946289e+00 1.484655618667602317e+00 0.000000000000000000e+00 0.000000000000000000e+00 0.000000000000000000e+00 1.000000000000000000e+00
1.716365809139780283e+09 9.837972640991212714e+00 3.272492885589600053e+00 1.502588987350464089e+00 0.000000000000000000e+00 0.000000000000000000e+00 0.000000000000000000e+00 1.000000000000000000e+00
1.716365809239738941e+09 9.962901115417480469e+00 3.311814069747924805e+00 1.518675684928894043e+00 0.000000000000000000e+00 0.000000000000000000e+00 0.000000000000000000e+00 1.000000000000000000e+00
1.716365809289929867e+09 1.002387046813964844e+01 3.331196069717407227e+00 1.526074886322021706e+00 0.000000000000000000e+00 0.000000000000000000e+00 0.000000000000000000e+00 1.000000000000000000e+00
1.716365809390356541e+09 1.020886325836181641e+01 3.389493227005004883e+00 1.539093255996704102e+00 0.000000000000000000e+00 0.000000000000000000e+00 0.000000000000000000e+00 1.000000000000000000e+00
1.716365809440564632e+09 1.027115631103515625e+01 3.408062934875488281e+00 1.544393420219421387e+00 0.000000000000000000e+00 0.000000000000000000e+00 0.000000000000000000e+00 1.000000000000000000e+00
1.716365809490732431e+09 1.033139419555664062e+01 3.426486730575561079e+00 1.548653483390808105e+00 0.000000000000000000e+00 0.000000000000000000e+00 0.000000000000000000e+00 1.000000000000000000e+00
1.716365809591423035e+09 1.051436424255371271e+01 3.484582662582397017e+00 1.555924057960510476e+00 0.000000000000000000e+00 0.000000000000000000e+00 0.000000000000000000e+00 1.000000000000000000e+00
1.716365809641530991e+09 1.057744407653808594e+01 3.503994464874268022e+00 1.558394193649291992e+00 0.000000000000000000e+00 0.000000000000000000e+00 0.000000000000000000e+00 1.000000000000000000e+00
1.716365809691980124e+09 1.063787555694580078e+01 3.521888971328735796e+00 1.559598326683044434e+00 0.000000000000000000e+00 0.000000000000000000e+00 0.000000000000000000e+00 1.000000000000000000e+00
1.716365809741982937e+09 1.075840187072754084e+01 3.558715820312500000e+00 1.560907363891601562e+00 0.000000000000000000e+00 0.000000000000000000e+00 0.000000000000000000e+00 1.000000000000000000e+00
1.716365809792253733e+09 1.082308101654052734e+01 3.576531887054443803e+00 1.560783505439758301e+00 0.000000000000000000e+00 0.000000000000000000e+00 0.000000000000000000e+00 1.000000000000000000e+00
1.716365809842792273e+09 1.088019943237304865e+01 3.591751575469970703e+00 1.559614062309265137e+00 0.000000000000000000e+00 0.000000000000000000e+00 0.000000000000000000e+00 1.000000000000000000e+00
1.716365809943309307e+09 1.094193172454833984e+01 3.608952522277832031e+00 1.557952165603637695e+00 0.000000000000000000e+00 0.000000000000000000e+00 0.000000000000000000e+00 1.000000000000000000e+00
1.716365809995325089e+09 1.112780952453613281e+01 3.664865970611571822e+00 1.552510261535644309e+00 0.000000000000000000e+00 0.000000000000000000e+00 0.000000000000000000e+00 1.000000000000000000e+00
1.716365810044541597e+09 1.119145202636718750e+01 3.682699918746947798e+00 1.548183321952819824e+00 0.000000000000000000e+00 0.000000000000000000e+00 0.000000000000000000e+00 1.000000000000000000e+00
1.716365810094163418e+09 1.125241088867187678e+01 3.699092388153076172e+00 1.543092846870422363e+00 0.000000000000000000e+00 0.000000000000000000e+00 0.000000000000000000e+00 1.000000000000000000e+00
1.716365810144126415e+09 1.137625598907470881e+01 3.735532760620117188e+00 1.537273406982422097e+00 0.000000000000000000e+00 0.000000000000000000e+00 0.000000000000000000e+00 1.000000000000000000e+00
1.716365810194741726e+09 1.143820476531982422e+01 3.752113342285155806e+00 1.530576109886169434e+00 0.000000000000000000e+00 0.000000000000000000e+00 0.000000000000000000e+00 1.000000000000000000e+00
1.716365810244470358e+09 1.150003433227539062e+01 3.769049644470214844e+00 1.523434519767761230e+00 0.000000000000000000e+00 0.000000000000000000e+00 0.000000000000000000e+00 1.000000000000000000e+00
1.716365810294661283e+09 1.156265163421630859e+01 3.786778926849364790e+00 1.515829563140869141e+00 0.000000000000000000e+00 0.000000000000000000e+00 0.000000000000000000e+00 1.000000000000000000e+00
1.716365810344740391e+09 1.168683338165283203e+01 3.825357913970947266e+00 1.507744193077087402e+00 0.000000000000000000e+00 0.000000000000000000e+00 0.000000000000000000e+00 1.000000000000000000e+00
1.716365810395870209e+09 1.174906349182128729e+01 3.844238519668579102e+00 1.499417304992675781e+00 0.000000000000000000e+00 0.000000000000000000e+00 0.000000000000000000e+00 1.000000000000000000e+00
1.716365810445554018e+09 1.181017494201660156e+01 3.863305091857910156e+00 1.490503787994384766e+00 0.000000000000000000e+00 0.000000000000000000e+00 0.000000000000000000e+00 1.000000000000000000e+00
1.716365810495722055e+09 1.187096881866455078e+01 3.883324146270751953e+00 1.481078863143920898e+00 0.000000000000000000e+00 0.000000000000000000e+00 0.000000000000000000e+00 1.000000000000000000e+00
1.716365810545844316e+09 1.193452739715576172e+01 3.904512643814086914e+00 1.470852971076965110e+00 0.000000000000000000e+00 0.000000000000000000e+00 0.000000000000000000e+00 1.000000000000000000e+00
1.716365810646316767e+09 1.211739540100097656e+01 3.966148138046264648e+00 1.450206756591796875e+00 0.000000000000000000e+00 0.000000000000000000e+00 0.000000000000000000e+00 1.000000000000000000e+00
1.716365810696588755e+09 1.217881584167480469e+01 3.987349748611450195e+00 1.438643097877502441e+00 0.000000000000000000e+00 0.000000000000000000e+00 0.000000000000000000e+00 1.000000000000000000e+00
1.716365810747084856e+09 1.224007606506347656e+01 4.009000301361083984e+00 1.426550626754760742e+00 0.000000000000000000e+00 0.000000000000000000e+00 0.000000000000000000e+00 1.000000000000000000e+00
1.716365810847241163e+09 1.242563915252685547e+01 4.074985027313232422e+00 1.402990102767944336e+00 0.000000000000000000e+00 0.000000000000000000e+00 0.000000000000000000e+00 1.000000000000000000e+00
1.716365810897850275e+09 1.248543453216552734e+01 4.097765445709228516e+00 1.389791369438171387e+00 0.000000000000000000e+00 0.000000000000000000e+00 0.000000000000000000e+00 1.000000000000000000e+00
1.716365810947836399e+09 1.255091285705566406e+01 4.122429847717285156e+00 1.376649498939514160e+00 0.000000000000000000e+00 0.000000000000000000e+00 0.000000000000000000e+00 1.000000000000000000e+00
1.716365810998230934e+09 1.260977268218993963e+01 4.144776821136474609e+00 1.363673925399780495e+00 0.000000000000000000e+00 0.000000000000000000e+00 0.000000000000000000e+00 1.000000000000000000e+00
1.716365811098354101e+09 1.278878402709960938e+01 4.210943222045898438e+00 1.334470629692077637e+00 0.000000000000000000e+00 0.000000000000000000e+00 0.000000000000000000e+00 1.000000000000000000e+00
1.716365811148565769e+09 1.284988403320312322e+01 4.235876083374023438e+00 1.319352149963378906e+00 0.000000000000000000e+00 0.000000000000000000e+00 0.000000000000000000e+00 1.000000000000000000e+00
1.716365811198674679e+09 1.290885639190673828e+01 4.260818481445312500e+00 1.304270029067993164e+00 0.000000000000000000e+00 0.000000000000000000e+00 0.000000000000000000e+00 1.000000000000000000e+00
1.716365811248969078e+09 1.302643394470214844e+01 4.305937290191650391e+00 1.288253188133239524e+00 0.000000000000000000e+00 0.000000000000000000e+00 0.000000000000000000e+00 1.000000000000000000e+00
1.716365811299087763e+09 1.308499145507812322e+01 4.332012176513671875e+00 1.272888660430908203e+00 0.000000000000000000e+00 0.000000000000000000e+00 0.000000000000000000e+00 1.000000000000000000e+00
1.716365811349230528e+09 1.314331340789794922e+01 4.358759880065917969e+00 1.257897377014160156e+00 0.000000000000000000e+00 0.000000000000000000e+00 0.000000000000000000e+00 1.000000000000000000e+00
1.716365811399466753e+09 1.319956779479980469e+01 4.385402202606201172e+00 1.244238495826721191e+00 0.000000000000000000e+00 0.000000000000000000e+00 0.000000000000000000e+00 1.000000000000000000e+00
1.716365811450634003e+09 1.331655693054199219e+01 4.432247638702392578e+00 1.231269001960754395e+00 0.000000000000000000e+00 0.000000000000000000e+00 0.000000000000000000e+00 1.000000000000000000e+00
1.716365811499973297e+09 1.342785930633544922e+01 4.486101150512695312e+00 1.209638833999633789e+00 0.000000000000000000e+00 0.000000000000000000e+00 0.000000000000000000e+00 1.000000000000000000e+00
1.716365811550212622e+09 1.348289585113525391e+01 4.513366699218750000e+00 1.200888514518737793e+00 0.000000000000000000e+00 0.000000000000000000e+00 0.000000000000000000e+00 1.000000000000000000e+00
1.716365811651496172e+09 1.359644317626953125e+01 4.561157226562500000e+00 1.192054986953735352e+00 0.000000000000000000e+00 0.000000000000000000e+00 0.000000000000000000e+00 1.000000000000000000e+00
1.716365811700846195e+09 1.365020370483398438e+01 4.589215755462647373e+00 1.186280965805053711e+00 0.000000000000000000e+00 0.000000000000000000e+00 0.000000000000000000e+00 1.000000000000000000e+00
1.716365811751377821e+09 1.370280933380126953e+01 4.617594718933105469e+00 1.181292295455932617e+00 0.000000000000000000e+00 0.000000000000000000e+00 0.000000000000000000e+00 1.000000000000000000e+00
1.716365811801576376e+09 1.375610160827636719e+01 4.647096633911132812e+00 1.177174448966979980e+00 0.000000000000000000e+00 0.000000000000000000e+00 0.000000000000000000e+00 1.000000000000000000e+00
1.716365811851554871e+09 1.386700344085693359e+01 4.696689128875732422e+00 1.173295855522155762e+00 0.000000000000000000e+00 0.000000000000000000e+00 0.000000000000000000e+00 1.000000000000000000e+00
1.716365811901750088e+09 1.391998481750488459e+01 4.727209091186523438e+00 1.171540021896362305e+00 0.000000000000000000e+00 0.000000000000000000e+00 0.000000000000000000e+00 1.000000000000000000e+00
1.716365811952109337e+09 1.397074604034423828e+01 4.758092880249023438e+00 1.171026706695556641e+00 0.000000000000000000e+00 0.000000000000000000e+00 0.000000000000000000e+00 1.000000000000000000e+00
1.716365812052711487e+09 1.412261772155761541e+01 4.836421012878417969e+00 1.171007156372070312e+00 0.000000000000000000e+00 0.000000000000000000e+00 0.000000000000000000e+00 1.000000000000000000e+00
1.716365812152810097e+09 1.421757698059082031e+01 4.898761749267578125e+00 1.172875165939331055e+00 0.000000000000000000e+00 0.000000000000000000e+00 0.000000000000000000e+00 1.000000000000000000e+00
1.716365812203670979e+09 1.426285934448242188e+01 4.930173397064208984e+00 1.174898505210876465e+00 0.000000000000000000e+00 0.000000000000000000e+00 0.000000000000000000e+00 1.000000000000000000e+00
1.716365812253334999e+09 1.435335350036621271e+01 4.996118068695068359e+00 1.179238677024841309e+00 0.000000000000000000e+00 0.000000000000000000e+00 0.000000000000000000e+00 1.000000000000000000e+00
1.716365812353822231e+09 1.444701480865478338e+01 5.046578884124755859e+00 1.180924057960510476e+00 0.000000000000000000e+00 0.000000000000000000e+00 0.000000000000000000e+00 1.000000000000000000e+00
1.716365812404293060e+09 1.448780155181884766e+01 5.078558444976806641e+00 1.183526039123535156e+00 0.000000000000000000e+00 0.000000000000000000e+00 0.000000000000000000e+00 1.000000000000000000e+00
1.716365812454405069e+09 1.453129863739013672e+01 5.111839771270751953e+00 1.186528444290161133e+00 0.000000000000000000e+00 0.000000000000000000e+00 0.000000000000000000e+00 1.000000000000000000e+00
1.716365812504738331e+09 1.461349105834960938e+01 5.176836013793945312e+00 1.193143486976623535e+00 0.000000000000000000e+00 0.000000000000000000e+00 0.000000000000000000e+00 1.000000000000000000e+00
1.716365812604965925e+09 1.469456005096435547e+01 5.223680019378662109e+00 1.195971488952636719e+00 0.000000000000000000e+00 0.000000000000000000e+00 0.000000000000000000e+00 1.000000000000000000e+00
1.716365812655105829e+09 1.476475238800048828e+01 5.286320686340332031e+00 1.204092741012573242e+00 0.000000000000000000e+00 0.000000000000000000e+00 0.000000000000000000e+00 1.000000000000000000e+00
1.716365812760215998e+09 1.483696460723876953e+01 5.331097126007080078e+00 1.208471536636352317e+00 0.000000000000000000e+00 0.000000000000000000e+00 0.000000000000000000e+00 1.000000000000000000e+00
1.716365812806234837e+09 1.486819458007812322e+01 5.362740993499755859e+00 1.214155435562133789e+00 0.000000000000000000e+00 0.000000000000000000e+00 0.000000000000000000e+00 1.000000000000000000e+00
1.716365812856112242e+09 1.489854431152343750e+01 5.393832206726074219e+00 1.220428586006164551e+00 0.000000000000000000e+00 0.000000000000000000e+00 0.000000000000000000e+00 1.000000000000000000e+00
1.716365812906488657e+09 1.495368003845214844e+01 5.453600883483886719e+00 1.234535694122314453e+00 0.000000000000000000e+00 0.000000000000000000e+00 0.000000000000000000e+00 1.000000000000000000e+00
1.716365813006564140e+09 1.501165103912353516e+01 5.493406295776367188e+00 1.241264939308166504e+00 0.000000000000000000e+00 0.000000000000000000e+00 0.000000000000000000e+00 1.000000000000000000e+00
1.716365813057160378e+09 1.503682708740234375e+01 5.520939350128173828e+00 1.248758554458618164e+00 0.000000000000000000e+00 0.000000000000000000e+00 0.000000000000000000e+00 1.000000000000000000e+00
1.716365813107146502e+09 1.508446407318115234e+01 5.574542522430419922e+00 1.264779806137084961e+00 0.000000000000000000e+00 0.000000000000000000e+00 0.000000000000000000e+00 1.000000000000000000e+00
1.716365813207766294e+09 1.513255500793457031e+01 5.609144210815429688e+00 1.272913575172424316e+00 0.000000000000000000e+00 0.000000000000000000e+00 0.000000000000000000e+00 1.000000000000000000e+00
1.716365813258655310e+09 1.517260074615478338e+01 5.657041549682617188e+00 1.291020750999450906e+00 0.000000000000000000e+00 0.000000000000000000e+00 0.000000000000000000e+00 1.000000000000000000e+00
1.716365813358037233e+09 1.519276428222656250e+01 5.680542945861816406e+00 1.300593137741088867e+00 0.000000000000000000e+00 0.000000000000000000e+00 0.000000000000000000e+00 1.000000000000000000e+00
1.716365813408512592e+09 1.521163749694824219e+01 5.701728820800781250e+00 1.310029029846191406e+00 0.000000000000000000e+00 0.000000000000000000e+00 0.000000000000000000e+00 1.000000000000000000e+00
1.716365813508629560e+09 1.529160976409911932e+01 5.771125793457031250e+00 1.339280843734741211e+00 0.000000000000000000e+00 0.000000000000000000e+00 0.000000000000000000e+00 1.000000000000000000e+00
1.716365813609129190e+09 1.530945587158203125e+01 5.789202690124511719e+00 1.349177241325378418e+00 0.000000000000000000e+00 0.000000000000000000e+00 0.000000000000000000e+00 1.000000000000000000e+00
1.716365813659339666e+09 1.534988021850585938e+01 5.815386772155761719e+00 1.358817458152770996e+00 0.000000000000000000e+00 0.000000000000000000e+00 0.000000000000000000e+00 1.000000000000000000e+00
1.716365813709722996e+09 1.538633346557617188e+01 5.849366664886474609e+00 1.379105329513549805e+00 0.000000000000000000e+00 0.000000000000000000e+00 0.000000000000000000e+00 1.000000000000000000e+00
1.716365813760087013e+09 1.540515708923339844e+01 5.864729881286621094e+00 1.388654232025146484e+00 0.000000000000000000e+00 0.000000000000000000e+00 0.000000000000000000e+00 1.000000000000000000e+00
1.716365813810511112e+09 1.542422771453857422e+01 5.879417419433593750e+00 1.398121714591979980e+00 0.000000000000000000e+00 0.000000000000000000e+00 0.000000000000000000e+00 1.000000000000000000e+00
1.716365813961242676e+09 1.550391960144042969e+01 5.926132678985595703e+00 1.425009131431579590e+00 0.000000000000000000e+00 0.000000000000000000e+00 0.000000000000000000e+00 1.000000000000000000e+00
1.716365814011569738e+09 1.552414321899414062e+01 5.937711238861083984e+00 1.433097004890441895e+00 0.000000000000000000e+00 0.000000000000000000e+00 0.000000000000000000e+00 1.000000000000000000e+00
1.716365814162703276e+09 1.556799697875976562e+01 5.957469940185546875e+00 1.440034508705139160e+00 0.000000000000000000e+00 0.000000000000000000e+00 0.000000000000000000e+00 1.000000000000000000e+00
1.716365814212869167e+09 1.563319587707519531e+01 5.988647937774658203e+00 1.461043119430541992e+00 0.000000000000000000e+00 0.000000000000000000e+00 0.000000000000000000e+00 1.000000000000000000e+00
1.716365814263250351e+09 1.565524864196777166e+01 5.998189449310302734e+00 1.467714428901672363e+00 0.000000000000000000e+00 0.000000000000000000e+00 0.000000000000000000e+00 1.000000000000000000e+00
1.716365814413980722e+09 1.574730110168457031e+01 6.029058456420898438e+00 1.483084559440612793e+00 0.000000000000000000e+00 0.000000000000000000e+00 0.000000000000000000e+00 1.000000000000000000e+00
1.716365814515015602e+09 1.578869915008544922e+01 6.041187763214111328e+00 1.487079262733459695e+00 0.000000000000000000e+00 0.000000000000000000e+00 0.000000000000000000e+00 1.000000000000000000e+00
1.716365814564449787e+09 1.583128070831298828e+01 6.050212383270263672e+00 1.493877291679382324e+00 0.000000000000000000e+00 0.000000000000000000e+00 0.000000000000000000e+00 1.000000000000000000e+00
1.716365814665044308e+09 1.587244796752929688e+01 6.054518699645996094e+00 1.498560786247253418e+00 0.000000000000000000e+00 0.000000000000000000e+00 0.000000000000000000e+00 1.000000000000000000e+00
1.716365814765716791e+09 1.592915058135986328e+01 6.060161590576171875e+00 1.500961184501647949e+00 0.000000000000000000e+00 0.000000000000000000e+00 0.000000000000000000e+00 1.000000000000000000e+00
1.716365814815590620e+09 1.594714260101318359e+01 6.057858943939208984e+00 1.501591920852661133e+00 0.000000000000000000e+00 0.000000000000000000e+00 0.000000000000000000e+00 1.000000000000000000e+00
1.716365814915952682e+09 1.597758579254150391e+01 6.059375762939453125e+00 1.501410603523254395e+00 0.000000000000000000e+00 0.000000000000000000e+00 0.000000000000000000e+00 1.000000000000000000e+00
1.716365814966618538e+09 1.599443721771240234e+01 6.054414749145507812e+00 1.500951290130615234e+00 0.000000000000000000e+00 0.000000000000000000e+00 0.000000000000000000e+00 1.000000000000000000e+00
1.716365815016623259e+09 1.600884246826171875e+01 6.047421455383300781e+00 1.500104188919067383e+00 0.000000000000000000e+00 0.000000000000000000e+00 0.000000000000000000e+00 1.000000000000000000e+00
1.716365815067050695e+09 1.602298545837402344e+01 6.038271903991699219e+00 1.498771429061889648e+00 0.000000000000000000e+00 0.000000000000000000e+00 0.000000000000000000e+00 1.000000000000000000e+00
1.716365815117202759e+09 1.604828453063964844e+01 6.013600826263427734e+00 1.493749022483825684e+00 0.000000000000000000e+00 0.000000000000000000e+00 0.000000000000000000e+00 1.000000000000000000e+00
1.716365815217710733e+09 1.606473731994628906e+01 6.001023769378662109e+00 1.490599751472473145e+00 0.000000000000000000e+00 0.000000000000000000e+00 0.000000000000000000e+00 1.000000000000000000e+00
1.716365815267977476e+09 1.608429527282714844e+01 5.968565940856933594e+00 1.482873201370239258e+00 0.000000000000000000e+00 0.000000000000000000e+00 0.000000000000000000e+00 1.000000000000000000e+00
1.716365815318477631e+09 1.609290695190429688e+01 5.951078414916992188e+00 1.477647423744201660e+00 0.000000000000000000e+00 0.000000000000000000e+00 0.000000000000000000e+00 1.000000000000000000e+00
1.716365815418695688e+09 1.609960174560546875e+01 5.932934284210205078e+00 1.471755981445312500e+00 0.000000000000000000e+00 0.000000000000000000e+00 0.000000000000000000e+00 1.000000000000000000e+00
1.716365815468887329e+09 1.610569000244140625e+01 5.913471698760986328e+00 1.464718103408813699e+00 0.000000000000000000e+00 0.000000000000000000e+00 0.000000000000000000e+00 1.000000000000000000e+00
1.716365815519084215e+09 1.611474418640136719e+01 5.874104022979736328e+00 1.448161005973815918e+00 0.000000000000000000e+00 0.000000000000000000e+00 0.000000000000000000e+00 1.000000000000000000e+00
1.716365815619385481e+09 1.611775016784667969e+01 5.833463191986083984e+00 1.427879691123962402e+00 0.000000000000000000e+00 0.000000000000000000e+00 0.000000000000000000e+00 1.000000000000000000e+00
1.716365815720286369e+09 1.612024688720703125e+01 5.790898323059082031e+00 1.404007911682128906e+00 0.000000000000000000e+00 0.000000000000000000e+00 0.000000000000000000e+00 1.000000000000000000e+00
1.716365815770190001e+09 1.611964988708496094e+01 5.768677711486816406e+00 1.391272544860839844e+00 0.000000000000000000e+00 0.000000000000000000e+00 0.000000000000000000e+00 1.000000000000000000e+00
1.716365816071524143e+09 1.607942962646484375e+01 5.653182983398437500e+00 1.320371866226196289e+00 0.000000000000000000e+00 0.000000000000000000e+00 0.000000000000000000e+00 1.000000000000000000e+00
1.716365816123153448e+09 1.606530570983886719e+01 5.610979557037353516e+00 1.292396306991577148e+00 0.000000000000000000e+00 0.000000000000000000e+00 0.000000000000000000e+00 1.000000000000000000e+00
1.716365816172825813e+09 1.605646324157714844e+01 5.590329647064208984e+00 1.279419779777526855e+00 0.000000000000000000e+00 0.000000000000000000e+00 0.000000000000000000e+00 1.000000000000000000e+00
1.716365816272442341e+09 1.601882553100585938e+01 5.545383930206298828e+00 1.256041169166564941e+00 0.000000000000000000e+00 0.000000000000000000e+00 0.000000000000000000e+00 1.000000000000000000e+00
1.716365816322485209e+09 1.600663566589355469e+01 5.525076389312744141e+00 1.244645476341247559e+00 0.000000000000000000e+00 0.000000000000000000e+00 0.000000000000000000e+00 1.000000000000000000e+00
1.716365816372972012e+09 1.599433612823486328e+01 5.505045413970947266e+00 1.233830451965332031e+00 0.000000000000000000e+00 0.000000000000000000e+00 0.000000000000000000e+00 1.000000000000000000e+00
1.716365816423170567e+09 1.598164272308349609e+01 5.486125946044921875e+00 1.223643660545349121e+00 0.000000000000000000e+00 0.000000000000000000e+00 0.000000000000000000e+00 1.000000000000000000e+00
1.716365816523909569e+09 1.595047664642333984e+01 5.462504386901856357e+00 1.214651346206665039e+00 0.000000000000000000e+00 0.000000000000000000e+00 0.000000000000000000e+00 1.000000000000000000e+00
1.716365816574038982e+09 1.593516731262207031e+01 5.445074558258056641e+00 1.206915974617004395e+00 0.000000000000000000e+00 0.000000000000000000e+00 0.000000000000000000e+00 1.000000000000000000e+00
1.716365816624005318e+09 1.590106773376464844e+01 5.411105632781982422e+00 1.192932009696960449e+00 0.000000000000000000e+00 0.000000000000000000e+00 0.000000000000000000e+00 1.000000000000000000e+00
1.716365816724714994e+09 1.586024188995361150e+01 5.387950897216796875e+00 1.187220692634582297e+00 0.000000000000000000e+00 0.000000000000000000e+00 0.000000000000000000e+00 1.000000000000000000e+00
1.716365816775901794e+09 1.583985614776611150e+01 5.373035907745361328e+00 1.181842923164367676e+00 0.000000000000000000e+00 0.000000000000000000e+00 0.000000000000000000e+00 1.000000000000000000e+00
1.716365816824682474e+09 1.579853820800781250e+01 5.344926834106445312e+00 1.173849701881408691e+00 0.000000000000000000e+00 0.000000000000000000e+00 0.000000000000000000e+00 1.000000000000000000e+00
1.716365816925209999e+09 1.575471305847167969e+01 5.324467658996582031e+00 1.170552015304565430e+00 0.000000000000000000e+00 0.000000000000000000e+00 0.000000000000000000e+00 1.000000000000000000e+00
1.716365816976882219e+09 1.573118114471435547e+01 5.312694549560546875e+00 1.167446136474609375e+00 0.000000000000000000e+00 0.000000000000000000e+00 0.000000000000000000e+00 1.000000000000000000e+00
1.716365817025222301e+09 1.568438434600830078e+01 5.294675827026367188e+00 1.162556767463684082e+00 0.000000000000000000e+00 0.000000000000000000e+00 0.000000000000000000e+00 1.000000000000000000e+00
1.716365817075925589e+09 1.565862941741943359e+01 5.286441326141357422e+00 1.160992383956909180e+00 0.000000000000000000e+00 0.000000000000000000e+00 0.000000000000000000e+00 1.000000000000000000e+00
1.716365817125572443e+09 1.560415840148925781e+01 5.269536018371582031e+00 1.160658001899719238e+00 0.000000000000000000e+00 0.000000000000000000e+00 0.000000000000000000e+00 1.000000000000000000e+00
1.716365817226278067e+09 1.554559898376464844e+01 5.255373477935791016e+00 1.160633802413940430e+00 0.000000000000000000e+00 0.000000000000000000e+00 0.000000000000000000e+00 1.000000000000000000e+00
1.716365817276217699e+09 1.551593017578125000e+01 5.249471664428710938e+00 1.161150455474853516e+00 0.000000000000000000e+00 0.000000000000000000e+00 0.000000000000000000e+00 1.000000000000000000e+00
1.716365817376362324e+09 1.542072010040283203e+01 5.225294113159179688e+00 1.165448546409606934e+00 0.000000000000000000e+00 0.000000000000000000e+00 0.000000000000000000e+00 1.000000000000000000e+00
1.716365817426466227e+09 1.538659954071044922e+01 5.217039585113525391e+00 1.167652606964111106e+00 0.000000000000000000e+00 0.000000000000000000e+00 0.000000000000000000e+00 1.000000000000000000e+00
1.716365817476817131e+09 1.535443592071533203e+01 5.209294795989990234e+00 1.170745253562927246e+00 0.000000000000000000e+00 0.000000000000000000e+00 0.000000000000000000e+00 1.000000000000000000e+00
1.716365817578047991e+09 1.524743461608886719e+01 5.179554939270020419e+00 1.178033113479614480e+00 0.000000000000000000e+00 0.000000000000000000e+00 0.000000000000000000e+00 1.000000000000000000e+00
1.716365817627252579e+09 1.521059131622314453e+01 5.170070648193359375e+00 1.181823730468750000e+00 0.000000000000000000e+00 0.000000000000000000e+00 0.000000000000000000e+00 1.000000000000000000e+00
1.716365817677364111e+09 1.517382717132568359e+01 5.160350322723388672e+00 1.185618758201599121e+00 0.000000000000000000e+00 0.000000000000000000e+00 0.000000000000000000e+00 1.000000000000000000e+00
1.716365817727687836e+09 1.513693332672119141e+01 5.151029109954833984e+00 1.189802050590515137e+00 0.000000000000000000e+00 0.000000000000000000e+00 0.000000000000000000e+00 1.000000000000000000e+00
1.716365817828171968e+09 1.506044864654541016e+01 5.127695083618164062e+00 1.194744229316711426e+00 0.000000000000000000e+00 0.000000000000000000e+00 0.000000000000000000e+00 1.000000000000000000e+00
1.716365817928533316e+09 1.502001667022705078e+01 5.116370201110839844e+00 1.199331998825073242e+00 0.000000000000000000e+00 0.000000000000000000e+00 0.000000000000000000e+00 1.000000000000000000e+00
1.716365817979107857e+09 1.486092662811279119e+01 5.066165447235107422e+00 1.213478922843933105e+00 0.000000000000000000e+00 0.000000000000000000e+00 0.000000000000000000e+00 1.000000000000000000e+00
1.716365818029456854e+09 1.481934738159179688e+01 5.051994800567626953e+00 1.218107461929321289e+00 0.000000000000000000e+00 0.000000000000000000e+00 0.000000000000000000e+00 1.000000000000000000e+00
1.716365818079501867e+09 1.477846336364745916e+01 5.038875579833984375e+00 1.222691535949707031e+00 0.000000000000000000e+00 0.000000000000000000e+00 0.000000000000000000e+00 1.000000000000000000e+00
1.716365818129801750e+09 1.473438453674316406e+01 5.025837421417236328e+00 1.227473020553588867e+00 0.000000000000000000e+00 0.000000000000000000e+00 0.000000000000000000e+00 1.000000000000000000e+00
1.716365818180308819e+09 1.464723014831542969e+01 4.999683856964111328e+00 1.232491731643676758e+00 0.000000000000000000e+00 0.000000000000000000e+00 0.000000000000000000e+00 1.000000000000000000e+00
1.716365818230794191e+09 1.460291004180908203e+01 4.987353324890136719e+00 1.237478137016296387e+00 0.000000000000000000e+00 0.000000000000000000e+00 0.000000000000000000e+00 1.000000000000000000e+00
1.716365818281617880e+09 1.455929565429687678e+01 4.976036548614501953e+00 1.242260932922363281e+00 0.000000000000000000e+00 0.000000000000000000e+00 0.000000000000000000e+00 1.000000000000000000e+00
1.716365818331314087e+09 1.451412677764892578e+01 4.963098526000976562e+00 1.247491598129272461e+00 0.000000000000000000e+00 0.000000000000000000e+00 0.000000000000000000e+00 1.000000000000000000e+00
1.716365818382083893e+09 1.442649745941161932e+01 4.935233592987060547e+00 1.252763271331787109e+00 0.000000000000000000e+00 0.000000000000000000e+00 0.000000000000000000e+00 1.000000000000000000e+00
1.716365818431631565e+09 1.438032817840576172e+01 4.922110557556152344e+00 1.257754325866699219e+00 0.000000000000000000e+00 0.000000000000000000e+00 0.000000000000000000e+00 1.000000000000000000e+00
1.716365818481856585e+09 1.433477973937988459e+01 4.910257339477539062e+00 1.262745976448059082e+00 0.000000000000000000e+00 0.000000000000000000e+00 0.000000000000000000e+00 1.000000000000000000e+00
1.716365818532293558e+09 1.428630256652832031e+01 4.897699832916259766e+00 1.268027782440185547e+00 0.000000000000000000e+00 0.000000000000000000e+00 0.000000000000000000e+00 1.000000000000000000e+00
1.716365818583431959e+09 1.419527339935302734e+01 4.870499134063720703e+00 1.273741245269775391e+00 0.000000000000000000e+00 0.000000000000000000e+00 0.000000000000000000e+00 1.000000000000000000e+00
1.716365818632527351e+09 1.414764881134033203e+01 4.858534812927246094e+00 1.279299497604369895e+00 0.000000000000000000e+00 0.000000000000000000e+00 0.000000000000000000e+00 1.000000000000000000e+00
1.716365818682807922e+09 1.410003757476806641e+01 4.846513271331787109e+00 1.284618616104125977e+00 0.000000000000000000e+00 0.000000000000000000e+00 0.000000000000000000e+00 1.000000000000000000e+00
1.716365818733108759e+09 1.404841995239257812e+01 4.833834648132324219e+00 1.289941787719726562e+00 0.000000000000000000e+00 0.000000000000000000e+00 0.000000000000000000e+00 1.000000000000000000e+00
1.716365818783428192e+09 1.395044898986816406e+01 4.805272102355957031e+00 1.295974731445312500e+00 0.000000000000000000e+00 0.000000000000000000e+00 0.000000000000000000e+00 1.000000000000000000e+00
1.716365818833530426e+09 1.389981174468993963e+01 4.792790412902832031e+00 1.301047086715698242e+00 0.000000000000000000e+00 0.000000000000000000e+00 0.000000000000000000e+00 1.000000000000000000e+00
1.716365818883732080e+09 1.384897422790527166e+01 4.780899524688720703e+00 1.306726336479187012e+00 0.000000000000000000e+00 0.000000000000000000e+00 0.000000000000000000e+00 1.000000000000000000e+00
1.716365818933885098e+09 1.379720497131347656e+01 4.768640518188476562e+00 1.312664508819580078e+00 0.000000000000000000e+00 0.000000000000000000e+00 0.000000000000000000e+00 1.000000000000000000e+00
1.716365818984033346e+09 1.374747467041015625e+01 4.756589889526367188e+00 1.318459033966064453e+00 0.000000000000000000e+00 0.000000000000000000e+00 0.000000000000000000e+00 1.000000000000000000e+00
1.716365819034263611e+09 1.369295597076416016e+01 4.743088245391845703e+00 1.324636340141296387e+00 0.000000000000000000e+00 0.000000000000000000e+00 0.000000000000000000e+00 1.000000000000000000e+00
1.716365819134735107e+09 1.353219890594482422e+01 4.700394630432128906e+00 1.338038325309753418e+00 0.000000000000000000e+00 0.000000000000000000e+00 0.000000000000000000e+00 1.000000000000000000e+00
1.716365819184750557e+09 1.347722721099853516e+01 4.688158512115479404e+00 1.344317197799682617e+00 0.000000000000000000e+00 0.000000000000000000e+00 0.000000000000000000e+00 1.000000000000000000e+00
1.716365819234952688e+09 1.342040252685546875e+01 4.675155639648437500e+00 1.350901961326599121e+00 0.000000000000000000e+00 0.000000000000000000e+00 0.000000000000000000e+00 1.000000000000000000e+00
1.716365819335784435e+09 1.325211620330810369e+01 4.629635334014892578e+00 1.364493131637573242e+00 0.000000000000000000e+00 0.000000000000000000e+00 0.000000000000000000e+00 1.000000000000000000e+00
1.716365819385596752e+09 1.319544601440429688e+01 4.616135597229003906e+00 1.370959043502807617e+00 0.000000000000000000e+00 0.000000000000000000e+00 0.000000000000000000e+00 1.000000000000000000e+00
1.716365819435765028e+09 1.313794803619384766e+01 4.601971149444580078e+00 1.377840280532836914e+00 0.000000000000000000e+00 0.000000000000000000e+00 0.000000000000000000e+00 1.000000000000000000e+00
1.716365819536178589e+09 1.296528148651123047e+01 4.550695419311523438e+00 1.392134308815002441e+00 0.000000000000000000e+00 0.000000000000000000e+00 0.000000000000000000e+00 1.000000000000000000e+00
1.716365819586481810e+09 1.290446281433105646e+01 4.533874034881591797e+00 1.399274587631225586e+00 0.000000000000000000e+00 0.000000000000000000e+00 0.000000000000000000e+00 1.000000000000000000e+00
1.716365819636827230e+09 1.284532070159911932e+01 4.518304347991943359e+00 1.406798362731933594e+00 0.000000000000000000e+00 0.000000000000000000e+00 0.000000000000000000e+00 1.000000000000000000e+00
1.716365819737191677e+09 1.266976070404052734e+01 4.466114997863769531e+00 1.422187805175781250e+00 0.000000000000000000e+00 0.000000000000000000e+00 0.000000000000000000e+00 1.000000000000000000e+00
1.716365819787411451e+09 1.260936450958251953e+01 4.448043823242188388e+00 1.430182814598083496e+00 0.000000000000000000e+00 0.000000000000000000e+00 0.000000000000000000e+00 1.000000000000000000e+00
1.716365819837512493e+09 1.255032444000243963e+01 4.429122447967529297e+00 1.438583135604858398e+00 0.000000000000000000e+00 0.000000000000000000e+00 0.000000000000000000e+00 1.000000000000000000e+00
1.716365819937957048e+09 1.237617206573486328e+01 4.369827270507812500e+00 1.455726861953735352e+00 0.000000000000000000e+00 0.000000000000000000e+00 0.000000000000000000e+00 1.000000000000000000e+00
1.716365819988182306e+09 1.225918674468993963e+01 4.328775405883789062e+00 1.473087906837463379e+00 0.000000000000000000e+00 0.000000000000000000e+00 0.000000000000000000e+00 1.000000000000000000e+00
1.716365820088629723e+09 1.220312118530273438e+01 4.307355403900146484e+00 1.481262922286987305e+00 0.000000000000000000e+00 0.000000000000000000e+00 0.000000000000000000e+00 1.000000000000000000e+00
1.716365820138668060e+09 1.208891868591308594e+01 4.264354228973388672e+00 1.489161491394042969e+00 0.000000000000000000e+00 0.000000000000000000e+00 0.000000000000000000e+00 1.000000000000000000e+00
1.716365820188918829e+09 1.203177356719970881e+01 4.239952564239501953e+00 1.496553540229797363e+00 0.000000000000000000e+00 0.000000000000000000e+00 0.000000000000000000e+00 1.000000000000000000e+00
1.716365820239089012e+09 1.197580146789550781e+01 4.215217590332031250e+00 1.503279089927673118e+00 0.000000000000000000e+00 0.000000000000000000e+00 0.000000000000000000e+00 1.000000000000000000e+00
1.716365820289213657e+09 1.192195034027099609e+01 4.190463542938232422e+00 1.509845495223999023e+00 0.000000000000000000e+00 0.000000000000000000e+00 0.000000000000000000e+00 1.000000000000000000e+00
1.716365820339448929e+09 1.181182098388672053e+01 4.144862651824951172e+00 1.516227483749389648e+00 0.000000000000000000e+00 0.000000000000000000e+00 0.000000000000000000e+00 1.000000000000000000e+00
1.716365820389651537e+09 1.175758838653564453e+01 4.118144035339356357e+00 1.522021532058715820e+00 0.000000000000000000e+00 0.000000000000000000e+00 0.000000000000000000e+00 1.000000000000000000e+00
1.716365820439859867e+09 1.170242214202880859e+01 4.091046810150146484e+00 1.527572154998779297e+00 0.000000000000000000e+00 0.000000000000000000e+00 0.000000000000000000e+00 1.000000000000000000e+00
1.716365820489988327e+09 1.164947414398193359e+01 4.063633441925048828e+00 1.533667206764221191e+00 0.000000000000000000e+00 0.000000000000000000e+00 0.000000000000000000e+00 1.000000000000000000e+00
1.716365820540827274e+09 1.153953647613525391e+01 4.017414093017578125e+00 1.538700342178344727e+00 0.000000000000000000e+00 0.000000000000000000e+00 0.000000000000000000e+00 1.000000000000000000e+00
1.716365820590466738e+09 1.148784255981445135e+01 3.992440462112426314e+00 1.544336795806884766e+00 0.000000000000000000e+00 0.000000000000000000e+00 0.000000000000000000e+00 1.000000000000000000e+00
1.716365820640758753e+09 1.143400192260742188e+01 3.967534542083739790e+00 1.549800634384155273e+00 0.000000000000000000e+00 0.000000000000000000e+00 0.000000000000000000e+00 1.000000000000000000e+00
1.716365820690918207e+09 1.138125801086425781e+01 3.942504644393920898e+00 1.555130243301391602e+00 0.000000000000000000e+00 0.000000000000000000e+00 0.000000000000000000e+00 1.000000000000000000e+00
1.716365820741027594e+09 1.127170372009277166e+01 3.898158073425292969e+00 1.559897303581237793e+00 0.000000000000000000e+00 0.000000000000000000e+00 0.000000000000000000e+00 1.000000000000000000e+00
1.716365820791081667e+09 1.121860122680664062e+01 3.874135017395019975e+00 1.564945220947265625e+00 0.000000000000000000e+00 0.000000000000000000e+00 0.000000000000000000e+00 1.000000000000000000e+00
1.716365820841467857e+09 1.116311454772949219e+01 3.850875616073607954e+00 1.570020556449889915e+00 0.000000000000000000e+00 0.000000000000000000e+00 0.000000000000000000e+00 1.000000000000000000e+00
1.716365820892261267e+09 1.110695075988769531e+01 3.829563617706298828e+00 1.575307607650756836e+00 0.000000000000000000e+00 0.000000000000000000e+00 0.000000000000000000e+00 1.000000000000000000e+00
1.716365820942105055e+09 1.105312061309814453e+01 3.810698032379150391e+00 1.579844713211059570e+00 0.000000000000000000e+00 0.000000000000000000e+00 0.000000000000000000e+00 1.000000000000000000e+00
1.716365821042565107e+09 1.094400215148925781e+01 3.774234533309936968e+00 1.584387063980102317e+00 0.000000000000000000e+00 0.000000000000000000e+00 0.000000000000000000e+00 1.000000000000000000e+00
1.716365821092651844e+09 1.088663387298583984e+01 3.756408691406250000e+00 1.588994622230529785e+00 0.000000000000000000e+00 0.000000000000000000e+00 0.000000000000000000e+00 1.000000000000000000e+00
1.716365821143392801e+09 1.082818031311035156e+01 3.738660335540771928e+00 1.593388438224792480e+00 0.000000000000000000e+00 0.000000000000000000e+00 0.000000000000000000e+00 1.000000000000000000e+00
1.716365821193109512e+09 1.070858001708984375e+01 3.707850694656372070e+00 1.602665066719055176e+00 0.000000000000000000e+00 0.000000000000000000e+00 0.000000000000000000e+00 1.000000000000000000e+00
1.716365821293282032e+09 1.059376525878906250e+01 3.675596952438354492e+00 1.606146693229675293e+00 0.000000000000000000e+00 0.000000000000000000e+00 0.000000000000000000e+00 1.000000000000000000e+00
1.716365821343447924e+09 1.053387832641601562e+01 3.664987087249755859e+00 1.610357403755187988e+00 0.000000000000000000e+00 0.000000000000000000e+00 0.000000000000000000e+00 1.000000000000000000e+00
1.716365821393589497e+09 1.041634845733642578e+01 3.649374008178710938e+00 1.618567109107971191e+00 0.000000000000000000e+00 0.000000000000000000e+00 0.000000000000000000e+00 1.000000000000000000e+00
1.716365821494077444e+09 1.030274772644042969e+01 3.622628211975097656e+00 1.621536374092102051e+00 0.000000000000000000e+00 0.000000000000000000e+00 0.000000000000000000e+00 1.000000000000000000e+00
1.716365821544325113e+09 1.024387359619140625e+01 3.615041255950928178e+00 1.625016808509826882e+00 0.000000000000000000e+00 0.000000000000000000e+00 0.000000000000000000e+00 1.000000000000000000e+00
1.716365821594544888e+09 1.012646198272705078e+01 3.601767063140869141e+00 1.631793737411499023e+00 0.000000000000000000e+00 0.000000000000000000e+00 0.000000000000000000e+00 1.000000000000000000e+00
1.716365821645540953e+09 1.001520824432373047e+01 3.577227115631103516e+00 1.633454561233520508e+00 0.000000000000000000e+00 0.000000000000000000e+00 0.000000000000000000e+00 1.000000000000000000e+00
1.716365821695008755e+09 9.955492019653320312e+00 3.571857929229736328e+00 1.635235190391540305e+00 0.000000000000000000e+00 0.000000000000000000e+00 0.000000000000000000e+00 1.000000000000000000e+00
1.716365821745198011e+09 9.896341323852540839e+00 3.567807912826538086e+00 1.636860370635986328e+00 0.000000000000000000e+00 0.000000000000000000e+00 0.000000000000000000e+00 1.000000000000000000e+00
1.716365821795306921e+09 9.832415580749511719e+00 3.562229871749877930e+00 1.637507438659667969e+00 0.000000000000000000e+00 0.000000000000000000e+00 0.000000000000000000e+00 1.000000000000000000e+00
1.716365821845601797e+09 9.715527534484863281e+00 3.538405418395996094e+00 1.636493802070617676e+00 0.000000000000000000e+00 0.000000000000000000e+00 0.000000000000000000e+00 1.000000000000000000e+00
1.716365821895821810e+09 9.656433105468750000e+00 3.534060955047607422e+00 1.636092185974121094e+00 0.000000000000000000e+00 0.000000000000000000e+00 0.000000000000000000e+00 1.000000000000000000e+00
1.716365821945993900e+09 9.594105720520019531e+00 3.526885271072388139e+00 1.634713411331176758e+00 0.000000000000000000e+00 0.000000000000000000e+00 0.000000000000000000e+00 1.000000000000000000e+00
1.716365822046366692e+09 9.477081298828123224e+00 3.514881610870361328e+00 1.629696488380431907e+00 0.000000000000000000e+00 0.000000000000000000e+00 0.000000000000000000e+00 1.000000000000000000e+00
1.716365822146781921e+09 9.301814079284667969e+00 3.478629112243652344e+00 1.621461153030395508e+00 0.000000000000000000e+00 0.000000000000000000e+00 0.000000000000000000e+00 1.000000000000000000e+00
1.716365822247246027e+09 9.178718566894531250e+00 3.459753990173339844e+00 1.611608624458312988e+00 0.000000000000000000e+00 0.000000000000000000e+00 0.000000000000000000e+00 1.000000000000000000e+00
1.716365822297363520e+09 9.119294166564939630e+00 3.450309753417968750e+00 1.605865955352783203e+00 0.000000000000000000e+00 0.000000000000000000e+00 0.000000000000000000e+00 1.000000000000000000e+00
1.716365822347692728e+09 9.059007644653320312e+00 3.440292596817016602e+00 1.599346756935119629e+00 0.000000000000000000e+00 0.000000000000000000e+00 0.000000000000000000e+00 1.000000000000000000e+00
1.716365822448052168e+09 8.884799957275390625e+00 3.398023128509521040e+00 1.584550857543945090e+00 0.000000000000000000e+00 0.000000000000000000e+00 0.000000000000000000e+00 1.000000000000000000e+00
1.716365822498394728e+09 8.824192047119140625e+00 3.385938405990600586e+00 1.576718926429748313e+00 0.000000000000000000e+00 0.000000000000000000e+00 0.000000000000000000e+00 1.000000000000000000e+00
1.716365822548457146e+09 8.767509460449218750e+00 3.374767065048217773e+00 1.568007230758666992e+00 0.000000000000000000e+00 0.000000000000000000e+00 0.000000000000000000e+00 1.000000000000000000e+00
1.716365822649402857e+09 8.600196838378906250e+00 3.328199863433837891e+00 1.550564050674438477e+00 0.000000000000000000e+00 0.000000000000000000e+00 0.000000000000000000e+00 1.000000000000000000e+00
1.716365822699044704e+09 8.544490814208984375e+00 3.314378261566162109e+00 1.541634321212768555e+00 0.000000000000000000e+00 0.000000000000000000e+00 0.000000000000000000e+00 1.000000000000000000e+00
1.716365822749261141e+09 8.486533164978027344e+00 3.298037528991699219e+00 1.532186985015869141e+00 0.000000000000000000e+00 0.000000000000000000e+00 0.000000000000000000e+00 1.000000000000000000e+00
1.716365822799468040e+09 8.433702468872070312e+00 3.282275438308715820e+00 1.522856831550597922e+00 0.000000000000000000e+00 0.000000000000000000e+00 0.000000000000000000e+00 1.000000000000000000e+00
1.716365822849646568e+09 8.327223777770996094e+00 3.244416475296020508e+00 1.512754678726196289e+00 0.000000000000000000e+00 0.000000000000000000e+00 0.000000000000000000e+00 1.000000000000000000e+00
1.716365822899655342e+09 8.274284362792968750e+00 3.226117849349976030e+00 1.503421068191528320e+00 0.000000000000000000e+00 0.000000000000000000e+00 0.000000000000000000e+00 1.000000000000000000e+00
1.716365822949905634e+09 8.221970558166503906e+00 3.206188440322875977e+00 1.493661761283874290e+00 0.000000000000000000e+00 0.000000000000000000e+00 0.000000000000000000e+00 1.000000000000000000e+00
1.716365823000237942e+09 8.172036170959472656e+00 3.185631752014160156e+00 1.484520792961120605e+00 0.000000000000000000e+00 0.000000000000000000e+00 0.000000000000000000e+00 1.000000000000000000e+00
1.716365823050387859e+09 8.063529014587402344e+00 3.141846656799316406e+00 1.475289225578308105e+00 0.000000000000000000e+00 0.000000000000000000e+00 0.000000000000000000e+00 1.000000000000000000e+00
1.716365823100463152e+09 8.018252372741699219e+00 3.120297431945800781e+00 1.466128706932068093e+00 0.000000000000000000e+00 0.000000000000000000e+00 0.000000000000000000e+00 1.000000000000000000e+00
1.716365823151003838e+09 7.969822406768798828e+00 3.095789670944213867e+00 1.457176327705383301e+00 0.000000000000000000e+00 0.000000000000000000e+00 0.000000000000000000e+00 1.000000000000000000e+00
1.716365823201125860e+09 7.871352672576904297e+00 3.050929546356201172e+00 1.448421478271484375e+00 0.000000000000000000e+00 0.000000000000000000e+00 0.000000000000000000e+00 1.000000000000000000e+00
1.716365823252050877e+09 7.822566986083984375e+00 3.024503707885742188e+00 1.440123200416564941e+00 0.000000000000000000e+00 0.000000000000000000e+00 0.000000000000000000e+00 1.000000000000000000e+00
1.716365823301584959e+09 7.775994300842285156e+00 2.997849941253662109e+00 1.431406617164611816e+00 0.000000000000000000e+00 0.000000000000000000e+00 0.000000000000000000e+00 1.000000000000000000e+00
1.716365823401872873e+09 7.632829666137695312e+00 2.921215534210205078e+00 1.414089322090148926e+00 0.000000000000000000e+00 0.000000000000000000e+00 0.000000000000000000e+00 1.000000000000000000e+00
1.716365823452176094e+09 7.587652683258056641e+00 2.890725851058959961e+00 1.404971480369568093e+00 0.000000000000000000e+00 0.000000000000000000e+00 0.000000000000000000e+00 1.000000000000000000e+00
1.716365823502828121e+09 7.542771339416503906e+00 2.859373092651367188e+00 1.395881652832031250e+00 0.000000000000000000e+00 0.000000000000000000e+00 0.000000000000000000e+00 1.000000000000000000e+00
1.716365823552773714e+09 7.498366832733154297e+00 2.826647996902465820e+00 1.386427283287048340e+00 0.000000000000000000e+00 0.000000000000000000e+00 0.000000000000000000e+00 1.000000000000000000e+00
1.716365823602851629e+09 7.408337593078613281e+00 2.758418083190917969e+00 1.368181943893432617e+00 0.000000000000000000e+00 0.000000000000000000e+00 0.000000000000000000e+00 1.000000000000000000e+00
1.716365823703507900e+09 7.316833019256591797e+00 2.705694198608398438e+00 1.360098600387573242e+00 0.000000000000000000e+00 0.000000000000000000e+00 0.000000000000000000e+00 1.000000000000000000e+00
1.716365823753649712e+09 7.273557662963867188e+00 2.669403553009033203e+00 1.350980520248413086e+00 0.000000000000000000e+00 0.000000000000000000e+00 0.000000000000000000e+00 1.000000000000000000e+00
1.716365823803913355e+09 7.188827037811279297e+00 2.594234704971313032e+00 1.333548426628112793e+00 0.000000000000000000e+00 0.000000000000000000e+00 0.000000000000000000e+00 1.000000000000000000e+00
1.716365823904275179e+09 7.098938465118408203e+00 2.539306879043579102e+00 1.326122522354125977e+00 0.000000000000000000e+00 0.000000000000000000e+00 0.000000000000000000e+00 1.000000000000000000e+00
1.716365823954598904e+09 7.057647228240966797e+00 2.499679327011108398e+00 1.317695260047912598e+00 0.000000000000000000e+00 0.000000000000000000e+00 0.000000000000000000e+00 1.000000000000000000e+00
1.716365824004747629e+09 6.978744983673095703e+00 2.418176651000977007e+00 1.300870060920715110e+00 0.000000000000000000e+00 0.000000000000000000e+00 0.000000000000000000e+00 1.000000000000000000e+00
1.716365824054978132e+09 6.936237335205078125e+00 2.375119209289550781e+00 1.292974710464477539e+00 0.000000000000000000e+00 0.000000000000000000e+00 0.000000000000000000e+00 1.000000000000000000e+00
1.716365824156360149e+09 6.848516941070556641e+00 2.315685510635375977e+00 1.287014842033386230e+00 0.000000000000000000e+00 0.000000000000000000e+00 0.000000000000000000e+00 1.000000000000000000e+00
1.716365824205860138e+09 6.767631530761718750e+00 2.225026845932006836e+00 1.273732304573059082e+00 0.000000000000000000e+00 0.000000000000000000e+00 0.000000000000000000e+00 1.000000000000000000e+00
1.716365824306240797e+09 6.688328266143798828e+00 2.127659082412720171e+00 1.261332511901855691e+00 0.000000000000000000e+00 0.000000000000000000e+00 0.000000000000000000e+00 1.000000000000000000e+00
1.716365824456869364e+09 6.530276298522949219e+00 1.959624886512756348e+00 1.245371818542480469e+00 0.000000000000000000e+00 0.000000000000000000e+00 0.000000000000000000e+00 1.000000000000000000e+00
1.716365824507241726e+09 6.495283126831054688e+00 1.908128261566162109e+00 1.240371108055114746e+00 0.000000000000000000e+00 0.000000000000000000e+00 0.000000000000000000e+00 1.000000000000000000e+00
1.716365824657639503e+09 6.379983901977539062e+00 1.786461830139160156e+00 1.232484936714172363e+00 0.000000000000000000e+00 0.000000000000000000e+00 0.000000000000000000e+00 1.000000000000000000e+00
1.716365824707765579e+09 6.316084384918212891e+00 1.673275709152221680e+00 1.223581314086914062e+00 0.000000000000000000e+00 0.000000000000000000e+00 0.000000000000000000e+00 1.000000000000000000e+00
1.716365824808222771e+09 6.237382411956787109e+00 1.601879596710205078e+00 1.221023201942443848e+00 0.000000000000000000e+00 0.000000000000000000e+00 0.000000000000000000e+00 1.000000000000000000e+00
1.716365824909614325e+09 6.206813812255859375e+00 1.542238950729369895e+00 1.215870141983032227e+00 0.000000000000000000e+00 0.000000000000000000e+00 0.000000000000000000e+00 1.000000000000000000e+00
1.716365824958820820e+09 6.112996578216552734e+00 1.361001968383789062e+00 1.198383212089538574e+00 0.000000000000000000e+00 0.000000000000000000e+00 0.000000000000000000e+00 1.000000000000000000e+00
1.716365825059265137e+09 6.038990974426269531e+00 1.290554642677307129e+00 1.193323493003845215e+00 0.000000000000000000e+00 0.000000000000000000e+00 0.000000000000000000e+00 1.000000000000000000e+00
1.716365825159705162e+09 5.978061199188232422e+00 1.164692997932434082e+00 1.176882505416869895e+00 0.000000000000000000e+00 0.000000000000000000e+00 0.000000000000000000e+00 1.000000000000000000e+00
1.716365825209720850e+09 5.906848430633544922e+00 1.092265844345092773e+00 1.169641852378845215e+00 0.000000000000000000e+00 0.000000000000000000e+00 0.000000000000000000e+00 1.000000000000000000e+00
1.716365825260239363e+09 5.877288341522216797e+00 1.027291536331176758e+00 1.159405827522277832e+00 0.000000000000000000e+00 0.000000000000000000e+00 0.000000000000000000e+00 1.000000000000000000e+00
1.716365825310048819e+09 5.846858501434326172e+00 9.638435840606689453e-01 1.149122714996337891e+00 0.000000000000000000e+00 0.000000000000000000e+00 0.000000000000000000e+00 1.000000000000000000e+00
1.716365825411345005e+09 5.787325859069824219e+00 8.353241682052612305e-01 1.126081228256225586e+00 0.000000000000000000e+00 0.000000000000000000e+00 0.000000000000000000e+00 1.000000000000000000e+00
1.716365825460903883e+09 5.716715335845947266e+00 7.636892199516296387e-01 1.115597486495971680e+00 0.000000000000000000e+00 0.000000000000000000e+00 0.000000000000000000e+00 1.000000000000000000e+00
1.716365825510887623e+09 5.655514240264892578e+00 6.302183270454406738e-01 1.088077425956726074e+00 0.000000000000000000e+00 0.000000000000000000e+00 0.000000000000000000e+00 1.000000000000000000e+00
1.716365825561262608e+09 5.624298095703125000e+00 5.630089044570922852e-01 1.073570489883422852e+00 0.000000000000000000e+00 0.000000000000000000e+00 0.000000000000000000e+00 1.000000000000000000e+00
1.716365825661327362e+09 5.560590267181396484e+00 4.275498986244201105e-01 1.044255614280700906e+00 0.000000000000000000e+00 0.000000000000000000e+00 0.000000000000000000e+00 1.000000000000000000e+00
1.716365825711603403e+09 5.498249530792236328e+00 3.569628000259398859e-01 1.032098531723022461e+00 0.000000000000000000e+00 0.000000000000000000e+00 0.000000000000000000e+00 1.000000000000000000e+00
1.716365825761764765e+09 5.467905998229980469e+00 2.880309522151947021e-01 1.017324328422546387e+00 0.000000000000000000e+00 0.000000000000000000e+00 0.000000000000000000e+00 1.000000000000000000e+00
1.716365825812219620e+09 5.439644336700440341e+00 2.190212160348891934e-01 1.001956820487976074e+00 0.000000000000000000e+00 0.000000000000000000e+00 0.000000000000000000e+00 1.000000000000000000e+00
1.716365825912803173e+09 5.408537387847900391e+00 1.474823653697966974e-01 9.865797162055968128e-01 0.000000000000000000e+00 0.000000000000000000e+00 0.000000000000000000e+00 1.000000000000000000e+00
1.716365825962987661e+09 5.319506168365479404e+00 2.842819318175299811e-03 9.585845470428467907e-01 0.000000000000000000e+00 0.000000000000000000e+00 0.000000000000000000e+00 1.000000000000000000e+00
1.716365826013118982e+09 5.290354728698730469e+00 -7.041718810796729344e-02 9.430490136146544300e-01 0.000000000000000000e+00 0.000000000000000000e+00 0.000000000000000000e+00 1.000000000000000000e+00
1.716365826063468695e+09 5.259220600128173828e+00 -1.419948041439056119e-01 9.281501770019532360e-01 0.000000000000000000e+00 0.000000000000000000e+00 0.000000000000000000e+00 1.000000000000000000e+00
1.716365826163825512e+09 5.204206466674804688e+00 -2.120750844478606900e-01 9.157472252845764160e-01 0.000000000000000000e+00 0.000000000000000000e+00 0.000000000000000000e+00 1.000000000000000000e+00
1.716365826213922977e+09 5.175372123718261719e+00 -2.785736918449401855e-01 9.019440412521362305e-01 0.000000000000000000e+00 0.000000000000000000e+00 0.000000000000000000e+00 1.000000000000000000e+00
1.716365826264317989e+09 5.145080089569091797e+00 -3.512566089630126953e-01 8.873338699340820312e-01 0.000000000000000000e+00 0.000000000000000000e+00 0.000000000000000000e+00 1.000000000000000000e+00
1.716365826314335585e+09 5.088557720184326172e+00 -5.017147660255432129e-01 8.573733568191528320e-01 0.000000000000000000e+00 0.000000000000000000e+00 0.000000000000000000e+00 1.000000000000000000e+00
1.716365826415170670e+09 5.027971744537353516e+00 -6.541403532028198242e-01 8.287350535392761230e-01 0.000000000000000000e+00 0.000000000000000000e+00 0.000000000000000000e+00 1.000000000000000000e+00
1.716365826465143919e+09 4.984438896179199219e+00 -7.287881374359130859e-01 8.160724639892578125e-01 0.000000000000000000e+00 0.000000000000000000e+00 0.000000000000000000e+00 1.000000000000000000e+00
1.716365826515098333e+09 4.957256793975830078e+00 -8.062652349472045898e-01 8.016445040702819824e-01 0.000000000000000000e+00 0.000000000000000000e+00 0.000000000000000000e+00 1.000000000000000000e+00
1.716365826565703392e+09 4.930427074432373047e+00 -8.851888775825500488e-01 7.867618203163146973e-01 0.000000000000000000e+00 0.000000000000000000e+00 0.000000000000000000e+00 1.000000000000000000e+00
1.716365826665917873e+09 4.890277862548828125e+00 -9.632875323295592151e-01 7.740141749382019043e-01 0.000000000000000000e+00 0.000000000000000000e+00 0.000000000000000000e+00 1.000000000000000000e+00
1.716365826716008902e+09 4.863363265991210938e+00 -1.043884634971618874e+00 7.598044872283935547e-01 0.000000000000000000e+00 0.000000000000000000e+00 0.000000000000000000e+00 1.000000000000000000e+00
1.716365826766163349e+09 4.807942867279052734e+00 -1.203559279441833496e+00 7.348319888114929199e-01 0.000000000000000000e+00 0.000000000000000000e+00 0.000000000000000000e+00 1.000000000000000000e+00
1.716365826816308975e+09 4.780313968658447266e+00 -1.283488273620605691e+00 7.241499423980712891e-01 0.000000000000000000e+00 0.000000000000000000e+00 0.000000000000000000e+00 1.000000000000000000e+00
1.716365826866461754e+09 4.752737998962402344e+00 -1.366139411926269531e+00 7.150412797927856445e-01 0.000000000000000000e+00 0.000000000000000000e+00 0.000000000000000000e+00 1.000000000000000000e+00
1.716365826916621208e+09 4.724133491516113281e+00 -1.450657606124877930e+00 7.065909504890441895e-01 0.000000000000000000e+00 0.000000000000000000e+00 0.000000000000000000e+00 1.000000000000000000e+00
1.716365827016870260e+09 4.697553157806396484e+00 -1.535082459449768066e+00 7.012014389038085938e-01 0.000000000000000000e+00 0.000000000000000000e+00 0.000000000000000000e+00 1.000000000000000000e+00
1.716365827118082762e+09 4.642705917358398438e+00 -1.702812075614929199e+00 6.952924132347106934e-01 0.000000000000000000e+00 0.000000000000000000e+00 0.000000000000000000e+00 1.000000000000000000e+00
1.716365827167375565e+09 4.613117694854736328e+00 -1.792506217956542969e+00 6.950224637985229492e-01 0.000000000000000000e+00 0.000000000000000000e+00 0.000000000000000000e+00 1.000000000000000000e+00
1.716365827217403412e+09 4.595492839813232422e+00 -1.872173070907592773e+00 6.945118904113769531e-01 0.000000000000000000e+00 0.000000000000000000e+00 0.000000000000000000e+00 1.000000000000000000e+00
1.716365827268307209e+09 4.538534164428710938e+00 -2.040940761566162109e+00 7.004864215850830078e-01 0.000000000000000000e+00 0.000000000000000000e+00 0.000000000000000000e+00 1.000000000000000000e+00
1.716365827368039846e+09 4.480112075805664062e+00 -2.208944559097290039e+00 7.105339169502258301e-01 0.000000000000000000e+00 0.000000000000000000e+00 0.000000000000000000e+00 1.000000000000000000e+00
1.716365827418267250e+09 4.450630664825440341e+00 -2.292102098464965820e+00 7.169441580772399902e-01 0.000000000000000000e+00 0.000000000000000000e+00 0.000000000000000000e+00 1.000000000000000000e+00
1.716365827468473911e+09 4.420206069946289062e+00 -2.374135494232177734e+00 7.245272994041442871e-01 0.000000000000000000e+00 0.000000000000000000e+00 0.000000000000000000e+00 1.000000000000000000e+00
1.716365827518593788e+09 4.395232677459716797e+00 -2.459998846054077148e+00 7.324699163436889648e-01 0.000000000000000000e+00 0.000000000000000000e+00 0.000000000000000000e+00 1.000000000000000000e+00
1.716365827619192362e+09 4.332554340362548828e+00 -2.623749494552612305e+00 7.529503107070922852e-01 0.000000000000000000e+00 0.000000000000000000e+00 0.000000000000000000e+00 1.000000000000000000e+00
1.716365827669588327e+09 4.312834739685058594e+00 -2.714025259017944336e+00 7.624759078025817871e-01 0.000000000000000000e+00 0.000000000000000000e+00 0.000000000000000000e+00 1.000000000000000000e+00
1.716365827719674110e+09 4.279757022857666016e+00 -2.798498868942260742e+00 7.740746140480041504e-01 0.000000000000000000e+00 0.000000000000000000e+00 0.000000000000000000e+00 1.000000000000000000e+00
1.716365827769784689e+09 4.245860576629638672e+00 -2.881187438964844194e+00 7.849356532096862793e-01 0.000000000000000000e+00 0.000000000000000000e+00 0.000000000000000000e+00 1.000000000000000000e+00
1.716365827819931030e+09 4.211987495422363281e+00 -2.964475154876708984e+00 7.948223352432250977e-01 0.000000000000000000e+00 0.000000000000000000e+00 0.000000000000000000e+00 1.000000000000000000e+00
1.716365827920474529e+09 4.176975250244140625e+00 -3.046672344207764116e+00 8.043769001960754395e-01 0.000000000000000000e+00 0.000000000000000000e+00 0.000000000000000000e+00 1.000000000000000000e+00
1.716365827970792770e+09 4.126037120819091797e+00 -3.227502584457397017e+00 8.186020851135253906e-01 0.000000000000000000e+00 0.000000000000000000e+00 0.000000000000000000e+00 1.000000000000000000e+00
1.716365828020813942e+09 4.091343402862548828e+00 -3.309849500656127930e+00 8.260751366615295410e-01 0.000000000000000000e+00 0.000000000000000000e+00 0.000000000000000000e+00 1.000000000000000000e+00
1.716365828070985079e+09 4.053915500640869141e+00 -3.396366357803344727e+00 8.334308266639709473e-01 0.000000000000000000e+00 0.000000000000000000e+00 0.000000000000000000e+00 1.000000000000000000e+00
1.716365828171584845e+09 3.983516454696655273e+00 -3.563013315200805664e+00 8.456022739410400391e-01 0.000000000000000000e+00 0.000000000000000000e+00 0.000000000000000000e+00 1.000000000000000000e+00
1.716365828272299290e+09 3.969092845916748047e+00 -3.669032096862792969e+00 8.476455211639404297e-01 0.000000000000000000e+00 0.000000000000000000e+00 0.000000000000000000e+00 1.000000000000000000e+00
1.716365828322012186e+09 3.897283792495727983e+00 -3.843355417251586914e+00 8.563964366912841797e-01 0.000000000000000000e+00 0.000000000000000000e+00 0.000000000000000000e+00 1.000000000000000000e+00
1.716365828372669935e+09 3.859367609024047852e+00 -3.930142879486083984e+00 8.602340221405029297e-01 0.000000000000000000e+00 0.000000000000000000e+00 0.000000000000000000e+00 1.000000000000000000e+00
1.716365828422769308e+09 3.849842786788940874e+00 -4.046910762786865234e+00 8.590117096900939941e-01 0.000000000000000000e+00 0.000000000000000000e+00 0.000000000000000000e+00 1.000000000000000000e+00
1.716365828473283529e+09 3.813717126846313477e+00 -4.137580394744873047e+00 8.611983656883239746e-01 0.000000000000000000e+00 0.000000000000000000e+00 0.000000000000000000e+00 1.000000000000000000e+00
1.716365828523458004e+09 3.774134874343872070e+00 -4.225239753723144531e+00 8.620519042015075684e-01 0.000000000000000000e+00 0.000000000000000000e+00 0.000000000000000000e+00 1.000000000000000000e+00
1.716365828575484514e+09 3.740554571151732954e+00 -4.320153236389160156e+00 8.602964282035827637e-01 0.000000000000000000e+00 0.000000000000000000e+00 0.000000000000000000e+00 1.000000000000000000e+00
1.716365828623828411e+09 3.704638004302978516e+00 -4.411284446716308594e+00 8.581755161285400391e-01 0.000000000000000000e+00 0.000000000000000000e+00 0.000000000000000000e+00 1.000000000000000000e+00
1.716365828675828457e+09 3.701276063919067383e+00 -4.542006492614746094e+00 8.489787578582763672e-01 0.000000000000000000e+00 0.000000000000000000e+00 0.000000000000000000e+00 1.000000000000000000e+00
1.716365828724267006e+09 3.663544654846191850e+00 -4.629794597625732422e+00 8.449503779411315918e-01 0.000000000000000000e+00 0.000000000000000000e+00 0.000000000000000000e+00 1.000000000000000000e+00
1.716365828774247646e+09 3.627268314361571822e+00 -4.719880580902099609e+00 8.398259878158569336e-01 0.000000000000000000e+00 0.000000000000000000e+00 0.000000000000000000e+00 1.000000000000000000e+00
1.716365828824378014e+09 3.591583251953125000e+00 -4.820318222045898438e+00 8.325577378273010254e-01 0.000000000000000000e+00 0.000000000000000000e+00 0.000000000000000000e+00 1.000000000000000000e+00
1.716365828874749660e+09 3.588163137435913086e+00 -4.953305721282958984e+00 8.189741969108581543e-01 0.000000000000000000e+00 0.000000000000000000e+00 0.000000000000000000e+00 1.000000000000000000e+00
1.716365828926039457e+09 3.555355548858642578e+00 -5.045998096466064453e+00 8.098999857902526855e-01 0.000000000000000000e+00 0.000000000000000000e+00 0.000000000000000000e+00 1.000000000000000000e+00
1.716365828975455999e+09 3.524323701858520508e+00 -5.146958351135253906e+00 7.991255521774291992e-01 0.000000000000000000e+00 0.000000000000000000e+00 0.000000000000000000e+00 1.000000000000000000e+00
1.716365829025434732e+09 3.487746715545654297e+00 -5.237106323242188388e+00 7.891716957092285156e-01 0.000000000000000000e+00 0.000000000000000000e+00 0.000000000000000000e+00 1.000000000000000000e+00
1.716365829075661421e+09 3.475037574768066406e+00 -5.359226226806640625e+00 7.755211591720581055e-01 0.000000000000000000e+00 0.000000000000000000e+00 0.000000000000000000e+00 1.000000000000000000e+00
1.716365829125806808e+09 3.455877780914306197e+00 -5.470211982727050781e+00 7.632051706314086914e-01 0.000000000000000000e+00 0.000000000000000000e+00 0.000000000000000000e+00 1.000000000000000000e+00
1.716365829176249504e+09 3.431741237640380859e+00 -5.571747303009033203e+00 7.534710764884948730e-01 0.000000000000000000e+00 0.000000000000000000e+00 0.000000000000000000e+00 1.000000000000000000e+00
1.716365829226564407e+09 3.408372402191162109e+00 -5.672129631042480469e+00 7.458952665328979492e-01 0.000000000000000000e+00 0.000000000000000000e+00 0.000000000000000000e+00 1.000000000000000000e+00
1.716365829277058601e+09 3.382161378860473633e+00 -5.766516208648681641e+00 7.401652336120605469e-01 0.000000000000000000e+00 0.000000000000000000e+00 0.000000000000000000e+00 1.000000000000000000e+00
1.716365829326904774e+09 3.358803987503052202e+00 -5.864254474639892578e+00 7.347754240036010742e-01 0.000000000000000000e+00 0.000000000000000000e+00 0.000000000000000000e+00 1.000000000000000000e+00
1.716365829377037764e+09 3.334667444229125977e+00 -5.961831569671630859e+00 7.310349345207214355e-01 0.000000000000000000e+00 0.000000000000000000e+00 0.000000000000000000e+00 1.000000000000000000e+00
1.716365829427417040e+09 3.310487031936645064e+00 -6.051935195922851562e+00 7.286795377731323242e-01 0.000000000000000000e+00 0.000000000000000000e+00 0.000000000000000000e+00 1.000000000000000000e+00
1.716365829879493475e+09 3.203503608703613281e+00 -6.941020488739013672e+00 7.332950830459594727e-01 0.000000000000000000e+00 0.000000000000000000e+00 0.000000000000000000e+00 1.000000000000000000e+00
1.716365829929721594e+09 3.191019296646118164e+00 -7.024660587310791016e+00 7.386844754219055176e-01 0.000000000000000000e+00 0.000000000000000000e+00 0.000000000000000000e+00 1.000000000000000000e+00
1.716365829979761362e+09 3.186031579971313032e+00 -7.118810176849365234e+00 7.429079413414001465e-01 0.000000000000000000e+00 0.000000000000000000e+00 0.000000000000000000e+00 1.000000000000000000e+00
1.716365830030086040e+09 3.178867816925048828e+00 -7.201678276062011719e+00 7.482374906539916992e-01 0.000000000000000000e+00 0.000000000000000000e+00 0.000000000000000000e+00 1.000000000000000000e+00
1.716365830331295252e+09 3.191594600677490234e+00 -7.661991596221923828e+00 7.753593325614929199e-01 0.000000000000000000e+00 0.000000000000000000e+00 0.000000000000000000e+00 1.000000000000000000e+00
1.716365830381732464e+09 3.188809156417846680e+00 -7.780613899230957031e+00 7.896968126296997070e-01 0.000000000000000000e+00 0.000000000000000000e+00 0.000000000000000000e+00 1.000000000000000000e+00
1.716365830431561947e+09 3.188764095306396484e+00 -7.832210063934326172e+00 7.969659566879272461e-01 0.000000000000000000e+00 0.000000000000000000e+00 0.000000000000000000e+00 1.000000000000000000e+00
1.716365830532284498e+09 3.206794500350952148e+00 -7.925997257232666016e+00 8.017861843109130859e-01 0.000000000000000000e+00 0.000000000000000000e+00 0.000000000000000000e+00 1.000000000000000000e+00
1.716365830588156223e+09 3.211198091506958008e+00 -7.979009151458740234e+00 8.101064562797546387e-01 0.000000000000000000e+00 0.000000000000000000e+00 0.000000000000000000e+00 1.000000000000000000e+00
1.716365830632683277e+09 3.230190753936768022e+00 -8.062640190124511719e+00 8.157523870468139648e-01 0.000000000000000000e+00 0.000000000000000000e+00 0.000000000000000000e+00 1.000000000000000000e+00
1.716365830688156843e+09 3.244385719299316406e+00 -8.123456001281738281e+00 8.231716156005859375e-01 0.000000000000000000e+00 0.000000000000000000e+00 0.000000000000000000e+00 1.000000000000000000e+00
1.716365830733022213e+09 3.260828495025634766e+00 -8.183328628540039062e+00 8.303651213645935059e-01 0.000000000000000000e+00 0.000000000000000000e+00 0.000000000000000000e+00 1.000000000000000000e+00
1.716365830783164740e+09 3.278280496597290039e+00 -8.242650985717773438e+00 8.498912453651428223e-01 0.000000000000000000e+00 0.000000000000000000e+00 0.000000000000000000e+00 1.000000000000000000e+00
1.716365830883606672e+09 3.309609889984130859e+00 -8.319069862365722656e+00 8.553426265716552734e-01 0.000000000000000000e+00 0.000000000000000000e+00 0.000000000000000000e+00 1.000000000000000000e+00
1.716365831185201883e+09 3.493474483489990234e+00 -8.589073181152343750e+00 9.076726436614990234e-01 0.000000000000000000e+00 0.000000000000000000e+00 0.000000000000000000e+00 1.000000000000000000e+00
1.716365831235085487e+09 3.531485795974731445e+00 -8.633449554443359375e+00 9.132640361785887562e-01 0.000000000000000000e+00 0.000000000000000000e+00 0.000000000000000000e+00 1.000000000000000000e+00
1.716365831285320044e+09 3.565001964569091797e+00 -8.660179138183593750e+00 9.196454286575316273e-01 0.000000000000000000e+00 0.000000000000000000e+00 0.000000000000000000e+00 1.000000000000000000e+00
1.716365831335587025e+09 3.600790023803710938e+00 -8.689088821411132812e+00 9.248953461647033691e-01 0.000000000000000000e+00 0.000000000000000000e+00 0.000000000000000000e+00 1.000000000000000000e+00
1.716365831385721684e+09 3.674690246582031250e+00 -8.741297721862792969e+00 9.337562918663023792e-01 0.000000000000000000e+00 0.000000000000000000e+00 0.000000000000000000e+00 1.000000000000000000e+00
1.716365831486078501e+09 3.725552082061768022e+00 -8.793871879577636719e+00 9.355272054672240101e-01 0.000000000000000000e+00 0.000000000000000000e+00 0.000000000000000000e+00 1.000000000000000000e+00
1.716365831536256313e+09 3.764237403869628906e+00 -8.812434196472167969e+00 9.385904669761657715e-01 0.000000000000000000e+00 0.000000000000000000e+00 0.000000000000000000e+00 1.000000000000000000e+00
1.716365831586478710e+09 3.804427623748779297e+00 -8.827966690063476562e+00 9.398791193962096058e-01 0.000000000000000000e+00 0.000000000000000000e+00 0.000000000000000000e+00 1.000000000000000000e+00
1.716365831636706352e+09 3.845490932464600053e+00 -8.844113349914550781e+00 9.413482546806335449e-01 0.000000000000000000e+00 0.000000000000000000e+00 0.000000000000000000e+00 1.000000000000000000e+00
1.716365831687034845e+09 3.893594264984130859e+00 -8.867968559265136719e+00 9.423520565032960095e-01 0.000000000000000000e+00 0.000000000000000000e+00 0.000000000000000000e+00 1.000000000000000000e+00
1.716365831787374735e+09 3.947083950042724609e+00 -8.904543876647949219e+00 9.417970776557922363e-01 0.000000000000000000e+00 0.000000000000000000e+00 0.000000000000000000e+00 1.000000000000000000e+00
1.716365831837368488e+09 4.038747310638427734e+00 -8.925017356872558594e+00 9.430519938468931995e-01 0.000000000000000000e+00 0.000000000000000000e+00 0.000000000000000000e+00 1.000000000000000000e+00
1.716365831937729597e+09 4.087964057922363281e+00 -8.936754226684570312e+00 9.433928728103637695e-01 0.000000000000000000e+00 0.000000000000000000e+00 0.000000000000000000e+00 1.000000000000000000e+00
1.716365831988049984e+09 4.199153900146484375e+00 -8.977991104125976562e+00 9.430887103080749512e-01 0.000000000000000000e+00 0.000000000000000000e+00 0.000000000000000000e+00 1.000000000000000000e+00
1.716365832038206100e+09 4.249808788299560547e+00 -8.984077453613281250e+00 9.436233639717102051e-01 0.000000000000000000e+00 0.000000000000000000e+00 0.000000000000000000e+00 1.000000000000000000e+00
1.716365832088545799e+09 4.301891326904296875e+00 -8.989266395568847656e+00 9.440604448318480335e-01 0.000000000000000000e+00 0.000000000000000000e+00 0.000000000000000000e+00 1.000000000000000000e+00
1.716365832239473343e+09 4.477252960205078125e+00 -9.027552604675291192e+00 9.454133510589599609e-01 0.000000000000000000e+00 0.000000000000000000e+00 0.000000000000000000e+00 1.000000000000000000e+00
1.716365832289906025e+09 4.533169269561767578e+00 -9.031097412109376776e+00 9.472513794898987927e-01 0.000000000000000000e+00 0.000000000000000000e+00 0.000000000000000000e+00 1.000000000000000000e+00
1.716365832340837717e+09 4.590412139892578125e+00 -9.033726692199708808e+00 9.494255185127258301e-01 0.000000000000000000e+00 0.000000000000000000e+00 0.000000000000000000e+00 1.000000000000000000e+00
1.716365832390279055e+09 4.661506652832031250e+00 -9.060407638549804688e+00 9.502877593040466309e-01 0.000000000000000000e+00 0.000000000000000000e+00 0.000000000000000000e+00 1.000000000000000000e+00
1.716365832440778971e+09 4.720197677612304688e+00 -9.061783790588380683e+00 9.535155892372132458e-01 0.000000000000000000e+00 0.000000000000000000e+00 0.000000000000000000e+00 1.000000000000000000e+00
1.716365832490659475e+09 4.778928279876708984e+00 -9.061730384826660156e+00 9.570714235305786133e-01 0.000000000000000000e+00 0.000000000000000000e+00 0.000000000000000000e+00 1.000000000000000000e+00
1.716365832540815115e+09 4.841416358947753906e+00 -9.058299064636230469e+00 9.617556929588317871e-01 0.000000000000000000e+00 0.000000000000000000e+00 0.000000000000000000e+00 1.000000000000000000e+00
1.716365832641501427e+09 4.976382255554199219e+00 -9.088163375854492188e+00 9.693261384963988148e-01 0.000000000000000000e+00 0.000000000000000000e+00 0.000000000000000000e+00 1.000000000000000000e+00
1.716365832691677094e+09 5.039376258850097656e+00 -9.086890220642089844e+00 9.745017290115356445e-01 0.000000000000000000e+00 0.000000000000000000e+00 0.000000000000000000e+00 1.000000000000000000e+00
1.716365832743654728e+09 5.102544784545898438e+00 -9.085217475891111505e+00 9.805082082748411976e-01 0.000000000000000000e+00 0.000000000000000000e+00 0.000000000000000000e+00 1.000000000000000000e+00
1.716365832792359591e+09 5.166005134582520419e+00 -9.083022117614746094e+00 9.864211678504943848e-01 0.000000000000000000e+00 0.000000000000000000e+00 0.000000000000000000e+00 1.000000000000000000e+00
1.716365832842334270e+09 5.245484828948974609e+00 -9.108153343200683594e+00 9.911993145942687988e-01 0.000000000000000000e+00 0.000000000000000000e+00 0.000000000000000000e+00 1.000000000000000000e+00
1.716365832892822027e+09 5.310079097747802734e+00 -9.105794906616212714e+00 9.980502128601074219e-01 0.000000000000000000e+00 0.000000000000000000e+00 0.000000000000000000e+00 1.000000000000000000e+00
1.716365832943085194e+09 5.376401901245117188e+00 -9.105557441711425781e+00 1.005275726318359375e+00 0.000000000000000000e+00 0.000000000000000000e+00 0.000000000000000000e+00 1.000000000000000000e+00
1.716365832993675947e+09 5.442995071411132812e+00 -9.103636741638183594e+00 1.012773394584655762e+00 0.000000000000000000e+00 0.000000000000000000e+00 0.000000000000000000e+00 1.000000000000000000e+00
1.716365833043464184e+09 5.510564327239990234e+00 -9.101910591125488281e+00 1.020197987556457520e+00 0.000000000000000000e+00 0.000000000000000000e+00 0.000000000000000000e+00 1.000000000000000000e+00
1.716365833093585968e+09 5.596173763275146484e+00 -9.127383232116699219e+00 1.025705456733703613e+00 0.000000000000000000e+00 0.000000000000000000e+00 0.000000000000000000e+00 1.000000000000000000e+00
1.716365833143789768e+09 5.665215969085693359e+00 -9.125082969665527344e+00 1.032005190849304199e+00 0.000000000000000000e+00 0.000000000000000000e+00 0.000000000000000000e+00 1.000000000000000000e+00
1.716365833193616629e+09 5.734230041503906250e+00 -9.122400283813476562e+00 1.038315653800964355e+00 0.000000000000000000e+00 0.000000000000000000e+00 0.000000000000000000e+00 1.000000000000000000e+00
1.716365833243903160e+09 5.822572231292724609e+00 -9.150820732116699219e+00 1.042778372764587402e+00 0.000000000000000000e+00 0.000000000000000000e+00 0.000000000000000000e+00 1.000000000000000000e+00
1.716365833294646740e+09 5.893002510070800781e+00 -9.148802757263183594e+00 1.048923254013061523e+00 0.000000000000000000e+00 0.000000000000000000e+00 0.000000000000000000e+00 1.000000000000000000e+00
1.716365833344152689e+09 5.963970184326171875e+00 -9.148392677307127130e+00 1.054543375968933105e+00 0.000000000000000000e+00 0.000000000000000000e+00 0.000000000000000000e+00 1.000000000000000000e+00
1.716365833394478321e+09 6.034607887268066406e+00 -9.146535873413085938e+00 1.058631539344787598e+00 0.000000000000000000e+00 0.000000000000000000e+00 0.000000000000000000e+00 1.000000000000000000e+00
1.716365833444714546e+09 6.127274990081787109e+00 -9.178787231445312500e+00 1.060105681419372559e+00 0.000000000000000000e+00 0.000000000000000000e+00 0.000000000000000000e+00 1.000000000000000000e+00
1.716365833495164633e+09 6.195544719696044922e+00 -9.181234359741212714e+00 1.061388254165649414e+00 0.000000000000000000e+00 0.000000000000000000e+00 0.000000000000000000e+00 1.000000000000000000e+00
1.716365833545314312e+09 6.267087936401367188e+00 -9.182255744934082031e+00 1.061164975166320801e+00 0.000000000000000000e+00 0.000000000000000000e+00 0.000000000000000000e+00 1.000000000000000000e+00
1.716365833596109867e+09 6.338293552398681641e+00 -9.181834220886230469e+00 1.059067249298095703e+00 0.000000000000000000e+00 0.000000000000000000e+00 0.000000000000000000e+00 1.000000000000000000e+00
1.716365833696409225e+09 6.503408908843994141e+00 -9.221151351928712714e+00 1.049525618553161621e+00 0.000000000000000000e+00 0.000000000000000000e+00 0.000000000000000000e+00 1.000000000000000000e+00
1.716365834048007488e+09 7.032086372375488281e+00 -9.301792144775390625e+00 9.914599061012268066e-01 0.000000000000000000e+00 0.000000000000000000e+00 0.000000000000000000e+00 1.000000000000000000e+00
1.716365834098512888e+09 7.104575157165527344e+00 -9.311501502990724433e+00 9.803153872489928089e-01 0.000000000000000000e+00 0.000000000000000000e+00 0.000000000000000000e+00 1.000000000000000000e+00
1.716365834148816586e+09 7.206895351409912109e+00 -9.359703063964843750e+00 9.665726423263549805e-01 0.000000000000000000e+00 0.000000000000000000e+00 0.000000000000000000e+00 1.000000000000000000e+00
1.716365834198405266e+09 7.275049686431884766e+00 -9.367119789123535156e+00 9.554826021194458008e-01 0.000000000000000000e+00 0.000000000000000000e+00 0.000000000000000000e+00 1.000000000000000000e+00
1.716365834248675346e+09 7.342304229736328125e+00 -9.378791809082031250e+00 9.444876909255980335e-01 0.000000000000000000e+00 0.000000000000000000e+00 0.000000000000000000e+00 1.000000000000000000e+00
1.716365834298919439e+09 7.411401271820068359e+00 -9.388763427734376776e+00 9.332534074783324085e-01 0.000000000000000000e+00 0.000000000000000000e+00 0.000000000000000000e+00 1.000000000000000000e+00
1.716365834349263906e+09 7.513579845428466797e+00 -9.441142082214355469e+00 9.203504323959351696e-01 0.000000000000000000e+00 0.000000000000000000e+00 0.000000000000000000e+00 1.000000000000000000e+00
1.716365834399096727e+09 7.584357738494873047e+00 -9.454461097717283380e+00 9.102241396903991699e-01 0.000000000000000000e+00 0.000000000000000000e+00 0.000000000000000000e+00 1.000000000000000000e+00
1.716365834449369669e+09 7.654274463653564453e+00 -9.470915794372560370e+00 9.017798900604248047e-01 0.000000000000000000e+00 0.000000000000000000e+00 0.000000000000000000e+00 1.000000000000000000e+00
1.716365834499865055e+09 7.723126888275145596e+00 -9.486771583557127130e+00 8.939077258110046387e-01 0.000000000000000000e+00 0.000000000000000000e+00 0.000000000000000000e+00 1.000000000000000000e+00
1.716365834550239086e+09 7.788857460021972656e+00 -9.501148223876951349e+00 8.867859840393066406e-01 0.000000000000000000e+00 0.000000000000000000e+00 0.000000000000000000e+00 1.000000000000000000e+00
1.716365834601170778e+09 7.889753818511962891e+00 -9.560201644897459161e+00 8.779699206352233887e-01 0.000000000000000000e+00 0.000000000000000000e+00 0.000000000000000000e+00 1.000000000000000000e+00
1.716365834851033688e+09 8.287523269653320312e+00 -9.724309921264648438e+00 8.554701209068298340e-01 0.000000000000000000e+00 0.000000000000000000e+00 0.000000000000000000e+00 1.000000000000000000e+00
1.716365835403942347e+09 8.891582489013671875e+00 -1.012144660949707031e+01 8.731299638748168945e-01 0.000000000000000000e+00 0.000000000000000000e+00 0.000000000000000000e+00 1.000000000000000000e+00
1.716365835454172134e+09 8.937151908874511719e+00 -1.015215873718261541e+01 8.754147887229919434e-01 0.000000000000000000e+00 0.000000000000000000e+00 0.000000000000000000e+00 1.000000000000000000e+00
1.716365835504223347e+09 9.073088645935060370e+00 -1.026449584960937678e+01 8.753700256347656250e-01 0.000000000000000000e+00 0.000000000000000000e+00 0.000000000000000000e+00 1.000000000000000000e+00
1.716365835604516029e+09 9.119191169738769531e+00 -1.029853153228759766e+01 8.750486969947814941e-01 0.000000000000000000e+00 0.000000000000000000e+00 0.000000000000000000e+00 1.000000000000000000e+00
1.716365835654782057e+09 9.163329124450683594e+00 -1.033292102813720881e+01 8.740844130516052246e-01 0.000000000000000000e+00 0.000000000000000000e+00 0.000000000000000000e+00 1.000000000000000000e+00
1.716365835704703808e+09 9.242985725402832031e+00 -1.040784645080566406e+01 8.697147369384765625e-01 0.000000000000000000e+00 0.000000000000000000e+00 0.000000000000000000e+00 1.000000000000000000e+00
1.716365835755154848e+09 9.328271865844728339e+00 -1.047357463836669922e+01 8.626521229743957520e-01 0.000000000000000000e+00 0.000000000000000000e+00 0.000000000000000000e+00 1.000000000000000000e+00
1.716365835805226564e+09 9.372749328613279474e+00 -1.050740146636962713e+01 8.579661250114440918e-01 0.000000000000000000e+00 0.000000000000000000e+00 0.000000000000000000e+00 1.000000000000000000e+00
1.716365835905833006e+09 9.452408790588380683e+00 -1.058074951171875000e+01 8.502941131591796875e-01 0.000000000000000000e+00 0.000000000000000000e+00 0.000000000000000000e+00 1.000000000000000000e+00
1.716365835955901146e+09 9.497611045837402344e+00 -1.061522674560546875e+01 8.452414870262145996e-01 0.000000000000000000e+00 0.000000000000000000e+00 0.000000000000000000e+00 1.000000000000000000e+00
1.716365836006202698e+09 9.582786560058593750e+00 -1.067679405212402344e+01 8.360857367515563965e-01 0.000000000000000000e+00 0.000000000000000000e+00 0.000000000000000000e+00 1.000000000000000000e+00
1.716365836106802940e+09 9.664451599121093750e+00 -1.075098800659179688e+01 8.284587860107421875e-01 0.000000000000000000e+00 0.000000000000000000e+00 0.000000000000000000e+00 1.000000000000000000e+00
1.716365836156888485e+09 9.706376075744627130e+00 -1.078168296813964844e+01 8.241982460021972656e-01 0.000000000000000000e+00 0.000000000000000000e+00 0.000000000000000000e+00 1.000000000000000000e+00
1.716365836206832886e+09 9.751182556152343750e+00 -1.081654357910156250e+01 8.205101490020751953e-01 0.000000000000000000e+00 0.000000000000000000e+00 0.000000000000000000e+00 1.000000000000000000e+00
1.716365836307324171e+09 9.869251251220703125e+00 -1.091984653472900391e+01 8.124587535858154297e-01 0.000000000000000000e+00 0.000000000000000000e+00 0.000000000000000000e+00 1.000000000000000000e+00
1.716365836408252478e+09 9.954857826232910156e+00 -1.098670387268066406e+01 8.103441596031188965e-01 0.000000000000000000e+00 0.000000000000000000e+00 0.000000000000000000e+00 1.000000000000000000e+00
1.716365836458106995e+09 9.992825508117675781e+00 -1.101448726654052734e+01 8.111938238143920898e-01 0.000000000000000000e+00 0.000000000000000000e+00 0.000000000000000000e+00 1.000000000000000000e+00
1.716365836508081913e+09 1.003623104095458984e+01 -1.104821395874023438e+01 8.132539987564086914e-01 0.000000000000000000e+00 0.000000000000000000e+00 0.000000000000000000e+00 1.000000000000000000e+00
1.716365836558474302e+09 1.011179733276367188e+01 -1.111757659912109375e+01 8.144705295562744141e-01 0.000000000000000000e+00 0.000000000000000000e+00 0.000000000000000000e+00 1.000000000000000000e+00
1.716365836658864737e+09 1.023295879364013672e+01 -1.121381092071533203e+01 8.280426263809204102e-01 0.000000000000000000e+00 0.000000000000000000e+00 0.000000000000000000e+00 1.000000000000000000e+00
1.716365836759472370e+09 1.030421924591064453e+01 -1.128179931640625000e+01 8.319720029830932617e-01 0.000000000000000000e+00 0.000000000000000000e+00 0.000000000000000000e+00 1.000000000000000000e+00
1.716365836809941292e+09 1.034225940704345525e+01 -1.131380558013916016e+01 8.377726078033447266e-01 0.000000000000000000e+00 0.000000000000000000e+00 0.000000000000000000e+00 1.000000000000000000e+00
1.716365836860188007e+09 1.038066768646240234e+01 -1.134545707702636719e+01 8.434070348739624023e-01 0.000000000000000000e+00 0.000000000000000000e+00 0.000000000000000000e+00 1.000000000000000000e+00
1.716365836910305738e+09 1.041567420959472834e+01 -1.137343025207519531e+01 8.490791320800781250e-01 0.000000000000000000e+00 0.000000000000000000e+00 0.000000000000000000e+00 1.000000000000000000e+00
1.716365837010649920e+09 1.052657413482666016e+01 -1.147448921203613281e+01 8.567686080932617188e-01 0.000000000000000000e+00 0.000000000000000000e+00 0.000000000000000000e+00 1.000000000000000000e+00
1.716365837060926914e+09 1.056310367584228338e+01 -1.150635528564453125e+01 8.602703809738159180e-01 0.000000000000000000e+00 0.000000000000000000e+00 0.000000000000000000e+00 1.000000000000000000e+00
1.716365837161556244e+09 1.063815879821777166e+01 -1.157626152038574219e+01 8.647637367248535156e-01 0.000000000000000000e+00 0.000000000000000000e+00 0.000000000000000000e+00 1.000000000000000000e+00
1.716365837211351395e+09 1.067442035675048828e+01 -1.161095142364501953e+01 8.658031225204467773e-01 0.000000000000000000e+00 0.000000000000000000e+00 0.000000000000000000e+00 1.000000000000000000e+00
1.716365837261417389e+09 1.074590396881103516e+01 -1.168382835388183594e+01 8.646005988121032715e-01 0.000000000000000000e+00 0.000000000000000000e+00 0.000000000000000000e+00 1.000000000000000000e+00
1.716365837311889410e+09 1.081517314910888850e+01 -1.175067138671875000e+01 8.651162385940551758e-01 0.000000000000000000e+00 0.000000000000000000e+00 0.000000000000000000e+00 1.000000000000000000e+00
1.716365837412074327e+09 1.085049724578857422e+01 -1.178619575500488459e+01 8.657101988792419434e-01 0.000000000000000000e+00 0.000000000000000000e+00 0.000000000000000000e+00 1.000000000000000000e+00
1.716365837463397264e+09 1.091290187835693359e+01 -1.185249900817871271e+01 8.651925921440124512e-01 0.000000000000000000e+00 0.000000000000000000e+00 0.000000000000000000e+00 1.000000000000000000e+00
1.716365837512369156e+09 1.094435691833495916e+01 -1.188618564605712713e+01 8.666210770606994629e-01 0.000000000000000000e+00 0.000000000000000000e+00 0.000000000000000000e+00 1.000000000000000000e+00
1.716365837563939571e+09 1.100568199157714844e+01 -1.195371246337890625e+01 8.706185221672058105e-01 0.000000000000000000e+00 0.000000000000000000e+00 0.000000000000000000e+00 1.000000000000000000e+00
1.716365837663218021e+09 1.106542015075683594e+01 -1.202273464202880859e+01 8.753809332847595215e-01 0.000000000000000000e+00 0.000000000000000000e+00 0.000000000000000000e+00 1.000000000000000000e+00
1.716365837763503551e+09 1.115037918090820312e+01 -1.212301158905029119e+01 8.816706538200378418e-01 0.000000000000000000e+00 0.000000000000000000e+00 0.000000000000000000e+00 1.000000000000000000e+00
1.716365837814181328e+09 1.118074226379394354e+01 -1.216056823730468750e+01 8.862841725349426270e-01 0.000000000000000000e+00 0.000000000000000000e+00 0.000000000000000000e+00 1.000000000000000000e+00
1.716365837914870501e+09 1.120842647552490234e+01 -1.219525623321533203e+01 8.931316733360290527e-01 0.000000000000000000e+00 0.000000000000000000e+00 0.000000000000000000e+00 1.000000000000000000e+00
1.716365837965255022e+09 1.129055213928222834e+01 -1.229423046112060369e+01 9.036833643913267933e-01 0.000000000000000000e+00 0.000000000000000000e+00 0.000000000000000000e+00 1.000000000000000000e+00
1.716365838015327454e+09 1.131688308715820312e+01 -1.232471466064453125e+01 9.106407165527343750e-01 0.000000000000000000e+00 0.000000000000000000e+00 0.000000000000000000e+00 1.000000000000000000e+00
1.716365838065574408e+09 1.134015083312988459e+01 -1.235396575927734375e+01 9.184190034866331898e-01 0.000000000000000000e+00 0.000000000000000000e+00 0.000000000000000000e+00 1.000000000000000000e+00
1.716365838116062403e+09 1.136638450622558594e+01 -1.238187217712402344e+01 9.267669916152954102e-01 0.000000000000000000e+00 0.000000000000000000e+00 0.000000000000000000e+00 1.000000000000000000e+00
1.716365838166593313e+09 1.141713428497314453e+01 -1.243615245819091797e+01 9.349676370620727539e-01 0.000000000000000000e+00 0.000000000000000000e+00 0.000000000000000000e+00 1.000000000000000000e+00
1.716365838216435671e+09 1.144238090515136719e+01 -1.246226406097411932e+01 9.440449476242064319e-01 0.000000000000000000e+00 0.000000000000000000e+00 0.000000000000000000e+00 1.000000000000000000e+00
1.716365838266704321e+09 1.146664524078369141e+01 -1.248654460906982422e+01 9.529368877410887562e-01 0.000000000000000000e+00 0.000000000000000000e+00 0.000000000000000000e+00 1.000000000000000000e+00
1.716365838367249966e+09 1.151313972473144354e+01 -1.253520870208740234e+01 9.613932967185974121e-01 0.000000000000000000e+00 0.000000000000000000e+00 0.000000000000000000e+00 1.000000000000000000e+00
1.716365838417510509e+09 1.155980205535888850e+01 -1.257727432250976562e+01 9.787163734436036266e-01 0.000000000000000000e+00 0.000000000000000000e+00 0.000000000000000000e+00 1.000000000000000000e+00
1.716365838467802048e+09 1.158441829681396484e+01 -1.259709262847900391e+01 9.868937134742735706e-01 0.000000000000000000e+00 0.000000000000000000e+00 0.000000000000000000e+00 1.000000000000000000e+00
1.716365838568003893e+09 1.163174724578857422e+01 -1.263023185729980469e+01 1.001403331756591797e+00 0.000000000000000000e+00 0.000000000000000000e+00 0.000000000000000000e+00 1.000000000000000000e+00
1.716365838668391943e+09 1.169884967803955078e+01 -1.267631626129150391e+01 1.013648152351379395e+00 0.000000000000000000e+00 0.000000000000000000e+00 0.000000000000000000e+00 1.000000000000000000e+00
1.716365838718583107e+09 1.172610855102539062e+01 -1.268949699401855646e+01 1.019852876663208008e+00 0.000000000000000000e+00 0.000000000000000000e+00 0.000000000000000000e+00 1.000000000000000000e+00
1.716365838818950653e+09 1.177885627746582031e+01 -1.271196079254150391e+01 1.031078219413757102e+00 0.000000000000000000e+00 0.000000000000000000e+00 0.000000000000000000e+00 1.000000000000000000e+00
1.716365838919446945e+09 1.184617137908935547e+01 -1.274670886993408203e+01 1.040322661399841309e+00 0.000000000000000000e+00 0.000000000000000000e+00 0.000000000000000000e+00 1.000000000000000000e+00
1.716365839019908905e+09 1.189727210998535156e+01 -1.275952243804931641e+01 1.047659635543823242e+00 0.000000000000000000e+00 0.000000000000000000e+00 0.000000000000000000e+00 1.000000000000000000e+00
1.716365839170515776e+09 1.198758220672607422e+01 -1.279052925109863281e+01 1.059905409812927246e+00 0.000000000000000000e+00 0.000000000000000000e+00 0.000000000000000000e+00 1.000000000000000000e+00
1.716365839220659494e+09 1.201321697235107422e+01 -1.279544830322265625e+01 1.064947724342346191e+00 0.000000000000000000e+00 0.000000000000000000e+00 0.000000000000000000e+00 1.000000000000000000e+00
1.716365839271472454e+09 1.203916168212890625e+01 -1.279866790771484375e+01 1.069553375244140625e+00 0.000000000000000000e+00 0.000000000000000000e+00 0.000000000000000000e+00 1.000000000000000000e+00
1.716365839371439457e+09 1.211026668548583984e+01 -1.281982040405273438e+01 1.075958728790283203e+00 0.000000000000000000e+00 0.000000000000000000e+00 0.000000000000000000e+00 1.000000000000000000e+00
1.716365839421469212e+09 1.213871002197265625e+01 -1.282190418243408203e+01 1.078199505805969238e+00 0.000000000000000000e+00 0.000000000000000000e+00 0.000000000000000000e+00 1.000000000000000000e+00
1.716365839474800825e+09 1.218280220031738459e+01 -1.283942127227783203e+01 1.079727411270141602e+00 0.000000000000000000e+00 0.000000000000000000e+00 0.000000000000000000e+00 1.000000000000000000e+00
1.716365839521957159e+09 1.221218204498291016e+01 -1.284052753448486328e+01 1.081116557121276855e+00 0.000000000000000000e+00 0.000000000000000000e+00 0.000000000000000000e+00 1.000000000000000000e+00
1.716365839572202206e+09 1.224203491210937678e+01 -1.284112644195556641e+01 1.081779479980468750e+00 0.000000000000000000e+00 0.000000000000000000e+00 0.000000000000000000e+00 1.000000000000000000e+00
1.716365839622323036e+09 1.227202987670898438e+01 -1.284292888641357422e+01 1.082126855850219505e+00 0.000000000000000000e+00 0.000000000000000000e+00 0.000000000000000000e+00 1.000000000000000000e+00
1.716365839673263550e+09 1.231591796875000000e+01 -1.285768890380859375e+01 1.081867218017577903e+00 0.000000000000000000e+00 0.000000000000000000e+00 0.000000000000000000e+00 1.000000000000000000e+00
1.716365839772916555e+09 1.237786197662353516e+01 -1.285919380187988459e+01 1.080867886543273926e+00 0.000000000000000000e+00 0.000000000000000000e+00 0.000000000000000000e+00 1.000000000000000000e+00
1.716365839823163033e+09 1.240743160247802734e+01 -1.286263561248779119e+01 1.080450057983398438e+00 0.000000000000000000e+00 0.000000000000000000e+00 0.000000000000000000e+00 1.000000000000000000e+00
1.716365839923602104e+09 1.243656063079833984e+01 -1.286645030975341797e+01 1.079219579696655273e+00 0.000000000000000000e+00 0.000000000000000000e+00 0.000000000000000000e+00 1.000000000000000000e+00
1.716365839973936081e+09 1.248276901245117188e+01 -1.288847160339355646e+01 1.076752185821533203e+00 0.000000000000000000e+00 0.000000000000000000e+00 0.000000000000000000e+00 1.000000000000000000e+00
1.716365840023981094e+09 1.251208496093750000e+01 -1.289339637756347656e+01 1.073879361152648926e+00 0.000000000000000000e+00 0.000000000000000000e+00 0.000000000000000000e+00 1.000000000000000000e+00
1.716365840074429035e+09 1.257087421417236328e+01 -1.290433597564697266e+01 1.065676093101501687e+00 0.000000000000000000e+00 0.000000000000000000e+00 0.000000000000000000e+00 1.000000000000000000e+00
1.716365840174623489e+09 1.263735485076904475e+01 -1.293129825592041016e+01 1.053145051002502441e+00 0.000000000000000000e+00 0.000000000000000000e+00 0.000000000000000000e+00 1.000000000000000000e+00
1.716365840225796938e+09 1.266336822509765625e+01 -1.293918991088867188e+01 1.045740723609924316e+00 0.000000000000000000e+00 0.000000000000000000e+00 0.000000000000000000e+00 1.000000000000000000e+00
1.716365840275462627e+09 1.268939876556396484e+01 -1.294844913482666016e+01 1.038333654403686301e+00 0.000000000000000000e+00 0.000000000000000000e+00 0.000000000000000000e+00 1.000000000000000000e+00
1.716365840375167370e+09 1.275740909576416016e+01 -1.299046707153320312e+01 1.022109985351562500e+00 0.000000000000000000e+00 0.000000000000000000e+00 0.000000000000000000e+00 1.000000000000000000e+00
1.716365840475800037e+09 1.280394554138183594e+01 -1.302409934997558594e+01 1.005926251411437988e+00 0.000000000000000000e+00 0.000000000000000000e+00 0.000000000000000000e+00 1.000000000000000000e+00
1.716365840575968742e+09 1.284548568725585938e+01 -1.306293010711669922e+01 9.979991316795348011e-01 0.000000000000000000e+00 0.000000000000000000e+00 0.000000000000000000e+00 1.000000000000000000e+00
1.716365840626343250e+09 1.288771629333495916e+01 -1.310375118255615234e+01 9.865373373031616211e-01 0.000000000000000000e+00 0.000000000000000000e+00 0.000000000000000000e+00 1.000000000000000000e+00
1.716365840726865768e+09 1.292736244201660156e+01 -1.314855289459228338e+01 9.762347340583800159e-01 0.000000000000000000e+00 0.000000000000000000e+00 0.000000000000000000e+00 1.000000000000000000e+00
1.716365840827578783e+09 1.296655273437500000e+01 -1.319395256042480469e+01 9.699258804321287952e-01 0.000000000000000000e+00 0.000000000000000000e+00 0.000000000000000000e+00 1.000000000000000000e+00
1.716365840877497435e+09 1.298380184173583984e+01 -1.321887111663818359e+01 9.645656347274780273e-01 0.000000000000000000e+00 0.000000000000000000e+00 0.000000000000000000e+00 1.000000000000000000e+00
1.716365840928080559e+09 1.301579475402832031e+01 -1.327119064331054865e+01 9.547946453094482422e-01 0.000000000000000000e+00 0.000000000000000000e+00 0.000000000000000000e+00 1.000000000000000000e+00
1.716365841028559208e+09 1.305106067657470881e+01 -1.331908893585205078e+01 9.501575827598571777e-01 0.000000000000000000e+00 0.000000000000000000e+00 0.000000000000000000e+00 1.000000000000000000e+00
1.716365841078672886e+09 1.306513595581054865e+01 -1.334577846527099609e+01 9.468043446540832520e-01 0.000000000000000000e+00 0.000000000000000000e+00 0.000000000000000000e+00 1.000000000000000000e+00
1.716365841129134655e+09 1.308885097503661932e+01 -1.339516925811767578e+01 9.422810673713684082e-01 0.000000000000000000e+00 0.000000000000000000e+00 0.000000000000000000e+00 1.000000000000000000e+00
1.716365841229857683e+09 1.311890602111816406e+01 -1.344122314453125000e+01 9.396670460700987659e-01 0.000000000000000000e+00 0.000000000000000000e+00 0.000000000000000000e+00 1.000000000000000000e+00
1.716365841279432535e+09 1.313080501556396484e+01 -1.347008228302001953e+01 9.381150007247923694e-01 0.000000000000000000e+00 0.000000000000000000e+00 0.000000000000000000e+00 1.000000000000000000e+00
1.716365841329573393e+09 1.315044212341308594e+01 -1.352761936187743963e+01 9.347649216651916504e-01 0.000000000000000000e+00 0.000000000000000000e+00 0.000000000000000000e+00 1.000000000000000000e+00
1.716365841430019855e+09 1.318041706085205078e+01 -1.357649135589599609e+01 9.319133758544921875e-01 0.000000000000000000e+00 0.000000000000000000e+00 0.000000000000000000e+00 1.000000000000000000e+00
1.716365841480162621e+09 1.319124984741210938e+01 -1.360490417480468750e+01 9.292821884155272327e-01 0.000000000000000000e+00 0.000000000000000000e+00 0.000000000000000000e+00 1.000000000000000000e+00
1.716365841530535936e+09 1.321087837219238459e+01 -1.366084575653076172e+01 9.230720400810241699e-01 0.000000000000000000e+00 0.000000000000000000e+00 0.000000000000000000e+00 1.000000000000000000e+00
1.716365841580590010e+09 1.322136402130126953e+01 -1.369090461730957031e+01 9.192937612533568226e-01 0.000000000000000000e+00 0.000000000000000000e+00 0.000000000000000000e+00 1.000000000000000000e+00
1.716365841681008101e+09 1.324841594696044922e+01 -1.373829174041748047e+01 9.145992398262023926e-01 0.000000000000000000e+00 0.000000000000000000e+00 0.000000000000000000e+00 1.000000000000000000e+00
1.716365841731119394e+09 1.326684188842773438e+01 -1.379659938812256037e+01 9.064196348190307617e-01 0.000000000000000000e+00 0.000000000000000000e+00 0.000000000000000000e+00 1.000000000000000000e+00
1.716365841781350136e+09 1.327551651000976562e+01 -1.382691478729248047e+01 9.016905426979063831e-01 0.000000000000000000e+00 0.000000000000000000e+00 0.000000000000000000e+00 1.000000000000000000e+00
1.716365841931977034e+09 1.332366657257080078e+01 -1.393525791168212713e+01 8.849928975105285645e-01 0.000000000000000000e+00 0.000000000000000000e+00 0.000000000000000000e+00 1.000000000000000000e+00
1.716365841982253551e+09 1.333495616912841797e+01 -1.396574497222900391e+01 8.794308900833129883e-01 0.000000000000000000e+00 0.000000000000000000e+00 0.000000000000000000e+00 1.000000000000000000e+00
1.716365842082758665e+09 1.336896324157714844e+01 -1.402015781402588068e+01 8.734065890312194824e-01 0.000000000000000000e+00 0.000000000000000000e+00 0.000000000000000000e+00 1.000000000000000000e+00
1.716365842132956982e+09 1.338183212280273438e+01 -1.405330944061279119e+01 8.689900636672973633e-01 0.000000000000000000e+00 0.000000000000000000e+00 0.000000000000000000e+00 1.000000000000000000e+00
1.716365842183150768e+09 1.340951728820800781e+01 -1.411773395538330078e+01 8.604512214660644531e-01 0.000000000000000000e+00 0.000000000000000000e+00 0.000000000000000000e+00 1.000000000000000000e+00
1.716365842233383894e+09 1.342285251617431641e+01 -1.414768600463867188e+01 8.569449782371520996e-01 0.000000000000000000e+00 0.000000000000000000e+00 0.000000000000000000e+00 1.000000000000000000e+00
1.716365842333971024e+09 1.345913600921630859e+01 -1.420133113861083984e+01 8.525633215904235840e-01 0.000000000000000000e+00 0.000000000000000000e+00 0.000000000000000000e+00 1.000000000000000000e+00
1.716365842384060144e+09 1.348940944671630859e+01 -1.426476287841796875e+01 8.476528525352478027e-01 0.000000000000000000e+00 0.000000000000000000e+00 0.000000000000000000e+00 1.000000000000000000e+00
1.716365842434280396e+09 1.350667095184326172e+01 -1.429796981811523438e+01 8.467855453491210938e-01 0.000000000000000000e+00 0.000000000000000000e+00 0.000000000000000000e+00 1.000000000000000000e+00
1.716365842534645081e+09 1.354964637756347656e+01 -1.435639762878417969e+01 8.451968431472778320e-01 0.000000000000000000e+00 0.000000000000000000e+00 0.000000000000000000e+00 1.000000000000000000e+00
1.716365842585084915e+09 1.359028720855712713e+01 -1.442535018920898438e+01 8.454697728157043457e-01 0.000000000000000000e+00 0.000000000000000000e+00 0.000000000000000000e+00 1.000000000000000000e+00
1.716365842635294199e+09 1.361126995086669922e+01 -1.445920372009277166e+01 8.457884192466735840e-01 0.000000000000000000e+00 0.000000000000000000e+00 0.000000000000000000e+00 1.000000000000000000e+00
1.716365842685444117e+09 1.363266754150390625e+01 -1.449405097961425781e+01 8.464670777320861816e-01 0.000000000000000000e+00 0.000000000000000000e+00 0.000000000000000000e+00 1.000000000000000000e+00
1.716365842785766840e+09 1.370557212829589844e+01 -1.459714412689208984e+01 8.461195230484008789e-01 0.000000000000000000e+00 0.000000000000000000e+00 0.000000000000000000e+00 1.000000000000000000e+00
1.716365842835884571e+09 1.373132991790771662e+01 -1.463749790191650391e+01 8.470014333724975586e-01 0.000000000000000000e+00 0.000000000000000000e+00 0.000000000000000000e+00 1.000000000000000000e+00
1.716365842886165619e+09 1.375724124908447266e+01 -1.467767524719238459e+01 8.472863435745239258e-01 0.000000000000000000e+00 0.000000000000000000e+00 0.000000000000000000e+00 1.000000000000000000e+00
1.716365842936342239e+09 1.378398132324218750e+01 -1.471706295013427557e+01 8.473613262176513672e-01 0.000000000000000000e+00 0.000000000000000000e+00 0.000000000000000000e+00 1.000000000000000000e+00
1.716365843036743402e+09 1.387005519866943359e+01 -1.482818508148193359e+01 8.435034155845642090e-01 0.000000000000000000e+00 0.000000000000000000e+00 0.000000000000000000e+00 1.000000000000000000e+00
1.716365843087414026e+09 1.389838314056396484e+01 -1.486872673034667969e+01 8.414651155471801758e-01 0.000000000000000000e+00 0.000000000000000000e+00 0.000000000000000000e+00 1.000000000000000000e+00
1.716365843137672901e+09 1.392610740661621271e+01 -1.490839481353759766e+01 8.379138112068176270e-01 0.000000000000000000e+00 0.000000000000000000e+00 0.000000000000000000e+00 1.000000000000000000e+00
1.716365843238062143e+09 1.402051639556884766e+01 -1.502931785583495916e+01 8.297141194343566895e-01 0.000000000000000000e+00 0.000000000000000000e+00 0.000000000000000000e+00 1.000000000000000000e+00
1.716365843288217783e+09 1.404991149902343750e+01 -1.507013607025146484e+01 8.257663846015930176e-01 0.000000000000000000e+00 0.000000000000000000e+00 0.000000000000000000e+00 1.000000000000000000e+00
1.716365843338710546e+09 1.407965469360351562e+01 -1.511061096191406250e+01 8.214465975761413574e-01 0.000000000000000000e+00 0.000000000000000000e+00 0.000000000000000000e+00 1.000000000000000000e+00
1.716365843388678312e+09 1.411258506774902344e+01 -1.515486240386962713e+01 8.151026368141174316e-01 0.000000000000000000e+00 0.000000000000000000e+00 0.000000000000000000e+00 1.000000000000000000e+00
1.716365843488996506e+09 1.418467903137207031e+01 -1.524049854278564453e+01 8.071762919425964355e-01 0.000000000000000000e+00 0.000000000000000000e+00 0.000000000000000000e+00 1.000000000000000000e+00
1.716365843539181471e+09 1.425237369537353516e+01 -1.532842159271240234e+01 7.895302176475524902e-01 0.000000000000000000e+00 0.000000000000000000e+00 0.000000000000000000e+00 1.000000000000000000e+00
1.716365843639691114e+09 1.435914421081542969e+01 -1.545760059356689631e+01 7.660566568374633789e-01 0.000000000000000000e+00 0.000000000000000000e+00 0.000000000000000000e+00 1.000000000000000000e+00
1.716365843689755678e+09 1.439447307586669922e+01 -1.550204563140869141e+01 7.535836100578308105e-01 0.000000000000000000e+00 0.000000000000000000e+00 0.000000000000000000e+00 1.000000000000000000e+00
1.716365843739954948e+09 1.443052005767822443e+01 -1.554706001281738459e+01 7.385844588279724121e-01 0.000000000000000000e+00 0.000000000000000000e+00 0.000000000000000000e+00 1.000000000000000000e+00
1.716365843840315819e+09 1.450549888610839844e+01 -1.563689613342285156e+01 7.043251395225524902e-01 0.000000000000000000e+00 0.000000000000000000e+00 0.000000000000000000e+00 1.000000000000000000e+00
1.716365843940808296e+09 1.462858581542968750e+01 -1.577184295654296875e+01 6.643791794776916504e-01 0.000000000000000000e+00 0.000000000000000000e+00 0.000000000000000000e+00 1.000000000000000000e+00
1.716365843991488695e+09 1.471372318267822443e+01 -1.585213851928710938e+01 6.302088499069213867e-01 0.000000000000000000e+00 0.000000000000000000e+00 0.000000000000000000e+00 1.000000000000000000e+00
1.716365844091666937e+09 1.479387092590332031e+01 -1.593122768402099609e+01 6.151318550109863281e-01 0.000000000000000000e+00 0.000000000000000000e+00 0.000000000000000000e+00 1.000000000000000000e+00
1.716365844141658783e+09 1.483533096313476562e+01 -1.597008323669433594e+01 6.061093211174011230e-01 0.000000000000000000e+00 0.000000000000000000e+00 0.000000000000000000e+00 1.000000000000000000e+00
1.716365844192659616e+09 1.487642574310302734e+01 -1.600818824768066406e+01 6.021550893783569336e-01 0.000000000000000000e+00 0.000000000000000000e+00 0.000000000000000000e+00 1.000000000000000000e+00
1.716365844242293358e+09 1.492075443267822443e+01 -1.604759216308593750e+01 6.020122170448303223e-01 0.000000000000000000e+00 0.000000000000000000e+00 0.000000000000000000e+00 1.000000000000000000e+00
1.716365844293295622e+09 1.496715450286865234e+01 -1.608656311035156250e+01 6.042510867118835449e-01 0.000000000000000000e+00 0.000000000000000000e+00 0.000000000000000000e+00 1.000000000000000000e+00
1.716365844393471241e+09 1.505819225311279119e+01 -1.617148971557617188e+01 6.066007614135742188e-01 0.000000000000000000e+00 0.000000000000000000e+00 0.000000000000000000e+00 1.000000000000000000e+00
1.716365844696384907e+09 1.543226814270019531e+01 -1.645981025695800781e+01 6.795368790626525879e-01 0.000000000000000000e+00 0.000000000000000000e+00 0.000000000000000000e+00 1.000000000000000000e+00
1.716365844794718981e+09 1.551708889007568359e+01 -1.651282501220703125e+01 6.979600787162780762e-01 0.000000000000000000e+00 0.000000000000000000e+00 0.000000000000000000e+00 1.000000000000000000e+00
1.716365844844997406e+09 1.556181430816650391e+01 -1.654118537902832031e+01 7.058029174804687500e-01 0.000000000000000000e+00 0.000000000000000000e+00 0.000000000000000000e+00 1.000000000000000000e+00
1.716365844895278454e+09 1.563737010955810369e+01 -1.660223007202148438e+01 7.111786007881164551e-01 0.000000000000000000e+00 0.000000000000000000e+00 0.000000000000000000e+00 1.000000000000000000e+00
1.716365844995801687e+09 1.572037887573242188e+01 -1.665384483337402344e+01 7.246193289756774902e-01 0.000000000000000000e+00 0.000000000000000000e+00 0.000000000000000000e+00 1.000000000000000000e+00
1.716365845046202660e+09 1.576134967803955078e+01 -1.668010711669921875e+01 7.306663990020751953e-01 0.000000000000000000e+00 0.000000000000000000e+00 0.000000000000000000e+00 1.000000000000000000e+00
1.716365845146351099e+09 1.583298301696777166e+01 -1.673926734924316406e+01 7.354117631912231445e-01 0.000000000000000000e+00 0.000000000000000000e+00 0.000000000000000000e+00 1.000000000000000000e+00
1.716365845196835279e+09 1.591233634948730469e+01 -1.678870773315429688e+01 7.483239769935607910e-01 0.000000000000000000e+00 0.000000000000000000e+00 0.000000000000000000e+00 1.000000000000000000e+00
1.716365845246539831e+09 1.595286083221435547e+01 -1.681538200378417969e+01 7.552120089530944824e-01 0.000000000000000000e+00 0.000000000000000000e+00 0.000000000000000000e+00 1.000000000000000000e+00
1.716365845347095490e+09 1.602136993408203125e+01 -1.687197685241699219e+01 7.606520056724548340e-01 0.000000000000000000e+00 0.000000000000000000e+00 0.000000000000000000e+00 1.000000000000000000e+00
1.716365845397821665e+09 1.609439468383789062e+01 -1.692177200317382812e+01 7.724565863609313965e-01 0.000000000000000000e+00 0.000000000000000000e+00 0.000000000000000000e+00 1.000000000000000000e+00
1.716365845448710203e+09 1.612962532043457031e+01 -1.694647407531738281e+01 7.778229117393493652e-01 0.000000000000000000e+00 0.000000000000000000e+00 0.000000000000000000e+00 1.000000000000000000e+00
1.716365845497502565e+09 1.616384315490722656e+01 -1.697070693969726562e+01 7.820228338241577148e-01 0.000000000000000000e+00 0.000000000000000000e+00 0.000000000000000000e+00 1.000000000000000000e+00
1.716365845597973585e+09 1.625801658630371094e+01 -1.704845809936523438e+01 7.888703346252441406e-01 0.000000000000000000e+00 0.000000000000000000e+00 0.000000000000000000e+00 1.000000000000000000e+00
1.716365845648021221e+09 1.629010009765625000e+01 -1.707469177246093750e+01 7.926231026649475098e-01 0.000000000000000000e+00 0.000000000000000000e+00 0.000000000000000000e+00 1.000000000000000000e+00
1.716365845698302984e+09 1.632016372680664062e+01 -1.710147094726562500e+01 7.964783310890197754e-01 0.000000000000000000e+00 0.000000000000000000e+00 0.000000000000000000e+00 1.000000000000000000e+00
1.716365845748475790e+09 1.637515258789062500e+01 -1.715693664550781250e+01 7.984503507614135742e-01 0.000000000000000000e+00 0.000000000000000000e+00 0.000000000000000000e+00 1.000000000000000000e+00
1.716365845798593044e+09 1.640273666381835938e+01 -1.718464279174804688e+01 8.009475469589233398e-01 0.000000000000000000e+00 0.000000000000000000e+00 0.000000000000000000e+00 1.000000000000000000e+00
1.716365845848859072e+09 1.645910453796386719e+01 -1.724161911010742188e+01 8.045775294303894043e-01 0.000000000000000000e+00 0.000000000000000000e+00 0.000000000000000000e+00 1.000000000000000000e+00
1.716365846000180483e+09 1.653844261169433594e+01 -1.732627868652343750e+01 8.036198616027832031e-01 0.000000000000000000e+00 0.000000000000000000e+00 0.000000000000000000e+00 1.000000000000000000e+00
1.716365846050074816e+09 1.656381988525390625e+01 -1.735595130920410156e+01 8.025943040847778320e-01 0.000000000000000000e+00 0.000000000000000000e+00 0.000000000000000000e+00 1.000000000000000000e+00
1.716365846100174427e+09 1.658908843994140625e+01 -1.738709068298339844e+01 8.010429143905639648e-01 0.000000000000000000e+00 0.000000000000000000e+00 0.000000000000000000e+00 1.000000000000000000e+00
1.716365846150374413e+09 1.661527442932128906e+01 -1.741869926452636719e+01 7.985628247261047363e-01 0.000000000000000000e+00 0.000000000000000000e+00 0.000000000000000000e+00 1.000000000000000000e+00
1.716365846200565815e+09 1.666571426391601562e+01 -1.747688865661621094e+01 7.946683168411254883e-01 0.000000000000000000e+00 0.000000000000000000e+00 0.000000000000000000e+00 1.000000000000000000e+00
1.716365846250889301e+09 1.669124412536621094e+01 -1.750769424438476562e+01 7.910494208335876465e-01 0.000000000000000000e+00 0.000000000000000000e+00 0.000000000000000000e+00 1.000000000000000000e+00
1.716365846301061392e+09 1.671704864501953125e+01 -1.753959655761718750e+01 7.868403196334838867e-01 0.000000000000000000e+00 0.000000000000000000e+00 0.000000000000000000e+00 1.000000000000000000e+00
1.716365846351310492e+09 1.674167251586914062e+01 -1.757124900817871094e+01 7.828205823898315430e-01 0.000000000000000000e+00 0.000000000000000000e+00 0.000000000000000000e+00 1.000000000000000000e+00
1.716365846401427984e+09 1.679642295837402344e+01 -1.763632202148437500e+01 7.774565815925598145e-01 0.000000000000000000e+00 0.000000000000000000e+00 0.000000000000000000e+00 1.000000000000000000e+00
1.716365846451932192e+09 1.682098007202148438e+01 -1.766944885253906250e+01 7.742013931274414062e-01 0.000000000000000000e+00 0.000000000000000000e+00 0.000000000000000000e+00 1.000000000000000000e+00
1.716365846501878738e+09 1.684515762329101562e+01 -1.770295715332031250e+01 7.715886831283569336e-01 0.000000000000000000e+00 0.000000000000000000e+00 0.000000000000000000e+00 1.000000000000000000e+00
1.716365846553081036e+09 1.686936569213867188e+01 -1.773645210266113281e+01 7.693785429000854492e-01 0.000000000000000000e+00 0.000000000000000000e+00 0.000000000000000000e+00 1.000000000000000000e+00
1.716365846602303982e+09 1.692407989501953125e+01 -1.780301856994628906e+01 7.661377191543579102e-01 0.000000000000000000e+00 0.000000000000000000e+00 0.000000000000000000e+00 1.000000000000000000e+00
1.716365846652319193e+09 1.695031738281250000e+01 -1.783871269226074219e+01 7.637346982955932617e-01 0.000000000000000000e+00 0.000000000000000000e+00 0.000000000000000000e+00 1.000000000000000000e+00
1.716365846702541351e+09 1.697633552551269531e+01 -1.787330055236816406e+01 7.629498839378356934e-01 0.000000000000000000e+00 0.000000000000000000e+00 0.000000000000000000e+00 1.000000000000000000e+00
1.716365846752509117e+09 1.700329208374023438e+01 -1.790838813781738281e+01 7.625108361244201660e-01 0.000000000000000000e+00 0.000000000000000000e+00 0.000000000000000000e+00 1.000000000000000000e+00
1.716365846802506447e+09 1.706092643737792969e+01 -1.797639465332031250e+01 7.613447308540344238e-01 0.000000000000000000e+00 0.000000000000000000e+00 0.000000000000000000e+00 1.000000000000000000e+00
1.716365846852736950e+09 1.708864212036132812e+01 -1.801217079162597656e+01 7.616321444511413574e-01 0.000000000000000000e+00 0.000000000000000000e+00 0.000000000000000000e+00 1.000000000000000000e+00
1.716365846903167963e+09 1.711828994750976562e+01 -1.805025482177734375e+01 7.621276974678039551e-01 0.000000000000000000e+00 0.000000000000000000e+00 0.000000000000000000e+00 1.000000000000000000e+00
1.716365846953130960e+09 1.714624023437500000e+01 -1.808719825744628906e+01 7.628567814826965332e-01 0.000000000000000000e+00 0.000000000000000000e+00 0.000000000000000000e+00 1.000000000000000000e+00
1.716365847003574610e+09 1.720980453491210938e+01 -1.816201400756835938e+01 7.624366283416748047e-01 0.000000000000000000e+00 0.000000000000000000e+00 0.000000000000000000e+00 1.000000000000000000e+00
1.716365847053459883e+09 1.724090957641601562e+01 -1.820426368713378906e+01 7.638797760009765625e-01 0.000000000000000000e+00 0.000000000000000000e+00 0.000000000000000000e+00 1.000000000000000000e+00
1.716365847104081154e+09 1.727005767822265625e+01 -1.824425315856933594e+01 7.660052776336669922e-01 0.000000000000000000e+00 0.000000000000000000e+00 0.000000000000000000e+00 1.000000000000000000e+00
1.716365847153921127e+09 1.733166313171386719e+01 -1.832938194274902344e+01 7.708067893981933594e-01 0.000000000000000000e+00 0.000000000000000000e+00 0.000000000000000000e+00 1.000000000000000000e+00
1.716365847253983736e+09 1.740163040161132812e+01 -1.841333580017089844e+01 7.718921899795532227e-01 0.000000000000000000e+00 0.000000000000000000e+00 0.000000000000000000e+00 1.000000000000000000e+00
1.716365847304178953e+09 1.746937751770019531e+01 -1.850651168823242543e+01 7.795405983924865723e-01 0.000000000000000000e+00 0.000000000000000000e+00 0.000000000000000000e+00 1.000000000000000000e+00
1.716365847404526711e+09 1.750244140625000000e+01 -1.855390357971191762e+01 7.846388220787048340e-01 0.000000000000000000e+00 0.000000000000000000e+00 0.000000000000000000e+00 1.000000000000000000e+00
1.716365847454847574e+09 1.753820800781250000e+01 -1.860284423828125000e+01 7.891342639923095703e-01 0.000000000000000000e+00 0.000000000000000000e+00 0.000000000000000000e+00 1.000000000000000000e+00
1.716365847505267859e+09 1.761264610290527344e+01 -1.869360351562500000e+01 7.913911342620849609e-01 0.000000000000000000e+00 0.000000000000000000e+00 0.000000000000000000e+00 1.000000000000000000e+00
1.716365847555200577e+09 1.768335342407226562e+01 -1.879216957092285156e+01 7.985330224037170410e-01 0.000000000000000000e+00 0.000000000000000000e+00 0.000000000000000000e+00 1.000000000000000000e+00
1.716365847655690432e+09 1.772027587890625000e+01 -1.884547805786132812e+01 8.025145530700683594e-01 0.000000000000000000e+00 0.000000000000000000e+00 0.000000000000000000e+00 1.000000000000000000e+00
1.716365847706132889e+09 1.780591201782226562e+01 -1.895041465759277344e+01 8.050858974456787109e-01 0.000000000000000000e+00 0.000000000000000000e+00 0.000000000000000000e+00 1.000000000000000000e+00
1.716365847756026268e+09 1.788814353942871094e+01 -1.906289672851562500e+01 8.144962787628173828e-01 0.000000000000000000e+00 0.000000000000000000e+00 0.000000000000000000e+00 1.000000000000000000e+00
1.716365847856508970e+09 1.798043251037597656e+01 -1.917257499694823863e+01 8.179387450218200684e-01 0.000000000000000000e+00 0.000000000000000000e+00 0.000000000000000000e+00 1.000000000000000000e+00
1.716365847906619549e+09 1.802533531188964844e+01 -1.923214340209960938e+01 8.237149715423583984e-01 0.000000000000000000e+00 0.000000000000000000e+00 0.000000000000000000e+00 1.000000000000000000e+00
1.716365847957034826e+09 1.807042312622070312e+01 -1.929289817810058238e+01 8.293724060058593750e-01 0.000000000000000000e+00 0.000000000000000000e+00 0.000000000000000000e+00 1.000000000000000000e+00
1.716365848008334875e+09 1.816410636901855469e+01 -1.941938972473144531e+01 8.426516056060791016e-01 0.000000000000000000e+00 0.000000000000000000e+00 0.000000000000000000e+00 1.000000000000000000e+00
1.716365848107581615e+09 1.820941734313964844e+01 -1.947993659973144531e+01 8.490002155303955078e-01 0.000000000000000000e+00 0.000000000000000000e+00 0.000000000000000000e+00 1.000000000000000000e+00
1.716365848157875538e+09 1.835664367675780895e+01 -1.966025543212890270e+01 8.578068017959594727e-01 0.000000000000000000e+00 0.000000000000000000e+00 0.000000000000000000e+00 1.000000000000000000e+00
1.716365848207892656e+09 1.840822410583496094e+01 -1.972306632995605113e+01 8.617557883262634277e-01 0.000000000000000000e+00 0.000000000000000000e+00 0.000000000000000000e+00 1.000000000000000000e+00
1.716365848257805109e+09 1.845752143859863637e+01 -1.978390693664550781e+01 8.659715056419372559e-01 0.000000000000000000e+00 0.000000000000000000e+00 0.000000000000000000e+00 1.000000000000000000e+00
1.716365848358371735e+09 1.856580352783203125e+01 -1.990730857849121094e+01 8.684188723564147949e-01 0.000000000000000000e+00 0.000000000000000000e+00 0.000000000000000000e+00 1.000000000000000000e+00
1.716365848408566952e+09 1.866548919677734375e+01 -2.002659797668457031e+01 8.770197033882141113e-01 0.000000000000000000e+00 0.000000000000000000e+00 0.000000000000000000e+00 1.000000000000000000e+00
1.716365848508955956e+09 1.877064895629882812e+01 -2.015032386779785156e+01 8.847854137420654297e-01 0.000000000000000000e+00 0.000000000000000000e+00 0.000000000000000000e+00 1.000000000000000000e+00
1.716365848609452248e+09 1.888059997558593750e+01 -2.027214241027832031e+01 8.867534399032592773e-01 0.000000000000000000e+00 0.000000000000000000e+00 0.000000000000000000e+00 1.000000000000000000e+00
1.716365848659608603e+09 1.893395423889160156e+01 -2.033192253112792969e+01 8.910096883773803711e-01 0.000000000000000000e+00 0.000000000000000000e+00 0.000000000000000000e+00 1.000000000000000000e+00
1.716365848709687948e+09 1.904323768615722656e+01 -2.045046615600585938e+01 9.002796411514282227e-01 0.000000000000000000e+00 0.000000000000000000e+00 0.000000000000000000e+00 1.000000000000000000e+00
1.716365848810359478e+09 1.915069580078125000e+01 -2.056644058227539062e+01 9.036993980407715954e-01 0.000000000000000000e+00 0.000000000000000000e+00 0.000000000000000000e+00 1.000000000000000000e+00
1.716365848860959291e+09 1.920581245422363637e+01 -2.062595939636230469e+01 9.087666869163512073e-01 0.000000000000000000e+00 0.000000000000000000e+00 0.000000000000000000e+00 1.000000000000000000e+00
1.716365848911144972e+09 1.926584243774414062e+01 -2.069048881530761719e+01 9.144886136054991566e-01 0.000000000000000000e+00 0.000000000000000000e+00 0.000000000000000000e+00 1.000000000000000000e+00
1.716365848961017609e+09 1.937593460083008168e+01 -2.080834007263183949e+01 9.268018007278442383e-01 0.000000000000000000e+00 0.000000000000000000e+00 0.000000000000000000e+00 1.000000000000000000e+00
1.716365849061830282e+09 1.953658866882323863e+01 -2.098021316528320312e+01 9.384204745292663574e-01 0.000000000000000000e+00 0.000000000000000000e+00 0.000000000000000000e+00 1.000000000000000000e+00
1.716365849111819744e+09 1.959203529357910156e+01 -2.103944206237792969e+01 9.446319341659545898e-01 0.000000000000000000e+00 0.000000000000000000e+00 0.000000000000000000e+00 1.000000000000000000e+00
1.716365849162449360e+09 1.964372253417968750e+01 -2.109534835815429688e+01 9.514262676239013672e-01 0.000000000000000000e+00 0.000000000000000000e+00 0.000000000000000000e+00 1.000000000000000000e+00
1.716365849262476206e+09 1.974883842468261719e+01 -2.120944595336914062e+01 9.574496746063232422e-01 0.000000000000000000e+00 0.000000000000000000e+00 0.000000000000000000e+00 1.000000000000000000e+00
1.716365849312635899e+09 1.985140991210937145e+01 -2.132339859008789062e+01 9.727279543876647949e-01 0.000000000000000000e+00 0.000000000000000000e+00 0.000000000000000000e+00 1.000000000000000000e+00
1.716365849413214207e+09 1.995388412475585938e+01 -2.143582725524902344e+01 9.780586957931519665e-01 0.000000000000000000e+00 0.000000000000000000e+00 0.000000000000000000e+00 1.000000000000000000e+00
1.716365849463212252e+09 2.005444335937500000e+01 -2.155162620544433594e+01 9.931481480598449707e-01 0.000000000000000000e+00 0.000000000000000000e+00 0.000000000000000000e+00 1.000000000000000000e+00
1.716365849514075279e+09 2.010612297058105113e+01 -2.161026954650878906e+01 1.000880956649780495e+00 0.000000000000000000e+00 0.000000000000000000e+00 0.000000000000000000e+00 1.000000000000000000e+00
1.716365849614670277e+09 2.020816040039062500e+01 -2.172312545776367188e+01 1.007673382759094238e+00 0.000000000000000000e+00 0.000000000000000000e+00 0.000000000000000000e+00 1.000000000000000000e+00
1.716365849664894819e+09 2.025958633422851918e+01 -2.178201103210448863e+01 1.016079068183898926e+00 0.000000000000000000e+00 0.000000000000000000e+00 0.000000000000000000e+00 1.000000000000000000e+00
1.716365849715145588e+09 2.036374282836914062e+01 -2.190402603149414062e+01 1.033195853233337402e+00 0.000000000000000000e+00 0.000000000000000000e+00 0.000000000000000000e+00 1.000000000000000000e+00
1.716365849765123844e+09 2.041228485107421875e+01 -2.196148490905761719e+01 1.041797995567321777e+00 0.000000000000000000e+00 0.000000000000000000e+00 0.000000000000000000e+00 1.000000000000000000e+00
1.716365849866019011e+09 2.051175308227539062e+01 -2.207398414611816406e+01 1.048983216285705566e+00 0.000000000000000000e+00 0.000000000000000000e+00 0.000000000000000000e+00 1.000000000000000000e+00
1.716365849916742802e+09 2.056006050109863637e+01 -2.213028717041015980e+01 1.057573199272155762e+00 0.000000000000000000e+00 0.000000000000000000e+00 0.000000000000000000e+00 1.000000000000000000e+00
1.716365849966613054e+09 2.061326980590820312e+01 -2.219021415710448863e+01 1.065661072731018066e+00 0.000000000000000000e+00 0.000000000000000000e+00 0.000000000000000000e+00 1.000000000000000000e+00
1.716365850016320467e+09 2.071672439575195668e+01 -2.230457687377929688e+01 1.079496264457702637e+00 0.000000000000000000e+00 0.000000000000000000e+00 0.000000000000000000e+00 1.000000000000000000e+00
1.716365850167208433e+09 2.087690162658691762e+01 -2.247945785522460938e+01 1.089111566543579102e+00 0.000000000000000000e+00 0.000000000000000000e+00 0.000000000000000000e+00 1.000000000000000000e+00
1.716365850217095137e+09 2.098442077636718750e+01 -2.259399223327636719e+01 1.095381498336791992e+00 0.000000000000000000e+00 0.000000000000000000e+00 0.000000000000000000e+00 1.000000000000000000e+00
1.716365850267210960e+09 2.103725433349609375e+01 -2.264869117736816406e+01 1.097629070281982422e+00 0.000000000000000000e+00 0.000000000000000000e+00 0.000000000000000000e+00 1.000000000000000000e+00
1.716365850418133974e+09 2.125505828857421875e+01 -2.287225914001464844e+01 1.098634719848632812e+00 0.000000000000000000e+00 0.000000000000000000e+00 0.000000000000000000e+00 1.000000000000000000e+00
1.716365850468853712e+09 2.130928039550780895e+01 -2.292425727844238281e+01 1.098297357559204102e+00 0.000000000000000000e+00 0.000000000000000000e+00 0.000000000000000000e+00 1.000000000000000000e+00
1.716365850568687201e+09 2.141534996032714844e+01 -2.303045654296875000e+01 1.097444057464599609e+00 0.000000000000000000e+00 0.000000000000000000e+00 0.000000000000000000e+00 1.000000000000000000e+00
1.716365850668853283e+09 2.153031730651855469e+01 -2.313792610168457031e+01 1.095880746841430886e+00 0.000000000000000000e+00 0.000000000000000000e+00 0.000000000000000000e+00 1.000000000000000000e+00
1.716365850718851089e+09 2.164065933227539062e+01 -2.323606872558593750e+01 1.096509337425231934e+00 0.000000000000000000e+00 0.000000000000000000e+00 0.000000000000000000e+00 1.000000000000000000e+00
1.716365850769053698e+09 2.174717903137207031e+01 -2.333773040771484375e+01 1.095096707344055176e+00 0.000000000000000000e+00 0.000000000000000000e+00 0.000000000000000000e+00 1.000000000000000000e+00
1.716365850819213867e+09 2.180330657958984375e+01 -2.338520431518554688e+01 1.094343662261962891e+00 0.000000000000000000e+00 0.000000000000000000e+00 0.000000000000000000e+00 1.000000000000000000e+00
1.716365850919985294e+09 2.191680335998535156e+01 -2.348035430908203125e+01 1.093131184577941895e+00 0.000000000000000000e+00 0.000000000000000000e+00 0.000000000000000000e+00 1.000000000000000000e+00
1.716365850970502377e+09 2.202110671997070312e+01 -2.357859992980957031e+01 1.091646909713745117e+00 0.000000000000000000e+00 0.000000000000000000e+00 0.000000000000000000e+00 1.000000000000000000e+00
1.716365851020507097e+09 2.207795333862304688e+01 -2.362539291381835938e+01 1.091364741325378418e+00 0.000000000000000000e+00 0.000000000000000000e+00 0.000000000000000000e+00 1.000000000000000000e+00
1.716365851120887041e+09 2.218796348571777344e+01 -2.371420669555664062e+01 1.091066479682922363e+00 0.000000000000000000e+00 0.000000000000000000e+00 0.000000000000000000e+00 1.000000000000000000e+00
1.716365851221647978e+09 2.229383468627929688e+01 -2.381233787536621094e+01 1.089478731155395508e+00 0.000000000000000000e+00 0.000000000000000000e+00 0.000000000000000000e+00 1.000000000000000000e+00
1.716365851271753073e+09 2.240063858032226562e+01 -2.389867973327636719e+01 1.091155886650085449e+00 0.000000000000000000e+00 0.000000000000000000e+00 0.000000000000000000e+00 1.000000000000000000e+00
1.716365851321744204e+09 2.245685958862304688e+01 -2.394468498229980469e+01 1.092036008834838867e+00 0.000000000000000000e+00 0.000000000000000000e+00 0.000000000000000000e+00 1.000000000000000000e+00
1.716365851422376156e+09 2.261510276794433594e+01 -2.408832931518554688e+01 1.093467593193054199e+00 0.000000000000000000e+00 0.000000000000000000e+00 0.000000000000000000e+00 1.000000000000000000e+00
1.716365851472988367e+09 2.266636466979980469e+01 -2.413075256347655895e+01 1.094511985778808594e+00 0.000000000000000000e+00 0.000000000000000000e+00 0.000000000000000000e+00 1.000000000000000000e+00
1.716365851522906780e+09 2.271984863281250000e+01 -2.417520332336425426e+01 1.095572113990783691e+00 0.000000000000000000e+00 0.000000000000000000e+00 0.000000000000000000e+00 1.000000000000000000e+00
1.716365851573283672e+09 2.277590179443359730e+01 -2.422272872924804688e+01 1.096825718879699707e+00 0.000000000000000000e+00 0.000000000000000000e+00 0.000000000000000000e+00 1.000000000000000000e+00
1.716365851623052597e+09 2.286814308166503906e+01 -2.431034660339355469e+01 1.097893714904785156e+00 0.000000000000000000e+00 0.000000000000000000e+00 0.000000000000000000e+00 1.000000000000000000e+00
1.716365851673482418e+09 2.291796493530273082e+01 -2.435412406921386719e+01 1.099483847618103027e+00 0.000000000000000000e+00 0.000000000000000000e+00 0.000000000000000000e+00 1.000000000000000000e+00
1.716365851723797083e+09 2.296824073791503906e+01 -2.440020751953125000e+01 1.100564241409301758e+00 0.000000000000000000e+00 0.000000000000000000e+00 0.000000000000000000e+00 1.000000000000000000e+00
1.716365851773963451e+09 2.301496696472167969e+01 -2.444412994384765625e+01 1.101023316383361816e+00 0.000000000000000000e+00 0.000000000000000000e+00 0.000000000000000000e+00 1.000000000000000000e+00
1.716365851874627590e+09 2.310724830627441051e+01 -2.453719139099121094e+01 1.101576089859008789e+00 0.000000000000000000e+00 0.000000000000000000e+00 0.000000000000000000e+00 1.000000000000000000e+00
1.716365851924667120e+09 2.320128250122070312e+01 -2.462720108032226562e+01 1.100446701049804910e+00 0.000000000000000000e+00 0.000000000000000000e+00 0.000000000000000000e+00 1.000000000000000000e+00
1.716365852024886131e+09 2.328999519348144531e+01 -2.471122741699218750e+01 1.098975300788879395e+00 0.000000000000000000e+00 0.000000000000000000e+00 0.000000000000000000e+00 1.000000000000000000e+00
1.716365852125099421e+09 2.342076492309570312e+01 -2.484079360961914062e+01 1.096202731132507102e+00 0.000000000000000000e+00 0.000000000000000000e+00 0.000000000000000000e+00 1.000000000000000000e+00
1.716365852175983191e+09 2.346402168273925426e+01 -2.488244819641113281e+01 1.094351172447204590e+00 0.000000000000000000e+00 0.000000000000000000e+00 0.000000000000000000e+00 1.000000000000000000e+00
1.716365852226011992e+09 2.350744438171386719e+01 -2.492394256591796875e+01 1.092230081558227539e+00 0.000000000000000000e+00 0.000000000000000000e+00 0.000000000000000000e+00 1.000000000000000000e+00
1.716365852325935364e+09 2.362581634521484375e+01 -2.504866981506348012e+01 1.087305426597595215e+00 0.000000000000000000e+00 0.000000000000000000e+00 0.000000000000000000e+00 1.000000000000000000e+00
1.716365852376046419e+09 2.366438865661621094e+01 -2.508924102783203125e+01 1.085220456123352051e+00 0.000000000000000000e+00 0.000000000000000000e+00 0.000000000000000000e+00 1.000000000000000000e+00
1.716365852426617861e+09 2.370527648925780895e+01 -2.513173484802246094e+01 1.082111120223999023e+00 0.000000000000000000e+00 0.000000000000000000e+00 0.000000000000000000e+00 1.000000000000000000e+00
1.716365852527568340e+09 2.378265953063964844e+01 -2.521265792846680043e+01 1.078423023223876953e+00 0.000000000000000000e+00 0.000000000000000000e+00 0.000000000000000000e+00 1.000000000000000000e+00
1.716365852576982498e+09 2.386056709289550781e+01 -2.529165077209472656e+01 1.070891976356506348e+00 0.000000000000000000e+00 0.000000000000000000e+00 0.000000000000000000e+00 1.000000000000000000e+00
1.716365852627654552e+09 2.389667320251464844e+01 -2.533038520812988281e+01 1.066548705101013184e+00 0.000000000000000000e+00 0.000000000000000000e+00 0.000000000000000000e+00 1.000000000000000000e+00
1.716365852677593946e+09 2.393056297302246094e+01 -2.536845016479491832e+01 1.061571717262268066e+00 0.000000000000000000e+00 0.000000000000000000e+00 0.000000000000000000e+00 1.000000000000000000e+00
1.716365852778208017e+09 2.403647041320800781e+01 -2.548285102844238281e+01 1.051467657089233398e+00 0.000000000000000000e+00 0.000000000000000000e+00 0.000000000000000000e+00 1.000000000000000000e+00
1.716365852828377485e+09 2.407462692260742543e+01 -2.552375221252441051e+01 1.045981287956237793e+00 0.000000000000000000e+00 0.000000000000000000e+00 0.000000000000000000e+00 1.000000000000000000e+00
1.716365852878580332e+09 2.410519218444823863e+01 -2.555668449401855469e+01 1.039984226226806641e+00 0.000000000000000000e+00 0.000000000000000000e+00 0.000000000000000000e+00 1.000000000000000000e+00
1.716365852928747892e+09 2.416725730895996094e+01 -2.562450218200683949e+01 1.033122301101684570e+00 0.000000000000000000e+00 0.000000000000000000e+00 0.000000000000000000e+00 1.000000000000000000e+00
1.716365852979109049e+09 2.419647979736328125e+01 -2.565731048583984375e+01 1.026387333869934082e+00 0.000000000000000000e+00 0.000000000000000000e+00 0.000000000000000000e+00 1.000000000000000000e+00
1.716365853029439926e+09 2.422648429870605113e+01 -2.569213104248046875e+01 1.019829988479614480e+00 0.000000000000000000e+00 0.000000000000000000e+00 0.000000000000000000e+00 1.000000000000000000e+00
1.716365853080802917e+09 2.425815200805664062e+01 -2.572814750671386719e+01 1.014048099517822488e+00 0.000000000000000000e+00 0.000000000000000000e+00 0.000000000000000000e+00 1.000000000000000000e+00
1.716365853180670023e+09 2.434542846679687500e+01 -2.582983398437500000e+01 1.002634763717651367e+00 0.000000000000000000e+00 0.000000000000000000e+00 0.000000000000000000e+00 1.000000000000000000e+00
1.716365853231152058e+09 2.437168121337890270e+01 -2.586271476745605113e+01 9.974509477615356445e-01 0.000000000000000000e+00 0.000000000000000000e+00 0.000000000000000000e+00 1.000000000000000000e+00
1.716365853334518194e+09 2.439964103698730469e+01 -2.589811325073242543e+01 9.926663637161255993e-01 0.000000000000000000e+00 0.000000000000000000e+00 0.000000000000000000e+00 1.000000000000000000e+00
1.716365853381561756e+09 2.447920608520508168e+01 -2.599608802795410156e+01 9.825316667556763806e-01 0.000000000000000000e+00 0.000000000000000000e+00 0.000000000000000000e+00 1.000000000000000000e+00
1.716365853431204557e+09 2.450456619262695668e+01 -2.602844810485839844e+01 9.783071875572203480e-01 0.000000000000000000e+00 0.000000000000000000e+00 0.000000000000000000e+00 1.000000000000000000e+00
1.716365853485023499e+09 2.452818107604980469e+01 -2.606106758117676137e+01 9.735798239707947888e-01 0.000000000000000000e+00 0.000000000000000000e+00 0.000000000000000000e+00 1.000000000000000000e+00
1.716365853531756401e+09 2.454863929748535156e+01 -2.608979225158691762e+01 9.690700769424438477e-01 0.000000000000000000e+00 0.000000000000000000e+00 0.000000000000000000e+00 1.000000000000000000e+00
1.716365853582866192e+09 2.459884643554687500e+01 -2.615095329284667969e+01 9.648581147193907581e-01 0.000000000000000000e+00 0.000000000000000000e+00 0.000000000000000000e+00 1.000000000000000000e+00
1.716365853632477760e+09 2.462170600891113281e+01 -2.618155670166015980e+01 9.613613486289978027e-01 0.000000000000000000e+00 0.000000000000000000e+00 0.000000000000000000e+00 1.000000000000000000e+00
1.716365853683166981e+09 2.464285850524902344e+01 -2.621101951599121094e+01 9.580003023147584118e-01 0.000000000000000000e+00 0.000000000000000000e+00 0.000000000000000000e+00 1.000000000000000000e+00
1.716365853733178377e+09 2.466521453857421875e+01 -2.624210548400878906e+01 9.550769329071043812e-01 0.000000000000000000e+00 0.000000000000000000e+00 0.000000000000000000e+00 1.000000000000000000e+00
1.716365853783251286e+09 2.468609619140625000e+01 -2.627182388305664062e+01 9.518488645553587757e-01 0.000000000000000000e+00 0.000000000000000000e+00 0.000000000000000000e+00 1.000000000000000000e+00
1.716365853933425188e+09 2.475202560424804688e+01 -2.635660743713378906e+01 9.466396570205688477e-01 0.000000000000000000e+00 0.000000000000000000e+00 0.000000000000000000e+00 1.000000000000000000e+00
1.716365853983560085e+09 2.479106712341308949e+01 -2.641593360900878906e+01 9.444229006767271839e-01 0.000000000000000000e+00 0.000000000000000000e+00 0.000000000000000000e+00 1.000000000000000000e+00
1.716365854084081650e+09 2.485310363769531250e+01 -2.649889373779296875e+01 9.400803446769714355e-01 0.000000000000000000e+00 0.000000000000000000e+00 0.000000000000000000e+00 1.000000000000000000e+00
1.716365854133808374e+09 2.487336730957031250e+01 -2.652920532226562500e+01 9.379073381423950195e-01 0.000000000000000000e+00 0.000000000000000000e+00 0.000000000000000000e+00 1.000000000000000000e+00
1.716365854184620619e+09 2.489371681213378906e+01 -2.655802726745605113e+01 9.338797926902772106e-01 0.000000000000000000e+00 0.000000000000000000e+00 0.000000000000000000e+00 1.000000000000000000e+00
1.716365854233892441e+09 2.491636085510253906e+01 -2.658877944946289062e+01 9.285452961921691895e-01 0.000000000000000000e+00 0.000000000000000000e+00 0.000000000000000000e+00 1.000000000000000000e+00
1.716365854384749889e+09 2.498661231994628906e+01 -2.667892456054687500e+01 9.156064391136168323e-01 0.000000000000000000e+00 0.000000000000000000e+00 0.000000000000000000e+00 1.000000000000000000e+00
1.716365854434542179e+09 2.505660820007323863e+01 -2.676779556274414062e+01 8.964295387268066406e-01 0.000000000000000000e+00 0.000000000000000000e+00 0.000000000000000000e+00 1.000000000000000000e+00
1.716365854484581947e+09 2.508124542236328125e+01 -2.680066680908203125e+01 8.858281373977661133e-01 0.000000000000000000e+00 0.000000000000000000e+00 0.000000000000000000e+00 1.000000000000000000e+00
1.716365854534969568e+09 2.510756683349609375e+01 -2.683466720581054688e+01 8.738394975662231445e-01 0.000000000000000000e+00 0.000000000000000000e+00 0.000000000000000000e+00 1.000000000000000000e+00
1.716365854585128307e+09 2.513631629943848012e+01 -2.687045288085937145e+01 8.599262237548828125e-01 0.000000000000000000e+00 0.000000000000000000e+00 0.000000000000000000e+00 1.000000000000000000e+00
1.716365854635399818e+09 2.516088676452636719e+01 -2.690334892272948863e+01 8.483127355575561523e-01 0.000000000000000000e+00 0.000000000000000000e+00 0.000000000000000000e+00 1.000000000000000000e+00
1.716365854685601711e+09 2.518834114074707031e+01 -2.693765830993652344e+01 8.370302915573120117e-01 0.000000000000000000e+00 0.000000000000000000e+00 0.000000000000000000e+00 1.000000000000000000e+00
1.716365854735665560e+09 2.521428871154785156e+01 -2.697201347351074574e+01 8.261975646018981934e-01 0.000000000000000000e+00 0.000000000000000000e+00 0.000000000000000000e+00 1.000000000000000000e+00
1.716365854785958290e+09 2.526850700378417969e+01 -2.703470039367676137e+01 8.153535723686218262e-01 0.000000000000000000e+00 0.000000000000000000e+00 0.000000000000000000e+00 1.000000000000000000e+00
1.716365854836258650e+09 2.529225540161132812e+01 -2.706565284729003906e+01 8.055638670921325684e-01 0.000000000000000000e+00 0.000000000000000000e+00 0.000000000000000000e+00 1.000000000000000000e+00
1.716365854886415720e+09 2.532166671752929688e+01 -2.710091400146484375e+01 7.965951561927795410e-01 0.000000000000000000e+00 0.000000000000000000e+00 0.000000000000000000e+00 1.000000000000000000e+00
1.716365854936674118e+09 2.534837913513183949e+01 -2.713456344604491832e+01 7.867370247840881348e-01 0.000000000000000000e+00 0.000000000000000000e+00 0.000000000000000000e+00 1.000000000000000000e+00
1.716365854986772776e+09 2.540227890014648438e+01 -2.719622611999512074e+01 7.781701683998107910e-01 0.000000000000000000e+00 0.000000000000000000e+00 0.000000000000000000e+00 1.000000000000000000e+00
1.716365855038483620e+09 2.543161392211914062e+01 -2.723161506652832031e+01 7.718008756637573242e-01 0.000000000000000000e+00 0.000000000000000000e+00 0.000000000000000000e+00 1.000000000000000000e+00
1.716365855087571621e+09 2.545963287353515980e+01 -2.726687812805176137e+01 7.659326791763305664e-01 0.000000000000000000e+00 0.000000000000000000e+00 0.000000000000000000e+00 1.000000000000000000e+00
1.716365855137582779e+09 2.548821830749512074e+01 -2.730165481567382812e+01 7.616811394691467285e-01 0.000000000000000000e+00 0.000000000000000000e+00 0.000000000000000000e+00 1.000000000000000000e+00
1.716365855187833786e+09 2.551715469360351918e+01 -2.733746147155761719e+01 7.571404576301574707e-01 0.000000000000000000e+00 0.000000000000000000e+00 0.000000000000000000e+00 1.000000000000000000e+00
1.716365855237961054e+09 2.557520484924316406e+01 -2.740361785888671875e+01 7.548459172248840332e-01 0.000000000000000000e+00 0.000000000000000000e+00 0.000000000000000000e+00 1.000000000000000000e+00
1.716365855288525105e+09 2.560375022888183949e+01 -2.743850517272948863e+01 7.534639239311218262e-01 0.000000000000000000e+00 0.000000000000000000e+00 0.000000000000000000e+00 1.000000000000000000e+00
1.716365855338735342e+09 2.563275909423828125e+01 -2.747298240661621094e+01 7.529616951942443848e-01 0.000000000000000000e+00 0.000000000000000000e+00 0.000000000000000000e+00 1.000000000000000000e+00
1.716365855389017344e+09 2.566058731079101562e+01 -2.750721931457519531e+01 7.534165382385253906e-01 0.000000000000000000e+00 0.000000000000000000e+00 0.000000000000000000e+00 1.000000000000000000e+00
1.716365855439154863e+09 2.569110298156738281e+01 -2.754444694519042969e+01 7.549260854721069336e-01 0.000000000000000000e+00 0.000000000000000000e+00 0.000000000000000000e+00 1.000000000000000000e+00
1.716365855539725780e+09 2.574910354614257457e+01 -2.761211204528808949e+01 7.563034296035766602e-01 0.000000000000000000e+00 0.000000000000000000e+00 0.000000000000000000e+00 1.000000000000000000e+00
1.716365855590016842e+09 2.577865600585937145e+01 -2.764890670776367188e+01 7.592598795890808105e-01 0.000000000000000000e+00 0.000000000000000000e+00 0.000000000000000000e+00 1.000000000000000000e+00
1.716365855640291691e+09 2.583593940734863637e+01 -2.772017478942871094e+01 7.683812975883483887e-01 0.000000000000000000e+00 0.000000000000000000e+00 0.000000000000000000e+00 1.000000000000000000e+00
1.716365855690547705e+09 2.586490249633789062e+01 -2.775623130798339844e+01 7.746281027793884277e-01 0.000000000000000000e+00 0.000000000000000000e+00 0.000000000000000000e+00 1.000000000000000000e+00
1.716365855791026592e+09 2.595662689208984375e+01 -2.786108779907226562e+01 7.866362929344177246e-01 0.000000000000000000e+00 0.000000000000000000e+00 0.000000000000000000e+00 1.000000000000000000e+00
1.716365855841146231e+09 2.598637199401855469e+01 -2.789650154113769176e+01 7.965906858444213867e-01 0.000000000000000000e+00 0.000000000000000000e+00 0.000000000000000000e+00 1.000000000000000000e+00
1.716365855891434908e+09 2.601507568359375000e+01 -2.793151092529296875e+01 8.064550161361694336e-01 0.000000000000000000e+00 0.000000000000000000e+00 0.000000000000000000e+00 1.000000000000000000e+00
1.716365855992202759e+09 2.610538864135742543e+01 -2.803651046752929688e+01 8.276597857475280762e-01 0.000000000000000000e+00 0.000000000000000000e+00 0.000000000000000000e+00 1.000000000000000000e+00
1.716365856092311621e+09 2.619540214538574574e+01 -2.814044570922851918e+01 8.508749604225158691e-01 0.000000000000000000e+00 0.000000000000000000e+00 0.000000000000000000e+00 1.000000000000000000e+00
1.716365856142246485e+09 2.622402191162109375e+01 -2.817419433593750000e+01 8.630997538566589355e-01 0.000000000000000000e+00 0.000000000000000000e+00 0.000000000000000000e+00 1.000000000000000000e+00
1.716365856195162773e+09 2.625422096252441051e+01 -2.820920562744140625e+01 8.755690455436706543e-01 0.000000000000000000e+00 0.000000000000000000e+00 0.000000000000000000e+00 1.000000000000000000e+00
1.716365856292913198e+09 2.631144332885742543e+01 -2.827803802490234375e+01 8.990538716316223145e-01 0.000000000000000000e+00 0.000000000000000000e+00 0.000000000000000000e+00 1.000000000000000000e+00
1.716365856343271017e+09 2.633894729614257457e+01 -2.831278991699218750e+01 9.105567336082458496e-01 0.000000000000000000e+00 0.000000000000000000e+00 0.000000000000000000e+00 1.000000000000000000e+00
1.716365856393669367e+09 2.639367294311523438e+01 -2.837817764282226562e+01 9.202621579170228161e-01 0.000000000000000000e+00 0.000000000000000000e+00 0.000000000000000000e+00 1.000000000000000000e+00
1.716365856494166613e+09 2.644431304931640625e+01 -2.844340515136718750e+01 9.374032020568847656e-01 0.000000000000000000e+00 0.000000000000000000e+00 0.000000000000000000e+00 1.000000000000000000e+00
1.716365856545086384e+09 2.646851348876953125e+01 -2.847430038452148438e+01 9.447903633117675781e-01 0.000000000000000000e+00 0.000000000000000000e+00 0.000000000000000000e+00 1.000000000000000000e+00
1.716365856645193577e+09 2.654120063781738281e+01 -2.856258964538574574e+01 9.553380608558655895e-01 0.000000000000000000e+00 0.000000000000000000e+00 0.000000000000000000e+00 1.000000000000000000e+00
1.716365856697098017e+09 2.656397819519042969e+01 -2.859201431274414062e+01 9.596003293991087757e-01 0.000000000000000000e+00 0.000000000000000000e+00 0.000000000000000000e+00 1.000000000000000000e+00
1.716365856746235371e+09 2.658397293090820312e+01 -2.861990165710448863e+01 9.623228311538696289e-01 0.000000000000000000e+00 0.000000000000000000e+00 0.000000000000000000e+00 1.000000000000000000e+00
1.716365856845705509e+09 2.662900161743164062e+01 -2.867501449584960938e+01 9.638831615447998047e-01 0.000000000000000000e+00 0.000000000000000000e+00 0.000000000000000000e+00 1.000000000000000000e+00
1.716365856896195173e+09 2.665078926086425426e+01 -2.870393371582031250e+01 9.648947715759276234e-01 0.000000000000000000e+00 0.000000000000000000e+00 0.000000000000000000e+00 1.000000000000000000e+00
1.716365856945778370e+09 2.668750381469726562e+01 -2.875855636596680043e+01 9.652466177940367542e-01 0.000000000000000000e+00 0.000000000000000000e+00 0.000000000000000000e+00 1.000000000000000000e+00
1.716365856995473623e+09 2.670526313781738281e+01 -2.878572845458984375e+01 9.649828076362609863e-01 0.000000000000000000e+00 0.000000000000000000e+00 0.000000000000000000e+00 1.000000000000000000e+00
1.716365857097158194e+09 2.675671005249023438e+01 -2.885798645019531250e+01 9.617291092872619629e-01 0.000000000000000000e+00 0.000000000000000000e+00 0.000000000000000000e+00 1.000000000000000000e+00
1.716365857145720720e+09 2.677182388305664062e+01 -2.888213539123535156e+01 9.603183269500732422e-01 0.000000000000000000e+00 0.000000000000000000e+00 0.000000000000000000e+00 1.000000000000000000e+00
1.716365857196030140e+09 2.678583526611328125e+01 -2.890456008911132812e+01 9.579803943634032093e-01 0.000000000000000000e+00 0.000000000000000000e+00 0.000000000000000000e+00 1.000000000000000000e+00
1.716365857296158552e+09 2.682970619201660156e+01 -2.896608352661132812e+01 9.534969329833984375e-01 0.000000000000000000e+00 0.000000000000000000e+00 0.000000000000000000e+00 1.000000000000000000e+00
1.716365857346302986e+09 2.684273338317871094e+01 -2.898806762695312500e+01 9.519824981689452015e-01 0.000000000000000000e+00 0.000000000000000000e+00 0.000000000000000000e+00 1.000000000000000000e+00
1.716365857396389484e+09 2.685494995117187500e+01 -2.900807380676269176e+01 9.502807855606080212e-01 0.000000000000000000e+00 0.000000000000000000e+00 0.000000000000000000e+00 1.000000000000000000e+00
1.716365857446652174e+09 2.686748504638671875e+01 -2.902913856506348012e+01 9.481571316719056286e-01 0.000000000000000000e+00 0.000000000000000000e+00 0.000000000000000000e+00 1.000000000000000000e+00
1.716365857496858835e+09 2.689472389221191762e+01 -2.906658363342285156e+01 9.466555118560792126e-01 0.000000000000000000e+00 0.000000000000000000e+00 0.000000000000000000e+00 1.000000000000000000e+00
1.716365857547120094e+09 2.690637588500976918e+01 -2.908711433410644531e+01 9.452574253082276501e-01 0.000000000000000000e+00 0.000000000000000000e+00 0.000000000000000000e+00 1.000000000000000000e+00
1.716365857598482132e+09 2.691719436645508168e+01 -2.910705566406250000e+01 9.440461993217468262e-01 0.000000000000000000e+00 0.000000000000000000e+00 0.000000000000000000e+00 1.000000000000000000e+00
1.716365857647543907e+09 2.692907524108886719e+01 -2.912874412536621094e+01 9.431317448616027832e-01 0.000000000000000000e+00 0.000000000000000000e+00 0.000000000000000000e+00 1.000000000000000000e+00
1.716365857697715521e+09 2.695574760437012074e+01 -2.916537284851074574e+01 9.430412650108336292e-01 0.000000000000000000e+00 0.000000000000000000e+00 0.000000000000000000e+00 1.000000000000000000e+00
1.716365857748105288e+09 2.696688461303710938e+01 -2.918505859375000000e+01 9.440361857414245605e-01 0.000000000000000000e+00 0.000000000000000000e+00 0.000000000000000000e+00 1.000000000000000000e+00
1.716365857798120737e+09 2.697738647460937145e+01 -2.920397377014160156e+01 9.453847408294677734e-01 0.000000000000000000e+00 0.000000000000000000e+00 0.000000000000000000e+00 1.000000000000000000e+00
1.716365857848350763e+09 2.698879241943359730e+01 -2.922478675842285156e+01 9.473785161972045898e-01 0.000000000000000000e+00 0.000000000000000000e+00 0.000000000000000000e+00 1.000000000000000000e+00
1.716365857949480534e+09 2.702793884277344105e+01 -2.928674316406250000e+01 9.526012539863586426e-01 0.000000000000000000e+00 0.000000000000000000e+00 0.000000000000000000e+00 1.000000000000000000e+00
1.716365858000009298e+09 2.705159378051757457e+01 -2.933169937133789062e+01 9.586851596832276501e-01 0.000000000000000000e+00 0.000000000000000000e+00 0.000000000000000000e+00 1.000000000000000000e+00
1.716365858099315882e+09 2.708136749267578125e+01 -2.937504768371582031e+01 9.623090624809264026e-01 0.000000000000000000e+00 0.000000000000000000e+00 0.000000000000000000e+00 1.000000000000000000e+00
1.716365858149501085e+09 2.709450531005859730e+01 -2.940108489990234375e+01 9.658759832382202148e-01 0.000000000000000000e+00 0.000000000000000000e+00 0.000000000000000000e+00 1.000000000000000000e+00
1.716365858201432943e+09 2.710736465454101562e+01 -2.942738342285155895e+01 9.698910117149351917e-01 0.000000000000000000e+00 0.000000000000000000e+00 0.000000000000000000e+00 1.000000000000000000e+00
1.716365858249721289e+09 2.712202835083008168e+01 -2.945472145080566406e+01 9.731445908546447754e-01 0.000000000000000000e+00 0.000000000000000000e+00 0.000000000000000000e+00 1.000000000000000000e+00
1.716365858300560236e+09 2.713455963134765625e+01 -2.947994422912597656e+01 9.763837456703186035e-01 0.000000000000000000e+00 0.000000000000000000e+00 0.000000000000000000e+00 1.000000000000000000e+00
1.716365858350970268e+09 2.716719627380371094e+01 -2.952745437622070312e+01 9.809004664421081543e-01 0.000000000000000000e+00 0.000000000000000000e+00 0.000000000000000000e+00 1.000000000000000000e+00
1.716365858400580406e+09 2.717956733703613281e+01 -2.955282974243164062e+01 9.847925901412963867e-01 0.000000000000000000e+00 0.000000000000000000e+00 0.000000000000000000e+00 1.000000000000000000e+00
1.716365858450602531e+09 2.719367599487304688e+01 -2.958066940307616832e+01 9.880264401435852051e-01 0.000000000000000000e+00 0.000000000000000000e+00 0.000000000000000000e+00 1.000000000000000000e+00
1.716365858501100540e+09 2.720689201354980469e+01 -2.960660171508789062e+01 9.908158779144288220e-01 0.000000000000000000e+00 0.000000000000000000e+00 0.000000000000000000e+00 1.000000000000000000e+00
1.716365858551082611e+09 2.724053192138671875e+01 -2.965450096130371094e+01 9.931766986846923828e-01 0.000000000000000000e+00 0.000000000000000000e+00 0.000000000000000000e+00 1.000000000000000000e+00
1.716365858602888823e+09 2.725388145446777344e+01 -2.968029975891113281e+01 9.956302046775817871e-01 0.000000000000000000e+00 0.000000000000000000e+00 0.000000000000000000e+00 1.000000000000000000e+00
1.716365858651537180e+09 2.726649475097655895e+01 -2.970811843872070312e+01 9.972825050354003906e-01 0.000000000000000000e+00 0.000000000000000000e+00 0.000000000000000000e+00 1.000000000000000000e+00
1.716365858703543901e+09 2.727942276000976918e+01 -2.973427963256835938e+01 9.984549880027772106e-01 0.000000000000000000e+00 0.000000000000000000e+00 0.000000000000000000e+00 1.000000000000000000e+00
1.716365858752668381e+09 2.731111335754394531e+01 -2.977985572814941051e+01 9.989186525344847523e-01 0.000000000000000000e+00 0.000000000000000000e+00 0.000000000000000000e+00 1.000000000000000000e+00
1.716365858804059982e+09 2.732323265075683949e+01 -2.980401039123535156e+01 9.982135295867919922e-01 0.000000000000000000e+00 0.000000000000000000e+00 0.000000000000000000e+00 1.000000000000000000e+00
1.716365858852558136e+09 2.733529281616210938e+01 -2.982821655273437145e+01 9.975112080574035645e-01 0.000000000000000000e+00 0.000000000000000000e+00 0.000000000000000000e+00 1.000000000000000000e+00
1.716365858903304338e+09 2.734583663940429688e+01 -2.984972953796386719e+01 9.961478710174560547e-01 0.000000000000000000e+00 0.000000000000000000e+00 0.000000000000000000e+00 1.000000000000000000e+00
1.716365858952837467e+09 2.735550689697265625e+01 -2.987067604064941051e+01 9.940804839134216309e-01 0.000000000000000000e+00 0.000000000000000000e+00 0.000000000000000000e+00 1.000000000000000000e+00
1.716365859003994226e+09 2.737451934814453125e+01 -2.990201759338378906e+01 9.900526404380798340e-01 0.000000000000000000e+00 0.000000000000000000e+00 0.000000000000000000e+00 1.000000000000000000e+00
1.716365859053962708e+09 2.738243675231933594e+01 -2.991909980773925426e+01 9.854653477668762207e-01 0.000000000000000000e+00 0.000000000000000000e+00 0.000000000000000000e+00 1.000000000000000000e+00
1.716365859104409456e+09 2.738886260986328125e+01 -2.993348312377929688e+01 9.813257455825805664e-01 0.000000000000000000e+00 0.000000000000000000e+00 0.000000000000000000e+00 1.000000000000000000e+00
1.716365859154247999e+09 2.739425277709960938e+01 -2.994608879089355469e+01 9.762321114540100098e-01 0.000000000000000000e+00 0.000000000000000000e+00 0.000000000000000000e+00 1.000000000000000000e+00
1.716365859204327106e+09 2.740249824523925426e+01 -2.996283531188964844e+01 9.699372649192810059e-01 0.000000000000000000e+00 0.000000000000000000e+00 0.000000000000000000e+00 1.000000000000000000e+00
1.716365859253834486e+09 2.740517807006835938e+01 -2.997113990783691762e+01 9.648272395133972168e-01 0.000000000000000000e+00 0.000000000000000000e+00 0.000000000000000000e+00 1.000000000000000000e+00
1.716365859304039717e+09 2.740588188171386719e+01 -2.997583389282226562e+01 9.601119756698608398e-01 0.000000000000000000e+00 0.000000000000000000e+00 0.000000000000000000e+00 1.000000000000000000e+00
1.716365859354322672e+09 2.740402603149414062e+01 -2.997880744934082031e+01 9.556452035903931774e-01 0.000000000000000000e+00 0.000000000000000000e+00 0.000000000000000000e+00 1.000000000000000000e+00
1.716365859405935287e+09 2.739851760864257457e+01 -2.997559738159180043e+01 9.490372538566588245e-01 0.000000000000000000e+00 0.000000000000000000e+00 0.000000000000000000e+00 1.000000000000000000e+00
1.716365859454759598e+09 2.739274597167968750e+01 -2.997128868103027699e+01 9.434911012649536133e-01 0.000000000000000000e+00 0.000000000000000000e+00 0.000000000000000000e+00 1.000000000000000000e+00
1.716365859505425930e+09 2.737598609924316406e+01 -2.995662117004394531e+01 9.335373640060423694e-01 0.000000000000000000e+00 0.000000000000000000e+00 0.000000000000000000e+00 1.000000000000000000e+00
1.716365859605659485e+09 2.735508155822753906e+01 -2.993637084960937145e+01 9.299940466880798340e-01 0.000000000000000000e+00 0.000000000000000000e+00 0.000000000000000000e+00 1.000000000000000000e+00
1.716365859655905247e+09 2.733985137939453125e+01 -2.992178344726562500e+01 9.269783496856689453e-01 0.000000000000000000e+00 0.000000000000000000e+00 0.000000000000000000e+00 1.000000000000000000e+00
1.716365859705737591e+09 2.732380867004394531e+01 -2.990525817871093750e+01 9.256561994552612305e-01 0.000000000000000000e+00 0.000000000000000000e+00 0.000000000000000000e+00 1.000000000000000000e+00
1.716365859756072521e+09 2.729111480712890270e+01 -2.986460876464844105e+01 9.215462803840636097e-01 0.000000000000000000e+00 0.000000000000000000e+00 0.000000000000000000e+00 1.000000000000000000e+00
1.716365859907104015e+09 2.723049926757812500e+01 -2.979130172729491832e+01 9.217997193336487927e-01 0.000000000000000000e+00 0.000000000000000000e+00 0.000000000000000000e+00 1.000000000000000000e+00
1.716365859959367752e+09 2.718596458435058238e+01 -2.973176574707031250e+01 9.229152202606200062e-01 0.000000000000000000e+00 0.000000000000000000e+00 0.000000000000000000e+00 1.000000000000000000e+00
1.716365860007940054e+09 2.716302871704101562e+01 -2.969989585876464844e+01 9.234830141067503773e-01 0.000000000000000000e+00 0.000000000000000000e+00 0.000000000000000000e+00 1.000000000000000000e+00
1.716365860158150911e+09 2.710800170898437145e+01 -2.963097190856933594e+01 9.242936968803405762e-01 0.000000000000000000e+00 0.000000000000000000e+00 0.000000000000000000e+00 1.000000000000000000e+00
1.716365860215360403e+09 2.702248382568359730e+01 -2.951134490966796875e+01 9.265360832214355469e-01 0.000000000000000000e+00 0.000000000000000000e+00 0.000000000000000000e+00 1.000000000000000000e+00
1.716365860308084965e+09 2.695570755004882812e+01 -2.943015289306640625e+01 9.289873838424683727e-01 0.000000000000000000e+00 0.000000000000000000e+00 0.000000000000000000e+00 1.000000000000000000e+00
1.716365860408676624e+09 2.689040374755859730e+01 -2.933949089050292969e+01 9.324245452880860485e-01 0.000000000000000000e+00 0.000000000000000000e+00 0.000000000000000000e+00 1.000000000000000000e+00
1.716365860460220575e+09 2.681603813171386719e+01 -2.924625396728515980e+01 9.346806406974792480e-01 0.000000000000000000e+00 0.000000000000000000e+00 0.000000000000000000e+00 1.000000000000000000e+00
1.716365860509359121e+09 2.678126716613769176e+01 -2.919539070129394531e+01 9.360470175743104138e-01 0.000000000000000000e+00 0.000000000000000000e+00 0.000000000000000000e+00 1.000000000000000000e+00
1.716365860559628248e+09 2.670802307128906250e+01 -2.908618354797363637e+01 9.382141828536988415e-01 0.000000000000000000e+00 0.000000000000000000e+00 0.000000000000000000e+00 1.000000000000000000e+00
1.716365860660024881e+09 2.667025756835937145e+01 -2.902991485595703125e+01 9.395743012428283691e-01 0.000000000000000000e+00 0.000000000000000000e+00 0.000000000000000000e+00 1.000000000000000000e+00
1.716365860710051060e+09 2.663059234619140625e+01 -2.897130012512207031e+01 9.401378035545348011e-01 0.000000000000000000e+00 0.000000000000000000e+00 0.000000000000000000e+00 1.000000000000000000e+00
1.716365860811020374e+09 2.646383476257323863e+01 -2.874007034301757457e+01 9.367461204528807484e-01 0.000000000000000000e+00 0.000000000000000000e+00 0.000000000000000000e+00 1.000000000000000000e+00
1.716365860911320686e+09 2.637290954589844105e+01 -2.862525558471680043e+01 9.340743422508239746e-01 0.000000000000000000e+00 0.000000000000000000e+00 0.000000000000000000e+00 1.000000000000000000e+00
1.716365860961064339e+09 2.633161735534667969e+01 -2.856255722045898438e+01 9.283574819564820446e-01 0.000000000000000000e+00 0.000000000000000000e+00 0.000000000000000000e+00 1.000000000000000000e+00
1.716365861011005640e+09 2.627417755126953125e+01 -2.848210906982421875e+01 9.234539866447447620e-01 0.000000000000000000e+00 0.000000000000000000e+00 0.000000000000000000e+00 1.000000000000000000e+00
1.716365861061245203e+09 2.620376968383789062e+01 -2.838777160644531250e+01 9.189601540565491833e-01 0.000000000000000000e+00 0.000000000000000000e+00 0.000000000000000000e+00 1.000000000000000000e+00
1.716365861161640167e+09 2.611226844787597656e+01 -2.825277709960937145e+01 9.032037854194640003e-01 0.000000000000000000e+00 0.000000000000000000e+00 0.000000000000000000e+00 1.000000000000000000e+00
1.716365861212076902e+09 2.602523422241210938e+01 -2.812173652648925426e+01 8.847144246101379395e-01 0.000000000000000000e+00 0.000000000000000000e+00 0.000000000000000000e+00 1.000000000000000000e+00
1.716365861262022257e+09 2.598270034790039062e+01 -2.805731010437012074e+01 8.743172287940979004e-01 0.000000000000000000e+00 0.000000000000000000e+00 0.000000000000000000e+00 1.000000000000000000e+00
1.716365861362526655e+09 2.587931442260742543e+01 -2.792520332336425426e+01 8.649131655693054199e-01 0.000000000000000000e+00 0.000000000000000000e+00 0.000000000000000000e+00 1.000000000000000000e+00
1.716365861413005829e+09 2.578384017944335938e+01 -2.778272247314453125e+01 8.425035476684570312e-01 0.000000000000000000e+00 0.000000000000000000e+00 0.000000000000000000e+00 1.000000000000000000e+00
1.716365861513184309e+09 2.568012237548828125e+01 -2.765085792541503906e+01 8.318582177162170410e-01 0.000000000000000000e+00 0.000000000000000000e+00 0.000000000000000000e+00 1.000000000000000000e+00
1.716365861563512087e+09 2.563187599182128906e+01 -2.757935523986816406e+01 8.197962045669555664e-01 0.000000000000000000e+00 0.000000000000000000e+00 0.000000000000000000e+00 1.000000000000000000e+00
1.716365861664220095e+09 2.548834228515625000e+01 -2.735816764831542969e+01 7.831543684005737305e-01 0.000000000000000000e+00 0.000000000000000000e+00 0.000000000000000000e+00 1.000000000000000000e+00
1.716365861714094639e+09 2.544128608703613281e+01 -2.728416061401367188e+01 7.721586823463439941e-01 0.000000000000000000e+00 0.000000000000000000e+00 0.000000000000000000e+00 1.000000000000000000e+00
1.716365861814743042e+09 2.533556365966796875e+01 -2.714729118347167969e+01 7.633569836616516113e-01 0.000000000000000000e+00 0.000000000000000000e+00 0.000000000000000000e+00 1.000000000000000000e+00
1.716365861915977478e+09 2.523438453674316406e+01 -2.698950195312500000e+01 7.460120916366577148e-01 0.000000000000000000e+00 0.000000000000000000e+00 0.000000000000000000e+00 1.000000000000000000e+00
1.716365861965997219e+09 2.512493324279785156e+01 -2.684794425964355469e+01 7.403864264488220215e-01 0.000000000000000000e+00 0.000000000000000000e+00 0.000000000000000000e+00 1.000000000000000000e+00
1.716365862016453266e+09 2.502572631835937145e+01 -2.668837738037109375e+01 7.286867499351501465e-01 0.000000000000000000e+00 0.000000000000000000e+00 0.000000000000000000e+00 1.000000000000000000e+00
1.716365862066789150e+09 2.498033142089844105e+01 -2.661154937744140625e+01 7.252519130706787109e-01 0.000000000000000000e+00 0.000000000000000000e+00 0.000000000000000000e+00 1.000000000000000000e+00
1.716365862167071342e+09 2.492525863647460938e+01 -2.652600097656250000e+01 7.233404517173767090e-01 0.000000000000000000e+00 0.000000000000000000e+00 0.000000000000000000e+00 1.000000000000000000e+00
1.716365862217290401e+09 2.480716514587402344e+01 -2.637210845947265625e+01 7.247794866561889648e-01 0.000000000000000000e+00 0.000000000000000000e+00 0.000000000000000000e+00 1.000000000000000000e+00
1.716365862267420530e+09 2.470045661926269176e+01 -2.620479774475097656e+01 7.286565303802490234e-01 0.000000000000000000e+00 0.000000000000000000e+00 0.000000000000000000e+00 1.000000000000000000e+00
1.716365862317538261e+09 2.464541816711425426e+01 -2.612070083618164062e+01 7.323547601699829102e-01 0.000000000000000000e+00 0.000000000000000000e+00 0.000000000000000000e+00 1.000000000000000000e+00
1.716365862417864084e+09 2.446848678588867188e+01 -2.588376998901367188e+01 7.481325864791870117e-01 0.000000000000000000e+00 0.000000000000000000e+00 0.000000000000000000e+00 1.000000000000000000e+00
1.716365862467947245e+09 2.441485023498535156e+01 -2.580260086059570312e+01 7.575579285621643066e-01 0.000000000000000000e+00 0.000000000000000000e+00 0.000000000000000000e+00 1.000000000000000000e+00
1.716365862518172503e+09 2.435341262817382812e+01 -2.571507453918457031e+01 7.685942649841308594e-01 0.000000000000000000e+00 0.000000000000000000e+00 0.000000000000000000e+00 1.000000000000000000e+00
1.716365862668943882e+09 2.413503074645996094e+01 -2.542152214050292969e+01 8.090122938156127930e-01 0.000000000000000000e+00 0.000000000000000000e+00 0.000000000000000000e+00 1.000000000000000000e+00
1.716365862719186783e+09 2.407911872863769176e+01 -2.533980941772460938e+01 8.230065107345581055e-01 0.000000000000000000e+00 0.000000000000000000e+00 0.000000000000000000e+00 1.000000000000000000e+00
1.716365862821415901e+09 2.388893318176269176e+01 -2.510333442687988281e+01 8.571834564208984375e-01 0.000000000000000000e+00 0.000000000000000000e+00 0.000000000000000000e+00 1.000000000000000000e+00
1.716365862869776726e+09 2.382619476318359730e+01 -2.502402305603027699e+01 8.748337030410766602e-01 0.000000000000000000e+00 0.000000000000000000e+00 0.000000000000000000e+00 1.000000000000000000e+00
1.716365862970338821e+09 2.362740325927734375e+01 -2.479168128967285156e+01 9.160508513450623669e-01 0.000000000000000000e+00 0.000000000000000000e+00 0.000000000000000000e+00 1.000000000000000000e+00
1.716365863020360231e+09 2.356412315368652344e+01 -2.471152496337890270e+01 9.366688728332519531e-01 0.000000000000000000e+00 0.000000000000000000e+00 0.000000000000000000e+00 1.000000000000000000e+00
1.716365863070596457e+09 2.349829292297363637e+01 -2.462966918945312500e+01 9.587573409080504261e-01 0.000000000000000000e+00 0.000000000000000000e+00 0.000000000000000000e+00 1.000000000000000000e+00
1.716365863171064854e+09 2.329583549499512074e+01 -2.439669227600097656e+01 1.007511615753173828e+00 0.000000000000000000e+00 0.000000000000000000e+00 0.000000000000000000e+00 1.000000000000000000e+00
1.716365863221285105e+09 2.322458076477050781e+01 -2.431726264953613281e+01 1.033503293991088867e+00 0.000000000000000000e+00 0.000000000000000000e+00 0.000000000000000000e+00 1.000000000000000000e+00
1.716365863321503401e+09 2.308786201477050781e+01 -2.416932868957519531e+01 1.081731677055358887e+00 0.000000000000000000e+00 0.000000000000000000e+00 0.000000000000000000e+00 1.000000000000000000e+00
1.716365863421847343e+09 2.286258316040039062e+01 -2.392608261108398438e+01 1.127956628799438477e+00 0.000000000000000000e+00 0.000000000000000000e+00 0.000000000000000000e+00 1.000000000000000000e+00
1.716365863522334099e+09 2.271265220642089844e+01 -2.376280784606933594e+01 1.166002750396728294e+00 0.000000000000000000e+00 0.000000000000000000e+00 0.000000000000000000e+00 1.000000000000000000e+00
1.716365863573524237e+09 2.264191246032714844e+01 -2.368678092956542969e+01 1.183903336524963379e+00 0.000000000000000000e+00 0.000000000000000000e+00 0.000000000000000000e+00 1.000000000000000000e+00
1.716365863672876835e+09 2.249405860900878906e+01 -2.353087615966796875e+01 1.200385689735412598e+00 0.000000000000000000e+00 0.000000000000000000e+00 0.000000000000000000e+00 1.000000000000000000e+00
1.716365863723078728e+09 2.234276390075683949e+01 -2.337141036987304688e+01 1.223650693893432617e+00 0.000000000000000000e+00 0.000000000000000000e+00 0.000000000000000000e+00 1.000000000000000000e+00
1.716365863773282290e+09 2.226668930053710938e+01 -2.329343414306640625e+01 1.232725620269775391e+00 0.000000000000000000e+00 0.000000000000000000e+00 0.000000000000000000e+00 1.000000000000000000e+00
1.716365863874023438e+09 2.211301422119140625e+01 -2.313468170166015980e+01 1.240907549858093262e+00 0.000000000000000000e+00 0.000000000000000000e+00 0.000000000000000000e+00 1.000000000000000000e+00
1.716365863924425125e+09 2.195559120178222656e+01 -2.297262954711914062e+01 1.252830624580383301e+00 0.000000000000000000e+00 0.000000000000000000e+00 0.000000000000000000e+00 1.000000000000000000e+00
1.716365863974748850e+09 2.187947654724121094e+01 -2.289326286315917969e+01 1.258016943931579590e+00 0.000000000000000000e+00 0.000000000000000000e+00 0.000000000000000000e+00 1.000000000000000000e+00
1.716365864075460434e+09 2.172512054443359730e+01 -2.273097419738769176e+01 1.263032674789428711e+00 0.000000000000000000e+00 0.000000000000000000e+00 0.000000000000000000e+00 1.000000000000000000e+00
1.716365864125376940e+09 2.164575386047363637e+01 -2.264640808105468750e+01 1.267586588859558105e+00 0.000000000000000000e+00 0.000000000000000000e+00 0.000000000000000000e+00 1.000000000000000000e+00
1.716365864175665140e+09 2.148828506469726562e+01 -2.247604179382323863e+01 1.274088859558105691e+00 0.000000000000000000e+00 0.000000000000000000e+00 0.000000000000000000e+00 1.000000000000000000e+00
1.716365864225611687e+09 2.140918159484863637e+01 -2.238981628417968750e+01 1.276352643966674805e+00 0.000000000000000000e+00 0.000000000000000000e+00 0.000000000000000000e+00 1.000000000000000000e+00
1.716365864326127529e+09 2.125048637390136719e+01 -2.221920585632323863e+01 1.279352784156799094e+00 0.000000000000000000e+00 0.000000000000000000e+00 0.000000000000000000e+00 1.000000000000000000e+00
1.716365864376228809e+09 2.109729003906250000e+01 -2.204610824584960938e+01 1.283275961875915527e+00 0.000000000000000000e+00 0.000000000000000000e+00 0.000000000000000000e+00 1.000000000000000000e+00
1.716365864426679850e+09 2.102243614196777344e+01 -2.195995521545410156e+01 1.284056782722473145e+00 0.000000000000000000e+00 0.000000000000000000e+00 0.000000000000000000e+00 1.000000000000000000e+00
1.716365864526890516e+09 2.086200141906738281e+01 -2.178683090209960938e+01 1.284609436988830566e+00 0.000000000000000000e+00 0.000000000000000000e+00 0.000000000000000000e+00 1.000000000000000000e+00
1.716365864577135324e+09 2.071693229675292969e+01 -2.161141777038574574e+01 1.282092571258544922e+00 0.000000000000000000e+00 0.000000000000000000e+00 0.000000000000000000e+00 1.000000000000000000e+00
1.716365864627447605e+09 2.063804435729980469e+01 -2.151663970947265625e+01 1.280970811843872070e+00 0.000000000000000000e+00 0.000000000000000000e+00 0.000000000000000000e+00 1.000000000000000000e+00
1.716365864677519083e+09 2.056690025329589844e+01 -2.142967414855957031e+01 1.280259132385253906e+00 0.000000000000000000e+00 0.000000000000000000e+00 0.000000000000000000e+00 1.000000000000000000e+00
1.716365864778517962e+09 2.034189033508300781e+01 -2.116880989074707031e+01 1.280345082283020020e+00 0.000000000000000000e+00 0.000000000000000000e+00 0.000000000000000000e+00 1.000000000000000000e+00
1.716365864828203917e+09 2.027295684814453125e+01 -2.108248519897460938e+01 1.279736995697021706e+00 0.000000000000000000e+00 0.000000000000000000e+00 0.000000000000000000e+00 1.000000000000000000e+00
1.716365864878525496e+09 2.020458412170410156e+01 -2.099421882629394531e+01 1.278531908988952637e+00 0.000000000000000000e+00 0.000000000000000000e+00 0.000000000000000000e+00 1.000000000000000000e+00
1.716365864978887320e+09 1.999305152893066406e+01 -2.073557472229003906e+01 1.275415062904357910e+00 0.000000000000000000e+00 0.000000000000000000e+00 0.000000000000000000e+00 1.000000000000000000e+00
1.716365865029087305e+09 1.992387771606445312e+01 -2.064249992370605113e+01 1.274183511734008789e+00 0.000000000000000000e+00 0.000000000000000000e+00 0.000000000000000000e+00 1.000000000000000000e+00
1.716365865079327345e+09 1.986431312561035156e+01 -2.055821800231933594e+01 1.273958802223205566e+00 0.000000000000000000e+00 0.000000000000000000e+00 0.000000000000000000e+00 1.000000000000000000e+00
1.716365865129970789e+09 1.979718780517578125e+01 -2.046594619750976918e+01 1.274868845939636230e+00 0.000000000000000000e+00 0.000000000000000000e+00 0.000000000000000000e+00 1.000000000000000000e+00
1.716365865230004549e+09 1.959753036499023438e+01 -2.021249580383300781e+01 1.281124711036681907e+00 0.000000000000000000e+00 0.000000000000000000e+00 0.000000000000000000e+00 1.000000000000000000e+00
1.716365865281090021e+09 1.953288459777832031e+01 -2.012337303161621094e+01 1.284143686294555664e+00 0.000000000000000000e+00 0.000000000000000000e+00 0.000000000000000000e+00 1.000000000000000000e+00
1.716365865330556393e+09 1.946951675415039062e+01 -2.003439712524414062e+01 1.288012981414794922e+00 0.000000000000000000e+00 0.000000000000000000e+00 0.000000000000000000e+00 1.000000000000000000e+00
1.716365865381021738e+09 1.934181785583496094e+01 -1.988103103637695668e+01 1.291895866394042969e+00 0.000000000000000000e+00 0.000000000000000000e+00 0.000000000000000000e+00 1.000000000000000000e+00
1.716365865431049585e+09 1.927490615844726562e+01 -1.979129028320312500e+01 1.295786857604980469e+00 0.000000000000000000e+00 0.000000000000000000e+00 0.000000000000000000e+00 1.000000000000000000e+00
1.716365865481221199e+09 1.921275520324707031e+01 -1.970668029785155895e+01 1.300083994865417703e+00 0.000000000000000000e+00 0.000000000000000000e+00 0.000000000000000000e+00 1.000000000000000000e+00
1.716365865531431913e+09 1.915296363830566406e+01 -1.962534523010253906e+01 1.304562449455261230e+00 0.000000000000000000e+00 0.000000000000000000e+00 0.000000000000000000e+00 1.000000000000000000e+00
1.716365865581891775e+09 1.902359771728515980e+01 -1.947497177124023438e+01 1.310269117355346902e+00 0.000000000000000000e+00 0.000000000000000000e+00 0.000000000000000000e+00 1.000000000000000000e+00
1.716365865632220507e+09 1.896050262451171875e+01 -1.939265823364257457e+01 1.315386533737182617e+00 0.000000000000000000e+00 0.000000000000000000e+00 0.000000000000000000e+00 1.000000000000000000e+00
1.716365865682458639e+09 1.889761924743652344e+01 -1.931012153625488281e+01 1.320296525955200195e+00 0.000000000000000000e+00 0.000000000000000000e+00 0.000000000000000000e+00 1.000000000000000000e+00
1.716365865783161163e+09 1.871502304077148438e+01 -1.908873558044433594e+01 1.333919048309326172e+00 0.000000000000000000e+00 0.000000000000000000e+00 0.000000000000000000e+00 1.000000000000000000e+00
1.716365865883553982e+09 1.865538406372070312e+01 -1.901281547546386719e+01 1.341039180755615234e+00 0.000000000000000000e+00 0.000000000000000000e+00 0.000000000000000000e+00 1.000000000000000000e+00
1.716365865933612108e+09 1.859484481811523438e+01 -1.893917274475097656e+01 1.348633527755737305e+00 0.000000000000000000e+00 0.000000000000000000e+00 0.000000000000000000e+00 1.000000000000000000e+00
1.716365865983892441e+09 1.846924781799316406e+01 -1.879351234436035156e+01 1.364593267440795898e+00 0.000000000000000000e+00 0.000000000000000000e+00 0.000000000000000000e+00 1.000000000000000000e+00
1.716365866084526777e+09 1.833897781372070312e+01 -1.865517997741699219e+01 1.371752262115478294e+00 0.000000000000000000e+00 0.000000000000000000e+00 0.000000000000000000e+00 1.000000000000000000e+00
1.716365866134393930e+09 1.827662849426269176e+01 -1.858749771118164062e+01 1.378019928932189941e+00 0.000000000000000000e+00 0.000000000000000000e+00 0.000000000000000000e+00 1.000000000000000000e+00
1.716365866184510231e+09 1.814729309082031250e+01 -1.845668983459472656e+01 1.391658306121826172e+00 0.000000000000000000e+00 0.000000000000000000e+00 0.000000000000000000e+00 1.000000000000000000e+00
1.716365866235968351e+09 1.808263778686523438e+01 -1.839547729492187500e+01 1.398324966430664062e+00 0.000000000000000000e+00 0.000000000000000000e+00 0.000000000000000000e+00 1.000000000000000000e+00
1.716365866335523605e+09 1.795985603332519531e+01 -1.827641105651855469e+01 1.404280304908752441e+00 0.000000000000000000e+00 0.000000000000000000e+00 0.000000000000000000e+00 1.000000000000000000e+00
1.716365866385906696e+09 1.782919692993164062e+01 -1.815667724609375000e+01 1.411869525909423828e+00 0.000000000000000000e+00 0.000000000000000000e+00 0.000000000000000000e+00 1.000000000000000000e+00
1.716365866436086416e+09 1.776380920410156250e+01 -1.809615898132323863e+01 1.414432525634765625e+00 0.000000000000000000e+00 0.000000000000000000e+00 0.000000000000000000e+00 1.000000000000000000e+00
1.716365866536553621e+09 1.763381195068359375e+01 -1.797014427185058594e+01 1.417351603507995605e+00 0.000000000000000000e+00 0.000000000000000000e+00 0.000000000000000000e+00 1.000000000000000000e+00
1.716365866586806536e+09 1.750214004516601562e+01 -1.785418319702148438e+01 1.422970414161681907e+00 0.000000000000000000e+00 0.000000000000000000e+00 0.000000000000000000e+00 1.000000000000000000e+00
1.716365866637192726e+09 1.743805122375488281e+01 -1.779938888549804688e+01 1.426190853118896484e+00 0.000000000000000000e+00 0.000000000000000000e+00 0.000000000000000000e+00 1.000000000000000000e+00
1.716365866737525940e+09 1.724162673950195312e+01 -1.761944770812988281e+01 1.429991483688354492e+00 0.000000000000000000e+00 0.000000000000000000e+00 0.000000000000000000e+00 1.000000000000000000e+00
1.716365866787664413e+09 1.717546081542968750e+01 -1.756246948242187500e+01 1.430468678474426492e+00 0.000000000000000000e+00 0.000000000000000000e+00 0.000000000000000000e+00 1.000000000000000000e+00
1.716365866837702513e+09 1.710852432250976562e+01 -1.750484275817871094e+01 1.430809855461120605e+00 0.000000000000000000e+00 0.000000000000000000e+00 0.000000000000000000e+00 1.000000000000000000e+00
1.716365866937993526e+09 1.690133476257324219e+01 -1.731721115112304688e+01 1.431545734405517578e+00 0.000000000000000000e+00 0.000000000000000000e+00 0.000000000000000000e+00 1.000000000000000000e+00
1.716365866988246679e+09 1.683285713195800781e+01 -1.725967788696289062e+01 1.431954503059387207e+00 0.000000000000000000e+00 0.000000000000000000e+00 0.000000000000000000e+00 1.000000000000000000e+00
1.716365867038305283e+09 1.676127052307128906e+01 -1.719818878173828125e+01 1.431923508644104004e+00 0.000000000000000000e+00 0.000000000000000000e+00 0.000000000000000000e+00 1.000000000000000000e+00
1.716365867088530064e+09 1.669260787963867188e+01 -1.714082527160644531e+01 1.430816531181335449e+00 0.000000000000000000e+00 0.000000000000000000e+00 0.000000000000000000e+00 1.000000000000000000e+00
1.716365867138479948e+09 1.656631469726562500e+01 -1.702511787414550781e+01 1.428536176681518555e+00 0.000000000000000000e+00 0.000000000000000000e+00 0.000000000000000000e+00 1.000000000000000000e+00
1.716365867188682556e+09 1.649016189575195312e+01 -1.696246147155761719e+01 1.424103617668152078e+00 0.000000000000000000e+00 0.000000000000000000e+00 0.000000000000000000e+00 1.000000000000000000e+00
1.716365867238745689e+09 1.642044639587402344e+01 -1.690608596801757812e+01 1.418231487274169922e+00 0.000000000000000000e+00 0.000000000000000000e+00 0.000000000000000000e+00 1.000000000000000000e+00
1.716365867289068699e+09 1.634689331054687500e+01 -1.684506034851074219e+01 1.411299586296081543e+00 0.000000000000000000e+00 0.000000000000000000e+00 0.000000000000000000e+00 1.000000000000000000e+00
1.716365867339197874e+09 1.619938850402832031e+01 -1.670669746398925781e+01 1.405608773231506348e+00 0.000000000000000000e+00 0.000000000000000000e+00 0.000000000000000000e+00 1.000000000000000000e+00
1.716365867389426470e+09 1.612363624572753906e+01 -1.664359283447265625e+01 1.395786881446838379e+00 0.000000000000000000e+00 0.000000000000000000e+00 0.000000000000000000e+00 1.000000000000000000e+00
1.716365867439675331e+09 1.605584907531738281e+01 -1.658947372436523438e+01 1.386809349060058594e+00 0.000000000000000000e+00 0.000000000000000000e+00 0.000000000000000000e+00 1.000000000000000000e+00
1.716365867489867210e+09 1.598522472381591797e+01 -1.653390884399414062e+01 1.377720236778259277e+00 0.000000000000000000e+00 0.000000000000000000e+00 0.000000000000000000e+00 1.000000000000000000e+00
1.716365867540091991e+09 1.583969497680664062e+01 -1.640330886840820312e+01 1.368931412696838379e+00 0.000000000000000000e+00 0.000000000000000000e+00 0.000000000000000000e+00 1.000000000000000000e+00
1.716365867590335846e+09 1.576207447052001953e+01 -1.634473609924316406e+01 1.359678149223327637e+00 0.000000000000000000e+00 0.000000000000000000e+00 0.000000000000000000e+00 1.000000000000000000e+00
1.716365867640627623e+09 1.568497276306152344e+01 -1.628842163085937500e+01 1.350742936134338379e+00 0.000000000000000000e+00 0.000000000000000000e+00 0.000000000000000000e+00 1.000000000000000000e+00
1.716365867691322803e+09 1.560612773895263672e+01 -1.623237991333007812e+01 1.342260479927062988e+00 0.000000000000000000e+00 0.000000000000000000e+00 0.000000000000000000e+00 1.000000000000000000e+00
1.716365867740949869e+09 1.545881748199462713e+01 -1.610757827758789062e+01 1.334437608718872070e+00 0.000000000000000000e+00 0.000000000000000000e+00 0.000000000000000000e+00 1.000000000000000000e+00
1.716365867791358948e+09 1.537319374084472834e+01 -1.604967498779296875e+01 1.326783418655395508e+00 0.000000000000000000e+00 0.000000000000000000e+00 0.000000000000000000e+00 1.000000000000000000e+00
1.716365867841387987e+09 1.528769397735595525e+01 -1.599577808380126953e+01 1.319901466369628906e+00 0.000000000000000000e+00 0.000000000000000000e+00 0.000000000000000000e+00 1.000000000000000000e+00
1.716365867941832542e+09 1.512112998962402344e+01 -1.590021991729736328e+01 1.307688236236572488e+00 0.000000000000000000e+00 0.000000000000000000e+00 0.000000000000000000e+00 1.000000000000000000e+00
1.716365867991896391e+09 1.496541309356689631e+01 -1.577912616729736328e+01 1.303644418716430886e+00 0.000000000000000000e+00 0.000000000000000000e+00 0.000000000000000000e+00 1.000000000000000000e+00
1.716365868043287277e+09 1.487886619567871271e+01 -1.573020553588867188e+01 1.299998760223388894e+00 0.000000000000000000e+00 0.000000000000000000e+00 0.000000000000000000e+00 1.000000000000000000e+00
1.716365868092476606e+09 1.479183483123779119e+01 -1.568444347381591797e+01 1.297064304351806641e+00 0.000000000000000000e+00 0.000000000000000000e+00 0.000000000000000000e+00 1.000000000000000000e+00
1.716365868142764330e+09 1.470017719268798828e+01 -1.563611698150634766e+01 1.295323967933654785e+00 0.000000000000000000e+00 0.000000000000000000e+00 0.000000000000000000e+00 1.000000000000000000e+00
1.716365868193082094e+09 1.454497146606445135e+01 -1.552256298065185547e+01 1.294564247131347656e+00 0.000000000000000000e+00 0.000000000000000000e+00 0.000000000000000000e+00 1.000000000000000000e+00
1.716365868243127584e+09 1.445238304138183594e+01 -1.547769355773925781e+01 1.292943835258484109e+00 0.000000000000000000e+00 0.000000000000000000e+00 0.000000000000000000e+00 1.000000000000000000e+00
1.716365868293213606e+09 1.436174392700195135e+01 -1.543636703491210938e+01 1.289986133575439675e+00 0.000000000000000000e+00 0.000000000000000000e+00 0.000000000000000000e+00 1.000000000000000000e+00
1.716365868343747139e+09 1.426878738403320312e+01 -1.539435195922851562e+01 1.285734057426452637e+00 0.000000000000000000e+00 0.000000000000000000e+00 0.000000000000000000e+00 1.000000000000000000e+00
1.716365868394273996e+09 1.411364555358886719e+01 -1.528713989257812322e+01 1.280990242958068848e+00 0.000000000000000000e+00 0.000000000000000000e+00 0.000000000000000000e+00 1.000000000000000000e+00
1.716365868444662809e+09 1.401894855499267578e+01 -1.524783039093017578e+01 1.273669600486755371e+00 0.000000000000000000e+00 0.000000000000000000e+00 0.000000000000000000e+00 1.000000000000000000e+00
1.716365868494621038e+09 1.392364311218261541e+01 -1.521164512634277166e+01 1.265109777450561523e+00 0.000000000000000000e+00 0.000000000000000000e+00 0.000000000000000000e+00 1.000000000000000000e+00
1.716365868544876337e+09 1.382486534118652344e+01 -1.517440128326416016e+01 1.255273461341857910e+00 0.000000000000000000e+00 0.000000000000000000e+00 0.000000000000000000e+00 1.000000000000000000e+00
1.716365868595341682e+09 1.366581916809082031e+01 -1.507419681549072443e+01 1.245285272598266602e+00 0.000000000000000000e+00 0.000000000000000000e+00 0.000000000000000000e+00 1.000000000000000000e+00
1.716365868645157814e+09 1.356828117370605646e+01 -1.504355812072754084e+01 1.233584642410278320e+00 0.000000000000000000e+00 0.000000000000000000e+00 0.000000000000000000e+00 1.000000000000000000e+00
1.716365868695330143e+09 1.347053623199462713e+01 -1.501424789428710938e+01 1.221228361129760742e+00 0.000000000000000000e+00 0.000000000000000000e+00 0.000000000000000000e+00 1.000000000000000000e+00
1.716365868745734930e+09 1.336911964416504084e+01 -1.497597312927245916e+01 1.210176587104797363e+00 0.000000000000000000e+00 0.000000000000000000e+00 0.000000000000000000e+00 1.000000000000000000e+00
1.716365868846020937e+09 1.317024707794189631e+01 -1.491791725158691406e+01 1.180085182189941406e+00 0.000000000000000000e+00 0.000000000000000000e+00 0.000000000000000000e+00 1.000000000000000000e+00
1.716365868896216393e+09 1.301376342773437678e+01 -1.482488250732422053e+01 1.166483521461486816e+00 0.000000000000000000e+00 0.000000000000000000e+00 0.000000000000000000e+00 1.000000000000000000e+00
1.716365868946467876e+09 1.291226863861083984e+01 -1.479508590698242188e+01 1.150782227516174316e+00 0.000000000000000000e+00 0.000000000000000000e+00 0.000000000000000000e+00 1.000000000000000000e+00
1.716365868996715546e+09 1.270916938781738459e+01 -1.474013042449951172e+01 1.118392705917358398e+00 0.000000000000000000e+00 0.000000000000000000e+00 0.000000000000000000e+00 1.000000000000000000e+00
1.716365869097003222e+09 1.255436325073242188e+01 -1.465389537811279119e+01 1.104047417640686035e+00 0.000000000000000000e+00 0.000000000000000000e+00 0.000000000000000000e+00 1.000000000000000000e+00
1.716365869147411108e+09 1.235264492034911932e+01 -1.461324119567871271e+01 1.071729063987731934e+00 0.000000000000000000e+00 0.000000000000000000e+00 0.000000000000000000e+00 1.000000000000000000e+00
1.716365869247955084e+09 1.219748497009277166e+01 -1.452905368804931641e+01 1.057381153106689675e+00 0.000000000000000000e+00 0.000000000000000000e+00 0.000000000000000000e+00 1.000000000000000000e+00
1.716365869298126936e+09 1.209918022155761541e+01 -1.450523567199707031e+01 1.042702674865722878e+00 0.000000000000000000e+00 0.000000000000000000e+00 0.000000000000000000e+00 1.000000000000000000e+00
1.716365869348321438e+09 1.199807357788085938e+01 -1.448090553283691406e+01 1.029039382934570312e+00 0.000000000000000000e+00 0.000000000000000000e+00 0.000000000000000000e+00 1.000000000000000000e+00
1.716365869398375511e+09 1.189792060852050781e+01 -1.445942878723144354e+01 1.016556978225708008e+00 0.000000000000000000e+00 0.000000000000000000e+00 0.000000000000000000e+00 1.000000000000000000e+00
1.716365869448518515e+09 1.179463100433349609e+01 -1.443509578704833984e+01 1.005314350128173828e+00 0.000000000000000000e+00 0.000000000000000000e+00 0.000000000000000000e+00 1.000000000000000000e+00
1.716365869498709679e+09 1.169414234161376953e+01 -1.441724395751953125e+01 9.951997399330140270e-01 0.000000000000000000e+00 0.000000000000000000e+00 0.000000000000000000e+00 1.000000000000000000e+00
1.716365869599010706e+09 1.154392051696777166e+01 -1.433776760101318359e+01 9.883242249488831677e-01 0.000000000000000000e+00 0.000000000000000000e+00 0.000000000000000000e+00 1.000000000000000000e+00
1.716365869649442673e+09 1.134364414215088068e+01 -1.430392265319824219e+01 9.733213186264038086e-01 0.000000000000000000e+00 0.000000000000000000e+00 0.000000000000000000e+00 1.000000000000000000e+00
1.716365869699490547e+09 1.124802303314208984e+01 -1.428873634338378729e+01 9.672855734825134277e-01 0.000000000000000000e+00 0.000000000000000000e+00 0.000000000000000000e+00 1.000000000000000000e+00
1.716365869749696016e+09 1.115681552886962713e+01 -1.427490711212158203e+01 9.621810317039489746e-01 0.000000000000000000e+00 0.000000000000000000e+00 0.000000000000000000e+00 1.000000000000000000e+00
1.716365869799994946e+09 1.102307128906250000e+01 -1.421158790588378729e+01 9.596554040908812366e-01 0.000000000000000000e+00 0.000000000000000000e+00 0.000000000000000000e+00 1.000000000000000000e+00
1.716365869850153923e+09 1.092906093597411932e+01 -1.419811344146728338e+01 9.557534456253051758e-01 0.000000000000000000e+00 0.000000000000000000e+00 0.000000000000000000e+00 1.000000000000000000e+00
1.716365869900332451e+09 1.083807659149169922e+01 -1.418956279754638850e+01 9.516231417655943714e-01 0.000000000000000000e+00 0.000000000000000000e+00 0.000000000000000000e+00 1.000000000000000000e+00
1.716365869950566053e+09 1.074567985534667969e+01 -1.418052005767822443e+01 9.477912187576293945e-01 0.000000000000000000e+00 0.000000000000000000e+00 0.000000000000000000e+00 1.000000000000000000e+00
1.716365870000929117e+09 1.061962127685546875e+01 -1.412645435333251953e+01 9.464246034622192383e-01 0.000000000000000000e+00 0.000000000000000000e+00 0.000000000000000000e+00 1.000000000000000000e+00
1.716365870051107883e+09 1.052910995483398438e+01 -1.412039756774902344e+01 9.441490173339843750e-01 0.000000000000000000e+00 0.000000000000000000e+00 0.000000000000000000e+00 1.000000000000000000e+00
1.716365870101195812e+09 1.043981170654296875e+01 -1.411687660217285156e+01 9.428747296333311878e-01 0.000000000000000000e+00 0.000000000000000000e+00 0.000000000000000000e+00 1.000000000000000000e+00
1.716365870151388645e+09 1.034958839416504084e+01 -1.411374092102050781e+01 9.429209232330322266e-01 0.000000000000000000e+00 0.000000000000000000e+00 0.000000000000000000e+00 1.000000000000000000e+00
1.716365870201624632e+09 1.022899818420410156e+01 -1.407303619384765625e+01 9.451033473014831543e-01 0.000000000000000000e+00 0.000000000000000000e+00 0.000000000000000000e+00 1.000000000000000000e+00
1.716365870251935482e+09 1.013664531707763672e+01 -1.407816696166992188e+01 9.467110037803649902e-01 0.000000000000000000e+00 0.000000000000000000e+00 0.000000000000000000e+00 1.000000000000000000e+00
1.716365870302178383e+09 1.004755210876464844e+01 -1.408421707153320312e+01 9.479873776435852051e-01 0.000000000000000000e+00 0.000000000000000000e+00 0.000000000000000000e+00 1.000000000000000000e+00
1.716365870352333069e+09 9.954803466796876776e+00 -1.409122371673583984e+01 9.494678974151612438e-01 0.000000000000000000e+00 0.000000000000000000e+00 0.000000000000000000e+00 1.000000000000000000e+00
1.716365870402611732e+09 9.842148780822753906e+00 -1.406170368194580078e+01 9.525530338287353516e-01 0.000000000000000000e+00 0.000000000000000000e+00 0.000000000000000000e+00 1.000000000000000000e+00
1.716365870452780724e+09 9.757898330688476562e+00 -1.406804084777832031e+01 9.543395638465880237e-01 0.000000000000000000e+00 0.000000000000000000e+00 0.000000000000000000e+00 1.000000000000000000e+00
1.716365870502927542e+09 9.674857139587402344e+00 -1.407802867889404475e+01 9.562001824378968395e-01 0.000000000000000000e+00 0.000000000000000000e+00 0.000000000000000000e+00 1.000000000000000000e+00
1.716365870553305864e+09 9.503663063049316406e+00 -1.410274982452392578e+01 9.613156914710999645e-01 0.000000000000000000e+00 0.000000000000000000e+00 0.000000000000000000e+00 1.000000000000000000e+00
1.716365870603660583e+09 9.415935516357421875e+00 -1.411711120605468750e+01 9.643610715866087757e-01 0.000000000000000000e+00 0.000000000000000000e+00 0.000000000000000000e+00 1.000000000000000000e+00
1.716365870703770638e+09 9.314416885375976562e+00 -1.410418033599853516e+01 9.682762622833251953e-01 0.000000000000000000e+00 0.000000000000000000e+00 0.000000000000000000e+00 1.000000000000000000e+00
1.716365870754022598e+09 9.152132034301757812e+00 -1.413888740539550781e+01 9.771436452865599476e-01 0.000000000000000000e+00 0.000000000000000000e+00 0.000000000000000000e+00 1.000000000000000000e+00
1.716365870854370356e+09 9.074277877807615411e+00 -1.415707206726074219e+01 9.818648695945739746e-01 0.000000000000000000e+00 0.000000000000000000e+00 0.000000000000000000e+00 1.000000000000000000e+00
1.716365870954724312e+09 8.987252235412597656e+00 -1.415345954895019531e+01 9.876236915588380016e-01 0.000000000000000000e+00 0.000000000000000000e+00 0.000000000000000000e+00 1.000000000000000000e+00
1.716365871004819870e+09 8.770846366882324219e+00 -1.420218753814697266e+01 1.003832459449768066e+00 0.000000000000000000e+00 0.000000000000000000e+00 0.000000000000000000e+00 1.000000000000000000e+00
1.716365871155449152e+09 8.694214820861816406e+00 -1.420143127441406250e+01 1.012066125869750977e+00 0.000000000000000000e+00 0.000000000000000000e+00 0.000000000000000000e+00 1.000000000000000000e+00
1.716365871205935717e+09 8.567886352539062500e+00 -1.423657989501953125e+01 1.030535101890563965e+00 0.000000000000000000e+00 0.000000000000000000e+00 0.000000000000000000e+00 1.000000000000000000e+00
1.716365871258055925e+09 8.495480537414550781e+00 -1.423712158203125000e+01 1.040179967880249023e+00 0.000000000000000000e+00 0.000000000000000000e+00 0.000000000000000000e+00 1.000000000000000000e+00
1.716365871305987597e+09 8.434823989868164062e+00 -1.425130271911621271e+01 1.048163175582885520e+00 0.000000000000000000e+00 0.000000000000000000e+00 0.000000000000000000e+00 1.000000000000000000e+00
1.716365871406627417e+09 8.315457344055175781e+00 -1.427761077880859375e+01 1.058335304260253906e+00 0.000000000000000000e+00 0.000000000000000000e+00 0.000000000000000000e+00 1.000000000000000000e+00
1.716365871456598043e+09 8.257465362548828125e+00 -1.428819370269775391e+01 1.060636520385742188e+00 0.000000000000000000e+00 0.000000000000000000e+00 0.000000000000000000e+00 1.000000000000000000e+00
1.716365871506704807e+09 8.151293754577636719e+00 -1.430758857727050781e+01 1.060326457023620605e+00 0.000000000000000000e+00 0.000000000000000000e+00 0.000000000000000000e+00 1.000000000000000000e+00
1.716365871657339811e+09 8.039061546325683594e+00 -1.431352615356445135e+01 1.057450771331787109e+00 0.000000000000000000e+00 0.000000000000000000e+00 0.000000000000000000e+00 1.000000000000000000e+00
1.716365871707438707e+09 7.939667701721191406e+00 -1.433561420440673828e+01 1.053005576133728027e+00 0.000000000000000000e+00 0.000000000000000000e+00 0.000000000000000000e+00 1.000000000000000000e+00
1.716365871807866335e+09 7.880873203277587891e+00 -1.433145332336425781e+01 1.051499009132385254e+00 0.000000000000000000e+00 0.000000000000000000e+00 0.000000000000000000e+00 1.000000000000000000e+00
1.716365871908502579e+09 7.778752803802490234e+00 -1.435176086425781250e+01 1.047710895538330078e+00 0.000000000000000000e+00 0.000000000000000000e+00 0.000000000000000000e+00 1.000000000000000000e+00
1.716365871958341360e+09 7.676895141601561612e+00 -1.437584495544433594e+01 1.046201348304748313e+00 0.000000000000000000e+00 0.000000000000000000e+00 0.000000000000000000e+00 1.000000000000000000e+00
1.716365872058956623e+09 7.622805595397949219e+00 -1.438309192657470881e+01 1.046211123466491699e+00 0.000000000000000000e+00 0.000000000000000000e+00 0.000000000000000000e+00 1.000000000000000000e+00
1.716365872159441710e+09 7.529927730560302734e+00 -1.441836547851562322e+01 1.045354843139648438e+00 0.000000000000000000e+00 0.000000000000000000e+00 0.000000000000000000e+00 1.000000000000000000e+00
1.716365872209591389e+09 7.482735633850097656e+00 -1.443725395202636719e+01 1.044482350349426492e+00 0.000000000000000000e+00 0.000000000000000000e+00 0.000000000000000000e+00 1.000000000000000000e+00
1.716365872259953260e+09 7.436880111694335938e+00 -1.446201705932617188e+01 1.043270945549011230e+00 0.000000000000000000e+00 0.000000000000000000e+00 0.000000000000000000e+00 1.000000000000000000e+00
1.716365872309994936e+09 7.393287658691406250e+00 -1.448655891418457031e+01 1.042018532752990723e+00 0.000000000000000000e+00 0.000000000000000000e+00 0.000000000000000000e+00 1.000000000000000000e+00
1.716365872410528660e+09 7.308027267456054688e+00 -1.454200553894042969e+01 1.039781332015991211e+00 0.000000000000000000e+00 0.000000000000000000e+00 0.000000000000000000e+00 1.000000000000000000e+00
1.716365872460631371e+09 7.264443397521972656e+00 -1.457273483276367188e+01 1.038621783256530762e+00 0.000000000000000000e+00 0.000000000000000000e+00 0.000000000000000000e+00 1.000000000000000000e+00
1.716365872511077881e+09 7.230166435241699219e+00 -1.461428451538085938e+01 1.037147164344787598e+00 0.000000000000000000e+00 0.000000000000000000e+00 0.000000000000000000e+00 1.000000000000000000e+00
1.716365872560974121e+09 7.157557010650634766e+00 -1.468441963195800781e+01 1.034817218780517578e+00 0.000000000000000000e+00 0.000000000000000000e+00 0.000000000000000000e+00 1.000000000000000000e+00
1.716365872661487579e+09 7.122615814208984375e+00 -1.472359466552734375e+01 1.033707857131958008e+00 0.000000000000000000e+00 0.000000000000000000e+00 0.000000000000000000e+00 1.000000000000000000e+00
1.716365872711542368e+09 7.067150592803955078e+00 -1.482781791687011541e+01 1.030719876289367676e+00 0.000000000000000000e+00 0.000000000000000000e+00 0.000000000000000000e+00 1.000000000000000000e+00
1.716365872761956930e+09 7.036077022552490234e+00 -1.487133502960205078e+01 1.029660224914550781e+00 0.000000000000000000e+00 0.000000000000000000e+00 0.000000000000000000e+00 1.000000000000000000e+00
1.716365872812284470e+09 7.006523609161376953e+00 -1.491837596893310369e+01 1.027391791343688965e+00 0.000000000000000000e+00 0.000000000000000000e+00 0.000000000000000000e+00 1.000000000000000000e+00
1.716365872912578583e+09 6.993772029876708984e+00 -1.499494075775146484e+01 1.024354696273803711e+00 0.000000000000000000e+00 0.000000000000000000e+00 0.000000000000000000e+00 1.000000000000000000e+00
1.716365872962822199e+09 6.943722724914550781e+00 -1.509736061096191406e+01 1.019754290580749512e+00 0.000000000000000000e+00 0.000000000000000000e+00 0.000000000000000000e+00 1.000000000000000000e+00
1.716365873012877226e+09 6.922236442565917969e+00 -1.515225124359130859e+01 1.017216563224792480e+00 0.000000000000000000e+00 0.000000000000000000e+00 0.000000000000000000e+00 1.000000000000000000e+00
1.716365873113411188e+09 6.916732788085937500e+00 -1.524146842956542969e+01 1.013104081153869629e+00 0.000000000000000000e+00 0.000000000000000000e+00 0.000000000000000000e+00 1.000000000000000000e+00
1.716365873164534330e+09 6.896389484405517578e+00 -1.529668617248535156e+01 1.009869098663330078e+00 0.000000000000000000e+00 0.000000000000000000e+00 0.000000000000000000e+00 1.000000000000000000e+00
1.716365873213679075e+09 6.876858234405517578e+00 -1.535253047943115234e+01 1.006819486618041992e+00 0.000000000000000000e+00 0.000000000000000000e+00 0.000000000000000000e+00 1.000000000000000000e+00
1.716365873263858318e+09 6.841826438903808594e+00 -1.547196674346923828e+01 1.000999927520751953e+00 0.000000000000000000e+00 0.000000000000000000e+00 0.000000000000000000e+00 1.000000000000000000e+00
1.716365873364276409e+09 6.844798088073730469e+00 -1.557766342163085938e+01 9.966156482696532093e-01 0.000000000000000000e+00 0.000000000000000000e+00 0.000000000000000000e+00 1.000000000000000000e+00
1.716365873414559841e+09 6.813106536865234375e+00 -1.569938278198242188e+01 9.904835820198060192e-01 0.000000000000000000e+00 0.000000000000000000e+00 0.000000000000000000e+00 1.000000000000000000e+00
1.716365873464766264e+09 6.799778461456298828e+00 -1.576391029357910156e+01 9.872596859931945801e-01 0.000000000000000000e+00 0.000000000000000000e+00 0.000000000000000000e+00 1.000000000000000000e+00
1.716365873514770746e+09 6.787737846374511719e+00 -1.582779884338378729e+01 9.841671586036682129e-01 0.000000000000000000e+00 0.000000000000000000e+00 0.000000000000000000e+00 1.000000000000000000e+00
1.716365873665675879e+09 6.780005455017089844e+00 -1.608089256286621094e+01 9.768962860107421875e-01 0.000000000000000000e+00 0.000000000000000000e+00 0.000000000000000000e+00 1.000000000000000000e+00
1.716365873715952158e+09 6.769894123077392578e+00 -1.614805412292480469e+01 9.758509993553161621e-01 0.000000000000000000e+00 0.000000000000000000e+00 0.000000000000000000e+00 1.000000000000000000e+00
1.716365873816231966e+09 6.773989200592041016e+00 -1.634786796569824219e+01 9.735420346260071911e-01 0.000000000000000000e+00 0.000000000000000000e+00 0.000000000000000000e+00 1.000000000000000000e+00
1.716365873916731358e+09 6.759499073028564453e+00 -1.649452590942382812e+01 9.743027687072753906e-01 0.000000000000000000e+00 0.000000000000000000e+00 0.000000000000000000e+00 1.000000000000000000e+00
1.716365873966984272e+09 6.781047344207763672e+00 -1.662725830078125000e+01 9.730673432350159802e-01 0.000000000000000000e+00 0.000000000000000000e+00 0.000000000000000000e+00 1.000000000000000000e+00
1.716365874018840313e+09 6.781643390655517578e+00 -1.669941329956054688e+01 9.741241931915284313e-01 0.000000000000000000e+00 0.000000000000000000e+00 0.000000000000000000e+00 1.000000000000000000e+00
1.716365874067410946e+09 6.782469749450683594e+00 -1.676927947998046875e+01 9.753911495208740234e-01 0.000000000000000000e+00 0.000000000000000000e+00 0.000000000000000000e+00 1.000000000000000000e+00
1.716365874168062210e+09 6.783437728881835938e+00 -1.684014701843261719e+01 9.773014783859251819e-01 0.000000000000000000e+00 0.000000000000000000e+00 0.000000000000000000e+00 1.000000000000000000e+00
1.716365874218166351e+09 6.812033176422119141e+00 -1.705417633056640625e+01 9.851014614105223499e-01 0.000000000000000000e+00 0.000000000000000000e+00 0.000000000000000000e+00 1.000000000000000000e+00
1.716365874268091202e+09 6.815148830413818359e+00 -1.712743759155273438e+01 9.918693900108336292e-01 0.000000000000000000e+00 0.000000000000000000e+00 0.000000000000000000e+00 1.000000000000000000e+00
1.716365874318314314e+09 6.819856166839599609e+00 -1.720111656188964844e+01 9.990891218185423694e-01 0.000000000000000000e+00 0.000000000000000000e+00 0.000000000000000000e+00 1.000000000000000000e+00
1.716365874419079542e+09 6.857048034667968750e+00 -1.740729331970214844e+01 1.012764573097229004e+00 0.000000000000000000e+00 0.000000000000000000e+00 0.000000000000000000e+00 1.000000000000000000e+00
1.716365874469041586e+09 6.866124153137207031e+00 -1.748129081726074219e+01 1.019341588020324707e+00 0.000000000000000000e+00 0.000000000000000000e+00 0.000000000000000000e+00 1.000000000000000000e+00
1.716365874519200802e+09 6.874231815338134766e+00 -1.754917907714843750e+01 1.025123119354248047e+00 0.000000000000000000e+00 0.000000000000000000e+00 0.000000000000000000e+00 1.000000000000000000e+00
1.716365874569347858e+09 6.883944034576416016e+00 -1.762071037292480469e+01 1.030745267868041992e+00 0.000000000000000000e+00 0.000000000000000000e+00 0.000000000000000000e+00 1.000000000000000000e+00
1.716365874669797659e+09 6.934559345245361328e+00 -1.783201026916503906e+01 1.039100408554077148e+00 0.000000000000000000e+00 0.000000000000000000e+00 0.000000000000000000e+00 1.000000000000000000e+00
1.716365874720043659e+09 6.948792934417724609e+00 -1.790384864807128906e+01 1.043443918228149414e+00 0.000000000000000000e+00 0.000000000000000000e+00 0.000000000000000000e+00 1.000000000000000000e+00
1.716365874770307541e+09 6.962716102600097656e+00 -1.797470092773437500e+01 1.046788930892944336e+00 0.000000000000000000e+00 0.000000000000000000e+00 0.000000000000000000e+00 1.000000000000000000e+00
1.716365874820730925e+09 7.001741886138916016e+00 -1.811085319519042969e+01 1.047868847846984863e+00 0.000000000000000000e+00 0.000000000000000000e+00 0.000000000000000000e+00 1.000000000000000000e+00
1.716365874870825768e+09 7.016571044921875000e+00 -1.818130302429199219e+01 1.049828410148620605e+00 0.000000000000000000e+00 0.000000000000000000e+00 0.000000000000000000e+00 1.000000000000000000e+00
1.716365874920983315e+09 7.031240940093994141e+00 -1.824965476989746094e+01 1.051458477973937988e+00 0.000000000000000000e+00 0.000000000000000000e+00 0.000000000000000000e+00 1.000000000000000000e+00
1.716365874971349478e+09 7.050153255462647373e+00 -1.832598304748535156e+01 1.051844239234924316e+00 0.000000000000000000e+00 0.000000000000000000e+00 0.000000000000000000e+00 1.000000000000000000e+00
1.716365875071575403e+09 7.112587928771972656e+00 -1.854195213317871094e+01 1.049171566963195801e+00 0.000000000000000000e+00 0.000000000000000000e+00 0.000000000000000000e+00 1.000000000000000000e+00
1.716365875171825409e+09 7.151815891265869141e+00 -1.869395065307616832e+01 1.046225666999816895e+00 0.000000000000000000e+00 0.000000000000000000e+00 0.000000000000000000e+00 1.000000000000000000e+00
1.716365875222072124e+09 7.168426513671875000e+00 -1.876787567138671875e+01 1.044609427452087402e+00 0.000000000000000000e+00 0.000000000000000000e+00 0.000000000000000000e+00 1.000000000000000000e+00
1.716365875272675753e+09 7.215919017791748047e+00 -1.891990280151367188e+01 1.041419863700866699e+00 0.000000000000000000e+00 0.000000000000000000e+00 0.000000000000000000e+00 1.000000000000000000e+00
1.716365875322877645e+09 7.235918521881102627e+00 -1.899681663513183949e+01 1.040246486663818359e+00 0.000000000000000000e+00 0.000000000000000000e+00 0.000000000000000000e+00 1.000000000000000000e+00
1.716365875372753143e+09 7.255084037780761719e+00 -1.907085800170898438e+01 1.040184736251831055e+00 0.000000000000000000e+00 0.000000000000000000e+00 0.000000000000000000e+00 1.000000000000000000e+00
1.716365875423088312e+09 7.274337291717529297e+00 -1.914700889587402344e+01 1.040392041206360085e+00 0.000000000000000000e+00 0.000000000000000000e+00 0.000000000000000000e+00 1.000000000000000000e+00
1.716365875473229885e+09 7.321580410003662109e+00 -1.929809379577636719e+01 1.039459347724914551e+00 0.000000000000000000e+00 0.000000000000000000e+00 0.000000000000000000e+00 1.000000000000000000e+00
1.716365875523455858e+09 7.341190338134765625e+00 -1.937732696533203125e+01 1.040421247482299805e+00 0.000000000000000000e+00 0.000000000000000000e+00 0.000000000000000000e+00 1.000000000000000000e+00
1.716365875573561907e+09 7.359945297241210938e+00 -1.945473670959472656e+01 1.041270613670349121e+00 0.000000000000000000e+00 0.000000000000000000e+00 0.000000000000000000e+00 1.000000000000000000e+00
1.716365875623775005e+09 7.379508972167968750e+00 -1.953503417968750000e+01 1.041707873344421387e+00 0.000000000000000000e+00 0.000000000000000000e+00 0.000000000000000000e+00 1.000000000000000000e+00
1.716365875674066782e+09 7.400467872619628906e+00 -1.961798477172851918e+01 1.041221261024475098e+00 0.000000000000000000e+00 0.000000000000000000e+00 0.000000000000000000e+00 1.000000000000000000e+00
1.716365875774503708e+09 7.464615345001220703e+00 -1.984707832336425426e+01 1.038760662078857422e+00 0.000000000000000000e+00 0.000000000000000000e+00 0.000000000000000000e+00 1.000000000000000000e+00
1.716365875825019360e+09 7.482542037963867188e+00 -1.992899703979491832e+01 1.037386417388916016e+00 0.000000000000000000e+00 0.000000000000000000e+00 0.000000000000000000e+00 1.000000000000000000e+00
1.716365875925127506e+09 7.500296592712402344e+00 -2.001096916198730469e+01 1.035782217979431152e+00 0.000000000000000000e+00 0.000000000000000000e+00 0.000000000000000000e+00 1.000000000000000000e+00
1.716365875975161552e+09 7.559617042541503906e+00 -2.024598121643066406e+01 1.028408646583557129e+00 0.000000000000000000e+00 0.000000000000000000e+00 0.000000000000000000e+00 1.000000000000000000e+00
1.716365876025403738e+09 7.573986530303955078e+00 -2.032594680786132812e+01 1.024989485740661621e+00 0.000000000000000000e+00 0.000000000000000000e+00 0.000000000000000000e+00 1.000000000000000000e+00
1.716365876076425552e+09 7.591029644012451172e+00 -2.041343307495116832e+01 1.020975112915039062e+00 0.000000000000000000e+00 0.000000000000000000e+00 0.000000000000000000e+00 1.000000000000000000e+00
1.716365876125678539e+09 7.605294704437255859e+00 -2.049874305725097656e+01 1.017155170440673828e+00 0.000000000000000000e+00 0.000000000000000000e+00 0.000000000000000000e+00 1.000000000000000000e+00
1.716365876226133823e+09 7.658901214599609375e+00 -2.074211883544921875e+01 1.007508993148803711e+00 0.000000000000000000e+00 0.000000000000000000e+00 0.000000000000000000e+00 1.000000000000000000e+00
1.716365876276301146e+09 7.672044754028320312e+00 -2.082351684570312500e+01 1.002832531929015891e+00 0.000000000000000000e+00 0.000000000000000000e+00 0.000000000000000000e+00 1.000000000000000000e+00
1.716365876326616764e+09 7.686494350433349609e+00 -2.090760231018066406e+01 9.973601102828979492e-01 0.000000000000000000e+00 0.000000000000000000e+00 0.000000000000000000e+00 1.000000000000000000e+00
1.716365876426913738e+09 7.740410327911376953e+00 -2.114535522460937145e+01 9.844447970390319824e-01 0.000000000000000000e+00 0.000000000000000000e+00 0.000000000000000000e+00 1.000000000000000000e+00
1.716365876477192879e+09 7.760444164276123047e+00 -2.124758911132812500e+01 9.786493778228759766e-01 0.000000000000000000e+00 0.000000000000000000e+00 0.000000000000000000e+00 1.000000000000000000e+00
1.716365876527323246e+09 7.773298740386962891e+00 -2.133215904235839844e+01 9.710923433303831898e-01 0.000000000000000000e+00 0.000000000000000000e+00 0.000000000000000000e+00 1.000000000000000000e+00
1.716365876578564882e+09 7.785906791687011719e+00 -2.141681480407714844e+01 9.640662670135498047e-01 0.000000000000000000e+00 0.000000000000000000e+00 0.000000000000000000e+00 1.000000000000000000e+00
1.716365876628046036e+09 7.797509193420410156e+00 -2.150180053710937145e+01 9.562093019485473633e-01 0.000000000000000000e+00 0.000000000000000000e+00 0.000000000000000000e+00 1.000000000000000000e+00
1.716365876728152275e+09 7.839810848236083984e+00 -2.167240142822265625e+01 9.459027051925660290e-01 0.000000000000000000e+00 0.000000000000000000e+00 0.000000000000000000e+00 1.000000000000000000e+00
1.716365876778357744e+09 7.862118721008300781e+00 -2.184246826171875000e+01 9.244834184646606445e-01 0.000000000000000000e+00 0.000000000000000000e+00 0.000000000000000000e+00 1.000000000000000000e+00
1.716365876828620911e+09 7.876095294952392578e+00 -2.193070220947265625e+01 9.134785532951356091e-01 0.000000000000000000e+00 0.000000000000000000e+00 0.000000000000000000e+00 1.000000000000000000e+00
1.716365876928840876e+09 7.920197963714599609e+00 -2.209841728210448863e+01 9.013558030128480114e-01 0.000000000000000000e+00 0.000000000000000000e+00 0.000000000000000000e+00 1.000000000000000000e+00
1.716365876979105949e+09 7.936517238616943359e+00 -2.219112205505371094e+01 8.913490176200866699e-01 0.000000000000000000e+00 0.000000000000000000e+00 0.000000000000000000e+00 1.000000000000000000e+00
1.716365877029119015e+09 7.966256141662597656e+00 -2.237333679199218750e+01 8.736668825149536133e-01 0.000000000000000000e+00 0.000000000000000000e+00 0.000000000000000000e+00 1.000000000000000000e+00
1.716365877079289198e+09 7.979866981506347656e+00 -2.246171188354491832e+01 8.657317161560058594e-01 0.000000000000000000e+00 0.000000000000000000e+00 0.000000000000000000e+00 1.000000000000000000e+00
1.716365877179543734e+09 8.030652999877929688e+00 -2.265675926208496094e+01 8.554750680923461914e-01 0.000000000000000000e+00 0.000000000000000000e+00 0.000000000000000000e+00 1.000000000000000000e+00
1.716365877229808807e+09 8.063884735107421875e+00 -2.285266304016113281e+01 8.442584872245788574e-01 0.000000000000000000e+00 0.000000000000000000e+00 0.000000000000000000e+00 1.000000000000000000e+00
1.716365877279793262e+09 8.078702926635742188e+00 -2.294066429138183949e+01 8.401077985763549805e-01 0.000000000000000000e+00 0.000000000000000000e+00 0.000000000000000000e+00 1.000000000000000000e+00
1.716365877330092430e+09 8.098472595214843750e+00 -2.303970718383789062e+01 8.384580612182617188e-01 0.000000000000000000e+00 0.000000000000000000e+00 0.000000000000000000e+00 1.000000000000000000e+00
1.716365877430700064e+09 8.170110702514648438e+00 -2.332934570312500000e+01 8.353804945945739746e-01 0.000000000000000000e+00 0.000000000000000000e+00 0.000000000000000000e+00 1.000000000000000000e+00
1.716365877480469942e+09 8.192553520202636719e+00 -2.343071746826171875e+01 8.377456068992614746e-01 0.000000000000000000e+00 0.000000000000000000e+00 0.000000000000000000e+00 1.000000000000000000e+00
1.716365877530769110e+09 8.213974952697753906e+00 -2.352929306030273082e+01 8.413057923316955566e-01 0.000000000000000000e+00 0.000000000000000000e+00 0.000000000000000000e+00 1.000000000000000000e+00
1.716365877581228495e+09 8.269711494445800781e+00 -2.372182464599609375e+01 8.444627523422241211e-01 0.000000000000000000e+00 0.000000000000000000e+00 0.000000000000000000e+00 1.000000000000000000e+00
1.716365877932737350e+09 8.512827873229980469e+00 -2.454250907897948863e+01 9.202126860618592419e-01 0.000000000000000000e+00 0.000000000000000000e+00 0.000000000000000000e+00 1.000000000000000000e+00
1.716365877982802391e+09 8.580548286437988281e+00 -2.474164199829101562e+01 9.334816336631776013e-01 0.000000000000000000e+00 0.000000000000000000e+00 0.000000000000000000e+00 1.000000000000000000e+00
1.716365878033010483e+09 8.614732742309570312e+00 -2.484130477905273082e+01 9.500994682312011719e-01 0.000000000000000000e+00 0.000000000000000000e+00 0.000000000000000000e+00 1.000000000000000000e+00
1.716365878083375454e+09 8.649813652038574219e+00 -2.494064712524414062e+01 9.668613076210021973e-01 0.000000000000000000e+00 0.000000000000000000e+00 0.000000000000000000e+00 1.000000000000000000e+00
1.716365878133759737e+09 8.682945251464843750e+00 -2.503008651733398438e+01 9.847208261489868164e-01 0.000000000000000000e+00 0.000000000000000000e+00 0.000000000000000000e+00 1.000000000000000000e+00
1.716365878234031916e+09 8.792733192443847656e+00 -2.532933998107910156e+01 1.021373391151428223e+00 0.000000000000000000e+00 0.000000000000000000e+00 0.000000000000000000e+00 1.000000000000000000e+00
1.716365878284213305e+09 8.832633972167968750e+00 -2.542805290222167969e+01 1.040874719619750977e+00 0.000000000000000000e+00 0.000000000000000000e+00 0.000000000000000000e+00 1.000000000000000000e+00
1.716365878334473372e+09 8.872870445251464844e+00 -2.552451133728027699e+01 1.060189485549926758e+00 0.000000000000000000e+00 0.000000000000000000e+00 0.000000000000000000e+00 1.000000000000000000e+00
1.716365878434873343e+09 8.951796531677246094e+00 -2.571260833740234375e+01 1.098424434661865234e+00 0.000000000000000000e+00 0.000000000000000000e+00 0.000000000000000000e+00 1.000000000000000000e+00
1.716365878485367298e+09 9.026631355285644531e+00 -2.590705299377441051e+01 1.114590644836425781e+00 0.000000000000000000e+00 0.000000000000000000e+00 0.000000000000000000e+00 1.000000000000000000e+00
1.716365878535763741e+09 9.065244674682615411e+00 -2.600077629089355469e+01 1.130133271217346191e+00 0.000000000000000000e+00 0.000000000000000000e+00 0.000000000000000000e+00 1.000000000000000000e+00
1.716365878636296988e+09 9.144540786743164062e+00 -2.618429756164550781e+01 1.162020683288574219e+00 0.000000000000000000e+00 0.000000000000000000e+00 0.000000000000000000e+00 1.000000000000000000e+00
1.716365878686420679e+09 9.222267150878906250e+00 -2.638188171386718750e+01 1.175399661064147949e+00 0.000000000000000000e+00 0.000000000000000000e+00 0.000000000000000000e+00 1.000000000000000000e+00
1.716365878786869049e+09 9.308972358703611505e+00 -2.657118797302246094e+01 1.205407738685607910e+00 0.000000000000000000e+00 0.000000000000000000e+00 0.000000000000000000e+00 1.000000000000000000e+00
1.716365878837172270e+09 9.352268218994140625e+00 -2.666637420654296875e+01 1.220804810523986816e+00 0.000000000000000000e+00 0.000000000000000000e+00 0.000000000000000000e+00 1.000000000000000000e+00
1.716365878887460709e+09 9.393011093139648438e+00 -2.675714111328125000e+01 1.235660195350646973e+00 0.000000000000000000e+00 0.000000000000000000e+00 0.000000000000000000e+00 1.000000000000000000e+00
1.716365878987971783e+09 9.508009910583496094e+00 -2.704132652282714844e+01 1.263945579528808594e+00 0.000000000000000000e+00 0.000000000000000000e+00 0.000000000000000000e+00 1.000000000000000000e+00
1.716365879037997723e+09 9.547844886779783380e+00 -2.713342475891113281e+01 1.277205228805541992e+00 0.000000000000000000e+00 0.000000000000000000e+00 0.000000000000000000e+00 1.000000000000000000e+00
1.716365879088541508e+09 9.587331771850585938e+00 -2.722350311279296875e+01 1.288465976715087891e+00 0.000000000000000000e+00 0.000000000000000000e+00 0.000000000000000000e+00 1.000000000000000000e+00
1.716365879138639927e+09 9.662102699279783380e+00 -2.741140174865722656e+01 1.298041343688964844e+00 0.000000000000000000e+00 0.000000000000000000e+00 0.000000000000000000e+00 1.000000000000000000e+00
1.716365879188640594e+09 9.701603889465332031e+00 -2.750144958496093750e+01 1.307625770568847656e+00 0.000000000000000000e+00 0.000000000000000000e+00 0.000000000000000000e+00 1.000000000000000000e+00
1.716365879238854408e+09 9.741835594177246094e+00 -2.759440612792968750e+01 1.315294981002807617e+00 0.000000000000000000e+00 0.000000000000000000e+00 0.000000000000000000e+00 1.000000000000000000e+00
1.716365879288983822e+09 9.779638290405271661e+00 -2.768396568298339844e+01 1.321699738502502441e+00 0.000000000000000000e+00 0.000000000000000000e+00 0.000000000000000000e+00 1.000000000000000000e+00
1.716365879339309454e+09 9.849732398986816406e+00 -2.786710357666015980e+01 1.326343178749084473e+00 0.000000000000000000e+00 0.000000000000000000e+00 0.000000000000000000e+00 1.000000000000000000e+00
1.716365879389348030e+09 9.887847900390623224e+00 -2.795971107482910156e+01 1.329449892044067383e+00 0.000000000000000000e+00 0.000000000000000000e+00 0.000000000000000000e+00 1.000000000000000000e+00
1.716365879439659357e+09 9.923525810241699219e+00 -2.804680633544921875e+01 1.330709576606750488e+00 0.000000000000000000e+00 0.000000000000000000e+00 0.000000000000000000e+00 1.000000000000000000e+00
1.716365879489719152e+09 9.958998680114746094e+00 -2.813714790344238281e+01 1.330518603324889915e+00 0.000000000000000000e+00 0.000000000000000000e+00 0.000000000000000000e+00 1.000000000000000000e+00
1.716365879539815187e+09 9.995868682861328125e+00 -2.823016548156738281e+01 1.328045129776000977e+00 0.000000000000000000e+00 0.000000000000000000e+00 0.000000000000000000e+00 1.000000000000000000e+00
1.716365879640258789e+09 1.009056472778320312e+01 -2.848938941955566406e+01 1.320566296577453613e+00 0.000000000000000000e+00 0.000000000000000000e+00 0.000000000000000000e+00 1.000000000000000000e+00
1.716365879690390825e+09 1.012335968017577947e+01 -2.858065414428710938e+01 1.315997600555419922e+00 0.000000000000000000e+00 0.000000000000000000e+00 0.000000000000000000e+00 1.000000000000000000e+00
1.716365879790815830e+09 1.018223762512207031e+01 -2.874541473388671875e+01 1.309083819389343262e+00 0.000000000000000000e+00 0.000000000000000000e+00 0.000000000000000000e+00 1.000000000000000000e+00
1.716365879840917826e+09 1.026374053955077947e+01 -2.896676635742187500e+01 1.285176873207092507e+00 0.000000000000000000e+00 0.000000000000000000e+00 0.000000000000000000e+00 1.000000000000000000e+00
1.716365879941373110e+09 1.029329299926757812e+01 -2.904429244995116832e+01 1.276323080062866211e+00 0.000000000000000000e+00 0.000000000000000000e+00 0.000000000000000000e+00 1.000000000000000000e+00
1.716365879991529703e+09 1.032924175262451172e+01 -2.914395332336425426e+01 1.267827510833740234e+00 0.000000000000000000e+00 0.000000000000000000e+00 0.000000000000000000e+00 1.000000000000000000e+00
1.716365880041628122e+09 1.036380577087402344e+01 -2.924305534362792969e+01 1.261011958122253418e+00 0.000000000000000000e+00 0.000000000000000000e+00 0.000000000000000000e+00 1.000000000000000000e+00
1.716365880141779900e+09 1.041689300537109375e+01 -2.939286804199218750e+01 1.252243638038635254e+00 0.000000000000000000e+00 0.000000000000000000e+00 0.000000000000000000e+00 1.000000000000000000e+00
1.716365880192107201e+09 1.046452140808105646e+01 -2.953179740905761719e+01 1.233087778091430886e+00 0.000000000000000000e+00 0.000000000000000000e+00 0.000000000000000000e+00 1.000000000000000000e+00
1.716365880242328167e+09 1.049009990692138850e+01 -2.960432624816894531e+01 1.221065998077392578e+00 0.000000000000000000e+00 0.000000000000000000e+00 0.000000000000000000e+00 1.000000000000000000e+00
1.716365880342509270e+09 1.053916263580322443e+01 -2.974066162109375000e+01 1.207813143730163574e+00 0.000000000000000000e+00 0.000000000000000000e+00 0.000000000000000000e+00 1.000000000000000000e+00
1.716365880392729282e+09 1.058581352233886719e+01 -2.987559890747070312e+01 1.181699991226196289e+00 0.000000000000000000e+00 0.000000000000000000e+00 0.000000000000000000e+00 1.000000000000000000e+00
1.716365880442992449e+09 1.060673904418945135e+01 -2.994019889831542969e+01 1.168767929077148438e+00 0.000000000000000000e+00 0.000000000000000000e+00 0.000000000000000000e+00 1.000000000000000000e+00
1.716365880493208885e+09 1.062667274475097656e+01 -3.000303840637207031e+01 1.157356142997741699e+00 0.000000000000000000e+00 0.000000000000000000e+00 0.000000000000000000e+00 1.000000000000000000e+00
1.716365880543388128e+09 1.066937446594238459e+01 -3.013311195373535156e+01 1.143723964691162109e+00 0.000000000000000000e+00 0.000000000000000000e+00 0.000000000000000000e+00 1.000000000000000000e+00
1.716365880593518734e+09 1.069128513336181641e+01 -3.020159149169921875e+01 1.130722880363464355e+00 0.000000000000000000e+00 0.000000000000000000e+00 0.000000000000000000e+00 1.000000000000000000e+00
1.716365880643879175e+09 1.071286869049072443e+01 -3.026806831359863637e+01 1.118488073348999023e+00 0.000000000000000000e+00 0.000000000000000000e+00 0.000000000000000000e+00 1.000000000000000000e+00
1.716365880693958044e+09 1.073293495178222834e+01 -3.032980346679687500e+01 1.108718276023864746e+00 0.000000000000000000e+00 0.000000000000000000e+00 0.000000000000000000e+00 1.000000000000000000e+00
1.716365880744271517e+09 1.075389099121093750e+01 -3.039652252197265625e+01 1.098811626434326172e+00 0.000000000000000000e+00 0.000000000000000000e+00 0.000000000000000000e+00 1.000000000000000000e+00
1.716365880794428825e+09 1.079533195495605646e+01 -3.052070999145508168e+01 1.089514493942260742e+00 0.000000000000000000e+00 0.000000000000000000e+00 0.000000000000000000e+00 1.000000000000000000e+00
1.716365880845676899e+09 1.081567382812500000e+01 -3.058131217956542969e+01 1.082302927970886230e+00 0.000000000000000000e+00 0.000000000000000000e+00 0.000000000000000000e+00 1.000000000000000000e+00
1.716365880894783497e+09 1.083833312988281250e+01 -3.064747428894042969e+01 1.076284885406493919e+00 0.000000000000000000e+00 0.000000000000000000e+00 0.000000000000000000e+00 1.000000000000000000e+00
1.716365880945118904e+09 1.086028957366943359e+01 -3.071072578430176137e+01 1.072023510932922363e+00 0.000000000000000000e+00 0.000000000000000000e+00 0.000000000000000000e+00 1.000000000000000000e+00
1.716365880995199680e+09 1.090393543243408203e+01 -3.083526039123535156e+01 1.068083524703979492e+00 0.000000000000000000e+00 0.000000000000000000e+00 0.000000000000000000e+00 1.000000000000000000e+00
1.716365881045423031e+09 1.092487621307373047e+01 -3.089679336547851918e+01 1.067227244377136230e+00 0.000000000000000000e+00 0.000000000000000000e+00 0.000000000000000000e+00 1.000000000000000000e+00
1.716365881095633268e+09 1.094614696502685547e+01 -3.095927810668945312e+01 1.066941618919372559e+00 0.000000000000000000e+00 0.000000000000000000e+00 0.000000000000000000e+00 1.000000000000000000e+00
1.716365881145816803e+09 1.096770668029785156e+01 -3.102168273925780895e+01 1.068342924118041992e+00 0.000000000000000000e+00 0.000000000000000000e+00 0.000000000000000000e+00 1.000000000000000000e+00
1.716365881246198893e+09 1.101293182373046875e+01 -3.115104675292968750e+01 1.070709347724914551e+00 0.000000000000000000e+00 0.000000000000000000e+00 0.000000000000000000e+00 1.000000000000000000e+00
1.716365881296323299e+09 1.103493213653564453e+01 -3.121334075927734375e+01 1.075520634651184082e+00 0.000000000000000000e+00 0.000000000000000000e+00 0.000000000000000000e+00 1.000000000000000000e+00
1.716365881346498728e+09 1.105772495269775391e+01 -3.127536392211914062e+01 1.081243634223937988e+00 0.000000000000000000e+00 0.000000000000000000e+00 0.000000000000000000e+00 1.000000000000000000e+00
1.716365881497012138e+09 1.115926361083984375e+01 -3.153463363647460938e+01 1.104536533355712891e+00 0.000000000000000000e+00 0.000000000000000000e+00 0.000000000000000000e+00 1.000000000000000000e+00
1.716365881547296047e+09 1.121522426605224609e+01 -3.166147994995116832e+01 1.126810193061828613e+00 0.000000000000000000e+00 0.000000000000000000e+00 0.000000000000000000e+00 1.000000000000000000e+00
1.716365881597370148e+09 1.126515102386474609e+01 -3.178290557861328125e+01 1.138556599617004395e+00 0.000000000000000000e+00 0.000000000000000000e+00 0.000000000000000000e+00 1.000000000000000000e+00
1.716365881647681236e+09 1.129596424102783203e+01 -3.184745597839355469e+01 1.151904344558715820e+00 0.000000000000000000e+00 0.000000000000000000e+00 0.000000000000000000e+00 1.000000000000000000e+00
1.716365881698705673e+09 1.132707500457763672e+01 -3.190660476684570312e+01 1.167170405387878418e+00 0.000000000000000000e+00 0.000000000000000000e+00 0.000000000000000000e+00 1.000000000000000000e+00
1.716365881748322964e+09 1.135817718505859375e+01 -3.196680450439453125e+01 1.182056069374084473e+00 0.000000000000000000e+00 0.000000000000000000e+00 0.000000000000000000e+00 1.000000000000000000e+00
1.716365881799083948e+09 1.142008590698242188e+01 -3.208304214477539062e+01 1.212877511978149414e+00 0.000000000000000000e+00 0.000000000000000000e+00 0.000000000000000000e+00 1.000000000000000000e+00
1.716365881899214506e+09 1.147612571716308594e+01 -3.220969390869140625e+01 1.227176666259765625e+00 0.000000000000000000e+00 0.000000000000000000e+00 0.000000000000000000e+00 1.000000000000000000e+00
1.716365881949296951e+09 1.150740051269531250e+01 -3.226873779296875000e+01 1.243350863456726074e+00 0.000000000000000000e+00 0.000000000000000000e+00 0.000000000000000000e+00 1.000000000000000000e+00
1.716365882049873114e+09 1.159431934356689631e+01 -3.245558929443359375e+01 1.273432135581970215e+00 0.000000000000000000e+00 0.000000000000000000e+00 0.000000000000000000e+00 1.000000000000000000e+00
1.716365882100257397e+09 1.162792205810546875e+01 -3.251905441284179688e+01 1.285494446754455566e+00 0.000000000000000000e+00 0.000000000000000000e+00 0.000000000000000000e+00 1.000000000000000000e+00
1.716365882200366259e+09 1.173221492767333984e+01 -3.270813369750976562e+01 1.317903041839599609e+00 0.000000000000000000e+00 0.000000000000000000e+00 0.000000000000000000e+00 1.000000000000000000e+00
1.716365882300750732e+09 1.179078674316406250e+01 -3.283589935302734375e+01 1.326762557029723899e+00 0.000000000000000000e+00 0.000000000000000000e+00 0.000000000000000000e+00 1.000000000000000000e+00
1.716365882350950241e+09 1.182685947418212713e+01 -3.290054321289062500e+01 1.334628343582153098e+00 0.000000000000000000e+00 0.000000000000000000e+00 0.000000000000000000e+00 1.000000000000000000e+00
1.716365882451440334e+09 1.189845657348632812e+01 -3.303319168090820312e+01 1.348395705223083496e+00 0.000000000000000000e+00 0.000000000000000000e+00 0.000000000000000000e+00 1.000000000000000000e+00
1.716365882501657009e+09 1.193243885040283203e+01 -3.309643554687500000e+01 1.353130340576172097e+00 0.000000000000000000e+00 0.000000000000000000e+00 0.000000000000000000e+00 1.000000000000000000e+00
1.716365882602031469e+09 1.199138069152832031e+01 -3.323252487182617188e+01 1.357348322868347168e+00 0.000000000000000000e+00 0.000000000000000000e+00 0.000000000000000000e+00 1.000000000000000000e+00
1.716365882652278900e+09 1.206165885925292969e+01 -3.336877441406250000e+01 1.362990856170654297e+00 0.000000000000000000e+00 0.000000000000000000e+00 0.000000000000000000e+00 1.000000000000000000e+00
1.716365882702337265e+09 1.209424400329589844e+01 -3.343462371826171875e+01 1.364906191825866699e+00 0.000000000000000000e+00 0.000000000000000000e+00 0.000000000000000000e+00 1.000000000000000000e+00
1.716365882752850771e+09 1.212685012817382812e+01 -3.349940109252929688e+01 1.366702318191528320e+00 0.000000000000000000e+00 0.000000000000000000e+00 0.000000000000000000e+00 1.000000000000000000e+00
1.716365882853289127e+09 1.221823787689208984e+01 -3.369921112060546875e+01 1.363820552825927512e+00 0.000000000000000000e+00 0.000000000000000000e+00 0.000000000000000000e+00 1.000000000000000000e+00
1.716365882903472185e+09 1.225240039825439631e+01 -3.376552581787109375e+01 1.359874129295349121e+00 0.000000000000000000e+00 0.000000000000000000e+00 0.000000000000000000e+00 1.000000000000000000e+00
1.716365882953539610e+09 1.228765392303466797e+01 -3.383036804199218750e+01 1.354229688644409180e+00 0.000000000000000000e+00 0.000000000000000000e+00 0.000000000000000000e+00 1.000000000000000000e+00
1.716365883104467869e+09 1.240589809417724609e+01 -3.408311843872070312e+01 1.338184118270874023e+00 0.000000000000000000e+00 0.000000000000000000e+00 0.000000000000000000e+00 1.000000000000000000e+00
1.716365883154458523e+09 1.245381355285644354e+01 -3.419227981567382812e+01 1.329435348510742188e+00 0.000000000000000000e+00 0.000000000000000000e+00 0.000000000000000000e+00 1.000000000000000000e+00
1.716365883204636335e+09 1.248559951782226562e+01 -3.425302886962890625e+01 1.320197463035583496e+00 0.000000000000000000e+00 0.000000000000000000e+00 0.000000000000000000e+00 1.000000000000000000e+00
1.716365883254858732e+09 1.251740837097167969e+01 -3.431483459472656250e+01 1.311348438262939675e+00 0.000000000000000000e+00 0.000000000000000000e+00 0.000000000000000000e+00 1.000000000000000000e+00
1.716365883304972172e+09 1.258551025390625000e+01 -3.445383453369140625e+01 1.295620203018188477e+00 0.000000000000000000e+00 0.000000000000000000e+00 0.000000000000000000e+00 1.000000000000000000e+00
1.716365883405503988e+09 1.261549568176269531e+01 -3.451311492919921875e+01 1.289413928985595703e+00 0.000000000000000000e+00 0.000000000000000000e+00 0.000000000000000000e+00 1.000000000000000000e+00
1.716365883455788612e+09 1.266377353668212713e+01 -3.462319946289062500e+01 1.283424019813537598e+00 0.000000000000000000e+00 0.000000000000000000e+00 0.000000000000000000e+00 1.000000000000000000e+00
1.716365883556200266e+09 1.274368572235107422e+01 -3.477808380126953125e+01 1.267647266387939675e+00 0.000000000000000000e+00 0.000000000000000000e+00 0.000000000000000000e+00 1.000000000000000000e+00
1.716365883656489372e+09 1.278636550903320312e+01 -3.487318801879882812e+01 1.264318346977234109e+00 0.000000000000000000e+00 0.000000000000000000e+00 0.000000000000000000e+00 1.000000000000000000e+00
1.716365883706589222e+09 1.281020832061767578e+01 -3.491875457763671875e+01 1.262523770332336426e+00 0.000000000000000000e+00 0.000000000000000000e+00 0.000000000000000000e+00 1.000000000000000000e+00
1.716365883756663561e+09 1.285458374023437678e+01 -3.500579071044921875e+01 1.262078642845153809e+00 0.000000000000000000e+00 0.000000000000000000e+00 0.000000000000000000e+00 1.000000000000000000e+00
1.716365883858773470e+09 1.289249229431152344e+01 -3.509201812744140625e+01 1.263481497764587402e+00 0.000000000000000000e+00 0.000000000000000000e+00 0.000000000000000000e+00 1.000000000000000000e+00
1.716365883907353401e+09 1.291232299804687678e+01 -3.513162231445312500e+01 1.265352487564086914e+00 0.000000000000000000e+00 0.000000000000000000e+00 0.000000000000000000e+00 1.000000000000000000e+00
1.716365883957319021e+09 1.293049240112304865e+01 -3.517077636718750000e+01 1.268729925155639648e+00 0.000000000000000000e+00 0.000000000000000000e+00 0.000000000000000000e+00 1.000000000000000000e+00
1.716365884007518291e+09 1.296970748901367188e+01 -3.525016021728516336e+01 1.276226639747619629e+00 0.000000000000000000e+00 0.000000000000000000e+00 0.000000000000000000e+00 1.000000000000000000e+00
1.716365884108006239e+09 1.302448177337646484e+01 -3.537709808349609375e+01 1.283853054046630859e+00 0.000000000000000000e+00 0.000000000000000000e+00 0.000000000000000000e+00 1.000000000000000000e+00
1.716365884158304930e+09 1.304436016082763672e+01 -3.542094039916992188e+01 1.285769581794738770e+00 0.000000000000000000e+00 0.000000000000000000e+00 0.000000000000000000e+00 1.000000000000000000e+00
1.716365884208420753e+09 1.306379222869873047e+01 -3.546174240112304688e+01 1.286496996879577637e+00 0.000000000000000000e+00 0.000000000000000000e+00 0.000000000000000000e+00 1.000000000000000000e+00
1.716365884359112740e+09 1.311981010437011541e+01 -3.558922195434570312e+01 1.283284902572631836e+00 0.000000000000000000e+00 0.000000000000000000e+00 0.000000000000000000e+00 1.000000000000000000e+00
1.716365884409116507e+09 1.314084434509277166e+01 -3.563260650634765625e+01 1.279918074607849121e+00 0.000000000000000000e+00 0.000000000000000000e+00 0.000000000000000000e+00 1.000000000000000000e+00
1.716365884459319353e+09 1.318083763122558594e+01 -3.571906280517578125e+01 1.271433234214782715e+00 0.000000000000000000e+00 0.000000000000000000e+00 0.000000000000000000e+00 1.000000000000000000e+00
1.716365884559585810e+09 1.321864223480224609e+01 -3.580847167968750000e+01 1.265290856361389160e+00 0.000000000000000000e+00 0.000000000000000000e+00 0.000000000000000000e+00 1.000000000000000000e+00
1.716365884609882593e+09 1.323979091644287287e+01 -3.585392379760742188e+01 1.258466362953186035e+00 0.000000000000000000e+00 0.000000000000000000e+00 0.000000000000000000e+00 1.000000000000000000e+00
1.716365884660534859e+09 1.328786849975585938e+01 -3.595119476318359375e+01 1.242583274841308594e+00 0.000000000000000000e+00 0.000000000000000000e+00 0.000000000000000000e+00 1.000000000000000000e+00
1.716365884760414839e+09 1.333045578002929688e+01 -3.605372619628906250e+01 1.232166409492492898e+00 0.000000000000000000e+00 0.000000000000000000e+00 0.000000000000000000e+00 1.000000000000000000e+00
1.716365884810675621e+09 1.335721302032470881e+01 -3.610666656494140625e+01 1.221911072731018066e+00 0.000000000000000000e+00 0.000000000000000000e+00 0.000000000000000000e+00 1.000000000000000000e+00
1.716365884861084700e+09 1.338262844085693359e+01 -3.615689849853516336e+01 1.211510419845581055e+00 0.000000000000000000e+00 0.000000000000000000e+00 0.000000000000000000e+00 1.000000000000000000e+00
1.716365884911966324e+09 1.340818691253661932e+01 -3.621026992797852273e+01 1.200865387916564941e+00 0.000000000000000000e+00 0.000000000000000000e+00 0.000000000000000000e+00 1.000000000000000000e+00
1.716365884961406231e+09 1.345340824127197266e+01 -3.632033920288085938e+01 1.189907073974609375e+00 0.000000000000000000e+00 0.000000000000000000e+00 0.000000000000000000e+00 1.000000000000000000e+00
1.716365885012321711e+09 1.347917461395263672e+01 -3.637255859375000000e+01 1.179150581359863281e+00 0.000000000000000000e+00 0.000000000000000000e+00 0.000000000000000000e+00 1.000000000000000000e+00
1.716365885061818361e+09 1.353446674346923828e+01 -3.648410797119140625e+01 1.155414819717407227e+00 0.000000000000000000e+00 0.000000000000000000e+00 0.000000000000000000e+00 1.000000000000000000e+00
1.716365885162793875e+09 1.358188247680664062e+01 -3.659655761718750000e+01 1.145636081695556641e+00 0.000000000000000000e+00 0.000000000000000000e+00 0.000000000000000000e+00 1.000000000000000000e+00
1.716365885212308407e+09 1.360708713531493963e+01 -3.665112304687500000e+01 1.136674046516418457e+00 0.000000000000000000e+00 0.000000000000000000e+00 0.000000000000000000e+00 1.000000000000000000e+00
1.716365885262905121e+09 1.365940570831298828e+01 -3.676060485839843750e+01 1.119395613670349121e+00 0.000000000000000000e+00 0.000000000000000000e+00 0.000000000000000000e+00 1.000000000000000000e+00
1.716365885362858295e+09 1.371317863464355646e+01 -3.687065124511718750e+01 1.106673717498779297e+00 0.000000000000000000e+00 0.000000000000000000e+00 0.000000000000000000e+00 1.000000000000000000e+00
1.716365885463272333e+09 1.375933933258056641e+01 -3.698147964477539062e+01 1.102467775344848633e+00 0.000000000000000000e+00 0.000000000000000000e+00 0.000000000000000000e+00 1.000000000000000000e+00
1.716365885513371706e+09 1.381184005737304865e+01 -3.709099197387695312e+01 1.096666693687438965e+00 0.000000000000000000e+00 0.000000000000000000e+00 0.000000000000000000e+00 1.000000000000000000e+00
1.716365885563608170e+09 1.383780288696289062e+01 -3.714746475219727273e+01 1.094310641288757102e+00 0.000000000000000000e+00 0.000000000000000000e+00 0.000000000000000000e+00 1.000000000000000000e+00
1.716365885664567709e+09 1.388488006591796875e+01 -3.726009750366210938e+01 1.092166662216186301e+00 0.000000000000000000e+00 0.000000000000000000e+00 0.000000000000000000e+00 1.000000000000000000e+00
1.716365885714546919e+09 1.391169452667236328e+01 -3.731411743164063211e+01 1.090108871459960938e+00 0.000000000000000000e+00 0.000000000000000000e+00 0.000000000000000000e+00 1.000000000000000000e+00
1.716365885764875412e+09 1.396124839782714844e+01 -3.741943359375000000e+01 1.088702678680419922e+00 0.000000000000000000e+00 0.000000000000000000e+00 0.000000000000000000e+00 1.000000000000000000e+00
1.716365885814669132e+09 1.398536014556884766e+01 -3.746911621093750000e+01 1.086000204086303711e+00 0.000000000000000000e+00 0.000000000000000000e+00 0.000000000000000000e+00 1.000000000000000000e+00
1.716365885914921761e+09 1.402878379821777166e+01 -3.756922531127929688e+01 1.083062052726745605e+00 0.000000000000000000e+00 0.000000000000000000e+00 0.000000000000000000e+00 1.000000000000000000e+00
1.716365885965513468e+09 1.408101272583007812e+01 -3.767345428466796875e+01 1.074088931083679199e+00 0.000000000000000000e+00 0.000000000000000000e+00 0.000000000000000000e+00 1.000000000000000000e+00
1.716365886066474438e+09 1.410424995422363281e+01 -3.772021484375000000e+01 1.067658782005310059e+00 0.000000000000000000e+00 0.000000000000000000e+00 0.000000000000000000e+00 1.000000000000000000e+00
1.716365886115798473e+09 1.415908432006835938e+01 -3.783620834350585938e+01 1.052777647972106934e+00 0.000000000000000000e+00 0.000000000000000000e+00 0.000000000000000000e+00 1.000000000000000000e+00
1.716365886166075468e+09 1.418761348724365234e+01 -3.789590072631835938e+01 1.043528676033020020e+00 0.000000000000000000e+00 0.000000000000000000e+00 0.000000000000000000e+00 1.000000000000000000e+00
1.716365886216372728e+09 1.421134185791015625e+01 -3.793815231323242188e+01 1.033255100250243919e+00 0.000000000000000000e+00 0.000000000000000000e+00 0.000000000000000000e+00 1.000000000000000000e+00
1.716365886266510963e+09 1.423573493957519531e+01 -3.798656845092772727e+01 1.023442149162292480e+00 0.000000000000000000e+00 0.000000000000000000e+00 0.000000000000000000e+00 1.000000000000000000e+00
1.716365886316567898e+09 1.426323032379150391e+01 -3.803916549682617188e+01 1.014437913894653098e+00 0.000000000000000000e+00 0.000000000000000000e+00 0.000000000000000000e+00 1.000000000000000000e+00
1.716365886416812181e+09 1.430203723907470881e+01 -3.812489700317382812e+01 1.005306243896484375e+00 0.000000000000000000e+00 0.000000000000000000e+00 0.000000000000000000e+00 1.000000000000000000e+00
1.716365886467212915e+09 1.432401084899902344e+01 -3.816782379150391336e+01 9.972822666168211780e-01 0.000000000000000000e+00 0.000000000000000000e+00 0.000000000000000000e+00 1.000000000000000000e+00
1.716365886517491817e+09 1.436511516571044922e+01 -3.824193191528320312e+01 9.823014140129088245e-01 0.000000000000000000e+00 0.000000000000000000e+00 0.000000000000000000e+00 1.000000000000000000e+00
1.716365886567802668e+09 1.438245201110839844e+01 -3.827273559570312500e+01 9.768597483634947620e-01 0.000000000000000000e+00 0.000000000000000000e+00 0.000000000000000000e+00 1.000000000000000000e+00
1.716365886668001652e+09 1.441059780120849609e+01 -3.833261871337890625e+01 9.729112982749940075e-01 0.000000000000000000e+00 0.000000000000000000e+00 0.000000000000000000e+00 1.000000000000000000e+00
1.716365886718963146e+09 1.444089221954345525e+01 -3.838749694824218750e+01 9.749523997306823730e-01 0.000000000000000000e+00 0.000000000000000000e+00 0.000000000000000000e+00 1.000000000000000000e+00
1.716365886768172979e+09 1.445281887054443359e+01 -3.841087722778320312e+01 9.814379215240479626e-01 0.000000000000000000e+00 0.000000000000000000e+00 0.000000000000000000e+00 1.000000000000000000e+00
1.716365886918876886e+09 1.448845481872558594e+01 -3.848124694824218750e+01 1.016299128532409668e+00 0.000000000000000000e+00 0.000000000000000000e+00 0.000000000000000000e+00 1.000000000000000000e+00
1.716365887169686317e+09 1.450145053863525391e+01 -3.851264953613281250e+01 1.111772298812866211e+00 0.000000000000000000e+00 0.000000000000000000e+00 0.000000000000000000e+00 1.000000000000000000e+00
1.716365887220521212e+09 1.450008964538574219e+01 -3.850799560546875000e+01 1.130581498146057129e+00 0.000000000000000000e+00 0.000000000000000000e+00 0.000000000000000000e+00 1.000000000000000000e+00
1.716365887270023346e+09 1.449719524383544922e+01 -3.850283050537108664e+01 1.148498654365539551e+00 0.000000000000000000e+00 0.000000000000000000e+00 0.000000000000000000e+00 1.000000000000000000e+00
1.716365887321764469e+09 1.449257087707519531e+01 -3.849615859985352273e+01 1.164625525474548340e+00 0.000000000000000000e+00 0.000000000000000000e+00 0.000000000000000000e+00 1.000000000000000000e+00
1.716365887421428442e+09 1.447891521453857422e+01 -3.846300506591796875e+01 1.186486601829528809e+00 0.000000000000000000e+00 0.000000000000000000e+00 0.000000000000000000e+00 1.000000000000000000e+00
1.716365887470686674e+09 1.447296333312988459e+01 -3.844925689697265625e+01 1.191579341888427512e+00 0.000000000000000000e+00 0.000000000000000000e+00 0.000000000000000000e+00 1.000000000000000000e+00
1.716365887520863533e+09 1.446635055541992188e+01 -3.843468093872070312e+01 1.195883989334106445e+00 0.000000000000000000e+00 0.000000000000000000e+00 0.000000000000000000e+00 1.000000000000000000e+00
1.716365887671761990e+09 1.443617153167724609e+01 -3.836267852783203125e+01 1.193437218666076882e+00 0.000000000000000000e+00 0.000000000000000000e+00 0.000000000000000000e+00 1.000000000000000000e+00
1.716365887722552538e+09 1.442845630645751953e+01 -3.833988952636718750e+01 1.187107682228088379e+00 0.000000000000000000e+00 0.000000000000000000e+00 0.000000000000000000e+00 1.000000000000000000e+00
1.716365887772545815e+09 1.442148017883300781e+01 -3.831572341918945312e+01 1.177135944366455078e+00 0.000000000000000000e+00 0.000000000000000000e+00 0.000000000000000000e+00 1.000000000000000000e+00
1.716365887872735739e+09 1.440494823455810369e+01 -3.827058792114257812e+01 1.168508887290954590e+00 0.000000000000000000e+00 0.000000000000000000e+00 0.000000000000000000e+00 1.000000000000000000e+00
1.716365888073563576e+09 1.433874893188476562e+01 -3.807476806640625000e+01 1.100101709365844727e+00 0.000000000000000000e+00 0.000000000000000000e+00 0.000000000000000000e+00 1.000000000000000000e+00
1.716365888123536587e+09 1.433016204833984375e+01 -3.804149246215820312e+01 1.082901000976562500e+00 0.000000000000000000e+00 0.000000000000000000e+00 0.000000000000000000e+00 1.000000000000000000e+00
1.716365888173630714e+09 1.431174755096435547e+01 -3.798628616333007812e+01 1.067530989646911621e+00 0.000000000000000000e+00 0.000000000000000000e+00 0.000000000000000000e+00 1.000000000000000000e+00
1.716365888223807812e+09 1.429965019226074219e+01 -3.794684600830078125e+01 1.051018953323364480e+00 0.000000000000000000e+00 0.000000000000000000e+00 0.000000000000000000e+00 1.000000000000000000e+00
1.716365888274113655e+09 1.428780364990234375e+01 -3.790839767456054688e+01 1.036711573600769043e+00 0.000000000000000000e+00 0.000000000000000000e+00 0.000000000000000000e+00 1.000000000000000000e+00
1.716365888324258566e+09 1.427426433563232422e+01 -3.785987091064453125e+01 1.020539283752441406e+00 0.000000000000000000e+00 0.000000000000000000e+00 0.000000000000000000e+00 1.000000000000000000e+00
1.716365888374524593e+09 1.425905513763427557e+01 -3.781092453002929688e+01 1.006737947463989258e+00 0.000000000000000000e+00 0.000000000000000000e+00 0.000000000000000000e+00 1.000000000000000000e+00
1.716365888474802256e+09 1.422570514678955078e+01 -3.771431350708007812e+01 9.933817982673643909e-01 0.000000000000000000e+00 0.000000000000000000e+00 0.000000000000000000e+00 1.000000000000000000e+00
1.716365888525113106e+09 1.419223499298095525e+01 -3.760903167724609375e+01 9.682847261428831898e-01 0.000000000000000000e+00 0.000000000000000000e+00 0.000000000000000000e+00 1.000000000000000000e+00
1.716365888575258970e+09 1.417360687255859375e+01 -3.755390930175781250e+01 9.572586417198180042e-01 0.000000000000000000e+00 0.000000000000000000e+00 0.000000000000000000e+00 1.000000000000000000e+00
1.716365888626331091e+09 1.415305900573730469e+01 -3.749311065673828125e+01 9.471848607063292347e-01 0.000000000000000000e+00 0.000000000000000000e+00 0.000000000000000000e+00 1.000000000000000000e+00
1.716365888725956202e+09 1.411036586761474609e+01 -3.737550354003906250e+01 9.401066303253173828e-01 0.000000000000000000e+00 0.000000000000000000e+00 0.000000000000000000e+00 1.000000000000000000e+00
1.716365888776796818e+09 1.406653594970703125e+01 -3.725504302978516336e+01 9.280057549476623535e-01 0.000000000000000000e+00 0.000000000000000000e+00 0.000000000000000000e+00 1.000000000000000000e+00
1.716365888827219963e+09 1.404629135131835938e+01 -3.719313049316406250e+01 9.233465194702148438e-01 0.000000000000000000e+00 0.000000000000000000e+00 0.000000000000000000e+00 1.000000000000000000e+00
1.716365888927162170e+09 1.399526309967041016e+01 -3.705202102661132812e+01 9.216595888137816273e-01 0.000000000000000000e+00 0.000000000000000000e+00 0.000000000000000000e+00 1.000000000000000000e+00
1.716365888977723837e+09 1.394494152069091797e+01 -3.691172790527343750e+01 9.209227561950683594e-01 0.000000000000000000e+00 0.000000000000000000e+00 0.000000000000000000e+00 1.000000000000000000e+00
1.716365889027623892e+09 1.391574382781982422e+01 -3.683512115478516336e+01 9.227879643440247692e-01 0.000000000000000000e+00 0.000000000000000000e+00 0.000000000000000000e+00 1.000000000000000000e+00
1.716365889127980709e+09 1.385656738281250000e+01 -3.668436431884765625e+01 9.280436038970948376e-01 0.000000000000000000e+00 0.000000000000000000e+00 0.000000000000000000e+00 1.000000000000000000e+00
1.716365889178640366e+09 1.379242801666259766e+01 -3.652917861938476562e+01 9.409013986587524414e-01 0.000000000000000000e+00 0.000000000000000000e+00 0.000000000000000000e+00 1.000000000000000000e+00
1.716365889228714943e+09 1.375629234313964844e+01 -3.644246292114257812e+01 9.496452808380128063e-01 0.000000000000000000e+00 0.000000000000000000e+00 0.000000000000000000e+00 1.000000000000000000e+00
1.716365889278841257e+09 1.372007083892822443e+01 -3.635579299926757812e+01 9.592044353485108532e-01 0.000000000000000000e+00 0.000000000000000000e+00 0.000000000000000000e+00 1.000000000000000000e+00
1.716365889429505825e+09 1.359961795806884766e+01 -3.606164169311523438e+01 9.816631674766540527e-01 0.000000000000000000e+00 0.000000000000000000e+00 0.000000000000000000e+00 1.000000000000000000e+00
1.716365889479554415e+09 1.356008338928222834e+01 -3.597303771972656250e+01 9.934827685356140137e-01 0.000000000000000000e+00 0.000000000000000000e+00 0.000000000000000000e+00 1.000000000000000000e+00
1.716365889531020403e+09 1.352175140380859375e+01 -3.588610458374023438e+01 1.005010962486267090e+00 0.000000000000000000e+00 0.000000000000000000e+00 0.000000000000000000e+00 1.000000000000000000e+00
1.716365889580119371e+09 1.344223213195800781e+01 -3.570687103271484375e+01 1.025972962379455566e+00 0.000000000000000000e+00 0.000000000000000000e+00 0.000000000000000000e+00 1.000000000000000000e+00
1.716365889630362988e+09 1.339713764190673828e+01 -3.560322189331054688e+01 1.035746812820434570e+00 0.000000000000000000e+00 0.000000000000000000e+00 0.000000000000000000e+00 1.000000000000000000e+00
1.716365889730646610e+09 1.331625556945800781e+01 -3.541153717041016336e+01 1.046652793884277122e+00 0.000000000000000000e+00 0.000000000000000000e+00 0.000000000000000000e+00 1.000000000000000000e+00
1.716365889780879974e+09 1.322339916229248047e+01 -3.521589279174804688e+01 1.065553903579711914e+00 0.000000000000000000e+00 0.000000000000000000e+00 0.000000000000000000e+00 1.000000000000000000e+00
1.716365889831211567e+09 1.317440128326416016e+01 -3.511262512207031250e+01 1.075299382209777832e+00 0.000000000000000000e+00 0.000000000000000000e+00 0.000000000000000000e+00 1.000000000000000000e+00
1.716365889931208611e+09 1.309032535552978338e+01 -3.491571807861328125e+01 1.086639642715454102e+00 0.000000000000000000e+00 0.000000000000000000e+00 0.000000000000000000e+00 1.000000000000000000e+00
1.716365889981403112e+09 1.299265670776367188e+01 -3.471223831176757812e+01 1.106210947036743164e+00 0.000000000000000000e+00 0.000000000000000000e+00 0.000000000000000000e+00 1.000000000000000000e+00
1.716365890031547546e+09 1.294275760650634766e+01 -3.460609436035156250e+01 1.116701483726501687e+00 0.000000000000000000e+00 0.000000000000000000e+00 0.000000000000000000e+00 1.000000000000000000e+00
1.716365890081757545e+09 1.289474010467529119e+01 -3.450563812255859375e+01 1.126716732978820801e+00 0.000000000000000000e+00 0.000000000000000000e+00 0.000000000000000000e+00 1.000000000000000000e+00
1.716365890182379723e+09 1.275276851654052734e+01 -3.418635177612304688e+01 1.152356266975402832e+00 0.000000000000000000e+00 0.000000000000000000e+00 0.000000000000000000e+00 1.000000000000000000e+00
1.716365890232488155e+09 1.269983577728271662e+01 -3.407815933227539062e+01 1.167615056037902832e+00 0.000000000000000000e+00 0.000000000000000000e+00 0.000000000000000000e+00 1.000000000000000000e+00
1.716365890282528400e+09 1.264922714233398438e+01 -3.397336196899414062e+01 1.183656930923461914e+00 0.000000000000000000e+00 0.000000000000000000e+00 0.000000000000000000e+00 1.000000000000000000e+00
1.716365890383311987e+09 1.250144386291504084e+01 -3.364452362060546875e+01 1.220398187637329102e+00 0.000000000000000000e+00 0.000000000000000000e+00 0.000000000000000000e+00 1.000000000000000000e+00
1.716365890433498621e+09 1.244616603851318359e+01 -3.353291702270507812e+01 1.239655613899230957e+00 0.000000000000000000e+00 0.000000000000000000e+00 0.000000000000000000e+00 1.000000000000000000e+00
1.716365890483510017e+09 1.239415168762207031e+01 -3.342435073852539062e+01 1.258524060249328613e+00 0.000000000000000000e+00 0.000000000000000000e+00 0.000000000000000000e+00 1.000000000000000000e+00
1.716365890533704519e+09 1.233635616302490234e+01 -3.330725097656250000e+01 1.278365015983581543e+00 0.000000000000000000e+00 0.000000000000000000e+00 0.000000000000000000e+00 1.000000000000000000e+00
1.716365890634411335e+09 1.218242645263672053e+01 -3.297309875488281250e+01 1.317296147346496582e+00 0.000000000000000000e+00 0.000000000000000000e+00 0.000000000000000000e+00 1.000000000000000000e+00
1.716365890684819698e+09 1.212888336181640625e+01 -3.286715698242187500e+01 1.333698391914367676e+00 0.000000000000000000e+00 0.000000000000000000e+00 0.000000000000000000e+00 1.000000000000000000e+00
1.716365890734592199e+09 1.207213687896728338e+01 -3.275490951538085938e+01 1.346596002578735352e+00 0.000000000000000000e+00 0.000000000000000000e+00 0.000000000000000000e+00 1.000000000000000000e+00
1.716365890835081100e+09 1.197584342956542969e+01 -3.253145599365234375e+01 1.357080936431884766e+00 0.000000000000000000e+00 0.000000000000000000e+00 0.000000000000000000e+00 1.000000000000000000e+00
1.716365890885409355e+09 1.191868019104004084e+01 -3.241825866699218750e+01 1.365511059761047363e+00 0.000000000000000000e+00 0.000000000000000000e+00 0.000000000000000000e+00 1.000000000000000000e+00
1.716365890935433149e+09 1.180580806732177557e+01 -3.219554901123046875e+01 1.375524997711181641e+00 0.000000000000000000e+00 0.000000000000000000e+00 0.000000000000000000e+00 1.000000000000000000e+00
1.716365890986652136e+09 1.174921226501464844e+01 -3.208636474609375000e+01 1.379304289817810059e+00 0.000000000000000000e+00 0.000000000000000000e+00 0.000000000000000000e+00 1.000000000000000000e+00
1.716365891086029768e+09 1.164982414245605646e+01 -3.186078834533691762e+01 1.382070422172546387e+00 0.000000000000000000e+00 0.000000000000000000e+00 0.000000000000000000e+00 1.000000000000000000e+00
1.716365891136607647e+09 1.153645992279052734e+01 -3.164349365234375000e+01 1.384076952934265137e+00 0.000000000000000000e+00 0.000000000000000000e+00 0.000000000000000000e+00 1.000000000000000000e+00
1.716365891186805964e+09 1.147896862030029119e+01 -3.153672599792480469e+01 1.385513782501220703e+00 0.000000000000000000e+00 0.000000000000000000e+00 0.000000000000000000e+00 1.000000000000000000e+00
1.716365891287706375e+09 1.137869358062743963e+01 -3.131462478637695668e+01 1.386441946029663086e+00 0.000000000000000000e+00 0.000000000000000000e+00 0.000000000000000000e+00 1.000000000000000000e+00
1.716365891337362766e+09 1.126399898529052734e+01 -3.109879684448242543e+01 1.385341644287109375e+00 0.000000000000000000e+00 0.000000000000000000e+00 0.000000000000000000e+00 1.000000000000000000e+00
1.716365891387925863e+09 1.120619583129882812e+01 -3.098571395874023438e+01 1.384129285812377930e+00 0.000000000000000000e+00 0.000000000000000000e+00 0.000000000000000000e+00 1.000000000000000000e+00
1.716365891438207150e+09 1.114620018005371271e+01 -3.087022399902344105e+01 1.382162451744079590e+00 0.000000000000000000e+00 0.000000000000000000e+00 0.000000000000000000e+00 1.000000000000000000e+00
1.716365891538479567e+09 1.104628181457519531e+01 -3.064262008666991832e+01 1.380766749382019043e+00 0.000000000000000000e+00 0.000000000000000000e+00 0.000000000000000000e+00 1.000000000000000000e+00
1.716365891588664055e+09 1.092878341674804865e+01 -3.042450332641601562e+01 1.375467538833618164e+00 0.000000000000000000e+00 0.000000000000000000e+00 0.000000000000000000e+00 1.000000000000000000e+00
1.716365891638900995e+09 1.086866855621338068e+01 -3.031538581848144531e+01 1.372678995132446289e+00 0.000000000000000000e+00 0.000000000000000000e+00 0.000000000000000000e+00 1.000000000000000000e+00
1.716365891689555883e+09 1.076193618774414062e+01 -3.007530975341796875e+01 1.371396422386169434e+00 0.000000000000000000e+00 0.000000000000000000e+00 0.000000000000000000e+00 1.000000000000000000e+00
1.716365891739408731e+09 1.070597171783447266e+01 -2.996786308288574574e+01 1.367445111274719238e+00 0.000000000000000000e+00 0.000000000000000000e+00 0.000000000000000000e+00 1.000000000000000000e+00
1.716365891789484262e+09 1.064751625061035156e+01 -2.985918045043945312e+01 1.365153074264526367e+00 0.000000000000000000e+00 0.000000000000000000e+00 0.000000000000000000e+00 1.000000000000000000e+00
1.716365891839803934e+09 1.058855819702148438e+01 -2.975172233581542969e+01 1.362138628959655762e+00 0.000000000000000000e+00 0.000000000000000000e+00 0.000000000000000000e+00 1.000000000000000000e+00
1.716365891940216064e+09 1.042652511596679688e+01 -2.941660881042480469e+01 1.358428835868835449e+00 0.000000000000000000e+00 0.000000000000000000e+00 0.000000000000000000e+00 1.000000000000000000e+00
1.716365892041429996e+09 1.030351448059082031e+01 -2.919704818725585938e+01 1.355845928192138894e+00 0.000000000000000000e+00 0.000000000000000000e+00 0.000000000000000000e+00 1.000000000000000000e+00
1.716365892090823174e+09 1.024466705322265625e+01 -2.908843040466308949e+01 1.355024337768554910e+00 0.000000000000000000e+00 0.000000000000000000e+00 0.000000000000000000e+00 1.000000000000000000e+00
1.716365892141012192e+09 1.014718151092529119e+01 -2.886937141418457031e+01 1.356147766113281250e+00 0.000000000000000000e+00 0.000000000000000000e+00 0.000000000000000000e+00 1.000000000000000000e+00
1.716365892241518497e+09 1.002011680603027166e+01 -2.862994384765625000e+01 1.359644293785095215e+00 0.000000000000000000e+00 0.000000000000000000e+00 0.000000000000000000e+00 1.000000000000000000e+00
1.716365892292091608e+09 9.957315444946287286e+00 -2.851843070983886719e+01 1.362078785896301270e+00 0.000000000000000000e+00 0.000000000000000000e+00 0.000000000000000000e+00 1.000000000000000000e+00
1.716365892392911911e+09 9.852792739868164062e+00 -2.828059387207031250e+01 1.364842295646667703e+00 0.000000000000000000e+00 0.000000000000000000e+00 0.000000000000000000e+00 1.000000000000000000e+00
1.716365892442226887e+09 9.728954315185548651e+00 -2.805368423461914062e+01 1.368141770362854004e+00 0.000000000000000000e+00 0.000000000000000000e+00 0.000000000000000000e+00 1.000000000000000000e+00
1.716365892492435455e+09 9.668801307678224433e+00 -2.794012451171875000e+01 1.369968891143798828e+00 0.000000000000000000e+00 0.000000000000000000e+00 0.000000000000000000e+00 1.000000000000000000e+00
1.716365892592728615e+09 9.567173957824708808e+00 -2.770545768737792969e+01 1.372606515884399414e+00 0.000000000000000000e+00 0.000000000000000000e+00 0.000000000000000000e+00 1.000000000000000000e+00
1.716365892643064737e+09 9.443547248840332031e+00 -2.747518920898437145e+01 1.378847002983093262e+00 0.000000000000000000e+00 0.000000000000000000e+00 0.000000000000000000e+00 1.000000000000000000e+00
1.716365892693675518e+09 9.382708549499511719e+00 -2.736286926269531250e+01 1.382547259330749512e+00 0.000000000000000000e+00 0.000000000000000000e+00 0.000000000000000000e+00 1.000000000000000000e+00
1.716365892743888378e+09 9.320781707763671875e+00 -2.724879264831542969e+01 1.386348843574523926e+00 0.000000000000000000e+00 0.000000000000000000e+00 0.000000000000000000e+00 1.000000000000000000e+00
1.716365892843953848e+09 9.151049613952636719e+00 -2.689041328430176137e+01 1.390760779380798340e+00 0.000000000000000000e+00 0.000000000000000000e+00 0.000000000000000000e+00 1.000000000000000000e+00
1.716365892901754379e+09 9.086624145507812500e+00 -2.676972579956054688e+01 1.390936613082885520e+00 0.000000000000000000e+00 0.000000000000000000e+00 0.000000000000000000e+00 1.000000000000000000e+00
1.716365892944773912e+09 9.023072242736816406e+00 -2.665189361572265625e+01 1.391804099082946777e+00 0.000000000000000000e+00 0.000000000000000000e+00 0.000000000000000000e+00 1.000000000000000000e+00
1.716365893045300007e+09 8.850724220275878906e+00 -2.628683280944823863e+01 1.388986229896545410e+00 0.000000000000000000e+00 0.000000000000000000e+00 0.000000000000000000e+00 1.000000000000000000e+00
1.716365893095337152e+09 8.787635803222656250e+00 -2.616877365112304688e+01 1.386142253875732422e+00 0.000000000000000000e+00 0.000000000000000000e+00 0.000000000000000000e+00 1.000000000000000000e+00
1.716365893145699501e+09 8.721213340759277344e+00 -2.605075073242187500e+01 1.381958246231079102e+00 0.000000000000000000e+00 0.000000000000000000e+00 0.000000000000000000e+00 1.000000000000000000e+00
1.716365893246586323e+09 8.613265037536621094e+00 -2.581372261047363637e+01 1.376161456108093262e+00 0.000000000000000000e+00 0.000000000000000000e+00 0.000000000000000000e+00 1.000000000000000000e+00
1.716365893297072172e+09 8.475937843322753906e+00 -2.556951904296875000e+01 1.361681699752807617e+00 0.000000000000000000e+00 0.000000000000000000e+00 0.000000000000000000e+00 1.000000000000000000e+00
1.716365893346587896e+09 8.402426719665527344e+00 -2.543578910827636719e+01 1.350208997726440430e+00 0.000000000000000000e+00 0.000000000000000000e+00 0.000000000000000000e+00 1.000000000000000000e+00
1.716365893396752357e+09 8.337772369384765625e+00 -2.533384513854980469e+01 1.338277935981750488e+00 0.000000000000000000e+00 0.000000000000000000e+00 0.000000000000000000e+00 1.000000000000000000e+00
1.716365893547264814e+09 8.082147598266601562e+00 -2.486275291442871094e+01 1.303497552871704102e+00 0.000000000000000000e+00 0.000000000000000000e+00 0.000000000000000000e+00 1.000000000000000000e+00
1.716365893597422838e+09 8.012063026428222656e+00 -2.475189971923828125e+01 1.293861746788024902e+00 0.000000000000000000e+00 0.000000000000000000e+00 0.000000000000000000e+00 1.000000000000000000e+00
1.716365893698340178e+09 7.824951648712158203e+00 -2.440226364135742543e+01 1.273174405097961426e+00 0.000000000000000000e+00 0.000000000000000000e+00 0.000000000000000000e+00 1.000000000000000000e+00
1.716365893748210430e+09 7.749403953552246094e+00 -2.428565025329589844e+01 1.263208150863647683e+00 0.000000000000000000e+00 0.000000000000000000e+00 0.000000000000000000e+00 1.000000000000000000e+00
1.716365893798393488e+09 7.675059795379638672e+00 -2.417383193969726562e+01 1.252283930778503418e+00 0.000000000000000000e+00 0.000000000000000000e+00 0.000000000000000000e+00 1.000000000000000000e+00
1.716365893848718166e+09 7.600539207458496094e+00 -2.406304931640625000e+01 1.240825057029723899e+00 0.000000000000000000e+00 0.000000000000000000e+00 0.000000000000000000e+00 1.000000000000000000e+00
1.716365893898753643e+09 7.486483573913574219e+00 -2.382940864562988281e+01 1.230286717414855957e+00 0.000000000000000000e+00 0.000000000000000000e+00 0.000000000000000000e+00 1.000000000000000000e+00
1.716365893948992014e+09 7.408267498016357422e+00 -2.371126747131348012e+01 1.219205498695373535e+00 0.000000000000000000e+00 0.000000000000000000e+00 0.000000000000000000e+00 1.000000000000000000e+00
1.716365894049555302e+09 7.256188869476318359e+00 -2.349018287658691762e+01 1.197756528854369895e+00 0.000000000000000000e+00 0.000000000000000000e+00 0.000000000000000000e+00 1.000000000000000000e+00
1.716365894099698544e+09 7.143259525299072266e+00 -2.325592231750488281e+01 1.188693642616271973e+00 0.000000000000000000e+00 0.000000000000000000e+00 0.000000000000000000e+00 1.000000000000000000e+00
1.716365894149934769e+09 7.065417289733886719e+00 -2.313738822937012074e+01 1.178711295127868874e+00 0.000000000000000000e+00 0.000000000000000000e+00 0.000000000000000000e+00 1.000000000000000000e+00
1.716365894200198650e+09 6.986267566680908203e+00 -2.301918792724609375e+01 1.169397473335265891e+00 0.000000000000000000e+00 0.000000000000000000e+00 0.000000000000000000e+00 1.000000000000000000e+00
1.716365894250416040e+09 6.907497406005859375e+00 -2.290497779846191762e+01 1.160695672035217285e+00 0.000000000000000000e+00 0.000000000000000000e+00 0.000000000000000000e+00 1.000000000000000000e+00
1.716365894350852489e+09 6.789006233215332031e+00 -2.265960121154785156e+01 1.155096173286437988e+00 0.000000000000000000e+00 0.000000000000000000e+00 0.000000000000000000e+00 1.000000000000000000e+00
1.716365894402087212e+09 6.633297920227050781e+00 -2.244071388244628906e+01 1.142108798027038574e+00 0.000000000000000000e+00 0.000000000000000000e+00 0.000000000000000000e+00 1.000000000000000000e+00
1.716365894451209068e+09 6.551236629486083984e+00 -2.231363487243652344e+01 1.137131452560424805e+00 0.000000000000000000e+00 0.000000000000000000e+00 0.000000000000000000e+00 1.000000000000000000e+00
1.716365894501412630e+09 6.471992969512940341e+00 -2.219087028503417969e+01 1.132782697677612305e+00 0.000000000000000000e+00 0.000000000000000000e+00 0.000000000000000000e+00 1.000000000000000000e+00
1.716365894551671743e+09 6.393418312072753906e+00 -2.206992149353027699e+01 1.129037261009216309e+00 0.000000000000000000e+00 0.000000000000000000e+00 0.000000000000000000e+00 1.000000000000000000e+00
1.716365894601949692e+09 6.278718948364257812e+00 -2.182404708862304688e+01 1.128425240516662598e+00 0.000000000000000000e+00 0.000000000000000000e+00 0.000000000000000000e+00 1.000000000000000000e+00
1.716365894652067423e+09 6.201783180236816406e+00 -2.171186637878417969e+01 1.126976966857910156e+00 0.000000000000000000e+00 0.000000000000000000e+00 0.000000000000000000e+00 1.000000000000000000e+00
1.716365894702415943e+09 6.122855186462402344e+00 -2.159912681579589844e+01 1.125614881515502930e+00 0.000000000000000000e+00 0.000000000000000000e+00 0.000000000000000000e+00 1.000000000000000000e+00
1.716365894752447844e+09 6.041989326477050781e+00 -2.148684883117676137e+01 1.124961137771606445e+00 0.000000000000000000e+00 0.000000000000000000e+00 0.000000000000000000e+00 1.000000000000000000e+00
1.716365894802593946e+09 5.926432609558105469e+00 -2.125231742858886719e+01 1.126785993576049805e+00 0.000000000000000000e+00 0.000000000000000000e+00 0.000000000000000000e+00 1.000000000000000000e+00
1.716365894853165150e+09 5.844439983367919922e+00 -2.113805389404296875e+01 1.125641107559204102e+00 0.000000000000000000e+00 0.000000000000000000e+00 0.000000000000000000e+00 1.000000000000000000e+00
1.716365894903054237e+09 5.688006401062011719e+00 -2.091849708557128906e+01 1.121019124984741211e+00 0.000000000000000000e+00 0.000000000000000000e+00 0.000000000000000000e+00 1.000000000000000000e+00
1.716365895003240347e+09 5.572495937347412109e+00 -2.067724037170410156e+01 1.119724750518798828e+00 0.000000000000000000e+00 0.000000000000000000e+00 0.000000000000000000e+00 1.000000000000000000e+00
1.716365895053584099e+09 5.491282939910888672e+00 -2.056330490112304688e+01 1.115682125091552734e+00 0.000000000000000000e+00 0.000000000000000000e+00 0.000000000000000000e+00 1.000000000000000000e+00
1.716365895103759766e+09 5.410806179046630859e+00 -2.045526504516601562e+01 1.111836671829223633e+00 0.000000000000000000e+00 0.000000000000000000e+00 0.000000000000000000e+00 1.000000000000000000e+00
1.716365895153975010e+09 5.328544139862060547e+00 -2.034032440185546875e+01 1.107485771179199219e+00 0.000000000000000000e+00 0.000000000000000000e+00 0.000000000000000000e+00 1.000000000000000000e+00
1.716365895204051971e+09 5.215183734893798828e+00 -2.010936355590820312e+01 1.104998588562011497e+00 0.000000000000000000e+00 0.000000000000000000e+00 0.000000000000000000e+00 1.000000000000000000e+00
1.716365895254470587e+09 5.133470535278320312e+00 -2.000122642517089844e+01 1.099420070648193359e+00 0.000000000000000000e+00 0.000000000000000000e+00 0.000000000000000000e+00 1.000000000000000000e+00
1.716365895304957628e+09 5.049922943115234375e+00 -1.989340591430664062e+01 1.093348503112792969e+00 0.000000000000000000e+00 0.000000000000000000e+00 0.000000000000000000e+00 1.000000000000000000e+00
1.716365895405428171e+09 4.850272178649902344e+00 -1.955974388122558238e+01 1.085489749908447266e+00 0.000000000000000000e+00 0.000000000000000000e+00 0.000000000000000000e+00 1.000000000000000000e+00
1.716365895505621433e+09 4.678677082061767578e+00 -1.935346031188964844e+01 1.079005956649780495e+00 0.000000000000000000e+00 0.000000000000000000e+00 0.000000000000000000e+00 1.000000000000000000e+00
1.716365895556574106e+09 4.506698608398437500e+00 -1.913840103149414062e+01 1.076418876647949219e+00 0.000000000000000000e+00 0.000000000000000000e+00 0.000000000000000000e+00 1.000000000000000000e+00
1.716365895656320333e+09 4.390598773956298828e+00 -1.891598701477050781e+01 1.078732728958130105e+00 0.000000000000000000e+00 0.000000000000000000e+00 0.000000000000000000e+00 1.000000000000000000e+00
1.716365895706493855e+09 4.304475784301757812e+00 -1.881371498107910156e+01 1.079906940460205078e+00 0.000000000000000000e+00 0.000000000000000000e+00 0.000000000000000000e+00 1.000000000000000000e+00
1.716365895756578445e+09 4.216352939605712891e+00 -1.871477699279785156e+01 1.081472754478454590e+00 0.000000000000000000e+00 0.000000000000000000e+00 0.000000000000000000e+00 1.000000000000000000e+00
1.716365895806733847e+09 4.126485347747802734e+00 -1.861501312255859730e+01 1.084407806396484375e+00 0.000000000000000000e+00 0.000000000000000000e+00 0.000000000000000000e+00 1.000000000000000000e+00
1.716365895856927633e+09 4.010880470275878906e+00 -1.840602874755859730e+01 1.090179085731506348e+00 0.000000000000000000e+00 0.000000000000000000e+00 0.000000000000000000e+00 1.000000000000000000e+00
1.716365895907180309e+09 3.921786069869995117e+00 -1.830258178710937145e+01 1.094764113426208496e+00 0.000000000000000000e+00 0.000000000000000000e+00 0.000000000000000000e+00 1.000000000000000000e+00
1.716365895957458496e+09 3.832002401351928711e+00 -1.819906425476074574e+01 1.100243568420410156e+00 0.000000000000000000e+00 0.000000000000000000e+00 0.000000000000000000e+00 1.000000000000000000e+00
1.716365896208264351e+09 3.364084959030151811e+00 -1.762568283081054688e+01 1.143768548965454102e+00 0.000000000000000000e+00 0.000000000000000000e+00 0.000000000000000000e+00 1.000000000000000000e+00
1.716365896258596897e+09 3.272929430007934570e+00 -1.753824615478515625e+01 1.154104471206665039e+00 0.000000000000000000e+00 0.000000000000000000e+00 0.000000000000000000e+00 1.000000000000000000e+00
1.716365896309317827e+09 3.076662302017211914e+00 -1.725620651245117188e+01 1.174252867698669434e+00 0.000000000000000000e+00 0.000000000000000000e+00 0.000000000000000000e+00 1.000000000000000000e+00
1.716365896408988953e+09 2.991143941879272461e+00 -1.716681289672851562e+01 1.181977987289428711e+00 0.000000000000000000e+00 0.000000000000000000e+00 0.000000000000000000e+00 1.000000000000000000e+00
1.716365896459248781e+09 2.901778697967529297e+00 -1.707271194458007812e+01 1.189181804656982422e+00 0.000000000000000000e+00 0.000000000000000000e+00 0.000000000000000000e+00 1.000000000000000000e+00
1.716365896509640455e+09 2.803638219833374023e+00 -1.688853263854980469e+01 1.197179913520812988e+00 0.000000000000000000e+00 0.000000000000000000e+00 0.000000000000000000e+00 1.000000000000000000e+00
1.716365896560293674e+09 2.637967348098754883e+00 -1.672810173034667969e+01 1.208446264266967773e+00 0.000000000000000000e+00 0.000000000000000000e+00 0.000000000000000000e+00 1.000000000000000000e+00
1.716365896660383463e+09 2.556927442550659180e+00 -1.665270614624023438e+01 1.211629509925842507e+00 0.000000000000000000e+00 0.000000000000000000e+00 0.000000000000000000e+00 1.000000000000000000e+00
1.716365896710489750e+09 2.467001914978027788e+00 -1.648935508728027344e+01 1.214143514633178711e+00 0.000000000000000000e+00 0.000000000000000000e+00 0.000000000000000000e+00 1.000000000000000000e+00
1.716365896760641098e+09 2.390351533889770508e+00 -1.641675376892089844e+01 1.213805913925170898e+00 0.000000000000000000e+00 0.000000000000000000e+00 0.000000000000000000e+00 1.000000000000000000e+00
1.716365896810812235e+09 2.238421440124512163e+00 -1.626541519165039062e+01 1.206168055534362793e+00 0.000000000000000000e+00 0.000000000000000000e+00 0.000000000000000000e+00 1.000000000000000000e+00
1.716365897412673473e+09 1.574852705001831055e+00 -1.551497364044189631e+01 1.073261618614196777e+00 0.000000000000000000e+00 0.000000000000000000e+00 0.000000000000000000e+00 1.000000000000000000e+00
1.716365897463066101e+09 1.465487003326416016e+00 -1.544734191894531250e+01 1.037816286087035911e+00 0.000000000000000000e+00 0.000000000000000000e+00 0.000000000000000000e+00 1.000000000000000000e+00
1.716365897512798786e+09 1.362030148506164551e+00 -1.538453388214111150e+01 1.005322694778442383e+00 0.000000000000000000e+00 0.000000000000000000e+00 0.000000000000000000e+00 1.000000000000000000e+00
1.716365897563123226e+09 1.310684800148010476e+00 -1.535836601257324219e+01 9.892740249633787952e-01 0.000000000000000000e+00 0.000000000000000000e+00 0.000000000000000000e+00 1.000000000000000000e+00
1.716365897663628101e+09 1.258081912994384766e+00 -1.533522891998291016e+01 9.760006666183471680e-01 0.000000000000000000e+00 0.000000000000000000e+00 0.000000000000000000e+00 1.000000000000000000e+00
1.716365897713925123e+09 1.206808447837829590e+00 -1.529174804687500000e+01 9.631153941154479980e-01 0.000000000000000000e+00 0.000000000000000000e+00 0.000000000000000000e+00 1.000000000000000000e+00
1.716365897763904572e+09 1.158472061157226562e+00 -1.527498626708984375e+01 9.505318999290466309e-01 0.000000000000000000e+00 0.000000000000000000e+00 0.000000000000000000e+00 1.000000000000000000e+00
1.716365897814090252e+09 1.064725756645202637e+00 -1.524788475036621271e+01 9.273480176925660290e-01 0.000000000000000000e+00 0.000000000000000000e+00 0.000000000000000000e+00 1.000000000000000000e+00
1.716365897914419413e+09 1.017802238464355691e+00 -1.522564983367919922e+01 9.173303842544555664e-01 0.000000000000000000e+00 0.000000000000000000e+00 0.000000000000000000e+00 1.000000000000000000e+00
1.716365897964995861e+09 9.280741810798643909e-01 -1.521359825134277166e+01 8.976524472236633301e-01 0.000000000000000000e+00 0.000000000000000000e+00 0.000000000000000000e+00 1.000000000000000000e+00
1.716365898064979553e+09 8.854243159294128418e-01 -1.520776081085205078e+01 8.883347511291503906e-01 0.000000000000000000e+00 0.000000000000000000e+00 0.000000000000000000e+00 1.000000000000000000e+00
1.716365898115121841e+09 8.455392718315124512e-01 -1.520869827270507812e+01 8.799104690551757812e-01 0.000000000000000000e+00 0.000000000000000000e+00 0.000000000000000000e+00 1.000000000000000000e+00
1.716365898165262699e+09 8.078617453575134277e-01 -1.521240615844726562e+01 8.712409734725952148e-01 0.000000000000000000e+00 0.000000000000000000e+00 0.000000000000000000e+00 1.000000000000000000e+00
1.716365898215549707e+09 7.393148541450500488e-01 -1.522425556182861150e+01 8.551037907600402832e-01 0.000000000000000000e+00 0.000000000000000000e+00 0.000000000000000000e+00 1.000000000000000000e+00
1.716365898267683506e+09 7.079090476036071777e-01 -1.523246383666992188e+01 8.478705286979675293e-01 0.000000000000000000e+00 0.000000000000000000e+00 0.000000000000000000e+00 1.000000000000000000e+00
1.716365898416668892e+09 6.257467269897460938e-01 -1.527834892272949219e+01 8.292030096054077148e-01 0.000000000000000000e+00 0.000000000000000000e+00 0.000000000000000000e+00 1.000000000000000000e+00
1.716365898466314316e+09 6.025031805038452148e-01 -1.529512023925781250e+01 8.247459530830383301e-01 0.000000000000000000e+00 0.000000000000000000e+00 0.000000000000000000e+00 1.000000000000000000e+00
1.716365898516655445e+09 5.817552208900451660e-01 -1.533380317687988459e+01 8.205013275146484375e-01 0.000000000000000000e+00 0.000000000000000000e+00 0.000000000000000000e+00 1.000000000000000000e+00
1.716365898566731930e+09 5.624160170555114746e-01 -1.535541534423827947e+01 8.171837925910949707e-01 0.000000000000000000e+00 0.000000000000000000e+00 0.000000000000000000e+00 1.000000000000000000e+00
1.716365898817664862e+09 5.037330985069274902e-01 -1.553147888183593750e+01 8.118898868560791016e-01 0.000000000000000000e+00 0.000000000000000000e+00 0.000000000000000000e+00 1.000000000000000000e+00
1.716365899269498348e+09 4.174630045890808105e-01 -1.590295314788818359e+01 9.000139832496643066e-01 0.000000000000000000e+00 0.000000000000000000e+00 0.000000000000000000e+00 1.000000000000000000e+00
1.716365899419964790e+09 3.813484609127044123e-01 -1.606633377075195312e+01 9.378776550292967640e-01 0.000000000000000000e+00 0.000000000000000000e+00 0.000000000000000000e+00 1.000000000000000000e+00
1.716365899470214844e+09 3.681574165821074884e-01 -1.610906028747558594e+01 9.494045972824095569e-01 0.000000000000000000e+00 0.000000000000000000e+00 0.000000000000000000e+00 1.000000000000000000e+00
1.716365899520388842e+09 3.541944324970244806e-01 -1.615176010131835938e+01 9.602974057197571911e-01 0.000000000000000000e+00 0.000000000000000000e+00 0.000000000000000000e+00 1.000000000000000000e+00
1.716365899570734739e+09 3.393121361732482910e-01 -1.623443222045898438e+01 9.695105552673339844e-01 0.000000000000000000e+00 0.000000000000000000e+00 0.000000000000000000e+00 1.000000000000000000e+00
1.716365899670937061e+09 3.052328526973723810e-01 -1.631879425048828125e+01 9.900555610656738281e-01 0.000000000000000000e+00 0.000000000000000000e+00 0.000000000000000000e+00 1.000000000000000000e+00
1.716365899771933556e+09 2.889089584350585938e-01 -1.640136718750000000e+01 9.976721405982972302e-01 0.000000000000000000e+00 0.000000000000000000e+00 0.000000000000000000e+00 1.000000000000000000e+00
1.716365899822043896e+09 2.705395817756652832e-01 -1.644598579406738281e+01 1.007316231727600098e+00 0.000000000000000000e+00 0.000000000000000000e+00 0.000000000000000000e+00 1.000000000000000000e+00
1.716365899872296333e+09 2.526899278163909912e-01 -1.648955726623535156e+01 1.016646981239318848e+00 0.000000000000000000e+00 0.000000000000000000e+00 0.000000000000000000e+00 1.000000000000000000e+00
1.716365899922121763e+09 2.173445671796797873e-01 -1.658261489868164062e+01 1.035265564918518066e+00 0.000000000000000000e+00 0.000000000000000000e+00 0.000000000000000000e+00 1.000000000000000000e+00
1.716365899972842455e+09 1.997299939393996915e-01 -1.662810134887695312e+01 1.044547796249389648e+00 0.000000000000000000e+00 0.000000000000000000e+00 0.000000000000000000e+00 1.000000000000000000e+00
1.716365900073300838e+09 1.827711760997771939e-01 -1.672253417968750000e+01 1.052357196807861106e+00 0.000000000000000000e+00 0.000000000000000000e+00 0.000000000000000000e+00 1.000000000000000000e+00
1.716365900123528719e+09 1.479253619909285944e-01 -1.682033729553222656e+01 1.069303870201110840e+00 0.000000000000000000e+00 0.000000000000000000e+00 0.000000000000000000e+00 1.000000000000000000e+00
1.716365900173656225e+09 1.310716122388838889e-01 -1.686868095397949219e+01 1.077129125595092773e+00 0.000000000000000000e+00 0.000000000000000000e+00 0.000000000000000000e+00 1.000000000000000000e+00
1.716365900273987055e+09 9.840445965528479833e-02 -1.701726150512695312e+01 1.090580105781555176e+00 0.000000000000000000e+00 0.000000000000000000e+00 0.000000000000000000e+00 1.000000000000000000e+00
1.716365900324587107e+09 8.245370537042609471e-02 -1.706950569152832031e+01 1.097009778022765891e+00 0.000000000000000000e+00 0.000000000000000000e+00 0.000000000000000000e+00 1.000000000000000000e+00
1.716365900424788713e+09 6.713718175888060136e-02 -1.717072486877441406e+01 1.102701544761657493e+00 0.000000000000000000e+00 0.000000000000000000e+00 0.000000000000000000e+00 1.000000000000000000e+00
1.716365900475116253e+09 4.091524332761759669e-02 -1.727607536315917969e+01 1.114014983177185059e+00 0.000000000000000000e+00 0.000000000000000000e+00 0.000000000000000000e+00 1.000000000000000000e+00
1.716365900525338411e+09 2.795960754156109895e-02 -1.732922935485839844e+01 1.119495630264282227e+00 0.000000000000000000e+00 0.000000000000000000e+00 0.000000000000000000e+00 1.000000000000000000e+00
1.716365900575603485e+09 1.652114465832709919e-02 -1.738234329223632812e+01 1.123823642730712891e+00 0.000000000000000000e+00 0.000000000000000000e+00 0.000000000000000000e+00 1.000000000000000000e+00
1.716365900677294016e+09 -6.538714747875900256e-03 -1.754553985595703125e+01 1.131539106369018555e+00 0.000000000000000000e+00 0.000000000000000000e+00 0.000000000000000000e+00 1.000000000000000000e+00
1.716365900726190329e+09 -1.667688973248000056e-02 -1.759962081909179688e+01 1.135498762130737305e+00 0.000000000000000000e+00 0.000000000000000000e+00 0.000000000000000000e+00 1.000000000000000000e+00
1.716365900776242495e+09 -2.591739594936370156e-02 -1.765268898010253906e+01 1.139056444168090820e+00 0.000000000000000000e+00 0.000000000000000000e+00 0.000000000000000000e+00 1.000000000000000000e+00
1.716365900826467991e+09 -3.422174975275989878e-02 -1.776274108886718750e+01 1.141399264335632324e+00 0.000000000000000000e+00 0.000000000000000000e+00 0.000000000000000000e+00 1.000000000000000000e+00
1.716365900876829624e+09 -4.132124036550519769e-02 -1.781779670715332031e+01 1.144666790962219238e+00 0.000000000000000000e+00 0.000000000000000000e+00 0.000000000000000000e+00 1.000000000000000000e+00
1.716365900927284002e+09 -4.747927933931350014e-02 -1.787384033203125000e+01 1.147228121757507102e+00 0.000000000000000000e+00 0.000000000000000000e+00 0.000000000000000000e+00 1.000000000000000000e+00
1.716365900977497339e+09 -5.294798314571379921e-02 -1.792988395690917969e+01 1.149853587150573508e+00 0.000000000000000000e+00 0.000000000000000000e+00 0.000000000000000000e+00 1.000000000000000000e+00
1.716365901027322531e+09 -5.710234865546220256e-02 -1.803892326354980469e+01 1.151693820953369141e+00 0.000000000000000000e+00 0.000000000000000000e+00 0.000000000000000000e+00 1.000000000000000000e+00
1.716365901077735186e+09 -6.068267673254010286e-02 -1.809496498107910156e+01 1.154172062873840332e+00 0.000000000000000000e+00 0.000000000000000000e+00 0.000000000000000000e+00 1.000000000000000000e+00
1.716365901127788782e+09 -6.373162567615499319e-02 -1.815001869201660156e+01 1.157178401947021706e+00 0.000000000000000000e+00 0.000000000000000000e+00 0.000000000000000000e+00 1.000000000000000000e+00
1.716365901228213072e+09 -6.943235546350469412e-02 -1.826513862609863637e+01 1.164189219474792480e+00 0.000000000000000000e+00 0.000000000000000000e+00 0.000000000000000000e+00 1.000000000000000000e+00
1.716365901278440952e+09 -7.293537259101859349e-02 -1.837920188903808949e+01 1.167634129524230957e+00 0.000000000000000000e+00 0.000000000000000000e+00 0.000000000000000000e+00 1.000000000000000000e+00
1.716365901328698397e+09 -7.636096328496930208e-02 -1.843727684020996094e+01 1.172441601753234863e+00 0.000000000000000000e+00 0.000000000000000000e+00 0.000000000000000000e+00 1.000000000000000000e+00
1.716365901378930807e+09 -8.029887080192560367e-02 -1.849735641479491832e+01 1.177676916122436301e+00 0.000000000000000000e+00 0.000000000000000000e+00 0.000000000000000000e+00 1.000000000000000000e+00
1.716365901429555416e+09 -8.426801115274429321e-02 -1.855542755126953125e+01 1.182737350463867188e+00 0.000000000000000000e+00 0.000000000000000000e+00 0.000000000000000000e+00 1.000000000000000000e+00
1.716365901529581785e+09 -8.841601014137259740e-02 -1.867050170898437145e+01 1.187601923942565918e+00 0.000000000000000000e+00 0.000000000000000000e+00 0.000000000000000000e+00 1.000000000000000000e+00
1.716365901579644442e+09 -9.262761473655700684e-02 -1.873159599304199219e+01 1.194509863853454590e+00 0.000000000000000000e+00 0.000000000000000000e+00 0.000000000000000000e+00 1.000000000000000000e+00
1.716365901631415367e+09 -1.014207229018210948e-01 -1.884977340698242543e+01 1.208577036857604980e+00 0.000000000000000000e+00 0.000000000000000000e+00 0.000000000000000000e+00 1.000000000000000000e+00
1.716365901680125713e+09 -1.069122925400733948e-01 -1.896484565734863637e+01 1.214875936508178711e+00 0.000000000000000000e+00 0.000000000000000000e+00 0.000000000000000000e+00 1.000000000000000000e+00
1.716365901730315685e+09 -1.128165647387504023e-01 -1.902391815185546875e+01 1.222147464752197266e+00 0.000000000000000000e+00 0.000000000000000000e+00 0.000000000000000000e+00 1.000000000000000000e+00
1.716365901780838490e+09 -1.193737983703613004e-01 -1.908299255371093750e+01 1.230228066444396973e+00 0.000000000000000000e+00 0.000000000000000000e+00 0.000000000000000000e+00 1.000000000000000000e+00
1.716365901931472063e+09 -1.341419965028761985e-01 -1.920510101318359730e+01 1.245588421821594238e+00 0.000000000000000000e+00 0.000000000000000000e+00 0.000000000000000000e+00 1.000000000000000000e+00
1.716365901981625795e+09 -1.501861661672591886e-01 -1.938617897033691762e+01 1.260756492614746094e+00 0.000000000000000000e+00 0.000000000000000000e+00 0.000000000000000000e+00 1.000000000000000000e+00
1.716365902031882524e+09 -1.584359556436537864e-01 -1.944921302795410156e+01 1.269145131111145020e+00 0.000000000000000000e+00 0.000000000000000000e+00 0.000000000000000000e+00 1.000000000000000000e+00
1.716365902081971884e+09 -1.671009510755538940e-01 -1.951123428344726562e+01 1.277590394020080566e+00 0.000000000000000000e+00 0.000000000000000000e+00 0.000000000000000000e+00 1.000000000000000000e+00
1.716365902132345438e+09 -1.776907145977019986e-01 -1.963422775268554688e+01 1.284932136535644309e+00 0.000000000000000000e+00 0.000000000000000000e+00 0.000000000000000000e+00 1.000000000000000000e+00
1.716365902182693958e+09 -1.876501291990279874e-01 -1.969622802734375000e+01 1.293887853622436301e+00 0.000000000000000000e+00 0.000000000000000000e+00 0.000000000000000000e+00 1.000000000000000000e+00
1.716365902232701302e+09 -1.974283456802367887e-01 -1.975721549987792969e+01 1.302363038063049094e+00 0.000000000000000000e+00 0.000000000000000000e+00 0.000000000000000000e+00 1.000000000000000000e+00
1.716365902283916712e+09 -2.076519578695296964e-01 -1.982119560241699219e+01 1.311351180076599121e+00 0.000000000000000000e+00 0.000000000000000000e+00 0.000000000000000000e+00 1.000000000000000000e+00
1.716365902384396315e+09 -2.317232489585875910e-01 -2.000809478759765625e+01 1.329889893531799094e+00 0.000000000000000000e+00 0.000000000000000000e+00 0.000000000000000000e+00 1.000000000000000000e+00
1.716365902433411121e+09 -2.441061437129974088e-01 -2.007002449035644531e+01 1.339635133743285911e+00 0.000000000000000000e+00 0.000000000000000000e+00 0.000000000000000000e+00 1.000000000000000000e+00
1.716365902483684301e+09 -2.564691305160521906e-01 -2.013094329833984375e+01 1.349595665931701660e+00 0.000000000000000000e+00 0.000000000000000000e+00 0.000000000000000000e+00 1.000000000000000000e+00
1.716365902533882380e+09 -2.698036432266234796e-01 -2.025484466552734375e+01 1.359505176544189675e+00 0.000000000000000000e+00 0.000000000000000000e+00 0.000000000000000000e+00 1.000000000000000000e+00
1.716365902584508657e+09 -2.829897999763488770e-01 -2.031673240661621094e+01 1.370018601417541504e+00 0.000000000000000000e+00 0.000000000000000000e+00 0.000000000000000000e+00 1.000000000000000000e+00
1.716365902634702682e+09 -2.968682050704956055e-01 -2.037759590148925426e+01 1.380529165267944336e+00 0.000000000000000000e+00 0.000000000000000000e+00 0.000000000000000000e+00 1.000000000000000000e+00
1.716365902685944319e+09 -3.118826150894165039e-01 -2.043742752075195668e+01 1.391228556632995605e+00 0.000000000000000000e+00 0.000000000000000000e+00 0.000000000000000000e+00 1.000000000000000000e+00
1.716365902735169172e+09 -3.278438448905944824e-01 -2.055723762512207031e+01 1.401832699775695801e+00 0.000000000000000000e+00 0.000000000000000000e+00 0.000000000000000000e+00 1.000000000000000000e+00
1.716365902785419703e+09 -3.438810408115386963e-01 -2.061602210998535156e+01 1.412346720695495605e+00 0.000000000000000000e+00 0.000000000000000000e+00 0.000000000000000000e+00 1.000000000000000000e+00
1.716365902835430384e+09 -3.604561388492584229e-01 -2.067277908325195668e+01 1.422616124153137207e+00 0.000000000000000000e+00 0.000000000000000000e+00 0.000000000000000000e+00 1.000000000000000000e+00
1.716365902889295101e+09 -3.779295384883880060e-01 -2.072950172424316406e+01 1.432682037353515625e+00 0.000000000000000000e+00 0.000000000000000000e+00 0.000000000000000000e+00 1.000000000000000000e+00
1.716365902936040640e+09 -3.954926431179046076e-01 -2.078620529174804688e+01 1.442795395851135254e+00 0.000000000000000000e+00 0.000000000000000000e+00 0.000000000000000000e+00 1.000000000000000000e+00
1.716365903036118269e+09 -4.327186644077301025e-01 -2.095352554321289062e+01 1.462771058082580566e+00 0.000000000000000000e+00 0.000000000000000000e+00 0.000000000000000000e+00 1.000000000000000000e+00
1.716365903086313486e+09 -4.514295458793640137e-01 -2.100714874267578125e+01 1.472672581672668457e+00 0.000000000000000000e+00 0.000000000000000000e+00 0.000000000000000000e+00 1.000000000000000000e+00
1.716365903136697292e+09 -4.711590111255645752e-01 -2.105973052978515980e+01 1.482487797737121582e+00 0.000000000000000000e+00 0.000000000000000000e+00 0.000000000000000000e+00 1.000000000000000000e+00
1.716365903186761618e+09 -4.925650656223297119e-01 -2.116426658630371094e+01 1.491762638092041016e+00 0.000000000000000000e+00 0.000000000000000000e+00 0.000000000000000000e+00 1.000000000000000000e+00
1.716365903236963034e+09 -5.119963884353637695e-01 -2.121581268310546875e+01 1.500582337379455566e+00 0.000000000000000000e+00 0.000000000000000000e+00 0.000000000000000000e+00 1.000000000000000000e+00
1.716365903287208557e+09 -5.323987007141113281e-01 -2.126331520080566406e+01 1.509341955184936301e+00 0.000000000000000000e+00 0.000000000000000000e+00 0.000000000000000000e+00 1.000000000000000000e+00
1.716365903337288141e+09 -5.548488497734069824e-01 -2.135576057434082031e+01 1.517592430114746094e+00 0.000000000000000000e+00 0.000000000000000000e+00 0.000000000000000000e+00 1.000000000000000000e+00
1.716365903387621164e+09 -5.767945051193237305e-01 -2.140217971801757457e+01 1.525879859924316406e+00 0.000000000000000000e+00 0.000000000000000000e+00 0.000000000000000000e+00 1.000000000000000000e+00
1.716365903437744141e+09 -5.987963676452636719e-01 -2.144557380676269176e+01 1.533748269081115501e+00 0.000000000000000000e+00 0.000000000000000000e+00 0.000000000000000000e+00 1.000000000000000000e+00
1.716365903538402081e+09 -6.206871271133422852e-01 -2.148995018005371094e+01 1.541237950325012207e+00 0.000000000000000000e+00 0.000000000000000000e+00 0.000000000000000000e+00 1.000000000000000000e+00
1.716365903588380575e+09 -6.637382507324218750e-01 -2.157566452026367188e+01 1.554468750953674316e+00 0.000000000000000000e+00 0.000000000000000000e+00 0.000000000000000000e+00 1.000000000000000000e+00
1.716365903638588428e+09 -6.868268251419067383e-01 -2.165796470642089844e+01 1.559835791587829590e+00 0.000000000000000000e+00 0.000000000000000000e+00 0.000000000000000000e+00 1.000000000000000000e+00
1.716365903739012241e+09 -7.299262881278991699e-01 -2.174056434631348012e+01 1.570057749748229980e+00 0.000000000000000000e+00 0.000000000000000000e+00 0.000000000000000000e+00 1.000000000000000000e+00
1.716365903789238214e+09 -7.504637241363525391e-01 -2.178187561035155895e+01 1.573361158370971680e+00 0.000000000000000000e+00 0.000000000000000000e+00 0.000000000000000000e+00 1.000000000000000000e+00
1.716365903939985991e+09 -8.137524724006652832e-01 -2.195169448852539062e+01 1.579828858375549094e+00 0.000000000000000000e+00 0.000000000000000000e+00 0.000000000000000000e+00 1.000000000000000000e+00
1.716365904040859461e+09 -8.557636737823486328e-01 -2.207619476318359730e+01 1.579826474189758301e+00 0.000000000000000000e+00 0.000000000000000000e+00 0.000000000000000000e+00 1.000000000000000000e+00
1.716365904090590000e+09 -8.765736222267150879e-01 -2.211841583251953125e+01 1.578730940818786621e+00 0.000000000000000000e+00 0.000000000000000000e+00 0.000000000000000000e+00 1.000000000000000000e+00
1.716365904140779734e+09 -8.961266875267028809e-01 -2.215866470336914062e+01 1.579399466514587402e+00 0.000000000000000000e+00 0.000000000000000000e+00 0.000000000000000000e+00 1.000000000000000000e+00
1.716365904191402912e+09 -9.154488444328308105e-01 -2.219891166687012074e+01 1.578795313835144043e+00 0.000000000000000000e+00 0.000000000000000000e+00 0.000000000000000000e+00 1.000000000000000000e+00
1.716365904241200447e+09 -9.344843029975892224e-01 -2.224016761779785156e+01 1.576523542404174805e+00 0.000000000000000000e+00 0.000000000000000000e+00 0.000000000000000000e+00 1.000000000000000000e+00
1.716365904291422367e+09 -9.519703984260560192e-01 -2.228247070312500000e+01 1.575134396553039551e+00 0.000000000000000000e+00 0.000000000000000000e+00 0.000000000000000000e+00 1.000000000000000000e+00
1.716365904391884565e+09 -9.867449998855591931e-01 -2.242210769653320312e+01 1.572445392608642578e+00 0.000000000000000000e+00 0.000000000000000000e+00 0.000000000000000000e+00 1.000000000000000000e+00
1.716365904442055941e+09 -1.002430558204650879e+00 -2.246846961975097656e+01 1.569718956947326882e+00 0.000000000000000000e+00 0.000000000000000000e+00 0.000000000000000000e+00 1.000000000000000000e+00
1.716365904492249489e+09 -1.017488241195678711e+00 -2.251185226440429688e+01 1.566386818885803223e+00 0.000000000000000000e+00 0.000000000000000000e+00 0.000000000000000000e+00 1.000000000000000000e+00
1.716365904542425871e+09 -1.032316565513610840e+00 -2.255523681640625000e+01 1.562758564949035645e+00 0.000000000000000000e+00 0.000000000000000000e+00 0.000000000000000000e+00 1.000000000000000000e+00
1.716365904642994642e+09 -1.064534544944763184e+00 -2.268091011047363637e+01 1.554488420486450195e+00 0.000000000000000000e+00 0.000000000000000000e+00 0.000000000000000000e+00 1.000000000000000000e+00
1.716365904693233728e+09 -1.079769730567931907e+00 -2.272024917602539062e+01 1.549780845642089844e+00 0.000000000000000000e+00 0.000000000000000000e+00 0.000000000000000000e+00 1.000000000000000000e+00
1.716365904743540764e+09 -1.095183491706847922e+00 -2.276057434082031250e+01 1.544673800468444824e+00 0.000000000000000000e+00 0.000000000000000000e+00 0.000000000000000000e+00 1.000000000000000000e+00
1.716365904794065714e+09 -1.112112879753112793e+00 -2.283786201477050781e+01 1.539055109024048074e+00 0.000000000000000000e+00 0.000000000000000000e+00 0.000000000000000000e+00 1.000000000000000000e+00
1.716365904843928337e+09 -1.127633929252624290e+00 -2.287416076660155895e+01 1.532745480537414551e+00 0.000000000000000000e+00 0.000000000000000000e+00 0.000000000000000000e+00 1.000000000000000000e+00
1.716365904894587040e+09 -1.143004417419433594e+00 -2.290845489501953125e+01 1.526571273803710938e+00 0.000000000000000000e+00 0.000000000000000000e+00 0.000000000000000000e+00 1.000000000000000000e+00
1.716365904944333792e+09 -1.158868670463562012e+00 -2.294271659851074574e+01 1.519751191139221191e+00 0.000000000000000000e+00 0.000000000000000000e+00 0.000000000000000000e+00 1.000000000000000000e+00
1.716365905045136929e+09 -1.177156090736389160e+00 -2.300988578796386719e+01 1.513048648834228294e+00 0.000000000000000000e+00 0.000000000000000000e+00 0.000000000000000000e+00 1.000000000000000000e+00
1.716365905094997644e+09 -1.194333076477050781e+00 -2.304005050659180043e+01 1.505814671516418457e+00 0.000000000000000000e+00 0.000000000000000000e+00 0.000000000000000000e+00 1.000000000000000000e+00
1.716365905145155907e+09 -1.229393959045410156e+00 -2.309429931640625000e+01 1.490026950836181641e+00 0.000000000000000000e+00 0.000000000000000000e+00 0.000000000000000000e+00 1.000000000000000000e+00
1.716365905245746613e+09 -1.249735116958618164e+00 -2.314328193664550781e+01 1.481108188629150391e+00 0.000000000000000000e+00 0.000000000000000000e+00 0.000000000000000000e+00 1.000000000000000000e+00
1.716365905295948744e+09 -1.269134879112243652e+00 -2.316525840759277344e+01 1.471695542335510476e+00 0.000000000000000000e+00 0.000000000000000000e+00 0.000000000000000000e+00 1.000000000000000000e+00
1.716365905346538782e+09 -1.309696078300476074e+00 -2.320405197143554688e+01 1.452857971191406250e+00 0.000000000000000000e+00 0.000000000000000000e+00 0.000000000000000000e+00 1.000000000000000000e+00
1.716365905396813154e+09 -1.331099390983581543e+00 -2.322285270690917969e+01 1.442928791046142578e+00 0.000000000000000000e+00 0.000000000000000000e+00 0.000000000000000000e+00 1.000000000000000000e+00
1.716365905496806622e+09 -1.354570746421813965e+00 -2.325453376770019531e+01 1.432865619659423828e+00 0.000000000000000000e+00 0.000000000000000000e+00 0.000000000000000000e+00 1.000000000000000000e+00
1.716365905547097921e+09 -1.402934908866882324e+00 -2.327866172790527699e+01 1.411238789558410645e+00 0.000000000000000000e+00 0.000000000000000000e+00 0.000000000000000000e+00 1.000000000000000000e+00
1.716365905597422600e+09 -1.428619742393493652e+00 -2.328808403015136719e+01 1.399998664855957031e+00 0.000000000000000000e+00 0.000000000000000000e+00 0.000000000000000000e+00 1.000000000000000000e+00
1.716365905697813034e+09 -1.456139802932739258e+00 -2.330337333679199219e+01 1.389166474342346191e+00 0.000000000000000000e+00 0.000000000000000000e+00 0.000000000000000000e+00 1.000000000000000000e+00
1.716365905747696400e+09 -1.512390613555908203e+00 -2.331473159790039062e+01 1.368452787399291992e+00 0.000000000000000000e+00 0.000000000000000000e+00 0.000000000000000000e+00 1.000000000000000000e+00
1.716365905797948122e+09 -1.542912125587463379e+00 -2.331970214843750000e+01 1.359200239181518555e+00 0.000000000000000000e+00 0.000000000000000000e+00 0.000000000000000000e+00 1.000000000000000000e+00
1.716365905898439646e+09 -1.606472611427307129e+00 -2.333435821533203125e+01 1.341719508171081543e+00 0.000000000000000000e+00 0.000000000000000000e+00 0.000000000000000000e+00 1.000000000000000000e+00
1.716365905948964834e+09 -1.640188813209533691e+00 -2.333697319030761719e+01 1.333321094512939675e+00 0.000000000000000000e+00 0.000000000000000000e+00 0.000000000000000000e+00 1.000000000000000000e+00
1.716365905999198437e+09 -1.676711797714233398e+00 -2.334234428405761719e+01 1.324979305267333984e+00 0.000000000000000000e+00 0.000000000000000000e+00 0.000000000000000000e+00 1.000000000000000000e+00
1.716365906049394131e+09 -1.714543342590332031e+00 -2.334255027770996094e+01 1.317016839981079102e+00 0.000000000000000000e+00 0.000000000000000000e+00 0.000000000000000000e+00 1.000000000000000000e+00
1.716365906149821758e+09 -1.836471557617187500e+00 -2.334215164184570312e+01 1.296894788742065430e+00 0.000000000000000000e+00 0.000000000000000000e+00 0.000000000000000000e+00 1.000000000000000000e+00
1.716365906250203848e+09 -1.879141211509704812e+00 -2.334172630310058238e+01 1.291789770126342773e+00 0.000000000000000000e+00 0.000000000000000000e+00 0.000000000000000000e+00 1.000000000000000000e+00
1.716365906300545454e+09 -1.922147631645202415e+00 -2.334219741821289062e+01 1.287017226219177246e+00 0.000000000000000000e+00 0.000000000000000000e+00 0.000000000000000000e+00 1.000000000000000000e+00
1.716365906350696564e+09 -1.966444611549377219e+00 -2.333947181701660156e+01 1.282297372817993164e+00 0.000000000000000000e+00 0.000000000000000000e+00 0.000000000000000000e+00 1.000000000000000000e+00
1.716365906400785446e+09 -2.012410163879394531e+00 -2.333652687072753906e+01 1.278814077377319114e+00 0.000000000000000000e+00 0.000000000000000000e+00 0.000000000000000000e+00 1.000000000000000000e+00
1.716365906451080084e+09 -2.060636281967163086e+00 -2.333228874206542969e+01 1.275422692298889160e+00 0.000000000000000000e+00 0.000000000000000000e+00 0.000000000000000000e+00 1.000000000000000000e+00
1.716365906501224041e+09 -2.110254764556884766e+00 -2.332682228088378906e+01 1.272243022918701172e+00 0.000000000000000000e+00 0.000000000000000000e+00 0.000000000000000000e+00 1.000000000000000000e+00
1.716365906551459789e+09 -2.161508798599243164e+00 -2.332009315490722656e+01 1.269240975379943848e+00 0.000000000000000000e+00 0.000000000000000000e+00 0.000000000000000000e+00 1.000000000000000000e+00
1.716365906601678848e+09 -2.215917110443115234e+00 -2.331094360351562500e+01 1.266696691513061523e+00 0.000000000000000000e+00 0.000000000000000000e+00 0.000000000000000000e+00 1.000000000000000000e+00
1.716365906651811123e+09 -2.271260261535644531e+00 -2.329555130004882812e+01 1.264830350875854492e+00 0.000000000000000000e+00 0.000000000000000000e+00 0.000000000000000000e+00 1.000000000000000000e+00
1.716365906701953650e+09 -2.327594041824340820e+00 -2.328294181823730469e+01 1.263357162475585938e+00 0.000000000000000000e+00 0.000000000000000000e+00 0.000000000000000000e+00 1.000000000000000000e+00
1.716365906752503872e+09 -2.382404565811156782e+00 -2.327034759521484375e+01 1.262030124664306641e+00 0.000000000000000000e+00 0.000000000000000000e+00 0.000000000000000000e+00 1.000000000000000000e+00
1.716365906802122831e+09 -2.440027236938477007e+00 -2.325531959533691762e+01 1.261202335357666016e+00 0.000000000000000000e+00 0.000000000000000000e+00 0.000000000000000000e+00 1.000000000000000000e+00
1.716365906853933096e+09 -2.498452901840209961e+00 -2.323804855346680043e+01 1.260969877243041992e+00 0.000000000000000000e+00 0.000000000000000000e+00 0.000000000000000000e+00 1.000000000000000000e+00
1.716365906902467728e+09 -2.556876420974731445e+00 -2.320754623413085938e+01 1.260882496833801270e+00 0.000000000000000000e+00 0.000000000000000000e+00 0.000000000000000000e+00 1.000000000000000000e+00
1.716365906952695608e+09 -2.617476224899291992e+00 -2.318569755554199219e+01 1.261287331581115501e+00 0.000000000000000000e+00 0.000000000000000000e+00 0.000000000000000000e+00 1.000000000000000000e+00
1.716365907002849102e+09 -2.679586410522460938e+00 -2.316249275207519531e+01 1.261160254478454590e+00 0.000000000000000000e+00 0.000000000000000000e+00 0.000000000000000000e+00 1.000000000000000000e+00
1.716365907052747011e+09 -2.742899179458618164e+00 -2.313594627380371094e+01 1.261081933975219505e+00 0.000000000000000000e+00 0.000000000000000000e+00 0.000000000000000000e+00 1.000000000000000000e+00
1.716365907102841139e+09 -2.807088613510131836e+00 -2.308694076538085938e+01 1.260846972465515137e+00 0.000000000000000000e+00 0.000000000000000000e+00 0.000000000000000000e+00 1.000000000000000000e+00
1.716365907153041601e+09 -2.873061895370483398e+00 -2.305463218688964844e+01 1.260481953620910645e+00 0.000000000000000000e+00 0.000000000000000000e+00 0.000000000000000000e+00 1.000000000000000000e+00
1.716365907203336239e+09 -2.940903902053833008e+00 -2.302187538146972656e+01 1.259820222854614480e+00 0.000000000000000000e+00 0.000000000000000000e+00 0.000000000000000000e+00 1.000000000000000000e+00
1.716365907253376007e+09 -3.007882833480834961e+00 -2.298699569702148438e+01 1.259771227836608887e+00 0.000000000000000000e+00 0.000000000000000000e+00 0.000000000000000000e+00 1.000000000000000000e+00
1.716365907303492785e+09 -3.078597307205200195e+00 -2.292617797851562500e+01 1.260220289230346902e+00 0.000000000000000000e+00 0.000000000000000000e+00 0.000000000000000000e+00 1.000000000000000000e+00
1.716365907354135752e+09 -3.143490552902221680e+00 -2.289012145996093750e+01 1.260721206665039062e+00 0.000000000000000000e+00 0.000000000000000000e+00 0.000000000000000000e+00 1.000000000000000000e+00
1.716365907404186487e+09 -3.213314056396484375e+00 -2.285316276550292969e+01 1.261335253715515137e+00 0.000000000000000000e+00 0.000000000000000000e+00 0.000000000000000000e+00 1.000000000000000000e+00
1.716365907454175711e+09 -3.283084869384765625e+00 -2.281394958496093750e+01 1.261867046356201172e+00 0.000000000000000000e+00 0.000000000000000000e+00 0.000000000000000000e+00 1.000000000000000000e+00
1.716365907504558802e+09 -3.350172281265258789e+00 -2.274153137207031250e+01 1.262644767761230469e+00 0.000000000000000000e+00 0.000000000000000000e+00 0.000000000000000000e+00 1.000000000000000000e+00
1.716365907554583549e+09 -3.418041944503784180e+00 -2.269907379150390270e+01 1.263320326805114746e+00 0.000000000000000000e+00 0.000000000000000000e+00 0.000000000000000000e+00 1.000000000000000000e+00
1.716365907604810476e+09 -3.487519025802612305e+00 -2.265714836120605113e+01 1.264495968818664551e+00 0.000000000000000000e+00 0.000000000000000000e+00 0.000000000000000000e+00 1.000000000000000000e+00
1.716365907705181599e+09 -3.691062450408935991e+00 -2.252971267700195668e+01 1.273394346237182617e+00 0.000000000000000000e+00 0.000000000000000000e+00 0.000000000000000000e+00 1.000000000000000000e+00
1.716365907805524588e+09 -3.754635572433472124e+00 -2.245740318298339844e+01 1.278264045715332031e+00 0.000000000000000000e+00 0.000000000000000000e+00 0.000000000000000000e+00 1.000000000000000000e+00
1.716365907956192732e+09 -3.946677923202514204e+00 -2.233221626281738281e+01 1.298575520515441895e+00 0.000000000000000000e+00 0.000000000000000000e+00 0.000000000000000000e+00 1.000000000000000000e+00
1.716365908006258726e+09 -4.003818035125732422e+00 -2.226521682739257457e+01 1.307630062103271706e+00 0.000000000000000000e+00 0.000000000000000000e+00 0.000000000000000000e+00 1.000000000000000000e+00
1.716365908056452274e+09 -4.120716094970703125e+00 -2.218503761291503906e+01 1.328189373016357422e+00 0.000000000000000000e+00 0.000000000000000000e+00 0.000000000000000000e+00 1.000000000000000000e+00
1.716365908156989813e+09 -4.176128864288330078e+00 -2.214422035217285156e+01 1.339531183242798074e+00 0.000000000000000000e+00 0.000000000000000000e+00 0.000000000000000000e+00 1.000000000000000000e+00
1.716365908207152843e+09 -4.230484008789063388e+00 -2.210241127014160156e+01 1.351822257041931152e+00 0.000000000000000000e+00 0.000000000000000000e+00 0.000000000000000000e+00 1.000000000000000000e+00
1.716365908257218838e+09 -4.277929782867431641e+00 -2.203427124023437145e+01 1.365225672721862793e+00 0.000000000000000000e+00 0.000000000000000000e+00 0.000000000000000000e+00 1.000000000000000000e+00
1.716365908307472944e+09 -4.377344131469726562e+00 -2.195776176452636719e+01 1.392543077468872070e+00 0.000000000000000000e+00 0.000000000000000000e+00 0.000000000000000000e+00 1.000000000000000000e+00
1.716365908407843590e+09 -4.418200492858886719e+00 -2.189250183105468750e+01 1.406263709068298340e+00 0.000000000000000000e+00 0.000000000000000000e+00 0.000000000000000000e+00 1.000000000000000000e+00
1.716365908458078384e+09 -4.506025314331054688e+00 -2.181646728515625000e+01 1.432412862777709961e+00 0.000000000000000000e+00 0.000000000000000000e+00 0.000000000000000000e+00 1.000000000000000000e+00
1.716365908558427572e+09 -4.583467006683349609e+00 -2.173905372619628906e+01 1.457823634147644043e+00 0.000000000000000000e+00 0.000000000000000000e+00 0.000000000000000000e+00 1.000000000000000000e+00
1.716365908709283590e+09 -4.610929012298583984e+00 -2.166884803771972656e+01 1.470130443572998047e+00 0.000000000000000000e+00 0.000000000000000000e+00 0.000000000000000000e+00 1.000000000000000000e+00
1.716365908759600639e+09 -4.672521591186523438e+00 -2.158300781250000000e+01 1.494601368904113770e+00 0.000000000000000000e+00 0.000000000000000000e+00 0.000000000000000000e+00 1.000000000000000000e+00
1.716365908809783220e+09 -4.726698398590087891e+00 -2.149848747253417969e+01 1.518325209617614746e+00 0.000000000000000000e+00 0.000000000000000000e+00 0.000000000000000000e+00 1.000000000000000000e+00
1.716365908910280943e+09 -4.750579357147216797e+00 -2.145632743835448863e+01 1.530496716499328613e+00 0.000000000000000000e+00 0.000000000000000000e+00 0.000000000000000000e+00 1.000000000000000000e+00
1.716365908960487127e+09 -4.781900405883789062e+00 -2.133248710632323863e+01 1.553741812705993652e+00 0.000000000000000000e+00 0.000000000000000000e+00 0.000000000000000000e+00 1.000000000000000000e+00
1.716365909010664701e+09 -4.797183036804199219e+00 -2.128698539733886719e+01 1.565346956253051758e+00 0.000000000000000000e+00 0.000000000000000000e+00 0.000000000000000000e+00 1.000000000000000000e+00
1.716365909110921383e+09 -4.801264286041259766e+00 -2.120297431945800781e+01 1.576543092727661133e+00 0.000000000000000000e+00 0.000000000000000000e+00 0.000000000000000000e+00 1.000000000000000000e+00
1.716365909161053181e+09 -4.812155246734619141e+00 -2.115737724304199219e+01 1.588219523429870605e+00 0.000000000000000000e+00 0.000000000000000000e+00 0.000000000000000000e+00 1.000000000000000000e+00
1.716365909211254358e+09 -4.820914268493652344e+00 -2.111223983764648438e+01 1.600137829780578613e+00 0.000000000000000000e+00 0.000000000000000000e+00 0.000000000000000000e+00 1.000000000000000000e+00
1.716365909261450529e+09 -4.830276489257812500e+00 -2.102171897888183949e+01 1.623682379722595215e+00 0.000000000000000000e+00 0.000000000000000000e+00 0.000000000000000000e+00 1.000000000000000000e+00
1.716365909361730099e+09 -4.821616172790527344e+00 -2.092922019958496094e+01 1.635785579681396484e+00 0.000000000000000000e+00 0.000000000000000000e+00 0.000000000000000000e+00 1.000000000000000000e+00
1.716365909414523125e+09 -4.820612907409667969e+00 -2.088215446472167969e+01 1.647075533866882324e+00 0.000000000000000000e+00 0.000000000000000000e+00 0.000000000000000000e+00 1.000000000000000000e+00
1.716365909462798357e+09 -4.813339233398437500e+00 -2.078512001037597656e+01 1.668234825134277122e+00 0.000000000000000000e+00 0.000000000000000000e+00 0.000000000000000000e+00 1.000000000000000000e+00
1.716365909562773943e+09 -4.796426773071289062e+00 -2.069041824340820312e+01 1.676158547401428223e+00 0.000000000000000000e+00 0.000000000000000000e+00 0.000000000000000000e+00 1.000000000000000000e+00
1.716365909612941265e+09 -4.789257049560546875e+00 -2.064068984985351918e+01 1.682512521743774414e+00 0.000000000000000000e+00 0.000000000000000000e+00 0.000000000000000000e+00 1.000000000000000000e+00
1.716365909663331270e+09 -4.780893325805664062e+00 -2.059125137329101562e+01 1.687463760375976562e+00 0.000000000000000000e+00 0.000000000000000000e+00 0.000000000000000000e+00 1.000000000000000000e+00
1.716365909713596344e+09 -4.759079933166503906e+00 -2.049461746215820312e+01 1.693346142768860085e+00 0.000000000000000000e+00 0.000000000000000000e+00 0.000000000000000000e+00 1.000000000000000000e+00
1.716365909813915730e+09 -4.733420848846436435e+00 -2.039278030395508168e+01 1.692865848541259766e+00 0.000000000000000000e+00 0.000000000000000000e+00 0.000000000000000000e+00 1.000000000000000000e+00
1.716365909964367867e+09 -4.685914993286132812e+00 -2.024374389648437145e+01 1.683430552482604980e+00 0.000000000000000000e+00 0.000000000000000000e+00 0.000000000000000000e+00 1.000000000000000000e+00
1.716365910265391111e+09 -4.492690563201904297e+00 -1.975716209411621094e+01 1.617633938789367676e+00 0.000000000000000000e+00 0.000000000000000000e+00 0.000000000000000000e+00 1.000000000000000000e+00
1.716365910315632105e+09 -4.461333274841308594e+00 -1.969361305236816406e+01 1.604000926017761230e+00 0.000000000000000000e+00 0.000000000000000000e+00 0.000000000000000000e+00 1.000000000000000000e+00
1.716365910415764809e+09 -4.430875301361083984e+00 -1.963907241821289062e+01 1.589003324508666992e+00 0.000000000000000000e+00 0.000000000000000000e+00 0.000000000000000000e+00 1.000000000000000000e+00
1.716365910466210842e+09 -4.383841514587402344e+00 -1.951751708984375000e+01 1.571842908859252930e+00 0.000000000000000000e+00 0.000000000000000000e+00 0.000000000000000000e+00 1.000000000000000000e+00
1.716365910516191244e+09 -4.311874389648437500e+00 -1.939848518371582031e+01 1.534107804298400879e+00 0.000000000000000000e+00 0.000000000000000000e+00 0.000000000000000000e+00 1.000000000000000000e+00
1.716365910566349506e+09 -4.275890827178955078e+00 -1.934095001220703125e+01 1.515566349029541016e+00 0.000000000000000000e+00 0.000000000000000000e+00 0.000000000000000000e+00 1.000000000000000000e+00
1.716365910666836739e+09 -4.224043846130371094e+00 -1.922338104248046875e+01 1.494735002517700195e+00 0.000000000000000000e+00 0.000000000000000000e+00 0.000000000000000000e+00 1.000000000000000000e+00
1.716365910716929674e+09 -4.184488296508789062e+00 -1.916755485534667969e+01 1.473197579383850098e+00 0.000000000000000000e+00 0.000000000000000000e+00 0.000000000000000000e+00 1.000000000000000000e+00
1.716365910767512560e+09 -4.101917266845703125e+00 -1.904418373107910156e+01 1.427973151206970215e+00 0.000000000000000000e+00 0.000000000000000000e+00 0.000000000000000000e+00 1.000000000000000000e+00
1.716365910917844296e+09 -4.004686832427978516e+00 -1.885516166687012074e+01 1.382205605506896973e+00 0.000000000000000000e+00 0.000000000000000000e+00 0.000000000000000000e+00 1.000000000000000000e+00
1.716365910968040943e+09 -3.918652057647705078e+00 -1.872685813903808949e+01 1.336415171623229980e+00 0.000000000000000000e+00 0.000000000000000000e+00 0.000000000000000000e+00 1.000000000000000000e+00
1.716365911068385124e+09 -3.831342458724976030e+00 -1.859852027893066406e+01 1.290325880050659180e+00 0.000000000000000000e+00 0.000000000000000000e+00 0.000000000000000000e+00 1.000000000000000000e+00
1.716365911168757200e+09 -3.729950904846191850e+00 -1.839211654663085938e+01 1.244794130325317383e+00 0.000000000000000000e+00 0.000000000000000000e+00 0.000000000000000000e+00 1.000000000000000000e+00
1.716365911269208908e+09 -3.641295909881591797e+00 -1.824202537536621094e+01 1.200126290321350098e+00 0.000000000000000000e+00 0.000000000000000000e+00 0.000000000000000000e+00 1.000000000000000000e+00
1.716365911319812298e+09 -3.596383333206176758e+00 -1.816597557067871094e+01 1.178664088249206321e+00 0.000000000000000000e+00 0.000000000000000000e+00 0.000000000000000000e+00 1.000000000000000000e+00
1.716365911420164585e+09 -3.539420127868652344e+00 -1.800972938537597656e+01 1.161272287368774414e+00 0.000000000000000000e+00 0.000000000000000000e+00 0.000000000000000000e+00 1.000000000000000000e+00
1.716365911470053911e+09 -3.496681690216064453e+00 -1.793011283874511719e+01 1.142795205116271973e+00 0.000000000000000000e+00 0.000000000000000000e+00 0.000000000000000000e+00 1.000000000000000000e+00
1.716365911520215750e+09 -3.414619445800780806e+00 -1.777417564392089844e+01 1.108989357948303223e+00 0.000000000000000000e+00 0.000000000000000000e+00 0.000000000000000000e+00 1.000000000000000000e+00
1.716365911671570539e+09 -3.277899503707885742e+00 -1.743480682373046875e+01 1.070211529731750488e+00 0.000000000000000000e+00 0.000000000000000000e+00 0.000000000000000000e+00 1.000000000000000000e+00
1.716365911721796513e+09 -3.239464044570922852e+00 -1.734610939025878906e+01 1.060224056243896484e+00 0.000000000000000000e+00 0.000000000000000000e+00 0.000000000000000000e+00 1.000000000000000000e+00
1.716365911772106409e+09 -3.201291799545288086e+00 -1.725737571716308594e+01 1.052224874496459961e+00 0.000000000000000000e+00 0.000000000000000000e+00 0.000000000000000000e+00 1.000000000000000000e+00
1.716365911872550249e+09 -3.107131004333496094e+00 -1.697647094726562500e+01 1.043103218078613281e+00 0.000000000000000000e+00 0.000000000000000000e+00 0.000000000000000000e+00 1.000000000000000000e+00
1.716365911975094318e+09 -3.067976236343383789e+00 -1.687067413330078125e+01 1.040318250656127930e+00 0.000000000000000000e+00 0.000000000000000000e+00 0.000000000000000000e+00 1.000000000000000000e+00
1.716365912023008823e+09 -2.991699934005737305e+00 -1.667095375061035156e+01 1.039198756217956321e+00 0.000000000000000000e+00 0.000000000000000000e+00 0.000000000000000000e+00 1.000000000000000000e+00
1.716365912123312235e+09 -2.898017406463623047e+00 -1.636775588989257812e+01 1.045866847038269043e+00 0.000000000000000000e+00 0.000000000000000000e+00 0.000000000000000000e+00 1.000000000000000000e+00
1.716365912273985863e+09 -2.804304838180541992e+00 -1.606057167053222656e+01 1.058833479881286621e+00 0.000000000000000000e+00 0.000000000000000000e+00 0.000000000000000000e+00 1.000000000000000000e+00
1.716365912676274538e+09 -2.423533678054809570e+00 -1.495250988006591797e+01 1.161045193672180176e+00 0.000000000000000000e+00 0.000000000000000000e+00 0.000000000000000000e+00 1.000000000000000000e+00
1.716365912726856709e+09 -2.380149364471435547e+00 -1.484931468963623047e+01 1.172563195228576882e+00 0.000000000000000000e+00 0.000000000000000000e+00 0.000000000000000000e+00 1.000000000000000000e+00
1.716365912776533604e+09 -2.334268093109130859e+00 -1.474140167236327947e+01 1.184247255325317383e+00 0.000000000000000000e+00 0.000000000000000000e+00 0.000000000000000000e+00 1.000000000000000000e+00
1.716365912826518774e+09 -2.271191358566284180e+00 -1.453491401672363281e+01 1.197571873664855957e+00 0.000000000000000000e+00 0.000000000000000000e+00 0.000000000000000000e+00 1.000000000000000000e+00
1.716365912877601385e+09 -2.223307609558105025e+00 -1.443829059600830078e+01 1.207985758781433105e+00 0.000000000000000000e+00 0.000000000000000000e+00 0.000000000000000000e+00 1.000000000000000000e+00
1.716365912926964760e+09 -2.175602674484252930e+00 -1.434155845642089844e+01 1.218237996101379395e+00 0.000000000000000000e+00 0.000000000000000000e+00 0.000000000000000000e+00 1.000000000000000000e+00
1.716365912977118492e+09 -2.124071598052978516e+00 -1.423318386077880859e+01 1.228496074676513672e+00 0.000000000000000000e+00 0.000000000000000000e+00 0.000000000000000000e+00 1.000000000000000000e+00
1.716365913027323484e+09 -2.071988582611083984e+00 -1.412984848022460938e+01 1.238457202911376953e+00 0.000000000000000000e+00 0.000000000000000000e+00 0.000000000000000000e+00 1.000000000000000000e+00
1.716365913078034163e+09 -2.003187894821166992e+00 -1.392780208587646484e+01 1.249981880187988503e+00 0.000000000000000000e+00 0.000000000000000000e+00 0.000000000000000000e+00 1.000000000000000000e+00
1.716365913128100157e+09 -1.949346184730529563e+00 -1.383560752868652344e+01 1.259338378906250000e+00 0.000000000000000000e+00 0.000000000000000000e+00 0.000000000000000000e+00 1.000000000000000000e+00
1.716365913630764246e+09 -1.324877858161926492e+00 -1.278155708312988459e+01 1.322852373123168945e+00 0.000000000000000000e+00 0.000000000000000000e+00 0.000000000000000000e+00 1.000000000000000000e+00
1.716365913680958748e+09 -1.262135744094848633e+00 -1.270144271850585938e+01 1.319995760917663574e+00 0.000000000000000000e+00 0.000000000000000000e+00 0.000000000000000000e+00 1.000000000000000000e+00
1.716365914636469841e+09 -1.877201646566390991e-01 -1.079603195190429688e+01 9.042967557907104492e-01 0.000000000000000000e+00 0.000000000000000000e+00 0.000000000000000000e+00 1.000000000000000000e+00
1.716365914685815334e+09 -1.401801705360412043e-01 -1.071780967712402344e+01 8.712238073348999023e-01 0.000000000000000000e+00 0.000000000000000000e+00 0.000000000000000000e+00 1.000000000000000000e+00
1.716365914736028910e+09 -9.278014302253720369e-02 -1.063928890228271662e+01 8.387380242347717285e-01 0.000000000000000000e+00 0.000000000000000000e+00 0.000000000000000000e+00 1.000000000000000000e+00
1.716365914786224127e+09 -4.618838801980010289e-02 -1.056350135803222834e+01 8.072921633720397949e-01 0.000000000000000000e+00 0.000000000000000000e+00 0.000000000000000000e+00 1.000000000000000000e+00
1.716365914836498260e+09 -3.748855087906000235e-04 -1.049144458770751953e+01 7.765620946884155273e-01 0.000000000000000000e+00 0.000000000000000000e+00 0.000000000000000000e+00 1.000000000000000000e+00
1.716365914886742353e+09 4.491082206368440105e-02 -1.042319107055664062e+01 7.474085688591003418e-01 0.000000000000000000e+00 0.000000000000000000e+00 0.000000000000000000e+00 1.000000000000000000e+00
1.716365914937275171e+09 8.925017714500420307e-02 -1.035473632812500000e+01 7.196298241615295410e-01 0.000000000000000000e+00 0.000000000000000000e+00 0.000000000000000000e+00 1.000000000000000000e+00
1.716365915037706852e+09 1.320354193449020108e-01 -1.022435092926025391e+01 6.988179087638854980e-01 0.000000000000000000e+00 0.000000000000000000e+00 0.000000000000000000e+00 1.000000000000000000e+00
1.716365915087968826e+09 1.758899092674255094e-01 -1.016261005401611150e+01 6.744893789291381836e-01 0.000000000000000000e+00 0.000000000000000000e+00 0.000000000000000000e+00 1.000000000000000000e+00
1.716365915138433695e+09 2.583606839179992121e-01 -1.004635715484619141e+01 6.366810202598571777e-01 0.000000000000000000e+00 0.000000000000000000e+00 0.000000000000000000e+00 1.000000000000000000e+00
1.716365915238540649e+09 2.957926392555236816e-01 -9.938158988952636719e+00 6.279683113098144531e-01 0.000000000000000000e+00 0.000000000000000000e+00 0.000000000000000000e+00 1.000000000000000000e+00
1.716365915288764238e+09 3.730805218219757080e-01 -9.832725524902343750e+00 6.121193170547485352e-01 0.000000000000000000e+00 0.000000000000000000e+00 0.000000000000000000e+00 1.000000000000000000e+00
1.716365915991754055e+09 7.222700119018554688e-01 -9.029258728027343750e+00 8.215541243553161621e-01 0.000000000000000000e+00 0.000000000000000000e+00 0.000000000000000000e+00 1.000000000000000000e+00
1.716365916041666031e+09 7.352206707000732422e-01 -8.958476066589355469e+00 8.449501395225524902e-01 0.000000000000000000e+00 0.000000000000000000e+00 0.000000000000000000e+00 1.000000000000000000e+00
1.716365916091971874e+09 7.485470771789550781e-01 -8.913616180419921875e+00 8.665764331817626953e-01 0.000000000000000000e+00 0.000000000000000000e+00 0.000000000000000000e+00 1.000000000000000000e+00
1.716365916142023325e+09 7.597259283065795898e-01 -8.867833137512207031e+00 8.877537846565246582e-01 0.000000000000000000e+00 0.000000000000000000e+00 0.000000000000000000e+00 1.000000000000000000e+00
1.716365916192083359e+09 7.714970111846923828e-01 -8.828966140747070312e+00 9.087581038475035511e-01 0.000000000000000000e+00 0.000000000000000000e+00 0.000000000000000000e+00 1.000000000000000000e+00
1.716365916292573929e+09 7.962483763694763184e-01 -8.755908966064453125e+00 9.499847888946532093e-01 0.000000000000000000e+00 0.000000000000000000e+00 0.000000000000000000e+00 1.000000000000000000e+00
1.716365916342657804e+09 8.076692819595336914e-01 -8.717848777770996094e+00 9.704024195671081543e-01 0.000000000000000000e+00 0.000000000000000000e+00 0.000000000000000000e+00 1.000000000000000000e+00
1.716365916392989397e+09 8.157527446746826172e-01 -8.647971153259277344e+00 9.930239915847778320e-01 0.000000000000000000e+00 0.000000000000000000e+00 0.000000000000000000e+00 1.000000000000000000e+00
1.716365916443313599e+09 8.263936638832092285e-01 -8.614895820617675781e+00 1.013582110404968484e+00 0.000000000000000000e+00 0.000000000000000000e+00 0.000000000000000000e+00 1.000000000000000000e+00
1.716365916493184328e+09 8.364650011062622070e-01 -8.582820892333984375e+00 1.034197330474853516e+00 0.000000000000000000e+00 0.000000000000000000e+00 0.000000000000000000e+00 1.000000000000000000e+00
1.716365916543566227e+09 8.457865118980407715e-01 -8.551702499389648438e+00 1.053564310073852317e+00 0.000000000000000000e+00 0.000000000000000000e+00 0.000000000000000000e+00 1.000000000000000000e+00
1.716365916643987179e+09 8.525486588478088379e-01 -8.492644309997558594e+00 1.073575973510742188e+00 0.000000000000000000e+00 0.000000000000000000e+00 0.000000000000000000e+00 1.000000000000000000e+00
1.716365916694127083e+09 8.725021481513977051e-01 -8.435768127441406250e+00 1.106264233589172363e+00 0.000000000000000000e+00 0.000000000000000000e+00 0.000000000000000000e+00 1.000000000000000000e+00
1.716365916744606733e+09 8.825259804725646973e-01 -8.409155845642089844e+00 1.119963169097900391e+00 0.000000000000000000e+00 0.000000000000000000e+00 0.000000000000000000e+00 1.000000000000000000e+00
1.716365916844795465e+09 8.882510066032409668e-01 -8.357746124267578125e+00 1.132378697395324707e+00 0.000000000000000000e+00 0.000000000000000000e+00 0.000000000000000000e+00 1.000000000000000000e+00
1.716365916894891977e+09 8.972147107124328613e-01 -8.335080146789550781e+00 1.143023967742919922e+00 0.000000000000000000e+00 0.000000000000000000e+00 0.000000000000000000e+00 1.000000000000000000e+00
1.716365916945016146e+09 9.137956500053405762e-01 -8.291654586791992188e+00 1.159777402877807617e+00 0.000000000000000000e+00 0.000000000000000000e+00 0.000000000000000000e+00 1.000000000000000000e+00
1.716365916995872021e+09 9.215609431266783558e-01 -8.270877838134765625e+00 1.165518522262573242e+00 0.000000000000000000e+00 0.000000000000000000e+00 0.000000000000000000e+00 1.000000000000000000e+00
1.716365917045335770e+09 9.285189509391783558e-01 -8.250139236450195312e+00 1.170280098915100098e+00 0.000000000000000000e+00 0.000000000000000000e+00 0.000000000000000000e+00 1.000000000000000000e+00
1.716365917145590782e+09 9.378692507743835449e-01 -8.193883895874023438e+00 1.175559520721435547e+00 0.000000000000000000e+00 0.000000000000000000e+00 0.000000000000000000e+00 1.000000000000000000e+00
1.716365917196553707e+09 9.424354434013367809e-01 -8.176254272460937500e+00 1.176048040390014648e+00 0.000000000000000000e+00 0.000000000000000000e+00 0.000000000000000000e+00 1.000000000000000000e+00
1.716365917245850086e+09 9.463449716567992054e-01 -8.158637046813964844e+00 1.174973487854003906e+00 0.000000000000000000e+00 0.000000000000000000e+00 0.000000000000000000e+00 1.000000000000000000e+00
1.716365917446397543e+09 9.489010572433471680e-01 -8.060300827026367188e+00 1.166903138160705566e+00 0.000000000000000000e+00 0.000000000000000000e+00 0.000000000000000000e+00 1.000000000000000000e+00
1.716365917546921968e+09 9.544997811317443848e-01 -8.035632133483886719e+00 1.146300077438354492e+00 0.000000000000000000e+00 0.000000000000000000e+00 0.000000000000000000e+00 1.000000000000000000e+00
1.716365917647207737e+09 9.484435915946960449e-01 -7.988199710845947266e+00 1.128103613853454590e+00 0.000000000000000000e+00 0.000000000000000000e+00 0.000000000000000000e+00 1.000000000000000000e+00
1.716365917697435856e+09 9.472624063491820179e-01 -7.973731517791748047e+00 1.117034316062927246e+00 0.000000000000000000e+00 0.000000000000000000e+00 0.000000000000000000e+00 1.000000000000000000e+00
1.716365917747633696e+09 9.418269991874695934e-01 -7.958671569824218750e+00 1.104445338249206321e+00 0.000000000000000000e+00 0.000000000000000000e+00 0.000000000000000000e+00 1.000000000000000000e+00
1.716365917797831059e+09 9.380586147308349609e-01 -7.930277824401854581e+00 1.091708064079284890e+00 0.000000000000000000e+00 0.000000000000000000e+00 0.000000000000000000e+00 1.000000000000000000e+00
1.716365917848108530e+09 9.341656565666199841e-01 -7.913885593414306641e+00 1.077264428138732910e+00 0.000000000000000000e+00 0.000000000000000000e+00 0.000000000000000000e+00 1.000000000000000000e+00
1.716365917898255825e+09 9.299496412277221680e-01 -7.901425838470458984e+00 1.060767769813537598e+00 0.000000000000000000e+00 0.000000000000000000e+00 0.000000000000000000e+00 1.000000000000000000e+00
1.716365917949127436e+09 9.245048761367797852e-01 -7.883027076721191406e+00 1.044359087944030762e+00 0.000000000000000000e+00 0.000000000000000000e+00 0.000000000000000000e+00 1.000000000000000000e+00
1.716365918049553394e+09 9.106532335281372070e-01 -7.853383541107177734e+00 1.009378194808959961e+00 0.000000000000000000e+00 0.000000000000000000e+00 0.000000000000000000e+00 1.000000000000000000e+00
1.716365918099474907e+09 9.002886414527893066e-01 -7.829291343688964844e+00 9.916358590126037598e-01 0.000000000000000000e+00 0.000000000000000000e+00 0.000000000000000000e+00 1.000000000000000000e+00
1.716365918200181246e+09 8.801498413085937500e-01 -7.781992912292479581e+00 9.577692747116087757e-01 0.000000000000000000e+00 0.000000000000000000e+00 0.000000000000000000e+00 1.000000000000000000e+00
1.716365918250079632e+09 8.719109892845153809e-01 -7.768603801727294922e+00 9.401258826255798340e-01 0.000000000000000000e+00 0.000000000000000000e+00 0.000000000000000000e+00 1.000000000000000000e+00
1.716365918300307751e+09 8.634899854660034180e-01 -7.757230758666992188e+00 9.228747487068176270e-01 0.000000000000000000e+00 0.000000000000000000e+00 0.000000000000000000e+00 1.000000000000000000e+00
1.716365918350569487e+09 8.436557650566101074e-01 -7.735838890075683594e+00 8.905395269393920898e-01 0.000000000000000000e+00 0.000000000000000000e+00 0.000000000000000000e+00 1.000000000000000000e+00
1.716365918451018810e+09 8.306082487106323242e-01 -7.714982509613037109e+00 8.764840364456176758e-01 0.000000000000000000e+00 0.000000000000000000e+00 0.000000000000000000e+00 1.000000000000000000e+00
1.716365918551397800e+09 8.037331700325012207e-01 -7.695705413818359375e+00 8.520625233650207520e-01 0.000000000000000000e+00 0.000000000000000000e+00 0.000000000000000000e+00 1.000000000000000000e+00
1.716365918601733208e+09 7.886005043983459473e-01 -7.686420917510986328e+00 8.427747488021850586e-01 0.000000000000000000e+00 0.000000000000000000e+00 0.000000000000000000e+00 1.000000000000000000e+00
1.716365918651928902e+09 7.724009752273559570e-01 -7.678381919860839844e+00 8.354921340942382812e-01 0.000000000000000000e+00 0.000000000000000000e+00 0.000000000000000000e+00 1.000000000000000000e+00
1.716365918752247095e+09 7.534123063087463379e-01 -7.662744045257568359e+00 8.309544920921325684e-01 0.000000000000000000e+00 0.000000000000000000e+00 0.000000000000000000e+00 1.000000000000000000e+00
1.716365918802395344e+09 7.141724824905395508e-01 -7.652031898498535156e+00 8.267475366592407227e-01 0.000000000000000000e+00 0.000000000000000000e+00 0.000000000000000000e+00 1.000000000000000000e+00
1.716365918852778196e+09 6.933635473251342773e-01 -7.646977424621582031e+00 8.277560472488403320e-01 0.000000000000000000e+00 0.000000000000000000e+00 0.000000000000000000e+00 1.000000000000000000e+00
1.716365918953130245e+09 6.708849668502807617e-01 -7.639186859130859375e+00 8.310341835021972656e-01 0.000000000000000000e+00 0.000000000000000000e+00 0.000000000000000000e+00 1.000000000000000000e+00
1.716365919103895903e+09 6.028328537940979004e-01 -7.630962371826171875e+00 8.453586101531982422e-01 0.000000000000000000e+00 0.000000000000000000e+00 0.000000000000000000e+00 1.000000000000000000e+00
1.716365919154162407e+09 5.512241721153259277e-01 -7.632896423339843750e+00 8.581190109252929688e-01 0.000000000000000000e+00 0.000000000000000000e+00 0.000000000000000000e+00 1.000000000000000000e+00
1.716365919204363108e+09 5.237265229225158691e-01 -7.632388591766357422e+00 8.651944398880004883e-01 0.000000000000000000e+00 0.000000000000000000e+00 0.000000000000000000e+00 1.000000000000000000e+00
1.716365919254507780e+09 4.948022365570067804e-01 -7.631935596466063565e+00 8.731051683425903320e-01 0.000000000000000000e+00 0.000000000000000000e+00 0.000000000000000000e+00 1.000000000000000000e+00
1.716365919304612875e+09 4.650736451148986816e-01 -7.632444858551025391e+00 8.813379406929016113e-01 0.000000000000000000e+00 0.000000000000000000e+00 0.000000000000000000e+00 1.000000000000000000e+00
1.716365919354880571e+09 4.344305098056793213e-01 -7.633920669555664062e+00 8.900079727172851562e-01 0.000000000000000000e+00 0.000000000000000000e+00 0.000000000000000000e+00 1.000000000000000000e+00
1.716365919407997608e+09 4.032878279685974121e-01 -7.635294914245604581e+00 8.987413048744201660e-01 0.000000000000000000e+00 0.000000000000000000e+00 0.000000000000000000e+00 1.000000000000000000e+00
1.716365919455679178e+09 3.712352514266967773e-01 -7.638563156127929688e+00 9.071983098983763538e-01 0.000000000000000000e+00 0.000000000000000000e+00 0.000000000000000000e+00 1.000000000000000000e+00
1.716365919506252527e+09 3.383393287658690851e-01 -7.641696453094482422e+00 9.152789115905761719e-01 0.000000000000000000e+00 0.000000000000000000e+00 0.000000000000000000e+00 1.000000000000000000e+00
1.716365919555620670e+09 3.069062829017639160e-01 -7.647538661956787109e+00 9.221100211143493652e-01 0.000000000000000000e+00 0.000000000000000000e+00 0.000000000000000000e+00 1.000000000000000000e+00
1.716365919606005430e+09 2.741760313510894775e-01 -7.653257369995117188e+00 9.284855723381042480e-01 0.000000000000000000e+00 0.000000000000000000e+00 0.000000000000000000e+00 1.000000000000000000e+00
1.716365919656079292e+09 2.407300174236297052e-01 -7.658783912658691406e+00 9.339139461517333984e-01 0.000000000000000000e+00 0.000000000000000000e+00 0.000000000000000000e+00 1.000000000000000000e+00
1.716365919706279755e+09 1.707657873630523127e-01 -7.669235706329345703e+00 9.417014122009276234e-01 0.000000000000000000e+00 0.000000000000000000e+00 0.000000000000000000e+00 1.000000000000000000e+00
1.716365919857424021e+09 9.606253355741499467e-02 -7.681959152221679688e+00 9.473811388015748181e-01 0.000000000000000000e+00 0.000000000000000000e+00 0.000000000000000000e+00 1.000000000000000000e+00
1.716365919907226324e+09 5.830234289169310136e-02 -7.686461925506591797e+00 9.490272402763367809e-01 0.000000000000000000e+00 0.000000000000000000e+00 0.000000000000000000e+00 1.000000000000000000e+00
1.716365920007453442e+09 -2.315093390643590057e-02 -7.700971126556396484e+00 9.532451033592224121e-01 0.000000000000000000e+00 0.000000000000000000e+00 0.000000000000000000e+00 1.000000000000000000e+00
1.716365920057577610e+09 -6.666620820760719990e-02 -7.705946445465087891e+00 9.564267992973327637e-01 0.000000000000000000e+00 0.000000000000000000e+00 0.000000000000000000e+00 1.000000000000000000e+00
1.716365920158113956e+09 -1.538292616605758112e-01 -7.723271846771240234e+00 9.642723202705384411e-01 0.000000000000000000e+00 0.000000000000000000e+00 0.000000000000000000e+00 1.000000000000000000e+00
1.716365920208336592e+09 -2.020705044269560935e-01 -7.729526996612548828e+00 9.695217013359069824e-01 0.000000000000000000e+00 0.000000000000000000e+00 0.000000000000000000e+00 1.000000000000000000e+00
1.716365920258586168e+09 -2.975965738296508789e-01 -7.738178730010986328e+00 9.803690314292907715e-01 0.000000000000000000e+00 0.000000000000000000e+00 0.000000000000000000e+00 1.000000000000000000e+00
1.716365920358976364e+09 -3.471924960613250732e-01 -7.742506504058837891e+00 9.862287640571594238e-01 0.000000000000000000e+00 0.000000000000000000e+00 0.000000000000000000e+00 1.000000000000000000e+00
1.716365920409360886e+09 -3.992975056171417236e-01 -7.745420455932617188e+00 9.926916956901550293e-01 0.000000000000000000e+00 0.000000000000000000e+00 0.000000000000000000e+00 1.000000000000000000e+00
1.716365920509620428e+09 -5.661717057228088379e-01 -7.757430076599121094e+00 1.014174103736877441e+00 0.000000000000000000e+00 0.000000000000000000e+00 0.000000000000000000e+00 1.000000000000000000e+00
1.716365920559839249e+09 -6.246134042739868164e-01 -7.758458614349365234e+00 1.022406697273254395e+00 0.000000000000000000e+00 0.000000000000000000e+00 0.000000000000000000e+00 1.000000000000000000e+00
1.716365920660295725e+09 -6.843508481979370117e-01 -7.757933139801025391e+00 1.030839204788208008e+00 0.000000000000000000e+00 0.000000000000000000e+00 0.000000000000000000e+00 1.000000000000000000e+00
1.716365920760767937e+09 -8.075308799743652344e-01 -7.754183292388916016e+00 1.049416542053222878e+00 0.000000000000000000e+00 0.000000000000000000e+00 0.000000000000000000e+00 1.000000000000000000e+00
1.716365920811012268e+09 -9.331887960433959961e-01 -7.744207382202148438e+00 1.069960355758666992e+00 0.000000000000000000e+00 0.000000000000000000e+00 0.000000000000000000e+00 1.000000000000000000e+00
1.716365920961658716e+09 -1.127779841423034890e+00 -7.714866161346435547e+00 1.102382183074951172e+00 0.000000000000000000e+00 0.000000000000000000e+00 0.000000000000000000e+00 1.000000000000000000e+00
1.716365921011809111e+09 -1.196886539459228294e+00 -7.703011512756347656e+00 1.114632368087768555e+00 0.000000000000000000e+00 0.000000000000000000e+00 0.000000000000000000e+00 1.000000000000000000e+00
1.716365921162432909e+09 -1.260784745216369629e+00 -7.686269760131835938e+00 1.126596808433532715e+00 0.000000000000000000e+00 0.000000000000000000e+00 0.000000000000000000e+00 1.000000000000000000e+00
1.716365921212667227e+09 -1.450277209281921387e+00 -7.639964103698729581e+00 1.159474611282348633e+00 0.000000000000000000e+00 0.000000000000000000e+00 0.000000000000000000e+00 1.000000000000000000e+00
1.716365921312882900e+09 -1.513534069061279297e+00 -7.616861820220947266e+00 1.169163227081298828e+00 0.000000000000000000e+00 0.000000000000000000e+00 0.000000000000000000e+00 1.000000000000000000e+00
1.716365921413136244e+09 -1.637583136558532715e+00 -7.580461502075195312e+00 1.183272838592529297e+00 0.000000000000000000e+00 0.000000000000000000e+00 0.000000000000000000e+00 1.000000000000000000e+00
1.716365921463401318e+09 -1.767306089401245117e+00 -7.542397499084472656e+00 1.192991256713867188e+00 0.000000000000000000e+00 0.000000000000000000e+00 0.000000000000000000e+00 1.000000000000000000e+00
1.716365921513826370e+09 -1.831327676773071511e+00 -7.525140285491943359e+00 1.195388197898864746e+00 0.000000000000000000e+00 0.000000000000000000e+00 0.000000000000000000e+00 1.000000000000000000e+00
1.716365921664114237e+09 -1.959655284881592019e+00 -7.492771148681640625e+00 1.196037888526916504e+00 0.000000000000000000e+00 0.000000000000000000e+00 0.000000000000000000e+00 1.000000000000000000e+00
1.716365921714233398e+09 -2.083186388015747070e+00 -7.464393615722656250e+00 1.191575169563293679e+00 0.000000000000000000e+00 0.000000000000000000e+00 0.000000000000000000e+00 1.000000000000000000e+00
1.716365921864920139e+09 -2.145415782928466797e+00 -7.455994606018066406e+00 1.188395023345947266e+00 0.000000000000000000e+00 0.000000000000000000e+00 0.000000000000000000e+00 1.000000000000000000e+00
1.716365921915192604e+09 -2.260705709457397017e+00 -7.427821159362792969e+00 1.180687189102172852e+00 0.000000000000000000e+00 0.000000000000000000e+00 0.000000000000000000e+00 1.000000000000000000e+00
1.716365921965374708e+09 -2.319315671920776367e+00 -7.416926383972167969e+00 1.177161574363708496e+00 0.000000000000000000e+00 0.000000000000000000e+00 0.000000000000000000e+00 1.000000000000000000e+00
1.716365922015620947e+09 -2.375660181045531782e+00 -7.409475326538085938e+00 1.174574732780456321e+00 0.000000000000000000e+00 0.000000000000000000e+00 0.000000000000000000e+00 1.000000000000000000e+00
1.716365922065834284e+09 -2.432841300964355469e+00 -7.399245738983154297e+00 1.172637820243835449e+00 0.000000000000000000e+00 0.000000000000000000e+00 0.000000000000000000e+00 1.000000000000000000e+00
1.716365922116017342e+09 -2.491844177246093750e+00 -7.387980937957763672e+00 1.171356916427612305e+00 0.000000000000000000e+00 0.000000000000000000e+00 0.000000000000000000e+00 1.000000000000000000e+00
1.716365922166304111e+09 -2.603413581848144531e+00 -7.368483543395996094e+00 1.170595169067382812e+00 0.000000000000000000e+00 0.000000000000000000e+00 0.000000000000000000e+00 1.000000000000000000e+00
1.716365922267068386e+09 -2.714106082916260210e+00 -7.354051589965820312e+00 1.170840501785278320e+00 0.000000000000000000e+00 0.000000000000000000e+00 0.000000000000000000e+00 1.000000000000000000e+00
1.716365922316970348e+09 -2.765541076660155806e+00 -7.340230464935302734e+00 1.171287894248962402e+00 0.000000000000000000e+00 0.000000000000000000e+00 0.000000000000000000e+00 1.000000000000000000e+00
1.716365922418863535e+09 -2.866040945053100586e+00 -7.313429832458496094e+00 1.171977877616882324e+00 0.000000000000000000e+00 0.000000000000000000e+00 0.000000000000000000e+00 1.000000000000000000e+00
1.716365922517775297e+09 -2.915102720260620117e+00 -7.301563739776611328e+00 1.172150731086730957e+00 0.000000000000000000e+00 0.000000000000000000e+00 0.000000000000000000e+00 1.000000000000000000e+00
1.716365922567963839e+09 -3.003262281417846680e+00 -7.265759944915771484e+00 1.172472834587097168e+00 0.000000000000000000e+00 0.000000000000000000e+00 0.000000000000000000e+00 1.000000000000000000e+00
1.716365922668281078e+09 -3.043951272964477095e+00 -7.242289543151854581e+00 1.172347784042358398e+00 0.000000000000000000e+00 0.000000000000000000e+00 0.000000000000000000e+00 1.000000000000000000e+00
1.716365922718420267e+09 -3.085144042968750000e+00 -7.218284130096435547e+00 1.171777844429015891e+00 0.000000000000000000e+00 0.000000000000000000e+00 0.000000000000000000e+00 1.000000000000000000e+00
1.716365922768650532e+09 -3.168561458587646484e+00 -7.165630340576171875e+00 1.171389222145080566e+00 0.000000000000000000e+00 0.000000000000000000e+00 0.000000000000000000e+00 1.000000000000000000e+00
1.716365922818858385e+09 -3.209318161010742188e+00 -7.137594699859619141e+00 1.171379446983337402e+00 0.000000000000000000e+00 0.000000000000000000e+00 0.000000000000000000e+00 1.000000000000000000e+00
1.716365922919168472e+09 -3.283510684967041016e+00 -7.067369937896728516e+00 1.171387553215026855e+00 0.000000000000000000e+00 0.000000000000000000e+00 0.000000000000000000e+00 1.000000000000000000e+00
1.716365922969543457e+09 -3.321054220199584961e+00 -7.034274101257324219e+00 1.170462131500243919e+00 0.000000000000000000e+00 0.000000000000000000e+00 0.000000000000000000e+00 1.000000000000000000e+00
1.716365923019643545e+09 -3.358655452728271484e+00 -6.999692440032958984e+00 1.169126987457275391e+00 0.000000000000000000e+00 0.000000000000000000e+00 0.000000000000000000e+00 1.000000000000000000e+00
1.716365923170274973e+09 -3.454857110977172852e+00 -6.866339683532714844e+00 1.164420247077941895e+00 0.000000000000000000e+00 0.000000000000000000e+00 0.000000000000000000e+00 1.000000000000000000e+00
1.716365923270825386e+09 -3.479592561721801758e+00 -6.805493831634521484e+00 1.163473606109619141e+00 0.000000000000000000e+00 0.000000000000000000e+00 0.000000000000000000e+00 1.000000000000000000e+00
1.716365923320854425e+09 -3.548462390899658203e+00 -6.718730449676513672e+00 1.158897280693054199e+00 0.000000000000000000e+00 0.000000000000000000e+00 0.000000000000000000e+00 1.000000000000000000e+00
1.716365923371078730e+09 -3.582223653793334961e+00 -6.672302246093750000e+00 1.156797051429748313e+00 0.000000000000000000e+00 0.000000000000000000e+00 0.000000000000000000e+00 1.000000000000000000e+00
1.716365923471443176e+09 -3.650394439697265625e+00 -6.576697349548339844e+00 1.152099132537841797e+00 0.000000000000000000e+00 0.000000000000000000e+00 0.000000000000000000e+00 1.000000000000000000e+00
1.716365923571933031e+09 -3.672035217285155806e+00 -6.504878044128417969e+00 1.150988817214965820e+00 0.000000000000000000e+00 0.000000000000000000e+00 0.000000000000000000e+00 1.000000000000000000e+00
1.716365923622163773e+09 -3.741565942764281782e+00 -6.401215076446533203e+00 1.146509647369384766e+00 0.000000000000000000e+00 0.000000000000000000e+00 0.000000000000000000e+00 1.000000000000000000e+00
1.716365923722417355e+09 -3.810738325119018555e+00 -6.289863109588623047e+00 1.140971302986145020e+00 0.000000000000000000e+00 0.000000000000000000e+00 0.000000000000000000e+00 1.000000000000000000e+00
1.716365923772705555e+09 -3.831245660781860796e+00 -6.209163665771484375e+00 1.139031887054443359e+00 0.000000000000000000e+00 0.000000000000000000e+00 0.000000000000000000e+00 1.000000000000000000e+00
1.716365923872975111e+09 -3.866032600402832031e+00 -6.150746345520020419e+00 1.135554671287536621e+00 0.000000000000000000e+00 0.000000000000000000e+00 0.000000000000000000e+00 1.000000000000000000e+00
1.716365923923440933e+09 -3.938896179199218306e+00 -6.031096935272216797e+00 1.127986192703247070e+00 0.000000000000000000e+00 0.000000000000000000e+00 0.000000000000000000e+00 1.000000000000000000e+00
1.716365923973433256e+09 -3.959405899047852007e+00 -5.943081855773925781e+00 1.125900745391845703e+00 0.000000000000000000e+00 0.000000000000000000e+00 0.000000000000000000e+00 1.000000000000000000e+00
1.716365924023776770e+09 -3.999884366989136186e+00 -5.878199577331542969e+00 1.122428297996520996e+00 0.000000000000000000e+00 0.000000000000000000e+00 0.000000000000000000e+00 1.000000000000000000e+00
1.716365924073805571e+09 -4.039893150329589844e+00 -5.812792301177978516e+00 1.118813037872314453e+00 0.000000000000000000e+00 0.000000000000000000e+00 0.000000000000000000e+00 1.000000000000000000e+00
1.716365924174666166e+09 -4.101485252380371094e+00 -5.654596805572509766e+00 1.114785075187683105e+00 0.000000000000000000e+00 0.000000000000000000e+00 0.000000000000000000e+00 1.000000000000000000e+00
1.716365924224371672e+09 -4.137912273406982422e+00 -5.586807250976562500e+00 1.112963676452636719e+00 0.000000000000000000e+00 0.000000000000000000e+00 0.000000000000000000e+00 1.000000000000000000e+00
1.716365924274685383e+09 -4.180520057678222656e+00 -5.513499736785888672e+00 1.111732721328735352e+00 0.000000000000000000e+00 0.000000000000000000e+00 0.000000000000000000e+00 1.000000000000000000e+00
1.716365924324880838e+09 -4.222099304199218750e+00 -5.441172122955322266e+00 1.111029744148254395e+00 0.000000000000000000e+00 0.000000000000000000e+00 0.000000000000000000e+00 1.000000000000000000e+00
1.716365924375168324e+09 -4.248418807983398438e+00 -5.344204902648925781e+00 1.112597823143005371e+00 0.000000000000000000e+00 0.000000000000000000e+00 0.000000000000000000e+00 1.000000000000000000e+00
1.716365924425414801e+09 -4.293805599212647373e+00 -5.269138336181640625e+00 1.113031148910522461e+00 0.000000000000000000e+00 0.000000000000000000e+00 0.000000000000000000e+00 1.000000000000000000e+00
1.716365924475403547e+09 -4.342056274414063388e+00 -5.191721439361572266e+00 1.114131927490234375e+00 0.000000000000000000e+00 0.000000000000000000e+00 0.000000000000000000e+00 1.000000000000000000e+00
1.716365924525678158e+09 -4.388973236083984375e+00 -5.115353584289550781e+00 1.115893721580505371e+00 0.000000000000000000e+00 0.000000000000000000e+00 0.000000000000000000e+00 1.000000000000000000e+00
1.716365924575979948e+09 -4.422971725463867188e+00 -5.018373012542724609e+00 1.119638085365295410e+00 0.000000000000000000e+00 0.000000000000000000e+00 0.000000000000000000e+00 1.000000000000000000e+00
1.716365924626159668e+09 -4.475507736206054688e+00 -4.939383983612060547e+00 1.122309565544128418e+00 0.000000000000000000e+00 0.000000000000000000e+00 0.000000000000000000e+00 1.000000000000000000e+00
1.716365924676359415e+09 -4.530814647674560547e+00 -4.857470035552978516e+00 1.125305652618408203e+00 0.000000000000000000e+00 0.000000000000000000e+00 0.000000000000000000e+00 1.000000000000000000e+00
1.716365924726659536e+09 -4.583765506744384766e+00 -4.775900840759277344e+00 1.128556847572326882e+00 0.000000000000000000e+00 0.000000000000000000e+00 0.000000000000000000e+00 1.000000000000000000e+00
1.716365924776811838e+09 -4.621154785156250000e+00 -4.672805309295654297e+00 1.134485244750976562e+00 0.000000000000000000e+00 0.000000000000000000e+00 0.000000000000000000e+00 1.000000000000000000e+00
1.716365924826796293e+09 -4.678707122802734375e+00 -4.585532665252685547e+00 1.139129400253295898e+00 0.000000000000000000e+00 0.000000000000000000e+00 0.000000000000000000e+00 1.000000000000000000e+00
1.716365924877153397e+09 -4.734086513519287109e+00 -4.491028785705566406e+00 1.144973754882812500e+00 0.000000000000000000e+00 0.000000000000000000e+00 0.000000000000000000e+00 1.000000000000000000e+00
1.716365924927332878e+09 -4.788070678710937500e+00 -4.405818462371826172e+00 1.150799155235290305e+00 0.000000000000000000e+00 0.000000000000000000e+00 0.000000000000000000e+00 1.000000000000000000e+00
1.716365925328581572e+09 -5.235875606536865234e+00 -3.640552282333374023e+00 1.206731319427490234e+00 0.000000000000000000e+00 0.000000000000000000e+00 0.000000000000000000e+00 1.000000000000000000e+00
1.716365925429235697e+09 -5.359904766082763672e+00 -3.447379350662231445e+00 1.223328828811645508e+00 0.000000000000000000e+00 0.000000000000000000e+00 0.000000000000000000e+00 1.000000000000000000e+00
1.716365925479246616e+09 -5.420999526977539062e+00 -3.347350597381591797e+00 1.232241749763488770e+00 0.000000000000000000e+00 0.000000000000000000e+00 0.000000000000000000e+00 1.000000000000000000e+00
1.716365925529361486e+09 -5.480509757995605469e+00 -3.251640558242797852e+00 1.241306066513061523e+00 0.000000000000000000e+00 0.000000000000000000e+00 0.000000000000000000e+00 1.000000000000000000e+00
1.716365925629767418e+09 -5.604983806610107422e+00 -3.058704137802124023e+00 1.261347889900207520e+00 0.000000000000000000e+00 0.000000000000000000e+00 0.000000000000000000e+00 1.000000000000000000e+00
1.716365925679986715e+09 -5.667670249938964844e+00 -2.961226224899291992e+00 1.272498846054077148e+00 0.000000000000000000e+00 0.000000000000000000e+00 0.000000000000000000e+00 1.000000000000000000e+00
1.716365925780387163e+09 -5.805392742156982422e+00 -2.769936323165893555e+00 1.295353651046752930e+00 0.000000000000000000e+00 0.000000000000000000e+00 0.000000000000000000e+00 1.000000000000000000e+00
1.716365925880620718e+09 -5.867621898651123047e+00 -2.672782897949218750e+00 1.307532191276550293e+00 0.000000000000000000e+00 0.000000000000000000e+00 0.000000000000000000e+00 1.000000000000000000e+00
1.716365925930948257e+09 -6.012148380279541016e+00 -2.495050430297852007e+00 1.331962704658508301e+00 0.000000000000000000e+00 0.000000000000000000e+00 0.000000000000000000e+00 1.000000000000000000e+00
1.716365925981065989e+09 -6.077013015747070312e+00 -2.405010223388671875e+00 1.345048666000366211e+00 0.000000000000000000e+00 0.000000000000000000e+00 0.000000000000000000e+00 1.000000000000000000e+00
1.716365926031708241e+09 -6.140668869018554688e+00 -2.313106298446655718e+00 1.358789801597595215e+00 0.000000000000000000e+00 0.000000000000000000e+00 0.000000000000000000e+00 1.000000000000000000e+00
1.716365926081688881e+09 -6.203171730041503906e+00 -2.219016790390014204e+00 1.372550129890441895e+00 0.000000000000000000e+00 0.000000000000000000e+00 0.000000000000000000e+00 1.000000000000000000e+00
1.716365926182093859e+09 -6.323260307312011719e+00 -2.037814378738403764e+00 1.399818897247314453e+00 0.000000000000000000e+00 0.000000000000000000e+00 0.000000000000000000e+00 1.000000000000000000e+00
1.716365926232506514e+09 -6.414562225341796875e+00 -1.957748413085937278e+00 1.413213014602661133e+00 0.000000000000000000e+00 0.000000000000000000e+00 0.000000000000000000e+00 1.000000000000000000e+00
1.716365926282397032e+09 -6.477595806121826172e+00 -1.868826985359191895e+00 1.427055001258850098e+00 0.000000000000000000e+00 0.000000000000000000e+00 0.000000000000000000e+00 1.000000000000000000e+00
1.716365926332602262e+09 -6.542338371276856357e+00 -1.786536574363708496e+00 1.439740180969238503e+00 0.000000000000000000e+00 0.000000000000000000e+00 0.000000000000000000e+00 1.000000000000000000e+00
1.716365926382801056e+09 -6.602908611297607422e+00 -1.702815771102905273e+00 1.452124834060668945e+00 0.000000000000000000e+00 0.000000000000000000e+00 0.000000000000000000e+00 1.000000000000000000e+00
1.716365926433041334e+09 -6.707859039306640625e+00 -1.629651069641113281e+00 1.463431000709533691e+00 0.000000000000000000e+00 0.000000000000000000e+00 0.000000000000000000e+00 1.000000000000000000e+00
1.716365926483288765e+09 -6.767895221710205078e+00 -1.549450993537902832e+00 1.473322868347167969e+00 0.000000000000000000e+00 0.000000000000000000e+00 0.000000000000000000e+00 1.000000000000000000e+00
1.716365926533412695e+09 -6.824567317962647373e+00 -1.469571948051452637e+00 1.481782317161560059e+00 0.000000000000000000e+00 0.000000000000000000e+00 0.000000000000000000e+00 1.000000000000000000e+00
1.716365926734441757e+09 -7.118012428283691406e+00 -1.350454449653625710e+00 1.493953704833984375e+00 0.000000000000000000e+00 0.000000000000000000e+00 0.000000000000000000e+00 1.000000000000000000e+00
1.716365926784505129e+09 -7.203384876251220703e+00 -1.107151627540588379e+00 1.500085711479187012e+00 0.000000000000000000e+00 0.000000000000000000e+00 0.000000000000000000e+00 1.000000000000000000e+00
1.716365926884911299e+09 -7.379660129547119141e+00 -9.687920212745667614e-01 1.497502088546752930e+00 0.000000000000000000e+00 0.000000000000000000e+00 0.000000000000000000e+00 1.000000000000000000e+00
1.716365927085393190e+09 -7.655352592468261719e+00 -7.800909876823425293e-01 1.487532138824462891e+00 0.000000000000000000e+00 0.000000000000000000e+00 0.000000000000000000e+00 1.000000000000000000e+00
1.716365927135586500e+09 -7.722249031066894531e+00 -6.433266401290893555e-01 1.478070139884948730e+00 0.000000000000000000e+00 0.000000000000000000e+00 0.000000000000000000e+00 1.000000000000000000e+00
1.716365927185700655e+09 -7.779247283935546875e+00 -5.821161270141601562e-01 1.472807168960571289e+00 0.000000000000000000e+00 0.000000000000000000e+00 0.000000000000000000e+00 1.000000000000000000e+00
1.716365927235713720e+09 -7.839941024780273438e+00 -5.172982215881347656e-01 1.466591954231262207e+00 0.000000000000000000e+00 0.000000000000000000e+00 0.000000000000000000e+00 1.000000000000000000e+00
1.716365927285995483e+09 -7.902822971343994141e+00 -4.561365842819213867e-01 1.460405826568603516e+00 0.000000000000000000e+00 0.000000000000000000e+00 0.000000000000000000e+00 1.000000000000000000e+00
1.716365927336177588e+09 -7.964854240417479581e+00 -4.013371169567108154e-01 1.454437732696533203e+00 0.000000000000000000e+00 0.000000000000000000e+00 0.000000000000000000e+00 1.000000000000000000e+00
1.716365927386376381e+09 -8.028579711914062500e+00 -3.437422811985015869e-01 1.447694540023803711e+00 0.000000000000000000e+00 0.000000000000000000e+00 0.000000000000000000e+00 1.000000000000000000e+00
1.716365927436766863e+09 -8.117835044860839844e+00 -2.869568169116973877e-01 1.440811276435852051e+00 0.000000000000000000e+00 0.000000000000000000e+00 0.000000000000000000e+00 1.000000000000000000e+00
1.716365927486905575e+09 -8.177694320678710938e+00 -2.279219329357146939e-01 1.433809161186218484e+00 0.000000000000000000e+00 0.000000000000000000e+00 0.000000000000000000e+00 1.000000000000000000e+00
1.716365927536997080e+09 -8.232063293457031250e+00 -1.704263538122177124e-01 1.426649332046508789e+00 0.000000000000000000e+00 0.000000000000000000e+00 0.000000000000000000e+00 1.000000000000000000e+00
1.716365927587199211e+09 -8.287040710449218750e+00 -1.103871166706085066e-01 1.419017314910888894e+00 0.000000000000000000e+00 0.000000000000000000e+00 0.000000000000000000e+00 1.000000000000000000e+00
1.716365927637291431e+09 -8.343568801879882812e+00 -4.972440004348750026e-02 1.411224126815795898e+00 0.000000000000000000e+00 0.000000000000000000e+00 0.000000000000000000e+00 1.000000000000000000e+00
1.716365927688122272e+09 -8.447635650634765625e+00 1.200565323233599921e-02 1.402447819709777832e+00 0.000000000000000000e+00 0.000000000000000000e+00 0.000000000000000000e+00 1.000000000000000000e+00
1.716365927737841845e+09 -8.498271942138671875e+00 7.112214714288710160e-02 1.394498229026794434e+00 0.000000000000000000e+00 0.000000000000000000e+00 0.000000000000000000e+00 1.000000000000000000e+00
1.716365927787995577e+09 -8.547511100769042969e+00 1.292603313922882080e-01 1.386452555656433105e+00 0.000000000000000000e+00 0.000000000000000000e+00 0.000000000000000000e+00 1.000000000000000000e+00
1.716365927838101864e+09 -8.598374366760253906e+00 1.867737323045730036e-01 1.378630638122558594e+00 0.000000000000000000e+00 0.000000000000000000e+00 0.000000000000000000e+00 1.000000000000000000e+00
1.716365927938501596e+09 -8.700865745544433594e+00 2.449692934751510065e-01 1.370640397071838379e+00 0.000000000000000000e+00 0.000000000000000000e+00 0.000000000000000000e+00 1.000000000000000000e+00
1.716365927988660336e+09 -8.801733016967773438e+00 3.606436550617218018e-01 1.355355024337768555e+00 0.000000000000000000e+00 0.000000000000000000e+00 0.000000000000000000e+00 1.000000000000000000e+00
1.716365928038904428e+09 -8.905930519104003906e+00 4.236233830451964777e-01 1.346436262130737305e+00 0.000000000000000000e+00 0.000000000000000000e+00 0.000000000000000000e+00 1.000000000000000000e+00
1.716365928089086533e+09 -8.955666542053222656e+00 4.866443276405333918e-01 1.338164567947387695e+00 0.000000000000000000e+00 0.000000000000000000e+00 0.000000000000000000e+00 1.000000000000000000e+00
1.716365928139276028e+09 -9.005125999450683594e+00 5.475090146064758301e-01 1.330077886581420898e+00 0.000000000000000000e+00 0.000000000000000000e+00 0.000000000000000000e+00 1.000000000000000000e+00
1.716365928189580441e+09 -9.055117607116699219e+00 6.097226142883300781e-01 1.321858167648315430e+00 0.000000000000000000e+00 0.000000000000000000e+00 0.000000000000000000e+00 1.000000000000000000e+00
1.716365928290339231e+09 -9.155001640319824219e+00 7.335708737373352051e-01 1.305590748786926492e+00 0.000000000000000000e+00 0.000000000000000000e+00 0.000000000000000000e+00 1.000000000000000000e+00
1.716365928390615463e+09 -9.311541557312011719e+00 8.587526082992553711e-01 1.289355039596557617e+00 0.000000000000000000e+00 0.000000000000000000e+00 0.000000000000000000e+00 1.000000000000000000e+00
1.716365928441225052e+09 -9.363887786865234375e+00 9.195153713226318359e-01 1.282450795173645020e+00 0.000000000000000000e+00 0.000000000000000000e+00 0.000000000000000000e+00 1.000000000000000000e+00
1.716365928491616488e+09 -9.413900375366212714e+00 9.802269935607910156e-01 1.275749921798706055e+00 0.000000000000000000e+00 0.000000000000000000e+00 0.000000000000000000e+00 1.000000000000000000e+00
1.716365928591645241e+09 -9.576166152954101562e+00 1.103567838668823242e+00 1.262426137924194336e+00 0.000000000000000000e+00 0.000000000000000000e+00 0.000000000000000000e+00 1.000000000000000000e+00
1.716365928641783714e+09 -9.633489608764648438e+00 1.162959098815917969e+00 1.256755113601684570e+00 0.000000000000000000e+00 0.000000000000000000e+00 0.000000000000000000e+00 1.000000000000000000e+00
1.716365928692690611e+09 -9.686481475830078125e+00 1.222552657127380371e+00 1.251513957977294922e+00 0.000000000000000000e+00 0.000000000000000000e+00 0.000000000000000000e+00 1.000000000000000000e+00
1.716365928792869091e+09 -9.805976867675779474e+00 1.288087129592895508e+00 1.245256066322326882e+00 0.000000000000000000e+00 0.000000000000000000e+00 0.000000000000000000e+00 1.000000000000000000e+00
1.716365928843011618e+09 -9.909328460693359375e+00 1.402000427246093750e+00 1.235590100288391113e+00 0.000000000000000000e+00 0.000000000000000000e+00 0.000000000000000000e+00 1.000000000000000000e+00
1.716365928893415213e+09 -9.962093353271484375e+00 1.455896973609924316e+00 1.230806827545166016e+00 0.000000000000000000e+00 0.000000000000000000e+00 0.000000000000000000e+00 1.000000000000000000e+00
1.716365928943327427e+09 -1.001242637634277166e+01 1.511158108711242898e+00 1.226297855377197266e+00 0.000000000000000000e+00 0.000000000000000000e+00 0.000000000000000000e+00 1.000000000000000000e+00
1.716365929295127153e+09 -1.047830581665039062e+01 1.871811032295227051e+00 1.194793820381164551e+00 0.000000000000000000e+00 0.000000000000000000e+00 0.000000000000000000e+00 1.000000000000000000e+00
1.716365929345106840e+09 -1.052673721313476562e+01 1.918369650840759499e+00 1.191403031349181907e+00 0.000000000000000000e+00 0.000000000000000000e+00 0.000000000000000000e+00 1.000000000000000000e+00
1.716365929395364523e+09 -1.057297229766845525e+01 1.965116381645202415e+00 1.188207507133484109e+00 0.000000000000000000e+00 0.000000000000000000e+00 0.000000000000000000e+00 1.000000000000000000e+00
1.716365929445372343e+09 -1.067782020568847656e+01 2.023991346359252930e+00 1.183349013328552246e+00 0.000000000000000000e+00 0.000000000000000000e+00 0.000000000000000000e+00 1.000000000000000000e+00
1.716365929496490240e+09 -1.072320652008056641e+01 2.068539381027221680e+00 1.180652379989624023e+00 0.000000000000000000e+00 0.000000000000000000e+00 0.000000000000000000e+00 1.000000000000000000e+00
1.716365929545811415e+09 -1.076839447021484375e+01 2.113625288009643999e+00 1.178733229637145996e+00 0.000000000000000000e+00 0.000000000000000000e+00 0.000000000000000000e+00 1.000000000000000000e+00
1.716365929596373558e+09 -1.081419754028320312e+01 2.155034780502319780e+00 1.176815271377563699e+00 0.000000000000000000e+00 0.000000000000000000e+00 0.000000000000000000e+00 1.000000000000000000e+00
1.716365929696362495e+09 -1.095532608032226562e+01 2.243932962417602539e+00 1.172489285469055176e+00 0.000000000000000000e+00 0.000000000000000000e+00 0.000000000000000000e+00 1.000000000000000000e+00
1.716365929746598244e+09 -1.099923324584960938e+01 2.283426523208618164e+00 1.171000123023986816e+00 0.000000000000000000e+00 0.000000000000000000e+00 0.000000000000000000e+00 1.000000000000000000e+00
1.716365929796774387e+09 -1.104280185699462713e+01 2.324137926101685014e+00 1.169451832771301270e+00 0.000000000000000000e+00 0.000000000000000000e+00 0.000000000000000000e+00 1.000000000000000000e+00
1.716365929847150326e+09 -1.113515663146972834e+01 2.375364303588867188e+00 1.166904091835021973e+00 0.000000000000000000e+00 0.000000000000000000e+00 0.000000000000000000e+00 1.000000000000000000e+00
1.716365929897488594e+09 -1.117851257324218750e+01 2.416361331939697266e+00 1.166096925735473633e+00 0.000000000000000000e+00 0.000000000000000000e+00 0.000000000000000000e+00 1.000000000000000000e+00
1.716365929947440863e+09 -1.122118568420410156e+01 2.455431461334228516e+00 1.165446639060973899e+00 0.000000000000000000e+00 0.000000000000000000e+00 0.000000000000000000e+00 1.000000000000000000e+00
1.716365930047942162e+09 -1.135329723358154475e+01 2.543444871902465820e+00 1.163993716239929199e+00 0.000000000000000000e+00 0.000000000000000000e+00 0.000000000000000000e+00 1.000000000000000000e+00
1.716365930148731232e+09 -1.143756771087646484e+01 2.619791507720947710e+00 1.164731860160827637e+00 0.000000000000000000e+00 0.000000000000000000e+00 0.000000000000000000e+00 1.000000000000000000e+00
1.716365930198401690e+09 -1.148022937774658203e+01 2.657568216323852539e+00 1.165961146354675293e+00 0.000000000000000000e+00 0.000000000000000000e+00 0.000000000000000000e+00 1.000000000000000000e+00
1.716365930248666763e+09 -1.157040977478027166e+01 2.707004785537720171e+00 1.166111826896667703e+00 0.000000000000000000e+00 0.000000000000000000e+00 0.000000000000000000e+00 1.000000000000000000e+00
1.716365930298771858e+09 -1.161367130279541016e+01 2.746086359024047852e+00 1.167762041091918945e+00 0.000000000000000000e+00 0.000000000000000000e+00 0.000000000000000000e+00 1.000000000000000000e+00
1.716365930349060059e+09 -1.165718650817871271e+01 2.783794164657592773e+00 1.169155478477478027e+00 0.000000000000000000e+00 0.000000000000000000e+00 0.000000000000000000e+00 1.000000000000000000e+00
1.716365930399360657e+09 -1.169977474212646484e+01 2.820832729339600053e+00 1.170650839805603027e+00 0.000000000000000000e+00 0.000000000000000000e+00 0.000000000000000000e+00 1.000000000000000000e+00
1.716365930449440241e+09 -1.174259567260742188e+01 2.856641769409180132e+00 1.171824097633361816e+00 0.000000000000000000e+00 0.000000000000000000e+00 0.000000000000000000e+00 1.000000000000000000e+00
1.716365930499582052e+09 -1.183643627166748047e+01 2.906653165817260742e+00 1.171746611595153809e+00 0.000000000000000000e+00 0.000000000000000000e+00 0.000000000000000000e+00 1.000000000000000000e+00
1.716365930549924135e+09 -1.188054275512695135e+01 2.945191621780395508e+00 1.173262596130371094e+00 0.000000000000000000e+00 0.000000000000000000e+00 0.000000000000000000e+00 1.000000000000000000e+00
1.716365930600722313e+09 -1.192258262634277166e+01 2.983492851257324219e+00 1.174654483795166016e+00 0.000000000000000000e+00 0.000000000000000000e+00 0.000000000000000000e+00 1.000000000000000000e+00
1.716365930650536776e+09 -1.196639060974121271e+01 3.022751569747924805e+00 1.176371932029723899e+00 0.000000000000000000e+00 0.000000000000000000e+00 0.000000000000000000e+00 1.000000000000000000e+00
1.716365930700642109e+09 -1.205947780609130859e+01 3.074881315231323242e+00 1.177162289619445801e+00 0.000000000000000000e+00 0.000000000000000000e+00 0.000000000000000000e+00 1.000000000000000000e+00
1.716365930750908852e+09 -1.210507678985595525e+01 3.114737510681152344e+00 1.179100513458251953e+00 0.000000000000000000e+00 0.000000000000000000e+00 0.000000000000000000e+00 1.000000000000000000e+00
1.716365930801082611e+09 -1.214960765838623047e+01 3.154524803161621094e+00 1.181417465209960938e+00 0.000000000000000000e+00 0.000000000000000000e+00 0.000000000000000000e+00 1.000000000000000000e+00
1.716365930851804495e+09 -1.219597053527832031e+01 3.194985151290893555e+00 1.183875918388366699e+00 0.000000000000000000e+00 0.000000000000000000e+00 0.000000000000000000e+00 1.000000000000000000e+00
1.716365930901229143e+09 -1.229438304901123047e+01 3.249537467956542969e+00 1.184922695159912109e+00 0.000000000000000000e+00 0.000000000000000000e+00 0.000000000000000000e+00 1.000000000000000000e+00
1.716365930951515675e+09 -1.234044170379638850e+01 3.290688037872314453e+00 1.187585473060607910e+00 0.000000000000000000e+00 0.000000000000000000e+00 0.000000000000000000e+00 1.000000000000000000e+00
1.716365931001882076e+09 -1.238733386993408203e+01 3.332342863082885742e+00 1.190148234367370605e+00 0.000000000000000000e+00 0.000000000000000000e+00 0.000000000000000000e+00 1.000000000000000000e+00
1.716365931051792622e+09 -1.243475723266601562e+01 3.375598192214965820e+00 1.192441940307617188e+00 0.000000000000000000e+00 0.000000000000000000e+00 0.000000000000000000e+00 1.000000000000000000e+00
1.716365931102073431e+09 -1.253896903991699219e+01 3.434582710266113281e+00 1.193790197372436301e+00 0.000000000000000000e+00 0.000000000000000000e+00 0.000000000000000000e+00 1.000000000000000000e+00
1.716365931152350903e+09 -1.258538150787353516e+01 3.477228403091430664e+00 1.195976972579956055e+00 0.000000000000000000e+00 0.000000000000000000e+00 0.000000000000000000e+00 1.000000000000000000e+00
1.716365931202493429e+09 -1.263270950317382812e+01 3.520073175430297852e+00 1.198175549507141113e+00 0.000000000000000000e+00 0.000000000000000000e+00 0.000000000000000000e+00 1.000000000000000000e+00
1.716365931252606392e+09 -1.268038749694824219e+01 3.565172910690308061e+00 1.200792551040649414e+00 0.000000000000000000e+00 0.000000000000000000e+00 0.000000000000000000e+00 1.000000000000000000e+00
1.716365931302977085e+09 -1.277545356750488459e+01 3.655591964721680132e+00 1.205927133560180886e+00 0.000000000000000000e+00 0.000000000000000000e+00 0.000000000000000000e+00 1.000000000000000000e+00
1.716365931403641701e+09 -1.287949943542480469e+01 3.717373609542847124e+00 1.207773089408874290e+00 0.000000000000000000e+00 0.000000000000000000e+00 0.000000000000000000e+00 1.000000000000000000e+00
1.716365931453495741e+09 -1.292672061920166016e+01 3.763077735900878906e+00 1.211112022399902344e+00 0.000000000000000000e+00 0.000000000000000000e+00 0.000000000000000000e+00 1.000000000000000000e+00
1.716365931503567457e+09 -1.297568225860595525e+01 3.809713840484619141e+00 1.214617848396301270e+00 0.000000000000000000e+00 0.000000000000000000e+00 0.000000000000000000e+00 1.000000000000000000e+00
1.716365931553757191e+09 -1.302261161804199219e+01 3.855937004089355913e+00 1.218465805053710938e+00 0.000000000000000000e+00 0.000000000000000000e+00 0.000000000000000000e+00 1.000000000000000000e+00
1.716365931654163122e+09 -1.317483234405517578e+01 3.965346574783325195e+00 1.225144624710083008e+00 0.000000000000000000e+00 0.000000000000000000e+00 0.000000000000000000e+00 1.000000000000000000e+00
1.716365931704416990e+09 -1.322289657592773438e+01 4.010576248168945312e+00 1.229636430740356445e+00 0.000000000000000000e+00 0.000000000000000000e+00 0.000000000000000000e+00 1.000000000000000000e+00
1.716365931754609823e+09 -1.327017974853515625e+01 4.054712295532226562e+00 1.233967423439026101e+00 0.000000000000000000e+00 0.000000000000000000e+00 0.000000000000000000e+00 1.000000000000000000e+00
1.716365931855341196e+09 -1.337777042388916016e+01 4.116833686828613281e+00 1.237217903137207031e+00 0.000000000000000000e+00 0.000000000000000000e+00 0.000000000000000000e+00 1.000000000000000000e+00
1.716365931956044197e+09 -1.352357101440429688e+01 4.248299598693847656e+00 1.251254796981811523e+00 0.000000000000000000e+00 0.000000000000000000e+00 0.000000000000000000e+00 1.000000000000000000e+00
1.716365932055971146e+09 -1.362855434417724609e+01 4.307999610900878906e+00 1.254902482032776101e+00 0.000000000000000000e+00 0.000000000000000000e+00 0.000000000000000000e+00 1.000000000000000000e+00
1.716365932106057644e+09 -1.367659950256347656e+01 4.348644256591796875e+00 1.259696722030639648e+00 0.000000000000000000e+00 0.000000000000000000e+00 0.000000000000000000e+00 1.000000000000000000e+00
1.716365932156571388e+09 -1.377916622161865234e+01 4.428973197937011719e+00 1.269256353378295898e+00 0.000000000000000000e+00 0.000000000000000000e+00 0.000000000000000000e+00 1.000000000000000000e+00
1.716365932206551313e+09 -1.383057212829589844e+01 4.468561649322509766e+00 1.273739576339721680e+00 0.000000000000000000e+00 0.000000000000000000e+00 0.000000000000000000e+00 1.000000000000000000e+00
1.716365932256745577e+09 -1.387883758544922053e+01 4.507991313934326172e+00 1.278224706649780495e+00 0.000000000000000000e+00 0.000000000000000000e+00 0.000000000000000000e+00 1.000000000000000000e+00
1.716365932306996584e+09 -1.397938537597656250e+01 4.564369201660156250e+00 1.282088279724121094e+00 0.000000000000000000e+00 0.000000000000000000e+00 0.000000000000000000e+00 1.000000000000000000e+00
1.716365932357178211e+09 -1.402464771270751953e+01 4.603094577789306641e+00 1.286576747894287109e+00 0.000000000000000000e+00 0.000000000000000000e+00 0.000000000000000000e+00 1.000000000000000000e+00
1.716365932407250881e+09 -1.407035160064697266e+01 4.640370845794677734e+00 1.291144609451293945e+00 0.000000000000000000e+00 0.000000000000000000e+00 0.000000000000000000e+00 1.000000000000000000e+00
1.716365932457520962e+09 -1.411643314361572443e+01 4.676400661468505859e+00 1.295681953430175781e+00 0.000000000000000000e+00 0.000000000000000000e+00 0.000000000000000000e+00 1.000000000000000000e+00
1.716365932507772446e+09 -1.421441078186035156e+01 4.730597019195556641e+00 1.300232052803039551e+00 0.000000000000000000e+00 0.000000000000000000e+00 0.000000000000000000e+00 1.000000000000000000e+00
1.716365932557906151e+09 -1.425936126708984375e+01 4.766689300537109375e+00 1.305074334144592507e+00 0.000000000000000000e+00 0.000000000000000000e+00 0.000000000000000000e+00 1.000000000000000000e+00
1.716365932608437300e+09 -1.430110549926757812e+01 4.802817821502685547e+00 1.310042023658752441e+00 0.000000000000000000e+00 0.000000000000000000e+00 0.000000000000000000e+00 1.000000000000000000e+00
1.716365932659390688e+09 -1.434558391571044922e+01 4.840124130249023438e+00 1.314710378646850586e+00 0.000000000000000000e+00 0.000000000000000000e+00 0.000000000000000000e+00 1.000000000000000000e+00
1.716365932709252119e+09 -1.443158340454101562e+01 4.891895294189453125e+00 1.319097161293029785e+00 0.000000000000000000e+00 0.000000000000000000e+00 0.000000000000000000e+00 1.000000000000000000e+00
1.716365932759621382e+09 -1.447416496276855646e+01 4.928367614746093750e+00 1.323706984519958496e+00 0.000000000000000000e+00 0.000000000000000000e+00 0.000000000000000000e+00 1.000000000000000000e+00
1.716365932810270071e+09 -1.455332756042480469e+01 5.000043392181396484e+00 1.333220481872558594e+00 0.000000000000000000e+00 0.000000000000000000e+00 0.000000000000000000e+00 1.000000000000000000e+00
1.716365932910012484e+09 -1.463498687744140625e+01 5.051744461059570312e+00 1.337372064590454102e+00 0.000000000000000000e+00 0.000000000000000000e+00 0.000000000000000000e+00 1.000000000000000000e+00
1.716365932960216522e+09 -1.467405033111572443e+01 5.088817119598388672e+00 1.341369509696960449e+00 0.000000000000000000e+00 0.000000000000000000e+00 0.000000000000000000e+00 1.000000000000000000e+00
1.716365933010443687e+09 -1.471031856536865234e+01 5.127722740173339844e+00 1.345008850097656250e+00 0.000000000000000000e+00 0.000000000000000000e+00 0.000000000000000000e+00 1.000000000000000000e+00
1.716365933061119080e+09 -1.475034332275390625e+01 5.167878150939941406e+00 1.348466753959655762e+00 0.000000000000000000e+00 0.000000000000000000e+00 0.000000000000000000e+00 1.000000000000000000e+00
1.716365933111103773e+09 -1.478663158416748047e+01 5.206468105316162109e+00 1.351327180862426758e+00 0.000000000000000000e+00 0.000000000000000000e+00 0.000000000000000000e+00 1.000000000000000000e+00
1.716365933161056757e+09 -1.486510467529296875e+01 5.260608196258544922e+00 1.353342533111572488e+00 0.000000000000000000e+00 0.000000000000000000e+00 0.000000000000000000e+00 1.000000000000000000e+00
1.716365933211272717e+09 -1.493304347991943359e+01 5.338279724121093750e+00 1.358050465583801270e+00 0.000000000000000000e+00 0.000000000000000000e+00 0.000000000000000000e+00 1.000000000000000000e+00
1.716365933261630774e+09 -1.496697521209716797e+01 5.377044677734375000e+00 1.360531449317931907e+00 0.000000000000000000e+00 0.000000000000000000e+00 0.000000000000000000e+00 1.000000000000000000e+00
1.716365933412072182e+09 -1.504082298278808594e+01 5.428796291351318359e+00 1.362105727195739524e+00 0.000000000000000000e+00 0.000000000000000000e+00 0.000000000000000000e+00 1.000000000000000000e+00
1.716365933462268353e+09 -1.513777160644531250e+01 5.539829730987548828e+00 1.367975831031799094e+00 0.000000000000000000e+00 0.000000000000000000e+00 0.000000000000000000e+00 1.000000000000000000e+00
1.716365933512535572e+09 -1.516890048980712713e+01 5.576970100402832031e+00 1.369897365570068359e+00 0.000000000000000000e+00 0.000000000000000000e+00 0.000000000000000000e+00 1.000000000000000000e+00
1.716365933663054943e+09 -1.529977130889892578e+01 5.704596996307373047e+00 1.375980496406555176e+00 0.000000000000000000e+00 0.000000000000000000e+00 0.000000000000000000e+00 1.000000000000000000e+00
1.716365933763637304e+09 -1.532932090759277166e+01 5.739838600158691406e+00 1.378308653831481934e+00 0.000000000000000000e+00 0.000000000000000000e+00 0.000000000000000000e+00 1.000000000000000000e+00
1.716365933863840580e+09 -1.542600345611572443e+01 5.823759555816650391e+00 1.383195161819458008e+00 0.000000000000000000e+00 0.000000000000000000e+00 0.000000000000000000e+00 1.000000000000000000e+00
1.716365933913939476e+09 -1.545703601837158203e+01 5.857651233673095703e+00 1.385904788970947266e+00 0.000000000000000000e+00 0.000000000000000000e+00 0.000000000000000000e+00 1.000000000000000000e+00
1.716365933964250088e+09 -1.548781967163085938e+01 5.892118930816650391e+00 1.388250350952148438e+00 0.000000000000000000e+00 0.000000000000000000e+00 0.000000000000000000e+00 1.000000000000000000e+00
1.716365934014801741e+09 -1.555115413665771662e+01 5.939377307891845703e+00 1.390430808067321777e+00 0.000000000000000000e+00 0.000000000000000000e+00 0.000000000000000000e+00 1.000000000000000000e+00
1.716365934064671755e+09 -1.558018398284911932e+01 5.972679138183593750e+00 1.392925381660461426e+00 0.000000000000000000e+00 0.000000000000000000e+00 0.000000000000000000e+00 1.000000000000000000e+00
1.716365934114810944e+09 -1.563806152343750000e+01 6.033984184265136719e+00 1.398096561431884766e+00 0.000000000000000000e+00 0.000000000000000000e+00 0.000000000000000000e+00 1.000000000000000000e+00
1.716365934165054560e+09 -1.566669178009033203e+01 6.062578678131104404e+00 1.400635957717895508e+00 0.000000000000000000e+00 0.000000000000000000e+00 0.000000000000000000e+00 1.000000000000000000e+00
1.716365934265356302e+09 -1.575042629241943359e+01 6.128800392150878906e+00 1.404653549194335938e+00 0.000000000000000000e+00 0.000000000000000000e+00 0.000000000000000000e+00 1.000000000000000000e+00
1.716365934315750599e+09 -1.577578639984130859e+01 6.154633522033691406e+00 1.406551122665405273e+00 0.000000000000000000e+00 0.000000000000000000e+00 0.000000000000000000e+00 1.000000000000000000e+00
1.716365934366263866e+09 -1.579958057403564453e+01 6.178937435150146484e+00 1.407764911651611106e+00 0.000000000000000000e+00 0.000000000000000000e+00 0.000000000000000000e+00 1.000000000000000000e+00
1.716365934467106104e+09 -1.586920261383056641e+01 6.231513500213623047e+00 1.408981204032897949e+00 0.000000000000000000e+00 0.000000000000000000e+00 0.000000000000000000e+00 1.000000000000000000e+00
1.716365934567219019e+09 -1.591212272644042969e+01 6.267205238342285156e+00 1.410035371780395508e+00 0.000000000000000000e+00 0.000000000000000000e+00 0.000000000000000000e+00 1.000000000000000000e+00
1.716365934717685461e+09 -1.598976230621338068e+01 6.315671443939208984e+00 1.411686778068542480e+00 0.000000000000000000e+00 0.000000000000000000e+00 0.000000000000000000e+00 1.000000000000000000e+00
1.716365934768177748e+09 -1.600463104248046875e+01 6.324306488037109375e+00 1.412086963653564453e+00 0.000000000000000000e+00 0.000000000000000000e+00 0.000000000000000000e+00 1.000000000000000000e+00
1.716365934818325996e+09 -1.601973342895507812e+01 6.332355022430419922e+00 1.412740349769592507e+00 0.000000000000000000e+00 0.000000000000000000e+00 0.000000000000000000e+00 1.000000000000000000e+00
1.716365934918761492e+09 -1.605323600769042969e+01 6.348254680633544922e+00 1.413330912590026855e+00 0.000000000000000000e+00 0.000000000000000000e+00 0.000000000000000000e+00 1.000000000000000000e+00
1.716365934969050169e+09 -1.606175231933593750e+01 6.351193428039550781e+00 1.413460254669189675e+00 0.000000000000000000e+00 0.000000000000000000e+00 0.000000000000000000e+00 1.000000000000000000e+00
1.716365935020211935e+09 -1.606897735595703125e+01 6.351959705352783203e+00 1.413686990737915039e+00 0.000000000000000000e+00 0.000000000000000000e+00 0.000000000000000000e+00 1.000000000000000000e+00
1.716365935169784546e+09 -1.608090209960937500e+01 6.348996639251708984e+00 1.413954019546508789e+00 0.000000000000000000e+00 0.000000000000000000e+00 0.000000000000000000e+00 1.000000000000000000e+00
1.716365935220093250e+09 -1.608162879943847656e+01 6.338967800140380859e+00 1.413043260574340820e+00 0.000000000000000000e+00 0.000000000000000000e+00 0.000000000000000000e+00 1.000000000000000000e+00
1.716365935321511269e+09 -1.607470512390136719e+01 6.331986427307128906e+00 1.412869095802307129e+00 0.000000000000000000e+00 0.000000000000000000e+00 0.000000000000000000e+00 1.000000000000000000e+00
1.716365935370715618e+09 -1.606981658935546875e+01 6.325290203094482422e+00 1.412199854850769043e+00 0.000000000000000000e+00 0.000000000000000000e+00 0.000000000000000000e+00 1.000000000000000000e+00
1.716365935420781374e+09 -1.605590248107910156e+01 6.308738231658936435e+00 1.410768032073974609e+00 0.000000000000000000e+00 0.000000000000000000e+00 0.000000000000000000e+00 1.000000000000000000e+00
1.716365935521408081e+09 -1.602383804321289062e+01 6.286405086517333984e+00 1.408710598945617676e+00 0.000000000000000000e+00 0.000000000000000000e+00 0.000000000000000000e+00 1.000000000000000000e+00
1.716365935571328402e+09 -1.600942802429199219e+01 6.276571273803710938e+00 1.407114505767822488e+00 0.000000000000000000e+00 0.000000000000000000e+00 0.000000000000000000e+00 1.000000000000000000e+00
1.716365935671787024e+09 -1.597924232482910156e+01 6.257637023925781250e+00 1.404334902763366699e+00 0.000000000000000000e+00 0.000000000000000000e+00 0.000000000000000000e+00 1.000000000000000000e+00
1.716365935721982956e+09 -1.594204330444335938e+01 6.240170001983642578e+00 1.402996420860290305e+00 0.000000000000000000e+00 0.000000000000000000e+00 0.000000000000000000e+00 1.000000000000000000e+00
1.716365935772691965e+09 -1.592055988311767578e+01 6.229197025299072266e+00 1.401847600936889648e+00 0.000000000000000000e+00 0.000000000000000000e+00 0.000000000000000000e+00 1.000000000000000000e+00
1.716365935872833490e+09 -1.589699649810791016e+01 6.218044281005859375e+00 1.400430083274841309e+00 0.000000000000000000e+00 0.000000000000000000e+00 0.000000000000000000e+00 1.000000000000000000e+00
1.716365935922862291e+09 -1.582548904418945135e+01 6.189443111419677734e+00 1.397854089736938477e+00 0.000000000000000000e+00 0.000000000000000000e+00 0.000000000000000000e+00 1.000000000000000000e+00
1.716365935973563194e+09 -1.579852294921875000e+01 6.178757667541503906e+00 1.396716356277465820e+00 0.000000000000000000e+00 0.000000000000000000e+00 0.000000000000000000e+00 1.000000000000000000e+00
1.716365936023660898e+09 -1.577126598358154475e+01 6.168809890747070312e+00 1.395217180252075195e+00 0.000000000000000000e+00 0.000000000000000000e+00 0.000000000000000000e+00 1.000000000000000000e+00
1.716365936074421406e+09 -1.574268722534179688e+01 6.159499168395996094e+00 1.394005775451660156e+00 0.000000000000000000e+00 0.000000000000000000e+00 0.000000000000000000e+00 1.000000000000000000e+00
1.716365936124268770e+09 -1.568492221832275391e+01 6.139739513397216797e+00 1.395378470420837402e+00 0.000000000000000000e+00 0.000000000000000000e+00 0.000000000000000000e+00 1.000000000000000000e+00
1.716365936174330711e+09 -1.565274810791015625e+01 6.131377220153808594e+00 1.393941283226013184e+00 0.000000000000000000e+00 0.000000000000000000e+00 0.000000000000000000e+00 1.000000000000000000e+00
1.716365936224502563e+09 -1.562153530120849609e+01 6.123298168182373047e+00 1.392243742942810059e+00 0.000000000000000000e+00 0.000000000000000000e+00 0.000000000000000000e+00 1.000000000000000000e+00
1.716365936274878740e+09 -1.558874225616455078e+01 6.116505146026611328e+00 1.390509128570556641e+00 0.000000000000000000e+00 0.000000000000000000e+00 0.000000000000000000e+00 1.000000000000000000e+00
1.716365936325039625e+09 -1.555392742156982422e+01 6.109371185302734375e+00 1.388140559196472168e+00 0.000000000000000000e+00 0.000000000000000000e+00 0.000000000000000000e+00 1.000000000000000000e+00
1.716365936425569296e+09 -1.545313262939453125e+01 6.084166526794433594e+00 1.383630037307739258e+00 0.000000000000000000e+00 0.000000000000000000e+00 0.000000000000000000e+00 1.000000000000000000e+00
1.716365936475902557e+09 -1.541684532165527166e+01 6.078010559082031250e+00 1.380774140357971191e+00 0.000000000000000000e+00 0.000000000000000000e+00 0.000000000000000000e+00 1.000000000000000000e+00
1.716365936525728703e+09 -1.538014793395995916e+01 6.072887897491455078e+00 1.378028035163879395e+00 0.000000000000000000e+00 0.000000000000000000e+00 0.000000000000000000e+00 1.000000000000000000e+00
1.716365936626244545e+09 -1.527136898040771662e+01 6.051436424255371094e+00 1.371663331985473633e+00 0.000000000000000000e+00 0.000000000000000000e+00 0.000000000000000000e+00 1.000000000000000000e+00
1.716365936676402330e+09 -1.523230648040771662e+01 6.046785831451416016e+00 1.368003487586975098e+00 0.000000000000000000e+00 0.000000000000000000e+00 0.000000000000000000e+00 1.000000000000000000e+00
1.716365936726555347e+09 -1.519277477264404475e+01 6.040598869323730469e+00 1.364888906478881836e+00 0.000000000000000000e+00 0.000000000000000000e+00 0.000000000000000000e+00 1.000000000000000000e+00
1.716365936826797009e+09 -1.507826328277588068e+01 6.014477729797363281e+00 1.358423590660095215e+00 0.000000000000000000e+00 0.000000000000000000e+00 0.000000000000000000e+00 1.000000000000000000e+00
1.716365936877059937e+09 -1.503736495971679688e+01 6.008963108062744141e+00 1.354862928390502930e+00 0.000000000000000000e+00 0.000000000000000000e+00 0.000000000000000000e+00 1.000000000000000000e+00
1.716365936927139044e+09 -1.499526596069335938e+01 6.003736019134521484e+00 1.351237297058105691e+00 0.000000000000000000e+00 0.000000000000000000e+00 0.000000000000000000e+00 1.000000000000000000e+00
1.716365937027504683e+09 -1.487136459350585938e+01 5.979378223419189453e+00 1.344316482543945090e+00 0.000000000000000000e+00 0.000000000000000000e+00 0.000000000000000000e+00 1.000000000000000000e+00
1.716365937077630758e+09 -1.482878875732422053e+01 5.975262641906738281e+00 1.340648055076599121e+00 0.000000000000000000e+00 0.000000000000000000e+00 0.000000000000000000e+00 1.000000000000000000e+00
1.716365937127691507e+09 -1.478363132476806641e+01 5.969514369964599609e+00 1.337558388710021973e+00 0.000000000000000000e+00 0.000000000000000000e+00 0.000000000000000000e+00 1.000000000000000000e+00
1.716365937177853107e+09 -1.469898891448974609e+01 5.946687221527099609e+00 1.334779620170593262e+00 0.000000000000000000e+00 0.000000000000000000e+00 0.000000000000000000e+00 1.000000000000000000e+00
1.716365937228249550e+09 -1.465367317199707031e+01 5.938623905181884766e+00 1.331804871559143066e+00 0.000000000000000000e+00 0.000000000000000000e+00 0.000000000000000000e+00 1.000000000000000000e+00
1.716365937278216600e+09 -1.460950469970703125e+01 5.930377006530761719e+00 1.328924059867858887e+00 0.000000000000000000e+00 0.000000000000000000e+00 0.000000000000000000e+00 1.000000000000000000e+00
1.716365937328317404e+09 -1.456187438964843750e+01 5.920014858245849609e+00 1.326232790946960449e+00 0.000000000000000000e+00 0.000000000000000000e+00 0.000000000000000000e+00 1.000000000000000000e+00
1.716365937378471375e+09 -1.447522544860839844e+01 5.894093990325927734e+00 1.323772430419922097e+00 0.000000000000000000e+00 0.000000000000000000e+00 0.000000000000000000e+00 1.000000000000000000e+00
1.716365937428806305e+09 -1.442941379547119141e+01 5.884530544281005859e+00 1.320723176002502441e+00 0.000000000000000000e+00 0.000000000000000000e+00 0.000000000000000000e+00 1.000000000000000000e+00
1.716365937479036331e+09 -1.438389301300048828e+01 5.874264240264892578e+00 1.318429350852966309e+00 0.000000000000000000e+00 0.000000000000000000e+00 0.000000000000000000e+00 1.000000000000000000e+00
1.716365937529400587e+09 -1.433493137359619141e+01 5.861826419830322266e+00 1.316025733947753906e+00 0.000000000000000000e+00 0.000000000000000000e+00 0.000000000000000000e+00 1.000000000000000000e+00
1.716365937579229116e+09 -1.424321937561035156e+01 5.829787731170654297e+00 1.315216183662414551e+00 0.000000000000000000e+00 0.000000000000000000e+00 0.000000000000000000e+00 1.000000000000000000e+00
1.716365937629476070e+09 -1.419697475433349609e+01 5.815995693206787109e+00 1.313410520553588867e+00 0.000000000000000000e+00 0.000000000000000000e+00 0.000000000000000000e+00 1.000000000000000000e+00
1.716365937679611921e+09 -1.415116119384765625e+01 5.801166534423828125e+00 1.312270402908325195e+00 0.000000000000000000e+00 0.000000000000000000e+00 0.000000000000000000e+00 1.000000000000000000e+00
1.716365937729919195e+09 -1.410343933105468750e+01 5.785728454589843750e+00 1.311500191688537598e+00 0.000000000000000000e+00 0.000000000000000000e+00 0.000000000000000000e+00 1.000000000000000000e+00
1.716365937779997110e+09 -1.405579185485839844e+01 5.770106315612792969e+00 1.310852646827697754e+00 0.000000000000000000e+00 0.000000000000000000e+00 0.000000000000000000e+00 1.000000000000000000e+00
1.716365937931187153e+09 -1.386924266815185547e+01 5.692566394805908203e+00 1.310172080993652344e+00 0.000000000000000000e+00 0.000000000000000000e+00 0.000000000000000000e+00 1.000000000000000000e+00
1.716365938031661034e+09 -1.378107738494873047e+01 5.649237632751464844e+00 1.309573054313659668e+00 0.000000000000000000e+00 0.000000000000000000e+00 0.000000000000000000e+00 1.000000000000000000e+00
1.716365938132076979e+09 -1.364213943481445135e+01 5.582120418548583984e+00 1.309519052505493164e+00 0.000000000000000000e+00 0.000000000000000000e+00 0.000000000000000000e+00 1.000000000000000000e+00
1.716365938182351351e+09 -1.359649848937988459e+01 5.556339263916015625e+00 1.309559226036071777e+00 0.000000000000000000e+00 0.000000000000000000e+00 0.000000000000000000e+00 1.000000000000000000e+00
1.716365938232599497e+09 -1.355178070068359375e+01 5.530926227569580078e+00 1.309291005134582297e+00 0.000000000000000000e+00 0.000000000000000000e+00 0.000000000000000000e+00 1.000000000000000000e+00
1.716365938282707453e+09 -1.345913314819335938e+01 5.485335350036621094e+00 1.309487938880920410e+00 0.000000000000000000e+00 0.000000000000000000e+00 0.000000000000000000e+00 1.000000000000000000e+00
1.716365938332810402e+09 -1.341267776489257812e+01 5.458859920501708984e+00 1.308938503265380859e+00 0.000000000000000000e+00 0.000000000000000000e+00 0.000000000000000000e+00 1.000000000000000000e+00
1.716365938383032084e+09 -1.336763668060302734e+01 5.431550979614257812e+00 1.308362007141113281e+00 0.000000000000000000e+00 0.000000000000000000e+00 0.000000000000000000e+00 1.000000000000000000e+00
1.716365938433144331e+09 -1.332172012329101562e+01 5.403721332550048828e+00 1.307678461074829102e+00 0.000000000000000000e+00 0.000000000000000000e+00 0.000000000000000000e+00 1.000000000000000000e+00
1.716365938483461857e+09 -1.322582817077636719e+01 5.352775096893311435e+00 1.307867288589477539e+00 0.000000000000000000e+00 0.000000000000000000e+00 0.000000000000000000e+00 1.000000000000000000e+00
1.716365938533587217e+09 -1.318095207214355646e+01 5.322352886199951172e+00 1.307618498802185059e+00 0.000000000000000000e+00 0.000000000000000000e+00 0.000000000000000000e+00 1.000000000000000000e+00
1.716365938583773136e+09 -1.313591957092285156e+01 5.289618015289306641e+00 1.307370781898498313e+00 0.000000000000000000e+00 0.000000000000000000e+00 0.000000000000000000e+00 1.000000000000000000e+00
1.716365938634454012e+09 -1.309221649169922053e+01 5.256225585937500000e+00 1.307203650474548340e+00 0.000000000000000000e+00 0.000000000000000000e+00 0.000000000000000000e+00 1.000000000000000000e+00
1.716365938684086323e+09 -1.299578762054443359e+01 5.201125144958496094e+00 1.307384610176086426e+00 0.000000000000000000e+00 0.000000000000000000e+00 0.000000000000000000e+00 1.000000000000000000e+00
1.716365938734367371e+09 -1.295007610321044922e+01 5.167285442352294922e+00 1.307311296463012695e+00 0.000000000000000000e+00 0.000000000000000000e+00 0.000000000000000000e+00 1.000000000000000000e+00
1.716365938784520388e+09 -1.290617370605468750e+01 5.134260654449462891e+00 1.306989192962646484e+00 0.000000000000000000e+00 0.000000000000000000e+00 0.000000000000000000e+00 1.000000000000000000e+00
1.716365938834810734e+09 -1.285957813262939631e+01 5.099829196929931641e+00 1.306122779846191406e+00 0.000000000000000000e+00 0.000000000000000000e+00 0.000000000000000000e+00 1.000000000000000000e+00
1.716365938885082006e+09 -1.276576995849609375e+01 5.046095371246337891e+00 1.306708216667175293e+00 0.000000000000000000e+00 0.000000000000000000e+00 0.000000000000000000e+00 1.000000000000000000e+00
1.716365938935354710e+09 -1.271958637237548828e+01 5.010526657104492188e+00 1.305860757827758789e+00 0.000000000000000000e+00 0.000000000000000000e+00 0.000000000000000000e+00 1.000000000000000000e+00
1.716365938985555649e+09 -1.267582702636718750e+01 4.974204540252685547e+00 1.305025100708007812e+00 0.000000000000000000e+00 0.000000000000000000e+00 0.000000000000000000e+00 1.000000000000000000e+00
1.716365939035760403e+09 -1.263064956665039062e+01 4.935955047607421875e+00 1.304233789443969505e+00 0.000000000000000000e+00 0.000000000000000000e+00 0.000000000000000000e+00 1.000000000000000000e+00
1.716365939085912943e+09 -1.253436946868896484e+01 4.877312660217285156e+00 1.304457187652587891e+00 0.000000000000000000e+00 0.000000000000000000e+00 0.000000000000000000e+00 1.000000000000000000e+00
1.716365939136242151e+09 -1.249024772644042969e+01 4.838974475860595703e+00 1.304314732551574707e+00 0.000000000000000000e+00 0.000000000000000000e+00 0.000000000000000000e+00 1.000000000000000000e+00
1.716365939186345577e+09 -1.244572639465332031e+01 4.801586151123046875e+00 1.304050564765930176e+00 0.000000000000000000e+00 0.000000000000000000e+00 0.000000000000000000e+00 1.000000000000000000e+00
1.716365939236683846e+09 -1.239925193786621271e+01 4.763617992401123047e+00 1.303510904312133789e+00 0.000000000000000000e+00 0.000000000000000000e+00 0.000000000000000000e+00 1.000000000000000000e+00
1.716365939337166309e+09 -1.230565929412841797e+01 4.691944122314453125e+00 1.302045226097106934e+00 0.000000000000000000e+00 0.000000000000000000e+00 0.000000000000000000e+00 1.000000000000000000e+00
1.716365939387437105e+09 -1.221059131622314453e+01 4.638075351715087891e+00 1.302000880241394043e+00 0.000000000000000000e+00 0.000000000000000000e+00 0.000000000000000000e+00 1.000000000000000000e+00
1.716365939437667131e+09 -1.216694641113281250e+01 4.603625774383544922e+00 1.300667285919189675e+00 0.000000000000000000e+00 0.000000000000000000e+00 0.000000000000000000e+00 1.000000000000000000e+00
1.716365939488259554e+09 -1.212241554260254084e+01 4.568644046783447266e+00 1.299815893173217773e+00 0.000000000000000000e+00 0.000000000000000000e+00 0.000000000000000000e+00 1.000000000000000000e+00
1.716365939538292646e+09 -1.207591915130615234e+01 4.533122539520263672e+00 1.298396110534667969e+00 0.000000000000000000e+00 0.000000000000000000e+00 0.000000000000000000e+00 1.000000000000000000e+00
1.716365939638729811e+09 -1.193652153015136719e+01 4.446104049682617188e+00 1.296322941780090332e+00 0.000000000000000000e+00 0.000000000000000000e+00 0.000000000000000000e+00 1.000000000000000000e+00
1.716365939689075947e+09 -1.189229393005371271e+01 4.412880897521972656e+00 1.294483184814453125e+00 0.000000000000000000e+00 0.000000000000000000e+00 0.000000000000000000e+00 1.000000000000000000e+00
1.716365939739248276e+09 -1.184794044494628729e+01 4.379951477050781250e+00 1.292858958244323508e+00 0.000000000000000000e+00 0.000000000000000000e+00 0.000000000000000000e+00 1.000000000000000000e+00
1.716365939839696169e+09 -1.170824813842773438e+01 4.299012184143066406e+00 1.289965748786926492e+00 0.000000000000000000e+00 0.000000000000000000e+00 0.000000000000000000e+00 1.000000000000000000e+00
1.716365939939968109e+09 -1.166101169586181641e+01 4.267971038818359375e+00 1.288192391395568848e+00 0.000000000000000000e+00 0.000000000000000000e+00 0.000000000000000000e+00 1.000000000000000000e+00
1.716365939990311623e+09 -1.156702613830566406e+01 4.219162464141845703e+00 1.287178874015808105e+00 0.000000000000000000e+00 0.000000000000000000e+00 0.000000000000000000e+00 1.000000000000000000e+00
1.716365940040508270e+09 -1.151876163482666016e+01 4.187936782836914062e+00 1.285349607467651367e+00 0.000000000000000000e+00 0.000000000000000000e+00 0.000000000000000000e+00 1.000000000000000000e+00
1.716365940090563536e+09 -1.142560863494873047e+01 4.124829769134521484e+00 1.281394839286804199e+00 0.000000000000000000e+00 0.000000000000000000e+00 0.000000000000000000e+00 1.000000000000000000e+00
1.716365940140798569e+09 -1.137792587280273438e+01 4.091836452484130859e+00 1.279168009757995605e+00 0.000000000000000000e+00 0.000000000000000000e+00 0.000000000000000000e+00 1.000000000000000000e+00
1.716365940241314650e+09 -1.128086662292480469e+01 4.039468765258789062e+00 1.277489542961120605e+00 0.000000000000000000e+00 0.000000000000000000e+00 0.000000000000000000e+00 1.000000000000000000e+00
1.716365940291458845e+09 -1.118682861328125000e+01 3.966394186019897461e+00 1.272102832794189675e+00 0.000000000000000000e+00 0.000000000000000000e+00 0.000000000000000000e+00 1.000000000000000000e+00
1.716365940341727495e+09 -1.114444446563720881e+01 3.930085897445679155e+00 1.268944263458251953e+00 0.000000000000000000e+00 0.000000000000000000e+00 0.000000000000000000e+00 1.000000000000000000e+00
1.716365940391845703e+09 -1.109676361083984375e+01 3.890633583068848100e+00 1.265666604042053223e+00 0.000000000000000000e+00 0.000000000000000000e+00 0.000000000000000000e+00 1.000000000000000000e+00
1.716365940442306042e+09 -1.099827384948730469e+01 3.832775354385375977e+00 1.263182282447814941e+00 0.000000000000000000e+00 0.000000000000000000e+00 0.000000000000000000e+00 1.000000000000000000e+00
1.716365940492094994e+09 -1.095306396484375000e+01 3.792034149169921875e+00 1.259742736816406250e+00 0.000000000000000000e+00 0.000000000000000000e+00 0.000000000000000000e+00 1.000000000000000000e+00
1.716365940544124126e+09 -1.090913295745849609e+01 3.750471591949462891e+00 1.255880951881408691e+00 0.000000000000000000e+00 0.000000000000000000e+00 0.000000000000000000e+00 1.000000000000000000e+00
1.716365940592549324e+09 -1.086401462554931641e+01 3.706039428710937500e+00 1.252361297607422097e+00 0.000000000000000000e+00 0.000000000000000000e+00 0.000000000000000000e+00 1.000000000000000000e+00
1.716365940692849874e+09 -1.071666812896728338e+01 3.598154783248901367e+00 1.246420860290527122e+00 0.000000000000000000e+00 0.000000000000000000e+00 0.000000000000000000e+00 1.000000000000000000e+00
1.716365940743310690e+09 -1.067044925689697266e+01 3.550039768218994141e+00 1.242833018302917703e+00 0.000000000000000000e+00 0.000000000000000000e+00 0.000000000000000000e+00 1.000000000000000000e+00
1.716365940793596268e+09 -1.062648868560791016e+01 3.501158237457275391e+00 1.238935470581054910e+00 0.000000000000000000e+00 0.000000000000000000e+00 0.000000000000000000e+00 1.000000000000000000e+00
1.716365941145154953e+09 -1.019645500183105646e+01 3.088335037231445312e+00 1.222820639610290305e+00 0.000000000000000000e+00 0.000000000000000000e+00 0.000000000000000000e+00 1.000000000000000000e+00
1.716365941195287466e+09 -1.015189933776855646e+01 3.031521320343017578e+00 1.222252488136291504e+00 0.000000000000000000e+00 0.000000000000000000e+00 0.000000000000000000e+00 1.000000000000000000e+00
1.716365941245529175e+09 -1.010613155364990234e+01 2.974728345870972124e+00 1.222042202949523926e+00 0.000000000000000000e+00 0.000000000000000000e+00 0.000000000000000000e+00 1.000000000000000000e+00
1.716365941345966578e+09 -1.000071907043457031e+01 2.904134511947631836e+00 1.224034667015075684e+00 0.000000000000000000e+00 0.000000000000000000e+00 0.000000000000000000e+00 1.000000000000000000e+00
1.716365941396218777e+09 -9.909410476684570312e+00 2.790577888488769087e+00 1.224915981292724609e+00 0.000000000000000000e+00 0.000000000000000000e+00 0.000000000000000000e+00 1.000000000000000000e+00
1.716365941546977997e+09 -9.713066101074220526e+00 2.595196962356567383e+00 1.225932240486145020e+00 0.000000000000000000e+00 0.000000000000000000e+00 0.000000000000000000e+00 1.000000000000000000e+00
1.716365941597194195e+09 -9.667699813842771661e+00 2.535846233367919922e+00 1.224912405014038086e+00 0.000000000000000000e+00 0.000000000000000000e+00 0.000000000000000000e+00 1.000000000000000000e+00
1.716365941647485733e+09 -9.620142936706544745e+00 2.476137876510620117e+00 1.223951697349548340e+00 0.000000000000000000e+00 0.000000000000000000e+00 0.000000000000000000e+00 1.000000000000000000e+00
1.716365941697373629e+09 -9.517291069030761719e+00 2.401802539825439453e+00 1.224507093429565430e+00 0.000000000000000000e+00 0.000000000000000000e+00 0.000000000000000000e+00 1.000000000000000000e+00
1.716365941747720957e+09 -9.471524238586425781e+00 2.341347455978393555e+00 1.223252773284912109e+00 0.000000000000000000e+00 0.000000000000000000e+00 0.000000000000000000e+00 1.000000000000000000e+00
1.716365941797957659e+09 -9.426652908325195312e+00 2.280452728271484375e+00 1.222005248069763184e+00 0.000000000000000000e+00 0.000000000000000000e+00 0.000000000000000000e+00 1.000000000000000000e+00
1.716365941848225594e+09 -9.377737045288085938e+00 2.218189954757690430e+00 1.220592260360717773e+00 0.000000000000000000e+00 0.000000000000000000e+00 0.000000000000000000e+00 1.000000000000000000e+00
1.716365941898328543e+09 -9.273653030395507812e+00 2.140447139739990234e+00 1.220611095428466797e+00 0.000000000000000000e+00 0.000000000000000000e+00 0.000000000000000000e+00 1.000000000000000000e+00
1.716365941998777866e+09 -9.180595397949220526e+00 2.015880584716796875e+00 1.216723442077636719e+00 0.000000000000000000e+00 0.000000000000000000e+00 0.000000000000000000e+00 1.000000000000000000e+00
1.716365942049200296e+09 -9.127219200134275567e+00 1.950104594230652078e+00 1.214432477951049805e+00 0.000000000000000000e+00 0.000000000000000000e+00 0.000000000000000000e+00 1.000000000000000000e+00
1.716365942099771023e+09 -9.081521034240724433e+00 1.885141849517822488e+00 1.211548805236816406e+00 0.000000000000000000e+00 0.000000000000000000e+00 0.000000000000000000e+00 1.000000000000000000e+00
1.716365942149576902e+09 -9.033658027648925781e+00 1.819133281707763894e+00 1.208443999290466309e+00 0.000000000000000000e+00 0.000000000000000000e+00 0.000000000000000000e+00 1.000000000000000000e+00
1.716365942199722528e+09 -8.929798126220703125e+00 1.740800380706787109e+00 1.206646800041198730e+00 0.000000000000000000e+00 0.000000000000000000e+00 0.000000000000000000e+00 1.000000000000000000e+00
1.716365942250012398e+09 -8.883566856384277344e+00 1.673188209533691406e+00 1.203205585479736328e+00 0.000000000000000000e+00 0.000000000000000000e+00 0.000000000000000000e+00 1.000000000000000000e+00
1.716365942300425529e+09 -8.838221549987792969e+00 1.604085564613342507e+00 1.199071407318115234e+00 0.000000000000000000e+00 0.000000000000000000e+00 0.000000000000000000e+00 1.000000000000000000e+00
1.716365942350530624e+09 -8.734146118164062500e+00 1.526187777519226074e+00 1.196996569633484109e+00 0.000000000000000000e+00 0.000000000000000000e+00 0.000000000000000000e+00 1.000000000000000000e+00
1.716365942400791645e+09 -8.686976432800292969e+00 1.457046866416931152e+00 1.192896842956542969e+00 0.000000000000000000e+00 0.000000000000000000e+00 0.000000000000000000e+00 1.000000000000000000e+00
1.716365942451490879e+09 -8.640522956848144531e+00 1.386954307556152344e+00 1.188005208969116211e+00 0.000000000000000000e+00 0.000000000000000000e+00 0.000000000000000000e+00 1.000000000000000000e+00
1.716365942500954628e+09 -8.594022750854492188e+00 1.314181447029113770e+00 1.182839393615722878e+00 0.000000000000000000e+00 0.000000000000000000e+00 0.000000000000000000e+00 1.000000000000000000e+00
1.716365942551559210e+09 -8.490950584411621094e+00 1.231213450431823508e+00 1.179823160171508789e+00 0.000000000000000000e+00 0.000000000000000000e+00 0.000000000000000000e+00 1.000000000000000000e+00
1.716365942601346731e+09 -8.443731307983398438e+00 1.156294465065002441e+00 1.174746274948119895e+00 0.000000000000000000e+00 0.000000000000000000e+00 0.000000000000000000e+00 1.000000000000000000e+00
1.716365942651613712e+09 -8.397286415100097656e+00 1.078805804252624290e+00 1.169275760650634766e+00 0.000000000000000000e+00 0.000000000000000000e+00 0.000000000000000000e+00 1.000000000000000000e+00
1.716365942701812029e+09 -8.349810600280761719e+00 1.004810929298400879e+00 1.163638472557068093e+00 0.000000000000000000e+00 0.000000000000000000e+00 0.000000000000000000e+00 1.000000000000000000e+00
1.716365942751927853e+09 -8.248832702636718750e+00 9.184901714324952282e-01 1.159411907196044922e+00 0.000000000000000000e+00 0.000000000000000000e+00 0.000000000000000000e+00 1.000000000000000000e+00
1.716365942802217245e+09 -8.202258110046386719e+00 8.436079025268554688e-01 1.153215885162353516e+00 0.000000000000000000e+00 0.000000000000000000e+00 0.000000000000000000e+00 1.000000000000000000e+00
1.716365942852367163e+09 -8.154438972473144531e+00 7.646997570991516113e-01 1.146574616432189941e+00 0.000000000000000000e+00 0.000000000000000000e+00 0.000000000000000000e+00 1.000000000000000000e+00
1.716365942902541637e+09 -8.108045578002929688e+00 6.844568252563476562e-01 1.139615416526794434e+00 0.000000000000000000e+00 0.000000000000000000e+00 0.000000000000000000e+00 1.000000000000000000e+00
1.716365942952836275e+09 -8.056090354919433594e+00 6.021150946617126465e-01 1.133204221725464089e+00 0.000000000000000000e+00 0.000000000000000000e+00 0.000000000000000000e+00 1.000000000000000000e+00
1.716365943002975225e+09 -7.962533950805664062e+00 5.164824128150939941e-01 1.128615736961364746e+00 0.000000000000000000e+00 0.000000000000000000e+00 0.000000000000000000e+00 1.000000000000000000e+00
1.716365943053058147e+09 -7.918067455291748047e+00 4.329995214939116877e-01 1.121439218521118164e+00 0.000000000000000000e+00 0.000000000000000000e+00 0.000000000000000000e+00 1.000000000000000000e+00
1.716365943104457378e+09 -7.878850460052490234e+00 3.492447435855864923e-01 1.115624308586120605e+00 0.000000000000000000e+00 0.000000000000000000e+00 0.000000000000000000e+00 1.000000000000000000e+00
1.716365943153533220e+09 -7.776848793029785156e+00 2.622555494308471125e-01 1.111285209655761497e+00 0.000000000000000000e+00 0.000000000000000000e+00 0.000000000000000000e+00 1.000000000000000000e+00
1.716365943203992367e+09 -7.732898235321044922e+00 1.758661568164824884e-01 1.104642152786254883e+00 0.000000000000000000e+00 0.000000000000000000e+00 0.000000000000000000e+00 1.000000000000000000e+00
1.716365943253808975e+09 -7.685989379882812500e+00 8.856668323278420185e-02 1.097715139389038086e+00 0.000000000000000000e+00 0.000000000000000000e+00 0.000000000000000000e+00 1.000000000000000000e+00
1.716365943304030657e+09 -7.636121273040771484e+00 9.538856684230000204e-04 1.091447353363037109e+00 0.000000000000000000e+00 0.000000000000000000e+00 0.000000000000000000e+00 1.000000000000000000e+00
1.716365943354207993e+09 -7.580252647399902344e+00 -8.668084442615499319e-02 1.085614323616027832e+00 0.000000000000000000e+00 0.000000000000000000e+00 0.000000000000000000e+00 1.000000000000000000e+00
1.716365943404914618e+09 -7.485479831695556641e+00 -1.735527366399765015e-01 1.083166718482971191e+00 0.000000000000000000e+00 0.000000000000000000e+00 0.000000000000000000e+00 1.000000000000000000e+00
1.716365943455220222e+09 -7.437597274780273438e+00 -2.620492577552794855e-01 1.079139828681945801e+00 0.000000000000000000e+00 0.000000000000000000e+00 0.000000000000000000e+00 1.000000000000000000e+00
1.716365943505379915e+09 -7.390601634979248047e+00 -3.518156707286834162e-01 1.075852513313293679e+00 0.000000000000000000e+00 0.000000000000000000e+00 0.000000000000000000e+00 1.000000000000000000e+00
1.716365943555550098e+09 -7.341506958007811612e+00 -4.419790208339691162e-01 1.073931455612182617e+00 0.000000000000000000e+00 0.000000000000000000e+00 0.000000000000000000e+00 1.000000000000000000e+00
1.716365943606025457e+09 -7.249310970306396484e+00 -5.308960080146789551e-01 1.074978828430175781e+00 0.000000000000000000e+00 0.000000000000000000e+00 0.000000000000000000e+00 1.000000000000000000e+00
1.716365943706138849e+09 -7.196770191192626953e+00 -6.226732730865478516e-01 1.075023055076599121e+00 0.000000000000000000e+00 0.000000000000000000e+00 0.000000000000000000e+00 1.000000000000000000e+00
1.716365943756432295e+09 -7.091439247131347656e+00 -8.028660416603088379e-01 1.078996777534484863e+00 0.000000000000000000e+00 0.000000000000000000e+00 0.000000000000000000e+00 1.000000000000000000e+00
1.716365943806563616e+09 -7.037522792816162109e+00 -8.843629956245422363e-01 1.082511425018310325e+00 0.000000000000000000e+00 0.000000000000000000e+00 0.000000000000000000e+00 1.000000000000000000e+00
1.716365943856892109e+09 -6.980898380279541016e+00 -9.705659151077270508e-01 1.086875677108764648e+00 0.000000000000000000e+00 0.000000000000000000e+00 0.000000000000000000e+00 1.000000000000000000e+00
1.716365944007339716e+09 -6.790380001068115234e+00 -1.129001617431640625e+00 1.101404190063476562e+00 0.000000000000000000e+00 0.000000000000000000e+00 0.000000000000000000e+00 1.000000000000000000e+00
1.716365944057615519e+09 -6.709692001342773438e+00 -1.303127050399780495e+00 1.111321806907653809e+00 0.000000000000000000e+00 0.000000000000000000e+00 0.000000000000000000e+00 1.000000000000000000e+00
1.716365944107778072e+09 -6.617218494415283203e+00 -1.378836512565612793e+00 1.118627190589904785e+00 0.000000000000000000e+00 0.000000000000000000e+00 0.000000000000000000e+00 1.000000000000000000e+00
1.716365944158044577e+09 -6.559860229492188388e+00 -1.460968971252441406e+00 1.124041199684143066e+00 0.000000000000000000e+00 0.000000000000000000e+00 0.000000000000000000e+00 1.000000000000000000e+00
1.716365944208270073e+09 -6.502383232116699219e+00 -1.542213082313537598e+00 1.128634929656982422e+00 0.000000000000000000e+00 0.000000000000000000e+00 0.000000000000000000e+00 1.000000000000000000e+00
1.716365944258547544e+09 -6.440921783447265625e+00 -1.621736168861389160e+00 1.133150815963745117e+00 0.000000000000000000e+00 0.000000000000000000e+00 0.000000000000000000e+00 1.000000000000000000e+00
1.716365944308687925e+09 -6.341863155364990234e+00 -1.689852237701416016e+00 1.138890266418457031e+00 0.000000000000000000e+00 0.000000000000000000e+00 0.000000000000000000e+00 1.000000000000000000e+00
1.716365944409231186e+09 -6.281078338623046875e+00 -1.771990895271301270e+00 1.141875982284545898e+00 0.000000000000000000e+00 0.000000000000000000e+00 0.000000000000000000e+00 1.000000000000000000e+00
1.716365944459504366e+09 -6.159309864044189453e+00 -1.919341206550597922e+00 1.147383689880371094e+00 0.000000000000000000e+00 0.000000000000000000e+00 0.000000000000000000e+00 1.000000000000000000e+00
1.716365944509392977e+09 -6.099785804748535156e+00 -1.994299769401550293e+00 1.150060772895812988e+00 0.000000000000000000e+00 0.000000000000000000e+00 0.000000000000000000e+00 1.000000000000000000e+00
1.716365944609983921e+09 -6.005768775939941406e+00 -2.061142206192016602e+00 1.153501033782958984e+00 0.000000000000000000e+00 0.000000000000000000e+00 0.000000000000000000e+00 1.000000000000000000e+00
1.716365944660235405e+09 -5.883809566497802734e+00 -2.199793100357056108e+00 1.154732465744018555e+00 0.000000000000000000e+00 0.000000000000000000e+00 0.000000000000000000e+00 1.000000000000000000e+00
1.716365944710318804e+09 -5.820528507232666016e+00 -2.275409221649169922e+00 1.153614997863769531e+00 0.000000000000000000e+00 0.000000000000000000e+00 0.000000000000000000e+00 1.000000000000000000e+00
1.716365944760578394e+09 -5.734127521514892578e+00 -2.329901933670043945e+00 1.153586864471435547e+00 0.000000000000000000e+00 0.000000000000000000e+00 0.000000000000000000e+00 1.000000000000000000e+00
1.716365944810652018e+09 -5.669713020324707031e+00 -2.398683786392211914e+00 1.151524305343627930e+00 0.000000000000000000e+00 0.000000000000000000e+00 0.000000000000000000e+00 1.000000000000000000e+00
1.716365944861149073e+09 -5.605062484741210938e+00 -2.467167854309082031e+00 1.148268461227416992e+00 0.000000000000000000e+00 0.000000000000000000e+00 0.000000000000000000e+00 1.000000000000000000e+00
1.716365944911111355e+09 -5.483243465423583984e+00 -2.607208967208862305e+00 1.140784859657287598e+00 0.000000000000000000e+00 0.000000000000000000e+00 0.000000000000000000e+00 1.000000000000000000e+00
1.716365945011567354e+09 -5.333347320556640625e+00 -2.731099843978881836e+00 1.132861614227294922e+00 0.000000000000000000e+00 0.000000000000000000e+00 0.000000000000000000e+00 1.000000000000000000e+00
1.716365945061693192e+09 -5.270101547241210938e+00 -2.797533512115478516e+00 1.127340197563171387e+00 0.000000000000000000e+00 0.000000000000000000e+00 0.000000000000000000e+00 1.000000000000000000e+00
1.716365945162156582e+09 -5.205935955047607422e+00 -2.864914417266845703e+00 1.121240735054015891e+00 0.000000000000000000e+00 0.000000000000000000e+00 0.000000000000000000e+00 1.000000000000000000e+00
1.716365945262458086e+09 -5.055066108703613281e+00 -2.984386682510375977e+00 1.108959317207336426e+00 0.000000000000000000e+00 0.000000000000000000e+00 0.000000000000000000e+00 1.000000000000000000e+00
1.716365945312728882e+09 -4.929552555084228516e+00 -3.107521057128906250e+00 1.094737291336059570e+00 0.000000000000000000e+00 0.000000000000000000e+00 0.000000000000000000e+00 1.000000000000000000e+00
1.716365945413260221e+09 -4.865152835845947266e+00 -3.169878005981445312e+00 1.086857557296752930e+00 0.000000000000000000e+00 0.000000000000000000e+00 0.000000000000000000e+00 1.000000000000000000e+00
1.716365945463605642e+09 -4.717968940734863281e+00 -3.282534122467041016e+00 1.072099328041076882e+00 0.000000000000000000e+00 0.000000000000000000e+00 0.000000000000000000e+00 1.000000000000000000e+00
1.716365945513476610e+09 -4.651279449462890625e+00 -3.342825174331665039e+00 1.063864111900329590e+00 0.000000000000000000e+00 0.000000000000000000e+00 0.000000000000000000e+00 1.000000000000000000e+00
1.716365945564022541e+09 -4.583613872528076172e+00 -3.402147531509399414e+00 1.055670142173767090e+00 0.000000000000000000e+00 0.000000000000000000e+00 0.000000000000000000e+00 1.000000000000000000e+00
1.716365945664261818e+09 -4.515699863433837891e+00 -3.461176633834838867e+00 1.047391891479492188e+00 0.000000000000000000e+00 0.000000000000000000e+00 0.000000000000000000e+00 1.000000000000000000e+00
1.716365945714168310e+09 -4.361485958099365234e+00 -3.569868326187133789e+00 1.031448602676391602e+00 0.000000000000000000e+00 0.000000000000000000e+00 0.000000000000000000e+00 1.000000000000000000e+00
1.716365945764433861e+09 -4.297194004058837891e+00 -3.622713804244995117e+00 1.023501753807068093e+00 0.000000000000000000e+00 0.000000000000000000e+00 0.000000000000000000e+00 1.000000000000000000e+00
1.716365945814727068e+09 -4.227948188781738281e+00 -3.677804470062255859e+00 1.014876365661621094e+00 0.000000000000000000e+00 0.000000000000000000e+00 0.000000000000000000e+00 1.000000000000000000e+00
1.716365945915062666e+09 -4.148622512817382812e+00 -3.724183797836304155e+00 1.007334351539611816e+00 0.000000000000000000e+00 0.000000000000000000e+00 0.000000000000000000e+00 1.000000000000000000e+00
1.716365946015500784e+09 -3.938233137130736861e+00 -3.882750988006591797e+00 9.796241521835328259e-01 0.000000000000000000e+00 0.000000000000000000e+00 0.000000000000000000e+00 1.000000000000000000e+00
1.716365946115969896e+09 -3.800123929977416992e+00 -3.982493638992309570e+00 9.616887569427490234e-01 0.000000000000000000e+00 0.000000000000000000e+00 0.000000000000000000e+00 1.000000000000000000e+00
1.716365946216201544e+09 -3.656707048416137695e+00 -4.070817947387695312e+00 9.462010860443116345e-01 0.000000000000000000e+00 0.000000000000000000e+00 0.000000000000000000e+00 1.000000000000000000e+00
1.716365946266543627e+09 -3.589156866073608398e+00 -4.117531299591064453e+00 9.386939406394958496e-01 0.000000000000000000e+00 0.000000000000000000e+00 0.000000000000000000e+00 1.000000000000000000e+00
1.716365946316718817e+09 -3.521504402160644531e+00 -4.162812709808349609e+00 9.319137930870056152e-01 0.000000000000000000e+00 0.000000000000000000e+00 0.000000000000000000e+00 1.000000000000000000e+00
1.716365946417079926e+09 -3.454417943954468218e+00 -4.207399368286132812e+00 9.254069328308104359e-01 0.000000000000000000e+00 0.000000000000000000e+00 0.000000000000000000e+00 1.000000000000000000e+00
1.716365946467150927e+09 -3.387406587600708008e+00 -4.250537872314453125e+00 9.199078679084777832e-01 0.000000000000000000e+00 0.000000000000000000e+00 0.000000000000000000e+00 1.000000000000000000e+00
1.716365946517393827e+09 -3.251673936843872070e+00 -4.328856468200683594e+00 9.101240634918211780e-01 0.000000000000000000e+00 0.000000000000000000e+00 0.000000000000000000e+00 1.000000000000000000e+00
1.716365946567954540e+09 -3.185490608215332031e+00 -4.369683265686035156e+00 9.052267074584959827e-01 0.000000000000000000e+00 0.000000000000000000e+00 0.000000000000000000e+00 1.000000000000000000e+00
1.716365946667938709e+09 -3.118885278701782227e+00 -4.410704612731933594e+00 9.005748033523559570e-01 0.000000000000000000e+00 0.000000000000000000e+00 0.000000000000000000e+00 1.000000000000000000e+00
1.716365946718134880e+09 -2.987038135528564453e+00 -4.479771614074707031e+00 8.949300646781921387e-01 0.000000000000000000e+00 0.000000000000000000e+00 0.000000000000000000e+00 1.000000000000000000e+00
1.716365946768227816e+09 -2.925954818725585938e+00 -4.513631820678710938e+00 8.927673697471618652e-01 0.000000000000000000e+00 0.000000000000000000e+00 0.000000000000000000e+00 1.000000000000000000e+00
1.716365946818410158e+09 -2.863884210586547852e+00 -4.547136306762695312e+00 8.913092613220214844e-01 0.000000000000000000e+00 0.000000000000000000e+00 0.000000000000000000e+00 1.000000000000000000e+00
1.716365946918727636e+09 -2.800187826156616211e+00 -4.581811428070068359e+00 8.904601931571960449e-01 0.000000000000000000e+00 0.000000000000000000e+00 0.000000000000000000e+00 1.000000000000000000e+00
1.716365946968758821e+09 -2.675635814666748047e+00 -4.641926765441895419e+00 8.921311497688293457e-01 0.000000000000000000e+00 0.000000000000000000e+00 0.000000000000000000e+00 1.000000000000000000e+00
1.716365947018873930e+09 -2.613310098648071733e+00 -4.674048900604248047e+00 8.937827944755554199e-01 0.000000000000000000e+00 0.000000000000000000e+00 0.000000000000000000e+00 1.000000000000000000e+00
1.716365947069156647e+09 -2.553137302398681641e+00 -4.705154895782470703e+00 8.958473801612854004e-01 0.000000000000000000e+00 0.000000000000000000e+00 0.000000000000000000e+00 1.000000000000000000e+00
1.716365947169415474e+09 -2.433438777923583984e+00 -4.762054443359375000e+00 9.013326764106750488e-01 0.000000000000000000e+00 0.000000000000000000e+00 0.000000000000000000e+00 1.000000000000000000e+00
1.716365947220527887e+09 -2.375248670578002930e+00 -4.789479255676269531e+00 9.044880867004395641e-01 0.000000000000000000e+00 0.000000000000000000e+00 0.000000000000000000e+00 1.000000000000000000e+00
1.716365947269935846e+09 -2.317831754684447798e+00 -4.816766738891601562e+00 9.074698686599731445e-01 0.000000000000000000e+00 0.000000000000000000e+00 0.000000000000000000e+00 1.000000000000000000e+00
1.716365947320341110e+09 -2.260967254638671875e+00 -4.842960357666015625e+00 9.104499816894532360e-01 0.000000000000000000e+00 0.000000000000000000e+00 0.000000000000000000e+00 1.000000000000000000e+00
1.716365947420465231e+09 -2.204424142837524414e+00 -4.868154525756835938e+00 9.130223393440247692e-01 0.000000000000000000e+00 0.000000000000000000e+00 0.000000000000000000e+00 1.000000000000000000e+00
1.716365947470863342e+09 -2.149392604827880859e+00 -4.894099235534667969e+00 9.156137108802796520e-01 0.000000000000000000e+00 0.000000000000000000e+00 0.000000000000000000e+00 1.000000000000000000e+00
1.716365947520797729e+09 -2.041837453842163086e+00 -4.943641185760498047e+00 9.194678068161011852e-01 0.000000000000000000e+00 0.000000000000000000e+00 0.000000000000000000e+00 1.000000000000000000e+00
1.716365947570909977e+09 -1.989958286285400391e+00 -4.967111110687255859e+00 9.211848378181457520e-01 0.000000000000000000e+00 0.000000000000000000e+00 0.000000000000000000e+00 1.000000000000000000e+00
1.716365947671270847e+09 -1.940462470054626465e+00 -4.993195056915283203e+00 9.217818379402159534e-01 0.000000000000000000e+00 0.000000000000000000e+00 0.000000000000000000e+00 1.000000000000000000e+00
1.716365947721418858e+09 -1.890847325325011985e+00 -5.015487670898437500e+00 9.224141240119934082e-01 0.000000000000000000e+00 0.000000000000000000e+00 0.000000000000000000e+00 1.000000000000000000e+00
1.716365947771926641e+09 -1.840448141098022461e+00 -5.037418842315673828e+00 9.224816560745240368e-01 0.000000000000000000e+00 0.000000000000000000e+00 0.000000000000000000e+00 1.000000000000000000e+00
1.716365947822530985e+09 -1.795723199844360352e+00 -5.057645797729492188e+00 9.210577607154846191e-01 0.000000000000000000e+00 0.000000000000000000e+00 0.000000000000000000e+00 1.000000000000000000e+00
1.716365947922448158e+09 -1.705865979194641113e+00 -5.099813938140869141e+00 9.164659380912779651e-01 0.000000000000000000e+00 0.000000000000000000e+00 0.000000000000000000e+00 1.000000000000000000e+00
1.716365948476950169e+09 -1.289041876792907493e+00 -5.306701183319091797e+00 8.097009658813476562e-01 0.000000000000000000e+00 0.000000000000000000e+00 0.000000000000000000e+00 1.000000000000000000e+00
1.716365948525497913e+09 -1.262229323387145996e+00 -5.317357540130615234e+00 7.940328121185302734e-01 0.000000000000000000e+00 0.000000000000000000e+00 0.000000000000000000e+00 1.000000000000000000e+00
1.716365948625958443e+09 -1.214975833892822488e+00 -5.338468551635742188e+00 7.609218955039978027e-01 0.000000000000000000e+00 0.000000000000000000e+00 0.000000000000000000e+00 1.000000000000000000e+00
1.716365948726269722e+09 -1.173865199089050293e+00 -5.366221904754638672e+00 7.232113480567932129e-01 0.000000000000000000e+00 0.000000000000000000e+00 0.000000000000000000e+00 1.000000000000000000e+00
1.716365948776651382e+09 -1.154925465583801270e+00 -5.376138687133789062e+00 7.059889435768127441e-01 0.000000000000000000e+00 0.000000000000000000e+00 0.000000000000000000e+00 1.000000000000000000e+00
1.716365948826830387e+09 -1.136677622795104980e+00 -5.384871006011962891e+00 6.896014809608459473e-01 0.000000000000000000e+00 0.000000000000000000e+00 0.000000000000000000e+00 1.000000000000000000e+00
1.716365948877195835e+09 -1.119953155517577903e+00 -5.394176006317138672e+00 6.730316281318664551e-01 0.000000000000000000e+00 0.000000000000000000e+00 0.000000000000000000e+00 1.000000000000000000e+00
1.716365948927242756e+09 -1.104150414466857910e+00 -5.403318405151367188e+00 6.573311090469360352e-01 0.000000000000000000e+00 0.000000000000000000e+00 0.000000000000000000e+00 1.000000000000000000e+00
1.716365948977821589e+09 -1.090028762817382812e+00 -5.411209583282470703e+00 6.430159211158752441e-01 0.000000000000000000e+00 0.000000000000000000e+00 0.000000000000000000e+00 1.000000000000000000e+00
1.716365949077750444e+09 -1.064642906188964844e+00 -5.434505462646484375e+00 6.147154569625854492e-01 0.000000000000000000e+00 0.000000000000000000e+00 0.000000000000000000e+00 1.000000000000000000e+00
1.716365949178390503e+09 -1.051441311836242898e+00 -5.443316459655761719e+00 6.021912693977355957e-01 0.000000000000000000e+00 0.000000000000000000e+00 0.000000000000000000e+00 1.000000000000000000e+00
1.716365949228614092e+09 -1.029111027717590332e+00 -5.460492134094238281e+00 5.802206397056579590e-01 0.000000000000000000e+00 0.000000000000000000e+00 0.000000000000000000e+00 1.000000000000000000e+00
1.716365949328861952e+09 -1.020264148712158203e+00 -5.477743625640869141e+00 5.685696601867675781e-01 0.000000000000000000e+00 0.000000000000000000e+00 0.000000000000000000e+00 1.000000000000000000e+00
1.716365949378914118e+09 -1.000159978866577148e+00 -5.495682239532470703e+00 5.490174889564514160e-01 0.000000000000000000e+00 0.000000000000000000e+00 0.000000000000000000e+00 1.000000000000000000e+00
1.716365949429165840e+09 -9.903264045715332031e-01 -5.505221366882324219e+00 5.401161909103393555e-01 0.000000000000000000e+00 0.000000000000000000e+00 0.000000000000000000e+00 1.000000000000000000e+00
1.716365949479257584e+09 -9.805350899696350098e-01 -5.514859676361083984e+00 5.320333838462829590e-01 0.000000000000000000e+00 0.000000000000000000e+00 0.000000000000000000e+00 1.000000000000000000e+00
1.716365949529657125e+09 -9.722735285758972168e-01 -5.532343864440917969e+00 5.234098434448242188e-01 0.000000000000000000e+00 0.000000000000000000e+00 0.000000000000000000e+00 1.000000000000000000e+00
1.716365949579541683e+09 -9.633825421333311878e-01 -5.542098999023437500e+00 5.172510147094726562e-01 0.000000000000000000e+00 0.000000000000000000e+00 0.000000000000000000e+00 1.000000000000000000e+00
1.716365949629798889e+09 -9.541310667991638184e-01 -5.552013397216796875e+00 5.117847323417663574e-01 0.000000000000000000e+00 0.000000000000000000e+00 0.000000000000000000e+00 1.000000000000000000e+00
1.716365949680008888e+09 -9.445553421974182129e-01 -5.562003135681152344e+00 5.065689682960510254e-01 0.000000000000000000e+00 0.000000000000000000e+00 0.000000000000000000e+00 1.000000000000000000e+00
1.716365949730311155e+09 -9.345315694808959961e-01 -5.572127342224121094e+00 5.018338561058044434e-01 0.000000000000000000e+00 0.000000000000000000e+00 0.000000000000000000e+00 1.000000000000000000e+00
1.716365949780410290e+09 -9.248971939086914062e-01 -5.582174301147460938e+00 4.971722960472106934e-01 0.000000000000000000e+00 0.000000000000000000e+00 0.000000000000000000e+00 1.000000000000000000e+00
1.716365949931216240e+09 -9.070032835006713867e-01 -5.609097003936767578e+00 4.874238073825836182e-01 0.000000000000000000e+00 0.000000000000000000e+00 0.000000000000000000e+00 1.000000000000000000e+00
1.716365949981552124e+09 -8.890578150749206543e-01 -5.625036716461181641e+00 4.799673259258270264e-01 0.000000000000000000e+00 0.000000000000000000e+00 0.000000000000000000e+00 1.000000000000000000e+00
1.716365950031621695e+09 -8.801342248916625977e-01 -5.632953166961669922e+00 4.761436581611632746e-01 0.000000000000000000e+00 0.000000000000000000e+00 0.000000000000000000e+00 1.000000000000000000e+00
1.716365950182424068e+09 -8.571085333824157715e-01 -5.662667274475097656e+00 4.616399109363555908e-01 0.000000000000000000e+00 0.000000000000000000e+00 0.000000000000000000e+00 1.000000000000000000e+00
1.716365950232684612e+09 -8.494209647178649902e-01 -5.670201778411865234e+00 4.571218490600585938e-01 0.000000000000000000e+00 0.000000000000000000e+00 0.000000000000000000e+00 1.000000000000000000e+00
1.716365950282793522e+09 -8.428329229354858398e-01 -5.682410717010498047e+00 4.510469734668731134e-01 0.000000000000000000e+00 0.000000000000000000e+00 0.000000000000000000e+00 1.000000000000000000e+00
1.716365950332947254e+09 -8.357600569725036621e-01 -5.687680244445800781e+00 4.460339844226837158e-01 0.000000000000000000e+00 0.000000000000000000e+00 0.000000000000000000e+00 1.000000000000000000e+00
1.716365950383256435e+09 -8.297150731086730957e-01 -5.693734645843505859e+00 4.405891895294188898e-01 0.000000000000000000e+00 0.000000000000000000e+00 0.000000000000000000e+00 1.000000000000000000e+00
1.716365950433481455e+09 -8.240912556648254395e-01 -5.699568748474121094e+00 4.343413114547728937e-01 0.000000000000000000e+00 0.000000000000000000e+00 0.000000000000000000e+00 1.000000000000000000e+00
1.716365950483699083e+09 -8.193152546882629395e-01 -5.705230712890625000e+00 4.278827905654907227e-01 0.000000000000000000e+00 0.000000000000000000e+00 0.000000000000000000e+00 1.000000000000000000e+00
1.716365950533890963e+09 -8.149307370185852051e-01 -5.711699008941650391e+00 4.205937087535858154e-01 0.000000000000000000e+00 0.000000000000000000e+00 0.000000000000000000e+00 1.000000000000000000e+00
1.716365950584101677e+09 -8.114404678344726562e-01 -5.722842216491699219e+00 4.115767180919647217e-01 0.000000000000000000e+00 0.000000000000000000e+00 0.000000000000000000e+00 1.000000000000000000e+00
1.716365950634218216e+09 -8.075777292251586914e-01 -5.729028701782226562e+00 4.033011794090270996e-01 0.000000000000000000e+00 0.000000000000000000e+00 0.000000000000000000e+00 1.000000000000000000e+00
1.716365950684391737e+09 -8.037575483322143555e-01 -5.735011577606201172e+00 3.940495550632476807e-01 0.000000000000000000e+00 0.000000000000000000e+00 0.000000000000000000e+00 1.000000000000000000e+00
1.716365950734954834e+09 -8.001570701599121094e-01 -5.741890430450440341e+00 3.843501210212706964e-01 0.000000000000000000e+00 0.000000000000000000e+00 0.000000000000000000e+00 1.000000000000000000e+00
1.716365950784935236e+09 -7.964616417884826660e-01 -5.748631000518798828e+00 3.739440739154815119e-01 0.000000000000000000e+00 0.000000000000000000e+00 0.000000000000000000e+00 1.000000000000000000e+00
1.716365950834982157e+09 -7.925092577934265137e-01 -5.755335807800292969e+00 3.632626831531524103e-01 0.000000000000000000e+00 0.000000000000000000e+00 0.000000000000000000e+00 1.000000000000000000e+00
1.716365950885746956e+09 -7.892539501190185547e-01 -5.769861221313476562e+00 3.511029183864592951e-01 0.000000000000000000e+00 0.000000000000000000e+00 0.000000000000000000e+00 1.000000000000000000e+00
1.716365950935493231e+09 -7.851274609565734863e-01 -5.777485370635986328e+00 3.399460911750792902e-01 0.000000000000000000e+00 0.000000000000000000e+00 0.000000000000000000e+00 1.000000000000000000e+00
1.716365950985800266e+09 -7.814066410064697266e-01 -5.785028457641601562e+00 3.287581503391265869e-01 0.000000000000000000e+00 0.000000000000000000e+00 0.000000000000000000e+00 1.000000000000000000e+00
1.716365951035905361e+09 -7.785106897354125977e-01 -5.793348312377929688e+00 3.169682025909423828e-01 0.000000000000000000e+00 0.000000000000000000e+00 0.000000000000000000e+00 1.000000000000000000e+00
1.716365951086190224e+09 -7.757721543312072754e-01 -5.800560951232910156e+00 3.049954771995543878e-01 0.000000000000000000e+00 0.000000000000000000e+00 0.000000000000000000e+00 1.000000000000000000e+00
1.716365951186989307e+09 -7.740820050239562988e-01 -5.818365573883056641e+00 2.902336418628692072e-01 0.000000000000000000e+00 0.000000000000000000e+00 0.000000000000000000e+00 1.000000000000000000e+00
1.716365951237261057e+09 -7.673816680908203125e-01 -5.837396144866943359e+00 2.634132206439971924e-01 0.000000000000000000e+00 0.000000000000000000e+00 0.000000000000000000e+00 1.000000000000000000e+00
1.716365951287546873e+09 -7.635321021080017090e-01 -5.845059394836425781e+00 2.533195912837982178e-01 0.000000000000000000e+00 0.000000000000000000e+00 0.000000000000000000e+00 1.000000000000000000e+00
1.716365951438157082e+09 -7.573124170303344727e-01 -5.845964908599853516e+00 2.636373639106749933e-01 0.000000000000000000e+00 0.000000000000000000e+00 0.000000000000000000e+00 1.000000000000000000e+00
1.716365951488357782e+09 -7.506990432739257812e-01 -5.831803798675537109e+00 2.509464025497435968e-01 0.000000000000000000e+00 0.000000000000000000e+00 0.000000000000000000e+00 1.000000000000000000e+00
1.716365951538693905e+09 -7.537965774536132812e-01 -5.814260959625244141e+00 2.478278428316116055e-01 0.000000000000000000e+00 0.000000000000000000e+00 0.000000000000000000e+00 1.000000000000000000e+00
1.716365951589140892e+09 -7.543952465057373047e-01 -5.792867660522460938e+00 2.445153594017027976e-01 0.000000000000000000e+00 0.000000000000000000e+00 0.000000000000000000e+00 1.000000000000000000e+00
1.716365951639518738e+09 -7.507652640342712402e-01 -5.776332378387451172e+00 2.421114444732666016e-01 0.000000000000000000e+00 0.000000000000000000e+00 0.000000000000000000e+00 1.000000000000000000e+00
1.716365951689377308e+09 -7.489267587661743164e-01 -5.755203723907470703e+00 2.434307783842085959e-01 0.000000000000000000e+00 0.000000000000000000e+00 0.000000000000000000e+00 1.000000000000000000e+00
1.716365951739584208e+09 -7.508875727653503418e-01 -5.753611564636231357e+00 2.420118004083632868e-01 0.000000000000000000e+00 0.000000000000000000e+00 0.000000000000000000e+00 1.000000000000000000e+00
1.716365951789862871e+09 -7.527519464492797852e-01 -5.756504058837890625e+00 2.422090619802474976e-01 0.000000000000000000e+00 0.000000000000000000e+00 0.000000000000000000e+00 1.000000000000000000e+00
1.716365951840018034e+09 -7.548896670341491699e-01 -5.764525413513183594e+00 2.424499094486236017e-01 0.000000000000000000e+00 0.000000000000000000e+00 0.000000000000000000e+00 1.000000000000000000e+00
1.716365951940621376e+09 -7.556989192962646484e-01 -5.788647174835205078e+00 2.448566406965254905e-01 0.000000000000000000e+00 0.000000000000000000e+00 0.000000000000000000e+00 1.000000000000000000e+00
1.716365951990490675e+09 -7.575206756591796875e-01 -5.798647880554199219e+00 2.445326000452041071e-01 0.000000000000000000e+00 0.000000000000000000e+00 0.000000000000000000e+00 1.000000000000000000e+00
1.716365952040741205e+09 -7.581241130828857422e-01 -5.797557353973388672e+00 2.446222156286239069e-01 0.000000000000000000e+00 0.000000000000000000e+00 0.000000000000000000e+00 1.000000000000000000e+00
1.716365952091270208e+09 -7.575543522834777832e-01 -5.794404506683349609e+00 2.439897656440734863e-01 0.000000000000000000e+00 0.000000000000000000e+00 0.000000000000000000e+00 1.000000000000000000e+00
1.716365952141115189e+09 -7.560071945190429688e-01 -5.789371013641357422e+00 2.436082661151885986e-01 0.000000000000000000e+00 0.000000000000000000e+00 0.000000000000000000e+00 1.000000000000000000e+00
1.716365952191470623e+09 -7.554760575294494629e-01 -5.785266399383544922e+00 2.433701604604721069e-01 0.000000000000000000e+00 0.000000000000000000e+00 0.000000000000000000e+00 1.000000000000000000e+00
1.716365952291883707e+09 -7.555384635925292969e-01 -5.782227993011474609e+00 2.436639964580535889e-01 0.000000000000000000e+00 0.000000000000000000e+00 0.000000000000000000e+00 1.000000000000000000e+00
1.716365952342066526e+09 -7.560278773307800293e-01 -5.784251213073730469e+00 2.437822073698042991e-01 0.000000000000000000e+00 0.000000000000000000e+00 0.000000000000000000e+00 1.000000000000000000e+00
1.716365952392308712e+09 -7.563511133193969727e-01 -5.790524005889892578e+00 2.443901300430297019e-01 0.000000000000000000e+00 0.000000000000000000e+00 0.000000000000000000e+00 1.000000000000000000e+00
1.716365952442543268e+09 -7.567995786666870117e-01 -5.792520999908447266e+00 2.443606108427046897e-01 0.000000000000000000e+00 0.000000000000000000e+00 0.000000000000000000e+00 1.000000000000000000e+00
1.716365952543377399e+09 -7.568249702453613281e-01 -5.791480541229248047e+00 2.443325072526930930e-01 0.000000000000000000e+00 0.000000000000000000e+00 0.000000000000000000e+00 1.000000000000000000e+00
1.716365952593597174e+09 -7.559921741485595703e-01 -5.787343502044677734e+00 2.437578737735748013e-01 0.000000000000000000e+00 0.000000000000000000e+00 0.000000000000000000e+00 1.000000000000000000e+00
1.716365952643597603e+09 -7.557402253150939941e-01 -5.785356998443604404e+00 2.439564764499664029e-01 0.000000000000000000e+00 0.000000000000000000e+00 0.000000000000000000e+00 1.000000000000000000e+00
1.716365952743904591e+09 -7.561292052268981934e-01 -5.787307262420654297e+00 2.436730563640593927e-01 0.000000000000000000e+00 0.000000000000000000e+00 0.000000000000000000e+00 1.000000000000000000e+00
1.716365952794232607e+09 -7.564587593078613281e-01 -5.789369583129882812e+00 2.438775300979613980e-01 0.000000000000000000e+00 0.000000000000000000e+00 0.000000000000000000e+00 1.000000000000000000e+00
1.716365952844573736e+09 -7.565886378288269043e-01 -5.791465759277343750e+00 2.441184967756271085e-01 0.000000000000000000e+00 0.000000000000000000e+00 0.000000000000000000e+00 1.000000000000000000e+00
1.716365952894679546e+09 -7.565044760704040527e-01 -5.790425777435302734e+00 2.440238744020462036e-01 0.000000000000000000e+00 0.000000000000000000e+00 0.000000000000000000e+00 1.000000000000000000e+00
